context,outcome,z_isolation,prediction,ci_low,ci_high
northern_midlatitude,self_compatibility,-1.3183900780994575,0.7857991654449058,0.7730135535945303,0.7980527394522324
northern_midlatitude,self_compatibility,-1.2731244773734018,0.786225966588979,0.7737080375169004,0.7982320143824234
northern_midlatitude,self_compatibility,-1.2278588766473462,0.786652148210694,0.7743982551590644,0.7984137145094926
northern_midlatitude,self_compatibility,-1.1825932759212905,0.7870777102888761,0.7750840579008463,0.7985979878824784
northern_midlatitude,self_compatibility,-1.1373276751952348,0.7875026528063956,0.7757652871570488,0.7987849925513711
northern_midlatitude,self_compatibility,-1.0920620744691791,0.7879269757501564,0.7764417737664623,0.7989748971779488
northern_midlatitude,self_compatibility,-1.0467964737431235,0.7883506791110834,0.7771133373752186,0.7991678816522682
northern_midlatitude,self_compatibility,-1.0015308730170678,0.7887737628841122,0.7777797858240548,0.7993641377052453
northern_midlatitude,self_compatibility,-0.956265272291012,0.7891962270681768,0.7784409145517744,0.7995638695050358
northern_midlatitude,self_compatibility,-0.9109996715649563,0.7896180716661978,0.7790965060303958,0.7997672942217299
northern_midlatitude,self_compatibility,-0.8657340708389006,0.7900392966850709,0.7797463292511676,0.7999746425411779
northern_midlatitude,self_compatibility,-0.8204684701128448,0.7904599021356554,0.7803901392848498,0.8001861591045496
northern_midlatitude,self_compatibility,-0.7752028693867892,0.7908798880327619,0.7810276769443325,0.8004021028455548
northern_midlatitude,self_compatibility,-0.7299372686607335,0.7912992543951407,0.7816586685827436,0.8006227471921761
northern_midlatitude,self_compatibility,-0.6846716679346778,0.7917180012454705,0.7822828260655065,0.800848380094447
northern_midlatitude,self_compatibility,-0.6394060672086221,0.7921361286103461,0.782899846960136,0.8010793038344968
northern_midlatitude,self_compatibility,-0.5941404664825665,0.7925536365202661,0.7835094149925174,0.8013158345701054
northern_midlatitude,self_compatibility,-0.5488748657565108,0.7929705250096222,0.784111200822558,0.8015583015588897
northern_midlatitude,self_compatibility,-0.5036092650304551,0.7933867941166859,0.7847048631947828,0.8018070460075432
northern_midlatitude,self_compatibility,-0.45834366430439943,0.7938024438835981,0.7852900505198871,0.8020624194901176
northern_midlatitude,self_compatibility,-0.41307806357834376,0.7942174743563558,0.7858664029406006,0.8023247818819941
northern_midlatitude,self_compatibility,-0.36781246285228797,0.794631885584801,0.7864335549284373,0.8025944987629656
northern_midlatitude,self_compatibility,-0.3225468621262323,0.7950456776226081,0.7869911384460928,0.802871938254674
northern_midlatitude,self_compatibility,-0.2772812614001767,0.7954588505272725,0.7875387866925629,0.8031574672753227
northern_midlatitude,self_compatibility,-0.23201566067412083,0.7958714043600984,0.7880761384240207,0.8034514472186326
northern_midlatitude,self_compatibility,-0.18675005994806515,0.796283339186186,0.7886028428131574,0.803754229094331
northern_midlatitude,self_compatibility,-0.14148445922200947,0.7966946550744208,0.7891185647738592,0.8040661482033075
northern_midlatitude,self_compatibility,-0.0962188584959538,0.7971053520974604,0.7896229906384888,0.8043875184601605
northern_midlatitude,self_compatibility,-0.05095325776989812,0.7975154303317227,0.7901158340344475,0.8047186265164669
northern_midlatitude,self_compatibility,-0.005687657043842442,0.797924889857374,0.7905968417687801,0.8050597258760045
northern_midlatitude,self_compatibility,0.039577943682213235,0.7983337307583168,0.7910657994987852,0.8054110312239718
northern_midlatitude,self_compatibility,0.08484354440826891,0.7987419531221773,0.7915225369474492,0.8057727132113819
northern_midlatitude,self_compatibility,0.1301091451343246,0.7991495570402938,0.791966932419144,0.8061448939391921
northern_midlatitude,self_compatibility,0.17537474586038027,0.7995565426077035,0.7923989163862247,0.8065276433715339
northern_midlatitude,self_compatibility,0.22064034658643594,0.7999629099231319,0.7928184739518245,0.8069209768727461
northern_midlatitude,self_compatibility,0.2659059473124916,0.8003686590889788,0.7932256460466928,0.8073248540103606
northern_midlatitude,self_compatibility,0.3111715480385473,0.8007737902113076,0.7936205292844025,0.8077391786997241
northern_midlatitude,self_compatibility,0.356437148764603,0.8011783033998314,0.7940032744735219,0.8081638006916497
northern_midlatitude,self_compatibility,0.40170274949065865,0.8015821987679027,0.7943740838602009,0.8085985183296579
northern_midlatitude,self_compatibility,0.4469683502167143,0.8019854764324994,0.7947332072425689,0.8090430824354022
northern_midlatitude,self_compatibility,0.49223395094277,0.8023881365142133,0.7950809371530648,0.8094972011261647
northern_midlatitude,self_compatibility,0.5374995516688259,0.8027901791372374,0.7954176033418098,0.8099605453313075
northern_midlatitude,self_compatibility,0.5827651523948816,0.8031916044293544,0.7957435668114127,0.8104327547572906
northern_midlatitude,self_compatibility,0.6280307531209373,0.8035924125219231,0.7960592136516522,0.810913444052815
northern_midlatitude,self_compatibility,0.6732963538469929,0.8039926035498672,0.7963649489039099,0.8114022089442119
northern_midlatitude,self_compatibility,0.7185619545730484,0.804392177651662,0.7966611906540716,0.8118986321423645
northern_midlatitude,self_compatibility,0.7638275552991041,0.8047911349693228,0.7969483645135702,0.812402288861489
northern_midlatitude,self_compatibility,0.8090931560251597,0.8051894756483915,0.7972268986059069,0.8129127518324352
northern_midlatitude,self_compatibility,0.8543587567512159,0.8055871998379256,0.7974972191343599,0.8134295957348004
northern_midlatitude,self_compatibility,0.8996243574772715,0.8059843076904843,0.7977597465686787,0.8139524010100582
northern_midlatitude,self_compatibility,0.9448899582033272,0.8063807993621175,0.7980148924563205,0.8144807570501426
northern_midlatitude,self_compatibility,0.9901555589293829,0.8067766750123517,0.7982630568381849,0.8150142647815365
northern_midlatitude,self_compatibility,1.0354211596554386,0.8071719348041793,0.7985046262299416,0.815552538683765
northern_midlatitude,self_compatibility,1.0806867603814942,0.8075665789040446,0.7987399721174939,0.8160952082937536
northern_midlatitude,self_compatibility,1.12595236110755,0.8079606074818324,0.7989694499079965,0.8166419192546318
northern_midlatitude,self_compatibility,1.1712179618336056,0.8083540207108552,0.7991933982751623,0.8171923339702468
northern_midlatitude,self_compatibility,1.2164835625596613,0.8087468187678398,0.7994121388382898,0.8177461319259588
northern_midlatitude,self_compatibility,1.261749163285717,0.8091390018329171,0.7996259761175404,0.8183030097331823
northern_midlatitude,self_compatibility,1.3070147640117726,0.8095305700896067,0.7998351977126772,0.818862680950471
northern_midlatitude,self_compatibility,1.3522803647378283,0.8099215237248064,0.800040074658021,0.8194248757283801
northern_midlatitude,self_compatibility,1.397545965463884,0.8103118629287791,0.8002408619123053,0.819989340319433
northern_midlatitude,self_compatibility,1.4428115661899397,0.8107015878951399,0.8004377989479833,0.8205558364886355
northern_midlatitude,self_compatibility,1.4880771669159953,0.8110906988208442,0.8006311104101436,0.8211241408543796
northern_midlatitude,self_compatibility,1.533342767642051,0.8114791959061743,0.8008210068203289,0.8216940441844455
northern_midlatitude,self_compatibility,1.5786083683681067,0.8118670793547279,0.8010076853051594,0.8222653506671997
northern_midlatitude,self_compatibility,1.6238739690941624,0.8122543493734048,0.8011913303336934,0.8228378771740542
northern_midlatitude,self_compatibility,1.669139569820218,0.8126410061723942,0.8013721144509235,0.8234114525257902
northern_midlatitude,self_compatibility,1.7144051705462737,0.813027049965163,0.8015501989977512,0.8239859167724047
northern_midlatitude,self_compatibility,1.7596707712723294,0.8134124809684419,0.8017257348102224,0.824561120493696
northern_midlatitude,self_compatibility,1.804936371998385,0.8137972994022141,0.8018988628928289,0.8251369241257813
northern_midlatitude,self_compatibility,1.8502019727244408,0.8141815054897024,0.8020697150623167,0.8257131973171105
northern_midlatitude,self_compatibility,1.8954675734504964,0.8145650994573554,0.8022384145597552,0.8262898183162162
northern_midlatitude,self_compatibility,1.9407331741765521,0.8149480815348367,0.8024050766296579,0.8268666733924148
northern_midlatitude,self_compatibility,1.9859987749026078,0.815330451955011,0.8025698090657577,0.8274436562898516
northern_midlatitude,self_compatibility,2.0312643756286635,0.815712210953932,0.8027327127236519,0.8280206677146768
northern_midlatitude,self_compatibility,2.076529976354719,0.8160933587708299,0.802893882001001,0.8285976148546664
northern_midlatitude,self_compatibility,2.121795577080775,0.8164738956480985,0.8030534052862995,0.8291744109302744
northern_midlatitude,self_compatibility,2.1670611778068305,0.8168538218312825,0.803211365377473,0.8297509747758556
northern_midlatitude,self_compatibility,2.212326778532886,0.8172331375690653,0.8033678398717152,0.8303272304496505
northern_midlatitude,self_compatibility,2.257592379258942,0.8176118431132557,0.8035229015280669,0.8309031068710266
northern_midlatitude,self_compatibility,2.302857979984998,0.8179899387187763,0.8036766186042927,0.8314785374834252
northern_midlatitude,selfing_mating_system,-1.3286940881663958,0.27987014064352045,0.26692020818944545,0.2931970712362633
northern_midlatitude,selfing_mating_system,-1.283201103617418,0.28029518408977605,0.2675007027186788,0.29345645769458
northern_midlatitude,selfing_mating_system,-1.2377081190684402,0.2807206214201286,0.2680791572038208,0.293718981745188
northern_midlatitude,selfing_mating_system,-1.1922151345194625,0.2811464522358085,0.26865544441409767,0.29398476913193883
northern_midlatitude,selfing_mating_system,-1.1467221499704847,0.28157267613555803,0.2692294325421528,0.2942539501587357
northern_midlatitude,selfing_mating_system,-1.101229165421507,0.28199929271562985,0.2698009852133455,0.294526659680215
northern_midlatitude,selfing_mating_system,-1.055736180872529,0.28242630156978615,0.2703699615262564,0.2948030370612211
northern_midlatitude,selfing_mating_system,-1.0102431963235512,0.2828537022892968,0.2709362161287315,0.295083226100742
northern_midlatitude,selfing_mating_system,-0.9647502117745735,0.2832814944629384,0.2714995993340056,0.29536737491576814
northern_midlatitude,selfing_mating_system,-0.9192572272255958,0.2837096776769928,0.2720599572815956,0.2956556357803799
northern_midlatitude,selfing_mating_system,-0.873764242676618,0.284138251515246,0.2726171321477262,0.2959481649153039
northern_midlatitude,selfing_mating_system,-0.8282712581276402,0.284567215558987,0.27317096241002026,0.2962451222232053
northern_midlatitude,selfing_mating_system,-0.7827782735786624,0.2849965693870064,0.27372128317103306,0.2965466709651362
northern_midlatitude,selfing_mating_system,-0.7372852890296846,0.2854263125755955,0.2742679265449107,0.29685297737386085
northern_midlatitude,selfing_mating_system,-0.6917923044807068,0.2858564446985449,0.27481072211098073,0.29716421020024875
northern_midlatitude,selfing_mating_system,-0.6462993199317291,0.2862869653271437,0.2753494974374213,0.2974805401895898
northern_midlatitude,selfing_mating_system,-0.6008063353827513,0.28671787403017834,0.2758840786772786,0.29780213948556167
northern_midlatitude,selfing_mating_system,-0.5553133508337735,0.2871491703739314,0.27641429123800054,0.2981291809606814
northern_midlatitude,selfing_mating_system,-0.5098203662847958,0.2875808539221809,0.2769399605243215,0.2984618374734064
northern_midlatitude,selfing_mating_system,-0.464327381735818,0.28801292423619906,0.27746091275276813,0.298800281053615
northern_midlatitude,selfing_mating_system,-0.41883439718684023,0.28844538087475136,0.2779769758342767,0.2991446820199756
northern_midlatitude,selfing_mating_system,-0.37334141263786236,0.28887822339409597,0.27848798031944866,0.29949520803467883
northern_midlatitude,selfing_mating_system,-0.3278484280888847,0.28931145134798225,0.2789937603988613,0.29985202310311365
northern_midlatitude,selfing_mating_system,-0.28235544353990694,0.28974506428765057,0.2794941549486642,0.3002152865282604
northern_midlatitude,selfing_mating_system,-0.23686245899092895,0.2901790617618309,0.2799890086094948,0.30058515183176304
northern_midlatitude,selfing_mating_system,-0.19136947444195118,0.29061344331674244,0.28047817288464044,0.3009617656557564
northern_midlatitude,selfing_mating_system,-0.14587648989297342,0.29104820849609264,0.28096150724145275,0.30134526666144207
northern_midlatitude,selfing_mating_system,-0.10038350534399565,0.2914833568410764,0.28143888019839114,0.30173578444203436
northern_midlatitude,selfing_mating_system,-0.05489052079501788,0.29191888789037557,0.28191017037885424,0.3021334384689203
northern_midlatitude,selfing_mating_system,-0.009397536246040117,0.29235480118015805,0.2823752675122343,0.30253833709059613
northern_midlatitude,selfing_mating_system,0.03609544830293765,0.2927910962440773,0.28283407336250277,0.3029505766040737
northern_midlatitude,selfing_mating_system,0.08158843285191542,0.29322777261327154,0.28328650256515486,0.3033702404179276
northern_midlatitude,selfing_mating_system,0.12708141740089318,0.2936648298163635,0.2837324833545466,0.30379739832495195
northern_midlatitude,selfing_mating_system,0.17257440194987095,0.2941022673794594,0.2841719581655374,0.30423210590051003
northern_midlatitude,selfing_mating_system,0.21806738649884871,0.29454008482614874,0.2846048840958726,0.3046744040401468
northern_midlatitude,selfing_mating_system,0.2635603710478265,0.29497828167750384,0.28503123321880974,0.30512431864695544
northern_midlatitude,selfing_mating_system,0.30905335559680425,0.2954168574520791,0.28545099273900626,0.3055818604756863
northern_midlatitude,selfing_mating_system,0.354546340145782,0.2958558116659105,0.2858641649884832,0.3060470251367771
northern_midlatitude,selfing_mating_system,0.4000393246947598,0.296295143832516,0.2862707672634173,0.306519793259558
northern_midlatitude,selfing_mating_system,0.44553230924373755,0.29673485346289386,0.28667083150639133,0.30700013080999694
northern_midlatitude,selfing_mating_system,0.4910252937927153,0.29717494006552353,0.2870644038424103,0.3074879895546808
northern_midlatitude,selfing_mating_system,0.5365182783416933,0.29761540314636453,0.2874515439802879,0.30798330765942655
northern_midlatitude,selfing_mating_system,0.5820112628906711,0.29805624220885635,0.287832324493816,0.30848601040810986
northern_midlatitude,selfing_mating_system,0.6275042474396488,0.29849745675391853,0.28820682999933467,0.3089960110250937
northern_midlatitude,selfing_mating_system,0.6729972319886264,0.29893904627994994,0.28857515624788055,0.3095132115830793
northern_midlatitude,selfing_mating_system,0.7184902165376041,0.299381010282829,0.28893740915096744,0.31003750397732516
northern_midlatitude,selfing_mating_system,0.7639832010865819,0.2998233482559132,0.28929370375927677,0.3105687709469568
northern_midlatitude,selfing_mating_system,0.8094761856355597,0.3002660596900394,0.2896441632131464,0.3111068871244792
northern_midlatitude,selfing_mating_system,0.8549691701845379,0.30070914407352295,0.2899889176828177,0.31165172009553094
northern_midlatitude,selfing_mating_system,0.9004621547335157,0.3011526008921586,0.2903281033150338,0.3122031314522878
northern_midlatitude,selfing_mating_system,0.9459551392824934,0.30159642962921973,0.2906618612008681,0.3127609778256368
northern_midlatitude,selfing_mating_system,0.9914481238314712,0.30204062976545876,0.290990336377717,0.3133251118831869
northern_midlatitude,selfing_mating_system,1.036941108380449,0.30248520077910684,0.291313676876308,0.3138953832822642
northern_midlatitude,selfing_mating_system,1.0824340929294267,0.30293014214587416,0.2916320328214586,0.31447163956915736
northern_midlatitude,selfing_mating_system,1.1279270774784045,0.3033754533389501,0.2919455555932379,0.31505372701796075
northern_midlatitude,selfing_mating_system,1.1734200620273822,0.30382113382900305,0.2922543970532135,0.31564149140433323
northern_midlatitude,selfing_mating_system,1.21891304657636,0.3042671830841809,0.29255870883865,0.31623477871130506
northern_midlatitude,selfing_mating_system,1.2644060311253378,0.3047136005701108,0.292858641725902,0.3168334357658917
northern_midlatitude,selfing_mating_system,1.3098990156743155,0.3051603857499001,0.2931543450628348,0.31743731080668025
northern_midlatitude,selfing_mating_system,1.3553920002232933,0.3056075380841357,0.2934459662689145,0.3180462539837466
northern_midlatitude,selfing_mating_system,1.400884984772271,0.30605505703088504,0.2937336504006421,0.31866011779323034
northern_midlatitude,selfing_mating_system,1.4463779693212488,0.3065029420456961,0.2940175397792414,0.31927875744965456
northern_midlatitude,selfing_mating_system,1.4918709538702266,0.3069511925815978,0.29429777367694726,0.3199020311996483
northern_midlatitude,selfing_mating_system,1.5373639384192044,0.3073998080891004,0.29457448805784386,0.32052980058111674
northern_midlatitude,selfing_mating_system,1.5828569229681821,0.307848788016196,0.2948478153689655,0.3211619306321525
northern_midlatitude,selfing_mating_system,1.62834990751716,0.30829813180835863,0.2951178843772581,0.3217982900540839
northern_midlatitude,selfing_mating_system,1.6738428920661377,0.3087478389085454,0.2953848200480009,0.3224387513330662
northern_midlatitude,selfing_mating_system,1.7193358766151154,0.3091979087571962,0.2956487434603666,0.32308319082453263
northern_midlatitude,selfing_mating_system,1.7648288611640932,0.30964834079223497,0.29590977175595734,0.32373148880467223
northern_midlatitude,selfing_mating_system,1.810321845713071,0.31009913444906967,0.29616801811634924,0.32438352949289845
northern_midlatitude,selfing_mating_system,1.8558148302620487,0.3105502891605935,0.29642359176592276,0.3250392010490327
northern_midlatitude,selfing_mating_system,1.9013078148110265,0.31100180435718505,0.29667659799651386,0.32569839554866814
northern_midlatitude,selfing_mating_system,1.9468007993600043,0.31145367946670915,0.296927138210698,0.32636100893990067
northern_midlatitude,selfing_mating_system,1.992293783908982,0.31190591391451755,0.29717530998079594,0.32702694098433965
northern_midlatitude,selfing_mating_system,2.03778676845796,0.31235850712344987,0.2974212071209649,0.3276960951850323
northern_midlatitude,selfing_mating_system,2.083279753006938,0.3128114585138339,0.29766491977000903,0.328368378703671
northern_midlatitude,selfing_mating_system,2.1287727375559156,0.31326476750348714,0.2979065344827962,0.32904370226919394
northern_midlatitude,selfing_mating_system,2.1742657221048933,0.3137184335077168,0.2981461343284108,0.32972198007965037
northern_midlatitude,selfing_mating_system,2.219758706653871,0.31417245593932136,0.2983837989933973,0.33040312969897645
northern_midlatitude,selfing_mating_system,2.265251691202849,0.3146268342085911,0.2986196048886571,0.3310870719501174
northern_midlatitude,selfing_mating_system,2.3107446757518266,0.3150815677233092,0.2988536252587514,0.3317737308057447
northern_midlatitude,autonomous_selfing,-1.322314137349814,0.5421979147119311,0.5118750952703784,0.572211298806288
northern_midlatitude,autonomous_selfing,-1.2769030929157221,0.5418965562047398,0.512179244658411,0.5713187381514736
northern_midlatitude,autonomous_selfing,-1.2314920484816303,0.5415951670398559,0.512471607050347,0.5704372647469718
northern_midlatitude,autonomous_selfing,-1.1860810040475385,0.5412937474347347,0.5127514477602646,0.5695676233638398
northern_midlatitude,autonomous_selfing,-1.1406699596134464,0.5409922976069206,0.513017987128561,0.5687106037736425
northern_midlatitude,autonomous_selfing,-1.0952589151793546,0.5406908177740458,0.5132703994083301,0.56786704186164
northern_midlatitude,autonomous_selfing,-1.0498478707452628,0.5403893081538306,0.5135078120893742,0.56703782030234
northern_midlatitude,autonomous_selfing,-1.004436826311171,0.5400877689640816,0.5137293057839375,0.5662238686733235
northern_midlatitude,autonomous_selfing,-0.959025781877079,0.5397862004226922,0.513933914814787,0.5654261628667246
northern_midlatitude,autonomous_selfing,-0.913614737442987,0.539484602747641,0.5141206286613214,0.5646457236426764
northern_midlatitude,autonomous_selfing,-0.8682036930088952,0.5391829761569922,0.514288394431318,0.5638836141571187
northern_midlatitude,autonomous_selfing,-0.8227926485748034,0.5388813208688941,0.5144361205326227,0.563140936289662
northern_midlatitude,autonomous_selfing,-0.7773816041407116,0.5385796371015789,0.5145626817180065,0.5624188255982785
northern_midlatitude,autonomous_selfing,-0.7319705597066196,0.5382779250733618,0.5146669256646869,0.5617184447393316
northern_midlatitude,autonomous_selfing,-0.6865595152725278,0.537976185002641,0.5147476812245795,0.5610409752168691
northern_midlatitude,autonomous_selfing,-0.6411484708384358,0.5376744171078962,0.5148037684393996,0.5603876073670664
northern_midlatitude,autonomous_selfing,-0.595737426404344,0.5373726216076887,0.5148340103540426,0.5597595285443886
northern_midlatitude,autonomous_selfing,-0.5503263819702522,0.5370707987206603,0.5148372465813079,0.5591579095564071
northern_midlatitude,autonomous_selfing,-0.5049153375361602,0.5367689486655329,0.5148123484719561,0.558583889493282
northern_midlatitude,autonomous_selfing,-0.4595042931020684,0.536467071661108,0.5147582356298136,0.5580385592121933
northern_midlatitude,autonomous_selfing,-0.4140932486679765,0.5361651679262653,0.5146738933887117,0.557522943859938
northern_midlatitude,autonomous_selfing,-0.36868220423388465,0.5358632376799636,0.5145583907460728,0.5570379849388777
northern_midlatitude,autonomous_selfing,-0.3232711597997928,0.5355612811412382,0.5144108981392194,0.5565845225301611
northern_midlatitude,autonomous_selfing,-0.277860115365701,0.5352592985292023,0.5142307043687467,0.5561632783698821
northern_midlatitude,autonomous_selfing,-0.23244907093160916,0.5349572900630447,0.514017231932088,0.5557748405150433
northern_midlatitude,autonomous_selfing,-0.1870380264975171,0.53465525596203,0.5137700500407454,0.5554196503258527
northern_midlatitude,autonomous_selfing,-0.14162698206342528,0.5343531964454978,0.5134888846628137,0.5550979924227252
northern_midlatitude,autonomous_selfing,-0.09621593762933345,0.5340511117328623,0.5131736250580248,0.5548099881507631
northern_midlatitude,autonomous_selfing,-0.05080489319524162,0.5337490020436113,0.5128243264477249,0.5545555929093019
northern_midlatitude,autonomous_selfing,-0.005393848761149789,0.5334468675973055,0.5124412086720738,0.5543345974942321
northern_midlatitude,autonomous_selfing,0.04001719567294226,0.5331447086135783,0.5120246509112365,0.5541466333763287
northern_midlatitude,autonomous_selfing,0.08542824010703409,0.5328425253121349,0.5115751827641075,0.5539911816220457
northern_midlatitude,autonomous_selfing,0.13083928454112592,0.5325403179127518,0.5110934721660385,0.5538675849753063
northern_midlatitude,autonomous_selfing,0.17625032897521775,0.5322380866352759,0.5105803107693709,0.5537750624764862
northern_midlatitude,autonomous_selfing,0.22166137340930958,0.5319358316996242,0.5100365974971531,0.553712725908214
northern_midlatitude,autonomous_selfing,0.26707241784340163,0.5316335533257829,0.5094633210085782,0.5536795973294449
northern_midlatitude,autonomous_selfing,0.31248346227749346,0.5313312517338068,0.5088615417887884,0.5536746269851727
northern_midlatitude,autonomous_selfing,0.3578945067115853,0.531028927143819,0.5082323745054903,0.5536967109493249
northern_midlatitude,autonomous_selfing,0.4033055511456771,0.5307265797760096,0.5075769711733208,0.5537447079599087
northern_midlatitude,autonomous_selfing,0.44871659557976895,0.5304242098506358,0.5068965055479587,0.5538174550244103
northern_midlatitude,autonomous_selfing,0.494127640013861,0.5301218175880208,0.5061921590484645,0.553913781496964
northern_midlatitude,autonomous_selfing,0.5395386844479528,0.5298194032085531,0.5054651083887668,0.5540325214463753
northern_midlatitude,autonomous_selfing,0.5849497288820447,0.5295169669326864,0.5047165149950771,0.5541725242382136
northern_midlatitude,autonomous_selfing,0.6303607733161365,0.5292145089809381,0.5039475161997324,0.5543326633404766
northern_midlatitude,autonomous_selfing,0.6757718177502283,0.5289120295738898,0.5031592181352371,0.5545118434290561
northern_midlatitude,autonomous_selfing,0.7211828621843204,0.5286095289321856,0.5023526902046728,0.5547090059168326
northern_midlatitude,autonomous_selfing,0.766593906618412,0.5283070072765318,0.5015289609743188,0.5549231330605604
northern_midlatitude,autonomous_selfing,0.812004951052504,0.5280044648276965,0.5006890153185678,0.5551532508154579
northern_midlatitude,autonomous_selfing,0.8574159954865956,0.5277019018065089,0.49983379264304273,0.5553984306115932
northern_midlatitude,autonomous_selfing,0.9028270399206877,0.5273993184338585,0.49896418601627107,0.5556577902217146
northern_midlatitude,autonomous_selfing,0.9482380843547797,0.5270967149306942,0.4980810420506987,0.5559304938797394
northern_midlatitude,autonomous_selfing,0.9936491287888713,0.5267940915180246,0.49718516138798785,0.5562157517949592
northern_midlatitude,autonomous_selfing,1.0390601732229634,0.5264914484169161,0.4962772996596616,0.556512819190898
northern_midlatitude,autonomous_selfing,1.084471217657055,0.526188785848493,0.4953581688108888,0.556820994981029
northern_midlatitude,autonomous_selfing,1.129882262091147,0.5258861040339373,0.4944284386915819,0.5571396201771793
northern_midlatitude,autonomous_selfing,1.1752933065252391,0.5255834031944867,0.49348873883437583,0.5574680761110525
northern_midlatitude,autonomous_selfing,1.2207043509593307,0.5252806835514354,0.49253966035309105,0.5578057825352675
northern_midlatitude,autonomous_selfing,1.2661153953934228,0.5249779453261325,0.49158175790776515,0.5581521956578284
northern_midlatitude,autonomous_selfing,1.3115264398275144,0.5246751887399816,0.49061555169321397,0.5585068061530645
northern_midlatitude,autonomous_selfing,1.3569374842616064,0.5243724140144403,0.4896415294174122,0.5588691371827516
northern_midlatitude,autonomous_selfing,1.4023485286956985,0.5240696213710198,0.4886601482438425,0.5592387424532633
northern_midlatitude,autonomous_selfing,1.44775957312979,0.5237668110312832,0.48767183667852243,0.5596152043280476
northern_midlatitude,autonomous_selfing,1.4931706175638821,0.5234639832168464,0.48667699638779016,0.5599981320093408
northern_midlatitude,autonomous_selfing,1.5385816619979737,0.523161138149376,0.4856760039373084,0.5603871597986662
northern_midlatitude,autonomous_selfing,1.5839927064320658,0.5228582760505898,0.48466921244623756,0.5607819454421628
northern_midlatitude,autonomous_selfing,1.6294037508661579,0.5225553971422549,0.48365695315330254,0.561182168564021
northern_midlatitude,autonomous_selfing,1.6748147953002495,0.5222525016461887,0.4826395368936273,0.5615875291891499
northern_midlatitude,autonomous_selfing,1.7202258397343415,0.5219495897842569,0.48161725548686724,0.561997746354549
northern_midlatitude,autonomous_selfing,1.7656368841684331,0.5216466617783733,0.480590383038401,0.5624125568076183
northern_midlatitude,autonomous_selfing,1.8110479286025252,0.5213437178504988,0.47955917715625274,0.5628317137887402
northern_midlatitude,autonomous_selfing,1.8564589730366172,0.521040758222642,0.4785238800870462,0.5632549858948298
northern_midlatitude,autonomous_selfing,1.9018700174707088,0.5207377831168567,0.4774847197747196,0.563682156020125
northern_midlatitude,autonomous_selfing,1.9472810619048009,0.5204347927552428,0.47644191084598264,0.5641130203702337
northern_midlatitude,autonomous_selfing,1.9926921063388925,0.520131787359945,0.47539565552662605,0.5645473875453307
northern_midlatitude,autonomous_selfing,2.0381031507729848,0.519828767153152,0.47434614449282386,0.5649850776883628
northern_midlatitude,autonomous_selfing,2.0835141952070764,0.5195257323570959,0.4732935576615156,0.5654259216941717
northern_midlatitude,autonomous_selfing,2.128925239641168,0.5192226831940522,0.47223806492386444,0.5658697604755459
northern_midlatitude,autonomous_selfing,2.1743362840752605,0.5189196198863383,0.4711798268256375,0.5663164442823482
northern_midlatitude,autonomous_selfing,2.219747328509352,0.5186165426563133,0.47011899519819567,0.5667658320700347
northern_midlatitude,autonomous_selfing,2.2651583729434437,0.5183134517263773,0.46905571374359367,0.5672177909140671
northern_midlatitude,autonomous_selfing,2.3105694173775357,0.5180103473189706,0.4679901185770975,0.567672195466905
northern_midlatitude,plain_colour,-1.3219912026252407,0.5567751323834836,0.5300704744635983,0.5831556341476919
northern_midlatitude,plain_colour,-1.2766085952881883,0.5567963156553847,0.5304453877570194,0.5828314479021046
northern_midlatitude,plain_colour,-1.2312259879511356,0.5568174987207324,0.5308174474865649,0.5825099429274045
northern_midlatitude,plain_colour,-1.1858433806140831,0.5568386815794517,0.531186538895348,0.5821912337339761
northern_midlatitude,plain_colour,-1.1404607732770304,0.5568598642314676,0.5315525419721834,0.581875440087556
northern_midlatitude,plain_colour,-1.095078165939978,0.556881046676705,0.5319153312298239,0.581562687230998
northern_midlatitude,plain_colour,-1.0496955586029255,0.5569022289150891,0.5322747754808217,0.5812531061084152
northern_midlatitude,plain_colour,-1.0043129512658728,0.5569234109465447,0.5326307376123924,0.5809468335903173
northern_midlatitude,plain_colour,-0.9589303439288204,0.5569445927709968,0.5329830743619379,0.5806440126980915
northern_midlatitude,plain_colour,-0.9135477365917678,0.5569657743883705,0.5333316360951931,0.5803447928258582
northern_midlatitude,plain_colour,-0.8681651292547152,0.5569869557985906,0.5336762665893097,0.5800493299573891
northern_midlatitude,plain_colour,-0.8227825219176628,0.5570081370015824,0.5340168028235778,0.5797577868753888
northern_midlatitude,plain_colour,-0.7773999145806102,0.5570293179972706,0.5343530747809057,0.5794703333600173
northern_midlatitude,plain_colour,-0.7320173072435576,0.5570504987855804,0.5346849052636471,0.5791871463730651
northern_midlatitude,plain_colour,-0.6866346999065052,0.5570716793664368,0.535012109727863,0.5789084102236944
northern_midlatitude,plain_colour,-0.6412520925694526,0.5570928597397649,0.535334496140641,0.5786343167111216
northern_midlatitude,plain_colour,-0.5958694852324,0.5571140399054894,0.5356518648656616,0.5783650652390541
northern_midlatitude,plain_colour,-0.5504868778953474,0.5571352198635354,0.5359640085827868,0.5781008628961033
northern_midlatitude,plain_colour,-0.5051042705582949,0.5571563996138282,0.5362707122480443,0.5778419244958038
northern_midlatitude,plain_colour,-0.4597216632212424,0.5571775791562926,0.5365717531009783,0.5775884725692653
northern_midlatitude,plain_colour,-0.41433905588418984,0.5571987584908538,0.5368669007269085,0.5773407373029139
northern_midlatitude,plain_colour,-0.3689564485471373,0.5572199376174366,0.5371559171821765,0.5770989564132506
northern_midlatitude,plain_colour,-0.3235738412100848,0.5572411165359662,0.5374385571909105,0.5768633749500878
northern_midlatitude,plain_colour,-0.27819123387303213,0.5572622952463676,0.5377145684221996,0.5766342450193771
northern_midlatitude,plain_colour,-0.23280862653597967,0.5572834737485658,0.5379836918567811,0.5764118254165255
northern_midlatitude,plain_colour,-0.1874260191989272,0.5573046520424859,0.5382456622523693,0.5761963811610675
northern_midlatitude,plain_colour,-0.14204341186187452,0.5573258301280529,0.5385002087165511,0.5759881829237731
northern_midlatitude,plain_colour,-0.09666080452482206,0.5573470080051919,0.5387470553956876,0.5757875063377478
northern_midlatitude,plain_colour,-0.0512781971877696,0.5573681856738278,0.5389859222874349,0.5755946311859143
northern_midlatitude,plain_colour,-0.00589558985071692,0.557389363133886,0.5392165261833044,0.5754098404584542
northern_midlatitude,plain_colour,0.03948701748633554,0.5574105403852911,0.5394385817460471,0.5752334192754268
northern_midlatitude,plain_colour,0.08486962482338822,0.5574317174279686,0.5396518027245643,0.5750656536718598
northern_midlatitude,plain_colour,0.13025223216044068,0.5574528942618433,0.539855903306479,0.5749068292451802
northern_midlatitude,plain_colour,0.17563483949749314,0.5574740708868404,0.5400505996054576,0.5747572296678958
northern_midlatitude,plain_colour,0.22101744683454583,0.5574952473028848,0.5402356112768699,0.5746171350719359
northern_midlatitude,plain_colour,0.2664000541715983,0.5575164235099017,0.5404106632514728,0.574486820314971
northern_midlatitude,plain_colour,0.31178266150865097,0.5575375995078162,0.5405754875725897,0.5743665531432351
northern_midlatitude,plain_colour,0.35716526884570343,0.5575587752965534,0.5407298253178494,0.5742565922697889
northern_midlatitude,plain_colour,0.4025478761827559,0.5575799508760382,0.5408734285821188,0.5741571853915894
northern_midlatitude,plain_colour,0.4479304835198086,0.5576011262461958,0.5410060624939853,0.5740685671730104
northern_midlatitude,plain_colour,0.49331309085686104,0.5576223014069515,0.5411275072342524,0.5739909572273469
northern_midlatitude,plain_colour,0.5386956981939135,0.55764347635823,0.5412375600216336,0.5739245581311256
northern_midlatitude,plain_colour,0.5840783055309662,0.5576646510999566,0.5413360370283854,0.573869553508473
northern_midlatitude,plain_colour,0.6294609128680186,0.5576858256320563,0.5414227751872522,0.573826106224172
northern_midlatitude,plain_colour,0.6748435202050711,0.5577069999544544,0.5414976338509672,0.5737943567241643
northern_midlatitude,plain_colour,0.7202261275421238,0.5577281740670759,0.5415604962668006,0.5737744215610037
northern_midlatitude,plain_colour,0.7656087348791765,0.5577493479698458,0.5416112708313451,0.5737663921390719
northern_midlatitude,plain_colour,0.8109913422162287,0.5577705216626894,0.5416498920948337,0.5737703337102639
northern_midlatitude,plain_colour,0.8563739495532814,0.5577916951455316,0.541676321489719,0.5737862846454101
northern_midlatitude,plain_colour,0.9017565568903341,0.5578128684182977,0.5416905477647944,0.573814256000157
northern_midlatitude,plain_colour,0.9471391642273863,0.5578340414809128,0.5416925871135472,0.5738542313866165
northern_midlatitude,plain_colour,0.992521771564439,0.5578552143333019,0.5416824829933671,0.5739061671541585
northern_midlatitude,plain_colour,1.0379043789014917,0.5578763869753903,0.5416603056403295,0.5739699928746311
northern_midlatitude,plain_colour,1.083286986238544,0.557897559407103,0.5416261512921414,0.5740456121194144
northern_midlatitude,plain_colour,1.1286695935755966,0.557918731628365,0.5415801411391313,0.5741329035084347
northern_midlatitude,plain_colour,1.1740522009126493,0.5579399036391017,0.5415224200295461,0.5742317220048683
northern_midlatitude,plain_colour,1.2194348082497015,0.5579610754392382,0.5414531549606395,0.5743419004240549
northern_midlatitude,plain_colour,1.2648174155867542,0.5579822470286995,0.5413725333909242,0.5744632511212477
northern_midlatitude,plain_colour,1.3102000229238069,0.5580034184074109,0.5412807614114066,0.5745955678203806
northern_midlatitude,plain_colour,1.3555826302608596,0.5580245895752973,0.5411780618146422,0.5747386275450139
northern_midlatitude,plain_colour,1.4009652375979118,0.5580457605322842,0.5410646721001052,0.574892192612968
northern_midlatitude,plain_colour,1.4463478449349645,0.5580669312782964,0.5409408424527994,0.5750560126577124
northern_midlatitude,plain_colour,1.4917304522720172,0.5580881018132594,0.540806833729446,0.5752298266421807
northern_midlatitude,plain_colour,1.5371130596090694,0.558109272137098,0.5406629154831818,0.5754133648340746
northern_midlatitude,plain_colour,1.582495666946122,0.5581304422497376,0.5405093640537252,0.5756063507156985
northern_midlatitude,plain_colour,1.6278782742831748,0.5581516121511034,0.5403464607456536,0.5758085028056852
northern_midlatitude,plain_colour,1.673260881620227,0.5581727818411204,0.5401744901129919,0.5760195363744073
northern_midlatitude,plain_colour,1.7186434889572797,0.5581939513197138,0.5399937383639238,0.5762391650392695
northern_midlatitude,plain_colour,1.7640260962943324,0.558215120586809,0.5398044918952677,0.5764671022302335
northern_midlatitude,plain_colour,1.8094087036313846,0.5582362896423309,0.5396070359625146,0.576703062519781
northern_midlatitude,plain_colour,1.8547913109684373,0.5582574584862047,0.5394016534877986,0.5769467628149468
northern_midlatitude,plain_colour,1.90017391830549,0.5582786271183556,0.5391886240051958,0.577197923412019
northern_midlatitude,plain_colour,1.9455565256425427,0.5582997955387091,0.5389682227402706,0.5774562689169973
northern_midlatitude,plain_colour,1.990939132979595,0.55832096374719,0.5387407198187646,0.5777215290369027
northern_midlatitude,plain_colour,2.0363217403166476,0.5583421317437236,0.5385063795977864,0.5779934392485916
northern_midlatitude,plain_colour,2.0817043476537003,0.5583632995282352,0.538265460111706,0.5782717413528612
northern_midlatitude,plain_colour,2.1270869549907525,0.5583844671006499,0.5380182126242135,0.5785561839223938
northern_midlatitude,plain_colour,2.172469562327805,0.5584056344608929,0.5377648812775505,0.5788465226525263
northern_midlatitude,plain_colour,2.217852169664858,0.5584268016088895,0.5375057028297704,0.5791425206239914
northern_midlatitude,plain_colour,2.26323477700191,0.5584479685445648,0.5372409064709385,0.5794439484867187
northern_midlatitude,plain_colour,2.308617384338963,0.558469135267844,0.5369707137094282,0.5797505845735407
northern_midlatitude,generalized_form,-1.3207039335909447,0.5543647769410178,0.5397670335452166,0.5688693317776421
northern_midlatitude,generalized_form,-1.275306717949768,0.5548820593341075,0.540521817999971,0.5691512369675632
northern_midlatitude,generalized_form,-1.229909502308591,0.5553992228386065,0.5412726338917653,0.5694368325530855
northern_midlatitude,generalized_form,-1.1845122866674145,0.5559162663619185,0.542019292814229,0.5697263020497758
northern_midlatitude,generalized_form,-1.1391150710262377,0.5564331888124795,0.5427615975600676,0.5700198377802517
northern_midlatitude,generalized_form,-1.0937178553850608,0.5569499890997681,0.5434993419681393,0.5703176410272142
northern_midlatitude,generalized_form,-1.048320639743884,0.5574666661343133,0.5442323108277888,0.5706199221292226
northern_midlatitude,generalized_form,-1.0029234241027072,0.5579832188277045,0.5449602798529659,0.5709269005066837
northern_midlatitude,generalized_form,-0.9575262084615304,0.5584996460925998,0.5456830157400021,0.5712388046041835
northern_midlatitude,generalized_form,-0.9121289928203536,0.5590159468427355,0.5464002763241748,0.5715558717340298
northern_midlatitude,generalized_form,-0.8667317771791768,0.5595321199929344,0.5471118108513089,0.5718783478047579
northern_midlatitude,generalized_form,-0.8213345615380001,0.5600481644591152,0.5478173603815126,0.5722064869175024
northern_midlatitude,generalized_form,-0.7759373458968233,0.5605640791583013,0.5485166583426427,0.572540550812638
northern_midlatitude,generalized_form,-0.7305401302556465,0.5610798630086294,0.5492094312510777,0.5728808081491126
northern_midlatitude,generalized_form,-0.6851429146144696,0.5615955149293589,0.5498953996167157,0.5732275335995547
northern_midlatitude,generalized_form,-0.6397456989732929,0.5621110338408802,0.5505742790476457,0.5735810067457088
northern_midlatitude,generalized_form,-0.5943484833321161,0.5626264186647237,0.5512457815674959,0.573941510761191
northern_midlatitude,generalized_form,-0.5489512676909393,0.5631416683235688,0.5519096171549248,0.5743093308721039
northern_midlatitude,generalized_form,-0.5035540520497626,0.5636567817412524,0.5525654955099428,0.5746847525908182
northern_midlatitude,generalized_form,-0.45815683640858573,0.5641717578427776,0.5532131280457075,0.5750680597242825
northern_midlatitude,generalized_form,-0.4127596207674089,0.5646865955543228,0.5538522300971066,0.5754595321655435
northern_midlatitude,generalized_form,-0.3673624051262322,0.56520129380325,0.5544825233289598,0.5758594434856474
northern_midlatitude,generalized_form,-0.32196518948505537,0.5657158515181138,0.5551037383172485,0.5762680583525135
northern_midlatitude,generalized_form,-0.27656797384387866,0.5662302676286699,0.5557156172667796,0.5766856298133727
northern_midlatitude,generalized_form,-0.23117075820270183,0.5667445410658838,0.5563179168185928,0.5771123964874626
northern_midlatitude,generalized_form,-0.185773542561525,0.5672586707619394,0.5569104108908388,0.5775485797252503
northern_midlatitude,generalized_form,-0.14037632692034818,0.5677726556502475,0.5574928934884894,0.5779943807988247
northern_midlatitude,generalized_form,-0.09497911127917136,0.5682864946654548,0.5580651814108121,0.5784499781945223
northern_midlatitude,generalized_form,-0.04958189563799453,0.5688001867434516,0.5586271167817877,0.5789155250826102
northern_midlatitude,generalized_form,-0.0041846799968179305,0.5693137308213816,0.5591785693281555,0.5793911470393405
northern_midlatitude,generalized_form,0.041212535644358894,0.569827125837649,0.5597194383329825,0.5798769400934821
northern_midlatitude,generalized_form,0.08660975128553572,0.5703403707319282,0.5602496541997201,0.5803729691623625
northern_midlatitude,generalized_form,0.13200696692671254,0.5708534644451716,0.5607691795725327,0.5808792669316374
northern_midlatitude,generalized_form,0.17740418256788937,0.5713664059196181,0.5612780099727718,0.5813958332189163
northern_midlatitude,generalized_form,0.2228013982090662,0.5718791940988014,0.5617761739280869,0.5819226348447488
northern_midlatitude,generalized_form,0.268198613850243,0.5723918279275593,0.5622637325888017,0.5824596060163464
northern_midlatitude,generalized_form,0.3135958294914196,0.5729043063520407,0.5627407788446891,0.5830066492109043
northern_midlatitude,generalized_form,0.35899304513259644,0.573416628319715,0.5632074359729532,0.5835636365277159
northern_midlatitude,generalized_form,0.40439026077377327,0.5739287927793801,0.5636638558639699,0.584130411462529
northern_midlatitude,generalized_form,0.4497874764149501,0.5744407986811705,0.5641102168842163,0.5847067910447119
northern_midlatitude,generalized_form,0.4951846920561269,0.5749526449765657,0.5645467214451949,0.5852925682684239
northern_midlatitude,generalized_form,0.5405819076973037,0.575464330618399,0.5649735933526949,0.5858875147434499
northern_midlatitude,generalized_form,0.5859791233384803,0.5759758545608645,0.5653910750124037,0.5864913834896824
northern_midlatitude,generalized_form,0.6313763389796572,0.5764872157595267,0.5657994245659932,0.58710391180113
northern_midlatitude,generalized_form,0.676773554620834,0.5769984131713275,0.5661989130268343,0.5877248241102947
northern_midlatitude,generalized_form,0.7221707702620106,0.5775094457545955,0.5665898214771272,0.5883538347911366
northern_midlatitude,generalized_form,0.7675679859031874,0.5780203124690529,0.5669724383791906,0.5889906508478753
northern_midlatitude,generalized_form,0.8129652015443642,0.578531012275825,0.5673470570436872,0.5896349744468578
northern_midlatitude,generalized_form,0.8583624171855411,0.5790415441374467,0.5677139732873187,0.590286505258954
northern_midlatitude,generalized_form,0.9037596328267179,0.5795519070178718,0.5680734833026065,0.5909449425898675
northern_midlatitude,generalized_form,0.9491568484678947,0.5800620998824808,0.5684258817531901,0.5916099872849276
northern_midlatitude,generalized_form,0.9945540641090715,0.5805721216980885,0.5687714600999584,0.5922813434030479
northern_midlatitude,generalized_form,1.0399512797502484,0.581081971432952,0.5691105051564419,0.5929587196614232
northern_midlatitude,generalized_form,1.0853484953914252,0.5815916480567794,0.5694432978663152,0.5936418306581167
northern_midlatitude,generalized_form,1.130745711032602,0.5821011505407367,0.5697701122915612,0.5943303978839839
northern_midlatitude,generalized_form,1.1761429266737788,0.5826104778574569,0.5700912147967521,0.5950241505384795
northern_midlatitude,generalized_form,1.2215401423149557,0.5831196289810462,0.570406863412877,0.5957228261659168
northern_midlatitude,generalized_form,1.2669373579561325,0.5836286028870937,0.5707173073630302,0.5964261711298674
northern_midlatitude,generalized_form,1.3123345735973089,0.5841373985526782,0.5710227867319176,0.5971339409437402
northern_midlatitude,generalized_form,1.3577317892384857,0.5846460149563758,0.5713235322613812,0.5978459004753431
northern_midlatitude,generalized_form,1.4031290048796625,0.5851544510782686,0.5716197652548253,0.598561824042542
northern_midlatitude,generalized_form,1.4485262205208393,0.5856627058999516,0.5719116975744436,0.5992814954161181
northern_midlatitude,generalized_form,1.4939234361620162,0.5861707784045409,0.5721995317163636,0.600004707744709
northern_midlatitude,generalized_form,1.539320651803193,0.586678667576681,0.5724834609501672,0.60073126341537
northern_midlatitude,generalized_form,1.5847178674443698,0.587186372402553,0.5727636695106387,0.6014609738619107
northern_midlatitude,generalized_form,1.6301150830855466,0.5876938918698819,0.573040332830969,0.6021936593317728
northern_midlatitude,generalized_form,1.6755122987267235,0.588201224967944,0.5733136178079832,0.6029291486208844
northern_midlatitude,generalized_form,1.7209095143679003,0.5887083706875752,0.5735836830912211,0.6036672787846612
northern_midlatitude,generalized_form,1.7663067300090771,0.5892153280211777,0.5738506793888599,0.6044078948321648
northern_midlatitude,generalized_form,1.811703945650254,0.5897220959627284,0.5741147497845427,0.6051508494093543
northern_midlatitude,generalized_form,1.8571011612914308,0.5902286735077854,0.5743760300601224,0.6058960024764225
northern_midlatitude,generalized_form,1.9024983769326071,0.5907350596534966,0.5746346490201913,0.6066432209833451
northern_midlatitude,generalized_form,1.947895592573784,0.5912412533986064,0.5748907288150099,0.6073923785470312
northern_midlatitude,generalized_form,1.9932928082149608,0.5917472537434634,0.5751443852591012,0.6081433551328066
northern_midlatitude,generalized_form,2.0386900238561374,0.5922530596900273,0.575395728143344,0.6088960367423979
northern_midlatitude,generalized_form,2.0840872394973147,0.5927586702418773,0.5756448615388794,0.6096503151101038
northern_midlatitude,generalized_form,2.129484455138491,0.5932640844042185,0.5758918840915515,0.6104060874084298
northern_midlatitude,generalized_form,2.1748816707796683,0.5937693011838896,0.576136889305958,0.6111632559641137
northern_midlatitude,generalized_form,2.2202788864208447,0.5942743195893702,0.5763799658184671,0.6119217279851838
northern_midlatitude,generalized_form,2.265676102062022,0.5947791386307877,0.5766211976587992,0.6126814152994526
northern_midlatitude,generalized_form,2.311073317703199,0.5952837573199253,0.5768606644999711,0.6134422341046452
northern_midlatitude,actinomorphic_symmetry,-1.3162724044891518,0.7299196363056454,0.7163496965588964,0.7430732245236165
northern_midlatitude,actinomorphic_symmetry,-1.2707847915972164,0.729968823773067,0.7166727580708733,0.7428647991167077
northern_midlatitude,actinomorphic_symmetry,-1.2252971787052809,0.7300180055958023,0.7169854376902037,0.7426658317307481
northern_midlatitude,actinomorphic_symmetry,-1.1798095658133452,0.730067181773292,0.7172871404775747,0.7424769169206781
northern_midlatitude,actinomorphic_symmetry,-1.1343219529214097,0.7301163523049772,0.7175772501961996,0.7422986705457415
northern_midlatitude,actinomorphic_symmetry,-1.0888343400294742,0.7301655171902999,0.7178551326573156,0.7421317264239881
northern_midlatitude,actinomorphic_symmetry,-1.0433467271375387,0.7302146764287021,0.7181201400467487,0.7419767320057049
northern_midlatitude,actinomorphic_symmetry,-0.9978591142456033,0.7302638300196267,0.7183716163099451,0.741834342988384
northern_midlatitude,actinomorphic_symmetry,-0.9523715013536678,0.7303129779625168,0.7186089036402827,0.7417052168284076
northern_midlatitude,actinomorphic_symmetry,-0.9068838884617322,0.7303621202568162,0.7188313500697605,0.7415900051503579
northern_midlatitude,actinomorphic_symmetry,-0.8613962755697967,0.7304112569019688,0.7190383181021514,0.7414893451138608
northern_midlatitude,actinomorphic_symmetry,-0.8159086626778612,0.7304603878974196,0.7192291942579143,0.7414038498686718
northern_midlatitude,actinomorphic_symmetry,-0.7704210497859256,0.7305095132426134,0.7194033993210759,0.7413340983077914
northern_midlatitude,actinomorphic_symmetry,-0.7249334368939901,0.730558632936996,0.7195603989967179,0.741280624409976
northern_midlatitude,actinomorphic_symmetry,-0.6794458240020547,0.7306077469800131,0.7196997146115292,0.7412439065391816
northern_midlatitude,actinomorphic_symmetry,-0.6339582111101191,0.7306568553711117,0.7198209334284987,0.7412243571298694
northern_midlatitude,actinomorphic_symmetry,-0.5884705982181836,0.7307059581097386,0.7199237181099712,0.7412223132239477
northern_midlatitude,actinomorphic_symmetry,-0.5429829853262481,0.7307550551953413,0.7200078148594893,0.7412380283289244
northern_midlatitude,actinomorphic_symmetry,-0.4974953724343125,0.7308041466273679,0.7200730598076667,0.741271666032033
northern_midlatitude,actinomorphic_symmetry,-0.45200775954237704,0.7308532324052668,0.7201193832818357,0.7413232957305816
northern_midlatitude,actinomorphic_symmetry,-0.40652014665044156,0.7309023125284869,0.720146811709113,0.7413928907288826
northern_midlatitude,actinomorphic_symmetry,-0.36103253375850597,0.7309513869964778,0.7201554670382555,0.741480328816395
northern_midlatitude,actinomorphic_symmetry,-0.3155449208665706,0.731000455808689,0.7201455637135686,0.7415853952938122
northern_midlatitude,actinomorphic_symmetry,-0.2700573079746349,0.7310495189645714,0.7201174033785565,0.7417077882694072
northern_midlatitude,actinomorphic_symmetry,-0.22456969508269942,0.7310985764635756,0.7200713676128643,0.7418471259220895
northern_midlatitude,actinomorphic_symmetry,-0.17908208219076394,0.7311476283051529,0.7200079091012792,0.7420029553323967
northern_midlatitude,actinomorphic_symmetry,-0.13359446929882846,0.731196674488755,0.7199275416907821,0.7421747624254423
northern_midlatitude,actinomorphic_symmetry,-0.08810685640689297,0.7312457150138347,0.7198308298089529,0.7423619825525052
northern_midlatitude,actinomorphic_symmetry,-0.042619243514957494,0.7312947498798443,0.719718377697653,0.7425640112573423
northern_midlatitude,actinomorphic_symmetry,0.002868369376978208,0.731343779086237,0.7195908188669015,0.7427802148223105
northern_midlatitude,actinomorphic_symmetry,0.04835598226891369,0.7313928026324671,0.7194488061044991,0.7430099402587369
northern_midlatitude,actinomorphic_symmetry,0.09384359516084917,0.7314418205179881,0.7192930022970627,0.7432525244858808
northern_midlatitude,actinomorphic_symmetry,0.13933120805278465,0.7314908327422552,0.7191240722365264,0.7435073025244283
northern_midlatitude,actinomorphic_symmetry,0.18481882094472013,0.7315398393047234,0.7189426755099345,0.7437736146066948
northern_midlatitude,actinomorphic_symmetry,0.2303064338366556,0.7315888402048483,0.7187494605042525,0.7440508121718098
northern_midlatitude,actinomorphic_symmetry,0.2757940467285911,0.7316378354420862,0.7185450595045574,0.7443382627675217
northern_midlatitude,actinomorphic_symmetry,0.3212816596205268,0.7316868250158934,0.7183300848240632,0.7446353539201686
northern_midlatitude,actinomorphic_symmetry,0.3667692725124623,0.7317358089257273,0.7181051258772744,0.7449414960615187
northern_midlatitude,actinomorphic_symmetry,0.41225688540439775,0.7317847871710451,0.7178707470916011,0.7452561246171516
northern_midlatitude,actinomorphic_symmetry,0.45774449829633324,0.7318337597513053,0.7176274865459447,0.7455787013678679
northern_midlatitude,actinomorphic_symmetry,0.5032321111882687,0.731882726665966,0.7173758552249571,0.745908715195423
northern_midlatitude,actinomorphic_symmetry,0.5487197240802042,0.7319316879144864,0.7171163367828841,0.7462456823186816
northern_midlatitude,actinomorphic_symmetry,0.5942073369721399,0.731980643496326,0.7168493877193634,0.7465891461178131
northern_midlatitude,actinomorphic_symmetry,0.6396949498640754,0.7320295934109445,0.7165754378798639,0.7469386766338464
northern_midlatitude,actinomorphic_symmetry,0.6851825627560106,0.7320785376578026,0.7162948912045346,0.7472938698198174
northern_midlatitude,actinomorphic_symmetry,0.7306701756479466,0.7321274762363612,0.7160081266602759,0.7476543466086913
northern_midlatitude,actinomorphic_symmetry,0.776157788539882,0.7321764091460815,0.7157154993013639,0.7480197518527328
northern_midlatitude,actinomorphic_symmetry,0.8216454014318175,0.7322253363864256,0.7154173414135729,0.7483897531793792
northern_midlatitude,actinomorphic_symmetry,0.867133014323753,0.7322742579568554,0.7151139637053346,0.7487640398000739
northern_midlatitude,actinomorphic_symmetry,0.9126206272156885,0.7323231738568342,0.7148056565169498,0.7491423213010505
northern_midlatitude,actinomorphic_symmetry,0.958108240107624,0.7323720840858251,0.714492691025264,0.7495243264386511
northern_midlatitude,actinomorphic_symmetry,1.0035958529995594,0.7324209886432919,0.7141753204266059,0.7499098019563813
northern_midlatitude,actinomorphic_symmetry,1.049083465891495,0.7324698875286987,0.7138537810852383,0.7502985114364549
northern_midlatitude,actinomorphic_symmetry,1.0945710787834304,0.7325187807415103,0.7135282936382239,0.7506902341949201
northern_midlatitude,actinomorphic_symmetry,1.1400586916753659,0.7325676682811921,0.7131990640505378,0.7510847642265425
northern_midlatitude,actinomorphic_symmetry,1.1855463045673014,0.7326165501472096,0.7128662846166023,0.7514819092032637
northern_midlatitude,actinomorphic_symmetry,1.2310339174592368,0.732665426339029,0.7125301349062442,0.751881489528238
northern_midlatitude,actinomorphic_symmetry,1.2765215303511723,0.7327142968561168,0.7121907826544924,0.7522833374460275
northern_midlatitude,actinomorphic_symmetry,1.3220091432431083,0.7327631616979403,0.7118483845957001,0.7526872962084755
northern_midlatitude,actinomorphic_symmetry,1.3674967561350437,0.732812020863967,0.7115030872432673,0.753093219294976
northern_midlatitude,actinomorphic_symmetry,1.4129843690269792,0.732860874353665,0.7111550276168078,0.7535009696852997
northern_midlatitude,actinomorphic_symmetry,1.4584719819189147,0.7329097221665029,0.7108043339189966,0.7539104191827422
northern_midlatitude,actinomorphic_symmetry,1.5039595948108502,0.7329585643019495,0.7104511261645802,0.754321447785105
northern_midlatitude,actinomorphic_symmetry,1.5494472077027857,0.7330074007594745,0.7100955167641818,0.7547339431008845
northern_midlatitude,actinomorphic_symmetry,1.5949348205947211,0.7330562315385478,0.7097376110655889,0.7551477998079776
northern_midlatitude,actinomorphic_symmetry,1.6404224334866566,0.7331050566386399,0.7093775078552106,0.7555629191522167
northern_midlatitude,actinomorphic_symmetry,1.685910046378592,0.7331538760592217,0.7090152998223461,0.7559792084830955
northern_midlatitude,actinomorphic_symmetry,1.7313976592705276,0.7332026897997644,0.7086510739888204,0.7563965808241255
northern_midlatitude,actinomorphic_symmetry,1.776885272162463,0.7332514978597403,0.7082849121064438,0.7568149544753695
northern_midlatitude,actinomorphic_symmetry,1.8223728850543985,0.7333003002386215,0.7079168910246308,0.7572342526458148
northern_midlatitude,actinomorphic_symmetry,1.867860497946334,0.7333490969358808,0.7075470830303885,0.7576544031133796
northern_midlatitude,actinomorphic_symmetry,1.91334811083827,0.7333978879509916,0.7071755561627472,0.7580753379104724
northern_midlatitude,actinomorphic_symmetry,1.9588357237302054,0.7334466732834275,0.7068023745035827,0.7584969930331641
northern_midlatitude,actinomorphic_symmetry,2.004323336622141,0.7334954529326632,0.7064275984466409,0.7589193081721562
northern_midlatitude,actinomorphic_symmetry,2.049810949514076,0.7335442268981729,0.7060512849464505,0.7593422264638587
northern_midlatitude,actinomorphic_symmetry,2.095298562406012,0.7335929951794322,0.7056734877486919,0.7597656942600157
northern_midlatitude,actinomorphic_symmetry,2.140786175297947,0.7336417577759166,0.7052942576034674,0.7601896609144253
northern_midlatitude,actinomorphic_symmetry,2.186273788189883,0.7336905146871023,0.7049136424628144,0.7606140785854207
northern_midlatitude,actinomorphic_symmetry,2.231761401081818,0.7337392659124661,0.7045316876636943,0.7610389020528726
northern_midlatitude,actinomorphic_symmetry,2.277249013973754,0.7337880114514849,0.7041484360975987,0.7614640885485751
northern_midlatitude,actinomorphic_symmetry,2.3227366268656895,0.7338367513036365,0.7037639283678196,0.7618895975989669
northern_midlatitude,shallow_open_tube,-1.3407098602911853,0.7520534352078829,0.7232294849507397,0.778793687260021
northern_midlatitude,shallow_open_tube,-1.2945218749274106,0.7521537011144408,0.7237616348309505,0.7785205937872831
northern_midlatitude,shallow_open_tube,-1.2483338895636356,0.752253939831882,0.7242791985852417,0.7782593172150228
northern_midlatitude,shallow_open_tube,-1.2021459041998608,0.7523541513567757,0.7247816235911166,0.7780104080233388
northern_midlatitude,shallow_open_tube,-1.1559579188360858,0.7524543356857003,0.725268346894514,0.7777744270805181
northern_midlatitude,shallow_open_tube,-1.109769933472311,0.7525544928152439,0.7257387975013441,0.777551943351442
northern_midlatitude,shallow_open_tube,-1.0635819481085362,0.7526546227420047,0.7261923990597337,0.777343531215278
northern_midlatitude,shallow_open_tube,-1.0173939627447612,0.75275472546259,0.7266285729447197,0.7771497673807247
northern_midlatitude,shallow_open_tube,-0.9712059773809864,0.7528548009736175,0.7270467417480715,0.7769712273961227
northern_midlatitude,shallow_open_tube,-0.9250179920172115,0.752954849271714,0.7274463331648376,0.7768084817628408
northern_midlatitude,shallow_open_tube,-0.8788300066534366,0.7530548703535164,0.7278267842551579,0.776662091673395
northern_midlatitude,shallow_open_tube,-0.8326420212896617,0.753154864215671,0.7281875460451442,0.7765326044104959
northern_midlatitude,shallow_open_tube,-0.7864540359258869,0.7532548308548342,0.7285280884146115,0.7764205484592447
northern_midlatitude,shallow_open_tube,-0.740266050562112,0.7533547702676718,0.7288479052027823,0.7763264284013538
northern_midlatitude,shallow_open_tube,-0.6940780651983371,0.7534546824508593,0.7291465194465933,0.7762507196767628
northern_midlatitude,shallow_open_tube,-0.6478900798345623,0.7535545674010817,0.7294234886508851,0.7761938633133701
northern_midlatitude,shallow_open_tube,-0.6017020944707874,0.7536544251150344,0.7296784099766529,0.7761562607387019
northern_midlatitude,shallow_open_tube,-0.5555141091070125,0.7537542555894216,0.729910925223782,0.7761382687970929
northern_midlatitude,shallow_open_tube,-0.5093261237432376,0.7538540588209577,0.7301207254793819,0.7761401951012691
northern_midlatitude,shallow_open_tube,-0.4631381383794627,0.7539538348063664,0.7303075553028224,0.7761622938472246
northern_midlatitude,shallow_open_tube,-0.41695015301568783,0.7540535835423816,0.7304712163244922,0.7762047622153757
northern_midlatitude,shallow_open_tube,-0.37076216765191305,0.7541533050257463,0.7306115701473533,0.7762677374689153
northern_midlatitude,shallow_open_tube,-0.32457418228813806,0.7542529992532135,0.7307285404583295,0.7763512948423349
northern_midlatitude,shallow_open_tube,-0.2783861969243633,0.7543526662215461,0.7308221142797222,0.7764554462899131
northern_midlatitude,shallow_open_tube,-0.2321982115605885,0.7544523059275157,0.7308923423180766,0.7765801401367561
northern_midlatitude,shallow_open_tube,-0.1860102261968135,0.7545519183679047,0.7309393383976697,0.7767252616452123
northern_midlatitude,shallow_open_tube,-0.13982224083303874,0.7546515035395043,0.7309632779963514,0.7768906344789319
northern_midlatitude,shallow_open_tube,-0.09363425546926374,0.7547510614391157,0.730964395930993,0.7770760230173195
northern_midlatitude,shallow_open_tube,-0.047446270105488964,0.7548505920635499,0.7309429832665687,0.7772811354463499
northern_midlatitude,shallow_open_tube,-0.0012582847417139664,0.754950095409627,0.7308993835454333,0.7775056275291866
northern_midlatitude,shallow_open_tube,0.04492970062206081,0.7550495714741773,0.7308339884505634,0.7777491069428366
northern_midlatitude,shallow_open_tube,0.0911176859858358,0.7551490202540403,0.7307472330277417,0.7780111380558571
northern_midlatitude,shallow_open_tube,0.13730567134961058,0.7552484417460655,0.7306395905967262,0.7782912470170803
northern_midlatitude,shallow_open_tube,0.18349365671338536,0.7553478359471115,0.730511567480606,0.7785889270261461
northern_midlatitude,shallow_open_tube,0.22968164207716035,0.7554472028540472,0.7303636976764734,0.7789036436627186
northern_midlatitude,shallow_open_tube,0.27586962744093513,0.7555465424637506,0.7301965375801489,0.7792348401616476
northern_midlatitude,shallow_open_tube,0.3220576128047101,0.7556458547731094,0.7300106608640587,0.7795819425349768
northern_midlatitude,shallow_open_tube,0.3682455981684849,0.755745139779021,0.7298066535916382,0.7799443644574248
northern_midlatitude,shallow_open_tube,0.4144335835322599,0.7558443974783923,0.7295851096348859,0.7803215118487106
northern_midlatitude,shallow_open_tube,0.46062156889603467,0.7559436278681398,0.7293466264449098,0.7807127871028914
northern_midlatitude,shallow_open_tube,0.5068095542598097,0.7560428309451899,0.7290918012092665,0.7811175929309001
northern_midlatitude,shallow_open_tube,0.5529975396235844,0.7561420067064781,0.7288212274152276,0.7815353357971578
northern_midlatitude,shallow_open_tube,0.5991855249873592,0.7562411551489499,0.7285354918251998,0.7819654289440293
northern_midlatitude,shallow_open_tube,0.6453735103511342,0.75634027626956,0.7282351718596226,0.7824072950088011
northern_midlatitude,shallow_open_tube,0.6915614957149092,0.7564393700652728,0.7279208333738315,0.7828603682466903
northern_midlatitude,shallow_open_tube,0.737749481078684,0.7565384365330629,0.7275930288085669,0.7833240963802088
northern_midlatitude,shallow_open_tube,0.7839374664424588,0.7566374756699132,0.7272522956888724,0.783797942100135
northern_midlatitude,shallow_open_tube,0.8301254518062335,0.7567364874728174,0.7268991554428754,0.7842813842466027
northern_midlatitude,shallow_open_tube,0.8763134371700083,0.7568354719387779,0.7265341125101271,0.784773918700628
northern_midlatitude,shallow_open_tube,0.9225014225337835,0.7569344290648072,0.7261576537085673,0.7852750590170126
northern_midlatitude,shallow_open_tube,0.9686894078975583,0.7570333588479272,0.7257702478295137,0.7857843368292179
northern_midlatitude,shallow_open_tube,1.014877393261333,0.7571322612851693,0.7253723454311536,0.7863013020557386
northern_midlatitude,shallow_open_tube,1.0610653786251079,0.7572311363735745,0.7249643788026098,0.7868255229358977
northern_midlatitude,shallow_open_tube,1.107253363988883,0.757329984110193,0.7245467620726256,0.7873565859210245
northern_midlatitude,shallow_open_tube,1.1534413493526579,0.7574288044920852,0.7241198914390816,0.7878940954447962
northern_midlatitude,shallow_open_tube,1.1996293347164326,0.7575275975163205,0.7236841454978467,0.7884376735942463
northern_midlatitude,shallow_open_tube,1.2458173200802074,0.757626363179978,0.7232398856517481,0.7889869597006521
northern_midlatitude,shallow_open_tube,1.2920053054439822,0.7577251014801467,0.7227874565826863,0.7895416098672761
northern_midlatitude,shallow_open_tube,1.3381932908077574,0.7578238124139242,0.7223271867720389,0.7901012964488152
northern_midlatitude,shallow_open_tube,1.3843812761715322,0.7579224959784184,0.7218593890565009,0.7906657074954181
northern_midlatitude,shallow_open_tube,1.430569261535307,0.7580211521707467,0.7213843612083229,0.7912345461722952
northern_midlatitude,shallow_open_tube,1.4767572468990817,0.7581197809880357,0.720902386530593,0.7918075301642918
northern_midlatitude,shallow_open_tube,1.522945232262857,0.7582183824274215,0.7204137344596852,0.7923843910732878
northern_midlatitude,shallow_open_tube,1.5691332176266317,0.7583169564860498,0.71991866116834,0.7929648738149669
northern_midlatitude,shallow_open_tube,1.6153212029904065,0.7584155031610761,0.7194174101640051,0.7935487360203243
northern_midlatitude,shallow_open_tube,1.6615091883541813,0.758514022449665,0.7189102128780899,0.7941357474462583
northern_midlatitude,shallow_open_tube,1.707697173717956,0.7586125143489907,0.7183972892426734,0.7947256893987081
northern_midlatitude,shallow_open_tube,1.7538851590817313,0.758710978856237,0.7178788482519681,0.7953183541710368
northern_midlatitude,shallow_open_tube,1.800073144445506,0.758809415968597,0.717355088506487,0.7959135444997049
northern_midlatitude,shallow_open_tube,1.8462611298092808,0.7589078256832732,0.7168261987384192,0.7965110730387386
northern_midlatitude,shallow_open_tube,1.8924491151730556,0.7590062079974782,0.7162923583171784,0.7971107618540243
northern_midlatitude,shallow_open_tube,1.9386371005368308,0.7591045629084334,0.7157537377344708,0.797712441938079
northern_midlatitude,shallow_open_tube,1.9848250859006056,0.7592028904133699,0.7152104990685554,0.7983159527456304
northern_midlatitude,shallow_open_tube,2.0310130712643804,0.7593011905095283,0.7146627964276246,0.7989211417500753
northern_midlatitude,shallow_open_tube,2.077201056628155,0.7593994631941585,0.7141107763724462,0.7995278640206749
northern_midlatitude,shallow_open_tube,2.12338904199193,0.7594977084645201,0.713554578318575,0.8001359818201789
northern_midlatitude,shallow_open_tube,2.169577027355705,0.7595959263178822,0.7129943349185789,0.8007453642224365
northern_midlatitude,shallow_open_tube,2.21576501271948,0.7596941167515231,0.7124301724248185,0.8013558867494497
northern_midlatitude,shallow_open_tube,2.2619529980832547,0.7597922797627306,0.7118622110334053,0.8019674310272513
northern_midlatitude,shallow_open_tube,2.3081409834470294,0.7598904153488018,0.7112905652100077,0.8025798844599293
northern_midlatitude,shallow_open_tube,2.3543289688108042,0.7599885235070437,0.7107153439982222,0.8031931399210889
northern_high_latitude,self_compatibility,-1.600862187530027,0.8359151215275915,0.8190796634219041,0.851468054055623
northern_high_latitude,self_compatibility,-1.565420448035691,0.8364826684123282,0.8200339400175505,0.8516998825647352
northern_high_latitude,self_compatibility,-1.529978708541355,0.8370486349065218,0.8209798956257351,0.8519351780465602
northern_high_latitude,self_compatibility,-1.4945369690470192,0.8376130227637961,0.821917320325812,0.8521741571887752
northern_high_latitude,self_compatibility,-1.4590952295526831,0.8381758337550342,0.8228459901319114,0.8524170509191328
northern_high_latitude,self_compatibility,-1.423653490058347,0.8387370696682356,0.8237656662534731,0.8526641051427806
northern_high_latitude,self_compatibility,-1.388211750564011,0.839296732308373,0.8246760943871029,0.8529155814482555
northern_high_latitude,self_compatibility,-1.352770011069675,0.8398548234972499,0.8255770040615366,0.8531717577603768
northern_high_latitude,self_compatibility,-1.317328271575339,0.8404113450733586,0.8264681080624787,0.8534329289132653
northern_high_latitude,self_compatibility,-1.281886532081003,0.8409662988917374,0.8273491019697169,0.8536994071110898
northern_high_latitude,self_compatibility,-1.2464447925866668,0.8415196868238289,0.8282196638451248,0.8539715222379288
northern_high_latitude,self_compatibility,-1.211003053092331,0.8420715107573395,0.8290794541168175,0.8542496219714846
northern_high_latitude,self_compatibility,-1.175561313597995,0.8426217725960967,0.8299281157115893,0.8545340716485175
northern_high_latitude,self_compatibility,-1.140119574103659,0.8431704742599085,0.8307652744944821,0.8548252538231534
northern_high_latitude,self_compatibility,-1.104677834609323,0.8437176176844231,0.8315905400803926,0.8551235674531594
northern_high_latitude,self_compatibility,-1.069236095114987,0.8442632048209879,0.8324035070873311,0.8554294266445708
northern_high_latitude,self_compatibility,-1.033794355620651,0.8448072376365099,0.833203756903422,0.8557432588825835
northern_high_latitude,self_compatibility,-0.9983526161263149,0.8453497181133148,0.8339908600388969,0.8560655026774557
northern_high_latitude,self_compatibility,-0.9629108766319789,0.845890648249009,0.8347643791289914,0.8563966045595174
northern_high_latitude,self_compatibility,-0.9274691371376429,0.8464300300563384,0.835523872642473,0.8567370153685491
northern_high_latitude,self_compatibility,-0.8920273976433069,0.8469678655630517,0.836268899332347,0.8570871858009929
northern_high_latitude,self_compatibility,-0.8565856581489709,0.84750415681176,0.836999023439089,0.8574475612046423
northern_high_latitude,self_compatibility,-0.8211439186546349,0.8480389058597989,0.8377138206221328,0.8578185756450818
northern_high_latitude,self_compatibility,-0.7857021791602988,0.8485721147790913,0.8384128845526558,0.8582006453108398
northern_high_latitude,self_compatibility,-0.7502604396659629,0.8491037856560091,0.8390958340513817,0.8585941613735283
northern_high_latitude,self_compatibility,-0.7148187001716269,0.8496339205912361,0.8397623206019449,0.85899948247243
northern_high_latitude,self_compatibility,-0.6793769606772908,0.8501625216996307,0.8404120360174269,0.8594169270459214
northern_high_latitude,self_compatibility,-0.6439352211829548,0.8506895911100901,0.8410447199902971,0.8598467657794981
northern_high_latitude,self_compatibility,-0.6084934816886188,0.8512151309654137,0.8416601672202356,0.8602892144759294
northern_high_latitude,self_compatibility,-0.5730517421942829,0.8517391434221668,0.842258233796176,0.8607444276711977
northern_high_latitude,self_compatibility,-0.5376100026999469,0.852261630650546,0.8428388425134536,0.861212493315345
northern_high_latitude,self_compatibility,-0.5021682632056108,0.852782594834243,0.8434019868371411,0.8616934288071372
northern_high_latitude,self_compatibility,-0.46672652371127477,0.853302038170311,0.8439477332786279,0.8621871786154974
northern_high_latitude,self_compatibility,-0.4312847842169387,0.8538199628690295,0.8444762220309607,0.8626936136421847
northern_high_latitude,self_compatibility,-0.3958430447226027,0.8543363711537705,0.8449876658029192,0.8632125323857494
northern_high_latitude,self_compatibility,-0.36040130522826663,0.8548512652608653,0.84548234689328,0.863743663865308
northern_high_latitude,self_compatibility,-0.3249595657339308,0.8553646474394708,0.8459606126450723,0.8642866721643376
northern_high_latitude,self_compatibility,-0.28951782623959477,0.8558765199514372,0.8464228695051157,0.8648411623691992
northern_high_latitude,self_compatibility,-0.2540760867452587,0.8563868850711748,0.8468695759788745,0.8654066876123506
northern_high_latitude,self_compatibility,-0.21863434725092268,0.8568957450855229,0.8473012348098213,0.865982756891067
northern_high_latitude,self_compatibility,-0.18319260775658663,0.8574031022936179,0.8477183847246142,0.8665688433203528
northern_high_latitude,self_compatibility,-0.1477508682622506,0.857908959006762,0.8481215920723906,0.8671643924917511
northern_high_latitude,self_compatibility,-0.11230912876791477,0.858413317548292,0.8485114426528148,0.8677688306434083
northern_high_latitude,self_compatibility,-0.07686738927357872,0.8589161802534505,0.8488885339792507,0.8683815723950267
northern_high_latitude,self_compatibility,-0.04142564977924268,0.8594175494692544,0.849253468167088,0.8690020278576729
northern_high_latitude,self_compatibility,-0.005983910284906635,0.8599174275543661,0.8496068455789361,0.8696296089867321
northern_high_latitude,self_compatibility,0.02945782920942941,0.8604158168789644,0.8499492593030763,0.8702637351016127
northern_high_latitude,self_compatibility,0.06489956870376545,0.8609127198246158,0.8502812904928088,0.8709038375445707
northern_high_latitude,self_compatibility,0.10034130819810128,0.861408138784147,0.8506035045542014,0.8715493634911431
northern_high_latitude,self_compatibility,0.13578304769243732,0.861902076161516,0.8509164481390451,0.8721997789553854
northern_high_latitude,self_compatibility,0.17122478718677336,0.8623945343716857,0.8512206468782816,0.8728545710546503
northern_high_latitude,self_compatibility,0.2066665266811094,0.8628855158404969,0.8515166037778656,0.8735132496119442
northern_high_latitude,self_compatibility,0.24210826617544545,0.8633750230045418,0.8518047981926256,0.8741753481802967
northern_high_latitude,self_compatibility,0.2775500056697815,0.8638630583110382,0.8520856852927299,0.8748404245745363
northern_high_latitude,self_compatibility,0.31299174516411754,0.864349624217704,0.8523596959404097,0.8755080609928242
northern_high_latitude,self_compatibility,0.34843348465845336,0.8648347231926323,0.8526272369003449,0.8761778638045353
northern_high_latitude,self_compatibility,0.3838752241527894,0.8653183577141671,0.8528886913145445,0.876849463073659
northern_high_latitude,self_compatibility,0.4193169636471257,0.8658005302707782,0.8531444193807494,0.8775225118786899
northern_high_latitude,self_compatibility,0.4547587031414613,0.8662812433609396,0.8533947591817662,0.8781966854815988
northern_high_latitude,self_compatibility,0.4902004426357973,0.8667604994930042,0.8536400276212409,0.8788716803903805
northern_high_latitude,self_compatibility,0.5256421821301334,0.8672383011850825,0.853880521428901,0.8795472133521424
northern_high_latitude,self_compatibility,0.5610839216244694,0.8677146509649205,0.8541165182051061,0.880223020306899
northern_high_latitude,self_compatibility,0.5965256611188055,0.8681895513697773,0.8543482774805352,0.8808988553262438
northern_high_latitude,self_compatibility,0.6319674006131415,0.8686630049463047,0.8545760417720208,0.8815744895558862
northern_high_latitude,self_compatibility,0.6674091401074775,0.8691350142504257,0.8548000376199452,0.8822497101766417
northern_high_latitude,self_compatibility,0.7028508796018136,0.8696055818472154,0.8550204765962863,0.8829243193947817
northern_high_latitude,self_compatibility,0.7382926190961496,0.8700747103107799,0.8552375562754503,0.883598133469615
northern_high_latitude,self_compatibility,0.7737343585904857,0.8705424022241387,0.8554514611624783,0.8842709817837057
northern_high_latitude,self_compatibility,0.8091760980848217,0.8710086601791044,0.8556623635752099,0.8849427059591469
northern_high_latitude,self_compatibility,0.8446178375791578,0.8714734867761661,0.8558704244785439,0.8856131590217544
northern_high_latitude,self_compatibility,0.8800595770734938,0.8719368846243701,0.8560757942701546,0.8862822046138147
northern_high_latitude,self_compatibility,0.9155013165678294,0.8723988563412041,0.8562786135179568,0.8869497162550998
northern_high_latitude,self_compatibility,0.9509430560621654,0.8728594045524793,0.8564790136503077,0.887615576651159
northern_high_latitude,self_compatibility,0.9863847955565015,0.8733185318922155,0.856677117600438,0.8882796770473932
northern_high_latitude,self_compatibility,1.0218265350508375,0.8737762410025245,0.856873040406963,0.8889419166270663
northern_high_latitude,self_compatibility,1.0572682745451736,0.8742325345334949,0.8570668897725541,0.8896022019511658
northern_high_latitude,self_compatibility,1.0927100140395096,0.874687415143078,0.8572587665829948,0.8902604464378966
northern_high_latitude,self_compatibility,1.1281517535338457,0.8751408854969738,0.8574487653889044,0.890916569879518
northern_high_latitude,self_compatibility,1.1635934930281817,0.8755929482685164,0.8576369748524334,0.8915704979942239
northern_high_latitude,self_compatibility,1.1990352325225178,0.8760436061385624,0.8578234781611951,0.8922221620108017
northern_high_latitude,self_compatibility,1.2344769720168538,0.8764928617953761,0.8580083534116402,0.8928714982838598
northern_high_latitude,selfing_mating_system,-1.596508012350888,0.12994696411974713,0.11614285626224435,0.14512236622434338
northern_high_latitude,selfing_mating_system,-1.5607405650351214,0.13022878799127263,0.11650677757770113,0.14530116114707636
northern_high_latitude,selfing_mating_system,-1.5249731177193548,0.13051113138782827,0.11686969670302047,0.14548253784316958
northern_high_latitude,selfing_mating_system,-1.4892056704035883,0.13079399486933946,0.11723154983248477,0.14566656328186076
northern_high_latitude,selfing_mating_system,-1.4534382230878218,0.13107737899456492,0.11759227201267312,0.1458533055712727
northern_high_latitude,selfing_mating_system,-1.4176707757720552,0.1313612843210871,0.1179517971952164,0.1460428339055139
northern_high_latitude,selfing_mating_system,-1.3819033284562887,0.13164571140530293,0.11831005829703134,0.14623521850429916
northern_high_latitude,selfing_mating_system,-1.3461358811405222,0.13193066080241453,0.11866698726836317,0.14643053054476138
northern_high_latitude,selfing_mating_system,-1.3103684338247557,0.13221613306641952,0.11902251516893678,0.1466288420851536
northern_high_latitude,selfing_mating_system,-1.2746009865089891,0.1325021287501019,0.11937657225247811,0.14683022598018092
northern_high_latitude,selfing_mating_system,-1.2388335391932226,0.13278864840502222,0.11972908805982235,0.14703475578774372
northern_high_latitude,selfing_mating_system,-1.2030660918774558,0.13307569258150845,0.12007999152077375,0.14724250566692965
northern_high_latitude,selfing_mating_system,-1.1672986445616893,0.1333632618286462,0.1204292110648186,0.14745355026715118
northern_high_latitude,selfing_mating_system,-1.1315311972459228,0.13365135669426934,0.12077667474072433,0.14766796460839632
northern_high_latitude,selfing_mating_system,-1.0957637499301562,0.13393997772495037,0.12112231034497979,0.14788582395263794
northern_high_latitude,selfing_mating_system,-1.0599963026143897,0.13422912546599083,0.12146604555894479,0.1481072036665325
northern_high_latitude,selfing_mating_system,-1.0242288552986232,0.1345188004614118,0.12180780809448453,0.14833217907563356
northern_high_latitude,selfing_mating_system,-0.9884614079828566,0.13480900325394415,0.1221475258477635,0.1485608253104453
northern_high_latitude,selfing_mating_system,-0.9526939606670901,0.1350997343850189,0.1224851270607666,0.14879321714474741
northern_high_latitude,selfing_mating_system,-0.9169265133513236,0.13539099439475769,0.12282054049000513,0.14902942882673553
northern_high_latitude,selfing_mating_system,-0.881159066035557,0.13568278382196292,0.12315369558174953,0.14926953390363323
northern_high_latitude,selfing_mating_system,-0.8453916187197904,0.13597510320410808,0.1234845226530152,0.1495136050405508
northern_high_latitude,selfing_mating_system,-0.8096241714040239,0.13626795307732803,0.12381295307741233,0.1497617138344791
northern_high_latitude,selfing_mating_system,-0.7738567240882573,0.13656133397640935,0.12413891947485586,0.15001393062442303
northern_high_latitude,selfing_mating_system,-0.7380892767724908,0.13685524643478028,0.12446235590402441,0.15027032429878484
northern_high_latitude,selfing_mating_system,-0.7023218294567243,0.13714969098450128,0.12478319805635478,0.15053096210121128
northern_high_latitude,selfing_mating_system,-0.6665543821409577,0.13744466815625483,0.12510138345026778,0.15079590943620924
northern_high_latitude,selfing_mating_system,-0.6307869348251912,0.1377401784793359,0.12541685162424085,0.1510652296759136
northern_high_latitude,selfing_mating_system,-0.5950194875094246,0.13803622248164177,0.12572954432727934,0.1513389839694555
northern_high_latitude,selfing_mating_system,-0.559252040193658,0.13833280068966253,0.1260394057052908,0.1516172310564275
northern_high_latitude,selfing_mating_system,-0.5234845928778915,0.1386299136284708,0.1263463824818386,0.15190002708596845
northern_high_latitude,selfing_mating_system,-0.487717145562125,0.13892756182171193,0.1266504241317438,0.1521874254429996
northern_high_latitude,selfing_mating_system,-0.45194969824635844,0.1392257457915942,0.1269514830460203,0.15247947658312666
northern_high_latitude,selfing_mating_system,-0.4161822509305919,0.13952446605887855,0.12724951468666634,0.15277622787768508
northern_high_latitude,selfing_mating_system,-0.3804148036148254,0.13982372314286878,0.12754447772989858,0.1530777234703418
northern_high_latitude,selfing_mating_system,-0.34464735629905885,0.14012351756140157,0.12783633419650006,0.15338400414658293
northern_high_latitude,selfing_mating_system,-0.3088799089832923,0.14042384983083622,0.12812504956806278,0.15369510721730587
northern_high_latitude,selfing_mating_system,-0.2731124616675258,0.1407247204660449,0.12841059288803522,0.15401106641760612
northern_high_latitude,selfing_mating_system,-0.23734501435175925,0.1410261299804022,0.12869293684663455,0.15433191182169845
northern_high_latitude,selfing_mating_system,-0.20157756703599272,0.14132807888577534,0.1289720578488493,0.1546576697747474
northern_high_latitude,selfing_mating_system,-0.1658101197202262,0.1416305676925139,0.12924793606493873,0.15498836284220027
northern_high_latitude,selfing_mating_system,-0.13004267240445944,0.1419335969094397,0.12952055546302427,0.15532400977702743
northern_high_latitude,selfing_mating_system,-0.0942752250886929,0.1422371670438367,0.1297899038235673,0.15566462550507604
northern_high_latitude,selfing_mating_system,-0.05850777777292637,0.14254127860144067,0.13005597273572514,0.15601022112854424
northern_high_latitude,selfing_mating_system,-0.02274033045715984,0.14284593208642915,0.13031875757577796,0.15636080394738483
northern_high_latitude,selfing_mating_system,0.013027116858606691,0.1431511280014111,0.1305782574680114,0.15671637749825185
northern_high_latitude,selfing_mating_system,0.04879456417437322,0.14345686684741676,0.1308344752286254,0.15707694161042082
northern_high_latitude,selfing_mating_system,0.08456201149013975,0.14376314912388727,0.13108741729341217,0.15744249247793918
northern_high_latitude,selfing_mating_system,0.12032945880590629,0.14406997532866453,0.13133709363010349,0.1578130227471068
northern_high_latitude,selfing_mating_system,0.15609690612167282,0.14437734595798082,0.13158351763642787,0.1581885216182462
northern_high_latitude,selfing_mating_system,0.19186435343743935,0.14468526150644834,0.13182670602503674,0.15856897496060307
northern_high_latitude,selfing_mating_system,0.22763180075320588,0.1449937224670492,0.13206667869655844,0.15895436543911848
northern_high_latitude,selfing_mating_system,0.2633992480689724,0.1453027293311247,0.13230345860211398,0.15934467265173913
northern_high_latitude,selfing_mating_system,0.29916669538473895,0.14561228258836528,0.13253707159668252,0.15973987327587674
northern_high_latitude,selfing_mating_system,0.3349341427005055,0.14592238272679986,0.1327675462847357,0.1601399412225986
northern_high_latitude,selfing_mating_system,0.370701590016272,0.14623303023278544,0.1329949138595692,0.16054484779712
northern_high_latitude,selfing_mating_system,0.40646903733203876,0.1465442255909969,0.13321920793774936,0.1609545618641816
northern_high_latitude,selfing_mating_system,0.4422364846478053,0.1468559692844163,0.13344046439006266,0.16136905001692298
northern_high_latitude,selfing_mating_system,0.4780039319635718,0.14716826179432255,0.13365872117030905,0.16178827674791202
northern_high_latitude,selfing_mating_system,0.5137713792793384,0.14748110360028072,0.13387401814321861,0.16221220462105057
northern_high_latitude,selfing_mating_system,0.5495388265951049,0.1477944951801319,0.13408639691269633,0.16264079444315133
northern_high_latitude,selfing_mating_system,0.5853062739108714,0.14810843700998225,0.13429590065151606,0.16307400543406533
northern_high_latitude,selfing_mating_system,0.621073721226638,0.14842292956419276,0.13450257393349072,0.16351179539433255
northern_high_latitude,selfing_mating_system,0.6568411685424045,0.14873797331536842,0.13470646256904875,0.1639541208694258
northern_high_latitude,selfing_mating_system,0.692608615858171,0.14905356873434802,0.13490761344504495,0.16440093730975994
northern_high_latitude,selfing_mating_system,0.7283760631739375,0.14936971629019308,0.13510607436952937,0.16485219922574257
northern_high_latitude,selfing_mating_system,0.7641435104897041,0.1496864164501777,0.13530189392209693,0.16530786033724337
northern_high_latitude,selfing_mating_system,0.7999109578054706,0.15000366967977752,0.13549512131033756,0.16576787371696283
northern_high_latitude,selfing_mating_system,0.8356784051212371,0.15032147644265928,0.13568580623281007,0.1662321919272766
northern_high_latitude,selfing_mating_system,0.8714458524370037,0.15063983720067017,0.1358739987488698,0.16670076715022575
northern_high_latitude,selfing_mating_system,0.9072132997527702,0.15095875241382709,0.13605974915559146,0.16717355131041126
northern_high_latitude,selfing_mating_system,0.9429807470685367,0.15127822254030585,0.13624310787194832,0.16765049619063244
northern_high_latitude,selfing_mating_system,0.9787481943843033,0.15159824803643068,0.13642412533033235,0.16813155354018292
northern_high_latitude,selfing_mating_system,1.0145156417000698,0.15191882935666323,0.13660285187543347,0.16861667517578827
northern_high_latitude,selfing_mating_system,1.0502830890158363,0.15223996695359204,0.13677933767043407,0.16910581307522723
northern_high_latitude,selfing_mating_system,1.0860505363316029,0.15256166127792165,0.13695363261042148,0.169598919463735
northern_high_latitude,selfing_mating_system,1.1218179836473694,0.15288391277846178,0.137125786242875,0.17009594689333166
northern_high_latitude,selfing_mating_system,1.157585430963136,0.15320672190211673,0.13729584769504224,0.17059684831526056
northern_high_latitude,selfing_mating_system,1.1933528782789025,0.15353008909387428,0.13746386560798846,0.171101577145754
northern_high_latitude,selfing_mating_system,1.229120325594669,0.15385401479679509,0.13762988807707283,0.17161008732537109
northern_high_latitude,selfing_mating_system,1.2648877729104357,0.1541784994520017,0.13779396259858492,0.17212233337217556
northern_high_latitude,autonomous_selfing,-1.6026687685719574,0.4501396733436713,0.4248481579623627,0.47569155405938357
northern_high_latitude,autonomous_selfing,-1.5669315797873122,0.4507082507972689,0.42586401194936435,0.47580073145887786
northern_high_latitude,autonomous_selfing,-1.5311943910026669,0.45127695701154313,0.42687622876062736,0.4759142575959885
northern_high_latitude,autonomous_selfing,-1.4954572022180217,0.45184579052956714,0.4278845501875615,0.4760323796359137
northern_high_latitude,autonomous_selfing,-1.4597200134333765,0.45241474989309005,0.4288887016657962,0.47615536107116796
northern_high_latitude,autonomous_selfing,-1.4239828246487312,0.45298383364255185,0.42988839121926764,0.47628348277791827
northern_high_latitude,autonomous_selfing,-1.388245635864086,0.45355304031709764,0.4308833083668407,0.47641704410978786
northern_high_latitude,autonomous_selfing,-1.3525084470794408,0.4541223684545928,0.43187312299916514,0.4765563640214291
northern_high_latitude,autonomous_selfing,-1.3167712582947955,0.4546918165916377,0.432857484236261,0.4767017822113683
northern_high_latitude,autonomous_selfing,-1.28103406951015,0.45526138326358273,0.4338360192797049,0.47685366027025217
northern_high_latitude,autonomous_selfing,-1.245296880725505,0.45583106700454257,0.43480833227730487,0.4770123828166089
northern_high_latitude,autonomous_selfing,-1.2095596919408598,0.45640086634741184,0.43577400322288323,0.4771783585975017
northern_high_latitude,autonomous_selfing,-1.1738225031562144,0.45697077982387946,0.43673258691927014,0.47735202152597606
northern_high_latitude,autonomous_selfing,-1.1380853143715692,0.4575408059644441,0.43768361203887673,0.47753383162092744
northern_high_latitude,autonomous_selfing,-1.102348125586924,0.45811094329842833,0.4386265803232422,0.47772427580799887
northern_high_latitude,autonomous_selfing,-1.0666109368022787,0.45868119035399496,0.43956096597065364,0.4779238685324065
northern_high_latitude,autonomous_selfing,-1.0308737480176335,0.4592515456581604,0.44048621526916504,0.4781331521263688
northern_high_latitude,autonomous_selfing,-0.9951365592329883,0.4598220077368113,0.44140174654081765,0.47835269686533693
northern_high_latitude,autonomous_selfing,-0.959399370448343,0.46039257511471854,0.4423069504711799,0.47858310063890586
northern_high_latitude,autonomous_selfing,-0.9236621816636978,0.4609632463155529,0.4432011909059139,0.4788249881547023
northern_high_latitude,autonomous_selfing,-0.8879249928790526,0.4615340198618997,0.444083806202162,0.4790790095874545
northern_high_latitude,autonomous_selfing,-0.8521878040944073,0.4621048942752747,0.44495411122617196,0.4793458385818241
northern_high_latitude,autonomous_selfing,-0.8164506153097622,0.46267586807613836,0.44581140008858183,0.47962616951758114
northern_high_latitude,autonomous_selfing,-0.7807134265251169,0.46324693978391174,0.4466549497038275,0.4799207139506579
northern_high_latitude,autonomous_selfing,-0.7449762377404716,0.4638181079169914,0.44748402424883793,0.48023019615491686
northern_high_latitude,autonomous_selfing,-0.7092390489558263,0.46438937099276506,0.44829788057716485,0.48055534770848557
northern_high_latitude,autonomous_selfing,-0.6735018601711811,0.46496072752762585,0.44909577461686034,0.48089690109634564
northern_high_latitude,autonomous_selfing,-0.6377646713865359,0.46553217603698893,0.44987696874311517,0.48125558233816296
northern_high_latitude,autonomous_selfing,-0.6020274826018908,0.4661037150353059,0.4506407400700362,0.481632102696979
northern_high_latitude,autonomous_selfing,-0.5662902938172454,0.46667534303608016,0.4513863895511345,0.4820271495791955
northern_high_latitude,autonomous_selfing,-0.5305531050326002,0.4672470585518829,0.452113251717566,0.4824413767968049
northern_high_latitude,autonomous_selfing,-0.49481591624795485,0.4678188600943678,0.4528207048207453,0.4828753944252519
northern_high_latitude,autonomous_selfing,-0.4590787274633097,0.4683907461742866,0.4535081810867854,0.4833297585494694
northern_high_latitude,autonomous_selfing,-0.42334153867866453,0.4689627153015049,0.45417517674040225,0.48380496124045014
northern_high_latitude,autonomous_selfing,-0.38760434989401915,0.46953476598501726,0.4548212614219397,0.4843014211387011
northern_high_latitude,autonomous_selfing,-0.351867161109374,0.4701068967329622,0.45544608660895697,0.48481947503313544
northern_high_latitude,autonomous_selfing,-0.3161299723247286,0.47067910605263863,0.45604939266785444,0.4853593708099273
northern_high_latitude,autonomous_selfing,-0.28039278354008346,0.4712513924505209,0.4566310142033193,0.48592126210354913
northern_high_latitude,autonomous_selfing,-0.2446555947554383,0.47182375443227387,0.4571908834428583,0.48650520491272187
northern_high_latitude,autonomous_selfing,-0.20891840597079292,0.4723961905027692,0.45772903148592187,0.4871111563517754
northern_high_latitude,autonomous_selfing,-0.17318121718614776,0.47296869916610046,0.45824558735464777,0.48773897560039003
northern_high_latitude,autonomous_selfing,-0.1374440284015026,0.47354127892559855,0.4587407748964983,0.48838842700144736
northern_high_latitude,autonomous_selfing,-0.10170683961685723,0.47411392828384785,0.45921490769764367,0.48905918514813357
northern_high_latitude,autonomous_selfing,-0.06596965083221207,0.4746866457427011,0.45966838226015083,0.4897508417072389
northern_high_latitude,autonomous_selfing,-0.03023246204756691,0.47525942980329566,0.4601016697681553,0.49046291365347644
northern_high_latitude,autonomous_selfing,0.005504726737078469,0.4758322789660687,0.46051530681346586,0.4911948525443676
northern_high_latitude,autonomous_selfing,0.04124191552172363,0.476405191730773,0.4609098854680587,0.4919460544482389
northern_high_latitude,autonomous_selfing,0.076979104306369,0.4769781665964928,0.4612860430813987,0.4927158701473931
northern_high_latitude,autonomous_selfing,0.11271629309101416,0.4775512020616588,0.4616444521487286,0.49350361527031295
northern_high_latitude,autonomous_selfing,0.14845348187565932,0.47812429662406497,0.46198581054822724,0.49430858005499684
northern_high_latitude,autonomous_selfing,0.1841906706603047,0.4786974487808831,0.4623108323866929,0.4951300385037689
northern_high_latitude,autonomous_selfing,0.21992785944494986,0.47927065702867927,0.46262023963131976,0.4959672567519981
northern_high_latitude,autonomous_selfing,0.25566504822959524,0.4798439198634291,0.46291475464443216,0.49681950053385954
northern_high_latitude,autonomous_selfing,0.2914022370142404,0.4804172357805341,0.4631950936827043,0.49768604168361047
northern_high_latitude,autonomous_selfing,0.32713942579888555,0.48099060327483667,0.4634619613749821,0.49856616365826456
northern_high_latitude,autonomous_selfing,0.36287661458353093,0.48156402084063654,0.46371604615463746,0.49945916610573565
northern_high_latitude,autonomous_selfing,0.39861380336817587,0.48213748697170605,0.4639580165936301,0.5003643685312721
northern_high_latitude,autonomous_selfing,0.43435099215282125,0.48271100016130647,0.4641885185655815,0.5012811131348817
northern_high_latitude,autonomous_selfing,0.4700881809374666,0.48328455890220295,0.4644081731530834,0.5022087669045201
northern_high_latitude,autonomous_selfing,0.505825369722112,0.4838581616866815,0.46461757520886576,0.5031467230554223
northern_high_latitude,autonomous_selfing,0.5415625585067569,0.4844318070065636,0.4648172924799112,0.5040944019064855
northern_high_latitude,autonomous_selfing,0.5772997472914023,0.485005493353223,0.46500786520682763,0.5050512512813966
northern_high_latitude,autonomous_selfing,0.6130369360760477,0.48557921921760117,0.465189806116572,0.506016746516406
northern_high_latitude,autonomous_selfing,0.6487741248606926,0.486152983090223,0.46536360073400257,0.5069903901492755
northern_high_latitude,autonomous_selfing,0.684511313645338,0.48672678346121306,0.46552970794591453,0.5079717113557403
northern_high_latitude,autonomous_selfing,0.7202485024299834,0.48730061882031095,0.46568856075962284,0.5089602651914267
northern_high_latitude,autonomous_selfing,0.7559856912146283,0.4878744876568879,0.4658405672063478,0.5099556316889646
northern_high_latitude,autonomous_selfing,0.7917228799992737,0.4884483884599618,0.4659861113473716,0.5109574148523299
northern_high_latitude,autonomous_selfing,0.8274600687839191,0.48902231971821386,0.4661255543479831,0.5119652415833992
northern_high_latitude,autonomous_selfing,0.863197257568564,0.48959627992000415,0.46625923559053223,0.5129787605693928
northern_high_latitude,autonomous_selfing,0.8989344463532094,0.49017026755338744,0.4663874738034498,0.5139976411543546
northern_high_latitude,autonomous_selfing,0.9346716351378548,0.49074428110612933,0.46651056818786807,0.5150215722130288
northern_high_latitude,autonomous_selfing,0.9704088239225002,0.4913183190657222,0.4666287995275469,0.516050261041432
northern_high_latitude,autonomous_selfing,1.006146012707145,0.4918923799194009,0.46674243127123655,0.5170834322749875
northern_high_latitude,autonomous_selfing,1.0418832014917905,0.49246646215415874,0.4668517105794503,0.5181208268422508
northern_high_latitude,autonomous_selfing,1.0776203902764359,0.49304056425676374,0.4669568693299567,0.5191622009599121
northern_high_latitude,autonomous_selfing,1.1133575790610808,0.4936146847137741,0.46705812507820116,0.5202073251728733
northern_high_latitude,autonomous_selfing,1.1490947678457262,0.4941888220115549,0.46715568197038065,0.521255983441667
northern_high_latitude,autonomous_selfing,1.1848319566303716,0.4947629746362929,0.46724973160811195,0.5223079722782845
northern_high_latitude,autonomous_selfing,1.2205691454150165,0.4953371410740137,0.4673404538645609,0.5233630999305406
northern_high_latitude,autonomous_selfing,1.2563063341996619,0.49591131981059683,0.46742801765263203,0.5244211856143777
northern_high_latitude,plain_colour,-1.5422497138556182,0.5836675729534752,0.5571675360634664,0.6096926897673277
northern_high_latitude,plain_colour,-1.507021494350483,0.583973671573638,0.5577963568108926,0.609685699800172
northern_high_latitude,plain_colour,-1.471793274845348,0.5842797054363253,0.5584217376346349,0.6096818507336569
northern_high_latitude,plain_colour,-1.4365650553402127,0.5845856743193097,0.55904356012058,0.6096812578270379
northern_high_latitude,plain_colour,-1.4013368358350775,0.5848915780005612,0.5596617015114282,0.6096840406878774
northern_high_latitude,plain_colour,-1.3661086163299425,0.5851974162582481,0.5602760346029314,0.6096903233758617
northern_high_latitude,plain_colour,-1.3308803968248073,0.5855031888707369,0.5608864276481295,0.6097002344986151
northern_high_latitude,plain_colour,-1.295652177319672,0.5858088956165941,0.5614927442714229,0.6097139072976807
northern_high_latitude,plain_colour,-1.260423957814537,0.5861145362745854,0.5620948433945151,0.6097314797226295
northern_high_latitude,plain_colour,-1.2251957383094019,0.5864201106236777,0.5626925791764796,0.6097530944910451
northern_high_latitude,plain_colour,-1.1899675188042669,0.5867256184430384,0.5632858009704194,0.609778899131916
northern_high_latitude,plain_colour,-1.1547392992991317,0.5870310595120368,0.5638743532994118,0.6098090460097418
northern_high_latitude,plain_colour,-1.1195110797939964,0.5873364336102448,0.5644580758546565,0.6098436923264378
northern_high_latitude,plain_colour,-1.0842828602888614,0.587641740517437,0.5650368035189574,0.609883000097902
northern_high_latitude,plain_colour,-1.0490546407837262,0.5879469800135912,0.5656103664188805,0.6099271361019093
northern_high_latitude,plain_colour,-1.013826421278591,0.5882521518788901,0.5661785900091132,0.6099762717938031
northern_high_latitude,plain_colour,-0.9785982017734559,0.5885572558937202,0.5667412951927112,0.610030583186298
northern_high_latitude,plain_colour,-0.9433699822683208,0.588862291838674,0.5672982984810439,0.6100902506895848
northern_high_latitude,plain_colour,-0.9081417627631856,0.5891672594945496,0.5678494121973209,0.6101554589078539
northern_high_latitude,plain_colour,-0.8729135432580505,0.5894721586423517,0.5683944447275975,0.6102263963883402
northern_high_latitude,plain_colour,-0.8376853237529154,0.5897769890632918,0.568933200823095,0.6103032553190512
northern_high_latitude,plain_colour,-0.8024571042477802,0.5900817505387894,0.5694654819575212,0.6103862311714965
northern_high_latitude,plain_colour,-0.7672288847426451,0.5903864428504724,0.5699910867428271,0.6104755222849809
northern_high_latitude,plain_colour,-0.73200066523751,0.5906910657801769,0.5705098114064587,0.6105713293893996
northern_high_latitude,plain_colour,-0.6967724457323747,0.5909956191099491,0.5710214503326698,0.6106738550639761
northern_high_latitude,plain_colour,-0.6615442262272396,0.591300102622045,0.5715257966698065,0.6107833031300243
northern_high_latitude,plain_colour,-0.6263160067221045,0.591604516098931,0.5720226430046871,0.6108998779766184
northern_high_latitude,plain_colour,-0.5910877872169694,0.591908859323285,0.5725117821042367,0.6110237838190054
northern_high_latitude,plain_colour,-0.5558595677118342,0.5922131320779962,0.572993007723428,0.6111552238907121
northern_high_latitude,plain_colour,-0.5206313482066991,0.5925173341461669,0.573466115477311,0.6112943995715633
northern_high_latitude,plain_colour,-0.4854031287015639,0.5928214653111117,0.5739309037735066,0.6114415094552351
northern_high_latitude,plain_colour,-0.4501749091964289,0.5931255253563589,0.5743871748000154,0.6115967483614932
northern_high_latitude,plain_colour,-0.41494668969129367,0.5934295140656508,0.5748347355615749,0.6117603062998831
northern_high_latitude,plain_colour,-0.37971847018615845,0.5937334312229446,0.5752733989561345,0.6119323673933006
northern_high_latitude,plain_colour,-0.34449025068102346,0.5940372766124125,0.5757029848813487,0.6121131087715465
northern_high_latitude,plain_colour,-0.30926203117588824,0.5943410500184423,0.5761233213593749,0.612302699446573
northern_high_latitude,plain_colour,-0.274033811670753,0.5946447512256388,0.5765342456667638,0.612501299182641
northern_high_latitude,plain_colour,-0.23880559216561803,0.5949483800188229,0.5769356054549164,0.6127090573759076
northern_high_latitude,plain_colour,-0.2035773726604828,0.5952519361830338,0.5773272598455178,0.6129261119590382
northern_high_latitude,plain_colour,-0.1683491531553476,0.5955554195035284,0.5777090804846147,0.613152588347174
northern_high_latitude,plain_colour,-0.1331209336502126,0.5958588297657821,0.5780809525386309,0.6133885984419613
northern_high_latitude,plain_colour,-0.09789271414507739,0.5961621667554896,0.5784427756156789,0.6136342397102845
northern_high_latitude,plain_colour,-0.06266449463994217,0.5964654302585655,0.5787944645960403,0.6138895943538306
northern_high_latitude,plain_colour,-0.027436275134807175,0.5967686200611447,0.5791359503566873,0.614154728584612
northern_high_latitude,plain_colour,0.007791944370328041,0.5970717359495826,0.5794671803761842,0.6144296920201073
northern_high_latitude,plain_colour,0.04302016387546326,0.5973747777104567,0.5797881192082346,0.6147145172097601
northern_high_latitude,plain_colour,0.07824838338059825,0.5976777451305658,0.580098748814444,0.6150092193022582
northern_high_latitude,plain_colour,0.11347660288573347,0.5979806379969318,0.5803990687495265,0.6153137958603702
northern_high_latitude,plain_colour,0.14870482239086869,0.5982834560967994,0.5806890961950661,0.6156282268272281
northern_high_latitude,plain_colour,0.18393304189600368,0.598586199217637,0.5809688658409778,0.6159524746449077
northern_high_latitude,plain_colour,0.2191612614011389,0.5988888671471373,0.5812384296168782,0.6162864845231011
northern_high_latitude,plain_colour,0.2543894809062739,0.5991914596732175,0.5814978562785622,0.616630184852682
northern_high_latitude,plain_colour,0.2896177004114091,0.5994939765840205,0.581747230857591,0.6169834877561592
northern_high_latitude,plain_colour,0.3248459199165443,0.5997964176679146,0.5819866539845162,0.6173462897644943
northern_high_latitude,plain_colour,0.3600741394216793,0.6000987827134948,0.5822162410984372,0.6177184726075867
northern_high_latitude,plain_colour,0.39530235892681453,0.6004010715095831,0.5824361215573233,0.6180999041039906
northern_high_latitude,plain_colour,0.43053057843194975,0.6007032838452286,0.5826464376648215,0.6184904391341495
northern_high_latitude,plain_colour,0.46575879793708497,0.601005419509709,0.5828473436300655,0.6188899206806271
northern_high_latitude,plain_colour,0.50098701744222,0.60130747829253,0.5830390044773267,0.6192981809184973
northern_high_latitude,plain_colour,0.536215236947355,0.6016094599834264,0.5832215949222228,0.619715042339175
northern_high_latitude,plain_colour,0.5714434564524904,0.6019113643723633,0.5833952982306589,0.6201403188915144
northern_high_latitude,plain_colour,0.6066716759576254,0.6022131912495351,0.5835603050757832,0.6205738171248942
northern_high_latitude,plain_colour,0.6418998954627604,0.6025149404053677,0.583716812407045,0.6210153373201972
northern_high_latitude,plain_colour,0.6771281149678958,0.6028166116305176,0.5838650223440364,0.6214646745960085
northern_high_latitude,plain_colour,0.7123563344730308,0.6031182047158734,0.5840051411062159,0.6219216199789307
northern_high_latitude,plain_colour,0.7475845539781658,0.6034197194525561,0.5841373779879583,0.6223859614285715
northern_high_latitude,plain_colour,0.7828127734833012,0.6037211556319192,0.5842619443866744,0.622857484809463
northern_high_latitude,plain_colour,0.8180409929884362,0.6040225130455497,0.5843790528900789,0.6233359748038318
northern_high_latitude,plain_colour,0.8532692124935712,0.6043237914852685,0.584488916427079,0.6238212157607463
northern_high_latitude,plain_colour,0.8884974319987067,0.6046249907431309,0.5845917474852642,0.6243129924786667
northern_high_latitude,plain_colour,0.9237256515038417,0.6049261106114271,0.5846877573966041,0.6248110909197824
northern_high_latitude,plain_colour,0.9589538710089767,0.605227150882683,0.5847771556917508,0.6253152988557465
northern_high_latitude,plain_colour,0.9941820905141121,0.6055281113496599,0.5848601495222793,0.6258254064454736
northern_high_latitude,plain_colour,1.029410310019247,0.6058289918053561,0.5849369431492978,0.6263412067465625
northern_high_latitude,plain_colour,1.064638529524382,0.6061297920430067,0.585007737496133,0.6268624961626501
northern_high_latitude,plain_colour,1.0998667490295175,0.6064305118560842,0.5850727297621903,0.6273890748295851
northern_high_latitude,plain_colour,1.1350949685346525,0.6067311510382994,0.5851321130946573,0.6279207469437594
northern_high_latitude,plain_colour,1.1703231880397875,0.6070317093836016,0.5851860763143908,0.6284573210362578
northern_high_latitude,plain_colour,1.205551407544923,0.6073321866861788,0.5852348036921245,0.6289986101966839
northern_high_latitude,plain_colour,1.240779627050058,0.6076325827404591,0.5852784747710261,0.6295444322506375
northern_high_latitude,plain_colour,1.276007846555193,0.6079328973411103,0.5853172642316111,0.6300946098948352
northern_high_latitude,generalized_form,-1.5917542280914774,0.71231701113488,0.6914061926844813,0.7323593747112247
northern_high_latitude,generalized_form,-1.5558448894922716,0.7127249481439198,0.6918085096157957,0.7327701681207969
northern_high_latitude,generalized_form,-1.5199355508930656,0.7131325396539666,0.6921979823659101,0.7331920867376834
northern_high_latitude,generalized_form,-1.48402621229386,0.7135397852964862,0.6925746985183252,0.7336250390132147
northern_high_latitude,generalized_form,-1.4481168736946541,0.7139466847049402,0.692938766020653,0.7340689130828908
northern_high_latitude,generalized_form,-1.4122075350954484,0.7143532375147849,0.6932903124115448,0.7345235775394099
northern_high_latitude,generalized_form,-1.3762981964962426,0.7147594433634717,0.6936294838950261,0.7349888823582873
northern_high_latitude,generalized_form,-1.3403888578970367,0.7151653018904448,0.6939564442794042,0.7354646599588982
northern_high_latitude,generalized_form,-1.304479519297831,0.7155708127371414,0.6942713737999452,0.7359507263817481
northern_high_latitude,generalized_form,-1.2685701806986251,0.7159759755469906,0.6945744678459309,0.7364468825613647
northern_high_latitude,generalized_form,-1.2326608420994192,0.7163807899654122,0.6948659356134862,0.7369529156734118
northern_high_latitude,generalized_form,-1.1967515035002134,0.7167852556398165,0.695145998705752,0.7374686005344584
northern_high_latitude,generalized_form,-1.1608421649010077,0.717189372219603,0.6954148897015716,0.7379937010332327
northern_high_latitude,generalized_form,-1.124932826301802,0.7175931393561594,0.6956728507129464,0.7385279715731009
northern_high_latitude,generalized_form,-1.0890234877025962,0.7179965567028608,0.6959201319501827,0.7390711585068571
northern_high_latitude,generalized_form,-1.0531141491033902,0.7183996239150688,0.6961569903119469,0.7396230015465991
northern_high_latitude,generalized_form,-1.0172048105041844,0.7188023406501305,0.696383688015508,0.7401832351334163
northern_high_latitude,generalized_form,-0.9812954719049787,0.7192047065673779,0.6966004912803265,0.7407515897537285
northern_high_latitude,generalized_form,-0.9453861333057728,0.7196067213281255,0.6968076690759563,0.7413277931913094
northern_high_latitude,generalized_form,-0.909476794706567,0.7200083845956713,0.697005491943026,0.7419115717062289
northern_high_latitude,generalized_form,-0.8735674561073612,0.7204096960352939,0.6971942308939311,0.7425026511340818
northern_high_latitude,generalized_form,-0.8376581175081554,0.7208106553142529,0.6973741563978435,0.7431007579008977
northern_high_latitude,generalized_form,-0.8017487789089496,0.7212112621017868,0.6975455374527867,0.7437056199509819
northern_high_latitude,generalized_form,-0.7658394403097437,0.7216115160691121,0.6977086407458452,0.7443169675866221
northern_high_latitude,generalized_form,-0.729930101710538,0.7220114168894225,0.697863729901106,0.7449345342200576
northern_high_latitude,generalized_form,-0.6940207631113322,0.7224109642378876,0.6980110648136734,0.7455580570393772
northern_high_latitude,generalized_form,-0.6581114245121263,0.7228101577916517,0.6981509010670482,0.7461872775910464
northern_high_latitude,generalized_form,-0.6222020859129205,0.7232089972298325,0.6982834894303283,0.7468219422826148
northern_high_latitude,generalized_form,-0.5862927473137147,0.7236074822335198,0.6984090754310285,0.7474618028098001
northern_high_latitude,generalized_form,-0.550383408714509,0.7240056124857751,0.6985278989988576,0.7481066165126132
northern_high_latitude,generalized_form,-0.514474070115303,0.7244033876716289,0.6986401941754627,0.7487561466655147
northern_high_latitude,generalized_form,-0.47856473151609724,0.7248008074780812,0.6987461888849857,0.7494101627067564
northern_high_latitude,generalized_form,-0.4426553929168915,0.7251978715940984,0.698846104760207,0.7500684404121346
northern_high_latitude,generalized_form,-0.40674605431768573,0.7255945797106137,0.6989401570190976,0.7507307620183317
northern_high_latitude,generalized_form,-0.37083671571848,0.7259909315205241,0.6990285543867156,0.7513969163009132
northern_high_latitude,generalized_form,-0.334927377119274,0.7263869267186907,0.6991114990575658,0.7520666986118584
northern_high_latitude,generalized_form,-0.29901803852006825,0.726782565001936,0.6991891866937713,0.7527399108812771
northern_high_latitude,generalized_form,-0.2631086999208625,0.7271778460690438,0.6992618064546697,0.7534163615877019
northern_high_latitude,generalized_form,-0.22719936132165652,0.7275727696207561,0.6993295410537318,0.7540958657010529
northern_high_latitude,generalized_form,-0.19129002272245077,0.7279673353597738,0.6993925668390025,0.754778244602081
northern_high_latitude,generalized_form,-0.15538068412324502,0.7283615429907532,0.699451053893571,0.7554633259817796
northern_high_latitude,generalized_form,-0.11947134552403926,0.7287553922203062,0.6995051661528717,0.756150943723962
northern_high_latitude,generalized_form,-0.08356200692483351,0.7291488827569979,0.6995550615359291,0.7568409377738965
northern_high_latitude,generalized_form,-0.047652668325627534,0.7295420143113451,0.6996008920879287,0.7575331539956099
northern_high_latitude,generalized_form,-0.01174332972642178,0.7299347865958156,0.6996428041317849,0.7582274440201949
northern_high_latitude,generalized_form,0.024166008872783973,0.7303271993248255,0.6996809384266223,0.7589236650872023
northern_high_latitude,generalized_form,0.06007534747198995,0.7307192522147389,0.6997154303313314,0.7596216798809549
northern_high_latitude,generalized_form,0.0959846860711957,0.7311109449838655,0.6997464099715845,0.760321356363402
northern_high_latitude,generalized_form,0.13189402467040146,0.7315022773524591,0.6997740024088969,0.7610225676049266
northern_high_latitude,generalized_form,0.1678033632696072,0.7318932490427165,0.6997983278105112,0.761725191614326
northern_high_latitude,generalized_form,0.20371270186881296,0.7322838597787753,0.6998195016190487,0.7624291111690258
northern_high_latitude,generalized_form,0.23962204046801894,0.7326741092867125,0.6998376347210276,0.7631342136464244
northern_high_latitude,generalized_form,0.2755313790672247,0.7330639972945433,0.6998528336134869,0.763840390857131
northern_high_latitude,generalized_form,0.31144071766643044,0.7334535235322185,0.6998652005680748,0.7645475388807373
northern_high_latitude,generalized_form,0.3473500562656364,0.7338426877316236,0.6998748337920727,0.7652555579046502
northern_high_latitude,generalized_form,0.3832593948648422,0.7342314896265771,0.6998818275859277,0.7659643520664187
northern_high_latitude,generalized_form,0.4191687334640479,0.734619928952828,0.699886272496941,0.7666738292998988
northern_high_latitude,generalized_form,0.4550780720632537,0.7350080054480551,0.6998882554688484,0.7673839011855283
northern_high_latitude,generalized_form,0.49098741066245943,0.7353957188518643,0.6998878599870844,0.7680944828049148
northern_high_latitude,generalized_form,0.5268967492616652,0.7357830689057876,0.6998851662195844,0.768805492599884
northern_high_latitude,generalized_form,0.5628060878608714,0.736170055353281,0.6998802511530282,0.7695168522360871
northern_high_latitude,generalized_form,0.5987154264600771,0.7365566779397225,0.6998731887244655,0.7702284864712223
northern_high_latitude,generalized_form,0.6346247650592829,0.7369429364124108,0.6998640499483099,0.7709403230278886
northern_high_latitude,generalized_form,0.6705341036584886,0.7373288305205629,0.6998529030387091,0.7716522924710612
northern_high_latitude,generalized_form,0.7064434422576944,0.7377143600153124,0.6998398135273294,0.7723643280901504
northern_high_latitude,generalized_form,0.7423527808569002,0.7380995246497083,0.6998248443766157,0.773076365785586
northern_high_latitude,generalized_form,0.7782621194561059,0.7384843241787118,0.6998080560886017,0.7737883439598473
northern_high_latitude,generalized_form,0.8141714580553117,0.7388687583591957,0.6997895068093624,0.7745002034128522
northern_high_latitude,generalized_form,0.8500807966545174,0.7392528269499417,0.6997692524292134,0.7752118872415965
northern_high_latitude,generalized_form,0.8859901352537236,0.7396365297116387,0.6997473466787661,0.7759233407439361
northern_high_latitude,generalized_form,0.9218994738529294,0.7400198664068812,0.6997238412209624,0.7766345113263908
northern_high_latitude,generalized_form,0.9578088124521351,0.7404028368001665,0.6996987857392074,0.7773453484158457
northern_high_latitude,generalized_form,0.9937181510513409,0.7407854406578932,0.6996722280217327,0.7780558033750222
northern_high_latitude,generalized_form,1.0296274896505466,0.7411676777483598,0.6996442140423177,0.778765829421591
northern_high_latitude,generalized_form,1.0655368282497524,0.7415495478417616,0.6996147880374999,0.7794753815507935
northern_high_latitude,generalized_form,1.1014461668489581,0.7419310507101893,0.6995839925804039,0.780184416461443
northern_high_latitude,generalized_form,1.1373555054481643,0.7423121861276267,0.6995518686513215,0.7808928924851766
northern_high_latitude,generalized_form,1.17326484404737,0.7426929538699492,0.6995184557051665,0.7816007695188263
northern_high_latitude,generalized_form,1.2091741826465758,0.7430733537149204,0.6994837917359366,0.7823080089597879
northern_high_latitude,generalized_form,1.2450835212457816,0.7434533854421923,0.6994479133382991,0.7830145736442603
northern_high_latitude,generalized_form,1.2809928598449871,0.7438330488333003,0.6994108557664259,0.7837204277882369
northern_high_latitude,actinomorphic_symmetry,-1.6036688433445632,0.8019222529124937,0.7692421230704692,0.8309910463526529
northern_high_latitude,actinomorphic_symmetry,-1.5680163549636257,0.8032827218324935,0.7714435278561869,0.8316544329251452
northern_high_latitude,actinomorphic_symmetry,-1.532363866582688,0.8046361229907496,0.773611232643478,0.8323307855697613
northern_high_latitude,actinomorphic_symmetry,-1.4967113782017503,0.80598246181072,0.7757444496461098,0.8330208826575128
northern_high_latitude,actinomorphic_symmetry,-1.4610588898208128,0.8073217441774515,0.7778423655485727,0.8337255324175992
northern_high_latitude,actinomorphic_symmetry,-1.4254064014398753,0.808653976432061,0.7799041446665435,0.8344455697078352
northern_high_latitude,actinomorphic_symmetry,-1.3897539130589376,0.8099791653662033,0.781928933234415,0.8351818516570821
northern_high_latitude,actinomorphic_symmetry,-1.3541014246779999,0.8112973182165212,0.7839158649672416,0.8359352520323989
northern_high_latitude,actinomorphic_symmetry,-1.3184489362970624,0.8126084426590858,0.7858640680311569,0.8367066541969357
northern_high_latitude,actinomorphic_symmetry,-1.282796447916125,0.8139125468038233,0.787772673530376,0.8374969425505256
northern_high_latitude,actinomorphic_symmetry,-1.2471439595351872,0.8152096391889334,0.7896408255777332,0.8383069923860961
northern_high_latitude,actinomorphic_symmetry,-1.2114914711542495,0.8164997287752993,0.7914676929573002,0.8391376581534223
northern_high_latitude,actinomorphic_symmetry,-1.175838982773312,0.8177828249408913,0.7932524823110977,0.8399897601982803
northern_high_latitude,actinomorphic_symmetry,-1.1401864943923745,0.8190589374751645,0.7949944526880672,0.8408640701388944
northern_high_latitude,actinomorphic_symmetry,-1.1045340060114368,0.8203280765734551,0.7966929311855437,0.8417612951495108
northern_high_latitude,actinomorphic_symmetry,-1.068881517630499,0.821590252831372,0.7983473292974296,0.8426820615369538
northern_high_latitude,actinomorphic_symmetry,-1.0332290292495616,0.8228454772391901,0.7999571594681698,0.843626898111131
northern_high_latitude,actinomorphic_symmetry,-0.997576540868624,0.8240937611762437,0.8015220512490591,0.8445962199530168
northern_high_latitude,actinomorphic_symmetry,-0.9619240524876864,0.8253351164053206,0.803041766376698,0.845590313260355
northern_high_latitude,actinomorphic_symmetry,-0.9262715641067488,0.8265695550670633,0.8045162120558716,0.8466093219888677
northern_high_latitude,actinomorphic_symmetry,-0.8906190757258112,0.8277970896743712,0.8059454517419815,0.8476532369938913
northern_high_latitude,actinomorphic_symmetry,-0.8549665873448736,0.8290177331068124,0.8073297127882209,0.8487218883073098
northern_high_latitude,actinomorphic_symmetry,-0.819314098963936,0.8302314986050411,0.808669390450363,0.849814941056965
northern_high_latitude,actinomorphic_symmetry,-0.7836616105829984,0.8314383997652248,0.8099650479202424,0.8509318953575157
northern_high_latitude,actinomorphic_symmetry,-0.7480091222020608,0.8326384505334816,0.8112174122733201,0.8520720902874036
northern_high_latitude,actinomorphic_symmetry,-0.7123566338211232,0.8338316652003286,0.8124273664460255,0.8532347118362876
northern_high_latitude,actinomorphic_symmetry,-0.6767041454401856,0.8350180583951422,0.8135959375818644,0.8544188044839924
northern_high_latitude,actinomorphic_symmetry,-0.641051657059248,0.8361976450806343,0.8147242822793426,0.8556232858779789
northern_high_latitude,actinomorphic_symmetry,-0.6053991686783105,0.8373704405473414,0.8158136694213726,0.8568469639297019
northern_high_latitude,actinomorphic_symmetry,-0.5697466802973727,0.8385364604081302,0.8168654613536114,0.8580885555624577
northern_high_latitude,actinomorphic_symmetry,-0.5340941919164353,0.8396957205927208,0.8178810942045839,0.8593467063178987
northern_high_latitude,actinomorphic_symmetry,-0.49844170353549777,0.8408482373422278,0.8188620581076507,0.8606200100612026
northern_high_latitude,actinomorphic_symmetry,-0.46278921515456006,0.8419940272037204,0.8198098780041373,0.8619070281056078
northern_high_latitude,actinomorphic_symmetry,-0.42713672677362235,0.8431331070248038,0.8207260955922732,0.8632063071917109
northern_high_latitude,actinomorphic_symmetry,-0.39148423839268487,0.8442654939482206,0.8216122528532707,0.8645163958902203
northern_high_latitude,actinomorphic_symmetry,-0.3558317500117474,0.8453912054064754,0.8224698774482001,0.8658358591345507
northern_high_latitude,actinomorphic_symmetry,-0.3201792616308097,0.8465102591164818,0.8233004701490438,0.8671632907198981
northern_high_latitude,actinomorphic_symmetry,-0.28452677324987197,0.8476226730742347,0.8241054943528437,0.8684973237199163
northern_high_latitude,actinomorphic_symmetry,-0.24887428486893448,0.8487284655495063,0.8248863676340953,0.8698366388658652
northern_high_latitude,actinomorphic_symmetry,-0.213221796487997,0.8498276550805696,0.825644455219316,0.8711799710043316
northern_high_latitude,actinomorphic_symmetry,-0.1775693081070593,0.8509202604689466,0.8263810652183688,0.8725261137989633
northern_high_latitude,actinomorphic_symmetry,-0.14191681972612158,0.8520063007741865,0.8270974454174105,0.8738739228713728
northern_high_latitude,actinomorphic_symmetry,-0.1062643313451841,0.85308579530867,0.8277947814249824,0.8752223175897131
northern_high_latitude,actinomorphic_symmetry,-0.07061184296424661,0.8541587636324451,0.8284741959622838,0.8765702817139068
northern_high_latitude,actinomorphic_symmetry,-0.0349593545833089,0.8552252255480907,0.8291367490975301,0.8779168630976414
northern_high_latitude,actinomorphic_symmetry,0.0006931337976288088,0.8562852010956123,0.8297834392394847,0.8792611726320662
northern_high_latitude,actinomorphic_symmetry,0.036345622178566295,0.8573387105473683,0.8304152047241329,0.8806023825972324
northern_high_latitude,actinomorphic_symmetry,0.07199811055950378,0.8583857744030297,0.8310329258490474,0.8819397245667449
northern_high_latitude,actinomorphic_symmetry,0.10765059894044149,0.8594264133845702,0.8316374272307624,0.8832724869903206
northern_high_latitude,actinomorphic_symmetry,0.1433030873213792,0.8604606484312926,0.8322294803803888,0.8846000125590361
northern_high_latitude,actinomorphic_symmetry,0.17895557570231668,0.8614885006948861,0.8328098064110993,0.885921695439645
northern_high_latitude,actinomorphic_symmetry,0.21460806408325417,0.8625099915345219,0.8333790788076215,0.8872369784478359
northern_high_latitude,actinomorphic_symmetry,0.2502605524641919,0.86352514251198,0.8339379262023541,0.8885453502158279
northern_high_latitude,actinomorphic_symmetry,0.2859130408451296,0.8645339753868144,0.8344869351151458,0.8898463423972686
northern_high_latitude,actinomorphic_symmetry,0.32156552922606707,0.8655365121115544,0.8350266526242875,0.8911395269418956
northern_high_latitude,actinomorphic_symmetry,0.35721801760700456,0.8665327748269415,0.8355575889449799,0.8924245134636976
northern_high_latitude,actinomorphic_symmetry,0.39287050598794226,0.8675227858572045,0.8360802198986943,0.8937009467191707
northern_high_latitude,actinomorphic_symmetry,0.42852299436888,0.8685065677053722,0.8365949892625983,0.8949685042064948
northern_high_latitude,actinomorphic_symmetry,0.4641754827498177,0.8694841430486233,0.8371023109928087,0.8962268938918765
northern_high_latitude,actinomorphic_symmetry,0.49982797113075494,0.8704555347336779,0.8376025713188108,0.8974758520657146
northern_high_latitude,actinomorphic_symmetry,0.5354804595116927,0.8714207657722234,0.8380961307091458,0.8987151413284958
northern_high_latitude,actinomorphic_symmetry,0.5711329478926304,0.8723798593363844,0.8385833257105358,0.8999445487042447
northern_high_latitude,actinomorphic_symmetry,0.6067854362735676,0.8733328387542292,0.8390644706641335,0.9011638838778413
northern_high_latitude,actinomorphic_symmetry,0.6424379246545053,0.8742797275053181,0.83953985930366,0.9023729775514456
northern_high_latitude,actinomorphic_symmetry,0.678090413035443,0.875220549216292,0.840009766240911,0.9035716799145429
northern_high_latitude,actinomorphic_symmetry,0.7137429014163807,0.8761553276565011,0.8404744483445479,0.9047598592216897
northern_high_latitude,actinomorphic_symmetry,0.7493953897973185,0.8770840867336748,0.840934146018324,0.9059374004718114
northern_high_latitude,actinomorphic_symmetry,0.7850478781782557,0.8780068504896342,0.8413890843849502,0.907104204182838
northern_high_latitude,actinomorphic_symmetry,0.8207003665591934,0.8789236430960445,0.8418394743817459,0.9082601852555292
northern_high_latitude,actinomorphic_symmetry,0.8563528549401311,0.8798344888502101,0.8422855137740702,0.9094052719204913
northern_high_latitude,actinomorphic_symmetry,0.8920053433210684,0.8807394121709123,0.8427273880923108,0.9105394047625964
northern_high_latitude,actinomorphic_symmetry,0.9276578317020061,0.8816384375942883,0.8431652714979513,0.9116625358172837
northern_high_latitude,actinomorphic_symmetry,0.9633103200829438,0.882531589769753,0.843599327583951,0.912774627733494
northern_high_latitude,actinomorphic_symmetry,0.9989628084638815,0.8834188934559641,0.8440297101143728,0.913875652998304
northern_high_latitude,actinomorphic_symmetry,1.0346152968448192,0.884300373516829,0.8444565637078837,0.9149655932186161
northern_high_latitude,actinomorphic_symmetry,1.0702677852257565,0.8851760549175554,0.8448800244694568,0.9160444384555799
northern_high_latitude,actinomorphic_symmetry,1.1059202736066942,0.8860459627207449,0.8453002205742928,0.9171121866077036
northern_high_latitude,actinomorphic_symmetry,1.141572761987632,0.8869101220825291,0.8457172728077061,0.9181688428389161
northern_high_latitude,actinomorphic_symmetry,1.1772252503685692,0.8877685582487503,0.8461312950644311,0.9192144190481017
northern_high_latitude,actinomorphic_symmetry,1.2128777387495069,0.8886212965511844,0.8465423948105525,0.9202489333769032
northern_high_latitude,actinomorphic_symmetry,1.2485302271304448,0.8894683624038077,0.8469506735110133,0.9212724097528227
northern_high_latitude,shallow_open_tube,-1.3642560297538533,0.8755986680830079,0.8110231410854501,0.9202770961072474
northern_high_latitude,shallow_open_tube,-1.3264925651864687,0.8771076596671462,0.8149112836631895,0.9204442289148139
northern_high_latitude,shallow_open_tube,-1.2887291006190844,0.8786008849513748,0.8187219506203222,0.9206186041885143
northern_high_latitude,shallow_open_tube,-1.2509656360516999,0.8800784472125069,0.8224550068171578,0.9208007449047098
northern_high_latitude,shallow_open_tube,-1.2132021714843153,0.88154045057783,0.8261103096669449,0.9209912192309325
northern_high_latitude,shallow_open_tube,-1.175438706916931,0.8829869999788627,0.8296877032795343,0.9211906445553725
northern_high_latitude,shallow_open_tube,-1.1376752423495464,0.8844182011058861,0.8331870123639508,0.9213996917695946
northern_high_latitude,shallow_open_tube,-1.0999117777821619,0.8858341603632527,0.8366080359241137,0.9216190897741415
northern_high_latitude,shallow_open_tube,-1.0621483132147773,0.887234984825479,0.8399505408024828,0.9218496301558746
northern_high_latitude,shallow_open_tube,-1.024384848647393,0.8886207821941233,0.8432142551537988,0.9220921719582511
northern_high_latitude,shallow_open_tube,-0.9866213840800084,0.8899916607554528,0.8463988619669311,0.9223476464296264
northern_high_latitude,shallow_open_tube,-0.948857919512624,0.8913477293389018,0.8495039927988814,0.9226170615883699
northern_high_latitude,shallow_open_tube,-0.9110944549452396,0.892689097276321,0.8525292219429643,0.9229015063853626
northern_high_latitude,shallow_open_tube,-0.873330990377855,0.8940158743620201,0.8554740613245789,0.9232021541728027
northern_high_latitude,shallow_open_tube,-0.8355675258104706,0.8953281708136038,0.8583379565036378,0.9235202651023424
northern_high_latitude,shallow_open_tube,-0.797804061243086,0.8966260972335999,0.8611202842622251,0.9238571869758532
northern_high_latitude,shallow_open_tube,-0.7600405966757016,0.8979097645718768,0.863820352366811,0.9242143539611232
northern_high_latitude,shallow_open_tube,-0.7222771321083171,0.8991792840888542,0.866437402210491,0.9245932824684328
northern_high_latitude,shallow_open_tube,-0.6845136675409326,0.9004347673194982,0.8689706151516088,0.9249955633728675
northern_high_latitude,shallow_open_tube,-0.6467502029735481,0.9016763260381023,0.8714191234538706,0.9254228496782592
northern_high_latitude,shallow_open_tube,-0.6089867384061636,0.9029040722238499,0.8737820267753386,0.9258768386761923
northern_high_latitude,shallow_open_tube,-0.5712232738387791,0.9041181180271554,0.876058415117284,0.9263592476897342
northern_high_latitude,shallow_open_tube,-0.5334598092713947,0.9053185757367772,0.8782473989903099,0.9268717826449479
northern_high_latitude,shallow_open_tube,-0.49569634470401014,0.906505557747702,0.8803481472440963,0.9274160990241419
northern_high_latitude,shallow_open_tube,-0.4579328801366257,0.9076791765297932,0.8823599325050593,0.9279937552567273
northern_high_latitude,shallow_open_tube,-0.42016941556924126,0.9088395445971978,0.8842821834593481,0.9286061593102765
northern_high_latitude,shallow_open_tube,-0.3824059510018567,0.9099867744785065,0.8861145423289142,0.929254510133932
northern_high_latitude,shallow_open_tube,-0.34464248643447215,0.9111209786876627,0.8878569248890079,0.9299397366055868
northern_high_latitude,shallow_open_tube,-0.3068790218670878,0.9122422696956107,0.8895095793984119,0.9306624376111714
northern_high_latitude,shallow_open_tube,-0.26911555729970327,0.9133507599026803,0.8910731400425747,0.9314228276554475
northern_high_latitude,shallow_open_tube,-0.23135209273231871,0.9144465616116974,0.8925486701301335,0.9322206927632657
northern_high_latitude,shallow_open_tube,-0.19358862816493438,0.9155297870018148,0.8939376905125005,0.9330553612010027
northern_high_latitude,shallow_open_tube,-0.15582516359754983,0.9166005481030578,0.8952421896026765,0.9339256926412972
northern_high_latitude,shallow_open_tube,-0.11806169903016528,0.9176589567715715,0.8964646129036157,0.934830087859997
northern_high_latitude,shallow_open_tube,-0.08029823446278095,0.9187051246655686,0.8976078319157872,0.935766519094838
northern_high_latitude,shallow_open_tube,-0.042534769895396396,0.9197391632219636,0.8986750943576007,0.9367325791312993
northern_high_latitude,shallow_open_tube,-0.004771305328011843,0.920761183633689,0.8996699594407898,0.9377255453726089
northern_high_latitude,shallow_open_tube,0.03299215923937249,0.9217712968276818,0.9005962231915683,0.9387424539021073
northern_high_latitude,shallow_open_tube,0.07075562380675704,0.9227696134435361,0.9014578393270655,0.9397801780274602
northern_high_latitude,shallow_open_tube,0.10851908837414159,0.9237562438128071,0.9022588409806879,0.9408355060120294
northern_high_latitude,shallow_open_tube,0.14628255294152614,0.9247312979389618,0.9030032677603413,0.9419052135084108
northern_high_latitude,shallow_open_tube,0.18404601750891048,0.9256948854779663,0.9036951014473475,0.9429861273852296
northern_high_latitude,shallow_open_tube,0.22180948207629503,0.9266471157195,0.9043382123461569,0.9440751789359935
northern_high_latitude,shallow_open_tube,0.2595729466436796,0.9275880975687851,0.9049363170809527,0.945169445672814
northern_high_latitude,shallow_open_tube,0.2973364112110639,0.9285179395290291,0.9054929476401937,0.946266181902843
northern_high_latitude,shallow_open_tube,0.33509987577844846,0.9294367496844604,0.9060114307547138,0.9473628390006985
northern_high_latitude,shallow_open_tube,0.372863340345833,0.9303446356839576,0.9064948762589522,0.9484570767262056
northern_high_latitude,shallow_open_tube,0.41062680491321735,0.9312417047252546,0.9069461728886504,0.9495467671330143
northern_high_latitude,shallow_open_tube,0.4483902694806019,0.9321280635397181,0.9073679899541756,0.9506299926278555
northern_high_latitude,shallow_open_tube,0.48615373404798645,0.9330038183776838,0.9077627834365912,0.9517050396322262
northern_high_latitude,shallow_open_tube,0.5239171986153708,0.9338690749943419,0.9081328052314587,0.9527703891204625
northern_high_latitude,shallow_open_tube,0.5616806631827553,0.9347239386361657,0.9084801144727156,0.9538247051008087
northern_high_latitude,shallow_open_tube,0.5994441277501399,0.935568514027868,0.9088065900778498,0.9548668218972276
northern_high_latitude,shallow_open_tube,0.6372075923175244,0.9364029053598801,0.9091139438487387,0.9558957308965753
northern_high_latitude,shallow_open_tube,0.674971056884909,0.9372272162763411,0.9094037336309673,0.9569105672573367
northern_high_latitude,shallow_open_tube,0.7127345214522931,0.9380415498635882,0.90967737617502,0.9579105969355582
northern_high_latitude,shallow_open_tube,0.7504979860196777,0.9388460086391397,0.9099361594559469,0.9588952042704323
northern_high_latitude,shallow_open_tube,0.7882614505870622,0.9396406945411591,0.9101812542964922,0.9598638802836238
northern_high_latitude,shallow_open_tube,0.8260249151544468,0.9404257089183898,0.9104137252057416,0.9608162117793896
northern_high_latitude,shallow_open_tube,0.8637883797218313,0.9412011525205561,0.9106345403947819,0.9617518712831198
northern_high_latitude,shallow_open_tube,0.9015518442892159,0.9419671254892125,0.9108445809662172,0.9626706078206202
northern_high_latitude,shallow_open_tube,0.9393153088566,0.9427237273490402,0.9110446492987126,0.9635722385161405
northern_high_latitude,shallow_open_tube,0.9770787734239845,0.9434710569995746,0.9112354766636863,0.9644566409712364
northern_high_latitude,shallow_open_tube,1.014842237991369,0.9442092127073589,0.9114177301209665,0.9653237463768836
northern_high_latitude,shallow_open_tube,1.0526057025587536,0.9449382920985127,0.9115920187453643,0.9661735333061535
northern_high_latitude,shallow_open_tube,1.0903691671261382,0.9456583921517049,0.9117588992380079,0.9670060221328948
northern_high_latitude,shallow_open_tube,1.1281326316935227,0.9463696091915254,0.911918880975934,0.9678212700222304
northern_high_latitude,shallow_open_tube,1.1658960962609073,0.9470720388822419,0.9120724305516128,0.9686193664405456
northern_high_latitude,shallow_open_tube,1.2036595608282914,0.9477657762219374,0.9122199758513051,0.9694004291354223
northern_high_latitude,shallow_open_tube,1.241423025395676,0.9484509155370159,0.9123619097178561,0.9701646005393125
northern_high_latitude,shallow_open_tube,1.2791864899630605,0.9491275504770686,0.9124985932399886,0.9709120445543041
northern_high_latitude,shallow_open_tube,1.316949954530445,0.9497957740100925,0.9126303587065359,0.971642943678974
northern_high_latitude,shallow_open_tube,1.3547134190978296,0.9504556784180521,0.912757512260549,0.972357496441867
northern_high_latitude,shallow_open_tube,1.3924768836652142,0.9511073552927759,0.9128803362848233,0.973055915109536
northern_high_latitude,shallow_open_tube,1.4302403482325983,0.9517508955321786,0.9129990915472471,0.9737384236402564
northern_high_latitude,shallow_open_tube,1.4680038127999828,0.952386389336802,0.9131140191314436,0.9744052558574774
northern_high_latitude,shallow_open_tube,1.5057672773673674,0.953013926206664,0.9132253421755053,0.9750566538197649
northern_high_latitude,shallow_open_tube,1.543530741934752,0.9536335949384118,0.9133332674391872,0.97569286636645
northern_high_latitude,shallow_open_tube,1.5812942065021365,0.9542454836227651,0.9134379867177226,0.9763141478204145
northern_high_latitude,shallow_open_tube,1.619057671069521,0.9548496796422478,0.9135396781184572,0.9769207568314364
northern_high_latitude,shallow_open_tube,1.6568211356369058,0.9554462696691955,0.9136385072147185,0.9775129553453198
tropical,self_compatibility,-1.8006202791385155,0.7533841040697956,0.7092779728289909,0.7927539824397962
tropical,self_compatibility,-1.7604864426574705,0.7542116480748066,0.7108919267552269,0.7929310763370997
tropical,self_compatibility,-1.7203526061764254,0.7550373180844369,0.712498548109376,0.7931096640524179
tropical,self_compatibility,-1.6802187696953803,0.7558611122764128,0.7140977400129749,0.7932898180819892
tropical,self_compatibility,-1.640084933214335,0.7566830288739443,0.7156894017998376,0.7934716152634118
tropical,self_compatibility,-1.59995109673329,0.7575030661455788,0.7172734287065726,0.7936551370840823
tropical,self_compatibility,-1.5598172602522449,0.7583212224050542,0.7188497115386304,0.7938404700140091
tropical,self_compatibility,-1.5196834237711998,0.7591374960111499,0.7204181363099068,0.7940277058649827
tropical,self_compatibility,-1.4795495872901547,0.7599518853675374,0.7219785838537771,0.7942169421782219
tropical,self_compatibility,-1.4394157508091094,0.760764388922628,0.7235309294033065,0.7944082826427558
tropical,self_compatibility,-1.3992819143280646,0.7615750051694187,0.7250750421382345,0.7946018375469446
tropical,self_compatibility,-1.3591480778470193,0.7623837326453388,0.7266107846961959,0.7947977242656761
tropical,self_compatibility,-1.3190142413659742,0.763190569932092,0.7281380126455183,0.794996067785903
tropical,self_compatibility,-1.2788804048849292,0.7639955156555,0.7296565739168128,0.7951970012732993
tropical,self_compatibility,-1.238746568403884,0.7647985684853414,0.7311663081905043,0.7954006666828995
tropical,self_compatibility,-1.198612731922839,0.7655997271351934,0.7326670462373698,0.795607215416644
tropical,self_compatibility,-1.1584788954417937,0.766398990362267,0.7341586092091654,0.7958168090307592
tropical,self_compatibility,-1.1183450589607489,0.7671963569672453,0.7356408078764639,0.7960296199958474
tropical,self_compatibility,-1.0782112224797036,0.767991825794118,0.7371134418109678,0.7962458325124238
tropical,self_compatibility,-1.0380773859986585,0.7687853957300148,0.7385762985098113,0.7964656433843892
tropical,self_compatibility,-0.9979435495176134,0.7695770657050385,0.7400291524597509,0.7966892629525398
tropical,self_compatibility,-0.9578097130365683,0.7703668346920957,0.741471764139713,0.7969169160896475
tropical,self_compatibility,-0.9176758765555232,0.7711547017067263,0.7429038789609629,0.7971488432578462
tropical,self_compatibility,-0.8775420400744781,0.7719406658069331,0.7443252261452294,0.7973853016279918
tropical,self_compatibility,-0.8374082035934329,0.7727247260930079,0.7457355175425571,0.7976265662592297
tropical,self_compatibility,-0.7972743671123879,0.7735068817073585,0.7471344463924934,0.7978729313351539
tropical,self_compatibility,-0.7571405306313428,0.7742871318343332,0.7485216860346064,0.7981247114505747
tropical,self_compatibility,-0.7170066941502977,0.7750654757000444,0.7498968885773082,0.7983822429399146
tropical,self_compatibility,-0.6768728576692526,0.7758419125721915,0.7512596835376895,0.7986458852345285
tropical,self_compatibility,-0.6367390211882074,0.7766164417598823,0.7526096764696592,0.7989160222316595
tropical,self_compatibility,-0.5966051847071623,0.7773890626134528,0.7539464476032504,0.7991930636521659
tropical,self_compatibility,-0.5564713482261172,0.7781597745242873,0.7552695505246353,0.7994774463574832
tropical,self_compatibility,-0.5163375117450721,0.7789285769246356,0.7565785109342871,0.7997696355883784
tropical,self_compatibility,-0.47620367526402707,0.7796954692874306,0.7578728255299122,0.8000701260788814
tropical,self_compatibility,-0.436069838782982,0.7804604511261043,0.7591519610712564,0.8003794429882843
tropical,self_compatibility,-0.39593600230193693,0.781223521994403,0.7604153536956012,0.800698142582402
tropical,self_compatibility,-0.35580216582089164,0.7819846814862005,0.7616624085654683,0.8010268125825681
tropical,self_compatibility,-0.31566832933984657,0.7827439292353123,0.7628924999433766,0.8013660720875316
tropical,self_compatibility,-0.2755344928588015,0.7835012649153071,0.7641049718017578,0.8017165709601447
tropical,self_compatibility,-0.23540065637775642,0.7842566882393182,0.7652991390884191,0.8020789885584566
tropical,self_compatibility,-0.19526681989671135,0.785010198959853,0.7664742897778944,0.8024540316808719
tropical,self_compatibility,-0.15513298341566628,0.7857617968686038,0.7676296878449558,0.8028424315891057
tropical,self_compatibility,-0.11499914693462099,0.7865114817962552,0.7687645772963382,0.8032449399728808
tropical,self_compatibility,-0.07486531045357592,0.7872592536122917,0.7698781873879191,0.803662323729129
tropical,self_compatibility,-0.034731473972530846,0.7880051122248052,0.7709697391345639,0.8040953584484862
tropical,self_compatibility,0.005402362508514225,0.7887490575803008,0.7720384531860807,0.804544820535639
tropical,self_compatibility,0.045536198989559296,0.7894910896635017,0.7730835590931754,0.8050114779396328
tropical,self_compatibility,0.08567003547060437,0.7902312084971534,0.7741043059210017,0.80549607953655
tropical,self_compatibility,0.12580387195164966,0.7909694141418289,0.7750999740854888,0.8059993432893746
tropical,self_compatibility,0.16593770843269473,0.7917057066957293,0.7760698881920612,0.8065219434054317
tropical,self_compatibility,0.2060715449137398,0.7924400862944876,0.7770134305532487,0.8070644968149041
tropical,self_compatibility,0.24620538139478465,0.7931725531109705,0.7779300549595377,0.8076275493960766
tropical,self_compatibility,0.28633921787582994,0.7939031073550779,0.778819300187559,0.8082115624632159
tropical,self_compatibility,0.32647305435687524,0.794631749273544,0.7796808026637022,0.8088169000989939
tropical,self_compatibility,0.3666068908379201,0.795358479149737,0.7805143076716268,0.8094438179429874
tropical,self_compatibility,0.4067407273189654,0.7960832973034575,0.7813196785086225,0.8100924540313044
tropical,self_compatibility,0.4468745638000102,0.7968062040907369,0.7820969030635659,0.8107628222145888
tropical,self_compatibility,0.4870084002810555,0.7975271999036354,0.782846097407207,0.811454808563672
tropical,self_compatibility,0.5271422367621008,0.7982462851700396,0.7835675061455556,0.8121681710121035
tropical,self_compatibility,0.5672760732431457,0.7989634603534578,0.7842614994746017,0.812902542297326
tropical,self_compatibility,0.607409909724191,0.7996787259528174,0.7849285670703888,0.8136574360664793
tropical,self_compatibility,0.6475437462052358,0.80039208250226,0.7855693091319212,0.8144322558293526
tropical,self_compatibility,0.6876775826862811,0.8011035305709368,0.7861844250467427,0.8152263062886457
tropical,self_compatibility,0.727811419167326,0.8018130707628023,0.7867747002562968,0.8160388064704365
tropical,self_compatibility,0.7679452556483712,0.8025207037164102,0.7873409919530641,0.8168689040228551
tropical,self_compatibility,0.8080790921294165,0.8032264301047052,0.7878842142439126,0.8177156900485315
tropical,self_compatibility,0.8482129286104614,0.8039302506348176,0.7884053233703261,0.8185782138801538
tropical,self_compatibility,0.8883467650915067,0.8046321660478561,0.7889053034969503,0.8194554972876974
tropical,self_compatibility,0.9284806015725515,0.8053321771187001,0.7893851534781346,0.8203465477076479
tropical,self_compatibility,0.9686144380535968,0.8060302846557917,0.7898458749008078,0.8212503701958827
tropical,self_compatibility,1.0087482745346417,0.8067264895009276,0.7902884615923252,0.822165977915573
tropical,self_compatibility,1.048882111015687,0.8074207925290513,0.7907138906823781,0.8230924010710161
tropical,self_compatibility,1.0890159474967323,0.808113194648043,0.7911231152241123,0.8240286942822537
tropical,self_compatibility,1.129149783977777,0.8088036967985119,0.7915170583138141,0.8249739424611185
tropical,self_compatibility,1.1692836204588224,0.8094922999535855,0.7918966086010958,0.8259272652967785
tropical,self_compatibility,1.2094174569398672,0.8101790051187008,0.7922626170509978,0.8268878204893594
tropical,self_compatibility,1.2495512934209125,0.810863813331394,0.7926158948033399,0.8278548058863208
tropical,self_compatibility,1.2896851299019578,0.8115467256610905,0.7929572119700731,0.8288274606808281
tropical,self_compatibility,1.3298189663830027,0.8122277432088947,0.7932872972154064,0.8298050658273505
tropical,self_compatibility,1.369952802864048,0.8129068671073789,0.7936068379734175,0.8307869438197786
tropical,self_compatibility,1.410086639345093,0.8135840985203728,0.7939164811714408,0.8317724579637644
tropical,selfing_mating_system,-1.925750527389441,0.09520751910085554,0.05304322206830338,0.16504674172161235
tropical,selfing_mating_system,-1.8840790473431812,0.09639231577152213,0.054222062831603704,0.16561657792140513
tropical,selfing_mating_system,-1.8424075672969213,0.09759026619764917,0.055424706142391984,0.16619027355622434
tropical,selfing_mating_system,-1.8007360872506615,0.09880147672015248,0.05665150365039189,0.16676795804804642
tropical,selfing_mating_system,-1.7590646072044016,0.10002605353893272,0.05790280401151594,0.16734976893381862
tropical,selfing_mating_system,-1.7173931271581417,0.10126410268253903,0.059178952136311,0.16793585249767934
tropical,selfing_mating_system,-1.6757216471118817,0.10251572997713594,0.06048028837019626,0.1685263644608728
tropical,selfing_mating_system,-1.634050167065622,0.1037810410147709,0.06180714759915859,0.1691214707353086
tropical,selfing_mating_system,-1.592378687019362,0.10506014112093927,0.06315985827389714,0.16972134824738572
tropical,selfing_mating_system,-1.5507072069731023,0.10635313532144383,0.06453874134465717,0.17032618583944797
tropical,selfing_mating_system,-1.5090357269268422,0.10766012830854657,0.06594410909815579,0.17093618525707568
tropical,selfing_mating_system,-1.4673642468805823,0.10898122440641139,0.06737626388706709,0.17155156223134996
tropical,selfing_mating_system,-1.4256927668343224,0.11031652753583619,0.06883549674149222,0.1721725476662706
tropical,selfing_mating_system,-1.3840212867880626,0.11166614117827314,0.07032208585067833,0.1727993889426673
tropical,selfing_mating_system,-1.3423498067418027,0.11303016833913761,0.07183629490195997,0.1734323513512392
tropical,selfing_mating_system,-1.3006783266955428,0.11440871151040492,0.07337837126246216,0.17407171966879273
tropical,selfing_mating_system,-1.259006846649283,0.11580187263249686,0.07494854398751537,0.17471779989334324
tropical,selfing_mating_system,-1.217335366603023,0.11720975305545807,0.07654702163797694,0.17537092115550312
tropical,selfing_mating_system,-1.1756638865567632,0.11863245349942485,0.07817398988672115,0.17603143782552172
tropical,selfing_mating_system,-1.1339924065105034,0.12007007401438904,0.07982960889244126,0.17669973183746845
tropical,selfing_mating_system,-1.0923209264642435,0.12152271393925916,0.08151401041659824,0.1773762152543657
tropical,selfing_mating_system,-1.0506494464179834,0.12299047186022345,0.08322729465685577,0.1780613331005893
tropical,selfing_mating_system,-1.0089779663717238,0.12447344556841881,0.08496952676766434,0.1787555664905401
tropical,selfing_mating_system,-0.9673064863254638,0.12597173201691056,0.08674073303582806,0.17945943608543516
tropical,selfing_mating_system,-0.9256350062792038,0.12748542727698906,0.08854089667594149,0.18017350591303033
tropical,selfing_mating_system,-0.8839635262329439,0.12901462649378917,0.09036995320758574,0.18089838758810148
tropical,selfing_mating_system,-0.8422920461866841,0.13055942384124053,0.09222778537322338,0.18163474497448212
tropical,selfing_mating_system,-0.8006205661404242,0.1321199124763557,0.09411421755296671,0.1823832993322429
tropical,selfing_mating_system,-0.7589490860941643,0.1336961844928655,0.09602900963001962,0.18314483499599568
tropical,selfing_mating_system,-0.7172776060479045,0.13528833087421072,0.09797185025888278,0.18392020563204473
tropical,selfing_mating_system,-0.6756061260016446,0.13689644144590063,0.09994234948774902,0.18471034112279688
tropical,selfing_mating_system,-0.6339346459553847,0.1385206048272495,0.10194003068740187,0.18551625512599032
tropical,selfing_mating_system,-0.5922631659091249,0.14016090838250292,0.10396432174204337,0.18633905335321896
tropical,selfing_mating_system,-0.550591685862865,0.14181743817136658,0.10601454546368758,0.1871799426060604
tropical,selfing_mating_system,-0.5089202058166051,0.14349027889895202,0.1080899092021887,0.18804024059771637
tropical,selfing_mating_system,-0.46724872577034526,0.1451795138651528,0.11018949363904479,0.18892138657204738
tropical,selfing_mating_system,-0.4255772457240854,0.14688522491346748,0.11231224077658876,0.18982495270845665
tropical,selfing_mating_system,-0.38390576567782553,0.14860749237928533,0.114456941167173,0.1907526562681276
tropical,selfing_mating_system,-0.34223428563156566,0.15034639503765268,0.11662222047197798,0.19170637239214797
tropical,selfing_mating_system,-0.3005628055853058,0.1521020100505374,0.1188065254989633,0.19268814740221518
tropical,selfing_mating_system,-0.2588913255390459,0.15387441291361154,0.12100810994726396,0.1937002123768884
tropical,selfing_mating_system,-0.21721984549278583,0.155663677402572,0.12322502018400455,0.19474499667774117
tropical,selfing_mating_system,-0.17554836544652597,0.1574698755190206,0.12545508150152898,0.1958251409778007
tropical,selfing_mating_system,-0.1338768854002661,0.15929307743592594,0.12769588544972676,0.1969435091980428
tropical,selfing_mating_system,-0.09220540535400623,0.16113335144268945,0.1299447790085269,0.19810319858738212
tropical,selfing_mating_system,-0.050533925307746363,0.16299076388984157,0.13219885655521293,0.19930754699208553
tropical,selfing_mating_system,-0.008862445261486496,0.16486537913339133,0.13445495578011654,0.2005601361616992
tropical,selfing_mating_system,0.03280903478477337,0.16675725947885744,0.13670965889535971,0.2018647897475425
tropical,selfing_mating_system,0.07448051483103346,0.16866646512500683,0.13895930063845277,0.20322556449275406
tropical,selfing_mating_system,0.11615199487729311,0.17059305410733008,0.14119998465943193,0.20464673302607864
tropical,selfing_mating_system,0.1578234749235532,0.17253708224128275,0.1434276098510426,0.20613275670083614
tropical,selfing_mating_system,0.19949495496981284,0.17449860306532256,0.14563790798442805,0.2076882471176389
tropical,selfing_mating_system,0.24116643501607293,0.17647766778377538,0.14782649359750005,0.20931791538478925
tropical,selfing_mating_system,0.2828379150623326,0.1784743252095607,0.14998892641287156,0.2110265088406642
tropical,selfing_mating_system,0.32450939510859267,0.1804886217068121,0.1521207856298594,0.21281873589485042
tropical,selfing_mating_system,0.3661808751548523,0.1825206011334257,0.15421775428059836,0.21469918079933942
tropical,selfing_mating_system,0.4078523552011124,0.1845703047835735,0.15627571056395018,0.21667221143753726
tropical,selfing_mating_system,0.44952383524737205,0.18663777133021767,0.15829082183497736,0.21874188445483356
tropical,selfing_mating_system,0.49119531529363214,0.18872303676766358,0.16025963594061277,0.2209118530417025
tropical,selfing_mating_system,0.5328667953398918,0.1908261343541904,0.162179164071218,0.22318528320132028
tropical,selfing_mating_system,0.5745382753861519,0.19294709455479905,0.1640469494169024,0.22556478421459153
tropical,selfing_mating_system,0.6162097554324115,0.1950859449841177,0.16586111675248918,0.22805235818053518
tropical,selfing_mating_system,0.6578812354786716,0.1972427103495073,0.1676203995662413,0.2306493720188338
tropical,selfing_mating_system,0.6995527155249313,0.19941741239440863,0.16932414329726098,0.23335655337162034
tropical,selfing_mating_system,0.7412241955711913,0.20161006984197555,0.17097228535746162,0.23617400973066463
tropical,selfing_mating_system,0.7828956756174514,0.20382069833903765,0.17256531455839894,0.23910126817179608
tropical,selfing_mating_system,0.8245671556637111,0.20604931040043847,0.17410421406072282,0.24213733158099318
tropical,selfing_mating_system,0.8662386357099712,0.20829591535379513,0.1755903928421779,0.2452807463784582
tropical,selfing_mating_system,0.9079101157562308,0.2105605192847259,0.17702561089966756,0.24852967652746094
tropical,selfing_mating_system,0.9495815958024909,0.21284312498259392,0.178411903042798,0.25188197897288744
tropical,selfing_mating_system,0.9912530758487506,0.21514373188681524,0.1797515053612108,0.2553352764295721
tropical,selfing_mating_system,1.0329245558950106,0.21746233603378087,0.1810467874462572,0.2588870244422859
tropical,selfing_mating_system,1.0745960359412703,0.2197989300044415,0.1823001923954793,0.2625345706913692
tropical,selfing_mating_system,1.1162675159875304,0.22215350287260682,0.1835141856604751,0.2662752054859053
tropical,selfing_mating_system,1.15793899603379,0.22452604015400973,0.1846912129975924,0.27010620318747486
tropical,selfing_mating_system,1.1996104760800501,0.226916523756187,0.18583366718078906,0.2740248549076451
tropical,selfing_mating_system,1.2412819561263098,0.22932493192922898,0.18694386273437075,0.27802849322396256
tropical,selfing_mating_system,1.2829534361725698,0.23175123921745092,0.1880240177145836,0.28211450988794684
tropical,selfing_mating_system,1.3246249162188295,0.23419541641203856,0.18907624147683874,0.28628036759074943
tropical,selfing_mating_system,1.3662963962650896,0.23665743050472152,0.1901025273716195,0.2905236068458375
tropical,selfing_mating_system,1.407967876311349,0.23913724464252858,0.19110474938264857,0.29484184897749244
tropical,autonomous_selfing,-1.8410598339632935,0.29790094580309656,0.255631153837406,0.3439307875882412
tropical,autonomous_selfing,-1.8003101246694473,0.2987349826514954,0.25705174439385536,0.3440474028697309
tropical,autonomous_selfing,-1.7595604153756013,0.2995703582424021,0.25847412682035453,0.3441679953963137
tropical,autonomous_selfing,-1.718810706081755,0.3004070691546949,0.2598980796448394,0.34429277086725035
tropical,autonomous_selfing,-1.678060996787909,0.30124511193507364,0.26132336768817466,0.3444219482074806
tropical,autonomous_selfing,-1.6373112874940627,0.3020844830980578,0.26274974110061405,0.34455576052938
tropical,autonomous_selfing,-1.5965615782002167,0.3029251791259859,0.26417693432753886,0.3446944561653071
tropical,autonomous_selfing,-1.5558118689063705,0.3037671964690173,0.26560466500047913,0.3448382997749356
tropical,autonomous_selfing,-1.5150621596125244,0.30461053154513446,0.267032632749591,0.34498757353120246
tropical,autonomous_selfing,-1.4743124503186782,0.30545518074014705,0.26846051793405745,0.3451425783884008
tropical,autonomous_selfing,-1.433562741024832,0.30630114040769757,0.26988798028735533,0.34530363543548104
tropical,autonomous_selfing,-1.392813031730986,0.3071484068692684,0.2713146574750129,0.3454710873369338
tropical,autonomous_selfing,-1.3520633224371397,0.3079969764141904,0.27274016356343894,0.34564529986267556
tropical,autonomous_selfing,-1.3113136131432936,0.3088468452996525,0.2741640873996909,0.3458266635070707
tropical,autonomous_selfing,-1.2705639038494474,0.30969800975071377,0.275585990903743,0.3460155951955301
tropical,autonomous_selfing,-1.2298141945556011,0.310550465960316,0.2770054072770055,0.34621254007493624
tropical,autonomous_selfing,-1.1890644852617551,0.31140421008929814,0.27842183913362806,0.34641797338136204
tropical,autonomous_selfing,-1.148314775967909,0.3122592382664126,0.27983475656460755,0.3466324023750653
tropical,autonomous_selfing,-1.1075650666740628,0.31311554658834256,0.2812435951490376,0.346856368328422
tropical,autonomous_selfing,-1.0668153573802166,0.31397313111972086,0.2826477539321116,0.3470904485471864
tropical,autonomous_selfing,-1.0260656480863706,0.3148319878931507,0.2840465933958613,0.34733525839910007
tropical,autonomous_selfing,-0.9853159387925243,0.3156921129092278,0.2854394334562006,0.34759145331627656
tropical,autonomous_selfing,-0.9445662294986782,0.31655350213656364,0.2868255515287736,0.34785973072886817
tropical,autonomous_selfing,-0.903816520204832,0.3174161515118111,0.2882041807164366,0.34814083187718253
tropical,autonomous_selfing,-0.8630668109109859,0.31828005693969047,0.28957450818297337,0.34843554343765315
tropical,autonomous_selfing,-0.8223171016171398,0.3191452142930184,0.2909356737907637,0.34874469888494236
tropical,autonomous_selfing,-0.7815673923232935,0.32001161941273704,0.292286769094411,0.34906917949817373
tropical,autonomous_selfing,-0.7408176830294475,0.32087926810794587,0.29362683679740614,0.3494099149042171
tropical,autonomous_selfing,-0.7000679737356013,0.32174815615593416,0.29495487079416033,0.3497678830356929
tropical,autonomous_selfing,-0.6593182644417552,0.32261827930221576,0.2962698169342995,0.3501441093668063
tropical,autonomous_selfing,-0.618568555147909,0.3234896332605649,0.29757057465875886,0.3505396652774715
tropical,autonomous_selfing,-0.577818845854063,0.32436221371305374,0.2988559996663562,0.3509556653870489
tropical,autonomous_selfing,-0.5370691365602167,0.3252360163100919,0.3001249077731995,0.35139326369534096
tropical,autonomous_selfing,-0.49631942726637046,0.32611103667046676,0.30137608012318673,0.351853648372588
tropical,autonomous_selfing,-0.45556971797252444,0.3269872703813861,0.30260826989346334,0.352338035054601
tropical,autonomous_selfing,-0.4148200086786782,0.3278647129985219,0.30382021061145326,0.35284765852641464
tropical,autonomous_selfing,-0.37407029938483216,0.3287433600460556,0.30501062615771096,0.3533837627202148
tropical,autonomous_selfing,-0.3333205900909859,0.3296232070167258,0.3061782424697808,0.35394758901235396
tropical,autonomous_selfing,-0.2925708807971399,0.3305042493718765,0.3073218008861393,0.3545403628803798
tropical,autonomous_selfing,-0.25182117150329364,0.3313864825415073,0.3084400729775194,0.355163279072779
tropical,autonomous_selfing,-0.2110714622094476,0.3322699019243258,0.30953187660908166,0.35581748554797066
tropical,autonomous_selfing,-0.17032175291560137,0.33315450288780063,0.31059609286714124,0.3565040665488424
tropical,autonomous_selfing,-0.12957204362175512,0.33404028076821674,0.311631683377102,0.35722402528617664
tropical,autonomous_selfing,-0.08882233432790909,0.33492723087073223,0.3126377074455147,0.3579782667980518
tropical,autonomous_selfing,-0.048072625034062844,0.33581534846943645,0.3136133383903942,0.35876758162108363
tropical,autonomous_selfing,-0.007322915740216818,0.3367046288074102,0.3145578783912201,0.35959263094208155
tropical,autonomous_selfing,0.03342679355362943,0.33759506709678716,0.31547077120225336,0.36045393388649033
tropical,autonomous_selfing,0.07417650284747546,0.33848665851881704,0.3163516121346633,0.36135185753811894
tropical,autonomous_selfing,0.1149262121413217,0.33937939822393065,0.317200154823777,0.36228661017384944
tropical,autonomous_selfing,0.15567592143516795,0.34027328133180584,0.3180163144507028,0.3632582380440711
tropical,autonomous_selfing,0.19642563072901398,0.3411683029314362,0.31880016727021043,0.3642666258469583
tropical,autonomous_selfing,0.23717534002286023,0.3420644580812002,0.31955194649244445,0.36531150084901703
tropical,autonomous_selfing,0.2779250493167065,0.3429617418089327,0.32027203475635874,0.3663924404140099
tropical,autonomous_selfing,0.3186747586105523,0.343860149111998,0.32096095360010535,0.36750888253502945
tropical,autonomous_selfing,0.3594244679043985,0.3447596749573644,0.3216193504637539,0.3686601388343402
tropical,autonomous_selfing,0.4001741771982448,0.3456603142816802,0.32224798384362424,0.3698454094117101
tropical,autonomous_selfing,0.440923886492091,0.34656206199135164,0.3228477072521043,0.3710637988873579
tropical,autonomous_selfing,0.48167359578593727,0.34746491296262244,0.32341945262477506,0.37231433299769245
tropical,autonomous_selfing,0.5224233050797831,0.3483688620416549,0.3239642137652183,0.3735959751534739
tropical,autonomous_selfing,0.5631730143736293,0.3492739040446125,0.3244830303372242,0.3749076424506725
tropical,autonomous_selfing,0.6039227236674756,0.3501800337577444,0.324976972815561,0.37624822072286834
tropical,autonomous_selfing,0.6446724329613218,0.3510872459374714,0.3254471287008661,0.3776165783296294
tropical,autonomous_selfing,0.6854221422551676,0.3519955353104736,0.3258945902008049,0.37901157847872263
tropical,autonomous_selfing,0.7261718515490139,0.35290489657377966,0.326320443485369,0.3804320899742856
tropical,autonomous_selfing,0.7669215608428601,0.3538153243948574,0.32672575954355026,0.38187699636372235
tropical,autonomous_selfing,0.8076712701367064,0.3547268134117071,0.3271115866038385,0.38334520352087526
tropical,autonomous_selfing,0.8484209794305526,0.35563935823295484,0.3274789440323878,0.3848356457516272
tropical,autonomous_selfing,0.8891706887243984,0.35655295343794874,0.327828817589264,0.38634729054152184
tropical,autonomous_selfing,0.9299203980182447,0.3574675935768564,0.328162155903014,0.38787914208516017
tropical,autonomous_selfing,0.9706701073120909,0.35838327317076374,0.32847986801457685,0.38943024374635293
tropical,autonomous_selfing,1.0114198166059372,0.35929998671177577,0.32878282184086505,0.3909996795987011
tropical,autonomous_selfing,1.052169525899783,0.3602177286631191,0.32907184341389784,0.3925865751907201
tropical,autonomous_selfing,1.0929192351936292,0.3611364934592456,0.3293477167611693,0.3941900976698271
tropical,autonomous_selfing,1.1336689444874755,0.362056275505938,0.32961118430531944,0.39580945538711887
tropical,autonomous_selfing,1.1744186537813217,0.36297706918041744,0.3298629476748309,0.39744389709122135
tropical,autonomous_selfing,1.215168363075168,0.36389886883145167,0.33010366883142567,0.3990927108055315
tropical,autonomous_selfing,1.2559180723690138,0.3648216687794661,0.3303339714333848,0.4007552224696308
tropical,autonomous_selfing,1.29666778166286,0.3657454633166554,0.3305544423667041,0.40243079441295676
tropical,autonomous_selfing,1.3374174909567063,0.36667024670709725,0.33076563338755866,0.40411882371725444
tropical,autonomous_selfing,1.3781672002505525,0.36759601318686774,0.3309680628298494,0.40581874051404
tropical,autonomous_selfing,1.4189169095443988,0.36852275696415815,0.33116221734061324,0.40753000625429064
tropical,plain_colour,-1.8207999530323171,0.5598394769151865,0.5220311189952254,0.5969660985290558
tropical,plain_colour,-1.7801671095164566,0.5601891412815395,0.5229507386678133,0.5967621192577965
tropical,plain_colour,-1.7395342660005964,0.5605387459201538,0.5238679674573811,0.5965602633757612
tropical,plain_colour,-1.6989014224847359,0.5608882904943965,0.5247826963543067,0.5963606323832444
tropical,plain_colour,-1.6582685789688754,0.5612377746678707,0.5256948104371749,0.5961633336992967
tropical,plain_colour,-1.6176357354530149,0.5615871981044178,0.5266041884750486,0.5959684810596891
tropical,plain_colour,-1.5770028919371546,0.5619365604681182,0.5275107025015549,0.5957761949430631
tropical,plain_colour,-1.536370048421294,0.5622858614232927,0.5284142173590016,0.5955866030270482
tropical,plain_colour,-1.4957372049054336,0.5626351006345037,0.5293145902107135,0.595399840676163
tropical,plain_colour,-1.4551043613895733,0.5629842777665566,0.5302116700197553,0.5952160514633236
tropical,plain_colour,-1.4144715178737128,0.5633333924845009,0.5311052969922411,0.5950353877267701
tropical,plain_colour,-1.3738386743578523,0.5636824444536311,0.5319953019834708,0.5948580111641616
tropical,plain_colour,-1.333205830841992,0.5640314333394892,0.5328815058652563,0.5946840934654845
tropical,plain_colour,-1.2925729873261316,0.5643803588078644,0.5337637188529519,0.5945138169862528
tropical,plain_colour,-1.251940143810271,0.5647292205247955,0.5346417397909644,0.59434737546223
tropical,plain_colour,-1.2113073002944108,0.5650780181565711,0.5355153553958473,0.5941849747665655
tropical,plain_colour,-1.1706744567785503,0.565426751369732,0.5363843394565518,0.5940268337097742
tropical,plain_colour,-1.1300416132626898,0.5657754198310715,0.5372484519920071,0.5938731848823857
tropical,plain_colour,-1.0894087697468295,0.5661240232076373,0.5381074383669772,0.5937242755393166
tropical,plain_colour,-1.048775926230969,0.5664725611667321,0.5389610283681316,0.5935803685240273
tropical,plain_colour,-1.0081430827151086,0.5668210333759156,0.539808935243495,0.593441743229301
tropical,plain_colour,-0.9675102391992482,0.567169439503005,0.5406508547099635,0.593308696589954
tropical,plain_colour,-0.9268773956833878,0.5675177792160765,0.5414864639354369,0.5931815441009297
tropical,plain_colour,-0.8862445521675273,0.5678660521834666,0.5423154205043664,0.5930606208519762
tropical,plain_colour,-0.8456117086516669,0.5682142580737735,0.5431373613782087,0.5929462825674169
tropical,plain_colour,-0.8049788651358065,0.5685623965558576,0.5439519018654659,0.5928389066363351
tropical,plain_colour,-0.764346021619946,0.5689104672988439,0.5447586346197175,0.5927388931147649
tropical,plain_colour,-0.7237131781040855,0.5692584699721218,0.5455571286883624,0.5926466656771721
tropical,plain_colour,-0.6830803345882253,0.5696064042453478,0.546346928639695,0.5925626724895986
tropical,plain_colour,-0.6424474910723648,0.5699542697884455,0.5471275538014483,0.5924873869713418
tropical,plain_colour,-0.6018146475565043,0.5703020662716072,0.5478984976499837,0.592421308405984
tropical,plain_colour,-0.561181804040644,0.5706497933652955,0.5486592273958198,0.5923649623560822
tropical,plain_colour,-0.5205489605247835,0.570997450740244,0.5494091838179792,0.5923189008290416
tropical,plain_colour,-0.479916117008923,0.5713450380674587,0.5501477814064396,0.5922837021348799
tropical,plain_colour,-0.43928327349306273,0.5716925550182194,0.5508744088784534,0.5922599703701257
tropical,plain_colour,-0.39865042997720224,0.5720400012640803,0.5515884301401145,0.5922483344564665
tropical,plain_colour,-0.35801758646134174,0.5723873764768721,0.5522891857686999,0.5922494466586237
tropical,plain_colour,-0.31738474294548147,0.5727346803287022,0.552975995093187,0.5922639805040466
tropical,plain_colour,-0.276751899429621,0.5730819124919567,0.5536481589490447,0.5922926280283367
tropical,plain_colour,-0.23611905591376048,0.5734290726393013,0.554304963177884,0.5923360962758082
tropical,plain_colour,-0.19548621239789998,0.5737761604436822,0.554945682931805,0.5923951029953519
tropical,plain_colour,-0.1548533688820397,0.5741231755783277,0.5555695878252885,0.5924703714887543
tropical,plain_colour,-0.11422052536617922,0.5744701177167494,0.556175947953494,0.5925626245926083
tropical,plain_colour,-0.07358768185031872,0.5748169865327428,0.5567640407644378,0.5926725778063442
tropical,plain_colour,-0.03295483833445845,0.5751637817003893,0.5573331587339203,0.592800931617508
tropical,plain_colour,0.007678005181402048,0.5755105028940568,0.5578826177472062,0.5929483631202893
tropical,plain_colour,0.04831084869726254,0.5758571497884011,0.5584117660422068,0.593115517072543
tropical,plain_colour,0.08894369221312282,0.5762037220583669,0.5589199935181594,0.5933029965873139
tropical,plain_colour,0.1295765357289833,0.5765502193791892,0.5594067411653615,0.5935113537033062
tropical,plain_colour,0.1702093792448438,0.5768966414263941,0.5598715103299423,0.5937410801203138
tropical,plain_colour,0.21084222276070408,0.5772429878758009,0.5603138714977931,0.5939925984154908
tropical,plain_colour,0.2514750662765648,0.5775892584035216,0.5607334722682108,0.594266254069908
tropical,plain_colour,0.29210790979242507,0.5779354526859639,0.5611300441941788,0.5945623086284699
tropical,plain_colour,0.33274075330828534,0.5782815703998312,0.5615034081945255,0.5948809342879559
tropical,plain_colour,0.37337359682414606,0.5786276112221237,0.5618534782933458,0.5952222101577929
tropical,plain_colour,0.41400644034000633,0.5789735748301407,0.5621802635114965,0.5955861203687566
tropical,plain_colour,0.4546392838558666,0.57931946090148,0.5624838678188271,0.5959725541209354
tropical,plain_colour,0.4952721273717273,0.5796652691140406,0.562764488147397,0.5963813076707051
tropical,plain_colour,0.5359049708875876,0.5800109991460235,0.5630224105575885,0.5968120881648089
tropical,plain_colour,0.5765378144034479,0.5803566506759319,0.5632580047330021,0.597264519145652
tropical,plain_colour,0.6171706579193086,0.5807022233825735,0.5634717170496552,0.5977381474822938
tropical,plain_colour,0.6578035014351689,0.581047716945061,0.5636640625153472,0.5982324514312691
tropical,plain_colour,0.6984363449510291,0.5813931310428135,0.5638356159035544,0.5987468495028826
tropical,plain_colour,0.7390691884668898,0.5817384653555577,0.5639870024126615,0.5992807098021623
tropical,plain_colour,0.7797020319827501,0.5820837195633284,0.5641188881677641,0.5998333595272419
tropical,plain_colour,0.8203348754986104,0.5824288933464705,0.5642319708522768,0.6004040943379361
tropical,plain_colour,0.8609677190144711,0.5827739863856398,0.5643269707147762,0.60099218734908
tropical,plain_colour,0.9016005625303314,0.5831189983618037,0.5644046221477584,0.6015968975519529
tropical,plain_colour,0.9422334060461917,0.5834639289562429,0.5644656659838795,0.6022174775182175
tropical,plain_colour,0.9828662495620524,0.5838087778505523,0.5645108426056324,0.602853180290421
tropical,plain_colour,1.0234990930779126,0.584153544726642,0.5645408859192081,0.6035032654083118
tropical,plain_colour,1.064131936593773,0.5844982292667386,0.5645565182043895,0.6041670040591213
tropical,plain_colour,1.1047647801096336,0.5848428311533863,0.5645584458207134,0.6048436833715762
tropical,plain_colour,1.145397623625494,0.5851873500694479,0.5645473557259894,0.605532609897554
tropical,plain_colour,1.1860304671413542,0.5855317856981056,0.5645239127461854,0.6062331123423679
tropical,plain_colour,1.226663310657215,0.5858761377228632,0.5644887575249163,0.6069445436154507
tropical,plain_colour,1.2672961541730752,0.5862204058275455,0.5644425050752823,0.6076662822786839
tropical,plain_colour,1.3079289976889354,0.5865645896963014,0.5643857438555706,0.6083977334708652
tropical,plain_colour,1.3485618412047962,0.586908689013603,0.5643190352923018,0.6091383293848294
tropical,plain_colour,1.3891946847206564,0.5872527034642483,0.564242913678355,0.6098875293694862
tropical,plain_colour,1.4298275282365167,0.5875966327333613,0.5641578863796607,0.6106448197232941
tropical,generalized_form,-1.8618685937503792,0.2537455688225666,0.22154980681927283,0.28888376555851714
tropical,generalized_form,-1.8209664256132976,0.2546532773804567,0.2228661116423127,0.2892865269591833
tropical,generalized_form,-1.780064257476216,0.25556312102662937,0.2241858975361448,0.289692090551618
tropical,generalized_form,-1.7391620893391346,0.2564750968375001,0.22550903058160798,0.2901005853206531
tropical,generalized_form,-1.698259921202053,0.2573892018267728,0.22683536827289763,0.2905121484112809
tropical,generalized_form,-1.6573577530649715,0.25830543294526714,0.22816475891897506,0.2909269257241136
tropical,generalized_form,-1.6164555849278899,0.2592237870807488,0.229497040998978,0.29134507255688075
tropical,generalized_form,-1.5755534167908083,0.2601442610577625,0.23083204246839614,0.2917667542952035
tropical,generalized_form,-1.5346512486537267,0.2610668516374682,0.23216958001268528,0.29219214715597075
tropical,generalized_form,-1.4937490805166453,0.2619915555174804,0.23350945824494712,0.2926214389866946
tropical,generalized_form,-1.4528469123795638,0.26291836933171037,0.2348514688443046,0.2930548301242144
tropical,generalized_form,-1.4119447442424822,0.26384728965021187,0.23619538963168274,0.29349253431604017
tropical,generalized_form,-1.3710425761054006,0.2647783129790295,0.23754098357988482,0.29393477970744913
tropical,generalized_form,-1.3301404079683192,0.26571143576005085,0.23888799775515165,0.29438180989714596
tropical,generalized_form,-1.2892382398312376,0.2666466543708613,0.24023616218785512,0.29483388506383956
tropical,generalized_form,-1.248336071694156,0.2675839651246027,0.24158518867063714,0.2952912831654241
tropical,generalized_form,-1.2074339035570745,0.2685233642698348,0.24293476948321666,0.29575430121154384
tropical,generalized_form,-1.1665317354199929,0.2694648479904002,0.2442845760443064,0.29622325660910237
tropical,generalized_form,-1.1256295672829113,0.27040841240529295,0.245634257492676,0.2966984885786787
tropical,generalized_form,-1.0847273991458297,0.2713540535685302,0.24698343920145022,0.29718035963776424
tropical,generalized_form,-1.0438252310087484,0.2723017674690274,0.24833172123232716,0.29766925714413633
tropical,generalized_form,-1.0029230628716668,0.2732515500304768,0.24967867673964295,0.2981655948894441
tropical,generalized_form,-0.9620208947345852,0.27420339711122993,0.2510238503382025,0.2986698147290858
tropical,generalized_form,-0.9211187265975037,0.275157304504183,0.25236675645365786,0.29918238822960064
tropical,generalized_form,-0.8802165584604221,0.2761132679366664,0.25370687768005074,0.2997038183089569
tropical,generalized_form,-0.8393143903233407,0.2770712830703373,0.2550436631760506,0.30023464083820783
tropical,generalized_form,-0.7984122221862591,0.2780313455010761,0.2563765271394918,0.300775426164912
tropical,generalized_form,-0.7575100540491775,0.278993450758887,0.25770484740907496,0.3013267805094555
tropical,generalized_form,-0.7166078859120959,0.2799575943078012,0.25902796425252383,0.30188934717498306
tropical,generalized_form,-0.6757057177750143,0.28092377154578485,0.26034517941195556,0.3024638075001859
tropical,generalized_form,-0.634803549637933,0.28189197780465003,0.2616557554894554,0.3030508814719516
tropical,generalized_form,-0.5939013815008514,0.28286220834997,0.2629589157684327,0.3036513279023036
tropical,generalized_form,-0.5529992133637698,0.28383445838099797,0.2642538445785818,0.30426594406180596
tropical,generalized_form,-0.5120970452266882,0.28480872303058985,0.2655396883232731,0.30489556465061135
tropical,generalized_form,-0.4711948770896066,0.28578499736513063,0.26681555729669443,0.3055410599798306
tropical,generalized_form,-0.43029270895252525,0.2867632763844651,0.2680805284225096,0.3062033332314599
tropical,generalized_form,-0.38939054081544366,0.28774355502183185,0.269333649044336,0.3068833166665647
tropical,generalized_form,-0.3484883726783621,0.288725828143802,0.27057394188889017,0.30758196666087173
tropical,generalized_form,-0.3075862045412805,0.2897100905502211,0.2718004113030779,0.308300257466494
tropical,generalized_form,-0.2666840364041989,0.29069633697415603,0.27301205083463453,0.3090391736301851
tropical,generalized_form,-0.22578186826711755,0.29168456208184457,0.27420785218070665,0.30979970104373045
tropical,generalized_form,-0.18487970013003596,0.2926747604726504,0.27538681546947574,0.31058281666137877
tropical,generalized_form,-0.14397753199295438,0.29366692667902133,0.2765479607673996,0.3113894769917362
tropical,generalized_form,-0.10307536385587279,0.29466105516645213,0.277690340621558,0.3122206055546402
tropical,generalized_form,-0.06217319571879121,0.2956571403334511,0.2788130533576511,0.3130770795824634
tropical,generalized_form,-0.021271027581709623,0.296655176511511,0.2799152567662696,0.31395971633323116
tropical,generalized_form,0.01963114055537174,0.29765515796508446,0.2809961817317221,0.31486925946126726
tropical,generalized_form,0.060533308692453325,0.29865707889156284,0.2820551452985325,0.31580636595025635
tropical,generalized_form,0.10143547682953491,0.2996609334212603,0.28309156264002056,0.31677159414431016
tropical,generalized_form,0.14233764496661627,0.30066671561740144,0.2841049573987246,0.31776539340728116
tropical,generalized_form,0.18323981310369786,0.30167441947611356,0.28509496991413025,0.31878809589485824
tropical,generalized_form,0.22414198124077944,0.3026840389264228,0.28606136293908346,0.31983991083806906
tropical,generalized_form,0.265044149377861,0.3036955678302557,0.28700402456718466,0.32092092161589203
tropical,generalized_form,0.3059463175149426,0.30470899998244344,0.2879229682394486,0.322031085748694
tropical,generalized_form,0.3468484856520242,0.3057243291107324,0.2888183298560831,0.32317023778664256
tropical,generalized_form,0.3877506537891058,0.3067415488757973,0.289690362173259,0.3243380949132194
tropical,generalized_form,0.42865282192618737,0.3077606528712601,0.2905394268007223,0.32553426494798615
tropical,generalized_form,0.46955499006326895,0.3087816346237129,0.291365984222233,0.3267582563266186
tropical,generalized_form,0.5104571582003505,0.3098044875927449,0.2921705823295814,0.32800948956745823
tropical,generalized_form,0.5513593263374317,0.31082920517097473,0.29295384398972674,0.32928730970503783
tropical,generalized_form,0.5922614944745133,0.31185578068408665,0.293716454155563,0.3305909991800775
tropical,generalized_form,0.6331636626115948,0.31288420739087114,0.29445914698986303,0.33191979071639816
tropical,generalized_form,0.6740658307486764,0.31391447848327086,0.29518269340741354,0.33327287977974385
tropical,generalized_form,0.714967998885758,0.3149465870864304,0.29588788936145155,0.3346494362924001
tropical,generalized_form,0.7558701670228396,0.3159805262587509,0.2965755451160851,0.3360486153619275
tropical,generalized_form,0.7967723351599212,0.3170162889919495,0.2972464756638881,0.3374695668648202
tropical,generalized_form,0.8376745032970028,0.3180538682111229,0.29790149237289004,0.3389114438008711
tropical,generalized_form,0.8785766714340844,0.31909325677481626,0.29854139588329537,0.34037340939790545
tropical,generalized_form,0.9194788395711659,0.32013444747509606,0.29916697022318395,0.34185464299763674
tropical,generalized_form,0.9603810077082475,0.3211774330376281,0.2997789780743448,0.34335434479148874
tropical,generalized_form,1.0012831758453287,0.32222220612176,0.30037815709340654,0.3448717395012237
tropical,generalized_form,1.0421853439824103,0.3232687593206087,0.3009652171779609,0.34640607911467847
tropical,generalized_form,1.0830875121194918,0.32431708516115215,0.30154083856054764,0.3479566447937423
tropical,generalized_form,1.1239896802565734,0.3253671761043262,0.3021056706132194,0.3495227480718568
tropical,generalized_form,1.164891848393655,0.326419024545126,0.302660331250105,0.35110373145362
tropical,generalized_form,1.2057940165307366,0.32747262281271244,0.3032054068233591,0.3526989685211069
tropical,generalized_form,1.2466961846678182,0.3285279631705231,0.3037414524177959,0.3543078636416096
tropical,generalized_form,1.2875983528048998,0.32958503781638787,0.3042689924603443,0.3559298513606586
tropical,generalized_form,1.3285005209419813,0.33064383888265,0.3047885215714632,0.3575643955531872
tropical,generalized_form,1.369402689079063,0.3317043584362911,0.3053005055962871,0.3592109883950691
tropical,generalized_form,1.4103048572161445,0.3327665884790619,0.3058053827631867,0.3608691492073443
tropical,actinomorphic_symmetry,-1.8228727673330654,0.6873772609336178,0.655308662665015,0.7177473896475307
tropical,actinomorphic_symmetry,-1.782433971027884,0.6883314599336986,0.6568837573882961,0.7181336564428086
tropical,actinomorphic_symmetry,-1.7419951747227027,0.6892840630060607,0.6584527724236657,0.7185219702654864
tropical,actinomorphic_symmetry,-1.7015563784175216,0.6902350647678245,0.6600155540320325,0.7189124548771978
tropical,actinomorphic_symmetry,-1.6611175821123403,0.691184459885765,0.6615719403204955,0.7193052425373624
tropical,actinomorphic_symmetry,-1.620678785807159,0.6921322430763398,0.663121760574528,0.719700474672329
tropical,actinomorphic_symmetry,-1.5802399895019779,0.6930784091057137,0.6646648345351104,0.7200983025995129
tropical,actinomorphic_symmetry,-1.5398011931967965,0.6940229527897817,0.6662009716169333,0.7204988883103999
tropical,actinomorphic_symmetry,-1.4993623968916152,0.6949658689941873,0.6677299700637881,0.7209024053163043
tropical,actinomorphic_symmetry,-1.4589236005864339,0.6959071526343399,0.6692516160373337,0.7213090395606904
tropical,actinomorphic_symmetry,-1.4184848042812526,0.6968467986754273,0.670765682635637,0.7217189904016604
tropical,actinomorphic_symmetry,-1.3780460079760715,0.6977848021324278,0.6722719288382472,0.7221324716678482
tropical,actinomorphic_symmetry,-1.3376072116708901,0.6987211580701166,0.6737700983751614,0.7225497127903645
tropical,actinomorphic_symmetry,-1.2971684153657088,0.6996558616030717,0.6752599185178872,0.7229709600125838
tropical,actinomorphic_symmetry,-1.2567296190605277,0.7005889078956764,0.6767410987920375,0.7233964776783413
tropical,actinomorphic_symmetry,-1.2162908227553464,0.7015202921621183,0.6782133296125435,0.7238265495974523
tropical,actinomorphic_symmetry,-1.175852026450165,0.702450009666386,0.6796762808447959,0.7242614804852467
tropical,actinomorphic_symmetry,-1.1354132301449837,0.7033780557222638,0.6811296002979114,0.7247015974699178
tropical,actinomorphic_symmetry,-1.0949744338398024,0.7043044256933215,0.6825729121600547,0.725147251657759
tropical,actinomorphic_symmetry,-1.0545356375346213,0.7052291149929047,0.6840058153904642,0.7255988197416401
tropical,actinomorphic_symmetry,-1.01409684122944,0.7061521190841195,0.6854278820887315,0.7260567056321713
tropical,actinomorphic_symmetry,-0.9736580449242587,0.707073433479815,0.6868386558691528,0.7265213420837396
tropical,actinomorphic_symmetry,-0.9332192486190775,0.7079930537425655,0.6882376502768021,0.726993192278766
tropical,actinomorphic_symmetry,-0.8927804523138962,0.7089109754846463,0.6896243472925232,0.7274727513229888
tropical,actinomorphic_symmetry,-0.8523416560087149,0.7098271943680102,0.6909981959864315,0.7279605475921803
tropical,actinomorphic_symmetry,-0.8119028597035336,0.7107417061042594,0.6923586113937694,0.7284571438564562
tropical,actinomorphic_symmetry,-0.7714640633983523,0.7116545064546147,0.6937049737029545,0.7289631380923355
tropical,actinomorphic_symmetry,-0.7310252670931712,0.7125655912298838,0.695036627863058,0.7294791638753171
tropical,actinomorphic_symmetry,-0.6905864707879898,0.7134749562904256,0.6963528837361095,0.730005890227576
tropical,actinomorphic_symmetry,-0.6501476744828085,0.7143825975461114,0.6976530169374978,0.7305440207775078
tropical,actinomorphic_symmetry,-0.6097088781776274,0.7152885109562855,0.6989362705237929,0.7310942920718019
tropical,actinomorphic_symmetry,-0.5692700818724461,0.7161926925297218,0.7002018576993991,0.7316574708686292
tropical,actinomorphic_symmetry,-0.5288312855672648,0.7170951383245776,0.7014489657188266,0.7322343502351583
tropical,actinomorphic_symmetry,-0.48839248926208345,0.7179958444483463,0.7026767611566597,0.7328257442773255
tropical,actinomorphic_symmetry,-0.4479536929569021,0.7188948070578065,0.7038843966987165,0.7334324813483598
tropical,actinomorphic_symmetry,-0.407514896651721,0.7197920223589691,0.7050710195715663,0.734055395618902
tropical,actinomorphic_symmetry,-0.3670761003465397,0.7206874866070213,0.7062357816700414,0.7346953169490761
tropical,actinomorphic_symmetry,-0.3266373040413584,0.7215811961062694,0.7073778513615241,0.7353530590837386
tropical,actinomorphic_symmetry,-0.2861985077361773,0.7224731472100778,0.7084964268415964,0.7360294062963134
tropical,actinomorphic_symmetry,-0.24575971143099595,0.7233633363208066,0.7095907507914319,0.7367250987308386
tropical,actinomorphic_symmetry,-0.20532091512581463,0.7242517598897463,0.7106601259503817,0.7374408168287674
tropical,actinomorphic_symmetry,-0.1648821188206333,0.7251384144170503,0.7117039310793387,0.7381771653649482
tropical,actinomorphic_symmetry,-0.12444332251545198,0.7260232964516651,0.712721636667317,0.7389346577403371
tropical,actinomorphic_symmetry,-0.08400452621027088,0.7269064025912579,0.7137128196433623,0.7397137012693364
tropical,actinomorphic_symmetry,-0.043565729905089556,0.7277877294821427,0.7146771763162361,0.740514584239313
tropical,actinomorphic_symmetry,-0.0031269335999082326,0.7286672738192022,0.7156145327895059,0.7413374654946638
tropical,actinomorphic_symmetry,0.03731186270527287,0.7295450323458103,0.7165248521967588,0.7421823672007155
tropical,actinomorphic_symmetry,0.07775065901045419,0.7304210018537498,0.7174082382678069,0.7430491712765861
tropical,actinomorphic_symmetry,0.11818945531563552,0.7312951791831293,0.7182649349583701,0.7439376197645268
tropical,actinomorphic_symmetry,0.15862825162081684,0.7321675612222968,0.719095322129693,0.7448473191492868
tropical,actinomorphic_symmetry,0.19906704792599816,0.7330381449077522,0.7198999075219615,0.7457777483836356
tropical,actinomorphic_symmetry,0.2395058442311795,0.7339069272240575,0.72067931549646,0.7467282701451035
tropical,actinomorphic_symmetry,0.2799446405363608,0.7347739052037436,0.72143427320093,0.747698144669479
tropical,actinomorphic_symmetry,0.3203834368415417,0.7356390759272166,0.7221655949240119,0.7486865453951828
tropical,actinomorphic_symmetry,0.360822233146723,0.7365024365226605,0.7228741654422615,0.7496925756150279
tropical,actinomorphic_symmetry,0.40126102945190434,0.7373639841659394,0.72356092313188,0.7507152853632257
tropical,actinomorphic_symmetry,0.44169982575708566,0.7382237160804963,0.7242268435300784,0.7517536878527213
tropical,actinomorphic_symmetry,0.482138622062267,0.73908162953725,0.7248729239058026,0.7528067749031261
tropical,actinomorphic_symmetry,0.5225774183674483,0.7399377218544906,0.7255001692554656,0.7538735309436114
tropical,actinomorphic_symmetry,0.5630162146726296,0.7407919903977728,0.7261095799935018,0.7549529453209384
tropical,actinomorphic_symmetry,0.6034550109778105,0.7416444325798062,0.7267021414734047,0.756044022776972
tropical,actinomorphic_symmetry,0.6438938072829918,0.7424950458603458,0.7272788153611243,0.7571457920737983
tropical,actinomorphic_symmetry,0.6843326035881732,0.7433438277460777,0.7278405327936233,0.7582573128336478
tropical,actinomorphic_symmetry,0.7247713998933545,0.7441907757905055,0.7283881891916154,0.759377680724604
tropical,actinomorphic_symmetry,0.7652101961985358,0.7450358875938328,0.7289226405550422,0.7605060311635399
tropical,actinomorphic_symmetry,0.8056489925037171,0.7458791608028452,0.729444701049142,0.7616415417284275
tropical,actinomorphic_symmetry,0.8460877888088985,0.7467205931107895,0.7299551416838295,0.7627834334773078
tropical,actinomorphic_symmetry,0.8865265851140798,0.7475601822572515,0.7304546898953224,0.7639309713649798
tropical,actinomorphic_symmetry,0.9269653814192611,0.7483979260280317,0.730944029852793,0.7650834639346348
tropical,actinomorphic_symmetry,0.967404177724442,0.7492338222550197,0.7314238033311251,0.7662402624433555
tropical,actinomorphic_symmetry,1.0078429740296233,0.7500678688160659,0.7318946110112184,0.7674007595600373
tropical,actinomorphic_symmetry,1.0482817703348046,0.7509000636348524,0.7323570140899233,0.768564387753651
tropical,actinomorphic_symmetry,1.088720566639986,0.7517304046807614,0.7328115361014249,0.7697306174700278
tropical,actinomorphic_symmetry,1.1291593629451673,0.7525588899687422,0.733258664869987,0.7708989551772578
tropical,actinomorphic_symmetry,1.1695981592503486,0.7533855175591766,0.7336988545300309,0.7720689413437255
tropical,actinomorphic_symmetry,1.21003695555553,0.7542102855577423,0.7341325275634405,0.7732401483988931
tropical,actinomorphic_symmetry,1.2504757518607108,0.7550331921152748,0.7345600768157641,0.774412178715163
tropical,actinomorphic_symmetry,1.2909145481658921,0.7558542354276273,0.734981867462793,0.7755846626393359
tropical,actinomorphic_symmetry,1.3313533444710735,0.7566734137355303,0.7353982389070162,0.7767572565941727
tropical,actinomorphic_symmetry,1.3717921407762548,0.7574907253244472,0.7358095065899051,0.7779296412640972
tropical,actinomorphic_symmetry,1.4122309370814359,0.7583061685244303,0.7362159637111082,0.7791015198739726
tropical,shallow_open_tube,-1.8927184827320824,0.47821033935344787,0.4149634500898716,0.5421636572304718
tropical,shallow_open_tube,-1.8514937432379353,0.4783314888657906,0.41606640846324816,0.5412772548458856
tropical,shallow_open_tube,-1.810269003743788,0.47845264092723944,0.41716575350529683,0.5403951414700516
tropical,shallow_open_tube,-1.769044264249641,0.4785737955235954,0.41826124367376427,0.5395175523280175
tropical,shallow_open_tube,-1.7278195247554937,0.47869495264065803,0.4193526233176313,0.5386447367159864
tropical,shallow_open_tube,-1.6865947852613465,0.4788161122642256,0.4204396216829866,0.5377769589958465
tropical,shallow_open_tube,-1.6453700457671994,0.4789372743800952,0.4215219518462509,0.5369144996623525
tropical,shallow_open_tube,-1.6041453062730522,0.47905843897406314,0.4225993095703456,0.536057656487367
tropical,shallow_open_tube,-1.5629205667789052,0.4791796060319239,0.42367137207943534,0.5352067457455326
tropical,shallow_open_tube,-1.5216958272847578,0.47930077553947137,0.42473779674800566,0.5343621035256133
tropical,shallow_open_tube,-1.4804710877906109,0.47942194748249806,0.42579821970029647,0.5335240871314822
tropical,shallow_open_tube,-1.4392463482964637,0.4795431218467952,0.4268522543165389,0.5326930765763123
tropical,shallow_open_tube,-1.3980216088023165,0.47966429861815313,0.4278994896430643,0.5318694761728963
tropical,shallow_open_tube,-1.3567968693081693,0.47978547778236114,0.4289394887042432,0.5310537162221437
tropical,shallow_open_tube,-1.3155721298140222,0.479906659325207,0.42997178671540703,0.5302462548005952
tropical,shallow_open_tube,-1.274347390319875,0.48002784323247755,0.430995889197498,0.5294475796462151
tropical,shallow_open_tube,-1.2331226508257278,0.4801490294899588,0.4320112699962508,0.5286582101396555
tropical,shallow_open_tube,-1.1918979113315806,0.4802702180834352,0.43301736921133976,0.5278786993755571
tropical,shallow_open_tube,-1.1506731718374335,0.4803914089986902,0.4340135910442363,0.527109636315145
tropical,shallow_open_tube,-1.1094484323432863,0.48051260222150644,0.4349993015776289,0.5263516480072643
tropical,shallow_open_tube,-1.068223692849139,0.4806337977376654,0.43597382650430816,0.5256054018599553
tropical,shallow_open_tube,-1.0269989533549921,0.48075499553294726,0.4369364488295419,0.524871607938541
tropical,shallow_open_tube,-0.9857742138608449,0.4808761955931311,0.43788640657830785,0.5241510212588603
tropical,shallow_open_tube,-0.9445494743666977,0.4809973979039951,0.43882289054746076,0.5234444440355714
tropical,shallow_open_tube,-0.9033247348725505,0.4811186024513166,0.4397450421530781,0.5227527278352787
tropical,shallow_open_tube,-0.8620999953784034,0.48123980922087145,0.44065195143496194,0.5220767755725068
tropical,shallow_open_tube,-0.8208752558842562,0.4813610181984348,0.4415426552935584,0.5214175432732606
tropical,shallow_open_tube,-0.7796505163901091,0.4814822293697804,0.44241613604931673,0.520776041516149
tropical,shallow_open_tube,-0.7384257768959619,0.48160344272068145,0.4432713204305276,0.5201533364450307
tropical,shallow_open_tube,-0.6972010374018147,0.48172465823690963,0.4441070791125226,0.5195505502303046
tropical,shallow_open_tube,-0.6559762979076675,0.4818458759042359,0.4449222269481439,0.5189688608389303
tropical,shallow_open_tube,-0.6147515584135204,0.48196709570843005,0.4457155240456305,0.518409500957037
tropical,shallow_open_tube,-0.5735268189193732,0.48208831763526117,0.4464856778642051,0.517873755894832
tropical,shallow_open_tube,-0.532302079425226,0.482209541670497,0.4472313465079599,0.5173629602932162
tropical,shallow_open_tube,-0.4910773399310788,0.4823307677999045,0.44795114340300274,0.5168784934471391
tropical,shallow_open_tube,-0.44985260043693165,0.4824519960092494,0.44864364353875696,0.5164217730648042
tropical,shallow_open_tube,-0.40862786094278447,0.48257322628429666,0.4493073914390151,0.5159942472971233
tropical,shallow_open_tube,-0.3674031214486373,0.4826944586108103,0.4499409109990406,0.5155973849011234
tropical,shallow_open_tube,-0.3261783819544901,0.4828156929745533,0.4505427172790969,0.5152326634469313
tropical,shallow_open_tube,-0.28495364246034294,0.4829369293612876,0.45111133028036715,0.5149015555423677
tropical,shallow_open_tube,-0.24372890296619576,0.48305816775677446,0.45164529064564246,0.514605513132776
tropical,shallow_open_tube,-0.2025041634720488,0.4831794081467738,0.45214317712548363,0.5143459500353801
tropical,shallow_open_tube,-0.16127942397790163,0.4833006505170448,0.45260362553424766,0.5141242229837789
tropical,shallow_open_tube,-0.12005468448375445,0.4834218948533457,0.45302534879556133,0.5139416115829961
tropical,shallow_open_tube,-0.07882994498960727,0.48354314114143404,0.4534071575524535,0.5137992976998736
tropical,shallow_open_tube,-0.03760520549546009,0.48366438936706596,0.4537479807047654,0.5136983449261885
tropical,shallow_open_tube,0.0036195339986870856,0.48378563951599707,0.4540468851484736,0.513639678839859
tropical,shallow_open_tube,0.04484427349283426,0.48390689157398203,0.45430309394100654,0.5136240688401593
tropical,shallow_open_tube,0.08606901298698144,0.48402814552677453,0.45451600211446674,0.5136521123350302
tropical,shallow_open_tube,0.12729375248112862,0.4841494013601272,0.45468518941197505,0.5137242220052696
tropical,shallow_open_tube,0.16851849197527558,0.48427065905979205,0.4548104293325766,0.5138406167601619
tropical,shallow_open_tube,0.20974323146942297,0.48439191861152026,0.45489169403215596,0.5140013168371016
tropical,shallow_open_tube,0.25096797096356993,0.48451318000106164,0.45492915482979346,0.5142061432957747
tropical,shallow_open_tube,0.29219271045771733,0.4846344432141658,0.454923178293757,0.5144547219327098
tropical,shallow_open_tube,0.3334174499518643,0.48475570823658115,0.45487431810844225,0.5147464914148764
tropical,shallow_open_tube,0.3746421894460117,0.4848769750540552,0.45478330313231174,0.5150807152222925
tropical,shallow_open_tube,0.41586692894015864,0.48499824365233474,0.4546510222290629,0.515456496817398
tropical,shallow_open_tube,0.45709166843430604,0.4851195140171656,0.45447850657677863,0.5158727973364521
tropical,shallow_open_tube,0.498316407928453,0.4852407861342928,0.4542669102259523,0.5163284550320527
tropical,shallow_open_tube,0.5395411474226004,0.4853620599894608,0.45401748968711814,0.5168222056860555
tropical,shallow_open_tube,0.5807658869167474,0.485483335568413,0.4537315832882808,0.5173527032526908
tropical,shallow_open_tube,0.6219906264108948,0.4856046128568918,0.45341059096170006,0.5179185400723303
tropical,shallow_open_tube,0.6632153659050417,0.4857258918406391,0.45305595501141516,0.5185182661045113
tropical,shallow_open_tube,0.7044401053991891,0.48584717250539594,0.4526691422901634,0.5191504067515693
tropical,shallow_open_tube,0.7456648448933361,0.4859684548369027,0.4522516280888242,0.5198134789697461
tropical,shallow_open_tube,0.786889584387483,0.4860897388208987,0.45180488192271473,0.5205060054834444
tropical,shallow_open_tube,0.8281143238816304,0.4862110244431225,0.45133035529378007,0.5212265270235925
tropical,shallow_open_tube,0.8693390633757774,0.48633231168931196,0.4508294714199297,0.5219736125988589
tropical,shallow_open_tube,0.9105638028699248,0.48645360054520437,0.45030361685410525,0.5227458678771383
tropical,shallow_open_tube,0.9517885423640717,0.48657489099653617,0.4497541348657406,0.5235419418046454
tropical,shallow_open_tube,0.9930132818582191,0.4866961830290426,0.44918232042445416,0.524360531622776
tropical,shallow_open_tube,1.034238021352366,0.48681747662845903,0.44858941660762486,0.5252003864610851
tropical,shallow_open_tube,1.0754627608465135,0.48693877178051925,0.44797661224714364,0.5260603096910896
tropical,shallow_open_tube,1.1166875003406604,0.4870600684709567,0.4473450406333239,0.5269391602229107
tropical,shallow_open_tube,1.1579122398348078,0.4871813666855041,0.4466957791031126,0.5278358529176181
tropical,shallow_open_tube,1.1991369793289548,0.48730266640989345,0.4460298493531658,0.5287493582747075
tropical,shallow_open_tube,1.2403617188231022,0.487423967629856,0.44534821833423005,0.5296787015382723
tropical,shallow_open_tube,1.2815864583172492,0.48754527033112216,0.44465179960019346,0.5306229613485071
tropical,shallow_open_tube,1.3228111978113966,0.4876665744994219,0.443941455002107,0.5315812680482374
tropical,shallow_open_tube,1.3640359373055435,0.48778788012048435,0.44321799663370615,0.5325528017379522
tropical,shallow_open_tube,1.4052606767996905,0.4879091871800379,0.44248218895001334,0.533536790157752
southern_extratropical,self_compatibility,-1.4588369429656667,0.7665199072750271,0.7091140410392417,0.815543731802989
southern_extratropical,self_compatibility,-1.4209583511443353,0.7677113250391431,0.7113987247316179,0.8158798836579211
southern_extratropical,self_compatibility,-1.3830797593230038,0.7688984961369031,0.7136684244876068,0.816218706628385
southern_extratropical,self_compatibility,-1.3452011675016724,0.7700814169738319,0.7159229387313794,0.8165603335750635
southern_extratropical,self_compatibility,-1.3073225756803408,0.7712600841695019,0.7181620608141855,0.8169049047951153
southern_extratropical,self_compatibility,-1.2694439838590095,0.7724344945562558,0.7203855785456605,0.8172525684828058
southern_extratropical,self_compatibility,-1.231565392037678,0.773604645177916,0.7225932736971072,0.8176034812173739
southern_extratropical,self_compatibility,-1.1936868002163465,0.7747705332884789,0.7247849214759168,0.8179578084789845
southern_extratropical,self_compatibility,-1.155808208395015,0.7759321563507974,0.7269602899704625,0.8183157251934509
southern_extratropical,self_compatibility,-1.1179296165736836,0.77708951203525,0.7291191395650385,0.8186774163061704
southern_extratropical,self_compatibility,-1.0800510247523523,0.7782425982183971,0.7312612223247149,0.8190430773854215
southern_extratropical,self_compatibility,-1.0421724329310207,0.7793914129816254,0.7333862813503741,0.8194129152547689
southern_extratropical,self_compatibility,-1.0042938411096893,0.7805359546097792,0.7354940501046868,0.8197871486538436
southern_extratropical,self_compatibility,-0.9664152492883578,0.7816762215897828,0.7375842517104001,0.8201660089261366
southern_extratropical,self_compatibility,-0.9285366574670264,0.7828122126092485,0.7396565982230682,0.8205497407316953
southern_extratropical,self_compatibility,-0.8906580656456949,0.7839439265550759,0.7417107898812895,0.820938602781679
southern_extratropical,self_compatibility,-0.8527794738243635,0.7850713625120403,0.7437465143386306,0.8213328685906072
southern_extratropical,self_compatibility,-0.814900882003032,0.7861945197613698,0.7457634458827739,0.8217328272407851
southern_extratropical,self_compatibility,-0.7770222901817005,0.7873133977793144,0.7477612446490307,0.8221387841517805
southern_extratropical,self_compatibility,-0.7391436983603691,0.7884279962357035,0.7497395558372596,0.8225510618459326
southern_extratropical,self_compatibility,-0.7012651065390376,0.7895383149924955,0.7516980089434564,0.8229700006986423
southern_extratropical,self_compatibility,-0.6633865147177063,0.7906443541023189,0.753636217019853,0.8233959596596265
southern_extratropical,self_compatibility,-0.6255079228963748,0.791746113807004,0.7555537759803302,0.8238293169283498
southern_extratropical,self_compatibility,-0.5876293310750433,0.7928435945361058,0.7574502639713027,0.8242704705634932
southern_extratropical,self_compatibility,-0.5497507392537119,0.7939367969054205,0.759325240831998,0.8247198390025564
southern_extratropical,self_compatibility,-0.5118721474323804,0.7950257217154937,0.7611782476722123,0.8251778614635276
southern_extratropical,self_compatibility,-0.47399355561104894,0.7961103699501217,0.7630088066001245,0.8256449981960611
southern_extratropical,self_compatibility,-0.4361149637897175,0.7971907427748449,0.7648164206375341,0.8261217305448126
southern_extratropical,self_compatibility,-0.3982363719683861,0.7982668415354357,0.7666005738648164,0.8266085607826564
southern_extratropical,self_compatibility,-0.36035778014705455,0.7993386677563795,0.7683607318427886,0.8271060116666116
southern_extratropical,self_compatibility,-0.3224791883257232,0.8004062231393498,0.7700963423632956,0.8276146256646826
southern_extratropical,self_compatibility,-0.2846005965043916,0.8014695095616775,0.7718068365843292,0.8281349637978225
southern_extratropical,self_compatibility,-0.24672200468306027,0.8025285290748158,0.773491630608453,0.8286676040382599
southern_extratropical,self_compatibility,-0.20884341286172892,0.8035832839027977,0.7751501275647104,0.8292131392040342
southern_extratropical,self_compatibility,-0.17096482104039734,0.8046337764406916,0.7767817202534311,0.8297721742903348
southern_extratropical,self_compatibility,-0.133086229219066,0.80568000925305,0.7783857944097451,0.8303453231818613
southern_extratropical,self_compatibility,-0.09520763739773441,0.8067219850723555,0.7799617326344236,0.8309332046975922
southern_extratropical,self_compatibility,-0.05732904557640306,0.8077597067974625,0.7815089190292144,0.831536437930821
southern_extratropical,self_compatibility,-0.019450453755071484,0.808793177492034,0.7830267445574534,0.8321556368636864
southern_extratropical,self_compatibility,0.01842813806625987,0.8098224003829781,0.7845146131290164,0.8327914042571537
southern_extratropical,self_compatibility,0.056306729887591445,0.8108473788588778,0.7859719483814597,0.8334443248446157
southern_extratropical,self_compatibility,0.0941853217089228,0.8118681164684207,0.7873982010967754,0.8341149578896977
southern_extratropical,self_compatibility,0.13206391353025415,0.8128846169188246,0.7887928571564268,0.8348038292056243
southern_extratropical,self_compatibility,0.16994250535158573,0.8138968840742627,0.7901554458976806,0.8355114227731407
southern_extratropical,self_compatibility,0.20782109717291708,0.8149049219542842,0.7914855486939444,0.8362381721342979
southern_extratropical,self_compatibility,0.24569968899424866,0.8159087347322357,0.7927828075436486,0.8369844517775783
southern_extratropical,self_compatibility,0.28357828081558,0.8169083267336795,0.794046933419525,0.8377505687625227
southern_extratropical,self_compatibility,0.3214568726369116,0.817903702434812,0.7952777141065115,0.8385367548556448
southern_extratropical,self_compatibility,0.35933546445824294,0.8188948664608799,0.7964750212453591,0.8393431594605699
southern_extratropical,self_compatibility,0.3972140562795743,0.8198818235845967,0.7976388163032022,0.8401698436211521
southern_extratropical,self_compatibility,0.43509264810090587,0.8208645787245585,0.7987691552136518,0.8410167753550243
southern_extratropical,self_compatibility,0.4729712399222372,0.8218431369436594,0.7998661914677218,0.8418838265362822
southern_extratropical,self_compatibility,0.5108498317435688,0.8228175034475073,0.8009301774917518,0.8427707714911541
southern_extratropical,self_compatibility,0.5487284235649001,0.8237876835828399,0.8019614642163296,0.8436772874026648
southern_extratropical,self_compatibility,0.5866070153862317,0.8247536828359413,0.8029604988164398,0.8446029565440807
southern_extratropical,self_compatibility,0.6244856072075633,0.825715506831059,0.8039278206820072,0.8455472702819787
southern_extratropical,self_compatibility,0.6623641990288944,0.8266731613288232,0.8048640557536055,0.8465096347141804
southern_extratropical,self_compatibility,0.700242790850226,0.827626652224665,0.8057699094246163,0.8474893777412795
southern_extratropical,self_compatibility,0.7381213826715576,0.8285759855472389,0.8066461582638053,0.8484857573178055
southern_extratropical,self_compatibility,0.7759999744928887,0.8295211674568445,0.8074936408478969,0.8494979705934528
southern_extratropical,self_compatibility,0.8138785663142203,0.830462204243852,0.808313248010841,0.8505251636376945
southern_extratropical,self_compatibility,0.8517571581355519,0.8313991023271284,0.8091059128154232,0.8515664414421408
southern_extratropical,self_compatibility,0.8896357499568834,0.8323318682524675,0.8098726005356321,0.8526208779122303
southern_extratropical,self_compatibility,0.9275143417782146,0.8332605086910206,0.8106142989078734,0.8536875255901873
southern_extratropical,self_compatibility,0.9653929335995461,0.8341850304377317,0.8113320088694707,0.854765424890805
southern_extratropical,self_compatibility,1.0032715254208777,0.8351054404097747,0.8120267359579176,0.8558536126766002
southern_extratropical,self_compatibility,1.0411501172422089,0.8360217456449943,0.8126994824977326,0.8569511300455043
southern_extratropical,self_compatibility,1.0790287090635404,0.8369339533003491,0.813351240656665,0.8580570292493389
southern_extratropical,self_compatibility,1.116907300884872,0.83784207065036,0.8139829864118512,0.8591703797024967
southern_extratropical,self_compatibility,1.1547858927062036,0.8387461050855609,0.8145956744309052,0.8602902730758453
southern_extratropical,self_compatibility,1.1926644845275347,0.8396460641109538,0.8151902338437356,0.8614158275000704
southern_extratropical,self_compatibility,1.2305430763488663,0.8405419553444683,0.8157675648583349,0.8625461909252204
southern_extratropical,self_compatibility,1.2684216681701979,0.8414337865154248,0.8163285361576023,0.8636805436994001
southern_extratropical,self_compatibility,1.306300259991529,0.8423215654630023,0.816873983003829,0.8648181004399879
southern_extratropical,self_compatibility,1.3441788518128606,0.8432053001347112,0.8174047059719708,0.8659581112762615
southern_extratropical,self_compatibility,1.3820574436341921,0.8440849985848707,0.8179214702313553,0.8670998625437891
southern_extratropical,self_compatibility,1.4199360354555237,0.8449606689730906,0.8184250052971066,0.8682426770093103
southern_extratropical,self_compatibility,1.4578146272768548,0.8458323195627588,0.8189160051764915,0.8693859137009078
southern_extratropical,self_compatibility,1.4956932190981864,0.8466999587195346,0.8193951288408686,0.8705289674127948
southern_extratropical,self_compatibility,1.533571810919518,0.8475635949098455,0.819863000960319,0.8716712679476439
southern_extratropical,self_compatibility,1.5714504027408491,0.8484232366993917,0.8203202128448988,0.872812279152522
southern_extratropical,selfing_mating_system,-1.5653536687582998,0.35263071363854354,0.2756769310680958,0.4380737907393838
southern_extratropical,selfing_mating_system,-1.5263524992853679,0.3537403444998192,0.2775140393349895,0.43820505319105746
southern_extratropical,selfing_mating_system,-1.4873513298124361,0.354851553106871,0.2793543811026801,0.4383415673595062
southern_extratropical,selfing_mating_system,-1.4483501603395041,0.35596432969059527,0.28119771177138964,0.43848353014552494
southern_extratropical,selfing_mating_system,-1.4093489908665724,0.3570786644172535,0.28304377662161817,0.4386311473375352
southern_extratropical,selfing_mating_system,-1.3703478213936404,0.35819454738873596,0.2848923103832641,0.4387846340411379
southern_extratropical,selfing_mating_system,-1.3313466519207087,0.35931196864283044,0.28674303678684476,0.4389442151268959
southern_extratropical,selfing_mating_system,-1.2923454824477767,0.36043091815349615,0.28859566809670645,0.43911012569646324
southern_extratropical,selfing_mating_system,-1.253344312974845,0.3615513858311433,0.2904499046262483,0.43928261156703885
southern_extratropical,selfing_mating_system,-1.214343143501913,0.36267336152291785,0.2923054342353496,0.4394619297739606
southern_extratropical,selfing_mating_system,-1.175341974028981,0.36379683501299165,0.29416193181038186,0.439648349091061
southern_extratropical,selfing_mating_system,-1.1363408045560492,0.36492179602285774,0.2960190587274238,0.43984215056817083
southern_extratropical,selfing_mating_system,-1.0973396350831173,0.366048234211631,0.29787646229956405,0.4400436280848896
southern_extratropical,selfing_mating_system,-1.0583384656101855,0.3671761391763546,0.29973377520949823,0.440253088919419
southern_extratropical,selfing_mating_system,-1.0193372961372535,0.36830550045231053,0.3015906149289948,0.4404708543308878
southern_extratropical,selfing_mating_system,-0.9803361266643217,0.369436307513337,0.303446583127231,0.4406972601531718
southern_extratropical,selfing_mating_system,-0.9413349571913898,0.3705685497721495,0.3053012650704912,0.4409326573977175
southern_extratropical,selfing_mating_system,-0.902333787718458,0.3717022165806685,0.3071542290162771,0.4411774128623239
southern_extratropical,selfing_mating_system,-0.8633326182455261,0.3728372972303515,0.30900502560551774,0.44143190974219687
southern_extratropical,selfing_mating_system,-0.8243314487725942,0.37397378095253075,0.3108531872572819,0.4416965482388756
southern_extratropical,selfing_mating_system,-0.7853302792996624,0.37511165691875564,0.31269822757120036,0.44197174616182666
southern_extratropical,selfing_mating_system,-0.7463291098267304,0.37625091424114115,0.31453964074370294,0.4422579395166029
southern_extratropical,selfing_mating_system,-0.7073279403537985,0.3773915419727206,0.31637690100516547,0.44255558307247195
southern_extratropical,selfing_mating_system,-0.6683267708808667,0.37853352910780425,0.31820946208615397,0.44286515090133305
southern_extratropical,selfing_mating_system,-0.6293256014079348,0.3796768645823426,0.3200367567221355,0.44318713687854866
southern_extratropical,selfing_mating_system,-0.590324431935003,0.38082153727429496,0.32185819620730927,0.4435220551350444
southern_extratropical,selfing_mating_system,-0.551323262462071,0.38196753600400324,0.32367317000957185,0.4438704404486597
southern_extratropical,selfing_mating_system,-0.5123220929891392,0.3831148495345707,0.3254810454600706,0.4442328485613
southern_extratropical,selfing_mating_system,-0.47332092351620725,0.3842634665722456,0.3272811675322892,0.44460985640694517
southern_extratropical,selfing_mating_system,-0.4343197540432755,0.38541337576681056,0.3290728587271284,0.44500206223405064
southern_extratropical,selfing_mating_system,-0.3953185845703435,0.386564565711976,0.3308554190819603,0.4454100856043677
southern_extratropical,selfing_mating_system,-0.35631741509741177,0.3877170249457794,0.3326281263230915,0.4458345672487419
southern_extratropical,selfing_mating_system,-0.3173162456244798,0.3888707419509891,0.3343902361824327,0.44627616875909726
southern_extratropical,selfing_mating_system,-0.2783150761515478,0.39002570515551294,0.33614098290035155,0.44673557209462544
southern_extratropical,selfing_mating_system,-0.23931390667861607,0.39118190293281246,0.3378795799376214,0.4472134788792692
southern_extratropical,selfing_mating_system,-0.2003127372056841,0.3923393236023215,0.3396052209199666,0.44771060946699753
southern_extratropical,selfing_mating_system,-0.16131156773275235,0.39349795542986965,0.34131708083884976,0.44822770175122584
southern_extratropical,selfing_mating_system,-0.12231039825982037,0.3946577866281108,0.34301431753173617,0.44876550969514756
southern_extratropical,selfing_mating_system,-0.08330922878688862,0.3958188053569561,0.34469607346397296,0.4493248015608335
southern_extratropical,selfing_mating_system,-0.04430805931395665,0.3969809997240126,0.3463614778325376,0.4499063578168482
southern_extratropical,selfing_mating_system,-0.005306889841024898,0.39814435778502566,0.34800964900909487,0.45051096870693785
southern_extratropical,selfing_mating_system,0.033694279631907076,0.39930886754432654,0.34963969733597,0.4511394314661832
southern_extratropical,selfing_mating_system,0.07269544910483905,0.400474516955285,0.3512507282836947,0.4517925471759565
southern_extratropical,selfing_mating_system,0.1116966185777708,0.4016412939207656,0.35284184597266643,0.4524711172551412
southern_extratropical,selfing_mating_system,0.15069778805070277,0.40280918629359,0.3544121570541612,0.4531759395923699
southern_extratropical,selfing_mating_system,0.18969895752363453,0.403978181877003,0.3559607749375014,0.45390780433247807
southern_extratropical,selfing_mating_system,0.2287001269965665,0.4051482684251428,0.35748682434071155,0.45466748933983486
southern_extratropical,selfing_mating_system,0.26770129646949825,0.40631943364351697,0.3589894461316861,0.4554557553715274
southern_extratropical,selfing_mating_system,0.3067024659424302,0.407491665189482,0.36046780241600646,0.4562733410042529
southern_extratropical,selfing_mating_system,0.3457036354153622,0.4086649506727275,0.3619210818164418,0.45712095736988556
southern_extratropical,selfing_mating_system,0.38470480488829395,0.4098392776557655,0.3633485048782744,0.45799928276556773
southern_extratropical,selfing_mating_system,0.4237059743612259,0.41101463365442253,0.36474932952441297,0.4589089572143647
southern_extratropical,selfing_mating_system,0.4627071438341579,0.4121910061383384,0.366122856475321,0.4598505770614433
southern_extratropical,selfing_mating_system,0.5017083133070894,0.41336838253146707,0.3674684345416871,0.46082468969785034
southern_extratropical,selfing_mating_system,0.5407094827800214,0.4145467502125831,0.3687854656929895,0.46183178850872914
southern_extratropical,selfing_mating_system,0.5797106522529534,0.4157260965157923,0.37007340980318515,0.4628723081447396
southern_extratropical,selfing_mating_system,0.6187118217258853,0.4169064087310455,0.3713317889760227,0.46394662021417854
southern_extratropical,selfing_mating_system,0.6577129911988173,0.41808767410465825,0.37256019135718726,0.46505502948858535
southern_extratropical,selfing_mating_system,0.6967141606717489,0.41926987983983305,0.3737582743486841,0.4661977707064201
southern_extratropical,selfing_mating_system,0.7357153301446808,0.42045301309718625,0.37492576715241704,0.4673750060478545
southern_extratropical,selfing_mating_system,0.7747164996176128,0.4216370609952794,0.376062472584473,0.46858682333915436
southern_extratropical,selfing_mating_system,0.8137176690905448,0.422822010611154,0.3771682681186489,0.4698332350281147
southern_extratropical,selfing_mating_system,0.8527188385634763,0.42400784898087024,0.3782431061365625,0.4711141779531975
southern_extratropical,selfing_mating_system,0.8917200080364083,0.4251945631000501,0.3792870133814396,0.47242951390927235
southern_extratropical,selfing_mating_system,0.9307211775093402,0.426382139924424,0.38030008963250567,0.4737790309930277
southern_extratropical,selfing_mating_system,0.9697223469822722,0.4275705663703807,0.38128250563592403,0.4751624456920995
southern_extratropical,selfing_mating_system,1.0087235164552042,0.4287598293155226,0.3822345003456071,0.47657940566458695
southern_extratropical,selfing_mating_system,1.0477246859281357,0.4299499155992226,0.38315637754225373,0.478029493140593
southern_extratropical,selfing_mating_system,1.0867258554010677,0.43114081202318666,0.38404850191109463,0.4795122288653013
southern_extratropical,selfing_mating_system,1.1257270248739997,0.4323325053520183,0.3849112946676801,0.4810270764942448
southern_extratropical,selfing_mating_system,1.1647281943469316,0.4335249823137879,0.3857452288264683,0.4825734473460039
southern_extratropical,selfing_mating_system,1.2037293638198632,0.4347182296006048,0.38655082420898595,0.48415070541555
southern_extratropical,selfing_mating_system,1.2427305332927951,0.4359122338691934,0.3873286422871487,0.48575817255264253
southern_extratropical,selfing_mating_system,1.2817317027657271,0.43710698174147194,0.38807928095329286,0.4873951337137162
southern_extratropical,selfing_mating_system,1.320732872238659,0.4383024598051354,0.38880336930204307,0.4890608422021275
southern_extratropical,selfing_mating_system,1.359734041711591,0.4394986546142414,0.38950156250083956,0.49075452481992765
southern_extratropical,selfing_mating_system,1.3987352111845226,0.44069555268979965,0.390174536816316,0.4924753868639607
southern_extratropical,selfing_mating_system,1.4377363806574546,0.4418931405203637,0.39082298485330175,0.49422261690950625
southern_extratropical,selfing_mating_system,1.4767375501303865,0.4430914045626268,0.3914476110524932,0.49599539133541165
southern_extratropical,selfing_mating_system,1.5157387196033185,0.44429033124202083,0.39204912748224785,0.4977928785552501
southern_extratropical,selfing_mating_system,1.55473988907625,0.4454899069533178,0.3926282499498471,0.4996142429291523
southern_extratropical,autonomous_selfing,-1.5440149582155727,0.439571071084967,0.3531892343469588,0.5297756615224486
southern_extratropical,autonomous_selfing,-1.5053967173273053,0.4406868163866935,0.35533099443189464,0.5296992596625545
southern_extratropical,autonomous_selfing,-1.466778476439038,0.44180316114747065,0.3574746384209596,0.5296271143932905
southern_extratropical,autonomous_selfing,-1.4281602355507705,0.4429200943978005,0.3596199006891833,0.5295594029301625
southern_extratropical,autonomous_selfing,-1.3895419946625034,0.44403760514454593,0.36176650531116455,0.529496311722146
southern_extratropical,autonomous_selfing,-1.350923753774236,0.4451556823713527,0.36391416551837685,0.5294380370058535
southern_extratropical,autonomous_selfing,-1.3123055128859686,0.4462743150390759,0.36606258312175294,0.5293847853948037
southern_extratropical,autonomous_selfing,-1.2736872719977013,0.4473934920862063,0.3682114478975453,0.5293367745057916
southern_extratropical,autonomous_selfing,-1.235069031109434,0.4485132024293001,0.3703604369344145,0.529294233624406
southern_extratropical,autonomous_selfing,-1.1964507902211667,0.44963343496340963,0.3725092139396799,0.5292574044117572
southern_extratropical,autonomous_selfing,-1.1578325493328991,0.4507541785625161,0.3746574285026633,0.5292265416544832
southern_extratropical,autonomous_selfing,-1.119214308444632,0.45187542207996423,0.37680471531309023,0.5292019140600636
southern_extratropical,autonomous_selfing,-1.0805960675563646,0.45299715434889876,0.37895069333258163,0.5291838050994077
southern_extratropical,autonomous_selfing,-1.0419778266680972,0.4541193641827024,0.38109496491738354,0.5291725138985652
southern_extratropical,autonomous_selfing,-1.0033595857798299,0.45524204037543564,0.38323711489065787,0.529168356181233
southern_extratropical,autonomous_selfing,-0.9647413448915626,0.45636517170227814,0.38537670956289805,0.5291716652634889
southern_extratropical,autonomous_selfing,-0.9261231040032952,0.4574887469199719,0.38751329569936627,0.5291827931018539
southern_extratropical,autonomous_selfing,-0.8875048631150279,0.4586127547672657,0.38964639943387885,0.5292021113953501
southern_extratropical,autonomous_selfing,-0.8488866222267606,0.45973718396536156,0.3917755251288225,0.5292300127416687
southern_extratropical,autonomous_selfing,-0.8102683813384932,0.4608620232183621,0.3939001541819858,0.5292669118468565
southern_extratropical,autonomous_selfing,-0.7716501404502258,0.46198726121371997,0.3960197437816634,0.5293132467870622
southern_extratropical,autonomous_selfing,-0.7330318995619586,0.4631128866226881,0.3981337256125687,0.5293694803197977
southern_extratropical,autonomous_selfing,-0.6944136586736912,0.464238888100772,0.40024150451640056,0.5294361012408662
southern_extratropical,autonomous_selfing,-0.6557954177854238,0.4653652542881831,0.40234245711249433,0.5295136257815201
southern_extratropical,autonomous_selfing,-0.6171771768971566,0.4664919738102927,0.4044359303858851,0.5296025990385144
southern_extratropical,autonomous_selfing,-0.5785589360088892,0.4676190352780892,0.40652124025235814,0.5297035964274767
southern_extratropical,autonomous_selfing,-0.5399406951206218,0.4687464272886341,0.40859767011271214,0.5298172251473594
southern_extratropical,autonomous_selfing,-0.5013224542323544,0.46987413842552067,0.41066446941154694,0.529944125640659
southern_extratropical,autonomous_selfing,-0.46270421334408707,0.4710021572593339,0.4127208522194598,0.5300849730305073
southern_extratropical,autonomous_selfing,-0.4240859724558199,0.47213047234811084,0.41476599586162505,0.5302404785116591
southern_extratropical,autonomous_selfing,-0.38546773156755254,0.4732590722378021,0.4167990396203619,0.5304113906677592
southern_extratropical,autonomous_selfing,-0.34684949067928517,0.4743879454627352,0.41881908354448777,0.530598496682087
southern_extratropical,autonomous_selfing,-0.3082312497910178,0.4755170805460779,0.420825187403984,0.530802623403243
southern_extratropical,autonomous_selfing,-0.2696130089027504,0.4766464660003032,0.42281636983474286,0.5310246382210033
southern_extratropical,autonomous_selfing,-0.23099476801448304,0.477776090327655,0.4247916077248159,0.531265449700911
southern_extratropical,autonomous_selfing,-0.19237652712621567,0.4789059420206145,0.42674983590053717,0.5315260079192258
southern_extratropical,autonomous_selfing,-0.15375828623794852,0.480036009562368,0.42868994717792636,0.5318073044328171
southern_extratropical,autonomous_selfing,-0.11514004534968114,0.48116628142727463,0.43061079285162784,0.5321103718117379
southern_extratropical,autonomous_selfing,-0.07652180446141377,0.48229674608133577,0.4325111836999381,0.532436282655918
southern_extratropical,autonomous_selfing,-0.03790356357314639,0.4834273919826647,0.4343898915897419,0.5327861480121461
southern_extratropical,autonomous_selfing,0.0007146773151209818,0.4845582075819566,0.4362456517688552,0.5331611151038378
southern_extratropical,autonomous_selfing,0.039332918203388356,0.48568918132296024,0.438077165934654,0.5335623642846989
southern_extratropical,autonomous_selfing,0.07795115909165551,0.48682030164294926,0.43988310616619675,0.5339911051290677
southern_extratropical,autonomous_selfing,0.11656939997992288,0.48795155697319437,0.4416621198014606,0.5344485715773074
southern_extratropical,autonomous_selfing,0.15518764086819026,0.4890829357394361,0.4434128353309426,0.5349360160649903
southern_extratropical,autonomous_selfing,0.19380588175645763,0.49021442636235835,0.4451338693628978,0.5354547025805889
southern_extratropical,autonomous_selfing,0.232424122644725,0.4913460172580615,0.446823834693197,0.5360058986186845
southern_extratropical,autonomous_selfing,0.2710423635329924,0.492477696838537,0.44848134948374285,0.5365908660247455
southern_extratropical,autonomous_selfing,0.30966060442125953,0.49360945351214136,0.45010504751749225,0.5372108507634157
southern_extratropical,autonomous_selfing,0.3482788453095269,0.49474127568407134,0.45169358945583016,0.5378670716845604
southern_extratropical,autonomous_selfing,0.3868970861977943,0.4958731517568385,0.4532456749763734,0.5385607084089801
southern_extratropical,autonomous_selfing,0.42551532708606166,0.4970050701307445,0.4547600556180187,0.5392928885069693
southern_extratropical,autonomous_selfing,0.46413356797432903,0.49813701920435716,0.45623554810771516,0.5400646741952299
southern_extratropical,autonomous_selfing,0.5027518088625962,0.4992689873749852,0.4576710478932363,0.5408770488278529
southern_extratropical,autonomous_selfing,0.5413700497508638,0.5004009630391545,0.45906554256192184,0.5417309035013923
southern_extratropical,autonomous_selfing,0.5799882906391309,0.5015329345930833,0.46041812479096256,0.5426270241284413
southern_extratropical,autonomous_selfing,0.6186065315273985,0.5026648904331591,0.461728004454254,0.5435660793546833
southern_extratropical,autonomous_selfing,0.6572247724156657,0.503796818956413,0.462994519507505,0.5445486096977142
southern_extratropical,autonomous_selfing,0.6958430133039328,0.5049287085609965,0.46421714528955,0.5455750182696819
southern_extratropical,autonomous_selfing,0.7344612541922004,0.5060605476466568,0.46539550191461204,0.5466455634089838
southern_extratropical,autonomous_selfing,0.7730794950804676,0.5071923246152118,0.4665293594868405,0.5477603534896895
southern_extratropical,autonomous_selfing,0.8116977359687352,0.5083240278710265,0.4676186409422293,0.5489193441035712
southern_extratropical,autonomous_selfing,0.8503159768570023,0.509455645821487,0.4686634224097396,0.5501223377229104
southern_extratropical,autonomous_selfing,0.8889342177452699,0.5105871668774757,0.46966393107751936,0.5513689858581757
southern_extratropical,autonomous_selfing,0.9275524586335371,0.5117185794538462,0.47062054064516623,0.5526587936296168
southern_extratropical,autonomous_selfing,0.9661706995218042,0.5128498719698971,0.4715337645325481,0.5539911265822509
southern_extratropical,autonomous_selfing,1.0047889404100718,0.5139810328498454,0.4724042470938851,0.555365219495526
southern_extratropical,autonomous_selfing,1.043407181298339,0.5151120505233008,0.47323275314789776,0.5567801868768483
southern_extratropical,autonomous_selfing,1.0820254221866066,0.5162429134257378,0.47402015617771764,0.5582350347852665
southern_extratropical,autonomous_selfing,1.1206436630748737,0.5173736099989684,0.4747674255766319,0.5597286736092317
southern_extratropical,autonomous_selfing,1.1592619039631413,0.5185041286916138,0.4754756133180451,0.5612599314200414
southern_extratropical,autonomous_selfing,1.1978801448514085,0.5196344579595757,0.4761458404122723,0.562827567538342
southern_extratropical,autonomous_selfing,1.2364983857396756,0.5207645862665071,0.4767792834820529,0.564430285981791
southern_extratropical,autonomous_selfing,1.2751166266279432,0.5218945020842819,0.47737716174681477,0.5660667485038416
southern_extratropical,autonomous_selfing,1.3137348675162104,0.523024193893464,0.4779407246567596,0.5677355869825684
southern_extratropical,autonomous_selfing,1.352353108404478,0.5241536501837764,0.47847124036565747,0.569435414970635
southern_extratropical,autonomous_selfing,1.3909713492927451,0.525282859454568,0.4789699851792493,0.5711648382694995
southern_extratropical,autonomous_selfing,1.4295895901810123,0.5264118102152814,0.4794382340670848,0.5729224644400176
southern_extratropical,autonomous_selfing,1.4682078310692799,0.527540490985918,0.47987725228148465,0.574706911205749
southern_extratropical,autonomous_selfing,1.506826071957547,0.5286688902975035,0.4802882880893619,0.5765168137432188
southern_extratropical,autonomous_selfing,1.5454443128458146,0.5297969966925519,0.48067256659148294,0.5783508308845505
southern_extratropical,plain_colour,-1.4654805144052179,0.5709909395113543,0.5462575645329592,0.5953747540584303
southern_extratropical,plain_colour,-1.4272333952320175,0.5716858700297263,0.5471199583383382,0.5959034386934968
southern_extratropical,plain_colour,-1.3889862760588172,0.572380517897579,0.5479782133767919,0.5964356478491294
southern_extratropical,plain_colour,-1.3507391568856169,0.5730748804926218,0.548832254819287,0.5969714471315071
southern_extratropical,plain_colour,-1.3124920377124165,0.573768955197013,0.5496820081081797,0.5975109018946367
southern_extratropical,plain_colour,-1.2742449185392162,0.5744627393973983,0.5505273990809976,0.5980540771168674
southern_extratropical,plain_colour,-1.2359977993660158,0.5751562304849486,0.5513683541002256,0.5986010372713998
southern_extratropical,plain_colour,-1.1977506801928155,0.5758494258553973,0.5522048001888573,0.5991518461910276
southern_extratropical,plain_colour,-1.1595035610196152,0.5765423229090788,0.5530366651714196,0.5997065669274056
southern_extratropical,plain_colour,-1.1212564418464148,0.5772349190509648,0.5538638778201076,0.6002652616052049
southern_extratropical,plain_colour,-1.0830093226732145,0.5779272116907024,0.5546863680056069,0.6008279912715795
southern_extratropical,plain_colour,-1.044762203500014,0.578619198242651,0.5555040668521041,0.6013948157414442
southern_extratropical,plain_colour,-1.0065150843268136,0.5793108761259189,0.5563169068959243,0.6019657934391217
southern_extratropical,plain_colour,-0.9682679651536132,0.5800022427644008,0.5571248222471633,0.6025409812369964
southern_extratropical,plain_colour,-0.9300208459804129,0.5806932955868139,0.5579277487536151,0.6031204342918688
southern_extratropical,plain_colour,-0.8917737268072126,0.5813840320267347,0.5587256241662282,0.6037042058797801
southern_extratropical,plain_colour,-0.8535266076340122,0.582074449522635,0.5595183883052705,0.6042923472301287
southern_extratropical,plain_colour,-0.8152794884608119,0.5827645455179185,0.5603059832263149,0.6048849073599604
southern_extratropical,plain_colour,-0.7770323692876115,0.5834543174609566,0.5610883533851176,0.6054819329093682
southern_extratropical,plain_colour,-0.7387852501144112,0.5841437628051244,0.5618654458004089,0.6060834679789763
southern_extratropical,plain_colour,-0.7005381309412109,0.5848328790088361,0.5626372102135869,0.6066895539705174
southern_extratropical,plain_colour,-0.6622910117680104,0.5855216635355811,0.5634035992442774,0.6073002294315469
southern_extratropical,plain_colour,-0.6240438925948101,0.5862101138539587,0.5641645685407026,0.6079155299053421
southern_extratropical,plain_colour,-0.5857967734216097,0.5868982274377139,0.5649200769238057,0.6085354877870457
southern_extratropical,plain_colour,-0.5475496542484094,0.5875860017657718,0.5656700865240794,0.6091601321871045
southern_extratropical,plain_colour,-0.5093025350752091,0.5882734343222735,0.5664145629100671,0.6097894888030311
southern_extratropical,plain_colour,-0.4710554159020087,0.5889605225966097,0.5671534752075457,0.6104235798004852
southern_extratropical,plain_colour,-0.4328082967288083,0.5896472640834557,0.5678867962084339,0.6110624237046255
southern_extratropical,plain_colour,-0.39456117755560793,0.5903336562828062,0.5686145024685402,0.6117060353026199
southern_extratropical,plain_colour,-0.3563140583824076,0.591019696700009,0.5693365743933289,0.6123544255581383
southern_extratropical,plain_colour,-0.31806693920920726,0.5917053828457988,0.570052996310969,0.6130076015385579
southern_extratropical,plain_colour,-0.2798198200360069,0.5923907122363318,0.5707637565320252,0.6136655663555264
southern_extratropical,plain_colour,-0.24157270086280658,0.5930756823932188,0.5714688473952515,0.614328319119419
southern_extratropical,plain_colour,-0.20332558168960624,0.5937602908435592,0.5721682652990655,0.6149958549081154
southern_extratropical,plain_colour,-0.1650784625164059,0.5944445351199737,0.5728620107183928,0.6156681647504015
southern_extratropical,plain_colour,-0.12683134334320556,0.595128412760638,0.5735500882067035,0.6163452356241803
southern_extratropical,plain_colour,-0.08858422417000522,0.5958119213093157,0.5742325063831824,0.6170270504695448
southern_extratropical,plain_colour,-0.05033710499680488,0.5964950583153907,0.5749092779051054,0.6177135882166438
southern_extratropical,plain_colour,-0.012089985823604543,0.5971778213339006,0.5755804194256252,0.6184048238281364
southern_extratropical,plain_colour,0.026157133349595796,0.5978602079255685,0.5762459515372855,0.619100728355916
southern_extratropical,plain_colour,0.06440425252279613,0.5985422156568354,0.5769058987017124,0.619801269011655
southern_extratropical,plain_colour,0.1026513716959967,0.5992238420998925,0.5775602891660354,0.6205064092506175
southern_extratropical,plain_colour,0.14089849086919704,0.599905084832713,0.5782091548667029,0.6212161088680763
southern_extratropical,plain_colour,0.17914561004239737,0.600585941439084,0.5788525313214482,0.6219303241075773
southern_extratropical,plain_colour,0.2173927292155977,0.6012664095086373,0.5794904575102464,0.6226490077802099
southern_extratropical,plain_colour,0.25563984838879805,0.601946486636882,0.580122975746177,0.6233721093939711
southern_extratropical,plain_colour,0.2938869675619984,0.6026261704252347,0.580750131537166,0.6240995752922466
southern_extratropical,plain_colour,0.33213408673519873,0.6033054584810508,0.5813719734396295,0.6248313488003903
southern_extratropical,plain_colour,0.37038120590839907,0.6039843484176557,0.5819885529050702,0.6255673703793458
southern_extratropical,plain_colour,0.4086283250815994,0.6046628378543745,0.5825999241207064,0.6263075777852373
southern_extratropical,plain_colour,0.44687544425479975,0.6053409244165631,0.5832061438452122,0.6270519062338427
southern_extratropical,plain_colour,0.4851225634280001,0.6060186057356388,0.583807271240652,0.6278002885688747
southern_extratropical,plain_colour,0.5233696826012004,0.6066958794491093,0.5844033677016657,0.6285526554330052
southern_extratropical,plain_colour,0.561616801774401,0.6073727432006035,0.5849944966829452,0.6293089354405991
southern_extratropical,plain_colour,0.5998639209476013,0.6080491946399008,0.5855807235259974,0.6300690553511586
southern_extratropical,plain_colour,0.6381110401208017,0.6087252314229606,0.5861621152861468,0.6308329402425242
southern_extratropical,plain_colour,0.676358159294002,0.6094008512119515,0.5867387405606805,0.6316005136829337
southern_extratropical,plain_colour,0.7146052784672023,0.6100760516752808,0.5873106693189758,0.6323716979010947
southern_extratropical,plain_colour,0.7528523976404027,0.6107508304876226,0.5878779727353871,0.6331464139534962
southern_extratropical,plain_colour,0.791099516813603,0.6114251853299477,0.5884407230256061,0.6339245818882447
southern_extratropical,plain_colour,0.8293466359868034,0.6120991138895512,0.5889989932871328,0.6347061209047872
southern_extratropical,plain_colour,0.8675937551600037,0.612772613860081,0.5895528573444281,0.6354909495089498
southern_extratropical,plain_colour,0.905840874333204,0.6134456829415661,0.5901023895992465,0.6362789856627958
southern_extratropical,plain_colour,0.9440879935064044,0.6141183188404445,0.590647664886575,0.6370701469288732
southern_extratropical,plain_colour,0.9823351126796047,0.6147905192695912,0.591188758336536,0.6378643506084974
southern_extratropical,plain_colour,1.020582231852805,0.6154622819483448,0.5917257452425437,0.6386615138737773
southern_extratropical,plain_colour,1.0588293510260054,0.6161336046025362,0.592258700935943,0.639461553893158
southern_extratropical,plain_colour,1.0970764701992057,0.6168044849645148,0.59278770066729,0.6402643879503171
southern_extratropical,plain_colour,1.135323589372406,0.6174749207731755,0.5933128194943883,0.6410699335563065
southern_extratropical,plain_colour,1.1735707085456064,0.6181449097739857,0.593834132177131,0.6418781085548828
southern_extratropical,plain_colour,1.2118178277188068,0.6188144497190124,0.5943517130791549,0.6426888312210253
southern_extratropical,plain_colour,1.250064946892007,0.6194835383669474,0.594865636076271,0.6435020203526751
southern_extratropical,plain_colour,1.2883120660652074,0.620152173483134,0.5953759744715871,0.644317595355779
southern_extratropical,plain_colour,1.3265591852384078,0.6208203528395931,0.5958828009172152,0.6451354763227475
southern_extratropical,plain_colour,1.364806304411608,0.6214880742150491,0.5963861873424116,0.6459555841044764
southern_extratropical,plain_colour,1.4030534235848084,0.6221553353949546,0.596886204887983,0.6467778403761015
southern_extratropical,plain_colour,1.4413005427580088,0.6228221341715167,0.597382923846762,0.6476021676966821
southern_extratropical,plain_colour,1.4795476619312091,0.6234884683437215,0.5978764136099348,0.6484284895630259
southern_extratropical,plain_colour,1.5177947811044095,0.6241543357173597,0.5983667426189994,0.649256730457887
southern_extratropical,plain_colour,1.5560419002776098,0.6248197341050504,0.5988539783231056,0.6500868158927755
southern_extratropical,plain_colour,1.5942890194508106,0.6254846613262663,0.5993381871415324,0.650918672445629
southern_extratropical,generalized_form,-1.508068453476679,0.4848429152113535,0.43762924287233174,0.5323286923968219
southern_extratropical,generalized_form,-1.4690837095323654,0.48589379005544436,0.4392548649423176,0.5327796809856742
southern_extratropical,generalized_form,-1.4300989655880518,0.48694478963779475,0.44087401947737503,0.5332384634398131
southern_extratropical,generalized_form,-1.391114221643738,0.4879959046778282,0.4424863533332571,0.5337053401137628
southern_extratropical,generalized_form,-1.3521294776994244,0.48904712589088517,0.44409150214814336,0.5341806224338495
southern_extratropical,generalized_form,-1.3131447337551108,0.4900984439885511,0.44568909022038816,0.5346646330263357
southern_extratropical,generalized_form,-1.2741599898107971,0.4911498496789844,0.447278730432972,0.535157705798889
southern_extratropical,generalized_form,-1.2351752458664835,0.4922013336672443,0.4488600242323851,0.5356601859676486
southern_extratropical,generalized_form,-1.1961905019221697,0.49325288665561995,0.45043256167032025,0.5361724300215142
southern_extratropical,generalized_form,-1.157205757977856,0.49430449934395854,0.45199592151717666,0.5366948056146527
southern_extratropical,generalized_form,-1.1182210140335425,0.49535616242999475,0.4535496714569498,0.5372276913776487
southern_extratropical,generalized_form,-1.0792362700892288,0.49640786660967945,0.4550933683735893,0.5377714766372126
southern_extratropical,generalized_form,-1.0402515261449152,0.49745960257750915,0.45662655873930985,0.5383265610339604
southern_extratropical,generalized_form,-1.0012667822006014,0.498511361026855,0.45814877911560536,0.5388933540275155
southern_extratropical,generalized_form,-0.9622820382562879,0.49956313265029256,0.45965955677780607,0.5394722742780882
southern_extratropical,generalized_form,-0.9232972943119742,0.5006149081399309,0.4611584104738934,0.5400637488938206
southern_extratropical,generalized_form,-0.8843125503676605,0.5016666781877421,0.46264485132788513,0.5406682125335779
southern_extratropical,generalized_form,-0.8453278064233469,0.5027184334858914,0.46411838389740867,0.5412861063555711
southern_extratropical,generalized_form,-0.8063430624790332,0.5037701647270655,0.46557850739400675,0.5419178768032634
southern_extratropical,generalized_form,-0.7673583185347196,0.5048218626048029,0.46702471707325555,0.5425639742214797
southern_extratropical,generalized_form,-0.7283735745904059,0.5058735178138234,0.46845650579986337,0.5432248512975466
southern_extratropical,generalized_form,-0.6893888306460922,0.5069251210503565,0.46987336579053834,0.543900961324678
southern_extratropical,generalized_form,-0.6504040867017786,0.5079766630124712,0.4712747905345384,0.5445927562876871
southern_extratropical,generalized_form,-0.6114193427574649,0.5090281344004054,0.4726602768884635,0.5453006847744652
southern_extratropical,generalized_form,-0.5724345988131513,0.5100795259168938,0.4740293273380252,0.546025189720491
southern_extratropical,generalized_form,-0.5334498548688377,0.511130828267497,0.47538145241528695,0.5467667059978734
southern_extratropical,generalized_form,-0.49446511092452394,0.5121820321609306,0.47671617325529037,0.5475256578650145
southern_extratropical,generalized_form,-0.4554803669802103,0.5132331283093925,0.47803302427116795,0.5483024562977875
southern_extratropical,generalized_form,-0.4164956230358967,0.5142841074288915,0.4793315559219332,0.5490974962280384
southern_extratropical,generalized_form,-0.3775108790915831,0.5153349602395747,0.48061133754230856,0.5499111537200496
southern_extratropical,generalized_form,-0.33852613514726926,0.5163856774660547,0.4818719601993845,0.5507437831201705
southern_extratropical,generalized_form,-0.29954139120295564,0.5174362498377374,0.4831130395368195,0.5515957142189033
southern_extratropical,generalized_form,-0.260556647258642,0.5184866680891476,0.4843342185639087,0.5524672494681153
southern_extratropical,generalized_form,-0.2215719033143284,0.5195369229602562,0.4855351703443881,0.5533586612985092
southern_extratropical,generalized_form,-0.1825871593700148,0.5205870051968058,0.4867156005384992,0.5542701895838241
southern_extratropical,generalized_form,-0.14360241542570096,0.521636905550636,0.4878752497517884,0.5552020392982934
southern_extratropical,generalized_form,-0.10461767148138734,0.5226866147800084,0.48901389564547476,0.5561543784125214
southern_extratropical,generalized_form,-0.06563292753707373,0.5237361236499315,0.4901313547660525,0.5571273360701132
southern_extratropical,generalized_form,-0.02664818359276011,0.5247854229324842,0.4912274840560892,0.5581210010830963
southern_extratropical,generalized_form,0.012336560351553505,0.5258345034071397,0.49230218201385595,0.5591354207784909
southern_extratropical,generalized_form,0.05132130429586734,0.5268833558610881,0.49335538947632196,0.5601706002215016
southern_extratropical,generalized_form,0.09030604824018096,0.5279319710895589,0.4943870900079287,0.56122650183291
southern_extratropical,generalized_form,0.12929079218449457,0.5289803398961431,0.495397309886138,0.5623030454096715
southern_extratropical,generalized_form,0.1682755361288082,0.5300284530931135,0.4963861176837039,0.5634001085487697
southern_extratropical,generalized_form,0.2072602800731218,0.5310763015017459,0.4973536234565634,0.5645175274654255
southern_extratropical,generalized_form,0.24624502401743542,0.5321238759526387,0.49829997755486255,0.5656550981881479
southern_extratropical,generalized_form,0.28522976796174926,0.5331711672860318,0.4992253690825529,0.5668125781051884
southern_extratropical,generalized_form,0.3242145119060629,0.5342181663521253,0.5001300240379478,0.567989687830007
southern_extratropical,generalized_form,0.3631992558503765,0.5352648640113971,0.5010142031733632,0.5691861133476264
southern_extratropical,generalized_form,0.4021839997946901,0.5363112511349191,0.5018781996163296,0.5704015083993821
southern_extratropical,generalized_form,0.4411687437390037,0.5373573186046746,0.5027223362977533,0.5716354970606937
southern_extratropical,generalized_form,0.48015348768331756,0.5384030573138726,0.50354696323382,0.5728876764650597
southern_extratropical,generalized_form,0.5191382316276312,0.5394484581672623,0.5043524547084223,0.5741576196274935
southern_extratropical,generalized_form,0.5581229755719446,0.5404935120814468,0.5051392064015789,0.5754448783219323
southern_extratropical,generalized_form,0.5971077195162584,0.5415382099851963,0.5059076325068663,0.5767489859695965
southern_extratropical,generalized_form,0.6360924634605722,0.5425825428197592,0.506658162877491,0.5780694604986689
southern_extratropical,generalized_form,0.6750772074048856,0.5436265015391729,0.5073912402365328,0.5794058071397634
southern_extratropical,generalized_form,0.7140619513491995,0.5446700771105748,0.5081073174822863,0.5807575211262547
southern_extratropical,generalized_form,0.7530466952935129,0.5457132605145099,0.508806855114754,0.5821240902734128
southern_extratropical,generalized_form,0.7920314392378267,0.5467560427452396,0.5094903188043803,0.5835049974152545
southern_extratropical,generalized_form,0.8310161831821405,0.5477984148110484,0.5101581771192506,0.5848997226828826
southern_extratropical,generalized_form,0.8700009271264539,0.5488403677345499,0.510810899422335,0.5863077456127356
southern_extratropical,generalized_form,0.9089856710707678,0.5498818925529915,0.5114489539460643,0.5877285470774576
southern_extratropical,generalized_form,0.9479704150150812,0.5509229803185581,0.512072806047641,0.5891616110359839
southern_extratropical,generalized_form,0.986955158959395,0.5519636220986752,0.5126829166450904,0.5906064261028369
southern_extratropical,generalized_form,1.0259399029037088,0.55300380897631,0.5132797408311329,0.5920624869395499
southern_extratropical,generalized_form,1.0649246468480222,0.5540435320502717,0.51386372665955,0.593529295473545
southern_extratropical,generalized_form,1.103909390792336,0.5550827824355115,0.5144353140967713,0.5950063619517367
southern_extratropical,generalized_form,1.1428941347366495,0.5561215512634199,0.5149949341299225,0.5964932058376193
southern_extratropical,generalized_form,1.1818788786809633,0.5571598296821235,0.5155430080214978,0.5979893565616768
southern_extratropical,generalized_form,1.2208636226252771,0.5581976088567814,0.5160799467001025,0.5994943541356633
southern_extratropical,generalized_form,1.2598483665695905,0.5592348799698785,0.5166061502763214,0.6010077496417016
southern_extratropical,generalized_form,1.2988331105139044,0.5602716342215196,0.517122007672639,0.602529105607272
southern_extratropical,generalized_form,1.3378178544582178,0.5613078628297206,0.5176278963564369,0.6040579962770632
southern_extratropical,generalized_form,1.3768025984025316,0.5623435570306989,0.5181241821653697,0.6055940077923841
southern_extratropical,generalized_form,1.4157873423468454,0.5633787080791633,0.5186112192148392,0.6071367382884181
southern_extratropical,generalized_form,1.4547720862911588,0.5644133072486008,0.5190893498778004,0.6086857979190797
southern_extratropical,generalized_form,1.4937568302354727,0.565447345831564,0.519558904827735,0.6102408088186448
southern_extratropical,generalized_form,1.532741574179786,0.5664808151399556,0.5200202031362559,0.6118014050086824
southern_extratropical,generalized_form,1.5717263181241,0.5675137065053121,0.5204735524174795,0.6133672322581541
southern_extratropical,generalized_form,1.6107110620684135,0.5685460112790864,0.5209192490119661,0.6149379479038823
southern_extratropical,actinomorphic_symmetry,-1.4883233104010158,0.7188131006039176,0.6659076816510532,0.7662810944907203
southern_extratropical,actinomorphic_symmetry,-1.4491845035802904,0.7195723343970583,0.6675857976212736,0.7662750804896628
southern_extratropical,actinomorphic_symmetry,-1.410045696759565,0.720330315780651,0.6692539706544823,0.7662736786700789
southern_extratropical,actinomorphic_symmetry,-1.3709068899388395,0.7210870425079189,0.6709119424743568,0.7662771085248811
southern_extratropical,actinomorphic_symmetry,-1.331768083118114,0.7218425123572201,0.6725594431903603,0.7662856017525755
southern_extratropical,actinomorphic_symmetry,-1.2926292762973886,0.7225967231320202,0.6741961906036679,0.7662994029527416
southern_extratropical,actinomorphic_symmetry,-1.253490469476663,0.7233496726608664,0.6758218894843299,0.7663187703501423
southern_extratropical,actinomorphic_symmetry,-1.2143516626559374,0.7241013587973572,0.6774362308213835,0.7663439765457652
southern_extratropical,actinomorphic_symmetry,-1.1752128558352122,0.7248517794201141,0.6790388910484155,0.7663753092922866
southern_extratropical,actinomorphic_symmetry,-1.1360740490144865,0.7256009324327517,0.6806295312480276,0.7664130722905067
southern_extratropical,actinomorphic_symmetry,-1.0969352421937613,0.7263488157638458,0.6822077963398018,0.7664575860021643
southern_extratropical,actinomorphic_symmetry,-1.0577964353730356,0.7270954273669019,0.6837733142577097,0.7665091884731837
southern_extratropical,actinomorphic_symmetry,-1.0186576285523101,0.7278407652203228,0.6853256951244938,0.7665682361598288
southern_extratropical,actinomorphic_symmetry,-0.9795188217315847,0.7285848273273746,0.6868645304323988,0.766635104748386
southern_extratropical,actinomorphic_symmetry,-0.9403800149108592,0.7293276117161523,0.6883893922417624,0.7667101899568689
southern_extratropical,actinomorphic_symmetry,-0.9012412080901337,0.7300691164395453,0.6898998324114191,0.7667939083047904
southern_extratropical,actinomorphic_symmetry,-0.8621024012694083,0.7308093395752002,0.6913953818776332,0.7668866978342891
southern_extratropical,actinomorphic_symmetry,-0.8229635944486828,0.7315482792254853,0.6928755500013764,0.7669890187627944
southern_extratropical,actinomorphic_symmetry,-0.7838247876279574,0.7322859335174514,0.6943398240071812,0.7671013540439985
southern_extratropical,actinomorphic_symmetry,-0.7446859808072319,0.7330223006027948,0.695787668540532,0.7672242098101812
southern_extratropical,actinomorphic_symmetry,-0.7055471739865065,0.7337573786578172,0.6972185253747188,0.7673581156649524
southern_extratropical,actinomorphic_symmetry,-0.6664083671657809,0.7344911658833856,0.6986318133022443,0.7675036247913356
southern_extratropical,actinomorphic_symmetry,-0.6272695603450554,0.7352236605048923,0.7000269282500681,0.7676613138358991
southern_extratropical,actinomorphic_symmetry,-0.58813075352433,0.7359548607722122,0.7014032436620876,0.7678317825255433
southern_extratropical,actinomorphic_symmetry,-0.5489919467036045,0.7366847649596614,0.7027601111960257,0.7680156529697725
southern_extratropical,actinomorphic_symmetry,-0.5098531398828791,0.7374133713659531,0.7040968617850687,0.7682135685981089
southern_extratropical,actinomorphic_symmetry,-0.4707143330621535,0.7381406783141549,0.7054128071168241,0.7684261926800827
southern_extratropical,actinomorphic_symmetry,-0.43157552624142803,0.7388666841516425,0.7067072415830156,0.7686542063743788
southern_extratropical,actinomorphic_symmetry,-0.3924367194207026,0.7395913872500559,0.7079794447523599,0.7688983062546992
southern_extratropical,actinomorphic_symmetry,-0.3532979125999771,0.7403147860052527,0.7092286844157248,0.769159201263244
southern_extratropical,actinomorphic_symmetry,-0.31415910577925166,0.7410368788372607,0.7104542202464352,0.7694376090489435
southern_extratropical,actinomorphic_symmetry,-0.2750202989585262,0.7417576641902305,0.7116553081089394,0.7697342516572296
southern_extratropical,actinomorphic_symmetry,-0.23588149213780074,0.742477140532388,0.7128312050355423,0.7700498505516454
southern_extratropical,actinomorphic_symmetry,-0.19674268531707528,0.7431953063559844,0.7139811748732245,0.7703851209652726
southern_extratropical,actinomorphic_symmetry,-0.15760387849634983,0.7439121601772465,0.715104494580638,0.7707407656018861
southern_extratropical,actinomorphic_symmetry,-0.11846507167562437,0.7446277005363268,0.7162004611294033,0.7711174677327166
southern_extratropical,actinomorphic_symmetry,-0.07932626485489891,0.745341925997252,0.7172683989344402,0.7715158837640869
southern_extratropical,actinomorphic_symmetry,-0.04018745803417345,0.7460548351478709,0.7183076677062852,0.771936635382971
southern_extratropical,actinomorphic_symmetry,-0.001048651213447993,0.7467664265998024,0.7193176705857285,0.7723803014201479
southern_extratropical,actinomorphic_symmetry,0.038090155607277465,0.7474766989883818,0.7202978623895855,0.7728474096021302
southern_extratropical,actinomorphic_symmetry,0.07722896242800292,0.748185650972607,0.7212477577683752,0.773338428391104
southern_extratropical,actinomorphic_symmetry,0.1163677692487286,0.7488932812350848,0.7221669390546267,0.7738537591341554
southern_extratropical,actinomorphic_symmetry,0.15550657606945406,0.7495995884819739,0.7230550635670148,0.7743937287565847
southern_extratropical,actinomorphic_symmetry,0.19464538289017952,0.750304571442931,0.7239118701327459,0.7749585832368925
southern_extratropical,actinomorphic_symmetry,0.23378418971090498,0.7510082288710522,0.7247371846001894,0.7755484820914387
southern_extratropical,actinomorphic_symmetry,0.27292299653163044,0.7517105595428184,0.725530924136422,0.7761634940741123
southern_extratropical,actinomorphic_symmetry,0.3120618033523559,0.752411562258035,0.726293100139764,0.7768035942609335
southern_extratropical,actinomorphic_symmetry,0.35120061017308135,0.7531112358397752,0.7270238196440297,0.7774686626428674
southern_extratropical,actinomorphic_symmetry,0.3903394169938068,0.75380957913432,0.7277232851464296,0.7781584842949127
southern_extratropical,actinomorphic_symmetry,0.42947822381453227,0.7545065910110993,0.7283917928513456,0.7788727511292479
southern_extratropical,actinomorphic_symmetry,0.4686170306352577,0.7552022703626308,0.729029729383422,0.7796110651789894
southern_extratropical,actinomorphic_symmetry,0.5077558374559832,0.7558966161044595,0.7296375670813718,0.7803729433011709
southern_extratropical,actinomorphic_symmetry,0.5468946442767089,0.7565896271750967,0.7302158580346827,0.7811578231367529
southern_extratropical,actinomorphic_symmetry,0.5860334510974341,0.7572813025359575,0.7307652270658692,0.781965070125024
southern_extratropical,actinomorphic_symmetry,0.6251722579181598,0.7579716411712979,0.731286363888892,0.782793985341771
southern_extratropical,actinomorphic_symmetry,0.664311064738885,0.7586606420881524,0.7317800146889326,0.7836438139160332
southern_extratropical,actinomorphic_symmetry,0.7034498715596107,0.7593483043162693,0.7322469733700671,0.7845137537788965
southern_extratropical,actinomorphic_symmetry,0.7425886783803359,0.7600346269080468,0.7326880727067955,0.785402964508377
southern_extratropical,actinomorphic_symmetry,0.7817274852010616,0.7607196089384684,0.7331041756148811,0.7863105760549336
southern_extratropical,actinomorphic_symmetry,0.8208662920217868,0.7614032495050369,0.7334961667290679,0.7872356971600518
southern_extratropical,actinomorphic_symmetry,0.8600050988425125,0.7620855477277089,0.7338649444426525,0.7881774233129187
southern_extratropical,actinomorphic_symmetry,0.8991439056632378,0.7627665027488275,0.7342114135291834,0.7891348441249173
southern_extratropical,actinomorphic_symmetry,0.9382827124839634,0.7634461137330565,0.7345364784320443,0.7901070500361882
southern_extratropical,actinomorphic_symmetry,0.9774215193046887,0.7641243798673114,0.734841037275165,0.7910931383010165
southern_extratropical,actinomorphic_symmetry,1.0165603261254144,0.7648013003606923,0.735125976618959,0.7920922182279433
southern_extratropical,actinomorphic_symmetry,1.05569913294614,0.7654768744444148,0.7353921669606397,0.7931034156754536
southern_extratropical,actinomorphic_symmetry,1.0948379397668653,0.7661511013717415,0.7356404589577241,0.7941258768244337
southern_extratropical,actinomorphic_symmetry,1.133976746587591,0.7668239804179109,0.7358716803377965,0.7951587712643265
southern_extratropical,actinomorphic_symmetry,1.1731155534083162,0.7674955108800692,0.7360866334462518,0.7962012944412667
southern_extratropical,actinomorphic_symmetry,1.2122543602290419,0.7681656920771985,0.736286093376297,0.7972526695239176
southern_extratropical,actinomorphic_symmetry,1.251393167049767,0.7688345233500459,0.7364708066214138,0.7983121487468113
southern_extratropical,actinomorphic_symmetry,1.2905319738704928,0.7695020040610521,0.7366414901891877,0.7993790142922853
southern_extratropical,actinomorphic_symmetry,1.329670780691218,0.7701681335942794,0.7367988311162773,0.8004525787712437
southern_extratropical,actinomorphic_symmetry,1.3688095875119437,0.7708329113553389,0.7369434863268162,0.8015321853604557
southern_extratropical,actinomorphic_symmetry,1.407948394332669,0.7714963367713182,0.7370760827801798,0.8026172076504544
southern_extratropical,actinomorphic_symmetry,1.4470872011533946,0.7721584092907078,0.7371972178584509,0.8037070492537095
southern_extratropical,actinomorphic_symmetry,1.4862260079741199,0.772819128383326,0.7373074599486983,0.8048011432179567
southern_extratropical,actinomorphic_symmetry,1.5253648147948455,0.7734784935402468,0.7374073491801113,0.8058989512846457
southern_extratropical,actinomorphic_symmetry,1.5645036216155708,0.7741365042737239,0.7374973982808936,0.8069999630276018
southern_extratropical,actinomorphic_symmetry,1.6036424284362965,0.7747931601171156,0.737578093524481,0.8081036949023416
southern_extratropical,actinomorphic_symmetry,1.6427812352570217,0.7754484606248099,0.737649895738998,0.8092096892321242
southern_extratropical,shallow_open_tube,-1.4690692406218462,0.7768497062632157,0.7049120163211887,0.8353465020889184
southern_extratropical,shallow_open_tube,-1.4308316438716668,0.7754106292235656,0.7038724848185819,0.8337486225407739
southern_extratropical,shallow_open_tube,-1.3925940471214875,0.7739649719834523,0.7028242845003976,0.8321427333188455
southern_extratropical,shallow_open_tube,-1.3543564503713081,0.7725127392317744,0.7017672069897186,0.8305290173622165
southern_extratropical,shallow_open_tube,-1.3161188536211288,0.7710539361532909,0.7007010381023716,0.8289076655981255
southern_extratropical,shallow_open_tube,-1.2778812568709497,0.7695885684325217,0.6996255577623364,0.8272788770682731
southern_extratropical,shallow_open_tube,-1.23964366012077,0.7681166422576001,0.6985405399252699,0.8256428590468811
southern_extratropical,shallow_open_tube,-1.201406063370591,0.7666381643240752,0.6974457525112879,0.8239998271493338
southern_extratropical,shallow_open_tube,-1.1631684666204116,0.7651531418386619,0.6963409573482249,0.8223500054301552
southern_extratropical,shallow_open_tube,-1.1249308698702323,0.7636615825229379,0.6952259101266721,0.8206936264689881
southern_extratropical,shallow_open_tube,-1.086693273120053,0.7621634946169853,0.6941003603681815,0.8190309314431641
southern_extratropical,shallow_open_tube,-1.0484556763698736,0.7606588868829762,0.6929640514080937,0.8173621701853726
southern_extratropical,shallow_open_tube,-1.0102180796196942,0.7591477686086985,0.6918167203945329,0.815687601224859
southern_extratropical,shallow_open_tube,-0.9719804828695149,0.7576301496110238,0.6906580983051823,0.8140074918105046
southern_extratropical,shallow_open_tube,-0.9337428861193356,0.7561060402393122,0.6894879099835214,0.8123221179140778
southern_extratropical,shallow_open_tube,-0.8955052893691563,0.7545754513787544,0.6883058741962714,0.810631764211878
southern_extratropical,shallow_open_tube,-0.857267692618977,0.7530383944536493,0.6871117037138493,0.8089367240429404
southern_extratropical,shallow_open_tube,-0.8190300958687976,0.7514948814306149,0.6859051054156698,0.8072372993419288
southern_extratropical,shallow_open_tube,-0.7807924991186183,0.7499449248217316,0.684685780422172,0.8055338005448087
southern_extratropical,shallow_open_tube,-0.742554902368439,0.7483885376876145,0.6834534242554565,0.803826546465378
southern_extratropical,shallow_open_tube,-0.7043173056182597,0.7468257336404168,0.6822077270304253,0.8021158641407348
southern_extratropical,shallow_open_tube,-0.6660797088680803,0.7452565268467576,0.680948373678288,0.8004020886437807
southern_extratropical,shallow_open_tube,-0.627842112117901,0.7436809320305777,0.6796750442042581,0.7986855628609024
southern_extratropical,shallow_open_tube,-0.5896045153677216,0.7420989644759178,0.678387413981196,0.7969666372330434
southern_extratropical,shallow_open_tube,-0.5513669186175423,0.740510640029619,0.677085154080853,0.7952456694584722
southern_extratropical,shallow_open_tube,-0.513129321867363,0.7389159751039452,0.6757679316442505,0.7935230241556825
southern_extratropical,shallow_open_tube,-0.4748917251171837,0.7373149866791232,0.674435410292563,0.7917990724850199
southern_extratropical,shallow_open_tube,-0.43665412836700446,0.7357076923058011,0.6730872505796847,0.7900741917278179
southern_extratropical,shallow_open_tube,-0.3984165316168251,0.7340941101074235,0.671723110487424,0.7883487648220694
southern_extratropical,shallow_open_tube,-0.36017893486664576,0.7324742587825188,0.6703426459640068,0.7866231798539113
southern_extratropical,shallow_open_tube,-0.3219413381164664,0.7308481576069022,0.6689455115062591,0.7848978295045221
southern_extratropical,shallow_open_tube,-0.28370374136628707,0.7292158264357876,0.6675313607854954,0.7831731104523652
southern_extratropical,shallow_open_tube,-0.24546614461610772,0.7275772857058113,0.6660998473167592,0.7814494227310992
southern_extratropical,shallow_open_tube,-0.20722854786592837,0.7259325564369625,0.6646506251706417,0.7797271690438987
southern_extratropical,shallow_open_tube,-0.16899095111574902,0.7242816602344219,0.663183349726451,0.7780067540353661
southern_extratropical,shallow_open_tube,-0.13075335436556967,0.7226246192903041,0.6616976784650289,0.7762885835227163
southern_extratropical,shallow_open_tube,-0.09251575761539033,0.7209614563853056,0.6601932717990003,0.7745730636884056
southern_extratropical,shallow_open_tube,-0.05427816086521098,0.7192921948902541,0.6586697939377197,0.7728606002369082
southern_extratropical,shallow_open_tube,-0.016040564115031852,0.7176168587675588,0.6571269137836431,0.7711515975188806
southern_extratropical,shallow_open_tube,0.022197032635147496,0.7159354725725613,0.6555643058563101,0.7694464576264914
southern_extratropical,shallow_open_tube,0.060434629385326843,0.714248061454783,0.6539816512395948,0.7677455794642286
southern_extratropical,shallow_open_tube,0.09867222613550619,0.7125546511590715,0.6523786385473582,0.7660493578000148
southern_extratropical,shallow_open_tube,0.13690982288568554,0.7108552680266397,0.6507549649021488,0.7643581823019552
southern_extratropical,shallow_open_tube,0.1751474196358649,0.709149938996002,0.6491103369211432,0.7626724365664908
southern_extratropical,shallow_open_tube,0.21338501638604424,0.7074386916038012,0.6474444717031148,0.7609924971441427
southern_extratropical,shallow_open_tube,0.2516226131362236,0.7057215539855277,0.6457570978098713,0.7593187325693699
southern_extratropical,shallow_open_tube,0.28986020988640293,0.7039985548761291,0.6440479562353338,0.7576515024013423
southern_extratropical,shallow_open_tube,0.3280978066365823,0.7022697236105087,0.642316801355232,0.7559911562826247
southern_extratropical,shallow_open_tube,0.3663354033867616,0.7005350901239114,0.6405634018502916,0.7543380330228646
southern_extratropical,shallow_open_tube,0.40457300013694075,0.6987946849521975,0.6387875415957819,0.7526924597145926
southern_extratropical,shallow_open_tube,0.4428105968871201,0.6970485392320006,0.6369890205103822,0.7510547508881441
southern_extratropical,shallow_open_tube,0.48104819363729945,0.6952966847007711,0.6351676553575336,0.7494252077125162
southern_extratropical,shallow_open_tube,0.5192857903874788,0.6935391536967015,0.6333232804927393,0.7478041172486666
southern_extratropical,shallow_open_tube,0.5575233871376581,0.6917759791585362,0.631455748550691,0.7461917517613577
southern_extratropical,shallow_open_tube,0.5957609838878373,0.6900071946252602,0.629564931066598,0.7445883680951394
southern_extratropical,shallow_open_tube,0.6339985806380168,0.6882328342356695,0.6276507190267068,0.7429942071194713
southern_extratropical,shallow_open_tube,0.672236177388196,0.6864529327278205,0.6257130233436633,0.7414094932473007
southern_extratropical,shallow_open_tube,0.7104737741383755,0.684667525438357,0.6237517752531384,0.7398344340306644
southern_extratropical,shallow_open_tube,0.7487113708885547,0.6828766483017159,0.6217669266289314,0.7382692198360776
southern_extratropical,shallow_open_tube,0.7869489676387342,0.6810803378492085,0.6197584502146248,0.7367140236016194
southern_extratropical,shallow_open_tube,0.8251865643889134,0.6792786312079779,0.6177263397707367,0.7351690006767557
southern_extratropical,shallow_open_tube,0.8634241611390929,0.6774715660998315,0.6156706101371998,0.7336342887450533
southern_extratropical,shallow_open_tube,0.901661757889272,0.6756591808399477,0.6135912972118756,0.7321100078290653
southern_extratropical,shallow_open_tube,0.9398993546394516,0.6738415143354559,0.6114884578466582,0.7305962603758215
southern_extratropical,shallow_open_tube,0.9781369513896307,0.67201860608389,0.6093621696635404,0.7290931314205408
southern_extratropical,shallow_open_tube,1.0163745481398099,0.6701904961715136,0.6072125307937652,0.7276006888254354
southern_extratropical,shallow_open_tube,1.0546121448899894,0.668357225271517,0.6050396595438774,0.7261189835897836
southern_extratropical,shallow_open_tube,1.0928497416401686,0.6665188346420852,0.6028436939931038,0.7246480502268369
southern_extratropical,shallow_open_tube,1.1310873383903481,0.6646753661243378,0.6006247915270148,0.7231879072026068
southern_extratropical,shallow_open_tube,1.1693249351405273,0.6628268621401366,0.5983831283128572,0.7217385574311388
southern_extratropical,shallow_open_tube,1.2075625318907068,0.6609733656897663,0.5961188987222851,0.7202999888205445
southern_extratropical,shallow_open_tube,1.245800128640886,0.6591149203494807,0.5938323147074624,0.7188721748638203
southern_extratropical,shallow_open_tube,1.2840377253910655,0.6572515702689219,0.5915236051366611,0.7174550752683331
southern_extratropical,shallow_open_tube,1.3222753221412447,0.6553833601684063,0.5891930150955338,0.7160486366177976
southern_extratropical,shallow_open_tube,1.3605129188914242,0.6535103353360782,0.5868408051602108,0.7146527930605986
southern_extratropical,shallow_open_tube,1.3987505156416034,0.6516325416249352,0.5844672506482704,0.713267467018425
southern_extratropical,shallow_open_tube,1.4369881123917825,0.6497500254497183,0.5820726408534415,0.7118925699093571
southern_extratropical,shallow_open_tube,1.475225709141962,0.6478628337836724,0.5796572782696606,0.7105280028798042
southern_extratropical,shallow_open_tube,1.5134633058921412,0.6459710141551747,0.5772214778098074,0.7091736575399774
southern_extratropical,shallow_open_tube,1.5517009026423207,0.6440746146442304,0.5747655660241002,0.7078294166979324
southern_extratropical,shallow_open_tube,1.5899384993924999,0.6421736838788382,0.5722898803227584,0.7064951550875949
