source_scientific_name,source_family,raw_value,accepted_species,name_match_method,match_status,reason,gbif_match_type,gbif_status,gbif_confidence,gbif_usage_key,gbif_accepted_usage_key
Acacia anfractuosa,Fabaceae,sc,,unmatched,unmatched,reject_not_exact_synonym,EXACT,ACCEPTED,99,2979849,
Acacia carneorum,Fabaceae,sc,,unmatched,unmatched,reject_not_exact_synonym,EXACT,ACCEPTED,99,2979027,
Acacia harpophylla,Fabaceae,si,,unmatched,unmatched,reject_not_exact_synonym,EXACT,ACCEPTED,97,2980354,
Acacia sciophanes,Fabaceae,sc,,unmatched,unmatched,reject_not_exact_synonym,EXACT,ACCEPTED,99,2979971,
Acacia spondylophylla,Fabaceae,si,,unmatched,unmatched,reject_not_exact_synonym,EXACT,ACCEPTED,99,2980611,
Acalypha mexicana,Euphorbiaceae,sc,,unmatched,unmatched,reject_not_exact_synonym,EXACT,ACCEPTED,99,3056223,
Achillea atrata,Asteraceae,sc,,unmatched,unmatched,reject_not_exact_synonym,EXACT,ACCEPTED,99,3120203,
Achillea clusiana,Asteraceae,sc,,unmatched,unmatched,reject_not_exact_synonym,EXACT,ACCEPTED,99,3120002,
Achillea styriaca,Asteraceae,si,,unmatched,unmatched,reject_not_exact_synonym,EXACT,ACCEPTED,99,3120140,
Acianthera fabiobarrosii,Orchidaceae,si,,unmatched,unmatched,reject_not_exact_synonym,EXACT,ACCEPTED,97,2839722,
Adenothamnus validus,Asteraceae,si,,unmatched,unmatched,reject_not_exact_synonym,EXACT,ACCEPTED,99,3098996,
Adesmia aurantiaca,Fabaceae,si,,unmatched,unmatched,reject_not_exact_synonym,EXACT,ACCEPTED,99,5355951,
Adesmia bicolor,Fabaceae,sc,,unmatched,unmatched,reject_not_exact_synonym,EXACT,ACCEPTED,99,5356174,
Adesmia bijuga,Fabaceae,sc,,unmatched,unmatched,reject_not_exact_synonym,EXACT,ACCEPTED,99,5356185,
Adesmia burkartii,Fabaceae,sc,,unmatched,unmatched,reject_not_exact_synonym,EXACT,ACCEPTED,99,5356202,
Adesmia montana,Fabaceae,sc,,unmatched,unmatched,reject_not_exact_synonym,EXACT,ACCEPTED,99,5356013,
Adesmia mucronata,Fabaceae,sc,,unmatched,unmatched,reject_not_exact_synonym,EXACT,ACCEPTED,99,5355972,
Adesmia muricata,Fabaceae,si,,unmatched,unmatched,reject_not_exact_synonym,EXACT,ACCEPTED,97,5356215,
Adesmia punctata,Fabaceae,sc,,unmatched,unmatched,reject_not_exact_synonym,EXACT,ACCEPTED,99,5355959,
Adesmia riograndensis,Fabaceae,sc,,unmatched,unmatched,reject_not_exact_synonym,EXACT,ACCEPTED,99,5613135,
Adesmia suffocata,Fabaceae,sc,,unmatched,unmatched,reject_not_exact_synonym,EXACT,ACCEPTED,99,5356065,
Adesmia tristis,Fabaceae,sc,,unmatched,unmatched,reject_not_exact_synonym,EXACT,ACCEPTED,97,5355983,
Adesmia villosa,Fabaceae,si,,unmatched,unmatched,reject_not_exact_synonym,EXACT,ACCEPTED,97,5356073,
Aechmea tuitensis,Bromeliaceae,sc,,unmatched,unmatched,reject_not_exact_synonym,EXACT,ACCEPTED,99,2697967,
Aechmea winkleri,Bromeliaceae,si,,unmatched,unmatched,reject_not_exact_synonym,EXACT,ACCEPTED,99,2698458,
Aeschynomene afraspera,Fabaceae,sc,,unmatched,unmatched,reject_not_exact_synonym,EXACT,ACCEPTED,99,2949307,
Aeschynomene deamii,Fabaceae,sc,,unmatched,unmatched,reject_not_exact_synonym,EXACT,ACCEPTED,99,2949214,
Aeschynomene denticulata,Fabaceae,sc,,unmatched,unmatched,reject_not_exact_synonym,EXACT,ACCEPTED,99,2949352,
Aeschynomene fascicularis,Fabaceae,sc,,unmatched,unmatched,reject_accepted_species_absent_from_master,EXACT,SYNONYM,98,2949120,11371379
Aeschynomene fluitans,Fabaceae,sc,,unmatched,unmatched,reject_not_exact_synonym,EXACT,ACCEPTED,99,2949397,
Aeschynomene foliolosa,Fabaceae,sc,,unmatched,unmatched,reject_accepted_species_absent_from_master,EXACT,SYNONYM,98,2949278,11079427
Aeschynomene mollicula,Fabaceae,sc,,unmatched,unmatched,reject_accepted_species_absent_from_master,EXACT,SYNONYM,98,2949226,11059821
Aeschynomene montevidensis,Fabaceae,sc,,unmatched,unmatched,reject_not_exact_synonym,EXACT,ACCEPTED,99,2949183,
Aeschynomene riedeliana,Fabaceae,sc,,unmatched,unmatched,reject_accepted_species_absent_from_master,EXACT,SYNONYM,98,2949053,10919400
Aeschynomene viscidula,Fabaceae,sc,,unmatched,unmatched,reject_non_exact_match,HIGHERRANK,ACCEPTED,97,5386,
Aethionema carneum,Brassicaceae,sc,,unmatched,unmatched,reject_not_exact_synonym,EXACT,ACCEPTED,99,3051132,
Aethionema heterocarpum,Brassicaceae,sc,,unmatched,unmatched,reject_not_exact_synonym,EXACT,ACCEPTED,98,3051067,
Afzelia africana,Fabaceae,si,,unmatched,unmatched,reject_not_exact_synonym,EXACT,ACCEPTED,98,5358300,
Agarista hispidula,Ericaceae,sc,,unmatched,unmatched,reject_not_exact_synonym,EXACT,ACCEPTED,97,8058761,
Ageratum microcarpum,Asteraceae,si,,unmatched,unmatched,reject_not_exact_synonym,EXACT,ACCEPTED,99,8475167,
Alcantarea nahoumii,Bromeliaceae,sc,,unmatched,unmatched,reject_not_exact_synonym,EXACT,ACCEPTED,97,2699842,
Aloe peglerae,Asphodelaceae,si,,unmatched,unmatched,reject_not_exact_synonym,EXACT,ACCEPTED,99,7920572,
Aloe speciosa,Asphodelaceae,si,,unmatched,unmatched,reject_not_exact_synonym,EXACT,ACCEPTED,99,2777618,
Aloe vryheidensis,Asphodelaceae,sc,,unmatched,unmatched,reject_not_exact_synonym,EXACT,ACCEPTED,98,2778083,
Alstroemeria foliosa,Alstroemeriaceae,si,,unmatched,unmatched,reject_not_exact_synonym,EXACT,ACCEPTED,98,2753725,
Alysicarpus ferrugineus,Fabaceae,sc,,unmatched,unmatched,reject_not_exact_synonym,EXACT,ACCEPTED,97,2948665,
Alysicarpus longifolius,Fabaceae,si,,unmatched,unmatched,reject_not_exact_synonym,EXACT,ACCEPTED,97,2948644,
Alysicarpus pubescens,Fabaceae,si,,unmatched,unmatched,reject_not_exact_synonym,EXACT,ACCEPTED,98,2948660,
Alysicarpus quartinianus,Fabaceae,sc,,unmatched,unmatched,reject_not_exact_synonym,EXACT,ACCEPTED,99,2948658,
Alysicarpus scariosus,Fabaceae,sc,,unmatched,unmatched,reject_not_exact_synonym,EXACT,ACCEPTED,97,8130595,
Alysicarpus zeyheri,Fabaceae,sc,,unmatched,unmatched,reject_not_exact_synonym,EXACT,ACCEPTED,99,2948675,
Alyssum damascenum,Brassicaceae,sc,,unmatched,unmatched,reject_not_exact_synonym,EXACT,ACCEPTED,99,3045156,
Ameroglossum manoel-felixii,Scrophulariaceae,sc,,unmatched,unmatched,reject_not_exact_synonym,EXACT,ACCEPTED,99,8892769,
Ameroglossum pernambucense,Scrophulariaceae,sc,,unmatched,unmatched,reject_not_exact_synonym,EXACT,ACCEPTED,99,3742738,
Amorpha canescens,Fabaceae,sc,,unmatched,unmatched,reject_not_exact_synonym,EXACT,ACCEPTED,98,5357388,
Amphicarpum amphicarpon,Poaceae,sc,,unmatched,unmatched,reject_not_exact_synonym,EXACT,ACCEPTED,99,2705728,
Amsinckia douglasiana,Boraginaceae,si,,unmatched,unmatched,reject_not_exact_synonym,EXACT,ACCEPTED,99,2925887,
Amsinckia grandiflora,Boraginaceae,si,,unmatched,unmatched,reject_non_exact_match,HIGHERRANK,ACCEPTED,97,7707728,
Amsinckia lunaris,Boraginaceae,si,,unmatched,unmatched,reject_not_exact_synonym,EXACT,ACCEPTED,99,2925872,
Amsinckia vernicosa,Boraginaceae,sc,,unmatched,unmatched,reject_not_exact_synonym,EXACT,ACCEPTED,99,2925871,
Anacardium humile,Anacardiaceae,si,,unmatched,unmatched,reject_not_exact_synonym,EXACT,ACCEPTED,97,8178693,
Ancistrachne maidenii,Poaceae,sc,,unmatched,unmatched,reject_not_exact_synonym,EXACT,ACCEPTED,99,4149548,
Ancistrocladus korupensis,Ancistrocladaceae,sc,,unmatched,unmatched,reject_not_exact_synonym,EXACT,ACCEPTED,99,3659006,
Angelica glauca,Apiaceae,sc,,unmatched,unmatched,reject_not_exact_synonym,EXACT,ACCEPTED,99,5537742,
Anisodus tanguticus,Solanaceae,sc,,unmatched,unmatched,reject_not_exact_synonym,EXACT,ACCEPTED,99,7300202,
Anthurium caucanum,Araceae,sc,,unmatched,unmatched,reject_not_exact_synonym,EXACT,ACCEPTED,99,2873515,
Antirrhinum australe,Plantaginaceae,si,,unmatched,unmatched,reject_not_exact_synonym,EXACT,ACCEPTED,99,3741328,
Antirrhinum graniticum,Plantaginaceae,si,,unmatched,unmatched,reject_not_exact_synonym,EXACT,ACCEPTED,99,7333212,
Antirrhinum grosii,Plantaginaceae,si,,unmatched,unmatched,reject_not_exact_synonym,EXACT,ACCEPTED,99,3740524,
Antirrhinum meonanthum,Plantaginaceae,si,,unmatched,unmatched,reject_not_exact_synonym,EXACT,ACCEPTED,99,7333142,
Antirrhinum microphyllum,Plantaginaceae,si,,unmatched,unmatched,reject_not_exact_synonym,EXACT,ACCEPTED,99,3739995,
Antirrhinum molle,Plantaginaceae,si,,unmatched,unmatched,reject_not_exact_synonym,EXACT,ACCEPTED,97,7333137,
Antirrhinum pertegasii,Plantaginaceae,si,,unmatched,unmatched,reject_not_exact_synonym,EXACT,ACCEPTED,99,3739637,
Antirrhinum pulverulentum,Plantaginaceae,si,,unmatched,unmatched,reject_not_exact_synonym,EXACT,ACCEPTED,99,3739560,
Antirrhinum valentinum,Plantaginaceae,si,,unmatched,unmatched,reject_not_exact_synonym,EXACT,ACCEPTED,98,3738990,
Aquilegia viscosa,Ranunculaceae,sc,,unmatched,unmatched,reject_not_exact_synonym,EXACT,ACCEPTED,97,7844022,
Arabis aucheri,Brassicaceae,sc,,unmatched,unmatched,reject_not_exact_synonym,EXACT,ACCEPTED,99,5375142,
Arabis soyeri,Brassicaceae,sc,,unmatched,unmatched,reject_not_exact_synonym,EXACT,ACCEPTED,99,5374901,
Arachis appressipila,Fabaceae,sc,,unmatched,unmatched,reject_not_exact_synonym,EXACT,ACCEPTED,99,5353792,
Arachis archeri,Fabaceae,sc,,unmatched,unmatched,reject_not_exact_synonym,EXACT,ACCEPTED,99,5353768,
Arachis batizocoi,Fabaceae,sc,,unmatched,unmatched,reject_not_exact_synonym,EXACT,ACCEPTED,99,5353828,
Arachis burkartii,Fabaceae,sc,,unmatched,unmatched,reject_not_exact_synonym,EXACT,ACCEPTED,99,5353803,
Arachis cardenasii,Fabaceae,sc,,unmatched,unmatched,reject_not_exact_synonym,EXACT,ACCEPTED,99,5353824,
Arachis correntina,Fabaceae,sc,,unmatched,unmatched,reject_not_exact_synonym,EXACT,ACCEPTED,99,5353775,
Arachis dardani,Fabaceae,sc,,unmatched,unmatched,reject_not_exact_synonym,EXACT,ACCEPTED,99,5353847,
Arachis decora,Fabaceae,sc,,unmatched,unmatched,reject_not_exact_synonym,EXACT,ACCEPTED,99,5353786,
Arachis gracilis,Fabaceae,sc,,unmatched,unmatched,reject_not_exact_synonym,EXACT,ACCEPTED,99,5353791,
Arachis hermannii,Fabaceae,sc,,unmatched,unmatched,reject_not_exact_synonym,EXACT,ACCEPTED,99,5353839,
Arachis hoehnei,Fabaceae,sc,,unmatched,unmatched,reject_not_exact_synonym,EXACT,ACCEPTED,99,5353809,
Arachis kempff-mercadoi,Fabaceae,sc,,unmatched,unmatched,reject_not_exact_synonym,EXACT,ACCEPTED,99,5353782,
Arachis kretschmeri,Fabaceae,sc,,unmatched,unmatched,reject_not_exact_synonym,EXACT,ACCEPTED,99,5353840,
Arachis magna,Fabaceae,sc,,unmatched,unmatched,reject_not_exact_synonym,EXACT,ACCEPTED,99,5353833,
Arachis major,Fabaceae,sc,,unmatched,unmatched,reject_not_exact_synonym,EXACT,ACCEPTED,99,5353810,
Arachis palustris,Fabaceae,sc,,unmatched,unmatched,reject_not_exact_synonym,EXACT,ACCEPTED,99,5353794,
Arachis paraguariensis,Fabaceae,sc,,unmatched,unmatched,reject_not_exact_synonym,EXACT,ACCEPTED,99,5353796,
Arachis prostrata,Fabaceae,sc,,unmatched,unmatched,reject_not_exact_synonym,EXACT,ACCEPTED,99,5353784,
Arachis pusilla,Fabaceae,sc,,unmatched,unmatched,reject_not_exact_synonym,EXACT,ACCEPTED,97,5353832,
Arachis triseminata,Fabaceae,sc,,unmatched,unmatched,reject_not_exact_synonym,EXACT,ACCEPTED,99,5353846,
Arachis valida,Fabaceae,sc,,unmatched,unmatched,reject_not_exact_synonym,EXACT,ACCEPTED,99,5353827,
Arachis villosa,Fabaceae,sc,,unmatched,unmatched,reject_not_exact_synonym,EXACT,ACCEPTED,99,5353773,
Arachis williamsii,Fabaceae,sc,,unmatched,unmatched,reject_not_exact_synonym,EXACT,ACCEPTED,99,5353785,
Arceuthobium apachecum,Santalaceae,si,,unmatched,unmatched,reject_family_conflict,EXACT,SYNONYM,98,2889842,7954497
Arceuthobium blumeri,Santalaceae,si,,unmatched,unmatched,reject_family_conflict,EXACT,SYNONYM,98,2889833,8199805
Arceuthobium cyanocarpum,Santalaceae,si,,unmatched,unmatched,reject_family_conflict,EXACT,SYNONYM,97,2889840,7640969
Arctotis fastuosa,Asteraceae,si,,unmatched,unmatched,reject_not_exact_synonym,EXACT,ACCEPTED,99,5406147,
Ariocarpus kotschoubeyanus,Cactaceae,sc,,unmatched,unmatched,reject_not_exact_synonym,EXACT,ACCEPTED,99,7283031,
Arnica fulgens,Asteraceae,si,,unmatched,unmatched,reject_not_exact_synonym,EXACT,ACCEPTED,99,5405934,
Arnica sororia,Asteraceae,si,,unmatched,unmatched,reject_not_exact_synonym,EXACT,ACCEPTED,99,5405982,
Artemisia granatensis,Asteraceae,si,,unmatched,unmatched,reject_not_exact_synonym,EXACT,ACCEPTED,98,3121429,
Aster acuminatus,Asteraceae,sc,,unmatched,unmatched,reject_not_exact_synonym,EXACT,ACCEPTED,97,8286592,
Aster lucidulus,Asteraceae,si,,unmatched,unmatched,reject_non_exact_match,HIGHERRANK,ACCEPTED,97,3151391,
Aster multiflorus,Asteraceae,si,,unmatched,unmatched,reject_not_exact_synonym,EXACT,ACCEPTED,97,7848679,
Aster puniceus,Asteraceae,si,,unmatched,unmatched,reject_not_exact_synonym,EXACT,ACCEPTED,97,8068266,
Astragalus agnicidus,Fabaceae,sc,,unmatched,unmatched,reject_not_exact_synonym,EXACT,ACCEPTED,99,5345561,
Astragalus americanus,Fabaceae,si,,unmatched,unmatched,reject_not_exact_synonym,EXACT,ACCEPTED,99,5345015,
Astragalus ampullarioides,Fabaceae,sc,,unmatched,unmatched,reject_not_exact_synonym,EXACT,ACCEPTED,99,5613256,
Astragalus argaeus,Fabaceae,si,,unmatched,unmatched,reject_not_exact_synonym,EXACT,ACCEPTED,99,5632402,
Astragalus brauntonii,Fabaceae,sc,,unmatched,unmatched,reject_not_exact_synonym,EXACT,ACCEPTED,99,5346019,
Astragalus cibarius,Fabaceae,si,,unmatched,unmatched,reject_not_exact_synonym,EXACT,ACCEPTED,99,5344730,
Astragalus cymbicarpos,Fabaceae,sc,,unmatched,unmatched,reject_not_exact_synonym,EXACT,ACCEPTED,99,5344424,
Astragalus exscapus,Fabaceae,sc,,unmatched,unmatched,reject_not_exact_synonym,EXACT,ACCEPTED,99,5343540,
Astragalus filipes,Fabaceae,sc,,unmatched,unmatched,reject_not_exact_synonym,EXACT,ACCEPTED,97,5343317,
Astragalus guttatus,Fabaceae,sc,,unmatched,unmatched,reject_not_exact_synonym,EXACT,ACCEPTED,99,7713207,
Astragalus holmgreniorum,Fabaceae,sc,,unmatched,unmatched,reject_not_exact_synonym,EXACT,ACCEPTED,99,5345822,
Astragalus humillimus,Fabaceae,sc,,unmatched,unmatched,reject_not_exact_synonym,EXACT,ACCEPTED,97,5346243,
Astragalus intercedens,Fabaceae,sc,,unmatched,unmatched,reject_not_exact_synonym,EXACT,ACCEPTED,97,5347035,
Astragalus jaegerianus,Fabaceae,si,,unmatched,unmatched,reject_not_exact_synonym,EXACT,ACCEPTED,99,5345472,
Astragalus linifolius,Fabaceae,sc,,unmatched,unmatched,reject_not_exact_synonym,EXACT,ACCEPTED,99,5344486,
Astragalus lonchocarpus,Fabaceae,sc,,unmatched,unmatched,reject_not_exact_synonym,EXACT,ACCEPTED,99,5344397,
Astragalus monoensis,Fabaceae,si,,unmatched,unmatched,reject_not_exact_synonym,EXACT,ACCEPTED,99,5342654,
Astragalus monumentalis,Fabaceae,sc,,unmatched,unmatched,reject_not_exact_synonym,EXACT,ACCEPTED,99,5347241,
Astragalus nitidiflorus,Fabaceae,sc,,unmatched,unmatched,reject_not_exact_synonym,EXACT,ACCEPTED,99,5344020,
Astragalus oxyglottis,Fabaceae,sc,,unmatched,unmatched,reject_not_exact_synonym,EXACT,ACCEPTED,97,5345430,
Astragalus peckii,Fabaceae,sc,,unmatched,unmatched,reject_not_exact_synonym,EXACT,ACCEPTED,99,5344645,
Astragalus pectinatus,Fabaceae,si,,unmatched,unmatched,reject_not_exact_synonym,EXACT,ACCEPTED,97,5343722,
Astragalus phoenix,Fabaceae,sc,,unmatched,unmatched,reject_not_exact_synonym,EXACT,ACCEPTED,99,5345256,
Astragalus schmalhausenii,Fabaceae,sc,,unmatched,unmatched,reject_not_exact_synonym,EXACT,ACCEPTED,99,5342651,
Astragalus tegetarioides,Fabaceae,si,,unmatched,unmatched,reject_not_exact_synonym,EXACT,ACCEPTED,99,5344627,
Astragalus tennesseensis,Fabaceae,si,,unmatched,unmatched,reject_not_exact_synonym,EXACT,ACCEPTED,97,5344468,
Astranthium beamanii,Asteraceae,sc,,unmatched,unmatched,reject_not_exact_synonym,EXACT,ACCEPTED,98,3119960,
Astranthium integrifolium,Asteraceae,sc,,unmatched,unmatched,reject_not_exact_synonym,EXACT,ACCEPTED,99,3119963,
Astranthium laetificum,Asteraceae,sc,,unmatched,unmatched,reject_not_exact_synonym,EXACT,ACCEPTED,98,7922883,
Astranthium orthopodum,Asteraceae,sc,,unmatched,unmatched,reject_not_exact_synonym,EXACT,ACCEPTED,99,3119977,
Astranthium purpurascens,Asteraceae,sc,,unmatched,unmatched,reject_not_exact_synonym,EXACT,ACCEPTED,99,3119981,
Astranthium robustum,Asteraceae,sc,,unmatched,unmatched,reject_not_exact_synonym,EXACT,ACCEPTED,97,3119969,
Astranthium splendens,Asteraceae,sc,,unmatched,unmatched,reject_not_exact_synonym,EXACT,ACCEPTED,98,8173359,
Astranthium xanthocomoides,Asteraceae,sc,,unmatched,unmatched,reject_not_exact_synonym,EXACT,ACCEPTED,99,3119974,
Astrebla elymoides,Poaceae,sc,,unmatched,unmatched,reject_not_exact_synonym,EXACT,ACCEPTED,97,2702534,
Astrebla lappacea,Poaceae,sc,,unmatched,unmatched,reject_not_exact_synonym,EXACT,ACCEPTED,99,2702536,
Astrebla pectinata,Poaceae,sc,,unmatched,unmatched,reject_not_exact_synonym,EXACT,ACCEPTED,97,2702535,
Axinaea confusa,Melastomataceae,sc,,unmatched,unmatched,reject_not_exact_synonym,EXACT,ACCEPTED,99,7364908,
Axinaea costaricensis,Melastomataceae,sc,,unmatched,unmatched,reject_not_exact_synonym,EXACT,ACCEPTED,99,5601145,
Axinaea sclerophylla,Melastomataceae,sc,,unmatched,unmatched,reject_not_exact_synonym,EXACT,ACCEPTED,99,5601058,
Baccharis altimontana,Asteraceae,si,,unmatched,unmatched,reject_not_exact_synonym,EXACT,ACCEPTED,99,3129167,
Baccharis itatiaiae,Asteraceae,sc,,unmatched,unmatched,reject_not_exact_synonym,EXACT,ACCEPTED,99,3129760,
Baccharis megapotamica,Asteraceae,si,,unmatched,unmatched,reject_not_exact_synonym,EXACT,ACCEPTED,97,7909615,
Balduina atropurpurea,Asteraceae,si,,unmatched,unmatched,reject_not_exact_synonym,EXACT,ACCEPTED,99,3104996,
Banksia attenuata,Proteaceae,si,,unmatched,unmatched,reject_not_exact_synonym,EXACT,ACCEPTED,99,5636437,
Banksia ilicifolia,Proteaceae,sc,,unmatched,unmatched,reject_not_exact_synonym,EXACT,ACCEPTED,98,7287663,
Banksia nivea,Proteaceae,sc,,unmatched,unmatched,reject_not_exact_synonym,EXACT,ACCEPTED,97,7287514,
Banksia oligantha,Proteaceae,sc,,unmatched,unmatched,reject_not_exact_synonym,EXACT,ACCEPTED,99,5637803,
Barbacenia gounelleana,Velloziaceae,si,,unmatched,unmatched,reject_not_exact_synonym,EXACT,ACCEPTED,99,2863751,
Bauhinia brevipes,Fabaceae,si,,unmatched,unmatched,reject_not_exact_synonym,EXACT,ACCEPTED,99,2953099,
Bauhinia curvula,Fabaceae,si,,unmatched,unmatched,reject_not_exact_synonym,EXACT,ACCEPTED,99,2953422,
Bauhinia holophylla,Fabaceae,si,,unmatched,unmatched,reject_not_exact_synonym,EXACT,ACCEPTED,99,2953547,
Bdallophytum oxylepis,Cytinaceae,sc,,unmatched,unmatched,reject_accepted_species_absent_from_master,EXACT,SYNONYM,98,3941169,8389112
Begonia herveyana,Begoniaceae,sc,,unmatched,unmatched,reject_not_exact_synonym,EXACT,ACCEPTED,99,4157048,
Begonia maxwelliana,Begoniaceae,sc,,unmatched,unmatched,reject_not_exact_synonym,EXACT,ACCEPTED,99,4158446,
Bellevalia webbiana,Asparagaceae,si,,unmatched,unmatched,reject_not_exact_synonym,EXACT,ACCEPTED,99,2771837,
Berchemiella wilsonii,Rhamnaceae,si,,unmatched,unmatched,reject_not_exact_synonym,EXACT,ACCEPTED,99,7273824,
Berlandiera lyrata,Asteraceae,si,,unmatched,unmatched,reject_not_exact_synonym,EXACT,ACCEPTED,99,3148290,
Berlandiera pumila,Asteraceae,si,,unmatched,unmatched,reject_not_exact_synonym,EXACT,ACCEPTED,99,3148277,
Berlandiera texana,Asteraceae,si,,unmatched,unmatched,reject_not_exact_synonym,EXACT,ACCEPTED,99,3148292,
Bidens bidentoides,Asteraceae,sc,,unmatched,unmatched,reject_not_exact_synonym,EXACT,ACCEPTED,99,5392137,
Bidens lemmonii,Asteraceae,sc,,unmatched,unmatched,reject_not_exact_synonym,EXACT,ACCEPTED,99,5391692,
Bidens leptocephala,Asteraceae,sc,,unmatched,unmatched,reject_not_exact_synonym,EXACT,ACCEPTED,99,5392038,
Bidens schimperi,Asteraceae,sc,,unmatched,unmatched,reject_not_exact_synonym,EXACT,ACCEPTED,97,5391827,
Biscutella frutescens,Brassicaceae,si,,unmatched,unmatched,reject_not_exact_synonym,EXACT,ACCEPTED,99,3041836,
Biscutella glacialis,Brassicaceae,si,,unmatched,unmatched,reject_not_exact_synonym,EXACT,ACCEPTED,99,3041823,
Biscutella intermedia,Brassicaceae,si,,unmatched,unmatched,reject_not_exact_synonym,EXACT,ACCEPTED,99,3041858,
Biscutella neustriaca,Brassicaceae,si,,unmatched,unmatched,reject_not_exact_synonym,EXACT,ACCEPTED,99,3041767,
Biscutella scaposa,Brassicaceae,si,,unmatched,unmatched,reject_not_exact_synonym,EXACT,ACCEPTED,97,3041839,
Biscutella variegata,Brassicaceae,si,,unmatched,unmatched,reject_not_exact_synonym,EXACT,ACCEPTED,99,3041732,
Blennosperma chilense,Asteraceae,sc,,unmatched,unmatched,reject_not_exact_synonym,EXACT,ACCEPTED,99,3099002,
Blepharipappus scaber,Asteraceae,si,,unmatched,unmatched,reject_not_exact_synonym,EXACT,ACCEPTED,99,3115650,
Blepharizonia laxa,Asteraceae,si,,unmatched,unmatched,reject_not_exact_synonym,EXACT,ACCEPTED,99,3117339,
Blepharizonia plumosa,Asteraceae,si,,unmatched,unmatched,reject_not_exact_synonym,EXACT,ACCEPTED,99,3117336,
Blumenbachia insignis,Loasaceae,sc,,unmatched,unmatched,reject_not_exact_synonym,EXACT,ACCEPTED,99,5646406,
Bobartia longicyma,Iridaceae,si,,unmatched,unmatched,reject_not_exact_synonym,EXACT,ACCEPTED,99,5297138,
Boechera breweri,Brassicaceae,sc,,unmatched,unmatched,reject_not_exact_synonym,EXACT,ACCEPTED,99,3043383,
Boechera constancei,Brassicaceae,si,,unmatched,unmatched,reject_not_exact_synonym,EXACT,ACCEPTED,99,3043275,
Boechera crandallii,Brassicaceae,sc,,unmatched,unmatched,reject_not_exact_synonym,EXACT,ACCEPTED,99,3043248,
Boechera fecunda,Brassicaceae,sc,,unmatched,unmatched,reject_not_exact_synonym,EXACT,ACCEPTED,99,3043272,
Boechera gunnisoniana,Brassicaceae,sc,,unmatched,unmatched,reject_not_exact_synonym,EXACT,ACCEPTED,99,3043464,
Boechera microphylla,Brassicaceae,sc,,unmatched,unmatched,reject_not_exact_synonym,EXACT,ACCEPTED,99,3043484,
Boechera parishii,Brassicaceae,sc,,unmatched,unmatched,reject_not_exact_synonym,EXACT,ACCEPTED,99,3043240,
Boechera platysperma,Brassicaceae,sc,,unmatched,unmatched,reject_not_exact_synonym,EXACT,ACCEPTED,99,3043561,
Boechera rectissima,Brassicaceae,sc,,unmatched,unmatched,reject_not_exact_synonym,EXACT,ACCEPTED,99,3043319,
Boechera retrofracta,Brassicaceae,sc,,unmatched,unmatched,reject_not_exact_synonym,EXACT,ACCEPTED,99,8246516,
Boechera sparsiflora,Brassicaceae,sc,,unmatched,unmatched,reject_not_exact_synonym,EXACT,ACCEPTED,99,3043545,
Boswellia papyrifera,Burseraceae,si,,unmatched,unmatched,reject_not_exact_synonym,EXACT,ACCEPTED,99,5421356,
Bothriochloa biloba,Poaceae,sc,,unmatched,unmatched,reject_not_exact_synonym,EXACT,ACCEPTED,99,4137366,
Brachyscome muelleri,Asteraceae,sc,,unmatched,unmatched,reject_not_exact_synonym,EXACT,ACCEPTED,99,3144632,
Brandisia hancei,Orobanchaceae,sc,,unmatched,unmatched,reject_not_exact_synonym,EXACT,ACCEPTED,99,3732880,
Brassica aucheri,Brassicaceae,si,,unmatched,unmatched,reject_not_exact_synonym,EXACT,ACCEPTED,99,3042653,
Brassica deflexa,Brassicaceae,si,,unmatched,unmatched,reject_not_exact_synonym,EXACT,ACCEPTED,99,3042507,
Brassica desnottesii,Brassicaceae,si,,unmatched,unmatched,reject_not_exact_synonym,EXACT,ACCEPTED,99,3042749,
Brassica gravinae,Brassicaceae,si,,unmatched,unmatched,reject_not_exact_synonym,EXACT,ACCEPTED,99,3042514,
Brassica maurorum,Brassicaceae,si,,unmatched,unmatched,reject_not_exact_synonym,EXACT,ACCEPTED,97,3042915,
Brassica repanda,Brassicaceae,si,,unmatched,unmatched,reject_not_exact_synonym,EXACT,ACCEPTED,99,3042551,
Brassica spinescens,Brassicaceae,si,,unmatched,unmatched,reject_not_exact_synonym,EXACT,ACCEPTED,99,3042913,
Brunfelsia dwyeri,Solanaceae,si,,unmatched,unmatched,reject_not_exact_synonym,EXACT,ACCEPTED,99,3800052,
Buddleja macrostachya,Scrophulariaceae,sc,,unmatched,unmatched,reject_not_exact_synonym,EXACT,ACCEPTED,97,4055437,
Buddleja speciosissima,Scrophulariaceae,sc,,unmatched,unmatched,reject_not_exact_synonym,EXACT,ACCEPTED,99,4055611,
Bulbine vagans,Asphodelaceae,sc,,unmatched,unmatched,reject_not_exact_synonym,EXACT,ACCEPTED,99,5304877,
Byrsonima pachyphylla,Malpighiaceae,si,,unmatched,unmatched,reject_not_exact_synonym,EXACT,ACCEPTED,97,7285505,
Byrsonima umbellata,Malpighiaceae,si,,unmatched,unmatched,reject_not_exact_synonym,EXACT,ACCEPTED,97,3984423,
Calceolaria arachnoidea,Calceolariaceae,sc,,unmatched,unmatched,reject_not_exact_synonym,EXACT,ACCEPTED,99,8389740,
Calceolaria lanigera,Calceolariaceae,sc,,unmatched,unmatched,reject_not_exact_synonym,EXACT,ACCEPTED,99,7989111,
Calceolaria polifolia,Calceolariaceae,si,,unmatched,unmatched,reject_not_exact_synonym,EXACT,ACCEPTED,99,8118052,
Calceolaria purpurea,Calceolariaceae,si,,unmatched,unmatched,reject_not_exact_synonym,EXACT,ACCEPTED,99,7844490,
Calendula pachysperma,Asteraceae,sc,,unmatched,unmatched,reject_not_exact_synonym,EXACT,ACCEPTED,99,5694267,
Calendula palaestina,Asteraceae,sc,,unmatched,unmatched,reject_not_exact_synonym,EXACT,ACCEPTED,99,5391488,
Calibrachoa caesia,Solanaceae,si,,unmatched,unmatched,reject_not_exact_synonym,EXACT,ACCEPTED,99,3799508,
Calibrachoa dusenii,Solanaceae,si,,unmatched,unmatched,reject_not_exact_synonym,EXACT,ACCEPTED,99,3799496,
Calibrachoa eglandulata,Solanaceae,si,,unmatched,unmatched,reject_not_exact_synonym,EXACT,ACCEPTED,99,3799494,
Calibrachoa elegans,Solanaceae,si,,unmatched,unmatched,reject_not_exact_synonym,EXACT,ACCEPTED,99,3799489,
Calibrachoa ericifolia,Solanaceae,si,,unmatched,unmatched,reject_not_exact_synonym,EXACT,ACCEPTED,99,3799485,
Calibrachoa excellens,Solanaceae,si,,unmatched,unmatched,reject_not_exact_synonym,EXACT,ACCEPTED,99,3799480,
Calibrachoa linoides,Solanaceae,si,,unmatched,unmatched,reject_not_exact_synonym,EXACT,ACCEPTED,99,3799444,
Calibrachoa micrantha,Solanaceae,si,,unmatched,unmatched,reject_not_exact_synonym,EXACT,ACCEPTED,99,3799428,
Calibrachoa pubescens,Solanaceae,si,,unmatched,unmatched,reject_not_exact_synonym,EXACT,ACCEPTED,99,3799407,
Calibrachoa pygmea,Solanaceae,si,,unmatched,unmatched,reject_not_exact_synonym,EXACT,ACCEPTED,99,3799403,
Calibrachoa sendtneriana,Solanaceae,si,,unmatched,unmatched,reject_not_exact_synonym,EXACT,ACCEPTED,99,3799385,
Calibrachoa serrulata,Solanaceae,si,,unmatched,unmatched,reject_not_exact_synonym,EXACT,ACCEPTED,99,3799375,
Calliandra laxa,Fabaceae,si,,unmatched,unmatched,reject_not_exact_synonym,EXACT,ACCEPTED,99,2982019,
Calliandra pakaraimensis,Fabaceae,sc,,unmatched,unmatched,reject_not_exact_synonym,EXACT,ACCEPTED,99,2982319,
Calligonum mongolicum,Polygonaceae,sc,,unmatched,unmatched,reject_not_exact_synonym,EXACT,ACCEPTED,99,4037267,
Calolisianthus pendulus,Gentianaceae,sc,,unmatched,unmatched,reject_not_exact_synonym,EXACT,ACCEPTED,99,3841326,
Calycadenia fremontii,Asteraceae,si,,unmatched,unmatched,reject_not_exact_synonym,EXACT,ACCEPTED,99,3093002,
Calycadenia hooveri,Asteraceae,sc,,unmatched,unmatched,reject_not_exact_synonym,EXACT,ACCEPTED,99,3093019,
Calycadenia micrantha,Asteraceae,sc,,unmatched,unmatched,reject_not_exact_synonym,EXACT,ACCEPTED,99,3093022,
Calycadenia multiglandulosa,Asteraceae,si,,unmatched,unmatched,reject_not_exact_synonym,EXACT,ACCEPTED,99,3092996,
Calycadenia oppositifolia,Asteraceae,si,,unmatched,unmatched,reject_not_exact_synonym,EXACT,ACCEPTED,99,3093020,
Calycadenia pauciflora,Asteraceae,si,,unmatched,unmatched,reject_not_exact_synonym,EXACT,ACCEPTED,99,3093015,
Calycadenia spicata,Asteraceae,si,,unmatched,unmatched,reject_not_exact_synonym,EXACT,ACCEPTED,99,3093007,
Calydorea alba,Iridaceae,si,,unmatched,unmatched,reject_not_exact_synonym,EXACT,ACCEPTED,99,2746413,
Calyptochloa cylindrosperma,Poaceae,sc,,unmatched,unmatched,reject_not_exact_synonym,EXACT,ACCEPTED,99,8946880,
Calyptochloa gracillima,Poaceae,sc,,unmatched,unmatched,reject_not_exact_synonym,EXACT,ACCEPTED,99,4122313,
Calyptochloa johnsoniana,Poaceae,sc,,unmatched,unmatched,reject_not_exact_synonym,EXACT,ACCEPTED,99,9582949,
Camissonia benitensis,Onagraceae,sc,,unmatched,unmatched,reject_not_exact_synonym,EXACT,ACCEPTED,99,3188992,
Camissonia campestris,Onagraceae,si,,unmatched,unmatched,reject_not_exact_synonym,EXACT,ACCEPTED,99,3188985,
Camissonia kernensis,Onagraceae,si,,unmatched,unmatched,reject_not_exact_synonym,EXACT,ACCEPTED,99,3189037,
Campanula americana,Campanulaceae,sc,,unmatched,unmatched,reject_not_exact_synonym,EXACT,ACCEPTED,97,7639571,
Campanula barbata,Campanulaceae,si,,unmatched,unmatched,reject_not_exact_synonym,EXACT,ACCEPTED,97,5409958,
Campanula sabatia,Campanulaceae,si,,unmatched,unmatched,reject_not_exact_synonym,EXACT,ACCEPTED,98,5409803,
Campanula thyrsoides,Campanulaceae,si,,unmatched,unmatched,reject_not_exact_synonym,EXACT,ACCEPTED,99,5410886,
Campomanesia phaea,Myrtaceae,si,,unmatched,unmatched,reject_not_exact_synonym,EXACT,ACCEPTED,97,8141301,
Campomanesia pubescens,Myrtaceae,sc,,unmatched,unmatched,reject_not_exact_synonym,EXACT,ACCEPTED,99,3180981,
Capsella orientalis,Brassicaceae,sc,,unmatched,unmatched,reject_not_exact_synonym,EXACT,ACCEPTED,99,5375384,
Capsicum chacoense,Solanaceae,sc,,unmatched,unmatched,reject_not_exact_synonym,EXACT,ACCEPTED,99,7299506,
Capsicum galapagoensis,Solanaceae,sc,,unmatched,unmatched,reject_not_exact_synonym,EXACT,DOUBTFUL,96,3798717,
Capsicum lanceolatum,Solanaceae,sc,,unmatched,unmatched,reject_not_exact_synonym,EXACT,ACCEPTED,99,8511867,
Capsicum parvifolium,Solanaceae,sc,,unmatched,unmatched,reject_not_exact_synonym,EXACT,ACCEPTED,99,7299393,
Capsicum rhomboideum,Solanaceae,sc,,unmatched,unmatched,reject_not_exact_synonym,EXACT,ACCEPTED,99,3798167,
Capsicum tovarii,Solanaceae,sc,,unmatched,unmatched,reject_not_exact_synonym,EXACT,ACCEPTED,99,3797972,
Capsicum villosum,Solanaceae,sc,,unmatched,unmatched,reject_not_exact_synonym,EXACT,ACCEPTED,99,7299326,
Caragana korshinskii,Fabaceae,sc,,unmatched,unmatched,reject_not_exact_synonym,EXACT,ACCEPTED,99,2943277,
Caragana pygmaea,Fabaceae,si,,unmatched,unmatched,reject_not_exact_synonym,EXACT,ACCEPTED,97,2943272,
Caragana spinosa,Fabaceae,si,,unmatched,unmatched,reject_not_exact_synonym,EXACT,ACCEPTED,97,8351322,
Cardamine chenopodiifolia,Brassicaceae,sc,,unmatched,unmatched,reject_not_exact_synonym,EXACT,ACCEPTED,99,3045740,
Cardamine tenuirostris,Brassicaceae,si,,unmatched,unmatched,reject_not_exact_synonym,EXACT,ACCEPTED,99,3045941,
Carex firma,Cyperaceae,si,,unmatched,unmatched,reject_not_exact_synonym,EXACT,ACCEPTED,99,2728572,
Carex sempervirens,Cyperaceae,si,,unmatched,unmatched,reject_not_exact_synonym,EXACT,ACCEPTED,97,2722326,
Carlquistia muirii,Asteraceae,si,,unmatched,unmatched,reject_not_exact_synonym,EXACT,ACCEPTED,99,3089475,
Carramboa badilloi,Asteraceae,si,,unmatched,unmatched,reject_accepted_species_absent_from_master,EXACT,SYNONYM,98,3143191,3143192
Carthamus curdicus,Asteraceae,sc,,unmatched,unmatched,reject_not_exact_synonym,EXACT,ACCEPTED,99,3138331,
Carthamus gypsicola,Asteraceae,sc,,unmatched,unmatched,reject_not_exact_synonym,EXACT,ACCEPTED,99,3138228,
Carthamus nitidus,Asteraceae,sc,,unmatched,unmatched,reject_not_exact_synonym,EXACT,ACCEPTED,99,3138360,
Carthamus palaestinus,Asteraceae,sc,,unmatched,unmatched,reject_not_exact_synonym,EXACT,ACCEPTED,97,7902411,
Carthamus persicus,Asteraceae,si,,unmatched,unmatched,reject_not_exact_synonym,EXACT,ACCEPTED,97,3138225,
Ceiba chodatii,Malvaceae,si,,unmatched,unmatched,reject_not_exact_synonym,EXACT,ACCEPTED,99,7878348,
Centaurea amaena,Asteraceae,sc,,unmatched,unmatched,reject_not_exact_synonym,EXACT,ACCEPTED,99,3128804,
Centaurea borjae,Asteraceae,si,,unmatched,unmatched,reject_not_exact_synonym,EXACT,ACCEPTED,99,3128787,
Centaurea sulphurea,Asteraceae,sc,,unmatched,unmatched,reject_not_exact_synonym,EXACT,ACCEPTED,97,3128151,
Centaurea tchihatcheffii,Asteraceae,sc,,unmatched,unmatched,reject_not_exact_synonym,EXACT,ACCEPTED,99,3089501,
Centrosema arenicola,Fabaceae,sc,,unmatched,unmatched,reject_not_exact_synonym,EXACT,ACCEPTED,99,2964912,
Centrosema bracteosum,Fabaceae,sc,,unmatched,unmatched,reject_not_exact_synonym,EXACT,ACCEPTED,99,2964962,
Centrosema grazielae,Fabaceae,sc,,unmatched,unmatched,reject_not_exact_synonym,EXACT,ACCEPTED,99,2965017,
Centrosema rotundifolium,Fabaceae,sc,,unmatched,unmatched,reject_not_exact_synonym,EXACT,ACCEPTED,97,2964890,
Centrosema tetragonolobum,Fabaceae,sc,,unmatched,unmatched,reject_not_exact_synonym,EXACT,ACCEPTED,99,3907913,
Centrosema venosum,Fabaceae,sc,,unmatched,unmatched,reject_not_exact_synonym,EXACT,ACCEPTED,97,2964981,
Centrosema vexillatum,Fabaceae,sc,,unmatched,unmatched,reject_not_exact_synonym,EXACT,ACCEPTED,99,2964899,
Cerastium dicrotrichum,Caryophyllaceae,sc,,unmatched,unmatched,reject_not_exact_synonym,EXACT,ACCEPTED,97,3812035,
Cestrum bigibbosum,Solanaceae,sc,,unmatched,unmatched,reject_not_exact_synonym,EXACT,ACCEPTED,99,3797416,
Cestrum microcalyx,Solanaceae,si,,unmatched,unmatched,reject_not_exact_synonym,EXACT,ACCEPTED,99,3802311,
Cestrum potaliifolium,Solanaceae,si,,unmatched,unmatched,reject_not_exact_synonym,EXACT,ACCEPTED,99,3801612,
Cestrum salicifolium,Solanaceae,si,,unmatched,unmatched,reject_not_exact_synonym,EXACT,ACCEPTED,97,2928785,
Chaenactis douglasii,Asteraceae,sc,,unmatched,unmatched,reject_not_exact_synonym,EXACT,ACCEPTED,99,3114810,
Chaetanthera euphrasioides,Asteraceae,sc,,unmatched,unmatched,reject_not_exact_synonym,EXACT,ACCEPTED,97,8316266,
Chaetanthera moenchioides,Asteraceae,sc,,unmatched,unmatched,reject_not_exact_synonym,EXACT,ACCEPTED,99,5402502,
Chaetostoma glaziovii,Melastomataceae,si,,unmatched,unmatched,reject_accepted_species_absent_from_master,EXACT,SYNONYM,98,3869231,11767383
Chamaecrista amiciella,Fabaceae,sc,,unmatched,unmatched,reject_not_exact_synonym,EXACT,ACCEPTED,99,2950027,
Chamaecrista blanchetti,Fabaceae,sc,,unmatched,unmatched,reject_non_exact_match,FUZZY,ACCEPTED,95,7654582,
Chamaecrista chapadae,Fabaceae,sc,,unmatched,unmatched,reject_not_exact_synonym,EXACT,ACCEPTED,99,2950497,
Chamaecrista cytisoides,Fabaceae,sc,,unmatched,unmatched,reject_not_exact_synonym,EXACT,ACCEPTED,99,2950121,
Chamaecrista glaucofilix,Fabaceae,sc,,unmatched,unmatched,reject_not_exact_synonym,EXACT,ACCEPTED,99,2950179,
Chamaecrista pascuorum,Fabaceae,sc,,unmatched,unmatched,reject_not_exact_synonym,EXACT,ACCEPTED,99,2950071,
Chondrilla ambigua,Asteraceae,si,,unmatched,unmatched,reject_not_exact_synonym,EXACT,ACCEPTED,98,5403842,
Chorispora purpurascens,Brassicaceae,si,,unmatched,unmatched,reject_not_exact_synonym,EXACT,ACCEPTED,99,3044353,
Chromolaena glaberrima,Asteraceae,si,,unmatched,unmatched,reject_not_exact_synonym,EXACT,ACCEPTED,99,3087854,
Chuquiraga avellanedae,Asteraceae,si,,unmatched,unmatched,reject_not_exact_synonym,EXACT,ACCEPTED,99,3109532,
Chuquiraga oppositifolia,Asteraceae,si,,unmatched,unmatched,reject_not_exact_synonym,EXACT,ACCEPTED,99,3109537,
Chylismia arenaria,Onagraceae,sc,,unmatched,unmatched,reject_not_exact_synonym,EXACT,ACCEPTED,99,3189018,
Chylismiella pterosperma,Onagraceae,sc,,unmatched,unmatched,reject_not_exact_synonym,EXACT,ACCEPTED,99,3665587,
Cineraria erodioides,Asteraceae,si,,unmatched,unmatched,reject_not_exact_synonym,EXACT,ACCEPTED,99,3141214,
Circaea glabrescens,Onagraceae,sc,,unmatched,unmatched,reject_not_exact_synonym,EXACT,ACCEPTED,99,3665421,
Circaea repens,Onagraceae,sc,,unmatched,unmatched,reject_not_exact_synonym,EXACT,ACCEPTED,98,3665256,
Cirrhaea dependens,Orchidaceae,sc,,unmatched,unmatched,reject_not_exact_synonym,EXACT,ACCEPTED,97,9363674,
Cirrhaea fuscolutea,Orchidaceae,sc,,unmatched,unmatched,reject_not_exact_synonym,EXACT,ACCEPTED,97,2783532,
Cirrhaea longiracemosa,Orchidaceae,sc,,unmatched,unmatched,reject_not_exact_synonym,EXACT,ACCEPTED,99,2783536,
Cirrhaea nasuta,Orchidaceae,sc,,unmatched,unmatched,reject_not_exact_synonym,EXACT,ACCEPTED,99,2783550,
Cirrhaea seidelii,Orchidaceae,sc,,unmatched,unmatched,reject_not_exact_synonym,EXACT,ACCEPTED,99,2783535,
Cirsium pitcheri,Asteraceae,si,,unmatched,unmatched,reject_not_exact_synonym,EXACT,ACCEPTED,99,3113668,
Cirsium quercetorum,Asteraceae,sc,,unmatched,unmatched,reject_not_exact_synonym,EXACT,ACCEPTED,99,3113695,
Clarkia affinis,Onagraceae,sc,,unmatched,unmatched,reject_not_exact_synonym,EXACT,ACCEPTED,99,5420946,
Clarkia bottae,Onagraceae,sc,,unmatched,unmatched,reject_not_exact_synonym,EXACT,ACCEPTED,99,7814921,
Clarkia concinna,Onagraceae,sc,,unmatched,unmatched,reject_not_exact_synonym,EXACT,ACCEPTED,99,5420937,
Clarkia delicata,Onagraceae,sc,,unmatched,unmatched,reject_not_exact_synonym,EXACT,ACCEPTED,99,5420939,
Clarkia dudleyana,Onagraceae,sc,,unmatched,unmatched,reject_not_exact_synonym,EXACT,ACCEPTED,99,5420972,
Clarkia franciscana,Onagraceae,sc,,unmatched,unmatched,reject_not_exact_synonym,EXACT,ACCEPTED,99,5420956,
Clarkia heterandra,Onagraceae,sc,,unmatched,unmatched,reject_not_exact_synonym,EXACT,ACCEPTED,99,5420973,
Clarkia imbricata,Onagraceae,sc,,unmatched,unmatched,reject_not_exact_synonym,EXACT,ACCEPTED,99,7567029,
Clarkia lewisii,Onagraceae,sc,,unmatched,unmatched,reject_not_exact_synonym,EXACT,ACCEPTED,99,5420977,
Clarkia lingulata,Onagraceae,sc,,unmatched,unmatched,reject_not_exact_synonym,EXACT,ACCEPTED,99,5420961,
Clarkia mildrediae,Onagraceae,sc,,unmatched,unmatched,reject_not_exact_synonym,EXACT,ACCEPTED,99,5420947,
Clarkia modesta,Onagraceae,sc,,unmatched,unmatched,reject_not_exact_synonym,EXACT,ACCEPTED,99,5420979,
Clarkia rhomboidea,Onagraceae,sc,,unmatched,unmatched,reject_not_exact_synonym,EXACT,ACCEPTED,98,8219859,
Clarkia rostrata,Onagraceae,sc,,unmatched,unmatched,reject_not_exact_synonym,EXACT,ACCEPTED,99,5420938,
Clarkia similis,Onagraceae,sc,,unmatched,unmatched,reject_not_exact_synonym,EXACT,ACCEPTED,99,5420953,
Clarkia xantiana,Onagraceae,sc,,unmatched,unmatched,reject_not_exact_synonym,EXACT,ACCEPTED,99,5420960,
Clausospicula extensa,Poaceae,sc,,unmatched,unmatched,reject_not_exact_synonym,EXACT,ACCEPTED,99,4152238,
Clematis akebioides,Ranunculaceae,sc,,unmatched,unmatched,reject_not_exact_synonym,EXACT,ACCEPTED,99,3924734,
Clitoria fragrans,Fabaceae,sc,,unmatched,unmatched,reject_not_exact_synonym,EXACT,ACCEPTED,99,2946645,
Clusia lechleri,Clusiaceae,si,,unmatched,unmatched,reject_not_exact_synonym,EXACT,ACCEPTED,99,5556351,
Clusia sphaerocarpa,Clusiaceae,si,,unmatched,unmatched,reject_not_exact_synonym,EXACT,ACCEPTED,99,5555956,
Clypeola aspera,Brassicaceae,sc,,unmatched,unmatched,reject_not_exact_synonym,EXACT,ACCEPTED,99,5375342,
Coccoloba cereifera,Polygonaceae,sc,,unmatched,unmatched,reject_not_exact_synonym,EXACT,ACCEPTED,99,4033495,
Cochlearia bavarica,Brassicaceae,sc,,unmatched,unmatched,reject_not_exact_synonym,EXACT,ACCEPTED,99,5373271,
Coespeletia moritziana,Asteraceae,si,,unmatched,unmatched,reject_accepted_species_absent_from_master,EXACT,SYNONYM,98,3109155,3109156
Coespeletia spicata,Asteraceae,si,,unmatched,unmatched,reject_accepted_species_absent_from_master,EXACT,SYNONYM,98,3109148,3109151
Coespeletia timotensis,Asteraceae,si,,unmatched,unmatched,reject_accepted_species_absent_from_master,EXACT,SYNONYM,98,3109144,3109147
Collaea cipoensis,Fabaceae,si,,unmatched,unmatched,reject_not_exact_synonym,EXACT,ACCEPTED,99,5352526,
Collinsia antonina,Plantaginaceae,sc,,unmatched,unmatched,reject_not_exact_synonym,EXACT,ACCEPTED,99,5414951,
Collinsia bartsiifolia,Plantaginaceae,sc,,unmatched,unmatched,reject_not_exact_synonym,EXACT,ACCEPTED,99,5414967,
Collinsia childii,Plantaginaceae,sc,,unmatched,unmatched,reject_not_exact_synonym,EXACT,ACCEPTED,97,5414958,
Collinsia multicolor,Plantaginaceae,sc,,unmatched,unmatched,reject_not_exact_synonym,EXACT,ACCEPTED,99,5414969,
Collinsia parryi,Plantaginaceae,sc,,unmatched,unmatched,reject_not_exact_synonym,EXACT,ACCEPTED,99,5414950,
Collinsia rattanii,Plantaginaceae,sc,,unmatched,unmatched,reject_not_exact_synonym,EXACT,ACCEPTED,99,5414966,
Collinsia tinctoria,Plantaginaceae,sc,,unmatched,unmatched,reject_not_exact_synonym,EXACT,ACCEPTED,97,5414964,
Collinsia verna,Plantaginaceae,sc,,unmatched,unmatched,reject_not_exact_synonym,EXACT,ACCEPTED,99,5414956,
Collinsia violacea,Plantaginaceae,sc,,unmatched,unmatched,reject_not_exact_synonym,EXACT,ACCEPTED,99,5414957,
Collinsia wrightii,Plantaginaceae,sc,,unmatched,unmatched,reject_not_exact_synonym,EXACT,ACCEPTED,99,5560740,
Comparettia coccinea,Orchidaceae,sc,,unmatched,unmatched,reject_not_exact_synonym,EXACT,ACCEPTED,99,2796011,
Conospermum undulatum,Proteaceae,si,,unmatched,unmatched,reject_not_exact_synonym,EXACT,ACCEPTED,99,3994521,
Conradina glabra,Lamiaceae,sc,,unmatched,unmatched,reject_not_exact_synonym,EXACT,ACCEPTED,99,2927105,
Copaifera pubiflora,Fabaceae,si,,unmatched,unmatched,reject_not_exact_synonym,EXACT,ACCEPTED,99,2978123,
Coptis teeta,Ranunculaceae,sc,,unmatched,unmatched,reject_not_exact_synonym,EXACT,ACCEPTED,99,8332947,
Corallorhiza bentleyi,Orchidaceae,sc,,unmatched,unmatched,reject_not_exact_synonym,EXACT,ACCEPTED,99,2797312,
Coreopsis bigelovii,Asteraceae,si,,unmatched,unmatched,reject_not_exact_synonym,EXACT,ACCEPTED,97,8354997,
Coreopsis californica,Asteraceae,si,,unmatched,unmatched,reject_not_exact_synonym,EXACT,ACCEPTED,99,3134033,
Coreopsis calliopsidea,Asteraceae,si,,unmatched,unmatched,reject_not_exact_synonym,EXACT,ACCEPTED,99,3133974,
Coreopsis delphiniifolia,Asteraceae,si,,unmatched,unmatched,reject_not_exact_synonym,EXACT,ACCEPTED,99,3133884,
Coreopsis douglasii,Asteraceae,si,,unmatched,unmatched,reject_not_exact_synonym,EXACT,ACCEPTED,99,3133972,
Coreopsis hamiltonii,Asteraceae,si,,unmatched,unmatched,reject_not_exact_synonym,EXACT,ACCEPTED,99,3133913,
Coreopsis integrifolia,Asteraceae,si,,unmatched,unmatched,reject_not_exact_synonym,EXACT,ACCEPTED,99,3134030,
Coreopsis intermedia,Asteraceae,si,,unmatched,unmatched,reject_not_exact_synonym,EXACT,ACCEPTED,99,3133922,
Coreopsis latifolia,Asteraceae,si,,unmatched,unmatched,reject_not_exact_synonym,EXACT,ACCEPTED,99,3133907,
Coreopsis major,Asteraceae,si,,unmatched,unmatched,reject_not_exact_synonym,EXACT,ACCEPTED,99,3133888,
Coreopsis maritima,Asteraceae,si,,unmatched,unmatched,reject_not_exact_synonym,EXACT,ACCEPTED,99,3133980,
Coreopsis nuecensis,Asteraceae,si,,unmatched,unmatched,reject_not_exact_synonym,EXACT,ACCEPTED,99,3133925,
Coreopsis paludosa,Asteraceae,si,,unmatched,unmatched,reject_not_exact_synonym,EXACT,ACCEPTED,99,3134019,
Coreopsis pulchra,Asteraceae,si,,unmatched,unmatched,reject_not_exact_synonym,EXACT,ACCEPTED,99,3134032,
Coreopsis stillmanii,Asteraceae,si,,unmatched,unmatched,reject_not_exact_synonym,EXACT,ACCEPTED,99,3133933,
Coryphantha elephantidens,Cactaceae,si,,unmatched,unmatched,reject_not_exact_synonym,EXACT,ACCEPTED,99,7283719,
Crambe tatarica,Brassicaceae,si,,unmatched,unmatched,reject_not_exact_synonym,EXACT,ACCEPTED,97,8298726,
Cratylia mollis,Fabaceae,sc,,unmatched,unmatched,reject_not_exact_synonym,EXACT,ACCEPTED,97,2977471,
Croton dichrous,Euphorbiaceae,si,,unmatched,unmatched,reject_not_exact_synonym,EXACT,ACCEPTED,99,3059431,
Crucihimalaya himalaica,Brassicaceae,sc,,unmatched,unmatched,reject_not_exact_synonym,EXACT,ACCEPTED,99,3041702,
Crucihimalaya wallichii,Brassicaceae,sc,,unmatched,unmatched,reject_not_exact_synonym,EXACT,ACCEPTED,99,3041689,
Cryptanthus burle-marxii,Bromeliaceae,si,,unmatched,unmatched,reject_accepted_species_absent_from_master,EXACT,SYNONYM,98,5287733,10950218
Cuatresia cuneata,Solanaceae,si,,unmatched,unmatched,reject_not_exact_synonym,EXACT,ACCEPTED,99,7716435,
Cuatresia exiguiflora,Solanaceae,si,,unmatched,unmatched,reject_not_exact_synonym,EXACT,ACCEPTED,99,3800202,
Cuatresia riparia,Solanaceae,si,,unmatched,unmatched,reject_not_exact_synonym,EXACT,ACCEPTED,99,7299700,
Cullen australasicum,Fabaceae,sc,,unmatched,unmatched,reject_not_exact_synonym,EXACT,ACCEPTED,97,3966642,
Cunila galioides,Lamiaceae,si,,unmatched,unmatched,reject_not_exact_synonym,EXACT,ACCEPTED,99,7309543,
Cuphea laminuligera,Lythraceae,sc,,unmatched,unmatched,reject_not_exact_synonym,EXACT,ACCEPTED,99,3989120,
Cuphea lutea,Lythraceae,sc,,unmatched,unmatched,reject_not_exact_synonym,EXACT,ACCEPTED,98,7754868,
Cymbopogon gratus,Poaceae,sc,,unmatched,unmatched,reject_not_exact_synonym,EXACT,ACCEPTED,99,4138979,
Cypella pusilla,Iridaceae,sc,,unmatched,unmatched,reject_not_exact_synonym,EXACT,ACCEPTED,98,2745875,
Cypripedium lichiangense,Orchidaceae,sc,,unmatched,unmatched,reject_not_exact_synonym,EXACT,ACCEPTED,99,2820360,
Cypripedium subtropicum,Orchidaceae,sc,,unmatched,unmatched,reject_not_exact_synonym,EXACT,ACCEPTED,99,2820334,
Cyrtanthus contractus,Amaryllidaceae,si,,unmatched,unmatched,reject_not_exact_synonym,EXACT,ACCEPTED,99,5326042,
Cyrtanthus ventricosus,Amaryllidaceae,si,,unmatched,unmatched,reject_not_exact_synonym,EXACT,ACCEPTED,99,5326034,
Cyrtochilum cimiciferum,Orchidaceae,si,,unmatched,unmatched,reject_not_exact_synonym,EXACT,ACCEPTED,99,2832751,
Cyrtopodium hatschbachii,Orchidaceae,sc,,unmatched,unmatched,reject_not_exact_synonym,EXACT,ACCEPTED,99,5319581,
Dalbergia cochinchinensis,Fabaceae,si,,unmatched,unmatched,reject_not_exact_synonym,EXACT,ACCEPTED,97,2968506,
Dalea ornata,Fabaceae,sc,,unmatched,unmatched,reject_not_exact_synonym,EXACT,ACCEPTED,99,5353148,
Dalea purpurea,Fabaceae,sc,,unmatched,unmatched,reject_not_exact_synonym,EXACT,ACCEPTED,99,5353342,
Dalea searlsiae,Fabaceae,sc,,unmatched,unmatched,reject_not_exact_synonym,EXACT,ACCEPTED,99,5353336,
Daviesia mimosoides,Fabaceae,si,,unmatched,unmatched,reject_not_exact_synonym,EXACT,ACCEPTED,99,2955963,
Daviesia nudiflora,Fabaceae,si,,unmatched,unmatched,reject_not_exact_synonym,EXACT,ACCEPTED,99,2955947,
Daviesia pectinata,Fabaceae,si,,unmatched,unmatched,reject_not_exact_synonym,EXACT,ACCEPTED,99,2955982,
Daviesia suaveolens,Fabaceae,si,,unmatched,unmatched,reject_not_exact_synonym,EXACT,ACCEPTED,99,3908718,
Deianira nervosa,Gentianaceae,sc,,unmatched,unmatched,reject_not_exact_synonym,EXACT,ACCEPTED,99,7270590,
Deinandra arida,Asteraceae,sc,,unmatched,unmatched,reject_not_exact_synonym,EXACT,ACCEPTED,99,3106629,
Deinandra minthornii,Asteraceae,si,,unmatched,unmatched,reject_not_exact_synonym,EXACT,ACCEPTED,99,3106622,
Deinandra mohavensis,Asteraceae,sc,,unmatched,unmatched,reject_not_exact_synonym,EXACT,ACCEPTED,99,3106632,
Delphinium barbeyi,Ranunculaceae,sc,,unmatched,unmatched,reject_not_exact_synonym,EXACT,ACCEPTED,99,3033713,
Dendrocalamus sinicus,Poaceae,sc,,unmatched,unmatched,reject_not_exact_synonym,EXACT,ACCEPTED,99,4145186,
Derris ovalifolia,Fabaceae,sc,,unmatched,unmatched,reject_not_exact_synonym,EXACT,ACCEPTED,99,5350243,
Desmanthus paspalaceus,Fabaceae,sc,,unmatched,unmatched,reject_not_exact_synonym,EXACT,ACCEPTED,99,5360105,
Desmanthus tatuhyensis,Fabaceae,sc,,unmatched,unmatched,reject_not_exact_synonym,EXACT,ACCEPTED,99,5360075,
Desmodium albiflorum,Fabaceae,sc,,unmatched,unmatched,reject_non_exact_match,HIGHERRANK,ACCEPTED,97,5386,
Desmodium batocaulon,Fabaceae,sc,,unmatched,unmatched,reject_not_exact_synonym,EXACT,ACCEPTED,99,2967346,
Desmodium cinereum,Fabaceae,sc,,unmatched,unmatched,reject_not_exact_synonym,EXACT,ACCEPTED,97,2967931,
Desmodium cuneatum,Fabaceae,sc,,unmatched,unmatched,reject_not_exact_synonym,EXACT,ACCEPTED,99,2967465,
Desmodium grahamii,Fabaceae,sc,,unmatched,unmatched,reject_not_exact_synonym,EXACT,ACCEPTED,99,2967209,
Desmodium infractum,Fabaceae,sc,,unmatched,unmatched,reject_not_exact_synonym,EXACT,ACCEPTED,99,2967449,
Desmodium macrodesmum,Fabaceae,sc,,unmatched,unmatched,reject_not_exact_synonym,EXACT,ACCEPTED,99,2967316,
Desmodium molliculum,Fabaceae,sc,,unmatched,unmatched,reject_not_exact_synonym,EXACT,ACCEPTED,99,2967640,
Desmodium prehensile,Fabaceae,sc,,unmatched,unmatched,reject_not_exact_synonym,EXACT,ACCEPTED,99,2967076,
Desmodium psilophyllum,Fabaceae,sc,,unmatched,unmatched,reject_not_exact_synonym,EXACT,ACCEPTED,99,2967464,
Dianthus pavonius,Caryophyllaceae,sc,,unmatched,unmatched,reject_not_exact_synonym,EXACT,ACCEPTED,99,3809829,
Dichanthium queenslandicum,Poaceae,sc,,unmatched,unmatched,reject_not_exact_synonym,EXACT,ACCEPTED,99,4120492,
Dicorynia guianensis,Fabaceae,sc,,unmatched,unmatched,reject_not_exact_synonym,EXACT,ACCEPTED,99,2944663,
Dicymbe fraterna,Fabaceae,si,,unmatched,unmatched,reject_not_exact_synonym,EXACT,ACCEPTED,99,2965713,
Dillwynia tenuifolia,Fabaceae,sc,,unmatched,unmatched,reject_not_exact_synonym,EXACT,ACCEPTED,97,5348679,
Dimorphandra mollis,Fabaceae,si,,unmatched,unmatched,reject_not_exact_synonym,EXACT,ACCEPTED,99,2974269,
Dimorphotheca polyptera,Asteraceae,si,,unmatched,unmatched,reject_accepted_species_absent_from_master,EXACT,SYNONYM,98,5402348,12260642
Diplotaxis assurgens,Brassicaceae,si,,unmatched,unmatched,reject_not_exact_synonym,EXACT,ACCEPTED,97,5376384,
Diplotaxis berthautii,Brassicaceae,si,,unmatched,unmatched,reject_not_exact_synonym,EXACT,ACCEPTED,99,5376336,
Diplotaxis pitardiana,Brassicaceae,si,,unmatched,unmatched,reject_not_exact_synonym,EXACT,ACCEPTED,99,5376367,
Diplotaxis siettiana,Brassicaceae,si,,unmatched,unmatched,reject_not_exact_synonym,EXACT,ACCEPTED,99,5376403,
Dipteryx alata,Fabaceae,sc,,unmatched,unmatched,reject_not_exact_synonym,EXACT,ACCEPTED,99,2947141,
Diptychocarpus strictus,Brassicaceae,sc,,unmatched,unmatched,reject_not_exact_synonym,EXACT,ACCEPTED,99,3052559,
Distemonanthus benthamianus,Fabaceae,si,,unmatched,unmatched,reject_not_exact_synonym,EXACT,ACCEPTED,99,2964857,
Diuris brumalis,Orchidaceae,sc,,unmatched,unmatched,reject_not_exact_synonym,EXACT,ACCEPTED,99,5321790,
Dolichandra cynanchoides,Bignoniaceae,si,,unmatched,unmatched,reject_not_exact_synonym,EXACT,ACCEPTED,99,7298320,
Draba cacuminum,Brassicaceae,sc,,unmatched,unmatched,reject_not_exact_synonym,EXACT,ACCEPTED,99,3050152,
Draba minima,Brassicaceae,sc,,unmatched,unmatched,reject_not_exact_synonym,EXACT,ACCEPTED,99,3049876,
Draba muralis,Brassicaceae,sc,,unmatched,unmatched,reject_non_exact_match,HIGHERRANK,ACCEPTED,97,3112,
Draba pusilla,Brassicaceae,sc,,unmatched,unmatched,reject_not_exact_synonym,EXACT,ACCEPTED,99,3050089,
Drosera cistiflora,Droseraceae,sc,,unmatched,unmatched,reject_not_exact_synonym,EXACT,ACCEPTED,98,3190778,
Dunalia brachyacantha,Solanaceae,si,,unmatched,unmatched,reject_not_exact_synonym,EXACT,ACCEPTED,99,5580863,
Dyckia brevifolia,Bromeliaceae,sc,,unmatched,unmatched,reject_not_exact_synonym,EXACT,ACCEPTED,99,2699725,
Dysoxylum malabaricum,Meliaceae,si,,unmatched,unmatched,reject_not_exact_synonym,EXACT,ACCEPTED,97,3852884,
Dyssodia papposa,Asteraceae,sc,,unmatched,unmatched,reject_not_exact_synonym,EXACT,ACCEPTED,97,5405417,
Echeveria strictiflora,Crassulaceae,sc,,unmatched,unmatched,reject_not_exact_synonym,EXACT,ACCEPTED,99,2985818,
Echeveria subalpina,Crassulaceae,sc,,unmatched,unmatched,reject_not_exact_synonym,EXACT,ACCEPTED,99,4198083,
Echinacea atrorubens,Asteraceae,si,,unmatched,unmatched,reject_not_exact_synonym,EXACT,ACCEPTED,99,3150915,
Echinacea laevigata,Asteraceae,si,,unmatched,unmatched,reject_not_exact_synonym,EXACT,ACCEPTED,99,3150927,
Echinacea paradoxa,Asteraceae,si,,unmatched,unmatched,reject_not_exact_synonym,EXACT,ACCEPTED,99,3150925,
Echinacea sanguinea,Asteraceae,si,,unmatched,unmatched,reject_not_exact_synonym,EXACT,ACCEPTED,99,3150918,
Echinacea simulata,Asteraceae,si,,unmatched,unmatched,reject_not_exact_synonym,EXACT,ACCEPTED,97,9923519,
Echinacea tennesseensis,Asteraceae,si,,unmatched,unmatched,reject_not_exact_synonym,EXACT,ACCEPTED,99,3150929,
Echinochloa turneriana,Poaceae,sc,,unmatched,unmatched,reject_not_exact_synonym,EXACT,ACCEPTED,98,2702795,
Ectrosia gulliveri,Poaceae,sc,,unmatched,unmatched,reject_accepted_species_absent_from_master,EXACT,SYNONYM,98,4117381,12206521
Ectrosia nervilemma,Poaceae,sc,,unmatched,unmatched,reject_accepted_species_absent_from_master,EXACT,SYNONYM,98,4117293,12232403
Ectrosia scabrida,Poaceae,sc,,unmatched,unmatched,reject_accepted_species_absent_from_master,EXACT,SYNONYM,98,4117274,12178979
Elliottia racemosa,Ericaceae,si,,unmatched,unmatched,reject_not_exact_synonym,EXACT,ACCEPTED,97,2882687,
Emilia discifolia,Asteraceae,si,,unmatched,unmatched,reject_not_exact_synonym,EXACT,ACCEPTED,99,5401491,
Encelia actoni,Asteraceae,si,,unmatched,unmatched,reject_not_exact_synonym,EXACT,ACCEPTED,99,4223791,
Encelia canescens,Asteraceae,sc,,unmatched,unmatched,reject_not_exact_synonym,EXACT,ACCEPTED,98,8035320,
Encelia densifolia,Asteraceae,si,,unmatched,unmatched,reject_not_exact_synonym,EXACT,ACCEPTED,97,3118768,
Encelia frutescens,Asteraceae,si,,unmatched,unmatched,reject_not_exact_synonym,EXACT,ACCEPTED,99,3118762,
Encelia nutans,Asteraceae,si,,unmatched,unmatched,reject_not_exact_synonym,EXACT,ACCEPTED,99,3118748,
Encelia resinifera,Asteraceae,si,,unmatched,unmatched,reject_not_exact_synonym,EXACT,ACCEPTED,99,3118758,
Enceliopsis argophylla,Asteraceae,si,,unmatched,unmatched,reject_not_exact_synonym,EXACT,ACCEPTED,99,3132446,
Enceliopsis covillei,Asteraceae,si,,unmatched,unmatched,reject_not_exact_synonym,EXACT,ACCEPTED,99,3132449,
Enceliopsis nudicaulis,Asteraceae,si,,unmatched,unmatched,reject_not_exact_synonym,EXACT,ACCEPTED,99,3132443,
Encholirium biflorum,Bromeliaceae,si,,unmatched,unmatched,reject_not_exact_synonym,EXACT,ACCEPTED,99,2696619,
Encholirium horridum,Bromeliaceae,si,,unmatched,unmatched,reject_not_exact_synonym,EXACT,ACCEPTED,99,2696590,
Encholirium pedicellatum,Bromeliaceae,si,,unmatched,unmatched,reject_not_exact_synonym,EXACT,ACCEPTED,99,2696617,
Encholirium subsecundum,Bromeliaceae,si,,unmatched,unmatched,reject_not_exact_synonym,EXACT,ACCEPTED,99,2696594,
Enneapogon asperatus,Poaceae,sc,,unmatched,unmatched,reject_not_exact_synonym,EXACT,ACCEPTED,99,4152683,
Enneapogon avenaceus,Poaceae,sc,,unmatched,unmatched,reject_not_exact_synonym,EXACT,ACCEPTED,99,4152667,
Enneapogon cylindricus,Poaceae,sc,,unmatched,unmatched,reject_not_exact_synonym,EXACT,ACCEPTED,99,4152563,
Enneapogon eremophilus,Poaceae,sc,,unmatched,unmatched,reject_not_exact_synonym,EXACT,ACCEPTED,99,4152511,
Entandrophragma cylindricum,Meliaceae,sc,,unmatched,unmatched,reject_not_exact_synonym,EXACT,ACCEPTED,97,3850935,
Enteropogon minutus,Poaceae,sc,,unmatched,unmatched,reject_not_exact_synonym,EXACT,ACCEPTED,99,5679680,
Epilobium campestre,Onagraceae,sc,,unmatched,unmatched,reject_not_exact_synonym,EXACT,ACCEPTED,99,3667152,
Epilobium cleistogamum,Onagraceae,sc,,unmatched,unmatched,reject_not_exact_synonym,EXACT,ACCEPTED,99,3189130,
Epilobium cylindricum,Onagraceae,sc,,unmatched,unmatched,reject_not_exact_synonym,EXACT,ACCEPTED,99,3666561,
Epilobium foliosum,Onagraceae,sc,,unmatched,unmatched,reject_non_exact_match,HIGHERRANK,ACCEPTED,97,3189067,
Epilobium nevadense,Onagraceae,sc,,unmatched,unmatched,reject_not_exact_synonym,EXACT,ACCEPTED,99,3189178,
Epilobium nummulariifolium,Onagraceae,sc,,unmatched,unmatched,reject_non_exact_match,FUZZY,ACCEPTED,95,3663811,
Epilobium obcordatum,Onagraceae,si,,unmatched,unmatched,reject_not_exact_synonym,EXACT,ACCEPTED,99,3189125,
Epilobium pallidum,Onagraceae,sc,,unmatched,unmatched,reject_not_exact_synonym,EXACT,ACCEPTED,97,3189136,
Epilobium rigidum,Onagraceae,sc,,unmatched,unmatched,reject_not_exact_synonym,EXACT,ACCEPTED,98,3189133,
Epilobium septentrionale,Onagraceae,sc,,unmatched,unmatched,reject_not_exact_synonym,EXACT,ACCEPTED,99,3189165,
Epilobium subdentatum,Onagraceae,sc,,unmatched,unmatched,reject_not_exact_synonym,EXACT,ACCEPTED,99,3666245,
Epilobium suffruticosum,Onagraceae,sc,,unmatched,unmatched,reject_not_exact_synonym,EXACT,ACCEPTED,97,7975754,
Epimedium pubescens,Berberidaceae,si,,unmatched,unmatched,reject_not_exact_synonym,EXACT,ACCEPTED,99,3982020,
Epipactis albensis,Orchidaceae,sc,,unmatched,unmatched,reject_not_exact_synonym,EXACT,ACCEPTED,99,5318941,
Epipactis bugacensis,Orchidaceae,sc,,unmatched,unmatched,reject_not_exact_synonym,EXACT,ACCEPTED,99,5318875,
Epipactis greuteri,Orchidaceae,sc,,unmatched,unmatched,reject_not_exact_synonym,EXACT,ACCEPTED,99,5319046,
Epipactis kleinii,Orchidaceae,si,,unmatched,unmatched,reject_not_exact_synonym,EXACT,ACCEPTED,99,5318903,
Epipactis pontica,Orchidaceae,sc,,unmatched,unmatched,reject_not_exact_synonym,EXACT,ACCEPTED,99,5318891,
Eragrostis alveiformis,Poaceae,sc,,unmatched,unmatched,reject_not_exact_synonym,EXACT,ACCEPTED,99,4150636,
Eragrostis basedowii,Poaceae,sc,,unmatched,unmatched,reject_not_exact_synonym,EXACT,ACCEPTED,99,4149760,
Eragrostis hirticaulis,Poaceae,sc,,unmatched,unmatched,reject_not_exact_synonym,EXACT,ACCEPTED,99,4146342,
Eragrostis lacunaria,Poaceae,sc,,unmatched,unmatched,reject_not_exact_synonym,EXACT,ACCEPTED,98,4145671,
Eragrostis longipedicellata,Poaceae,sc,,unmatched,unmatched,reject_not_exact_synonym,EXACT,ACCEPTED,99,4145088,
Eragrostis microcarpa,Poaceae,sc,,unmatched,unmatched,reject_not_exact_synonym,EXACT,ACCEPTED,99,4144398,
Eragrostis subtilis,Poaceae,sc,,unmatched,unmatched,reject_not_exact_synonym,EXACT,ACCEPTED,99,4140435,
Eragrostis triquetra,Poaceae,sc,,unmatched,unmatched,reject_not_exact_synonym,EXACT,ACCEPTED,99,4122578,
Eremosparton songoricum,Fabaceae,sc,,unmatched,unmatched,reject_not_exact_synonym,EXACT,ACCEPTED,99,2964864,
Eremothera boothii,Onagraceae,si,,unmatched,unmatched,reject_not_exact_synonym,EXACT,ACCEPTED,99,7161443,
Eremothera minor,Onagraceae,sc,,unmatched,unmatched,reject_not_exact_synonym,EXACT,ACCEPTED,99,5545084,
Eremothera nevadensis,Onagraceae,si,,unmatched,unmatched,reject_not_exact_synonym,EXACT,ACCEPTED,99,5545083,
Eremothera refracta,Onagraceae,si,,unmatched,unmatched,reject_not_exact_synonym,EXACT,ACCEPTED,99,5545081,
Eremurus altaicus,Asphodelaceae,sc,,unmatched,unmatched,reject_not_exact_synonym,EXACT,ACCEPTED,99,2778783,
Eriachne axillaris,Poaceae,sc,,unmatched,unmatched,reject_not_exact_synonym,EXACT,ACCEPTED,99,5677761,
Eriachne basalis,Poaceae,sc,,unmatched,unmatched,reject_not_exact_synonym,EXACT,ACCEPTED,99,5677758,
Erica aristata,Ericaceae,si,,unmatched,unmatched,reject_not_exact_synonym,EXACT,ACCEPTED,99,5682925,
Erica brachialis,Ericaceae,si,,unmatched,unmatched,reject_not_exact_synonym,EXACT,ACCEPTED,99,5682624,
Erica corifolia,Ericaceae,si,,unmatched,unmatched,reject_not_exact_synonym,EXACT,ACCEPTED,97,5682142,
Erica hirtiflora,Ericaceae,si,,unmatched,unmatched,reject_not_exact_synonym,EXACT,ACCEPTED,99,5684769,
Erica imbricata,Ericaceae,si,,unmatched,unmatched,reject_not_exact_synonym,EXACT,ACCEPTED,99,5684687,
Erica nevillei,Ericaceae,si,,unmatched,unmatched,reject_not_exact_synonym,EXACT,ACCEPTED,99,5683897,
Erica plukenetii,Ericaceae,si,,unmatched,unmatched,reject_not_exact_synonym,EXACT,ACCEPTED,97,7657369,
Erica pulchella,Ericaceae,si,,unmatched,unmatched,reject_not_exact_synonym,EXACT,ACCEPTED,97,5683288,
Erica urna-viridis,Ericaceae,si,,unmatched,unmatched,reject_not_exact_synonym,EXACT,ACCEPTED,99,5682121,
Erigeron glabellus,Asteraceae,si,,unmatched,unmatched,reject_not_exact_synonym,EXACT,ACCEPTED,99,3147000,
Erigeron kachinensis,Asteraceae,si,,unmatched,unmatched,reject_not_exact_synonym,EXACT,ACCEPTED,99,3147057,
Erigeron lemmonii,Asteraceae,si,,unmatched,unmatched,reject_not_exact_synonym,EXACT,ACCEPTED,99,3147196,
Eriolarynx lorentzii,Solanaceae,si,,unmatched,unmatched,reject_not_exact_synonym,EXACT,ACCEPTED,99,3797279,
Eriophyllum ambiguum,Asteraceae,si,,unmatched,unmatched,reject_not_exact_synonym,EXACT,ACCEPTED,99,3130449,
Eriophyllum congdonii,Asteraceae,sc,,unmatched,unmatched,reject_not_exact_synonym,EXACT,ACCEPTED,99,3130479,
Eriophyllum multicaule,Asteraceae,si,,unmatched,unmatched,reject_not_exact_synonym,EXACT,ACCEPTED,99,3130482,
Eriophyllum nubigenum,Asteraceae,sc,,unmatched,unmatched,reject_not_exact_synonym,EXACT,ACCEPTED,98,3130447,
Eriophyllum pringlei,Asteraceae,si,,unmatched,unmatched,reject_not_exact_synonym,EXACT,ACCEPTED,99,3130466,
Eriophyllum wallacei,Asteraceae,si,,unmatched,unmatched,reject_not_exact_synonym,EXACT,ACCEPTED,99,3130455,
Eriosema benthamianum,Fabaceae,sc,,unmatched,unmatched,reject_not_exact_synonym,EXACT,ACCEPTED,97,5349169,
Eriosema diffusum,Fabaceae,sc,,unmatched,unmatched,reject_not_exact_synonym,EXACT,ACCEPTED,99,5349118,
Eriosema irwinii,Fabaceae,sc,,unmatched,unmatched,reject_not_exact_synonym,EXACT,ACCEPTED,99,5348906,
Eriosyce chilensis,Cactaceae,si,,unmatched,unmatched,reject_not_exact_synonym,EXACT,ACCEPTED,99,7280315,
Eriosyce subgibbosa,Cactaceae,sc,,unmatched,unmatched,reject_not_exact_synonym,EXACT,ACCEPTED,99,7280108,
Erucaria pinnata,Brassicaceae,sc,,unmatched,unmatched,reject_not_exact_synonym,EXACT,ACCEPTED,97,5377675,
Erucaria rostrata,Brassicaceae,si,,unmatched,unmatched,reject_not_exact_synonym,EXACT,ACCEPTED,97,5377695,
Erucastrum abyssinicum,Brassicaceae,sc,,unmatched,unmatched,reject_not_exact_synonym,EXACT,ACCEPTED,97,5375552,
Erucastrum leucanthum,Brassicaceae,si,,unmatched,unmatched,reject_not_exact_synonym,EXACT,ACCEPTED,99,5375528,
Erycina glossomystax,Orchidaceae,sc,,unmatched,unmatched,reject_not_exact_synonym,EXACT,ACCEPTED,99,5325442,
Erysimum baeticum,Brassicaceae,sc,,unmatched,unmatched,reject_not_exact_synonym,EXACT,ACCEPTED,99,3048479,
Erysimum concinnum,Brassicaceae,si,,unmatched,unmatched,reject_not_exact_synonym,EXACT,ACCEPTED,99,3048101,
Erysimum incanum,Brassicaceae,sc,,unmatched,unmatched,reject_not_exact_synonym,EXACT,ACCEPTED,97,3048385,
Erysimum menziesii,Brassicaceae,sc,,unmatched,unmatched,reject_not_exact_synonym,EXACT,ACCEPTED,99,3048483,
Erysimum occidentale,Brassicaceae,si,,unmatched,unmatched,reject_not_exact_synonym,EXACT,ACCEPTED,99,3048375,
Erysimum popovii,Brassicaceae,sc,,unmatched,unmatched,reject_not_exact_synonym,EXACT,ACCEPTED,97,3048630,
Erysimum teretifolium,Brassicaceae,si,,unmatched,unmatched,reject_not_exact_synonym,EXACT,ACCEPTED,99,3048368,
Erythrina chiapasana,Fabaceae,sc,,unmatched,unmatched,reject_not_exact_synonym,EXACT,ACCEPTED,99,5349664,
Erythrina leptorhiza,Fabaceae,sc,,unmatched,unmatched,reject_not_exact_synonym,EXACT,ACCEPTED,97,5349653,
Erythrina mitis,Fabaceae,si,,unmatched,unmatched,reject_not_exact_synonym,EXACT,ACCEPTED,99,5349739,
Erythrina suberosa,Fabaceae,sc,,unmatched,unmatched,reject_not_exact_synonym,EXACT,ACCEPTED,97,5349546,
Espeletia batata,Asteraceae,si,,unmatched,unmatched,reject_not_exact_synonym,EXACT,ACCEPTED,99,3105111,
Espeletia grandiflora,Asteraceae,si,,unmatched,unmatched,reject_not_exact_synonym,EXACT,ACCEPTED,98,3105059,
Espeletia lindenii,Asteraceae,si,,unmatched,unmatched,reject_not_exact_synonym,EXACT,ACCEPTED,97,3122346,
Espeletia schultzii,Asteraceae,si,,unmatched,unmatched,reject_not_exact_synonym,EXACT,ACCEPTED,99,3105097,
Espeletia semiglobulata,Asteraceae,si,,unmatched,unmatched,reject_not_exact_synonym,EXACT,ACCEPTED,99,3105091,
Espeletiopsis angustifolia,Asteraceae,si,,unmatched,unmatched,reject_accepted_species_absent_from_master,EXACT,SYNONYM,98,3139322,3139323
Esterhazya eitenorum,Orobanchaceae,sc,,unmatched,unmatched,reject_not_exact_synonym,EXACT,ACCEPTED,99,3740935,
Eucalyptus argutifolia,Myrtaceae,sc,,unmatched,unmatched,reject_not_exact_synonym,EXACT,ACCEPTED,99,3176938,
Eucalyptus rameliana,Myrtaceae,sc,,unmatched,unmatched,reject_not_exact_synonym,EXACT,ACCEPTED,97,3176617,
Eucomis regia,Asparagaceae,si,,unmatched,unmatched,reject_not_exact_synonym,EXACT,ACCEPTED,97,9628706,
Eupatorium purpureum,Asteraceae,si,,unmatched,unmatched,reject_not_exact_synonym,EXACT,ACCEPTED,97,8311325,
Eurybia furcata,Asteraceae,si,,unmatched,unmatched,reject_not_exact_synonym,EXACT,ACCEPTED,99,5396123,
Eutrema halophilum,Brassicaceae,sc,,unmatched,unmatched,reject_not_exact_synonym,EXACT,ACCEPTED,99,5375242,
Exochaenium oliganthum,Gentianaceae,sc,,unmatched,unmatched,reject_not_exact_synonym,EXACT,ACCEPTED,99,7362736,
Festuca pratensis,Poaceae,si,,unmatched,unmatched,reject_non_exact_match,HIGHERRANK,ACCEPTED,97,3073,
Flaveria anomala,Asteraceae,si,,unmatched,unmatched,reject_not_exact_synonym,EXACT,ACCEPTED,99,3086831,
Flaveria campestris,Asteraceae,sc,,unmatched,unmatched,reject_not_exact_synonym,EXACT,ACCEPTED,98,3086833,
Flaveria chlorifolia,Asteraceae,si,,unmatched,unmatched,reject_not_exact_synonym,EXACT,ACCEPTED,99,3086859,
Flaveria cronquistii,Asteraceae,si,,unmatched,unmatched,reject_not_exact_synonym,EXACT,ACCEPTED,99,3086855,
Flaveria mcdougallii,Asteraceae,si,,unmatched,unmatched,reject_not_exact_synonym,EXACT,ACCEPTED,99,3086860,
Flaveria oppositifolia,Asteraceae,si,,unmatched,unmatched,reject_not_exact_synonym,EXACT,ACCEPTED,99,3086874,
Flaveria palmeri,Asteraceae,si,,unmatched,unmatched,reject_not_exact_synonym,EXACT,ACCEPTED,99,3086830,
Flaveria pringlei,Asteraceae,si,,unmatched,unmatched,reject_not_exact_synonym,EXACT,ACCEPTED,99,3086832,
Flaveria pubescens,Asteraceae,si,,unmatched,unmatched,reject_not_exact_synonym,EXACT,ACCEPTED,99,3086858,
Flaveria ramosissima,Asteraceae,si,,unmatched,unmatched,reject_not_exact_synonym,EXACT,ACCEPTED,99,3086853,
Flaveria robusta,Asteraceae,si,,unmatched,unmatched,reject_not_exact_synonym,EXACT,ACCEPTED,99,3086844,
Flaveria sonorensis,Asteraceae,si,,unmatched,unmatched,reject_not_exact_synonym,EXACT,ACCEPTED,99,3086857,
Flaveria vaginata,Asteraceae,si,,unmatched,unmatched,reject_not_exact_synonym,EXACT,ACCEPTED,99,3086871,
Fleischmannia purpusii,Asteraceae,si,,unmatched,unmatched,reject_not_exact_synonym,EXACT,ACCEPTED,99,5399602,
Fontainea picrosperma,Euphorbiaceae,si,,unmatched,unmatched,reject_not_exact_synonym,EXACT,ACCEPTED,99,5377887,
Fuchsia andrei,Onagraceae,sc,,unmatched,unmatched,reject_not_exact_synonym,EXACT,ACCEPTED,99,6029068,
Fuchsia bracelinae,Onagraceae,sc,,unmatched,unmatched,reject_not_exact_synonym,EXACT,ACCEPTED,99,6029025,
Fuchsia brevilobis,Onagraceae,sc,,unmatched,unmatched,reject_not_exact_synonym,EXACT,ACCEPTED,99,6029024,
Fuchsia decussata,Onagraceae,sc,,unmatched,unmatched,reject_not_exact_synonym,EXACT,ACCEPTED,97,6028959,
Fuchsia hartwegii,Onagraceae,sc,,unmatched,unmatched,reject_not_exact_synonym,EXACT,ACCEPTED,99,6028903,
Fuchsia inflata,Onagraceae,sc,,unmatched,unmatched,reject_not_exact_synonym,EXACT,ACCEPTED,99,6028886,
Fuchsia insignis,Onagraceae,sc,,unmatched,unmatched,reject_not_exact_synonym,EXACT,ACCEPTED,97,6028883,
Fuchsia jimenezii,Onagraceae,sc,,unmatched,unmatched,reject_not_exact_synonym,EXACT,ACCEPTED,99,6028871,
Fuchsia lycioides,Onagraceae,sc,,unmatched,unmatched,reject_not_exact_synonym,EXACT,ACCEPTED,99,6028843,
Fuchsia macrostigma,Onagraceae,sc,,unmatched,unmatched,reject_not_exact_synonym,EXACT,ACCEPTED,99,7322218,
Fuchsia magdalenae,Onagraceae,sc,,unmatched,unmatched,reject_not_exact_synonym,EXACT,ACCEPTED,99,6028819,
Fuchsia nigricans,Onagraceae,sc,,unmatched,unmatched,reject_not_exact_synonym,EXACT,ACCEPTED,98,6028761,
Fuchsia obconica,Onagraceae,si,,unmatched,unmatched,reject_not_exact_synonym,EXACT,ACCEPTED,99,6028759,
Fuchsia pachyrrhiza,Onagraceae,sc,,unmatched,unmatched,reject_not_exact_synonym,EXACT,ACCEPTED,99,6028745,
Fuchsia parviflora,Onagraceae,si,,unmatched,unmatched,reject_not_exact_synonym,EXACT,ACCEPTED,97,6029369,
Fuchsia pilaloensis,Onagraceae,sc,,unmatched,unmatched,reject_not_exact_synonym,EXACT,ACCEPTED,99,6029356,
Fuchsia vargasiana,Onagraceae,sc,,unmatched,unmatched,reject_not_exact_synonym,EXACT,ACCEPTED,97,6029239,
Fuchsia verrucosa,Onagraceae,sc,,unmatched,unmatched,reject_not_exact_synonym,EXACT,ACCEPTED,97,7322746,
Galactia texana,Fabaceae,sc,,unmatched,unmatched,reject_not_exact_synonym,EXACT,ACCEPTED,99,2984205,
Gaultheria serrata,Ericaceae,sc,,unmatched,unmatched,reject_not_exact_synonym,EXACT,ACCEPTED,97,8190809,
Gaylussacia amoena,Ericaceae,si,,unmatched,unmatched,reject_not_exact_synonym,EXACT,ACCEPTED,97,7614336,
Gayophytum eriospermum,Onagraceae,sc,,unmatched,unmatched,reject_not_exact_synonym,EXACT,ACCEPTED,99,3189066,
Gayophytum heterozygum,Onagraceae,sc,,unmatched,unmatched,reject_not_exact_synonym,EXACT,ACCEPTED,99,3189060,
Gayophytum humile,Onagraceae,sc,,unmatched,unmatched,reject_not_exact_synonym,EXACT,ACCEPTED,99,3189052,
Gazania lichtensteinii,Asteraceae,si,,unmatched,unmatched,reject_not_exact_synonym,EXACT,ACCEPTED,99,3112467,
Gazania tenuifolia,Asteraceae,sc,,unmatched,unmatched,reject_not_exact_synonym,EXACT,ACCEPTED,99,3112504,
Gelasine coerulea,Iridaceae,si,,unmatched,unmatched,reject_not_exact_synonym,EXACT,ACCEPTED,99,2746631,
Genlisea violacea,Lentibulariaceae,sc,,unmatched,unmatched,reject_not_exact_synonym,EXACT,ACCEPTED,99,4088196,
Gentianopsis grandis,Gentianaceae,sc,,unmatched,unmatched,reject_not_exact_synonym,EXACT,ACCEPTED,99,3844962,
Gentianopsis paludosa,Gentianaceae,sc,,unmatched,unmatched,reject_not_exact_synonym,EXACT,ACCEPTED,99,7270601,
Geraea canescens,Asteraceae,si,,unmatched,unmatched,reject_not_exact_synonym,EXACT,ACCEPTED,99,3091936,
Geraea viscida,Asteraceae,si,,unmatched,unmatched,reject_not_exact_synonym,EXACT,ACCEPTED,99,3091934,
Geranium brasiliense,Geraniaceae,si,,unmatched,unmatched,reject_not_exact_synonym,EXACT,ACCEPTED,99,2891276,
Geum reptans,Rosaceae,si,,unmatched,unmatched,reject_not_exact_synonym,EXACT,ACCEPTED,98,5369670,
Gladiolus gueinzii,Iridaceae,sc,,unmatched,unmatched,reject_not_exact_synonym,EXACT,ACCEPTED,99,2750060,
Glycine albicans,Fabaceae,sc,,unmatched,unmatched,reject_not_exact_synonym,EXACT,ACCEPTED,99,5612365,
Glycine argyrea,Fabaceae,sc,,unmatched,unmatched,reject_not_exact_synonym,EXACT,ACCEPTED,99,5359659,
Glycine falcata,Fabaceae,sc,,unmatched,unmatched,reject_not_exact_synonym,EXACT,ACCEPTED,99,5359654,
Gomesa bifolia,Orchidaceae,si,,unmatched,unmatched,reject_not_exact_synonym,EXACT,ACCEPTED,99,5951177,
Gomesa longicornu,Orchidaceae,si,,unmatched,unmatched,reject_accepted_species_absent_from_master,EXACT,SYNONYM,98,5951155,10944060
Gomesa ranifera,Orchidaceae,si,,unmatched,unmatched,reject_not_exact_synonym,EXACT,ACCEPTED,99,5826454,
Gomesa varicosa,Orchidaceae,sc,,unmatched,unmatched,reject_not_exact_synonym,EXACT,ACCEPTED,99,5826434,
Gorteria diffusa,Asteraceae,si,,unmatched,unmatched,reject_not_exact_synonym,EXACT,ACCEPTED,99,3139403,
Grevillea longifolia,Proteaceae,si,,unmatched,unmatched,reject_not_exact_synonym,EXACT,ACCEPTED,99,3996248,
Grevillea macleayana,Proteaceae,sc,,unmatched,unmatched,reject_not_exact_synonym,EXACT,ACCEPTED,99,3996150,
Grindelia ciliata,Asteraceae,sc,,unmatched,unmatched,reject_not_exact_synonym,EXACT,ACCEPTED,99,3146211,
Grindelia covasii,Asteraceae,si,,unmatched,unmatched,reject_not_exact_synonym,EXACT,ACCEPTED,99,3146232,
Guibourtia chodatiana,Fabaceae,si,,unmatched,unmatched,reject_not_exact_synonym,EXACT,ACCEPTED,98,2964790,
Gymnocladus assamicus,Fabaceae,sc,,unmatched,unmatched,reject_not_exact_synonym,EXACT,ACCEPTED,99,2944213,
Habenaria davidii,Orchidaceae,sc,,unmatched,unmatched,reject_not_exact_synonym,EXACT,ACCEPTED,99,2829324,
Habenaria fordii,Orchidaceae,sc,,unmatched,unmatched,reject_not_exact_synonym,EXACT,ACCEPTED,99,2829158,
Habenaria limprichtii,Orchidaceae,si,,unmatched,unmatched,reject_not_exact_synonym,EXACT,ACCEPTED,99,2829596,
Habranthus gracilifolius,Amaryllidaceae,si,,unmatched,unmatched,reject_accepted_species_absent_from_master,EXACT,SYNONYM,98,2853539,2853541
Handeliodendron bodinieri,Sapindaceae,si,,unmatched,unmatched,reject_not_exact_synonym,EXACT,ACCEPTED,99,4014664,
Handroanthus impetiginosus,Bignoniaceae,si,,unmatched,unmatched,reject_non_exact_match,FUZZY,ACCEPTED,96,4092242,
Haplopappus paucidentatus,Asteraceae,sc,,unmatched,unmatched,reject_not_exact_synonym,EXACT,ACCEPTED,99,3100514,
Harmonia hallii,Asteraceae,si,,unmatched,unmatched,reject_not_exact_synonym,EXACT,ACCEPTED,99,5396010,
Harmonia nutans,Asteraceae,si,,unmatched,unmatched,reject_not_exact_synonym,EXACT,ACCEPTED,99,5396011,
Haumania danckelmaniana,Marantaceae,si,,unmatched,unmatched,reject_not_exact_synonym,EXACT,ACCEPTED,99,2762194,
Hauya elegans,Onagraceae,si,,unmatched,unmatched,reject_not_exact_synonym,EXACT,ACCEPTED,97,7462976,
Hedysarum sulphurescens,Fabaceae,si,,unmatched,unmatched,reject_not_exact_synonym,EXACT,ACCEPTED,99,2961094,
Helenium virginicum,Asteraceae,si,,unmatched,unmatched,reject_not_exact_synonym,EXACT,ACCEPTED,99,5401858,
Helianthus anomalus,Asteraceae,si,,unmatched,unmatched,reject_not_exact_synonym,EXACT,ACCEPTED,99,3119246,
Helianthus arizonensis,Asteraceae,si,,unmatched,unmatched,reject_not_exact_synonym,EXACT,ACCEPTED,99,3119208,
Helianthus atrorubens,Asteraceae,si,,unmatched,unmatched,reject_not_exact_synonym,EXACT,ACCEPTED,97,3119160,
Helianthus bolanderi,Asteraceae,si,,unmatched,unmatched,reject_not_exact_synonym,EXACT,ACCEPTED,99,3119141,
Helianthus californicus,Asteraceae,si,,unmatched,unmatched,reject_not_exact_synonym,EXACT,ACCEPTED,97,3119239,
Helianthus carnosus,Asteraceae,si,,unmatched,unmatched,reject_not_exact_synonym,EXACT,ACCEPTED,99,3119193,
Helianthus ciliaris,Asteraceae,si,,unmatched,unmatched,reject_not_exact_synonym,EXACT,ACCEPTED,99,3119230,
Helianthus cusickii,Asteraceae,si,,unmatched,unmatched,reject_not_exact_synonym,EXACT,ACCEPTED,99,3119247,
Helianthus deserticola,Asteraceae,si,,unmatched,unmatched,reject_not_exact_synonym,EXACT,ACCEPTED,99,3119233,
Helianthus eggertii,Asteraceae,si,,unmatched,unmatched,reject_not_exact_synonym,EXACT,ACCEPTED,99,3119215,
Helianthus exilis,Asteraceae,sc,,unmatched,unmatched,reject_not_exact_synonym,EXACT,ACCEPTED,99,3119179,
Helianthus floridanus,Asteraceae,si,,unmatched,unmatched,reject_not_exact_synonym,EXACT,ACCEPTED,97,3119164,
Helianthus glaucophyllus,Asteraceae,si,,unmatched,unmatched,reject_not_exact_synonym,EXACT,ACCEPTED,99,3119218,
Helianthus laciniatus,Asteraceae,si,,unmatched,unmatched,reject_not_exact_synonym,EXACT,ACCEPTED,97,3119155,
Helianthus laevigatus,Asteraceae,si,,unmatched,unmatched,reject_not_exact_synonym,EXACT,ACCEPTED,99,3119237,
Helianthus longifolius,Asteraceae,si,,unmatched,unmatched,reject_not_exact_synonym,EXACT,ACCEPTED,97,3119154,
Helianthus neglectus,Asteraceae,si,,unmatched,unmatched,reject_not_exact_synonym,EXACT,ACCEPTED,97,3119228,
Helianthus occidentalis,Asteraceae,si,,unmatched,unmatched,reject_not_exact_synonym,EXACT,ACCEPTED,99,3119248,
Helianthus paradoxus,Asteraceae,si,,unmatched,unmatched,reject_not_exact_synonym,EXACT,ACCEPTED,99,3119149,
Helianthus pumilus,Asteraceae,si,,unmatched,unmatched,reject_not_exact_synonym,EXACT,ACCEPTED,97,3119245,
Helianthus resinosus,Asteraceae,si,,unmatched,unmatched,reject_not_exact_synonym,EXACT,ACCEPTED,99,3119136,
Helianthus schweinitzii,Asteraceae,si,,unmatched,unmatched,reject_not_exact_synonym,EXACT,ACCEPTED,99,3119168,
Helianthus silphioides,Asteraceae,si,,unmatched,unmatched,reject_not_exact_synonym,EXACT,ACCEPTED,99,3119158,
Helianthus simulans,Asteraceae,si,,unmatched,unmatched,reject_not_exact_synonym,EXACT,ACCEPTED,99,3119222,
Helianthus smithii,Asteraceae,si,,unmatched,unmatched,reject_not_exact_synonym,EXACT,ACCEPTED,99,3119146,
Helianthus verticillatus,Asteraceae,si,,unmatched,unmatched,reject_not_exact_synonym,EXACT,ACCEPTED,98,3119217,
Heliconia tortuosa,Heliconiaceae,sc,,unmatched,unmatched,reject_not_exact_synonym,EXACT,ACCEPTED,98,2760644,
Helicteres brevispira,Malvaceae,sc,,unmatched,unmatched,reject_not_exact_synonym,EXACT,ACCEPTED,98,8144199,
Heliomeris longifolia,Asteraceae,si,,unmatched,unmatched,reject_not_exact_synonym,EXACT,ACCEPTED,99,3099321,
Heliomeris multiflora,Asteraceae,si,,unmatched,unmatched,reject_not_exact_synonym,EXACT,ACCEPTED,99,3099317,
Heliopsis annua,Asteraceae,si,,unmatched,unmatched,reject_not_exact_synonym,EXACT,ACCEPTED,99,5396490,
Heliopsis parvifolia,Asteraceae,si,,unmatched,unmatched,reject_not_exact_synonym,EXACT,ACCEPTED,99,5396473,
Heliopsis rubra,Asteraceae,si,,unmatched,unmatched,reject_accepted_species_absent_from_master,EXACT,SYNONYM,98,5702074,5396473
Hemiandra pungens,Lamiaceae,sc,,unmatched,unmatched,reject_not_exact_synonym,EXACT,ACCEPTED,99,7307107,
Herbertia darwinii,Iridaceae,si,,unmatched,unmatched,reject_not_exact_synonym,EXACT,ACCEPTED,99,5949875,
Herbertia pulchella,Iridaceae,si,,unmatched,unmatched,reject_not_exact_synonym,EXACT,ACCEPTED,99,5297504,
Herbertia quareimana,Iridaceae,si,,unmatched,unmatched,reject_not_exact_synonym,EXACT,ACCEPTED,99,5297485,
Hesperozygis myrtoides,Lamiaceae,si,,unmatched,unmatched,reject_not_exact_synonym,EXACT,ACCEPTED,99,3885203,
Himatanthus obovatus,Apocynaceae,sc,,unmatched,unmatched,reject_not_exact_synonym,EXACT,ACCEPTED,99,7317373,
Holocarpha heermannii,Asteraceae,si,,unmatched,unmatched,reject_not_exact_synonym,EXACT,ACCEPTED,99,3091317,
Holocarpha macradenia,Asteraceae,si,,unmatched,unmatched,reject_not_exact_synonym,EXACT,ACCEPTED,99,3091319,
Holocarpha obconica,Asteraceae,si,,unmatched,unmatched,reject_not_exact_synonym,EXACT,ACCEPTED,99,3091321,
Holocarpha virgata,Asteraceae,si,,unmatched,unmatched,reject_not_exact_synonym,EXACT,ACCEPTED,99,3091313,
Holozonia filipes,Asteraceae,si,,unmatched,unmatched,reject_not_exact_synonym,EXACT,ACCEPTED,99,3100897,
Hormathophylla spinosa,Brassicaceae,si,,unmatched,unmatched,reject_not_exact_synonym,EXACT,ACCEPTED,99,3050712,
Hulsea algida,Asteraceae,si,,unmatched,unmatched,reject_not_exact_synonym,EXACT,ACCEPTED,99,3149948,
Hulsea brevifolia,Asteraceae,si,,unmatched,unmatched,reject_not_exact_synonym,EXACT,ACCEPTED,99,3149943,
Hulsea californica,Asteraceae,si,,unmatched,unmatched,reject_not_exact_synonym,EXACT,ACCEPTED,99,3149942,
Hulsea heterochroma,Asteraceae,si,,unmatched,unmatched,reject_not_exact_synonym,EXACT,ACCEPTED,99,3149941,
Hulsea mexicana,Asteraceae,si,,unmatched,unmatched,reject_not_exact_synonym,EXACT,ACCEPTED,99,3149944,
Hulsea nana,Asteraceae,si,,unmatched,unmatched,reject_not_exact_synonym,EXACT,ACCEPTED,99,3149945,
Hulsea vestita,Asteraceae,si,,unmatched,unmatched,reject_not_exact_synonym,EXACT,ACCEPTED,99,3149952,
Hyoscyamus muticus,Solanaceae,sc,,unmatched,unmatched,reject_not_exact_synonym,EXACT,ACCEPTED,99,2928977,
Hypecoum erectum,Papaveraceae,sc,,unmatched,unmatched,reject_not_exact_synonym,EXACT,ACCEPTED,99,3601784,
Hypericum cumulicola,Hypericaceae,sc,,unmatched,unmatched,reject_not_exact_synonym,EXACT,ACCEPTED,97,7349499,
Hypochaeris angustifolia,Asteraceae,sc,,unmatched,unmatched,reject_accepted_species_absent_from_master,EXACT,SYNONYM,98,3093865,10690822
Hypochaeris salzmanniana,Asteraceae,sc,,unmatched,unmatched,reject_not_exact_synonym,EXACT,ACCEPTED,99,3093690,
Hypochaeris uniflora,Asteraceae,si,,unmatched,unmatched,reject_non_exact_match,HIGHERRANK,ACCEPTED,97,3065,
Iberis pinnata,Brassicaceae,si,,unmatched,unmatched,reject_not_exact_synonym,EXACT,ACCEPTED,99,5377286,
Impatiens burtonii,Balsaminaceae,si,,unmatched,unmatched,reject_not_exact_synonym,EXACT,ACCEPTED,99,7309764,
Impatiens gesneroidea,Balsaminaceae,si,,unmatched,unmatched,reject_not_exact_synonym,EXACT,ACCEPTED,99,7309682,
Impatiens macrovexilla,Balsaminaceae,sc,,unmatched,unmatched,reject_not_exact_synonym,EXACT,ACCEPTED,99,4193169,
Impatiens muscicola,Balsaminaceae,si,,unmatched,unmatched,reject_not_exact_synonym,EXACT,ACCEPTED,99,4193121,
Impatiens purpureoviolacea,Balsaminaceae,sc,,unmatched,unmatched,reject_not_exact_synonym,EXACT,ACCEPTED,99,4936317,
Impatiens textori,Balsaminaceae,sc,,unmatched,unmatched,reject_non_exact_match,FUZZY,ACCEPTED,96,4936403,
Indigofera atriceps,Fabaceae,sc,,unmatched,unmatched,reject_not_exact_synonym,EXACT,ACCEPTED,99,2971691,
Inga densiflora,Fabaceae,si,,unmatched,unmatched,reject_not_exact_synonym,EXACT,ACCEPTED,99,5357837,
Inga mortoniana,Fabaceae,si,,unmatched,unmatched,reject_not_exact_synonym,EXACT,ACCEPTED,99,5357561,
Iochroma fuchsioides,Solanaceae,si,,unmatched,unmatched,reject_not_exact_synonym,EXACT,ACCEPTED,99,3802334,
Ipomopsis aggregata,Polemoniaceae,si,,unmatched,unmatched,reject_not_exact_synonym,EXACT,ACCEPTED,99,2927979,
Jacksonia sericea,Fabaceae,si,,unmatched,unmatched,reject_not_exact_synonym,EXACT,ACCEPTED,99,5359765,
Jaltomata andersonii,Solanaceae,sc,,unmatched,unmatched,reject_not_exact_synonym,EXACT,ACCEPTED,99,3801762,
Jaltomata aspera,Solanaceae,sc,,unmatched,unmatched,reject_not_exact_synonym,EXACT,ACCEPTED,99,3801747,
Jaltomata auriculata,Solanaceae,sc,,unmatched,unmatched,reject_not_exact_synonym,EXACT,ACCEPTED,99,3801739,
Jaltomata bernardelloana,Solanaceae,sc,,unmatched,unmatched,reject_not_exact_synonym,EXACT,ACCEPTED,99,3801715,
Jaltomata bicolor,Solanaceae,sc,,unmatched,unmatched,reject_not_exact_synonym,EXACT,ACCEPTED,98,3801705,
Jaltomata biflora,Solanaceae,sc,,unmatched,unmatched,reject_not_exact_synonym,EXACT,ACCEPTED,99,3801697,
Jaltomata cajamarca,Solanaceae,sc,,unmatched,unmatched,reject_not_exact_synonym,EXACT,ACCEPTED,99,3801680,
Jaltomata chihuahuensis,Solanaceae,sc,,unmatched,unmatched,reject_not_exact_synonym,EXACT,ACCEPTED,99,3801670,
Jaltomata contumacensis,Solanaceae,sc,,unmatched,unmatched,reject_not_exact_synonym,EXACT,ACCEPTED,99,3801651,
Jaltomata darcyana,Solanaceae,sc,,unmatched,unmatched,reject_not_exact_synonym,EXACT,ACCEPTED,99,3801636,
Jaltomata dentata,Solanaceae,sc,,unmatched,unmatched,reject_not_exact_synonym,EXACT,ACCEPTED,99,3801620,
Jaltomata diversa,Solanaceae,sc,,unmatched,unmatched,reject_not_exact_synonym,EXACT,ACCEPTED,99,3801605,
Jaltomata herrerae,Solanaceae,sc,,unmatched,unmatched,reject_not_exact_synonym,EXACT,ACCEPTED,99,3801572,
Jaltomata lanata,Solanaceae,sc,,unmatched,unmatched,reject_not_exact_synonym,EXACT,ACCEPTED,99,3801559,
Jaltomata lezamae,Solanaceae,sc,,unmatched,unmatched,reject_not_exact_synonym,EXACT,ACCEPTED,99,3801548,
Jaltomata lojae,Solanaceae,sc,,unmatched,unmatched,reject_not_exact_synonym,EXACT,ACCEPTED,99,3801539,
Jaltomata oppositifolia,Solanaceae,sc,,unmatched,unmatched,reject_not_exact_synonym,EXACT,ACCEPTED,99,3801512,
Jaltomata propinqua,Solanaceae,sc,,unmatched,unmatched,reject_not_exact_synonym,EXACT,ACCEPTED,99,3801490,
Jaltomata quipuscoae,Solanaceae,sc,,unmatched,unmatched,reject_not_exact_synonym,EXACT,ACCEPTED,99,7511754,
Jaltomata repandidentata,Solanaceae,sc,,unmatched,unmatched,reject_not_exact_synonym,EXACT,ACCEPTED,99,3801478,
Jaltomata sagastegui,Solanaceae,sc,,unmatched,unmatched,reject_not_exact_synonym,EXACT,ACCEPTED,99,3801467,
Jaltomata sanchez-vegae,Solanaceae,sc,,unmatched,unmatched,reject_not_exact_synonym,EXACT,ACCEPTED,99,3801458,
Jaltomata sinuosa,Solanaceae,sc,,unmatched,unmatched,reject_not_exact_synonym,EXACT,ACCEPTED,99,3801444,
Jaltomata umbellata,Solanaceae,sc,,unmatched,unmatched,reject_not_exact_synonym,EXACT,ACCEPTED,99,3801435,
Jaltomata viridiflora,Solanaceae,sc,,unmatched,unmatched,reject_not_exact_synonym,EXACT,ACCEPTED,99,3801410,
Jaltomata weberbaueri,Solanaceae,sc,,unmatched,unmatched,reject_not_exact_synonym,EXACT,ACCEPTED,99,3801391,
Jaltomata yacheri,Solanaceae,sc,,unmatched,unmatched,reject_not_exact_synonym,EXACT,ACCEPTED,99,3801367,
Jaltomata yungayensis,Solanaceae,sc,,unmatched,unmatched,reject_not_exact_synonym,EXACT,ACCEPTED,99,3801358,
Jensia rammii,Asteraceae,si,,unmatched,unmatched,reject_not_exact_synonym,EXACT,ACCEPTED,99,3130664,
Jensia yosemitana,Asteraceae,sc,,unmatched,unmatched,reject_not_exact_synonym,EXACT,ACCEPTED,99,3130667,
Kennedia carinata,Fabaceae,sc,,unmatched,unmatched,reject_not_exact_synonym,EXACT,ACCEPTED,97,8307726,
Kennedia prorepens,Fabaceae,sc,,unmatched,unmatched,reject_not_exact_synonym,EXACT,ACCEPTED,99,2959160,
Kielmeyera speciosa,Calophyllaceae,si,,unmatched,unmatched,reject_not_exact_synonym,EXACT,ACCEPTED,99,7330212,
Kyhosia bolanderi,Asteraceae,si,,unmatched,unmatched,reject_not_exact_synonym,EXACT,ACCEPTED,99,3142112,
Ladenbergia cujabensis,Rubiaceae,si,,unmatched,unmatched,reject_not_exact_synonym,EXACT,ACCEPTED,99,2908659,
Lagophylla dichotoma,Asteraceae,si,,unmatched,unmatched,reject_not_exact_synonym,EXACT,ACCEPTED,99,3115734,
Lagophylla minor,Asteraceae,si,,unmatched,unmatched,reject_not_exact_synonym,EXACT,ACCEPTED,99,3115737,
Lagophylla ramosissima,Asteraceae,sc,,unmatched,unmatched,reject_not_exact_synonym,EXACT,ACCEPTED,99,3115735,
Lambertia orbifolia,Proteaceae,sc,,unmatched,unmatched,reject_not_exact_synonym,EXACT,ACCEPTED,99,5638495,
Lasthenia burkei,Asteraceae,sc,,unmatched,unmatched,reject_not_exact_synonym,EXACT,ACCEPTED,99,3144226,
Lasthenia conjugens,Asteraceae,si,,unmatched,unmatched,reject_not_exact_synonym,EXACT,ACCEPTED,99,3144243,
Lasthenia glaberrima,Asteraceae,sc,,unmatched,unmatched,reject_not_exact_synonym,EXACT,ACCEPTED,99,3144242,
Lasthenia kunthii,Asteraceae,sc,,unmatched,unmatched,reject_not_exact_synonym,EXACT,ACCEPTED,99,3144248,
Lasthenia microglossa,Asteraceae,sc,,unmatched,unmatched,reject_not_exact_synonym,EXACT,ACCEPTED,99,3144239,
Lasthenia minor,Asteraceae,si,,unmatched,unmatched,reject_not_exact_synonym,EXACT,ACCEPTED,99,3144278,
Lathyrus basalticus,Fabaceae,sc,,unmatched,unmatched,reject_not_exact_synonym,EXACT,ACCEPTED,99,5627363,
Lathyrus hirticarpus,Fabaceae,sc,,unmatched,unmatched,reject_not_exact_synonym,EXACT,ACCEPTED,99,5627021,
Lathyrus lanszwertii,Fabaceae,sc,,unmatched,unmatched,reject_not_exact_synonym,EXACT,ACCEPTED,99,5356432,
Lathyrus stenophyllus,Fabaceae,sc,,unmatched,unmatched,reject_not_exact_synonym,EXACT,ACCEPTED,97,5356709,
Lavatera phoenicea,Malvaceae,sc,,unmatched,unmatched,reject_non_exact_match,HIGHERRANK,ACCEPTED,97,3152364,
Layia carnosa,Asteraceae,sc,,unmatched,unmatched,reject_not_exact_synonym,EXACT,ACCEPTED,99,5392987,
Layia chrysanthemoides,Asteraceae,si,,unmatched,unmatched,reject_not_exact_synonym,EXACT,ACCEPTED,99,5392983,
Layia discoidea,Asteraceae,si,,unmatched,unmatched,reject_not_exact_synonym,EXACT,ACCEPTED,99,5392989,
Layia fremontii,Asteraceae,si,,unmatched,unmatched,reject_not_exact_synonym,EXACT,ACCEPTED,99,5392990,
Layia heterotricha,Asteraceae,sc,,unmatched,unmatched,reject_not_exact_synonym,EXACT,ACCEPTED,99,5393005,
Layia hieracioides,Asteraceae,sc,,unmatched,unmatched,reject_not_exact_synonym,EXACT,ACCEPTED,99,5392996,
Layia jonesii,Asteraceae,si,,unmatched,unmatched,reject_not_exact_synonym,EXACT,ACCEPTED,99,5392993,
Layia munzii,Asteraceae,si,,unmatched,unmatched,reject_not_exact_synonym,EXACT,ACCEPTED,99,5393003,
Layia pentachaeta,Asteraceae,si,,unmatched,unmatched,reject_not_exact_synonym,EXACT,ACCEPTED,99,5392988,
Layia septentrionalis,Asteraceae,si,,unmatched,unmatched,reject_not_exact_synonym,EXACT,ACCEPTED,99,5393006,
Leavenworthia crassa,Brassicaceae,sc,,unmatched,unmatched,reject_not_exact_synonym,EXACT,ACCEPTED,99,3047237,
Leavenworthia exigua,Brassicaceae,sc,,unmatched,unmatched,reject_not_exact_synonym,EXACT,ACCEPTED,99,3047229,
Leavenworthia torulosa,Brassicaceae,sc,,unmatched,unmatched,reject_not_exact_synonym,EXACT,ACCEPTED,98,3047246,
Leontodon saxatilis,Asteraceae,si,,unmatched,unmatched,reject_non_exact_match,HIGHERRANK,ACCEPTED,97,3065,
Lepechinia floribunda,Lamiaceae,sc,,unmatched,unmatched,reject_not_exact_synonym,EXACT,ACCEPTED,99,3888808,
Lepechinia speciosa,Lamiaceae,sc,,unmatched,unmatched,reject_not_exact_synonym,EXACT,ACCEPTED,99,3888403,
Lepidium appelianum,Brassicaceae,si,,unmatched,unmatched,reject_not_exact_synonym,EXACT,ACCEPTED,99,5376811,
Lepidium fremontii,Brassicaceae,si,,unmatched,unmatched,reject_not_exact_synonym,EXACT,ACCEPTED,99,5376525,
Lepidium meyenii,Brassicaceae,sc,,unmatched,unmatched,reject_not_exact_synonym,EXACT,ACCEPTED,99,5377042,
Lepidium papilliferum,Brassicaceae,sc,,unmatched,unmatched,reject_not_exact_synonym,EXACT,ACCEPTED,99,5377038,
Leptostelma maximum,Asteraceae,sc,,unmatched,unmatched,reject_non_exact_match,FUZZY,ACCEPTED,96,3111603,
Lespedeza leptostachya,Fabaceae,sc,,unmatched,unmatched,reject_not_exact_synonym,EXACT,ACCEPTED,98,2955734,
Leucaena esculenta,Fabaceae,si,,unmatched,unmatched,reject_not_exact_synonym,EXACT,ACCEPTED,99,2970341,
Leucaena greggii,Fabaceae,si,,unmatched,unmatched,reject_not_exact_synonym,EXACT,ACCEPTED,99,2970400,
Leucaena pallida,Fabaceae,si,,unmatched,unmatched,reject_not_exact_synonym,EXACT,ACCEPTED,99,2970367,
Leucaena retusa,Fabaceae,si,,unmatched,unmatched,reject_not_exact_synonym,EXACT,ACCEPTED,99,2970404,
Leucaena salvadorensis,Fabaceae,si,,unmatched,unmatched,reject_not_exact_synonym,EXACT,ACCEPTED,98,2970365,
Leucaena shannonii,Fabaceae,si,,unmatched,unmatched,reject_not_exact_synonym,EXACT,ACCEPTED,99,2970363,
Leucheria congesta,Asteraceae,sc,,unmatched,unmatched,reject_not_exact_synonym,EXACT,ACCEPTED,97,3099614,
Liatris helleri,Asteraceae,si,,unmatched,unmatched,reject_not_exact_synonym,EXACT,ACCEPTED,99,3104319,
Liatris ohlingerae,Asteraceae,si,,unmatched,unmatched,reject_not_exact_synonym,EXACT,ACCEPTED,99,3104275,
Libanothamnus neriifolius,Asteraceae,si,,unmatched,unmatched,reject_accepted_species_absent_from_master,EXACT,SYNONYM,98,3091957,3091958
Limnanthes bakeri,Limnanthaceae,sc,,unmatched,unmatched,reject_not_exact_synonym,EXACT,ACCEPTED,99,5334532,
Limonium nydeggeri,Plumbaginaceae,si,,unmatched,unmatched,reject_accepted_species_absent_from_master,EXACT,SYNONYM,98,4089410,4090407
Linaria tonzigii,Plantaginaceae,sc,,unmatched,unmatched,reject_not_exact_synonym,EXACT,ACCEPTED,99,7790128,
Lloydia oxycarpa,Liliaceae,sc,,unmatched,unmatched,reject_accepted_species_absent_from_master,EXACT,SYNONYM,98,5299761,12216863
Lobelia camporum,Campanulaceae,si,,unmatched,unmatched,reject_not_exact_synonym,EXACT,ACCEPTED,99,5409088,
Lonchocarpus eriocarinalis,Fabaceae,si,,unmatched,unmatched,reject_not_exact_synonym,EXACT,ACCEPTED,99,2969138,
Lonchocarpus lanceolatus,Fabaceae,sc,,unmatched,unmatched,reject_not_exact_synonym,EXACT,ACCEPTED,99,2969209,
Lonicera oblata,Caprifoliaceae,sc,,unmatched,unmatched,reject_not_exact_synonym,EXACT,ACCEPTED,97,5599207,
Lopezia grandiflora,Onagraceae,sc,,unmatched,unmatched,reject_not_exact_synonym,EXACT,ACCEPTED,99,7322279,
Lopezia laciniata,Onagraceae,sc,,unmatched,unmatched,reject_not_exact_synonym,EXACT,ACCEPTED,99,7322259,
Lopezia langmaniae,Onagraceae,sc,,unmatched,unmatched,reject_not_exact_synonym,EXACT,ACCEPTED,99,7615990,
Lopezia lopezioides,Onagraceae,sc,,unmatched,unmatched,reject_not_exact_synonym,EXACT,ACCEPTED,99,3664281,
Lopezia riesenbachia,Onagraceae,sc,,unmatched,unmatched,reject_not_exact_synonym,EXACT,ACCEPTED,99,3664082,
Lophophora diffusa,Cactaceae,si,,unmatched,unmatched,reject_not_exact_synonym,EXACT,ACCEPTED,99,7282936,
Lotononis burchellii,Fabaceae,sc,,unmatched,unmatched,reject_not_exact_synonym,EXACT,ACCEPTED,99,2945334,
Lotononis laxa,Fabaceae,sc,,unmatched,unmatched,reject_not_exact_synonym,EXACT,ACCEPTED,99,2945446,
Lotononis leptoloba,Fabaceae,sc,,unmatched,unmatched,reject_not_exact_synonym,EXACT,ACCEPTED,98,7822413,
Lotononis macrosepala,Fabaceae,sc,,unmatched,unmatched,reject_not_exact_synonym,EXACT,ACCEPTED,99,2945380,
Lotononis maculata,Fabaceae,sc,,unmatched,unmatched,reject_not_exact_synonym,EXACT,ACCEPTED,99,2945336,
Lotononis maximiliani,Fabaceae,sc,,unmatched,unmatched,reject_not_exact_synonym,EXACT,ACCEPTED,97,2945431,
Lotononis micrantha,Fabaceae,sc,,unmatched,unmatched,reject_not_exact_synonym,EXACT,ACCEPTED,97,7906740,
Lotononis sparsiflora,Fabaceae,sc,,unmatched,unmatched,reject_not_exact_synonym,EXACT,ACCEPTED,99,3976046,
Lotononis tenella,Fabaceae,sc,,unmatched,unmatched,reject_not_exact_synonym,EXACT,ACCEPTED,99,2945297,
Lotus weilleri,Fabaceae,sc,,unmatched,unmatched,reject_not_exact_synonym,EXACT,ACCEPTED,99,5357008,
Ludwigia polycarpa,Onagraceae,sc,,unmatched,unmatched,reject_not_exact_synonym,EXACT,ACCEPTED,98,5420996,
Ludwigia ravenii,Onagraceae,sc,,unmatched,unmatched,reject_not_exact_synonym,EXACT,ACCEPTED,99,5421020,
Ludwigia spathulata,Onagraceae,sc,,unmatched,unmatched,reject_not_exact_synonym,EXACT,ACCEPTED,99,5421016,
Lupinus gibertianus,Fabaceae,sc,,unmatched,unmatched,reject_not_exact_synonym,EXACT,ACCEPTED,99,2964329,
Lupinus pachylobus,Fabaceae,sc,,unmatched,unmatched,reject_not_exact_synonym,EXACT,ACCEPTED,99,2964416,
Lupinus palaestinus,Fabaceae,sc,,unmatched,unmatched,reject_not_exact_synonym,EXACT,ACCEPTED,99,2963863,
Lupinus sulphureus,Fabaceae,sc,,unmatched,unmatched,reject_not_exact_synonym,EXACT,ACCEPTED,97,8143698,
Luzula alpinopilosa,Juncaceae,sc,,unmatched,unmatched,reject_not_exact_synonym,EXACT,ACCEPTED,99,2700948,
Lycianthes ciliolata,Solanaceae,si,,unmatched,unmatched,reject_not_exact_synonym,EXACT,ACCEPTED,99,7299682,
Lycianthes heteroclita,Solanaceae,sc,,unmatched,unmatched,reject_not_exact_synonym,EXACT,ACCEPTED,99,7299631,
Lycium boerhaviifolium,Solanaceae,si,,unmatched,unmatched,reject_non_exact_match,FUZZY,ACCEPTED,96,7988296,
Lycium cestroides,Solanaceae,si,,unmatched,unmatched,reject_not_exact_synonym,EXACT,ACCEPTED,99,7299347,
Lycium cinereum,Solanaceae,si,,unmatched,unmatched,reject_not_exact_synonym,EXACT,ACCEPTED,97,7448084,
Lycium hirsutum,Solanaceae,si,,unmatched,unmatched,reject_not_exact_synonym,EXACT,ACCEPTED,99,3796964,
Lycium pallidum,Solanaceae,si,,unmatched,unmatched,reject_not_exact_synonym,EXACT,ACCEPTED,99,2928820,
Lycium pumilum,Solanaceae,si,,unmatched,unmatched,reject_not_exact_synonym,EXACT,ACCEPTED,99,3802877,
Macairea radula,Melastomataceae,sc,,unmatched,unmatched,reject_not_exact_synonym,EXACT,ACCEPTED,99,3859212,
Machaerium opacum,Fabaceae,si,,unmatched,unmatched,reject_not_exact_synonym,EXACT,ACCEPTED,99,5355028,
Machaerium robiniifolium,Fabaceae,si,,unmatched,unmatched,reject_not_exact_synonym,EXACT,ACCEPTED,99,5355034,
Macroptilium erythroloma,Fabaceae,sc,,unmatched,unmatched,reject_not_exact_synonym,EXACT,ACCEPTED,99,2945076,
Macroptilium fraternum,Fabaceae,sc,,unmatched,unmatched,reject_not_exact_synonym,EXACT,ACCEPTED,99,4929307,
Macroptilium gibbosifolium,Fabaceae,sc,,unmatched,unmatched,reject_not_exact_synonym,EXACT,ACCEPTED,99,2945016,
Macroptilium martii,Fabaceae,sc,,unmatched,unmatched,reject_not_exact_synonym,EXACT,ACCEPTED,99,2945043,
Macroptilium pedatum,Fabaceae,sc,,unmatched,unmatched,reject_not_exact_synonym,EXACT,ACCEPTED,99,2945045,
Macroptilium psammodes,Fabaceae,sc,,unmatched,unmatched,reject_not_exact_synonym,EXACT,ACCEPTED,99,3912283,
Macrotyloma africanum,Fabaceae,sc,,unmatched,unmatched,reject_not_exact_synonym,EXACT,ACCEPTED,99,2976962,
Macrotyloma maranguense,Fabaceae,sc,,unmatched,unmatched,reject_not_exact_synonym,EXACT,ACCEPTED,99,2976951,
Madia anomala,Asteraceae,sc,,unmatched,unmatched,reject_not_exact_synonym,EXACT,ACCEPTED,99,3140906,
Madia chilensis,Asteraceae,sc,,unmatched,unmatched,reject_not_exact_synonym,EXACT,ACCEPTED,99,3140917,
Madia citrigracilis,Asteraceae,sc,,unmatched,unmatched,reject_not_exact_synonym,EXACT,ACCEPTED,99,3140923,
Madia citriodora,Asteraceae,sc,,unmatched,unmatched,reject_not_exact_synonym,EXACT,ACCEPTED,99,3140926,
Madia radiata,Asteraceae,si,,unmatched,unmatched,reject_not_exact_synonym,EXACT,ACCEPTED,99,3140914,
Madia subspicata,Asteraceae,sc,,unmatched,unmatched,reject_not_exact_synonym,EXACT,ACCEPTED,99,3140919,
Madia yosemitana,Asteraceae,sc,,unmatched,unmatched,reject_accepted_species_absent_from_master,EXACT,SYNONYM,98,3130669,3130667
Mandragora caulescens,Solanaceae,sc,,unmatched,unmatched,reject_not_exact_synonym,EXACT,ACCEPTED,99,7299934,
Manilkara maxima,Sapotaceae,si,,unmatched,unmatched,reject_not_exact_synonym,EXACT,ACCEPTED,99,2885364,
Maresia pulchella,Brassicaceae,si,,unmatched,unmatched,reject_not_exact_synonym,EXACT,ACCEPTED,99,5377761,
Mauranthemum decipiens,Asteraceae,si,,unmatched,unmatched,reject_not_exact_synonym,EXACT,ACCEPTED,99,3096523,
Medicago brachycarpa,Fabaceae,sc,,unmatched,unmatched,reject_not_exact_synonym,EXACT,ACCEPTED,97,2965494,
Medicago fischeriana,Fabaceae,sc,,unmatched,unmatched,reject_not_exact_synonym,EXACT,ACCEPTED,99,2965233,
Medicago granadensis,Fabaceae,sc,,unmatched,unmatched,reject_not_exact_synonym,EXACT,ACCEPTED,99,2965385,
Medicago hybrida,Fabaceae,sc,,unmatched,unmatched,reject_not_exact_synonym,EXACT,ACCEPTED,98,2965316,
Medicago lanigera,Fabaceae,sc,,unmatched,unmatched,reject_not_exact_synonym,EXACT,ACCEPTED,99,2965231,
Medicago medicaginoides,Fabaceae,sc,,unmatched,unmatched,reject_not_exact_synonym,EXACT,ACCEPTED,99,2965272,
Medicago monantha,Fabaceae,sc,,unmatched,unmatched,reject_not_exact_synonym,EXACT,ACCEPTED,97,2965226,
Medicago orthoceras,Fabaceae,sc,,unmatched,unmatched,reject_not_exact_synonym,EXACT,ACCEPTED,99,2965471,
Medicago rigiduloides,Fabaceae,sc,,unmatched,unmatched,reject_not_exact_synonym,EXACT,ACCEPTED,99,3965689,
Medicago sauvagei,Fabaceae,sc,,unmatched,unmatched,reject_not_exact_synonym,EXACT,ACCEPTED,99,2965556,
Medicago shepardii,Fabaceae,sc,,unmatched,unmatched,reject_not_exact_synonym,EXACT,ACCEPTED,97,4929964,
Medicago syriaca,Fabaceae,sc,,unmatched,unmatched,reject_not_exact_synonym,EXACT,ACCEPTED,99,3965500,
Megacorax gracielanus,Onagraceae,sc,,unmatched,unmatched,reject_not_exact_synonym,EXACT,ACCEPTED,99,3666405,
Megaleranthis saniculifolia,Ranunculaceae,sc,,unmatched,unmatched,reject_accepted_species_absent_from_master,EXACT,SYNONYM,98,3921229,3923082
Melaleuca deanei,Myrtaceae,si,,unmatched,unmatched,reject_not_exact_synonym,EXACT,ACCEPTED,99,5415774,
Melilotus polonicus,Fabaceae,sc,,unmatched,unmatched,reject_not_exact_synonym,EXACT,ACCEPTED,97,2971056,
Melocactus andinus,Cactaceae,sc,,unmatched,unmatched,reject_not_exact_synonym,EXACT,ACCEPTED,97,7281144,
Melocactus schatzlii,Cactaceae,sc,,unmatched,unmatched,reject_not_exact_synonym,EXACT,ACCEPTED,99,7280300,
Menonvillea nordenskjoeldii,Brassicaceae,sc,,unmatched,unmatched,reject_not_exact_synonym,EXACT,ACCEPTED,99,3050915,
Miconia elegans,Melastomataceae,si,,unmatched,unmatched,reject_not_exact_synonym,EXACT,ACCEPTED,99,3866937,
Microseris acuminata,Asteraceae,sc,,unmatched,unmatched,reject_not_exact_synonym,EXACT,ACCEPTED,99,5399468,
Microseris campestris,Asteraceae,sc,,unmatched,unmatched,reject_not_exact_synonym,EXACT,ACCEPTED,99,5399461,
Microseris decipiens,Asteraceae,sc,,unmatched,unmatched,reject_not_exact_synonym,EXACT,ACCEPTED,99,5386352,
Microseris howellii,Asteraceae,si,,unmatched,unmatched,reject_not_exact_synonym,EXACT,ACCEPTED,99,5399469,
Microseris laciniata,Asteraceae,si,,unmatched,unmatched,reject_not_exact_synonym,EXACT,ACCEPTED,99,5399438,
Microseris sylvatica,Asteraceae,si,,unmatched,unmatched,reject_not_exact_synonym,EXACT,ACCEPTED,99,5399462,
Mimosa detinens,Fabaceae,sc,,unmatched,unmatched,reject_not_exact_synonym,EXACT,ACCEPTED,99,2970284,
Mimosa itatiaiensis,Fabaceae,si,,unmatched,unmatched,reject_not_exact_synonym,EXACT,ACCEPTED,99,2969991,
Mirabilis violacea,Nyctaginaceae,si,,unmatched,unmatched,reject_not_exact_synonym,EXACT,ACCEPTED,99,3086211,
Miscanthus lutarioriparius,Poaceae,si,,unmatched,unmatched,reject_not_exact_synonym,EXACT,ACCEPTED,97,4149709,
Montanoa leucantha,Asteraceae,si,,unmatched,unmatched,reject_not_exact_synonym,EXACT,ACCEPTED,99,5406128,
Mucuna japira,Fabaceae,sc,,unmatched,unmatched,reject_not_exact_synonym,EXACT,ACCEPTED,99,3974848,
Mussaenda lancipetala,Rubiaceae,sc,,unmatched,unmatched,reject_not_exact_synonym,EXACT,ACCEPTED,99,3845508,
Mussaenda simpliciloba,Rubiaceae,sc,,unmatched,unmatched,reject_not_exact_synonym,EXACT,ACCEPTED,99,2892403,
Mutisia campanulata,Asteraceae,sc,,unmatched,unmatched,reject_not_exact_synonym,EXACT,ACCEPTED,99,3144137,
Myosotis palustris,Boraginaceae,si,,unmatched,unmatched,reject_non_exact_match,HIGHERRANK,ACCEPTED,97,2925668,
Myosotis pygmaea,Boraginaceae,sc,,unmatched,unmatched,reject_non_exact_match,HIGHERRANK,ACCEPTED,97,2925668,
Myrceugenia alpigena,Myrtaceae,si,,unmatched,unmatched,reject_not_exact_synonym,EXACT,ACCEPTED,99,3185795,
Myrcianthes coquimbensis,Myrtaceae,sc,,unmatched,unmatched,reject_not_exact_synonym,EXACT,ACCEPTED,99,3188162,
Narcissus assoanus,Amaryllidaceae,si,,unmatched,unmatched,reject_not_exact_synonym,EXACT,ACCEPTED,98,2859233,
Narcissus broussonetii,Amaryllidaceae,si,,unmatched,unmatched,reject_not_exact_synonym,EXACT,ACCEPTED,99,2858952,
Narcissus dubius,Amaryllidaceae,sc,,unmatched,unmatched,reject_not_exact_synonym,EXACT,ACCEPTED,99,2859205,
Nassauvia revoluta,Asteraceae,si,,unmatched,unmatched,reject_not_exact_synonym,EXACT,ACCEPTED,99,3099068,
Neoregelia ibitipocensis,Bromeliaceae,sc,,unmatched,unmatched,reject_not_exact_synonym,EXACT,ACCEPTED,99,2694225,
Neptunia major,Fabaceae,sc,,unmatched,unmatched,reject_not_exact_synonym,EXACT,ACCEPTED,99,5353575,
Neurachne muelleri,Poaceae,sc,,unmatched,unmatched,reject_not_exact_synonym,EXACT,ACCEPTED,99,4146056,
Neurachne munroi,Poaceae,sc,,unmatched,unmatched,reject_not_exact_synonym,EXACT,ACCEPTED,99,4146028,
Neurachne queenslandica,Poaceae,sc,,unmatched,unmatched,reject_not_exact_synonym,EXACT,ACCEPTED,99,4145968,
Nicotiana acaulis,Solanaceae,sc,,unmatched,unmatched,reject_not_exact_synonym,EXACT,ACCEPTED,99,3803396,
Nicotiana benavidesii,Solanaceae,sc,,unmatched,unmatched,reject_not_exact_synonym,EXACT,ACCEPTED,99,3800438,
Nicotiana bonariensis,Solanaceae,si,,unmatched,unmatched,reject_not_exact_synonym,EXACT,ACCEPTED,99,7299745,
Nicotiana cavicola,Solanaceae,sc,,unmatched,unmatched,reject_not_exact_synonym,EXACT,ACCEPTED,99,3800281,
Nicotiana corymbosa,Solanaceae,sc,,unmatched,unmatched,reject_not_exact_synonym,EXACT,ACCEPTED,99,7299708,
Nicotiana knightiana,Solanaceae,sc,,unmatched,unmatched,reject_not_exact_synonym,EXACT,ACCEPTED,99,3799786,
Nicotiana miersii,Solanaceae,sc,,unmatched,unmatched,reject_not_exact_synonym,EXACT,ACCEPTED,99,7299612,
Nicotiana petunioides,Solanaceae,si,,unmatched,unmatched,reject_not_exact_synonym,EXACT,ACCEPTED,98,3799364,
Nicotiana setchellii,Solanaceae,sc,,unmatched,unmatched,reject_not_exact_synonym,EXACT,ACCEPTED,99,3799146,
Nicotiana simulans,Solanaceae,sc,,unmatched,unmatched,reject_not_exact_synonym,EXACT,ACCEPTED,99,3799127,
Nicotiana solanifolia,Solanaceae,sc,,unmatched,unmatched,reject_not_exact_synonym,EXACT,ACCEPTED,99,3799125,
Nicotiana wigandioides,Solanaceae,sc,,unmatched,unmatched,reject_not_exact_synonym,EXACT,ACCEPTED,99,7411875,
Nierembergia veitchii,Solanaceae,si,,unmatched,unmatched,reject_not_exact_synonym,EXACT,ACCEPTED,97,3798266,
Noccaea violascens,Brassicaceae,sc,,unmatched,unmatched,reject_not_exact_synonym,EXACT,ACCEPTED,99,3045259,
Nolana acuminata,Solanaceae,si,,unmatched,unmatched,reject_not_exact_synonym,EXACT,ACCEPTED,97,3798239,
Nolana aticoana,Solanaceae,si,,unmatched,unmatched,reject_accepted_species_absent_from_master,EXACT,SYNONYM,98,3798175,3797812
Nolana balsamiflua,Solanaceae,si,,unmatched,unmatched,reject_not_exact_synonym,EXACT,ACCEPTED,99,3798141,
Nolana ivaniana,Solanaceae,si,,unmatched,unmatched,reject_accepted_species_absent_from_master,EXACT,SYNONYM,98,3797749,3797812
Nolana laxa,Solanaceae,si,,unmatched,unmatched,reject_not_exact_synonym,EXACT,ACCEPTED,99,3797714,
Nolana plicata,Solanaceae,si,,unmatched,unmatched,reject_accepted_species_absent_from_master,EXACT,SYNONYM,98,3797431,3797812
Nolana rostrata,Solanaceae,si,,unmatched,unmatched,reject_not_exact_synonym,EXACT,ACCEPTED,97,9119515,
Nolana rupicola,Solanaceae,si,,unmatched,unmatched,reject_not_exact_synonym,EXACT,ACCEPTED,99,3797345,
Nothofagus glauca,Nothofagaceae,si,,unmatched,unmatched,reject_not_exact_synonym,EXACT,ACCEPTED,98,2874969,
Notylia barkeri,Orchidaceae,si,,unmatched,unmatched,reject_not_exact_synonym,EXACT,ACCEPTED,99,2850658,
Notylia longispicata,Orchidaceae,si,,unmatched,unmatched,reject_not_exact_synonym,EXACT,ACCEPTED,99,2850668,
Notylia nemorosa,Orchidaceae,si,,unmatched,unmatched,reject_not_exact_synonym,EXACT,ACCEPTED,99,2850653,
Notylia orbicularis,Orchidaceae,si,,unmatched,unmatched,reject_not_exact_synonym,EXACT,ACCEPTED,99,2850670,
Notylia trisepala,Orchidaceae,si,,unmatched,unmatched,reject_not_exact_synonym,EXACT,ACCEPTED,99,2850712,
Oenothera acutissima,Onagraceae,sc,,unmatched,unmatched,reject_not_exact_synonym,EXACT,ACCEPTED,99,3188872,
Oenothera albicaulis,Onagraceae,si,,unmatched,unmatched,reject_not_exact_synonym,EXACT,ACCEPTED,97,7732613,
Oenothera anomala,Onagraceae,si,,unmatched,unmatched,reject_not_exact_synonym,EXACT,ACCEPTED,99,3665571,
Oenothera argillicola,Onagraceae,sc,,unmatched,unmatched,reject_not_exact_synonym,EXACT,ACCEPTED,99,3188802,
Oenothera arida,Onagraceae,si,,unmatched,unmatched,reject_not_exact_synonym,EXACT,ACCEPTED,99,3665480,
Oenothera bahia-blancae,Onagraceae,sc,,unmatched,unmatched,reject_not_exact_synonym,EXACT,ACCEPTED,99,3665324,
Oenothera berlandieri,Onagraceae,si,,unmatched,unmatched,reject_non_exact_match,HIGHERRANK,ACCEPTED,97,3188799,
Oenothera boquillensis,Onagraceae,si,,unmatched,unmatched,reject_not_exact_synonym,EXACT,ACCEPTED,99,3664829,
Oenothera brachycarpa,Onagraceae,si,,unmatched,unmatched,reject_not_exact_synonym,EXACT,ACCEPTED,99,3188910,
Oenothera calcicola,Onagraceae,si,,unmatched,unmatched,reject_not_exact_synonym,EXACT,ACCEPTED,99,3664584,
Oenothera californica,Onagraceae,si,,unmatched,unmatched,reject_not_exact_synonym,EXACT,ACCEPTED,97,3188921,
Oenothera canescens,Onagraceae,sc,,unmatched,unmatched,reject_not_exact_synonym,EXACT,ACCEPTED,99,3188848,
Oenothera cinerea,Onagraceae,si,,unmatched,unmatched,reject_not_exact_synonym,EXACT,ACCEPTED,99,7161122,
Oenothera clelandii,Onagraceae,sc,,unmatched,unmatched,reject_not_exact_synonym,EXACT,ACCEPTED,99,3188824,
Oenothera coloradensis,Onagraceae,sc,,unmatched,unmatched,reject_not_exact_synonym,EXACT,ACCEPTED,99,7161853,
Oenothera coronopifolia,Onagraceae,si,,unmatched,unmatched,reject_not_exact_synonym,EXACT,ACCEPTED,99,3188919,
Oenothera deltoides,Onagraceae,si,,unmatched,unmatched,reject_not_exact_synonym,EXACT,ACCEPTED,99,3188882,
Oenothera demareei,Onagraceae,si,,unmatched,unmatched,reject_not_exact_synonym,EXACT,ACCEPTED,99,3667177,
Oenothera elongata,Onagraceae,sc,,unmatched,unmatched,reject_not_exact_synonym,EXACT,ACCEPTED,99,3666850,
Oenothera engelmannii,Onagraceae,si,,unmatched,unmatched,reject_not_exact_synonym,EXACT,ACCEPTED,99,3188814,
Oenothera filipes,Onagraceae,si,,unmatched,unmatched,reject_not_exact_synonym,EXACT,ACCEPTED,99,3666626,
Oenothera flava,Onagraceae,sc,,unmatched,unmatched,reject_not_exact_synonym,EXACT,ACCEPTED,98,3188930,
Oenothera glaucifolia,Onagraceae,si,,unmatched,unmatched,reject_not_exact_synonym,EXACT,ACCEPTED,99,3666072,
Oenothera hartwegii,Onagraceae,si,,unmatched,unmatched,reject_not_exact_synonym,EXACT,ACCEPTED,99,6428151,
Oenothera havardii,Onagraceae,si,,unmatched,unmatched,reject_not_exact_synonym,EXACT,ACCEPTED,99,3188823,
Oenothera heterophylla,Onagraceae,si,,unmatched,unmatched,reject_not_exact_synonym,EXACT,ACCEPTED,97,3188804,
Oenothera hexandra,Onagraceae,sc,,unmatched,unmatched,reject_not_exact_synonym,EXACT,ACCEPTED,99,7161433,
Oenothera linifolia,Onagraceae,sc,,unmatched,unmatched,reject_not_exact_synonym,EXACT,ACCEPTED,99,3188878,
Oenothera longissima,Onagraceae,sc,,unmatched,unmatched,reject_not_exact_synonym,EXACT,ACCEPTED,99,3188853,
Oenothera longituba,Onagraceae,sc,,unmatched,unmatched,reject_not_exact_synonym,EXACT,ACCEPTED,99,3664410,
Oenothera macrosceles,Onagraceae,sc,,unmatched,unmatched,reject_not_exact_synonym,EXACT,ACCEPTED,99,3664264,
Oenothera maysillesii,Onagraceae,si,,unmatched,unmatched,reject_not_exact_synonym,EXACT,ACCEPTED,99,3664131,
Oenothera mckelveyae,Onagraceae,si,,unmatched,unmatched,reject_not_exact_synonym,EXACT,ACCEPTED,99,3664126,
Oenothera mendocinensis,Onagraceae,sc,,unmatched,unmatched,reject_not_exact_synonym,EXACT,ACCEPTED,97,3664088,
Oenothera multicaulis,Onagraceae,sc,,unmatched,unmatched,reject_not_exact_synonym,EXACT,ACCEPTED,99,3663746,
Oenothera nana,Onagraceae,sc,,unmatched,unmatched,reject_not_exact_synonym,EXACT,ACCEPTED,99,3667766,
Oenothera neomexicana,Onagraceae,si,,unmatched,unmatched,reject_not_exact_synonym,EXACT,ACCEPTED,99,3188922,
Oenothera nuda,Onagraceae,sc,,unmatched,unmatched,reject_not_exact_synonym,EXACT,ACCEPTED,97,3667628,
Oenothera nuttallii,Onagraceae,si,,unmatched,unmatched,reject_not_exact_synonym,EXACT,ACCEPTED,97,7744278,
Oenothera organensis,Onagraceae,si,,unmatched,unmatched,reject_not_exact_synonym,EXACT,ACCEPTED,98,8166074,
Oenothera pallida,Onagraceae,si,,unmatched,unmatched,reject_not_exact_synonym,EXACT,ACCEPTED,99,3188816,
Oenothera patriciae,Onagraceae,sc,,unmatched,unmatched,reject_not_exact_synonym,EXACT,ACCEPTED,99,3667109,
Oenothera picensis,Onagraceae,sc,,unmatched,unmatched,reject_not_exact_synonym,EXACT,ACCEPTED,99,7322734,
Oenothera primiveris,Onagraceae,sc,,unmatched,unmatched,reject_not_exact_synonym,EXACT,ACCEPTED,99,3188874,
Oenothera ravenii,Onagraceae,sc,,unmatched,unmatched,reject_not_exact_synonym,EXACT,ACCEPTED,99,7322600,
Oenothera rhombipetala,Onagraceae,si,,unmatched,unmatched,reject_not_exact_synonym,EXACT,ACCEPTED,97,3188826,
Oenothera sandiana,Onagraceae,sc,,unmatched,unmatched,reject_not_exact_synonym,EXACT,ACCEPTED,99,3665614,
Oenothera stubbei,Onagraceae,si,,unmatched,unmatched,reject_not_exact_synonym,EXACT,ACCEPTED,99,3664777,
Oenothera suffulta,Onagraceae,si,,unmatched,unmatched,reject_not_exact_synonym,EXACT,ACCEPTED,99,7161278,
Oenothera tarijensis,Onagraceae,sc,,unmatched,unmatched,reject_not_exact_synonym,EXACT,ACCEPTED,99,3664484,
Oenothera toumeyi,Onagraceae,si,,unmatched,unmatched,reject_not_exact_synonym,EXACT,ACCEPTED,99,3189361,
Oenothera tubifera,Onagraceae,sc,,unmatched,unmatched,reject_not_exact_synonym,EXACT,ACCEPTED,97,7733299,
Oenothera versicolor,Onagraceae,sc,,unmatched,unmatched,reject_not_exact_synonym,EXACT,ACCEPTED,97,7914241,
Oenothera villaricae,Onagraceae,sc,,unmatched,unmatched,reject_not_exact_synonym,EXACT,ACCEPTED,99,3663779,
Oenothera wigginsii,Onagraceae,sc,,unmatched,unmatched,reject_not_exact_synonym,EXACT,ACCEPTED,99,3667764,
Oenothera xylocarpa,Onagraceae,sc,,unmatched,unmatched,reject_not_exact_synonym,EXACT,ACCEPTED,99,3188846,
Olimarabidopsis cabulica,Brassicaceae,sc,,unmatched,unmatched,reject_not_exact_synonym,EXACT,ACCEPTED,99,3042455,
Onobrychis micrantha,Fabaceae,sc,,unmatched,unmatched,reject_not_exact_synonym,EXACT,ACCEPTED,98,8173784,
Onobrychis transcaucasica,Fabaceae,si,,unmatched,unmatched,reject_not_exact_synonym,EXACT,ACCEPTED,99,2972810,
Onobrychis vaginalis,Fabaceae,si,,unmatched,unmatched,reject_not_exact_synonym,EXACT,ACCEPTED,99,2972679,
Onobrychis vassilczenkoi,Fabaceae,si,,unmatched,unmatched,reject_not_exact_synonym,EXACT,ACCEPTED,99,2972659,
Ophiopogon xylorrhizus,Asparagaceae,sc,,unmatched,unmatched,reject_not_exact_synonym,EXACT,ACCEPTED,99,2774114,
Osmadenia tenella,Asteraceae,si,,unmatched,unmatched,reject_not_exact_synonym,EXACT,ACCEPTED,99,3101385,
Osteospermum microcarpum,Asteraceae,si,,unmatched,unmatched,reject_not_exact_synonym,EXACT,ACCEPTED,99,3093596,
Oxalis blastorrhiza,Oxalidaceae,sc,,unmatched,unmatched,reject_non_exact_match,FUZZY,ACCEPTED,96,7923357,
Oxalis callosa,Oxalidaceae,si,,unmatched,unmatched,reject_not_exact_synonym,EXACT,ACCEPTED,99,3626808,
Oxalis campicola,Oxalidaceae,si,,unmatched,unmatched,reject_not_exact_synonym,EXACT,ACCEPTED,99,3626713,
Oxalis ciliaris,Oxalidaceae,sc,,unmatched,unmatched,reject_not_exact_synonym,EXACT,ACCEPTED,97,7478569,
Oxalis gracilis,Oxalidaceae,si,,unmatched,unmatched,reject_not_exact_synonym,EXACT,ACCEPTED,97,3627482,
Oxalis kamiesbergensis,Oxalidaceae,si,,unmatched,unmatched,reject_not_exact_synonym,EXACT,ACCEPTED,99,8337283,
Oxalis noctiflora,Oxalidaceae,si,,unmatched,unmatched,reject_not_exact_synonym,EXACT,ACCEPTED,99,7354462,
Oxalis oreophila,Oxalidaceae,si,,unmatched,unmatched,reject_non_exact_match,HIGHERRANK,ACCEPTED,97,2891642,
Oxalis tenella,Oxalidaceae,si,,unmatched,unmatched,reject_not_exact_synonym,EXACT,ACCEPTED,97,8040519,
Oxalis xantha,Oxalidaceae,sc,,unmatched,unmatched,reject_not_exact_synonym,EXACT,ACCEPTED,99,3626547,
Oxytropis sericea,Fabaceae,si,,unmatched,unmatched,reject_not_exact_synonym,EXACT,ACCEPTED,97,8056047,
Pachyrhizus ahipa,Fabaceae,sc,,unmatched,unmatched,reject_not_exact_synonym,EXACT,ACCEPTED,99,2974665,
Pachyrhizus panamensis,Fabaceae,sc,,unmatched,unmatched,reject_not_exact_synonym,EXACT,ACCEPTED,99,2974682,
Packera insulae-regalis,Asteraceae,sc,,unmatched,unmatched,reject_not_exact_synonym,EXACT,ACCEPTED,99,9485645,
Paepalanthus itatiaiensis,Eriocaulaceae,sc,,unmatched,unmatched,reject_not_exact_synonym,EXACT,ACCEPTED,99,5286916,
Paepalanthus subtilis,Eriocaulaceae,sc,,unmatched,unmatched,reject_not_exact_synonym,EXACT,ACCEPTED,99,5286845,
Pappobolus hypargyreus,Asteraceae,sc,,unmatched,unmatched,reject_not_exact_synonym,EXACT,ACCEPTED,98,3093659,
Pappobolus imbaburensis,Asteraceae,sc,,unmatched,unmatched,reject_not_exact_synonym,EXACT,ACCEPTED,99,3093622,
Parthenium tomentosum,Asteraceae,si,,unmatched,unmatched,reject_not_exact_synonym,EXACT,ACCEPTED,99,3086795,
Pavonia varians,Malvaceae,sc,,unmatched,unmatched,reject_non_exact_match,NONE,,100,,
Paysonia auriculata,Brassicaceae,sc,,unmatched,unmatched,reject_not_exact_synonym,EXACT,ACCEPTED,99,3044407,
Paysonia densipila,Brassicaceae,si,,unmatched,unmatched,reject_not_exact_synonym,EXACT,ACCEPTED,99,3044424,
Paysonia lescurii,Brassicaceae,si,,unmatched,unmatched,reject_not_exact_synonym,EXACT,ACCEPTED,99,3044413,
Pectis cylindrica,Asteraceae,sc,,unmatched,unmatched,reject_not_exact_synonym,EXACT,ACCEPTED,99,5405459,
Pectis pringlei,Asteraceae,sc,,unmatched,unmatched,reject_not_exact_synonym,EXACT,ACCEPTED,99,5405486,
Pedicularis dunniana,Orobanchaceae,sc,,unmatched,unmatched,reject_not_exact_synonym,EXACT,ACCEPTED,99,3724579,
Pedicularis siphonantha,Orobanchaceae,sc,,unmatched,unmatched,reject_not_exact_synonym,EXACT,ACCEPTED,97,7333021,
Peltogyne chrysopis,Fabaceae,si,,unmatched,unmatched,reject_not_exact_synonym,EXACT,ACCEPTED,99,3931882,
Penstemon barbatus,Plantaginaceae,si,,unmatched,unmatched,reject_not_exact_synonym,EXACT,ACCEPTED,99,3171570,
Penstemon bicolor,Plantaginaceae,sc,,unmatched,unmatched,reject_not_exact_synonym,EXACT,ACCEPTED,99,3171498,
Penstemon degeneri,Plantaginaceae,sc,,unmatched,unmatched,reject_not_exact_synonym,EXACT,ACCEPTED,99,3171400,
Penstemon deustus,Plantaginaceae,si,,unmatched,unmatched,reject_not_exact_synonym,EXACT,ACCEPTED,98,7637634,
Penstemon neomexicanus,Plantaginaceae,si,,unmatched,unmatched,reject_not_exact_synonym,EXACT,ACCEPTED,99,3171596,
Penstemon pachyphyllus,Plantaginaceae,si,,unmatched,unmatched,reject_not_exact_synonym,EXACT,ACCEPTED,97,3171528,
Penstemon rostriflorus,Plantaginaceae,si,,unmatched,unmatched,reject_not_exact_synonym,EXACT,ACCEPTED,99,3171435,
Perezia megalantha,Asteraceae,si,,unmatched,unmatched,reject_not_exact_synonym,EXACT,ACCEPTED,99,5391377,
Persoonia hirsuta,Proteaceae,sc,,unmatched,unmatched,reject_not_exact_synonym,EXACT,ACCEPTED,97,7966683,
Persoonia mollis,Proteaceae,si,,unmatched,unmatched,reject_not_exact_synonym,EXACT,ACCEPTED,97,7610386,
Persoonia pauciflora,Proteaceae,sc,,unmatched,unmatched,reject_not_exact_synonym,EXACT,ACCEPTED,99,5636979,
Petunia altiplana,Solanaceae,si,,unmatched,unmatched,reject_not_exact_synonym,EXACT,ACCEPTED,99,3803282,
Petunia bajeensis,Solanaceae,si,,unmatched,unmatched,reject_not_exact_synonym,EXACT,ACCEPTED,99,3803229,
Petunia bonjardinensis,Solanaceae,si,,unmatched,unmatched,reject_not_exact_synonym,EXACT,ACCEPTED,99,3803222,
Petunia exserta,Solanaceae,sc,,unmatched,unmatched,reject_not_exact_synonym,EXACT,ACCEPTED,99,3803157,
Petunia interior,Solanaceae,si,,unmatched,unmatched,reject_not_exact_synonym,EXACT,ACCEPTED,99,3803062,
Petunia mantiqueirensis,Solanaceae,si,,unmatched,unmatched,reject_not_exact_synonym,EXACT,ACCEPTED,99,3802979,
Petunia occidentalis,Solanaceae,sc,,unmatched,unmatched,reject_not_exact_synonym,EXACT,ACCEPTED,99,3802927,
Petunia saxicola,Solanaceae,si,,unmatched,unmatched,reject_not_exact_synonym,EXACT,ACCEPTED,99,3802791,
Petunia scheideana,Solanaceae,si,,unmatched,unmatched,reject_not_exact_synonym,EXACT,ACCEPTED,99,3802774,
Petunia secreta,Solanaceae,sc,,unmatched,unmatched,reject_not_exact_synonym,EXACT,ACCEPTED,99,3802769,
Phlomis olivieri,Lamiaceae,si,,unmatched,unmatched,reject_not_exact_synonym,EXACT,ACCEPTED,99,3886963,
Phlox cuspidata,Polemoniaceae,si,,unmatched,unmatched,reject_not_exact_synonym,EXACT,ACCEPTED,99,2927780,
Phymatidium delicatulum,Orchidaceae,sc,,unmatched,unmatched,reject_not_exact_synonym,EXACT,ACCEPTED,99,2806985,
Physalis coztomatl,Solanaceae,sc,,unmatched,unmatched,reject_not_exact_synonym,EXACT,ACCEPTED,97,5581419,
Physalis pumila,Solanaceae,si,,unmatched,unmatched,reject_not_exact_synonym,EXACT,ACCEPTED,99,5341810,
Physaria bellii,Brassicaceae,si,,unmatched,unmatched,reject_not_exact_synonym,EXACT,ACCEPTED,99,3048898,
Physaria fendleri,Brassicaceae,si,,unmatched,unmatched,reject_not_exact_synonym,EXACT,ACCEPTED,99,3049236,
Physaria filiformis,Brassicaceae,si,,unmatched,unmatched,reject_not_exact_synonym,EXACT,ACCEPTED,99,3049220,
Physaria gordonii,Brassicaceae,si,,unmatched,unmatched,reject_not_exact_synonym,EXACT,ACCEPTED,99,3049062,
Physaria ludoviciana,Brassicaceae,si,,unmatched,unmatched,reject_not_exact_synonym,EXACT,ACCEPTED,99,3048930,
Physaria obcordata,Brassicaceae,si,,unmatched,unmatched,reject_not_exact_synonym,EXACT,ACCEPTED,99,3049170,
Physaria rollinsii,Brassicaceae,si,,unmatched,unmatched,reject_not_exact_synonym,EXACT,ACCEPTED,99,3049098,
Phyteuma betonicifolium,Campanulaceae,si,,unmatched,unmatched,reject_not_exact_synonym,EXACT,ACCEPTED,98,3166780,
Phyteuma hemisphaericum,Campanulaceae,si,,unmatched,unmatched,reject_not_exact_synonym,EXACT,ACCEPTED,98,3166609,
Picris nuristanica,Asteraceae,si,,unmatched,unmatched,reject_not_exact_synonym,EXACT,ACCEPTED,99,3093341,
Pinguicula ionantha,Lentibulariaceae,sc,,unmatched,unmatched,reject_not_exact_synonym,EXACT,ACCEPTED,99,5415068,
Pinguicula moranensis,Lentibulariaceae,sc,,unmatched,unmatched,reject_not_exact_synonym,EXACT,ACCEPTED,99,7297919,
Pinguicula planifolia,Lentibulariaceae,sc,,unmatched,unmatched,reject_not_exact_synonym,EXACT,ACCEPTED,99,5415067,
Piptadenia obliqua,Fabaceae,si,,unmatched,unmatched,reject_accepted_species_absent_from_master,EXACT,SYNONYM,98,2951790,7266127
Pitcairnia geyskesii,Bromeliaceae,si,,unmatched,unmatched,reject_not_exact_synonym,EXACT,ACCEPTED,99,5288135,
Pitcairnia heterophylla,Bromeliaceae,sc,,unmatched,unmatched,reject_not_exact_synonym,EXACT,ACCEPTED,99,5288518,
Pitcairnia recurvata,Bromeliaceae,sc,,unmatched,unmatched,reject_not_exact_synonym,EXACT,ACCEPTED,99,5288408,
Platanthera praeclara,Orchidaceae,sc,,unmatched,unmatched,reject_not_exact_synonym,EXACT,ACCEPTED,99,2798503,
Pleroma cleistoflorum,Melastomataceae,sc,,unmatched,unmatched,reject_non_exact_match,FUZZY,ACCEPTED,93,7777553,
Pleroma hospitum,Melastomataceae,si,,unmatched,unmatched,reject_not_exact_synonym,EXACT,ACCEPTED,99,5601440,
Polygala lewtonii,Polygalaceae,sc,,unmatched,unmatched,reject_not_exact_synonym,EXACT,ACCEPTED,99,3191467,
Polygala pauciflora,Polygalaceae,sc,,unmatched,unmatched,reject_non_exact_match,HIGHERRANK,ACCEPTED,97,2417,
Polygonum jucundum,Polygonaceae,sc,,unmatched,unmatched,reject_non_exact_match,HIGHERRANK,ACCEPTED,97,6390748,
Polylepis incarum,Rosaceae,sc,,unmatched,unmatched,reject_not_exact_synonym,EXACT,ACCEPTED,99,5598360,
Polylepis tomentella,Rosaceae,sc,,unmatched,unmatched,reject_not_exact_synonym,EXACT,ACCEPTED,97,5370560,
Primula chungensis,Primulaceae,sc,,unmatched,unmatched,reject_not_exact_synonym,EXACT,ACCEPTED,99,5641777,
Primula halleri,Primulaceae,sc,,unmatched,unmatched,reject_not_exact_synonym,EXACT,ACCEPTED,99,8312760,
Primula merrilliana,Primulaceae,sc,,unmatched,unmatched,reject_not_exact_synonym,EXACT,ACCEPTED,99,5640494,
Primula nivalis,Primulaceae,sc,,unmatched,unmatched,reject_not_exact_synonym,EXACT,ACCEPTED,97,8248378,
Primula oreodoxa,Primulaceae,sc,,unmatched,unmatched,reject_not_exact_synonym,EXACT,ACCEPTED,99,5641618,
Primula tibetica,Primulaceae,si,,unmatched,unmatched,reject_not_exact_synonym,EXACT,ACCEPTED,99,5641572,
Prockia flava,Salicaceae,si,,unmatched,unmatched,reject_not_exact_synonym,EXACT,ACCEPTED,99,4261271,
Prosopis affinis,Fabaceae,sc,,unmatched,unmatched,reject_not_exact_synonym,EXACT,ACCEPTED,99,5358534,
Prosopis alpataco,Fabaceae,si,,unmatched,unmatched,reject_not_exact_synonym,EXACT,ACCEPTED,99,5358517,
Prosopis torquata,Fabaceae,si,,unmatched,unmatched,reject_not_exact_synonym,EXACT,ACCEPTED,99,5358501,
Protea caffra,Proteaceae,sc,,unmatched,unmatched,reject_not_exact_synonym,EXACT,ACCEPTED,99,7287625,
Protea cordata,Proteaceae,si,,unmatched,unmatched,reject_not_exact_synonym,EXACT,ACCEPTED,99,5638026,
Protea decurrens,Proteaceae,sc,,unmatched,unmatched,reject_not_exact_synonym,EXACT,ACCEPTED,99,5637915,
Protea scabra,Proteaceae,si,,unmatched,unmatched,reject_not_exact_synonym,EXACT,ACCEPTED,97,7407500,
Protea sulphurea,Proteaceae,sc,,unmatched,unmatched,reject_not_exact_synonym,EXACT,ACCEPTED,99,5636540,
Prunus scoparia,Rosaceae,sc,,unmatched,unmatched,reject_not_exact_synonym,EXACT,ACCEPTED,99,3022108,
Pseudalcantarea viridiflora,Bromeliaceae,sc,,unmatched,unmatched,reject_not_exact_synonym,EXACT,ACCEPTED,99,9552186,
Pseudomisopates rivas-martinezii,Scrophulariaceae,si,,unmatched,unmatched,reject_not_exact_synonym,EXACT,ACCEPTED,99,3725568,
Pseudopiptadenia leptostachya,Fabaceae,sc,,unmatched,unmatched,reject_not_exact_synonym,EXACT,ACCEPTED,99,2952899,
Pterodon emarginatus,Fabaceae,sc,,unmatched,unmatched,reject_not_exact_synonym,EXACT,ACCEPTED,99,5342608,
Pterospermum kingtungense,Malvaceae,sc,,unmatched,unmatched,reject_not_exact_synonym,EXACT,ACCEPTED,97,5792895,
Puya raimondii,Bromeliaceae,sc,,unmatched,unmatched,reject_not_exact_synonym,EXACT,ACCEPTED,99,2696328,
Pyrus bourgaeana,Rosaceae,si,,unmatched,unmatched,reject_not_exact_synonym,EXACT,ACCEPTED,99,5362630,
Quercus gambelii,Fagaceae,si,,unmatched,unmatched,reject_not_exact_synonym,EXACT,ACCEPTED,97,2878268,
Quidproquo confusum,Brassicaceae,si,,unmatched,unmatched,reject_accepted_species_absent_from_master,EXACT,SYNONYM,98,3041016,3041015
Ranunculus alpestris,Ranunculaceae,si,,unmatched,unmatched,reject_not_exact_synonym,EXACT,ACCEPTED,97,7277610,
Ranunculus carpaticola,Ranunculaceae,si,,unmatched,unmatched,reject_accepted_species_absent_from_master,EXACT,SYNONYM,98,3921917,3921858
Ranunculus cassubicifolius,Ranunculaceae,si,,unmatched,unmatched,reject_not_exact_synonym,EXACT,ACCEPTED,99,3921858,
Ranunculus notabilis,Ranunculaceae,si,,unmatched,unmatched,reject_not_exact_synonym,EXACT,ACCEPTED,99,3920832,
Rhabdothamnopsis sinensis,Gesneriaceae,sc,,unmatched,unmatched,reject_not_exact_synonym,EXACT,ACCEPTED,99,3823001,
Rheum nobile,Polygonaceae,sc,,unmatched,unmatched,reject_not_exact_synonym,EXACT,ACCEPTED,99,4037708,
Rheum webbianum,Polygonaceae,sc,,unmatched,unmatched,reject_not_exact_synonym,EXACT,ACCEPTED,99,4928642,
Rhodanthemum catananche,Asteraceae,si,,unmatched,unmatched,reject_not_exact_synonym,EXACT,ACCEPTED,99,8139978,
Rhodanthemum depressum,Asteraceae,si,,unmatched,unmatched,reject_not_exact_synonym,EXACT,ACCEPTED,99,7649407,
Rhodanthemum maresii,Asteraceae,si,,unmatched,unmatched,reject_not_exact_synonym,EXACT,ACCEPTED,99,8408592,
Rhodanthemum redieri,Asteraceae,si,,unmatched,unmatched,reject_not_exact_synonym,EXACT,ACCEPTED,99,7821451,
Rhodiola dumulosa,Crassulaceae,sc,,unmatched,unmatched,reject_not_exact_synonym,EXACT,ACCEPTED,99,7334408,
Rhododendron anthopogon,Ericaceae,sc,,unmatched,unmatched,reject_not_exact_synonym,EXACT,ACCEPTED,97,7689788,
Rhododendron campylocarpum,Ericaceae,sc,,unmatched,unmatched,reject_not_exact_synonym,EXACT,ACCEPTED,99,7327914,
Rhododendron cyanocarpum,Ericaceae,sc,,unmatched,unmatched,reject_not_exact_synonym,EXACT,ACCEPTED,99,7877646,
Rhododendron lepidotum,Ericaceae,sc,,unmatched,unmatched,reject_not_exact_synonym,EXACT,ACCEPTED,97,7328521,
Rhododendron longipedicellatum,Ericaceae,sc,,unmatched,unmatched,reject_not_exact_synonym,EXACT,ACCEPTED,99,9396695,
Rhododendron setosum,Ericaceae,sc,,unmatched,unmatched,reject_not_exact_synonym,EXACT,ACCEPTED,99,4165262,
Rhododendron thomsonii,Ericaceae,sc,,unmatched,unmatched,reject_not_exact_synonym,EXACT,ACCEPTED,99,7329014,
Rhododendron wightii,Ericaceae,sc,,unmatched,unmatched,reject_not_exact_synonym,EXACT,ACCEPTED,99,4936733,
Rhodolirium montanum,Amaryllidaceae,si,,unmatched,unmatched,reject_not_exact_synonym,EXACT,ACCEPTED,99,2854121,
Rhynchosia edulis,Fabaceae,sc,,unmatched,unmatched,reject_not_exact_synonym,EXACT,ACCEPTED,99,5350706,
Rhynchosia macrocarpa,Fabaceae,sc,,unmatched,unmatched,reject_not_exact_synonym,EXACT,ACCEPTED,99,5351018,
Rhynchosia yucatanensis,Fabaceae,sc,,unmatched,unmatched,reject_not_exact_synonym,EXACT,ACCEPTED,99,5350844,
Ribes echinellum,Grossulariaceae,si,,unmatched,unmatched,reject_not_exact_synonym,EXACT,ACCEPTED,99,2986118,
Rodriguezia bahiensis,Orchidaceae,si,,unmatched,unmatched,reject_not_exact_synonym,EXACT,ACCEPTED,99,5313608,
Rodriguezia granadensis,Orchidaceae,si,,unmatched,unmatched,reject_not_exact_synonym,EXACT,ACCEPTED,99,5313664,
Roepera fuscata,Zygophyllaceae,si,,unmatched,unmatched,reject_not_exact_synonym,EXACT,ACCEPTED,99,3987030,
Roepera leptopetala,Zygophyllaceae,si,,unmatched,unmatched,reject_not_exact_synonym,EXACT,ACCEPTED,99,3986917,
Roepera pygmaea,Zygophyllaceae,si,,unmatched,unmatched,reject_not_exact_synonym,EXACT,ACCEPTED,99,3986797,
Roepera rogersii,Zygophyllaceae,si,,unmatched,unmatched,reject_not_exact_synonym,EXACT,ACCEPTED,99,3986776,
Rorippa aquatica,Brassicaceae,si,,unmatched,unmatched,reject_not_exact_synonym,EXACT,ACCEPTED,99,3053366,
Roscoea alpina,Zingiberaceae,sc,,unmatched,unmatched,reject_not_exact_synonym,EXACT,ACCEPTED,99,5301278,
Roscoea debilis,Zingiberaceae,sc,,unmatched,unmatched,reject_not_exact_synonym,EXACT,ACCEPTED,99,5301343,
Roscoea purpurea,Zingiberaceae,si,,unmatched,unmatched,reject_not_exact_synonym,EXACT,ACCEPTED,99,5301320,
Roscoea schneideriana,Zingiberaceae,sc,,unmatched,unmatched,reject_not_exact_synonym,EXACT,ACCEPTED,99,5301339,
Ruellia subsessilis,Acanthaceae,sc,,unmatched,unmatched,reject_not_exact_synonym,EXACT,ACCEPTED,98,7701121,
Ruilopezia atropurpurea,Asteraceae,si,,unmatched,unmatched,reject_accepted_species_absent_from_master,EXACT,SYNONYM,98,3122386,3122387
Ruilopezia floccosa,Asteraceae,si,,unmatched,unmatched,reject_accepted_species_absent_from_master,EXACT,SYNONYM,98,3122351,3122352
Rutidosis lanata,Asteraceae,si,,unmatched,unmatched,reject_not_exact_synonym,EXACT,ACCEPTED,99,3140883,
Rutidosis leiolepis,Asteraceae,si,,unmatched,unmatched,reject_not_exact_synonym,EXACT,ACCEPTED,99,3140887,
Salvia hypoleuca,Lamiaceae,sc,,unmatched,unmatched,reject_not_exact_synonym,EXACT,ACCEPTED,99,3899789,
Salvia itatiaiensis,Lamiaceae,si,,unmatched,unmatched,reject_not_exact_synonym,EXACT,ACCEPTED,99,3899125,
Salvia majdae,Lamiaceae,sc,,unmatched,unmatched,reject_not_exact_synonym,EXACT,ACCEPTED,99,10861759,
Salvia stachydifolia,Lamiaceae,sc,,unmatched,unmatched,reject_not_exact_synonym,EXACT,ACCEPTED,99,3886845,
Sandbergia perplexa,Brassicaceae,sc,,unmatched,unmatched,reject_not_exact_synonym,EXACT,ACCEPTED,99,3051202,
Saussurea obvallata,Asteraceae,sc,,unmatched,unmatched,reject_not_exact_synonym,EXACT,ACCEPTED,97,5404479,
Saxifraga florulenta,Saxifragaceae,sc,,unmatched,unmatched,reject_not_exact_synonym,EXACT,ACCEPTED,97,3754238,
Schizachyrium dolosum,Poaceae,sc,,unmatched,unmatched,reject_not_exact_synonym,EXACT,ACCEPTED,99,4125057,
Schizachyrium perplexum,Poaceae,sc,,unmatched,unmatched,reject_not_exact_synonym,EXACT,ACCEPTED,99,4124365,
Schizanthus alpestris,Solanaceae,sc,,unmatched,unmatched,reject_not_exact_synonym,EXACT,ACCEPTED,98,7299384,
Schizanthus candidus,Solanaceae,sc,,unmatched,unmatched,reject_not_exact_synonym,EXACT,ACCEPTED,99,3798199,
Schizanthus grahamii,Solanaceae,sc,,unmatched,unmatched,reject_not_exact_synonym,EXACT,ACCEPTED,98,3798128,
Schizanthus hookeri,Solanaceae,sc,,unmatched,unmatched,reject_not_exact_synonym,EXACT,ACCEPTED,97,7299359,
Schizanthus integrifolius,Solanaceae,sc,,unmatched,unmatched,reject_not_exact_synonym,EXACT,ACCEPTED,99,3798088,
Schizanthus lacteus,Solanaceae,sc,,unmatched,unmatched,reject_not_exact_synonym,EXACT,ACCEPTED,99,3798073,
Schizanthus laetus,Solanaceae,sc,,unmatched,unmatched,reject_not_exact_synonym,EXACT,ACCEPTED,99,3798068,
Schizanthus litoralis,Solanaceae,sc,,unmatched,unmatched,reject_not_exact_synonym,EXACT,ACCEPTED,99,3798046,
Scorzonera tau-saghyz,Asteraceae,si,,unmatched,unmatched,reject_accepted_species_absent_from_master,EXACT,SYNONYM,98,3111022,11827566
Scurrula pulverulenta,Loranthaceae,sc,,unmatched,unmatched,reject_not_exact_synonym,EXACT,ACCEPTED,99,4000995,
Sebaea aurea,Gentianaceae,sc,,unmatched,unmatched,reject_not_exact_synonym,EXACT,ACCEPTED,97,3840203,
Senecio amygdalifolius,Asteraceae,si,,unmatched,unmatched,reject_accepted_species_absent_from_master,EXACT,SYNONYM,98,3108283,11189194
Senecio anethifolius,Asteraceae,si,,unmatched,unmatched,reject_not_exact_synonym,EXACT,ACCEPTED,98,8257024,
Senecio argyreus,Asteraceae,si,,unmatched,unmatched,reject_not_exact_synonym,EXACT,ACCEPTED,99,3109068,
Senecio coronopodiphyllus,Asteraceae,sc,,unmatched,unmatched,reject_not_exact_synonym,EXACT,ACCEPTED,99,3108970,
Senecio cruentus,Asteraceae,si,,unmatched,unmatched,reject_not_exact_synonym,EXACT,ACCEPTED,97,3087433,
Senecio gawlerensis,Asteraceae,si,,unmatched,unmatched,reject_not_exact_synonym,EXACT,ACCEPTED,99,3107189,
Senecio hercynicus,Asteraceae,sc,,unmatched,unmatched,reject_not_exact_synonym,EXACT,ACCEPTED,99,3107060,
Senecio macranthus,Asteraceae,si,,unmatched,unmatched,reject_not_exact_synonym,EXACT,ACCEPTED,97,7842557,
Senecio magnificus,Asteraceae,si,,unmatched,unmatched,reject_not_exact_synonym,EXACT,ACCEPTED,99,3108557,
Senecio nemoralis,Asteraceae,sc,,unmatched,unmatched,reject_not_exact_synonym,EXACT,ACCEPTED,99,3106876,
Senecio nevadensis,Asteraceae,si,,unmatched,unmatched,reject_not_exact_synonym,EXACT,ACCEPTED,97,3108888,
Senecio oleosus,Asteraceae,sc,,unmatched,unmatched,reject_not_exact_synonym,EXACT,ACCEPTED,99,3108650,
Senecio pectinatus,Asteraceae,si,,unmatched,unmatched,reject_not_exact_synonym,EXACT,ACCEPTED,97,8317096,
Senecio runcinifolius,Asteraceae,sc,,unmatched,unmatched,reject_not_exact_synonym,EXACT,ACCEPTED,99,3108369,
Senna martiana,Fabaceae,si,,unmatched,unmatched,reject_not_exact_synonym,EXACT,ACCEPTED,99,2957827,
Sesbania goetzei,Fabaceae,sc,,unmatched,unmatched,reject_not_exact_synonym,EXACT,ACCEPTED,99,2970591,
Sesbania keniensis,Fabaceae,sc,,unmatched,unmatched,reject_not_exact_synonym,EXACT,ACCEPTED,99,2970596,
Seseli ghafoorianum,Apiaceae,si,,unmatched,unmatched,reject_not_exact_synonym,EXACT,ACCEPTED,99,3631243,
Sideritis scardica,Lamiaceae,si,,unmatched,unmatched,reject_not_exact_synonym,EXACT,ACCEPTED,99,7307419,
Silphium integrifolium,Asteraceae,sc,,unmatched,unmatched,reject_not_exact_synonym,EXACT,ACCEPTED,99,3092564,
Silybum eburneum,Asteraceae,sc,,unmatched,unmatched,reject_not_exact_synonym,EXACT,ACCEPTED,99,3145226,
Simsia annectens,Asteraceae,si,,unmatched,unmatched,reject_not_exact_synonym,EXACT,ACCEPTED,99,5402164,
Simsia calva,Asteraceae,si,,unmatched,unmatched,reject_not_exact_synonym,EXACT,ACCEPTED,99,5402144,
Simsia chaseae,Asteraceae,sc,,unmatched,unmatched,reject_not_exact_synonym,EXACT,ACCEPTED,99,5402151,
Simsia dombeyana,Asteraceae,sc,,unmatched,unmatched,reject_not_exact_synonym,EXACT,ACCEPTED,99,5402140,
Simsia eurylepis,Asteraceae,sc,,unmatched,unmatched,reject_not_exact_synonym,EXACT,ACCEPTED,99,5402132,
Simsia foetida,Asteraceae,si,,unmatched,unmatched,reject_not_exact_synonym,EXACT,ACCEPTED,99,5402134,
Simsia fruticulosa,Asteraceae,si,,unmatched,unmatched,reject_not_exact_synonym,EXACT,ACCEPTED,99,5402153,
Simsia holwayi,Asteraceae,si,,unmatched,unmatched,reject_not_exact_synonym,EXACT,ACCEPTED,99,5402142,
Simsia molinae,Asteraceae,si,,unmatched,unmatched,reject_not_exact_synonym,EXACT,ACCEPTED,99,5402165,
Simsia sanguinea,Asteraceae,si,,unmatched,unmatched,reject_not_exact_synonym,EXACT,ACCEPTED,99,5402148,
Simsia santarosensis,Asteraceae,si,,unmatched,unmatched,reject_not_exact_synonym,EXACT,ACCEPTED,99,5402146,
Simsia setosa,Asteraceae,si,,unmatched,unmatched,reject_not_exact_synonym,EXACT,ACCEPTED,99,5402163,
Simsia steyermarkii,Asteraceae,si,,unmatched,unmatched,reject_not_exact_synonym,EXACT,ACCEPTED,99,5402139,
Simsia tenuis,Asteraceae,si,,unmatched,unmatched,reject_not_exact_synonym,EXACT,ACCEPTED,99,5402152,
Simsia villasenorii,Asteraceae,si,,unmatched,unmatched,reject_not_exact_synonym,EXACT,ACCEPTED,99,5402147,
Sinningia araneosa,Gesneriaceae,sc,,unmatched,unmatched,reject_not_exact_synonym,EXACT,ACCEPTED,99,3818652,
Sinningia lutea,Gesneriaceae,sc,,unmatched,unmatched,reject_not_exact_synonym,EXACT,ACCEPTED,99,7491727,
Siphocampylus westinianus,Campanulaceae,si,,unmatched,unmatched,reject_not_exact_synonym,EXACT,ACCEPTED,99,3168485,
Sisyrinchium glaziovii,Iridaceae,si,,unmatched,unmatched,reject_not_exact_synonym,EXACT,ACCEPTED,99,5296401,
Sisyrinchium wettsteinii,Iridaceae,si,,unmatched,unmatched,reject_not_exact_synonym,EXACT,ACCEPTED,99,5296167,
Solanum adscendens,Solanaceae,sc,,unmatched,unmatched,reject_not_exact_synonym,EXACT,ACCEPTED,99,2930395,
Solanum aloysiifolium,Solanaceae,sc,,unmatched,unmatched,reject_not_exact_synonym,EXACT,ACCEPTED,99,2931212,
Solanum amotapense,Solanaceae,sc,,unmatched,unmatched,reject_not_exact_synonym,EXACT,ACCEPTED,99,2929994,
Solanum anomalum,Solanaceae,sc,,unmatched,unmatched,reject_not_exact_synonym,EXACT,ACCEPTED,97,2932635,
Solanum argentinum,Solanaceae,sc,,unmatched,unmatched,reject_not_exact_synonym,EXACT,ACCEPTED,99,2932402,
Solanum ayacuchense,Solanaceae,si,,unmatched,unmatched,reject_not_exact_synonym,EXACT,ACCEPTED,99,2929014,
Solanum basendopogon,Solanaceae,si,,unmatched,unmatched,reject_not_exact_synonym,EXACT,ACCEPTED,99,2931538,
Solanum bombycinum,Solanaceae,sc,,unmatched,unmatched,reject_not_exact_synonym,EXACT,ACCEPTED,99,2932118,
Solanum brevifolium,Solanaceae,si,,unmatched,unmatched,reject_not_exact_synonym,EXACT,ACCEPTED,97,2931099,
Solanum cacosmum,Solanaceae,si,,unmatched,unmatched,reject_not_exact_synonym,EXACT,ACCEPTED,99,2932827,
Solanum cajamarquense,Solanaceae,si,,unmatched,unmatched,reject_not_exact_synonym,EXACT,ACCEPTED,99,2932611,
Solanum canense,Solanaceae,sc,,unmatched,unmatched,reject_not_exact_synonym,EXACT,ACCEPTED,99,2930906,
Solanum cardiophyllum,Solanaceae,si,,unmatched,unmatched,reject_not_exact_synonym,EXACT,ACCEPTED,97,2929226,
Solanum catilliflorum,Solanaceae,sc,,unmatched,unmatched,reject_not_exact_synonym,EXACT,ACCEPTED,99,2929168,
Solanum chenopodinum,Solanaceae,sc,,unmatched,unmatched,reject_not_exact_synonym,EXACT,ACCEPTED,99,2929649,
Solanum chilense,Solanaceae,si,,unmatched,unmatched,reject_not_exact_synonym,EXACT,ACCEPTED,98,2931761,
Solanum chimborazense,Solanaceae,si,,unmatched,unmatched,reject_not_exact_synonym,EXACT,ACCEPTED,99,2929191,
Solanum chippendalei,Solanaceae,si,,unmatched,unmatched,reject_not_exact_synonym,EXACT,ACCEPTED,99,2929055,
Solanum chiquidenum,Solanaceae,si,,unmatched,unmatched,reject_not_exact_synonym,EXACT,ACCEPTED,99,2932729,
Solanum chmielewskii,Solanaceae,sc,,unmatched,unmatched,reject_not_exact_synonym,EXACT,ACCEPTED,99,2932264,
Solanum cinereum,Solanaceae,sc,,unmatched,unmatched,reject_not_exact_synonym,EXACT,ACCEPTED,97,2929508,
Solanum cochoae,Solanaceae,si,,unmatched,unmatched,reject_not_exact_synonym,EXACT,ACCEPTED,99,2929762,
Solanum commersonii,Solanaceae,si,,unmatched,unmatched,reject_not_exact_synonym,EXACT,ACCEPTED,98,7653915,
Solanum confusum,Solanaceae,si,,unmatched,unmatched,reject_not_exact_synonym,EXACT,ACCEPTED,97,2929653,
Solanum conglobatum,Solanaceae,si,,unmatched,unmatched,reject_not_exact_synonym,EXACT,ACCEPTED,99,2931403,
Solanum corneliomulleri,Solanaceae,si,,unmatched,unmatched,reject_not_exact_synonym,EXACT,ACCEPTED,99,2930271,
Solanum corymbosum,Solanaceae,sc,,unmatched,unmatched,reject_not_exact_synonym,EXACT,ACCEPTED,97,2929459,
Solanum cyaneopurpureum,Solanaceae,sc,,unmatched,unmatched,reject_not_exact_synonym,EXACT,ACCEPTED,99,2930914,
Solanum davisense,Solanaceae,sc,,unmatched,unmatched,reject_not_exact_synonym,EXACT,ACCEPTED,99,2932844,
Solanum deflexum,Solanaceae,sc,,unmatched,unmatched,reject_not_exact_synonym,EXACT,ACCEPTED,99,2931629,
Solanum dimidiatum,Solanaceae,si,,unmatched,unmatched,reject_not_exact_synonym,EXACT,ACCEPTED,97,2930323,
Solanum ditrichum,Solanaceae,sc,,unmatched,unmatched,reject_not_exact_synonym,EXACT,ACCEPTED,99,2930433,
Solanum diversifolium,Solanaceae,si,,unmatched,unmatched,reject_not_exact_synonym,EXACT,ACCEPTED,97,8384763,
Solanum eburneum,Solanaceae,si,,unmatched,unmatched,reject_not_exact_synonym,EXACT,ACCEPTED,99,2930493,
Solanum ehrenbergii,Solanaceae,si,,unmatched,unmatched,reject_not_exact_synonym,EXACT,ACCEPTED,99,2929425,
Solanum enantiophyllanthum,Solanaceae,si,,unmatched,unmatched,reject_not_exact_synonym,EXACT,ACCEPTED,99,3801674,
Solanum exiguum,Solanaceae,si,,unmatched,unmatched,reject_not_exact_synonym,EXACT,ACCEPTED,99,2929539,
Solanum fallax,Solanaceae,si,,unmatched,unmatched,reject_not_exact_synonym,EXACT,ACCEPTED,99,2929171,
Solanum felinum,Solanaceae,sc,,unmatched,unmatched,reject_not_exact_synonym,EXACT,ACCEPTED,98,2932539,
Solanum flahaultii,Solanaceae,sc,,unmatched,unmatched,reject_not_exact_synonym,EXACT,ACCEPTED,99,2931152,
Solanum fragile,Solanaceae,sc,,unmatched,unmatched,reject_not_exact_synonym,EXACT,ACCEPTED,97,2929142,
Solanum fructu-tecto,Solanaceae,sc,,unmatched,unmatched,reject_accepted_species_absent_from_master,EXACT,SYNONYM,98,2932717,2932720
Solanum glandulosipilosum,Solanaceae,sc,,unmatched,unmatched,reject_not_exact_synonym,EXACT,ACCEPTED,99,3800197,
Solanum grayi,Solanaceae,sc,,unmatched,unmatched,reject_not_exact_synonym,EXACT,ACCEPTED,99,2931094,
Solanum heiseri,Solanaceae,si,,unmatched,unmatched,reject_not_exact_synonym,EXACT,ACCEPTED,99,2931898,
Solanum hibernum,Solanaceae,si,,unmatched,unmatched,reject_not_exact_synonym,EXACT,ACCEPTED,99,2930432,
Solanum huaylasense,Solanaceae,si,,unmatched,unmatched,reject_not_exact_synonym,EXACT,ACCEPTED,99,2931735,
Solanum huilense,Solanaceae,si,,unmatched,unmatched,reject_not_exact_synonym,EXACT,ACCEPTED,99,6070929,
Solanum humile,Solanaceae,sc,,unmatched,unmatched,reject_not_exact_synonym,EXACT,ACCEPTED,97,2930942,
Solanum hyporhodium,Solanaceae,sc,,unmatched,unmatched,reject_not_exact_synonym,EXACT,ACCEPTED,99,2930703,
Solanum interius,Solanaceae,sc,,unmatched,unmatched,reject_not_exact_synonym,EXACT,ACCEPTED,99,3798076,
Solanum itatiaiae,Solanaceae,sc,,unmatched,unmatched,reject_not_exact_synonym,EXACT,ACCEPTED,97,7640272,
Solanum jamesii,Solanaceae,si,,unmatched,unmatched,reject_not_exact_synonym,EXACT,ACCEPTED,99,2931084,
Solanum johnstonii,Solanaceae,sc,,unmatched,unmatched,reject_not_exact_synonym,EXACT,ACCEPTED,99,2930329,
Solanum latiflorum,Solanaceae,si,,unmatched,unmatched,reject_not_exact_synonym,EXACT,ACCEPTED,97,2932322,
Solanum leucandrum,Solanaceae,sc,,unmatched,unmatched,reject_not_exact_synonym,EXACT,ACCEPTED,99,2930560,
Solanum lumholtzianum,Solanaceae,sc,,unmatched,unmatched,reject_not_exact_synonym,EXACT,ACCEPTED,98,8187522,
Solanum lycocarpum,Solanaceae,si,,unmatched,unmatched,reject_not_exact_synonym,EXACT,ACCEPTED,99,2930421,
Solanum lycopersicoides,Solanaceae,si,,unmatched,unmatched,reject_not_exact_synonym,EXACT,ACCEPTED,99,2930364,
Solanum maternum,Solanaceae,si,,unmatched,unmatched,reject_not_exact_synonym,EXACT,ACCEPTED,99,2929015,
Solanum myriacanthum,Solanaceae,sc,,unmatched,unmatched,reject_not_exact_synonym,EXACT,ACCEPTED,99,2932223,
Solanum neorickii,Solanaceae,sc,,unmatched,unmatched,reject_not_exact_synonym,EXACT,ACCEPTED,99,2930908,
Solanum obliquum,Solanaceae,si,,unmatched,unmatched,reject_not_exact_synonym,EXACT,ACCEPTED,97,2930217,
Solanum olympicum,Solanaceae,sc,,unmatched,unmatched,reject_not_exact_synonym,EXACT,ACCEPTED,99,3799123,
Solanum oxyphyllum,Solanaceae,si,,unmatched,unmatched,reject_not_exact_synonym,EXACT,ACCEPTED,99,2930419,
Solanum palitans,Solanaceae,sc,,unmatched,unmatched,reject_not_exact_synonym,EXACT,ACCEPTED,99,2929494,
Solanum paucissectum,Solanaceae,si,,unmatched,unmatched,reject_accepted_species_absent_from_master,EXACT,SYNONYM,98,3798364,2930689
Solanum pendulum,Solanaceae,si,,unmatched,unmatched,reject_not_exact_synonym,EXACT,ACCEPTED,97,2930487,
Solanum pennellii,Solanaceae,si,,unmatched,unmatched,reject_not_exact_synonym,EXACT,ACCEPTED,99,2930397,
Solanum pentlandii,Solanaceae,sc,,unmatched,unmatched,reject_not_exact_synonym,EXACT,ACCEPTED,99,3798180,
Solanum perlongistylum,Solanaceae,si,,unmatched,unmatched,reject_not_exact_synonym,EXACT,ACCEPTED,99,2929137,
Solanum pinetorum,Solanaceae,si,,unmatched,unmatched,reject_not_exact_synonym,EXACT,ACCEPTED,99,2931639,
Solanum platense,Solanaceae,sc,,unmatched,unmatched,reject_not_exact_synonym,EXACT,ACCEPTED,98,7948425,
Solanum prinophyllum,Solanaceae,sc,,unmatched,unmatched,reject_not_exact_synonym,EXACT,ACCEPTED,99,2932001,
Solanum pseudolulo,Solanaceae,sc,,unmatched,unmatched,reject_not_exact_synonym,EXACT,ACCEPTED,99,2930827,
Solanum sciadostylis,Solanaceae,si,,unmatched,unmatched,reject_not_exact_synonym,EXACT,ACCEPTED,99,2932349,
Solanum sitiens,Solanaceae,si,,unmatched,unmatched,reject_not_exact_synonym,EXACT,ACCEPTED,99,2932141,
Solanum skutchii,Solanaceae,si,,unmatched,unmatched,reject_not_exact_synonym,EXACT,ACCEPTED,99,2932110,
Solanum sodiroi,Solanaceae,si,,unmatched,unmatched,reject_not_exact_synonym,EXACT,ACCEPTED,99,2931885,
Solanum stagnale,Solanaceae,sc,,unmatched,unmatched,reject_not_exact_synonym,EXACT,ACCEPTED,99,2930371,
Solanum stenophyllidium,Solanaceae,si,,unmatched,unmatched,reject_not_exact_synonym,EXACT,ACCEPTED,99,2929642,
Solanum stipuloideum,Solanaceae,si,,unmatched,unmatched,reject_not_exact_synonym,EXACT,ACCEPTED,99,2929446,
Solanum stramoniifolium,Solanaceae,sc,,unmatched,unmatched,reject_non_exact_match,HIGHERRANK,ACCEPTED,97,2928997,
Solanum stuckertii,Solanaceae,si,,unmatched,unmatched,reject_not_exact_synonym,EXACT,ACCEPTED,99,2929997,
Solanum supinum,Solanaceae,sc,,unmatched,unmatched,reject_not_exact_synonym,EXACT,ACCEPTED,99,2931659,
Solanum tabanoense,Solanaceae,si,,unmatched,unmatched,reject_not_exact_synonym,EXACT,ACCEPTED,99,2930434,
Solanum tacanense,Solanaceae,si,,unmatched,unmatched,reject_not_exact_synonym,EXACT,ACCEPTED,99,2930396,
Solanum taeniotrichum,Solanaceae,si,,unmatched,unmatched,reject_not_exact_synonym,EXACT,ACCEPTED,99,2930195,
Solanum tarnii,Solanaceae,si,,unmatched,unmatched,reject_not_exact_synonym,EXACT,ACCEPTED,99,2929325,
Solanum tenuipes,Solanaceae,sc,,unmatched,unmatched,reject_not_exact_synonym,EXACT,ACCEPTED,98,7661145,
Solanum tenuispinum,Solanaceae,sc,,unmatched,unmatched,reject_not_exact_synonym,EXACT,ACCEPTED,99,2932424,
Solanum tomentosum,Solanaceae,sc,,unmatched,unmatched,reject_not_exact_synonym,EXACT,ACCEPTED,97,2929743,
Solanum trachycarpum,Solanaceae,sc,,unmatched,unmatched,reject_not_exact_synonym,EXACT,ACCEPTED,99,2932155,
Solanum tribulosum,Solanaceae,sc,,unmatched,unmatched,reject_not_exact_synonym,EXACT,ACCEPTED,99,2931892,
Solanum trifidum,Solanaceae,si,,unmatched,unmatched,reject_not_exact_synonym,EXACT,ACCEPTED,99,2931602,
Solanum tripartitum,Solanaceae,sc,,unmatched,unmatched,reject_not_exact_synonym,EXACT,ACCEPTED,98,2930986,
Solanum trizygum,Solanaceae,sc,,unmatched,unmatched,reject_not_exact_synonym,EXACT,ACCEPTED,99,2930471,
Solanum vestissimum,Solanaceae,sc,,unmatched,unmatched,reject_not_exact_synonym,EXACT,ACCEPTED,99,2932030,
Solanum vicinum,Solanaceae,sc,,unmatched,unmatched,reject_not_exact_synonym,EXACT,ACCEPTED,99,2931891,
Solidago drummondii,Asteraceae,si,,unmatched,unmatched,reject_not_exact_synonym,EXACT,ACCEPTED,99,5388887,
Solidago shortii,Asteraceae,si,,unmatched,unmatched,reject_not_exact_synonym,EXACT,ACCEPTED,99,5388912,
Sonchus crassifolius,Asteraceae,si,,unmatched,unmatched,reject_not_exact_synonym,EXACT,ACCEPTED,97,4250382,
Sonchus pustulatus,Asteraceae,si,,unmatched,unmatched,reject_not_exact_synonym,EXACT,ACCEPTED,99,3105824,
Sorbus arranensis,Rosaceae,sc,,unmatched,unmatched,reject_non_exact_match,HIGHERRANK,ACCEPTED,97,9665832,
Spathiphyllum ortgiesii,Araceae,si,,unmatched,unmatched,reject_not_exact_synonym,EXACT,ACCEPTED,99,2869748,
Spondias macrocarpa,Anacardiaceae,si,,unmatched,unmatched,reject_not_exact_synonym,EXACT,ACCEPTED,99,3661243,
Sporobolus disjunctus,Poaceae,sc,,unmatched,unmatched,reject_not_exact_synonym,EXACT,ACCEPTED,99,4150635,
Stanleya pinnata,Brassicaceae,sc,,unmatched,unmatched,reject_not_exact_synonym,EXACT,ACCEPTED,99,5373733,
Stephanomeria malheurensis,Asteraceae,sc,,unmatched,unmatched,reject_not_exact_synonym,EXACT,ACCEPTED,99,3141088,
Stephanomeria paniculata,Asteraceae,sc,,unmatched,unmatched,reject_not_exact_synonym,EXACT,ACCEPTED,99,3141086,
Stigmaphyllon bonariense,Malpighiaceae,si,,unmatched,unmatched,reject_not_exact_synonym,EXACT,ACCEPTED,99,3983946,
Stigmaphyllon jatrophifolium,Malpighiaceae,si,,unmatched,unmatched,reject_not_exact_synonym,EXACT,ACCEPTED,99,7285190,
Streptanthus cutleri,Brassicaceae,si,,unmatched,unmatched,reject_not_exact_synonym,EXACT,ACCEPTED,99,3041552,
Streptanthus tortuosus,Brassicaceae,sc,,unmatched,unmatched,reject_not_exact_synonym,EXACT,ACCEPTED,99,3041559,
Streptocarpus dunnii,Gesneriaceae,si,,unmatched,unmatched,reject_not_exact_synonym,EXACT,ACCEPTED,98,8269257,
Streptocarpus micranthus,Gesneriaceae,sc,,unmatched,unmatched,reject_not_exact_synonym,EXACT,ACCEPTED,99,5590828,
Streptocarpus primulifolius,Gesneriaceae,si,,unmatched,unmatched,reject_accepted_species_absent_from_master,EXACT,SYNONYM,98,5590578,5590584
Streptocarpus teitensis,Gesneriaceae,sc,,unmatched,unmatched,reject_not_exact_synonym,EXACT,ACCEPTED,99,10816263,
Stylosanthes campestris,Fabaceae,sc,,unmatched,unmatched,reject_not_exact_synonym,EXACT,ACCEPTED,99,2975720,
Stylosanthes ingrata,Fabaceae,sc,,unmatched,unmatched,reject_not_exact_synonym,EXACT,ACCEPTED,99,2975689,
Stylosanthes leiocarpa,Fabaceae,sc,,unmatched,unmatched,reject_not_exact_synonym,EXACT,ACCEPTED,99,2956704,
Stylosanthes macrocarpa,Fabaceae,sc,,unmatched,unmatched,reject_not_exact_synonym,EXACT,ACCEPTED,99,2975673,
Stylosanthes mexicana,Fabaceae,sc,,unmatched,unmatched,reject_not_exact_synonym,EXACT,ACCEPTED,99,2975736,
Stylosanthes montevidensis,Fabaceae,sc,,unmatched,unmatched,reject_not_exact_synonym,EXACT,ACCEPTED,97,2975701,
Stylosanthes sericeiceps,Fabaceae,sc,,unmatched,unmatched,reject_not_exact_synonym,EXACT,ACCEPTED,99,2975685,
Swartzia glazioviana,Fabaceae,si,,unmatched,unmatched,reject_not_exact_synonym,EXACT,ACCEPTED,98,10730109,
Symphyotrichum frondosum,Asteraceae,sc,,unmatched,unmatched,reject_not_exact_synonym,EXACT,ACCEPTED,99,3151462,
Symphyotrichum turbinellum,Asteraceae,si,,unmatched,unmatched,reject_not_exact_synonym,EXACT,ACCEPTED,99,3151488,
Syzygium mamillatum,Myrtaceae,si,,unmatched,unmatched,reject_not_exact_synonym,EXACT,ACCEPTED,99,3184429,
Syzygium mundagam,Myrtaceae,sc,,unmatched,unmatched,reject_not_exact_synonym,EXACT,ACCEPTED,99,3182159,
Syzygium occidentale,Myrtaceae,sc,,unmatched,unmatched,reject_not_exact_synonym,EXACT,ACCEPTED,97,3182937,
Tabebuia ochracea,Bignoniaceae,si,,unmatched,unmatched,reject_not_exact_synonym,EXACT,ACCEPTED,97,7880545,
Tacinga palmadora,Cactaceae,sc,,unmatched,unmatched,reject_not_exact_synonym,EXACT,ACCEPTED,99,3957919,
Taraxacum bessarabicum,Asteraceae,sc,,unmatched,unmatched,reject_not_exact_synonym,EXACT,ACCEPTED,97,5394232,
Taraxacum calcareum,Asteraceae,sc,,unmatched,unmatched,reject_not_exact_synonym,EXACT,ACCEPTED,98,5394532,
Taraxacum multiscaposum,Asteraceae,si,,unmatched,unmatched,reject_not_exact_synonym,EXACT,ACCEPTED,99,5394001,
Telipogon peruvianus,Orchidaceae,sc,,unmatched,unmatched,reject_not_exact_synonym,EXACT,ACCEPTED,99,2790845,
Tephroseris crispa,Asteraceae,si,,unmatched,unmatched,reject_not_exact_synonym,EXACT,ACCEPTED,97,3130985,
Tephroseris longifolia,Asteraceae,si,,unmatched,unmatched,reject_not_exact_synonym,EXACT,ACCEPTED,98,3131004,
Tephrosia adunca,Fabaceae,si,,unmatched,unmatched,reject_not_exact_synonym,EXACT,ACCEPTED,99,5342262,
Tephrosia lupinifolia,Fabaceae,sc,,unmatched,unmatched,reject_not_exact_synonym,EXACT,ACCEPTED,99,5342387,
Tetraneuris acaulis,Asteraceae,si,,unmatched,unmatched,reject_not_exact_synonym,EXACT,ACCEPTED,99,3112389,
Tetraneuris herbacea,Asteraceae,si,,unmatched,unmatched,reject_not_exact_synonym,EXACT,ACCEPTED,99,3112429,
Theobroma bicolor,Malvaceae,sc,,unmatched,unmatched,reject_not_exact_synonym,EXACT,ACCEPTED,98,3152209,
Thymus fedtschenkoi,Lamiaceae,sc,,unmatched,unmatched,reject_not_exact_synonym,EXACT,ACCEPTED,99,7307424,
Thyridolepis xerophila,Poaceae,sc,,unmatched,unmatched,reject_not_exact_synonym,EXACT,ACCEPTED,99,4124959,
Tibouchina hatschbachii,Melastomataceae,sc,,unmatched,unmatched,reject_accepted_species_absent_from_master,EXACT,SYNONYM,98,3862535,10778829
Tibouchina papyrus,Melastomataceae,sc,,unmatched,unmatched,reject_accepted_species_absent_from_master,EXACT,SYNONYM,98,3860605,7451238
Tillandsia achyrostachys,Bromeliaceae,si,,unmatched,unmatched,reject_not_exact_synonym,EXACT,ACCEPTED,98,2695397,
Tinantia pringlei,Commelinaceae,sc,,unmatched,unmatched,reject_not_exact_synonym,EXACT,ACCEPTED,99,5303515,
Tonella floribunda,Plantaginaceae,si,,unmatched,unmatched,reject_not_exact_synonym,EXACT,ACCEPTED,99,3170800,
Townsendia aprica,Asteraceae,si,,unmatched,unmatched,reject_not_exact_synonym,EXACT,ACCEPTED,99,5401965,
Townsendia condensata,Asteraceae,si,,unmatched,unmatched,reject_not_exact_synonym,EXACT,ACCEPTED,98,8097797,
Townsendia florifer,Asteraceae,si,,unmatched,unmatched,reject_not_exact_synonym,EXACT,ACCEPTED,99,5401966,
Townsendia hookeri,Asteraceae,sc,,unmatched,unmatched,reject_not_exact_synonym,EXACT,ACCEPTED,99,5401962,
Townsendia incana,Asteraceae,si,,unmatched,unmatched,reject_not_exact_synonym,EXACT,ACCEPTED,99,5401948,
Townsendia montana,Asteraceae,si,,unmatched,unmatched,reject_not_exact_synonym,EXACT,ACCEPTED,99,5401950,
Townsendia parryi,Asteraceae,si,,unmatched,unmatched,reject_not_exact_synonym,EXACT,ACCEPTED,99,5401934,
Toxicoscordion paniculatum,Melanthiaceae,sc,,unmatched,unmatched,reject_not_exact_synonym,EXACT,ACCEPTED,99,2741779,
Tradescantia hirsuticaulis,Commelinaceae,si,,unmatched,unmatched,reject_not_exact_synonym,EXACT,ACCEPTED,99,2765306,
Tragopogon mirus,Asteraceae,sc,,unmatched,unmatched,reject_not_exact_synonym,EXACT,ACCEPTED,99,5386951,
Tragopogon miscellus,Asteraceae,sc,,unmatched,unmatched,reject_not_exact_synonym,EXACT,ACCEPTED,99,5386909,
Trichloris crinita,Poaceae,sc,,unmatched,unmatched,reject_accepted_species_absent_from_master,EXACT,SYNONYM,98,5289604,7911469
Trichocentrum cavendishianum,Orchidaceae,si,,unmatched,unmatched,reject_not_exact_synonym,EXACT,ACCEPTED,99,2846529,
Trichocentrum microchilum,Orchidaceae,si,,unmatched,unmatched,reject_not_exact_synonym,EXACT,ACCEPTED,99,2846418,
Trichodiadema strumosum,Aizoaceae,sc,,unmatched,unmatched,reject_not_exact_synonym,EXACT,ACCEPTED,99,5554175,
Trichopetalum plumosum,Asparagaceae,sc,,unmatched,unmatched,reject_not_exact_synonym,EXACT,ACCEPTED,99,5303863,
Trichostema laxum,Lamiaceae,sc,,unmatched,unmatched,reject_not_exact_synonym,EXACT,ACCEPTED,99,2926658,
Trifolium africanum,Fabaceae,si,,unmatched,unmatched,reject_not_exact_synonym,EXACT,ACCEPTED,99,5358690,
Trifolium aintabense,Fabaceae,sc,,unmatched,unmatched,reject_not_exact_synonym,EXACT,ACCEPTED,99,5358724,
Trifolium alpinum,Fabaceae,sc,,unmatched,unmatched,reject_not_exact_synonym,EXACT,ACCEPTED,97,5359425,
Trifolium amoenum,Fabaceae,si,,unmatched,unmatched,reject_not_exact_synonym,EXACT,ACCEPTED,99,5359508,
Trifolium baccarinii,Fabaceae,sc,,unmatched,unmatched,reject_not_exact_synonym,EXACT,ACCEPTED,99,5359198,
Trifolium batmanicum,Fabaceae,sc,,unmatched,unmatched,reject_not_exact_synonym,EXACT,ACCEPTED,98,10753111,
Trifolium berytheum,Fabaceae,si,,unmatched,unmatched,reject_not_exact_synonym,EXACT,ACCEPTED,99,5359027,
Trifolium buckwestiorum,Fabaceae,sc,,unmatched,unmatched,reject_not_exact_synonym,EXACT,ACCEPTED,99,5359238,
Trifolium bullatum,Fabaceae,sc,,unmatched,unmatched,reject_not_exact_synonym,EXACT,ACCEPTED,99,5358975,
Trifolium chilense,Fabaceae,sc,,unmatched,unmatched,reject_not_exact_synonym,EXACT,ACCEPTED,99,5359164,
Trifolium eriosphaerum,Fabaceae,sc,,unmatched,unmatched,reject_not_exact_synonym,EXACT,ACCEPTED,99,5359525,
Trifolium haussknechtii,Fabaceae,sc,,unmatched,unmatched,reject_not_exact_synonym,EXACT,ACCEPTED,99,5359108,
Trifolium lanceolatum,Fabaceae,sc,,unmatched,unmatched,reject_not_exact_synonym,EXACT,ACCEPTED,99,5359014,
Trifolium masaiense,Fabaceae,si,,unmatched,unmatched,reject_not_exact_synonym,EXACT,ACCEPTED,99,5359436,
Trifolium mattirolianum,Fabaceae,si,,unmatched,unmatched,reject_not_exact_synonym,EXACT,ACCEPTED,99,5359524,
Trifolium meironense,Fabaceae,sc,,unmatched,unmatched,reject_not_exact_synonym,EXACT,ACCEPTED,99,5633206,
Trifolium palaestinum,Fabaceae,sc,,unmatched,unmatched,reject_not_exact_synonym,EXACT,ACCEPTED,99,5358722,
Trifolium plebeium,Fabaceae,sc,,unmatched,unmatched,reject_not_exact_synonym,EXACT,ACCEPTED,99,5358795,
Trifolium polymorphum,Fabaceae,sc,,unmatched,unmatched,reject_not_exact_synonym,EXACT,ACCEPTED,99,5359080,
Trifolium pseudostriatum,Fabaceae,sc,,unmatched,unmatched,reject_not_exact_synonym,EXACT,ACCEPTED,99,5358723,
Trifolium sarosiense,Fabaceae,si,,unmatched,unmatched,reject_not_exact_synonym,EXACT,ACCEPTED,98,5358815,
Trifolium schimperi,Fabaceae,sc,,unmatched,unmatched,reject_not_exact_synonym,EXACT,ACCEPTED,99,5358903,
Trifolium steudneri,Fabaceae,sc,,unmatched,unmatched,reject_not_exact_synonym,EXACT,ACCEPTED,99,5358974,
Trifolium tembense,Fabaceae,sc,,unmatched,unmatched,reject_not_exact_synonym,EXACT,ACCEPTED,99,5358819,
Trifolium virginicum,Fabaceae,sc,,unmatched,unmatched,reject_not_exact_synonym,EXACT,ACCEPTED,99,5359396,
Trigonella filipes,Fabaceae,sc,,unmatched,unmatched,reject_not_exact_synonym,EXACT,ACCEPTED,99,5360383,
Trigonella mesopotamica,Fabaceae,sc,,unmatched,unmatched,reject_not_exact_synonym,EXACT,ACCEPTED,99,5632281,
Triticum dicoccoides,Poaceae,sc,,unmatched,unmatched,reject_not_exact_synonym,EXACT,ACCEPTED,97,7387585,
Ursinia cakilefolia,Asteraceae,si,,unmatched,unmatched,reject_not_exact_synonym,EXACT,ACCEPTED,99,3089072,
Ursinia calenduliflora,Asteraceae,si,,unmatched,unmatched,reject_not_exact_synonym,EXACT,ACCEPTED,97,8632006,
Ursinia nana,Asteraceae,sc,,unmatched,unmatched,reject_not_exact_synonym,EXACT,ACCEPTED,99,3089064,
Utricularia babui,Lentibulariaceae,sc,,unmatched,unmatched,reject_not_exact_synonym,EXACT,ACCEPTED,99,4087956,
Utricularia praeterita,Lentibulariaceae,sc,,unmatched,unmatched,reject_not_exact_synonym,EXACT,ACCEPTED,99,4087756,
Vassobia breviflora,Solanaceae,sc,,unmatched,unmatched,reject_not_exact_synonym,EXACT,ACCEPTED,99,3801366,
Verbesina aristata,Asteraceae,si,,unmatched,unmatched,reject_not_exact_synonym,EXACT,ACCEPTED,99,3148100,
Verbesina chapmanii,Asteraceae,si,,unmatched,unmatched,reject_not_exact_synonym,EXACT,ACCEPTED,99,3147893,
Verbesina heterophylla,Asteraceae,si,,unmatched,unmatched,reject_not_exact_synonym,EXACT,ACCEPTED,97,3147865,
Verbesina virgata,Asteraceae,sc,,unmatched,unmatched,reject_not_exact_synonym,EXACT,ACCEPTED,99,3148017,
Vicia anatolica,Fabaceae,sc,,unmatched,unmatched,reject_not_exact_synonym,EXACT,ACCEPTED,99,2974954,
Vicia angustifolia,Fabaceae,sc,,unmatched,unmatched,reject_non_exact_match,HIGHERRANK,ACCEPTED,97,2974751,
Vicia assyriaca,Fabaceae,sc,,unmatched,unmatched,reject_not_exact_synonym,EXACT,ACCEPTED,99,2974876,
Vicia ciliatula,Fabaceae,sc,,unmatched,unmatched,reject_not_exact_synonym,EXACT,ACCEPTED,99,2975341,
Vicia dionysiensis,Fabaceae,sc,,unmatched,unmatched,reject_not_exact_synonym,EXACT,ACCEPTED,99,2975271,
Vicia eristalioides,Fabaceae,sc,,unmatched,unmatched,reject_not_exact_synonym,EXACT,ACCEPTED,99,2975151,
Vicia galeata,Fabaceae,sc,,unmatched,unmatched,reject_not_exact_synonym,EXACT,ACCEPTED,99,2975090,
Vicia hyaeniscyamus,Fabaceae,sc,,unmatched,unmatched,reject_not_exact_synonym,EXACT,ACCEPTED,99,2975081,
Vicia kalakhensis,Fabaceae,sc,,unmatched,unmatched,reject_not_exact_synonym,EXACT,ACCEPTED,99,2975239,
Vicia michauxii,Fabaceae,sc,,unmatched,unmatched,reject_not_exact_synonym,EXACT,ACCEPTED,97,11521493,
Vicia montbretii,Fabaceae,sc,,unmatched,unmatched,reject_not_exact_synonym,EXACT,ACCEPTED,99,2975460,
Vicia noeana,Fabaceae,sc,,unmatched,unmatched,reject_not_exact_synonym,EXACT,ACCEPTED,99,2975097,
Vicia qatmensis,Fabaceae,sc,,unmatched,unmatched,reject_not_exact_synonym,EXACT,ACCEPTED,99,2975143,
Vicia sericocarpa,Fabaceae,sc,,unmatched,unmatched,reject_not_exact_synonym,EXACT,ACCEPTED,99,2974821,
Vicia tigridis,Fabaceae,sc,,unmatched,unmatched,reject_not_exact_synonym,EXACT,ACCEPTED,99,2974779,
Viola caspia,Violaceae,sc,,unmatched,unmatched,reject_not_exact_synonym,EXACT,ACCEPTED,99,7296371,
Viola egglestonii,Violaceae,sc,,unmatched,unmatched,reject_not_exact_synonym,EXACT,ACCEPTED,99,5331322,
Vochysia guianensis,Vochysiaceae,si,,unmatched,unmatched,reject_not_exact_synonym,EXACT,ACCEPTED,99,4030836,
Vochysia rufa,Vochysiaceae,si,,unmatched,unmatched,reject_not_exact_synonym,EXACT,ACCEPTED,99,7288325,
Vriesea michaelii,Bromeliaceae,sc,,unmatched,unmatched,reject_not_exact_synonym,EXACT,ACCEPTED,99,5289291,
Vriesea paraibica,Bromeliaceae,si,,unmatched,unmatched,reject_not_exact_synonym,EXACT,ACCEPTED,99,5289100,
Wachendorfia brachyandra,Haemodoraceae,sc,,unmatched,unmatched,reject_not_exact_synonym,EXACT,ACCEPTED,99,2765890,
Walwhalleya proluta,Poaceae,sc,,unmatched,unmatched,reject_not_exact_synonym,EXACT,ACCEPTED,99,4144339,
Warea carteri,Brassicaceae,sc,,unmatched,unmatched,reject_not_exact_synonym,EXACT,ACCEPTED,99,5375486,
Warmingia eugenii,Orchidaceae,sc,,unmatched,unmatched,reject_not_exact_synonym,EXACT,ACCEPTED,99,5324417,
Werauhia noctiflorens,Bromeliaceae,sc,,unmatched,unmatched,reject_not_exact_synonym,EXACT,ACCEPTED,99,4018654,
Werauhia nutans,Bromeliaceae,sc,,unmatched,unmatched,reject_not_exact_synonym,EXACT,ACCEPTED,99,2700301,
Witheringia coccoloboides,Solanaceae,si,,unmatched,unmatched,reject_not_exact_synonym,EXACT,ACCEPTED,99,5581183,
Witheringia correana,Solanaceae,si,,unmatched,unmatched,reject_accepted_species_absent_from_master,EXACT,SYNONYM,98,5581176,5581111
Witheringia meiantha,Solanaceae,si,,unmatched,unmatched,reject_not_exact_synonym,EXACT,ACCEPTED,99,8515625,
Witheringia mexicana,Solanaceae,si,,unmatched,unmatched,reject_not_exact_synonym,EXACT,ACCEPTED,99,5581098,
Witheringia mortonii,Solanaceae,si,,unmatched,unmatched,reject_not_exact_synonym,EXACT,ACCEPTED,99,5581079,
Yinshania henryi,Brassicaceae,sc,,unmatched,unmatched,reject_not_exact_synonym,EXACT,ACCEPTED,99,3051242,
Yucca brevifolia,Asparagaceae,si,,unmatched,unmatched,reject_not_exact_synonym,EXACT,ACCEPTED,97,2775592,
Zinnia acerosa,Asteraceae,si,,unmatched,unmatched,reject_not_exact_synonym,EXACT,ACCEPTED,99,3111789,
Zinnia anomala,Asteraceae,si,,unmatched,unmatched,reject_not_exact_synonym,EXACT,ACCEPTED,99,3111794,
Zinnia citrea,Asteraceae,si,,unmatched,unmatched,reject_not_exact_synonym,EXACT,ACCEPTED,99,3111751,
Zinnia juniperifolia,Asteraceae,si,,unmatched,unmatched,reject_not_exact_synonym,EXACT,ACCEPTED,99,3111786,
Zinnia leucoglossa,Asteraceae,si,,unmatched,unmatched,reject_not_exact_synonym,EXACT,ACCEPTED,99,4221442,
Zinnia oligantha,Asteraceae,si,,unmatched,unmatched,reject_not_exact_synonym,EXACT,ACCEPTED,99,3111792,
Zornia brasiliensis,Fabaceae,sc,,unmatched,unmatched,reject_not_exact_synonym,EXACT,ACCEPTED,99,5355226,
Zornia cearensis,Fabaceae,sc,,unmatched,unmatched,reject_not_exact_synonym,EXACT,ACCEPTED,99,5355218,
Zornia echinocarpa,Fabaceae,sc,,unmatched,unmatched,reject_not_exact_synonym,EXACT,ACCEPTED,99,5355348,
Zornia orbiculata,Fabaceae,sc,,unmatched,unmatched,reject_not_exact_synonym,EXACT,ACCEPTED,99,5355249,
Zornia pratensis,Fabaceae,sc,,unmatched,unmatched,reject_not_exact_synonym,EXACT,ACCEPTED,97,5355265,
Zornia trachycarpa,Fabaceae,sc,,unmatched,unmatched,reject_not_exact_synonym,EXACT,ACCEPTED,99,5355345,
Zornia virgata,Fabaceae,sc,,unmatched,unmatched,reject_not_exact_synonym,EXACT,ACCEPTED,99,5355314,
Zuccagnia punctata,Fabaceae,si,,unmatched,unmatched,reject_not_exact_synonym,EXACT,ACCEPTED,99,2981773,
Zuvanda crenulata,Brassicaceae,si,,unmatched,unmatched,reject_not_exact_synonym,EXACT,ACCEPTED,99,3050763,
Zygophyllum atriplicoides,Zygophyllaceae,sc,,unmatched,unmatched,reject_not_exact_synonym,EXACT,ACCEPTED,99,6384817,
Zygostigma australe,Gentianaceae,sc,,unmatched,unmatched,reject_not_exact_synonym,EXACT,ACCEPTED,99,3842701,
