candidate_id,accepted_species,axis,trait_name,raw_value,normalized_value,evidence_quality,evidence_scope,source_group,source_provider,source_url,page_title,source_citation,source_excerpt,source_record_id,source_lineage,lineage_method,name_resolution_lineage,name_match_method,matched_page_name,source_tier,source_type,domain,language,wild_cultivated_cultivar_status,evidence_status,content_sha256,content_sha256_basis,retrieved_at_utc,query,search_rank,inference_rule
4a563703ff49653109c110d4,Abies amabilis,flower_colour,flower_primary_color,yellow_orange,yellow_orange,medium,species_direct,curated_bulk_reaudit,EOL TraitBank all-traits archive,https://eol.org/pages/1033071/data,Encyclopedia of Life TraitBank species trait record,"The PLANTS Database, United States Department of Agriculture, National Resources Conservation Service. http://plants.usda.gov/",EOL TraitBank record R133-PK288700273: flower color = yellow; EOL page 1033071.,R133-PK288700273,citation:eol-upstream:e989e6becc737357dccb,normalized_upstream_source_citation,accepted_name_exact,accepted_name_exact,Abies amabilis,A,public_curated_trait_database,eol.org,en,species_trait_record_not_cultivar_limited,accepted_individual_structured_source_audit,a029cef6f771b08c1ad5cb2cd5f5a56a53de6896cee768ebcd7c61f756735072,EOL_traits_all.zip_bytes,2026-08-11T00:00:00Z,already_acquired_bulk_reaudit_no_new_web_query,,
07bbdf57155adac9d7e4f157,Abies balsamea,flower_colour,flower_primary_color,yellow_orange,yellow_orange,medium,species_direct,curated_bulk_reaudit,EOL TraitBank all-traits archive,https://eol.org/pages/1061732/data,Encyclopedia of Life TraitBank species trait record,"The PLANTS Database, United States Department of Agriculture, National Resources Conservation Service. http://plants.usda.gov/",EOL TraitBank record R133-PK288700274: flower color = yellow; EOL page 1061732.,R133-PK288700274,citation:eol-upstream:e989e6becc737357dccb,normalized_upstream_source_citation,accepted_name_exact,accepted_name_exact,Abies balsamea,A,public_curated_trait_database,eol.org,en,species_trait_record_not_cultivar_limited,accepted_individual_structured_source_audit,a029cef6f771b08c1ad5cb2cd5f5a56a53de6896cee768ebcd7c61f756735072,EOL_traits_all.zip_bytes,2026-08-11T00:00:00Z,already_acquired_bulk_reaudit_no_new_web_query,,
53c4fc666f61e708d075ffd4,Abies concolor,flower_colour,flower_primary_color,red_pink,red_pink,medium,species_direct,curated_bulk_reaudit,EOL TraitBank all-traits archive,https://eol.org/pages/1033078/data,Encyclopedia of Life TraitBank species trait record,"The PLANTS Database, United States Department of Agriculture, National Resources Conservation Service. http://plants.usda.gov/",EOL TraitBank record R133-PK288701595: flower color = red; EOL page 1033078.,R133-PK288701595,citation:eol-upstream:e989e6becc737357dccb,normalized_upstream_source_citation,accepted_name_exact,accepted_name_exact,Abies concolor,A,public_curated_trait_database,eol.org,en,species_trait_record_not_cultivar_limited,accepted_individual_structured_source_audit,a029cef6f771b08c1ad5cb2cd5f5a56a53de6896cee768ebcd7c61f756735072,EOL_traits_all.zip_bytes,2026-08-11T00:00:00Z,already_acquired_bulk_reaudit_no_new_web_query,,
242cff2c9985cfe8061bd500,Abies fraseri,flower_colour,flower_primary_color,blue_purple,blue_purple,medium,species_direct,curated_bulk_reaudit,EOL TraitBank all-traits archive,https://eol.org/pages/1034953/data,Encyclopedia of Life TraitBank species trait record,"The PLANTS Database, United States Department of Agriculture, National Resources Conservation Service. http://plants.usda.gov/",EOL TraitBank record R133-PK288701719: flower color = purple; EOL page 1034953.,R133-PK288701719,citation:eol-upstream:e989e6becc737357dccb,normalized_upstream_source_citation,accepted_name_exact,accepted_name_exact,Abies fraseri,A,public_curated_trait_database,eol.org,en,species_trait_record_not_cultivar_limited,accepted_individual_structured_source_audit,a029cef6f771b08c1ad5cb2cd5f5a56a53de6896cee768ebcd7c61f756735072,EOL_traits_all.zip_bytes,2026-08-11T00:00:00Z,already_acquired_bulk_reaudit_no_new_web_query,,
24fa108333c5d7151d167115,Acacia dealbata,reproductive_assurance,self_incompatibility,"0.423077, 0.799569",mixed_or_variable,medium,species_direct,curated_bulk_reaudit,Razanajatovo et al. 2016 Supplementary Data 1,https://doi.org/10.1038/ncomms13313,Razanajatovo et al. 2016 Supplementary Data 1,"Razanajatovo et al. (2016), Plants capable of selfing are more likely to become naturalized, Nature Communications 7:13313, Supplementary Data 1.",Supplementary Data 1 source row(s): Data_source=Correia_etal_2014; Species=Acacia_dealbata; Family=Leguminosae; Self-compatibility_index_FS=; Self-compatibility_index_SFL=; Autofertility_index_FS=; Autofertility_index_SFL= || Data_source=Rodger_Johnson_2013; Species=Acacia_dealbata; Family=Leguminosae; Self-compatibility_index_FS=0.799568966; Self-compatibility_index_SFL=0.423076923; Autofertility_index_FS=0.997844828; Autofertility_index_SFL=,Acacia dealbata:self_incompatibility,citation_keys:razanajatovo2016:afb8d05c03386a1b2805,underlying_reference_key_set,accepted_name_exact,accepted_name_exact,Acacia dealbata,A,peer_reviewed_supplementary_trait_dataset,nature.com,en,species_trait_record_not_cultivar_limited,accepted_individual_structured_source_audit,cb17009ae65c4f6cb2d28b21239714782600d0904effa77c5635249d28e62fc0,Supplementary_Data_1.xlsx_bytes,2026-08-11T00:00:00Z,already_acquired_bulk_reaudit_no_new_web_query,,
7961f1363a9739f2e9ce9533,Acacia mearnsii,reproductive_assurance,self_incompatibility,si,SI,medium,species_direct,curated_bulk_reaudit,"Meyer, Galloway & Eckert 2026 Dryad v4",https://doi.org/10.5061/dryad.cc2fqz6hr,Meyer et al. 2026 Dryad mating-system dataset,"Meyer, Galloway & Eckert (2026), The evolutionary dynamics of plant mating systems: how bias for studying 'interesting' plant reproductive systems could backfire, Dryad dataset, version 4.",Output_Data_MS.csv row 30: genus_species=Acacia mearnsii; Family=Fabaceae; mating_system=si.,Output_Data_MS.csv:30,dataset:dryad.cc2fqz6hr:v4,versioned_curated_dataset,accepted_name_exact,accepted_name_exact,Acacia mearnsii,A,peer_reviewed_curated_trait_dataset,datadryad.org,en,species_trait_record_not_cultivar_limited,accepted_individual_structured_source_audit,dbc454103faa2d1677586b5b690b8ccc3e6b1a99fb39cdc0b00181703b4c6b56,Output_Data_MS.csv_lf_normalized_bytes,2026-08-11T00:00:00Z,already_acquired_bulk_reaudit_no_new_web_query,,
c9c607367b5d4a700a231299,Acer saccharum,reproductive_assurance,self_incompatibility,si,SI,medium,species_direct,curated_bulk_reaudit,"Meyer, Galloway & Eckert 2026 Dryad v4",https://doi.org/10.5061/dryad.cc2fqz6hr,Meyer et al. 2026 Dryad mating-system dataset,"Meyer, Galloway & Eckert (2026), The evolutionary dynamics of plant mating systems: how bias for studying 'interesting' plant reproductive systems could backfire, Dryad dataset, version 4.",Output_Data_MS.csv row 47: genus_species=Acer saccharum; Family=Sapindaceae; mating_system=si.,Output_Data_MS.csv:47,dataset:dryad.cc2fqz6hr:v4,versioned_curated_dataset,accepted_name_exact,accepted_name_exact,Acer saccharum,A,peer_reviewed_curated_trait_dataset,datadryad.org,en,species_trait_record_not_cultivar_limited,accepted_individual_structured_source_audit,dbc454103faa2d1677586b5b690b8ccc3e6b1a99fb39cdc0b00181703b4c6b56,Output_Data_MS.csv_lf_normalized_bytes,2026-08-11T00:00:00Z,already_acquired_bulk_reaudit_no_new_web_query,,
b232f6ceee44dafe170b9998,Adansonia digitata,reproductive_assurance,self_incompatibility,si,SI,medium,species_direct,curated_bulk_reaudit,"Meyer, Galloway & Eckert 2026 Dryad v4",https://doi.org/10.5061/dryad.cc2fqz6hr,Meyer et al. 2026 Dryad mating-system dataset,"Meyer, Galloway & Eckert (2026), The evolutionary dynamics of plant mating systems: how bias for studying 'interesting' plant reproductive systems could backfire, Dryad dataset, version 4.",Output_Data_MS.csv row 65: genus_species=Adansonia digitata; Family=Malvaceae; mating_system=si.,Output_Data_MS.csv:65,dataset:dryad.cc2fqz6hr:v4,versioned_curated_dataset,accepted_name_exact,accepted_name_exact,Adansonia digitata,A,peer_reviewed_curated_trait_dataset,datadryad.org,en,species_trait_record_not_cultivar_limited,accepted_individual_structured_source_audit,dbc454103faa2d1677586b5b690b8ccc3e6b1a99fb39cdc0b00181703b4c6b56,Output_Data_MS.csv_lf_normalized_bytes,2026-08-11T00:00:00Z,already_acquired_bulk_reaudit_no_new_web_query,,
51d7a75c52fa1497a439c596,Adesmia lotoides,reproductive_assurance,self_incompatibility,sc,SC,medium,species_direct,curated_bulk_reaudit,"Meyer, Galloway & Eckert 2026 Dryad v4",https://doi.org/10.5061/dryad.cc2fqz6hr,Meyer et al. 2026 Dryad mating-system dataset,"Meyer, Galloway & Eckert (2026), The evolutionary dynamics of plant mating systems: how bias for studying 'interesting' plant reproductive systems could backfire, Dryad dataset, version 4.",Output_Data_MS.csv row 76: genus_species=Adesmia lotoides; Family=Fabaceae; mating_system=sc.,Output_Data_MS.csv:76,dataset:dryad.cc2fqz6hr:v4,versioned_curated_dataset,accepted_name_exact,accepted_name_exact,Adesmia lotoides,A,peer_reviewed_curated_trait_dataset,datadryad.org,en,species_trait_record_not_cultivar_limited,accepted_individual_structured_source_audit,dbc454103faa2d1677586b5b690b8ccc3e6b1a99fb39cdc0b00181703b4c6b56,Output_Data_MS.csv_lf_normalized_bytes,2026-08-11T00:00:00Z,already_acquired_bulk_reaudit_no_new_web_query,,
2fff1e4b7aa0fff715497482,Adiantum capillus-veneris,flower_colour,flower_primary_color,white,white,medium,species_direct,curated_bulk_reaudit,EOL TraitBank all-traits archive,https://eol.org/pages/597687/data,Encyclopedia of Life TraitBank species trait record,"The PLANTS Database, United States Department of Agriculture, National Resources Conservation Service. http://plants.usda.gov/",EOL TraitBank record R133-PK288701053: flower color = white; EOL page 597687.,R133-PK288701053,citation:eol-upstream:e989e6becc737357dccb,normalized_upstream_source_citation,accepted_name_exact,accepted_name_exact,Adiantum capillus-veneris,A,public_curated_trait_database,eol.org,en,species_trait_record_not_cultivar_limited,accepted_individual_structured_source_audit,a029cef6f771b08c1ad5cb2cd5f5a56a53de6896cee768ebcd7c61f756735072,EOL_traits_all.zip_bytes,2026-08-11T00:00:00Z,already_acquired_bulk_reaudit_no_new_web_query,,
4c83cd5274818739ac5fe8b4,Alicia anisopetala,reproductive_assurance,self_incompatibility,0.212121,mixed_or_variable,medium,species_direct,curated_bulk_reaudit,Razanajatovo et al. 2016 Supplementary Data 1,https://doi.org/10.1038/ncomms13313,Razanajatovo et al. 2016 Supplementary Data 1,"Razanajatovo et al. (2016), Plants capable of selfing are more likely to become naturalized, Nature Communications 7:13313, Supplementary Data 1.",Supplementary Data 1 source row(s): Data_source=Sigrist_Sazima_2004; Species=Alicia_anisopetala; Family=Malpighiaceae; Self-compatibility_index_FS=0.212121212; Self-compatibility_index_SFL=; Autofertility_index_FS=0.515151515; Autofertility_index_SFL=,Alicia anisopetala:self_incompatibility,citation_keys:razanajatovo2016:cc2ddf87ccc358258fa8,underlying_reference_key_set,accepted_name_exact,accepted_name_exact,Alicia anisopetala,A,peer_reviewed_supplementary_trait_dataset,nature.com,en,species_trait_record_not_cultivar_limited,accepted_individual_structured_source_audit,cb17009ae65c4f6cb2d28b21239714782600d0904effa77c5635249d28e62fc0,Supplementary_Data_1.xlsx_bytes,2026-08-11T00:00:00Z,already_acquired_bulk_reaudit_no_new_web_query,,
1d727362a9d2dfd117d84fdc,Alliaria petiolata,reproductive_assurance,self_incompatibility,sc,SC,medium,species_direct,curated_bulk_reaudit,"Meyer, Galloway & Eckert 2026 Dryad v4",https://doi.org/10.5061/dryad.cc2fqz6hr,Meyer et al. 2026 Dryad mating-system dataset,"Meyer, Galloway & Eckert (2026), The evolutionary dynamics of plant mating systems: how bias for studying 'interesting' plant reproductive systems could backfire, Dryad dataset, version 4.",Output_Data_MS.csv row 160: genus_species=Alliaria petiolata; Family=Brassicaceae; mating_system=sc.,Output_Data_MS.csv:160,dataset:dryad.cc2fqz6hr:v4,versioned_curated_dataset,accepted_name_exact,accepted_name_exact,Alliaria petiolata,A,peer_reviewed_curated_trait_dataset,datadryad.org,en,species_trait_record_not_cultivar_limited,accepted_individual_structured_source_audit,dbc454103faa2d1677586b5b690b8ccc3e6b1a99fb39cdc0b00181703b4c6b56,Output_Data_MS.csv_lf_normalized_bytes,2026-08-11T00:00:00Z,already_acquired_bulk_reaudit_no_new_web_query,,
3ee7969415264ab56ac582e1,Alliaria petiolata,reproductive_assurance,self_incompatibility,"0.791793, 1",mixed_or_variable,medium,species_direct,curated_bulk_reaudit,Razanajatovo et al. 2016 Supplementary Data 1,https://doi.org/10.1038/ncomms13313,Razanajatovo et al. 2016 Supplementary Data 1,"Razanajatovo et al. (2016), Plants capable of selfing are more likely to become naturalized, Nature Communications 7:13313, Supplementary Data 1.",Supplementary Data 1 source row(s): Data_source=Anderson_etal_1996; Species=Alliaria_petiolata; Family=Brassicaceae; Self-compatibility_index_FS=1; Self-compatibility_index_SFL=0.791793313; Autofertility_index_FS=0.584657855; Autofertility_index_SFL=0.476697062,Alliaria petiolata:self_incompatibility,citation_keys:razanajatovo2016:956e756ab428e5f7fa5d,underlying_reference_key_set,accepted_name_exact,accepted_name_exact,Alliaria petiolata,A,peer_reviewed_supplementary_trait_dataset,nature.com,en,species_trait_record_not_cultivar_limited,accepted_individual_structured_source_audit,cb17009ae65c4f6cb2d28b21239714782600d0904effa77c5635249d28e62fc0,Supplementary_Data_1.xlsx_bytes,2026-08-11T00:00:00Z,already_acquired_bulk_reaudit_no_new_web_query,,
be4bf61f3bfe0483afd08eec,Alstroemeria aurea,reproductive_assurance,self_incompatibility,"0.593794, 0.726012",mixed_or_variable,medium,species_direct,curated_bulk_reaudit,Razanajatovo et al. 2016 Supplementary Data 1,https://doi.org/10.1038/ncomms13313,Razanajatovo et al. 2016 Supplementary Data 1,"Razanajatovo et al. (2016), Plants capable of selfing are more likely to become naturalized, Nature Communications 7:13313, Supplementary Data 1.",Supplementary Data 1 source row(s): Data_source=Aizen_Basilio_1995; Species=Alstroemeria_aurea; Family=Alstroemeriaceae; Self-compatibility_index_FS=0.726011561; Self-compatibility_index_SFL=0.593794076; Autofertility_index_FS=0; Autofertility_index_SFL=0,Alstroemeria aurea:self_incompatibility,citation_keys:razanajatovo2016:b78db3a55fdd2c7dc7f0,underlying_reference_key_set,accepted_name_exact,accepted_name_exact,Alstroemeria aurea,A,peer_reviewed_supplementary_trait_dataset,nature.com,en,species_trait_record_not_cultivar_limited,accepted_individual_structured_source_audit,cb17009ae65c4f6cb2d28b21239714782600d0904effa77c5635249d28e62fc0,Supplementary_Data_1.xlsx_bytes,2026-08-11T00:00:00Z,already_acquired_bulk_reaudit_no_new_web_query,,
22a10c1851092a51d87403fe,Andromeda polifolia,reproductive_assurance,self_incompatibility,0.542467,mixed_or_variable,medium,species_direct,curated_bulk_reaudit,Razanajatovo et al. 2016 Supplementary Data 1,https://doi.org/10.1038/ncomms13313,Razanajatovo et al. 2016 Supplementary Data 1,"Razanajatovo et al. (2016), Plants capable of selfing are more likely to become naturalized, Nature Communications 7:13313, Supplementary Data 1.",Supplementary Data 1 source row(s): Data_source=Froborg_1996; Species=Andromeda_polifolia; Family=Ericaceae; Self-compatibility_index_FS=0.542467113; Self-compatibility_index_SFL=; Autofertility_index_FS=0.800138991; Autofertility_index_SFL=,Andromeda polifolia:self_incompatibility,citation_keys:razanajatovo2016:3e1b6c951585e4409840,underlying_reference_key_set,accepted_name_exact,accepted_name_exact,Andromeda polifolia,A,peer_reviewed_supplementary_trait_dataset,nature.com,en,species_trait_record_not_cultivar_limited,accepted_individual_structured_source_audit,cb17009ae65c4f6cb2d28b21239714782600d0904effa77c5635249d28e62fc0,Supplementary_Data_1.xlsx_bytes,2026-08-11T00:00:00Z,already_acquired_bulk_reaudit_no_new_web_query,,
e85cc4ee24acec4e62b90697,Annona crassiflora,reproductive_assurance,self_incompatibility,si,SI,medium,species_direct,curated_bulk_reaudit,"Meyer, Galloway & Eckert 2026 Dryad v4",https://doi.org/10.5061/dryad.cc2fqz6hr,Meyer et al. 2026 Dryad mating-system dataset,"Meyer, Galloway & Eckert (2026), The evolutionary dynamics of plant mating systems: how bias for studying 'interesting' plant reproductive systems could backfire, Dryad dataset, version 4.",Output_Data_MS.csv row 242: genus_species=Annona crassiflora; Family=Annonaceae; mating_system=si.,Output_Data_MS.csv:242,dataset:dryad.cc2fqz6hr:v4,versioned_curated_dataset,accepted_name_exact,accepted_name_exact,Annona crassiflora,A,peer_reviewed_curated_trait_dataset,datadryad.org,en,species_trait_record_not_cultivar_limited,accepted_individual_structured_source_audit,dbc454103faa2d1677586b5b690b8ccc3e6b1a99fb39cdc0b00181703b4c6b56,Output_Data_MS.csv_lf_normalized_bytes,2026-08-11T00:00:00Z,already_acquired_bulk_reaudit_no_new_web_query,,
3c764176d015edc2cb58fa16,Anthericum ramosum,reproductive_assurance,self_incompatibility,0.677873,mixed_or_variable,medium,species_direct,curated_bulk_reaudit,Razanajatovo et al. 2016 Supplementary Data 1,https://doi.org/10.1038/ncomms13313,Razanajatovo et al. 2016 Supplementary Data 1,"Razanajatovo et al. (2016), Plants capable of selfing are more likely to become naturalized, Nature Communications 7:13313, Supplementary Data 1.",Supplementary Data 1 source row(s): Data_source=Rosquist_2001; Species=Anthericum_ramosum; Family=Asparagaceae; Self-compatibility_index_FS=0.677873188; Self-compatibility_index_SFL=; Autofertility_index_FS=; Autofertility_index_SFL=,Anthericum ramosum:self_incompatibility,citation_keys:razanajatovo2016:3e468900692670a1ab51,underlying_reference_key_set,accepted_name_exact,accepted_name_exact,Anthericum ramosum,A,peer_reviewed_supplementary_trait_dataset,nature.com,en,species_trait_record_not_cultivar_limited,accepted_individual_structured_source_audit,cb17009ae65c4f6cb2d28b21239714782600d0904effa77c5635249d28e62fc0,Supplementary_Data_1.xlsx_bytes,2026-08-11T00:00:00Z,already_acquired_bulk_reaudit_no_new_web_query,,
daaae5eb98901fedc90120e7,Anthyllis vulneraria,reproductive_assurance,self_incompatibility,0.542667,mixed_or_variable,medium,species_direct,curated_bulk_reaudit,Razanajatovo et al. 2016 Supplementary Data 1,https://doi.org/10.1038/ncomms13313,Razanajatovo et al. 2016 Supplementary Data 1,"Razanajatovo et al. (2016), Plants capable of selfing are more likely to become naturalized, Nature Communications 7:13313, Supplementary Data 1.",Supplementary Data 1 source row(s): Data_source=Navarro_1999; Species=Anthyllis_vulneraria; Family=Leguminosae; Self-compatibility_index_FS=0.542666667; Self-compatibility_index_SFL=; Autofertility_index_FS=0; Autofertility_index_SFL=,Anthyllis vulneraria:self_incompatibility,citation_keys:razanajatovo2016:ca3e24a1c49a7f068187,underlying_reference_key_set,accepted_name_exact,accepted_name_exact,Anthyllis vulneraria,A,peer_reviewed_supplementary_trait_dataset,nature.com,en,species_trait_record_not_cultivar_limited,accepted_individual_structured_source_audit,cb17009ae65c4f6cb2d28b21239714782600d0904effa77c5635249d28e62fc0,Supplementary_Data_1.xlsx_bytes,2026-08-11T00:00:00Z,already_acquired_bulk_reaudit_no_new_web_query,,
ca76ee2f4ed52f5e492bac86,Arabidopsis halleri,reproductive_assurance,self_incompatibility,si,SI,medium,species_direct,curated_bulk_reaudit,"Meyer, Galloway & Eckert 2026 Dryad v4",https://doi.org/10.5061/dryad.cc2fqz6hr,Meyer et al. 2026 Dryad mating-system dataset,"Meyer, Galloway & Eckert (2026), The evolutionary dynamics of plant mating systems: how bias for studying 'interesting' plant reproductive systems could backfire, Dryad dataset, version 4.",Output_Data_MS.csv row 277: genus_species=Arabidopsis halleri; Family=Brassicaceae; mating_system=si.,Output_Data_MS.csv:277,dataset:dryad.cc2fqz6hr:v4,versioned_curated_dataset,accepted_name_exact,accepted_name_exact,Arabidopsis halleri,A,peer_reviewed_curated_trait_dataset,datadryad.org,en,species_trait_record_not_cultivar_limited,accepted_individual_structured_source_audit,dbc454103faa2d1677586b5b690b8ccc3e6b1a99fb39cdc0b00181703b4c6b56,Output_Data_MS.csv_lf_normalized_bytes,2026-08-11T00:00:00Z,already_acquired_bulk_reaudit_no_new_web_query,,
65a28ed8944e634d182b0606,Ardisia revoluta,reproductive_assurance,self_incompatibility,0.445946,mixed_or_variable,medium,species_direct,curated_bulk_reaudit,Razanajatovo et al. 2016 Supplementary Data 1,https://doi.org/10.1038/ncomms13313,Razanajatovo et al. 2016 Supplementary Data 1,"Razanajatovo et al. (2016), Plants capable of selfing are more likely to become naturalized, Nature Communications 7:13313, Supplementary Data 1.",Supplementary Data 1 source row(s): Data_source=Bawa_1974; Species=Ardisia_revoluta; Family=Primulaceae; Self-compatibility_index_FS=0.445945946; Self-compatibility_index_SFL=; Autofertility_index_FS=; Autofertility_index_SFL=,Ardisia revoluta:self_incompatibility,citation_keys:razanajatovo2016:9c984ecc9e9c6e372bb7,underlying_reference_key_set,accepted_name_exact,accepted_name_exact,Ardisia revoluta,A,peer_reviewed_supplementary_trait_dataset,nature.com,en,species_trait_record_not_cultivar_limited,accepted_individual_structured_source_audit,cb17009ae65c4f6cb2d28b21239714782600d0904effa77c5635249d28e62fc0,Supplementary_Data_1.xlsx_bytes,2026-08-11T00:00:00Z,already_acquired_bulk_reaudit_no_new_web_query,,
15a4020155917e6ba280e0c2,Arrhenatherum elatius,reproductive_assurance,self_incompatibility,si,SI,medium,species_direct,curated_bulk_reaudit,"Meyer, Galloway & Eckert 2026 Dryad v4",https://doi.org/10.5061/dryad.cc2fqz6hr,Meyer et al. 2026 Dryad mating-system dataset,"Meyer, Galloway & Eckert (2026), The evolutionary dynamics of plant mating systems: how bias for studying 'interesting' plant reproductive systems could backfire, Dryad dataset, version 4.",Output_Data_MS.csv row 367: genus_species=Arrhenatherum elatius; Family=Poaceae; mating_system=si.,Output_Data_MS.csv:367,dataset:dryad.cc2fqz6hr:v4,versioned_curated_dataset,accepted_name_exact,accepted_name_exact,Arrhenatherum elatius,A,peer_reviewed_curated_trait_dataset,datadryad.org,en,species_trait_record_not_cultivar_limited,accepted_individual_structured_source_audit,dbc454103faa2d1677586b5b690b8ccc3e6b1a99fb39cdc0b00181703b4c6b56,Output_Data_MS.csv_lf_normalized_bytes,2026-08-11T00:00:00Z,already_acquired_bulk_reaudit_no_new_web_query,,
3562d42dbd9b485470487027,Asclepias incarnata,reproductive_assurance,self_incompatibility,sc,SC,medium,species_direct,curated_bulk_reaudit,"Meyer, Galloway & Eckert 2026 Dryad v4",https://doi.org/10.5061/dryad.cc2fqz6hr,Meyer et al. 2026 Dryad mating-system dataset,"Meyer, Galloway & Eckert (2026), The evolutionary dynamics of plant mating systems: how bias for studying 'interesting' plant reproductive systems could backfire, Dryad dataset, version 4.",Output_Data_MS.csv row 373: genus_species=Asclepias incarnata; Family=Apocynaceae; mating_system=sc.,Output_Data_MS.csv:373,dataset:dryad.cc2fqz6hr:v4,versioned_curated_dataset,accepted_name_exact,accepted_name_exact,Asclepias incarnata,A,peer_reviewed_curated_trait_dataset,datadryad.org,en,species_trait_record_not_cultivar_limited,accepted_individual_structured_source_audit,dbc454103faa2d1677586b5b690b8ccc3e6b1a99fb39cdc0b00181703b4c6b56,Output_Data_MS.csv_lf_normalized_bytes,2026-08-11T00:00:00Z,already_acquired_bulk_reaudit_no_new_web_query,,
68a8680319f44449474a6e4e,Asclepias incarnata,reproductive_assurance,self_incompatibility,"0.0783573, 0.0843698, 0.541813",mixed_or_variable,medium,species_direct,curated_bulk_reaudit,Razanajatovo et al. 2016 Supplementary Data 1,https://doi.org/10.1038/ncomms13313,Razanajatovo et al. 2016 Supplementary Data 1,"Razanajatovo et al. (2016), Plants capable of selfing are more likely to become naturalized, Nature Communications 7:13313, Supplementary Data 1.",Supplementary Data 1 source row(s): Data_source=Ivey_etal_1998; Species=Asclepias_incarnata; Family=Apocynaceae; Self-compatibility_index_FS=0.084369757; Self-compatibility_index_SFL=0.078357289; Autofertility_index_FS=; Autofertility_index_SFL= || Data_source=Kephart_1981; Species=Asclepias_incarnata; Family=Apocynaceae; Self-compatibility_index_FS=0.541813298; Self-compatibility_index_SFL=; Autofertility_index_FS=; Autofertility_index_SFL= || Data_source=Lipow_Wyatt_2000; Species=Asclepias_incarnata; Family=Apocynaceae; Self-compatibility_index_FS=; Self-compatibility_index_SFL=; Autofertility_index_FS=; Autofertility_index_SFL=,Asclepias incarnata:self_incompatibility,citation_keys:razanajatovo2016:7399e529a0feaa320255,underlying_reference_key_set,accepted_name_exact,accepted_name_exact,Asclepias incarnata,A,peer_reviewed_supplementary_trait_dataset,nature.com,en,species_trait_record_not_cultivar_limited,accepted_individual_structured_source_audit,cb17009ae65c4f6cb2d28b21239714782600d0904effa77c5635249d28e62fc0,Supplementary_Data_1.xlsx_bytes,2026-08-11T00:00:00Z,already_acquired_bulk_reaudit_no_new_web_query,,
8bf040f453ad8e215494d44e,Asimina parviflora,reproductive_assurance,self_incompatibility,"0.41356, 0.525641",mixed_or_variable,medium,species_direct,curated_bulk_reaudit,Razanajatovo et al. 2016 Supplementary Data 1,https://doi.org/10.1038/ncomms13313,Razanajatovo et al. 2016 Supplementary Data 1,"Razanajatovo et al. (2016), Plants capable of selfing are more likely to become naturalized, Nature Communications 7:13313, Supplementary Data 1.",Supplementary Data 1 source row(s): Data_source=Norman_etal_1992; Species=Asimina_parviflora; Family=Annonaceae; Self-compatibility_index_FS=0.413560327; Self-compatibility_index_SFL=0.525641026; Autofertility_index_FS=0.14375; Autofertility_index_SFL=0.333333333,Asimina parviflora:self_incompatibility,citation_keys:razanajatovo2016:8940ec8ff3ad924ea5b8,underlying_reference_key_set,accepted_name_exact,accepted_name_exact,Asimina parviflora,A,peer_reviewed_supplementary_trait_dataset,nature.com,en,species_trait_record_not_cultivar_limited,accepted_individual_structured_source_audit,cb17009ae65c4f6cb2d28b21239714782600d0904effa77c5635249d28e62fc0,Supplementary_Data_1.xlsx_bytes,2026-08-11T00:00:00Z,already_acquired_bulk_reaudit_no_new_web_query,,
f39ba5e9dd579520a480f0e2,Avicennia germinans,reproductive_assurance,self_incompatibility,si,SI,medium,species_direct,curated_bulk_reaudit,"Meyer, Galloway & Eckert 2026 Dryad v4",https://doi.org/10.5061/dryad.cc2fqz6hr,Meyer et al. 2026 Dryad mating-system dataset,"Meyer, Galloway & Eckert (2026), The evolutionary dynamics of plant mating systems: how bias for studying 'interesting' plant reproductive systems could backfire, Dryad dataset, version 4.",Output_Data_MS.csv row 488: genus_species=Avicennia germinans; Family=Acanthaceae; mating_system=si.,Output_Data_MS.csv:488,dataset:dryad.cc2fqz6hr:v4,versioned_curated_dataset,accepted_name_exact,accepted_name_exact,Avicennia germinans,A,peer_reviewed_curated_trait_dataset,datadryad.org,en,species_trait_record_not_cultivar_limited,accepted_individual_structured_source_audit,dbc454103faa2d1677586b5b690b8ccc3e6b1a99fb39cdc0b00181703b4c6b56,Output_Data_MS.csv_lf_normalized_bytes,2026-08-11T00:00:00Z,already_acquired_bulk_reaudit_no_new_web_query,,
2d2b5c797797beb51c341b75,Banisteriopsis muricata,reproductive_assurance,self_incompatibility,si,SI,medium,species_direct,curated_bulk_reaudit,"Meyer, Galloway & Eckert 2026 Dryad v4",https://doi.org/10.5061/dryad.cc2fqz6hr,Meyer et al. 2026 Dryad mating-system dataset,"Meyer, Galloway & Eckert (2026), The evolutionary dynamics of plant mating systems: how bias for studying 'interesting' plant reproductive systems could backfire, Dryad dataset, version 4.",Output_Data_MS.csv row 506: genus_species=Banisteriopsis muricata; Family=Malpighiaceae; mating_system=si.,Output_Data_MS.csv:506,dataset:dryad.cc2fqz6hr:v4,versioned_curated_dataset,accepted_name_exact,accepted_name_exact,Banisteriopsis muricata,A,peer_reviewed_curated_trait_dataset,datadryad.org,en,species_trait_record_not_cultivar_limited,accepted_individual_structured_source_audit,dbc454103faa2d1677586b5b690b8ccc3e6b1a99fb39cdc0b00181703b4c6b56,Output_Data_MS.csv_lf_normalized_bytes,2026-08-11T00:00:00Z,already_acquired_bulk_reaudit_no_new_web_query,,
20069e1cab26b88b7142b3c4,Banisteriopsis muricata,reproductive_assurance,self_incompatibility,"0.0447368, 0.833333, 1",mixed_or_variable,medium,species_direct,curated_bulk_reaudit,Razanajatovo et al. 2016 Supplementary Data 1,https://doi.org/10.1038/ncomms13313,Razanajatovo et al. 2016 Supplementary Data 1,"Razanajatovo et al. (2016), Plants capable of selfing are more likely to become naturalized, Nature Communications 7:13313, Supplementary Data 1.",Supplementary Data 1 source row(s): Data_source=Sigrist_Sazima_2004; Species=Banisteriopsis_muricata; Family=Malpighiaceae; Self-compatibility_index_FS=0.044736842; Self-compatibility_index_SFL=; Autofertility_index_FS=0; Autofertility_index_SFL= || Data_source=Zapata_Arroyo_1978; Species=Banisteriopsis_muricata; Family=Malpighiaceae; Self-compatibility_index_FS=1; Self-compatibility_index_SFL=0.833333333; Autofertility_index_FS=0; Autofertility_index_SFL=0,Banisteriopsis muricata:self_incompatibility,citation_keys:razanajatovo2016:7c1cc94005b060b31758,underlying_reference_key_set,accepted_name_exact,accepted_name_exact,Banisteriopsis muricata,A,peer_reviewed_supplementary_trait_dataset,nature.com,en,species_trait_record_not_cultivar_limited,accepted_individual_structured_source_audit,cb17009ae65c4f6cb2d28b21239714782600d0904effa77c5635249d28e62fc0,Supplementary_Data_1.xlsx_bytes,2026-08-11T00:00:00Z,already_acquired_bulk_reaudit_no_new_web_query,,
79659507186bdf1af2537131,Banksia ericifolia,reproductive_assurance,self_incompatibility,sc,SC,medium,species_direct,curated_bulk_reaudit,"Meyer, Galloway & Eckert 2026 Dryad v4",https://doi.org/10.5061/dryad.cc2fqz6hr,Meyer et al. 2026 Dryad mating-system dataset,"Meyer, Galloway & Eckert (2026), The evolutionary dynamics of plant mating systems: how bias for studying 'interesting' plant reproductive systems could backfire, Dryad dataset, version 4.",Output_Data_MS.csv row 509: genus_species=Banksia ericifolia; Family=Proteaceae; mating_system=sc.,Output_Data_MS.csv:509,dataset:dryad.cc2fqz6hr:v4,versioned_curated_dataset,accepted_name_exact,accepted_name_exact,Banksia ericifolia,A,peer_reviewed_curated_trait_dataset,datadryad.org,en,species_trait_record_not_cultivar_limited,accepted_individual_structured_source_audit,dbc454103faa2d1677586b5b690b8ccc3e6b1a99fb39cdc0b00181703b4c6b56,Output_Data_MS.csv_lf_normalized_bytes,2026-08-11T00:00:00Z,already_acquired_bulk_reaudit_no_new_web_query,,
8e8132bc6528b5bf8c11ca18,Banksia ericifolia,reproductive_assurance,self_incompatibility,0.272152,mixed_or_variable,medium,species_direct,curated_bulk_reaudit,Razanajatovo et al. 2016 Supplementary Data 1,https://doi.org/10.1038/ncomms13313,Razanajatovo et al. 2016 Supplementary Data 1,"Razanajatovo et al. (2016), Plants capable of selfing are more likely to become naturalized, Nature Communications 7:13313, Supplementary Data 1.",Supplementary Data 1 source row(s): Data_source=Carthew_etal_1996; Species=Banksia_ericifolia; Family=Proteaceae; Self-compatibility_index_FS=0.272151899; Self-compatibility_index_SFL=; Autofertility_index_FS=; Autofertility_index_SFL= || Data_source=Goldingay_Carthew_1998; Species=Banksia_ericifolia; Family=Proteaceae; Self-compatibility_index_FS=; Self-compatibility_index_SFL=; Autofertility_index_FS=; Autofertility_index_SFL=,Banksia ericifolia:self_incompatibility,citation_keys:razanajatovo2016:e25c3ff72222b617ad72,underlying_reference_key_set,accepted_name_exact,accepted_name_exact,Banksia ericifolia,A,peer_reviewed_supplementary_trait_dataset,nature.com,en,species_trait_record_not_cultivar_limited,accepted_individual_structured_source_audit,cb17009ae65c4f6cb2d28b21239714782600d0904effa77c5635249d28e62fc0,Supplementary_Data_1.xlsx_bytes,2026-08-11T00:00:00Z,already_acquired_bulk_reaudit_no_new_web_query,,
77bb889d3131562b7b2f6ad3,Barbarea vulgaris,reproductive_assurance,self_incompatibility,si,SI,medium,species_direct,curated_bulk_reaudit,"Meyer, Galloway & Eckert 2026 Dryad v4",https://doi.org/10.5061/dryad.cc2fqz6hr,Meyer et al. 2026 Dryad mating-system dataset,"Meyer, Galloway & Eckert (2026), The evolutionary dynamics of plant mating systems: how bias for studying 'interesting' plant reproductive systems could backfire, Dryad dataset, version 4.",Output_Data_MS.csv row 520: genus_species=Barbarea vulgaris; Family=Brassicaceae; mating_system=si.,Output_Data_MS.csv:520,dataset:dryad.cc2fqz6hr:v4,versioned_curated_dataset,accepted_name_exact,accepted_name_exact,Barbarea vulgaris,A,peer_reviewed_curated_trait_dataset,datadryad.org,en,species_trait_record_not_cultivar_limited,accepted_individual_structured_source_audit,dbc454103faa2d1677586b5b690b8ccc3e6b1a99fb39cdc0b00181703b4c6b56,Output_Data_MS.csv_lf_normalized_bytes,2026-08-11T00:00:00Z,already_acquired_bulk_reaudit_no_new_web_query,,
d99793626dcac122350348f4,Bidens pilosa,reproductive_assurance,self_incompatibility,sc,SC,medium,species_direct,curated_bulk_reaudit,"Meyer, Galloway & Eckert 2026 Dryad v4",https://doi.org/10.5061/dryad.cc2fqz6hr,Meyer et al. 2026 Dryad mating-system dataset,"Meyer, Galloway & Eckert (2026), The evolutionary dynamics of plant mating systems: how bias for studying 'interesting' plant reproductive systems could backfire, Dryad dataset, version 4.",Output_Data_MS.csv row 593: genus_species=Bidens pilosa; Family=Asteraceae; mating_system=sc.,Output_Data_MS.csv:593,dataset:dryad.cc2fqz6hr:v4,versioned_curated_dataset,accepted_name_exact,accepted_name_exact,Bidens pilosa,A,peer_reviewed_curated_trait_dataset,datadryad.org,en,species_trait_record_not_cultivar_limited,accepted_individual_structured_source_audit,dbc454103faa2d1677586b5b690b8ccc3e6b1a99fb39cdc0b00181703b4c6b56,Output_Data_MS.csv_lf_normalized_bytes,2026-08-11T00:00:00Z,already_acquired_bulk_reaudit_no_new_web_query,,
d51d7fd51a3de3ac824a6dc4,Bidens pilosa,reproductive_assurance,self_incompatibility,"1, 1",SC,medium,species_direct,curated_bulk_reaudit,Razanajatovo et al. 2016 Supplementary Data 1,https://doi.org/10.1038/ncomms13313,Razanajatovo et al. 2016 Supplementary Data 1,"Razanajatovo et al. (2016), Plants capable of selfing are more likely to become naturalized, Nature Communications 7:13313, Supplementary Data 1.",Supplementary Data 1 source row(s): Data_source=Hao_etal_2011; Species=Bidens_pilosa; Family=Compositae; Self-compatibility_index_FS=; Self-compatibility_index_SFL=; Autofertility_index_FS=; Autofertility_index_SFL= || Data_source=Huang_Kao_2014; Species=Bidens_pilosa; Family=Compositae; Self-compatibility_index_FS=; Self-compatibility_index_SFL=; Autofertility_index_FS=; Autofertility_index_SFL= || Data_source=Jaimes_Ramirez_1997; Species=Bidens_pilosa; Family=Compositae; Self-compatibility_index_FS=1; Self-compatibility_index_SFL=1; Autofertility_index_FS=1; Autofertility_index_SFL=1 || Data_source=McMullen_1987; Species=Bidens_pilosa; Family=Compositae; Self-compatibility_index_FS=; Self-compatibility_index_SFL=; Autofertility_index_FS=; Autofertility_index_SFL=,Bidens pilosa:self_incompatibility,citation_keys:razanajatovo2016:f424627fe7bda73f06f4,underlying_reference_key_set,accepted_name_exact,accepted_name_exact,Bidens pilosa,A,peer_reviewed_supplementary_trait_dataset,nature.com,en,species_trait_record_not_cultivar_limited,accepted_individual_structured_source_audit,cb17009ae65c4f6cb2d28b21239714782600d0904effa77c5635249d28e62fc0,Supplementary_Data_1.xlsx_bytes,2026-08-11T00:00:00Z,already_acquired_bulk_reaudit_no_new_web_query,,
df54e7bd7839fc72699cae0a,Brassica cretica,reproductive_assurance,self_incompatibility,si,SI,medium,species_direct,curated_bulk_reaudit,"Meyer, Galloway & Eckert 2026 Dryad v4",https://doi.org/10.5061/dryad.cc2fqz6hr,Meyer et al. 2026 Dryad mating-system dataset,"Meyer, Galloway & Eckert (2026), The evolutionary dynamics of plant mating systems: how bias for studying 'interesting' plant reproductive systems could backfire, Dryad dataset, version 4.",Output_Data_MS.csv row 667: genus_species=Brassica cretica; Family=Brassicaceae; mating_system=si.,Output_Data_MS.csv:667,dataset:dryad.cc2fqz6hr:v4,versioned_curated_dataset,accepted_name_exact,accepted_name_exact,Brassica cretica,A,peer_reviewed_curated_trait_dataset,datadryad.org,en,species_trait_record_not_cultivar_limited,accepted_individual_structured_source_audit,dbc454103faa2d1677586b5b690b8ccc3e6b1a99fb39cdc0b00181703b4c6b56,Output_Data_MS.csv_lf_normalized_bytes,2026-08-11T00:00:00Z,already_acquired_bulk_reaudit_no_new_web_query,,
14c4ccfffe99fab89f4cfa8e,Brassica insularis,reproductive_assurance,self_incompatibility,si,SI,medium,species_direct,curated_bulk_reaudit,"Meyer, Galloway & Eckert 2026 Dryad v4",https://doi.org/10.5061/dryad.cc2fqz6hr,Meyer et al. 2026 Dryad mating-system dataset,"Meyer, Galloway & Eckert (2026), The evolutionary dynamics of plant mating systems: how bias for studying 'interesting' plant reproductive systems could backfire, Dryad dataset, version 4.",Output_Data_MS.csv row 674: genus_species=Brassica insularis; Family=Brassicaceae; mating_system=si.,Output_Data_MS.csv:674,dataset:dryad.cc2fqz6hr:v4,versioned_curated_dataset,accepted_name_exact,accepted_name_exact,Brassica insularis,A,peer_reviewed_curated_trait_dataset,datadryad.org,en,species_trait_record_not_cultivar_limited,accepted_individual_structured_source_audit,dbc454103faa2d1677586b5b690b8ccc3e6b1a99fb39cdc0b00181703b4c6b56,Output_Data_MS.csv_lf_normalized_bytes,2026-08-11T00:00:00Z,already_acquired_bulk_reaudit_no_new_web_query,,
08dc1fd4d4f15c99b08730a7,Brassica napus,reproductive_assurance,self_incompatibility,sc,SC,medium,species_direct,curated_bulk_reaudit,"Meyer, Galloway & Eckert 2026 Dryad v4",https://doi.org/10.5061/dryad.cc2fqz6hr,Meyer et al. 2026 Dryad mating-system dataset,"Meyer, Galloway & Eckert (2026), The evolutionary dynamics of plant mating systems: how bias for studying 'interesting' plant reproductive systems could backfire, Dryad dataset, version 4.",Output_Data_MS.csv row 678: genus_species=Brassica napus; Family=Brassicaceae; mating_system=sc.,Output_Data_MS.csv:678,dataset:dryad.cc2fqz6hr:v4,versioned_curated_dataset,accepted_name_exact,accepted_name_exact,Brassica napus,A,peer_reviewed_curated_trait_dataset,datadryad.org,en,species_trait_record_not_cultivar_limited,accepted_individual_structured_source_audit,dbc454103faa2d1677586b5b690b8ccc3e6b1a99fb39cdc0b00181703b4c6b56,Output_Data_MS.csv_lf_normalized_bytes,2026-08-11T00:00:00Z,already_acquired_bulk_reaudit_no_new_web_query,,
e34441dfbd6494f64e751b8f,Byrsonima crassifolia,reproductive_assurance,self_incompatibility,0.444444,mixed_or_variable,medium,species_direct,curated_bulk_reaudit,Razanajatovo et al. 2016 Supplementary Data 1,https://doi.org/10.1038/ncomms13313,Razanajatovo et al. 2016 Supplementary Data 1,"Razanajatovo et al. (2016), Plants capable of selfing are more likely to become naturalized, Nature Communications 7:13313, Supplementary Data 1.",Supplementary Data 1 source row(s): Data_source=Bawa_1974; Species=Byrsonima_crassifolia; Family=Malpighiaceae; Self-compatibility_index_FS=0.444444444; Self-compatibility_index_SFL=; Autofertility_index_FS=; Autofertility_index_SFL=,Byrsonima crassifolia:self_incompatibility,citation_keys:razanajatovo2016:9c984ecc9e9c6e372bb7,underlying_reference_key_set,accepted_name_exact,accepted_name_exact,Byrsonima crassifolia,A,peer_reviewed_supplementary_trait_dataset,nature.com,en,species_trait_record_not_cultivar_limited,accepted_individual_structured_source_audit,cb17009ae65c4f6cb2d28b21239714782600d0904effa77c5635249d28e62fc0,Supplementary_Data_1.xlsx_bytes,2026-08-11T00:00:00Z,already_acquired_bulk_reaudit_no_new_web_query,,
04dd1d33b1eb485ccda4fac8,Calocedrus decurrens,flower_colour,flower_primary_color,yellow_orange,yellow_orange,medium,species_direct,curated_bulk_reaudit,EOL TraitBank all-traits archive,https://eol.org/pages/1061623/data,Encyclopedia of Life TraitBank species trait record,"The PLANTS Database, United States Department of Agriculture, National Resources Conservation Service. http://plants.usda.gov/",EOL TraitBank record R133-PK288700438: flower color = yellow; EOL page 1061623.,R133-PK288700438,citation:eol-upstream:e989e6becc737357dccb,normalized_upstream_source_citation,accepted_name_exact,accepted_name_exact,Calocedrus decurrens,A,public_curated_trait_database,eol.org,en,species_trait_record_not_cultivar_limited,accepted_individual_structured_source_audit,a029cef6f771b08c1ad5cb2cd5f5a56a53de6896cee768ebcd7c61f756735072,EOL_traits_all.zip_bytes,2026-08-11T00:00:00Z,already_acquired_bulk_reaudit_no_new_web_query,,
8faa977381139e1260693972,Canna indica,reproductive_assurance,self_incompatibility,"0.744275, 0.802632",mixed_or_variable,medium,species_direct,curated_bulk_reaudit,Razanajatovo et al. 2016 Supplementary Data 1,https://doi.org/10.1038/ncomms13313,Razanajatovo et al. 2016 Supplementary Data 1,"Razanajatovo et al. (2016), Plants capable of selfing are more likely to become naturalized, Nature Communications 7:13313, Supplementary Data 1.",Supplementary Data 1 source row(s): Data_source=Rambuda_Johnson_2004; Species=Canna_indica; Family=Cannaceae; Self-compatibility_index_FS=0.802631579; Self-compatibility_index_SFL=0.744274809; Autofertility_index_FS=1; Autofertility_index_SFL=1,Canna indica:self_incompatibility,citation_keys:razanajatovo2016:07d3c5f6dcdc10b814e3,underlying_reference_key_set,accepted_name_exact,accepted_name_exact,Canna indica,A,peer_reviewed_supplementary_trait_dataset,nature.com,en,species_trait_record_not_cultivar_limited,accepted_individual_structured_source_audit,cb17009ae65c4f6cb2d28b21239714782600d0904effa77c5635249d28e62fc0,Supplementary_Data_1.xlsx_bytes,2026-08-11T00:00:00Z,already_acquired_bulk_reaudit_no_new_web_query,,
8b5857fd7f412a571b701dee,Cardamine angustata,reproductive_assurance,self_incompatibility,sc,SC,medium,species_direct,curated_bulk_reaudit,"Meyer, Galloway & Eckert 2026 Dryad v4",https://doi.org/10.5061/dryad.cc2fqz6hr,Meyer et al. 2026 Dryad mating-system dataset,"Meyer, Galloway & Eckert (2026), The evolutionary dynamics of plant mating systems: how bias for studying 'interesting' plant reproductive systems could backfire, Dryad dataset, version 4.",Output_Data_MS.csv row 875: genus_species=Cardamine angustata; Family=Brassicaceae; mating_system=sc.,Output_Data_MS.csv:875,dataset:dryad.cc2fqz6hr:v4,versioned_curated_dataset,accepted_name_exact,accepted_name_exact,Cardamine angustata,A,peer_reviewed_curated_trait_dataset,datadryad.org,en,species_trait_record_not_cultivar_limited,accepted_individual_structured_source_audit,dbc454103faa2d1677586b5b690b8ccc3e6b1a99fb39cdc0b00181703b4c6b56,Output_Data_MS.csv_lf_normalized_bytes,2026-08-11T00:00:00Z,already_acquired_bulk_reaudit_no_new_web_query,,
3d977728b3a1dc59cf1a3236,Cardamine angustata,reproductive_assurance,self_incompatibility,0.266667,mixed_or_variable,medium,species_direct,curated_bulk_reaudit,Razanajatovo et al. 2016 Supplementary Data 1,https://doi.org/10.1038/ncomms13313,Razanajatovo et al. 2016 Supplementary Data 1,"Razanajatovo et al. (2016), Plants capable of selfing are more likely to become naturalized, Nature Communications 7:13313, Supplementary Data 1.",Supplementary Data 1 source row(s): Data_source=Motten_1986; Species=Cardamine_angustata; Family=Brassicaceae; Self-compatibility_index_FS=0.266666667; Self-compatibility_index_SFL=; Autofertility_index_FS=0.1; Autofertility_index_SFL=,Cardamine angustata:self_incompatibility,citation_keys:razanajatovo2016:0622bc1eb1e10873e30b,underlying_reference_key_set,accepted_name_exact,accepted_name_exact,Cardamine angustata,A,peer_reviewed_supplementary_trait_dataset,nature.com,en,species_trait_record_not_cultivar_limited,accepted_individual_structured_source_audit,cb17009ae65c4f6cb2d28b21239714782600d0904effa77c5635249d28e62fc0,Supplementary_Data_1.xlsx_bytes,2026-08-11T00:00:00Z,already_acquired_bulk_reaudit_no_new_web_query,,
c8e7351f19831ad507fb02ea,Carya illinoinensis,reproductive_assurance,self_incompatibility,si,SI,medium,species_direct,curated_bulk_reaudit,"Meyer, Galloway & Eckert 2026 Dryad v4",https://doi.org/10.5061/dryad.cc2fqz6hr,Meyer et al. 2026 Dryad mating-system dataset,"Meyer, Galloway & Eckert (2026), The evolutionary dynamics of plant mating systems: how bias for studying 'interesting' plant reproductive systems could backfire, Dryad dataset, version 4.",Output_Data_MS.csv row 933: genus_species=Carya illinoinensis; Family=Juglandaceae; mating_system=si.,Output_Data_MS.csv:933,dataset:dryad.cc2fqz6hr:v4,versioned_curated_dataset,accepted_name_exact,accepted_name_exact,Carya illinoinensis,A,peer_reviewed_curated_trait_dataset,datadryad.org,en,species_trait_record_not_cultivar_limited,accepted_individual_structured_source_audit,dbc454103faa2d1677586b5b690b8ccc3e6b1a99fb39cdc0b00181703b4c6b56,Output_Data_MS.csv_lf_normalized_bytes,2026-08-11T00:00:00Z,already_acquired_bulk_reaudit_no_new_web_query,,
603898c6a39459354422a642,Cedrus deodara,flower_colour,flower_primary_color,green_brown_inconspicuous,green_brown_inconspicuous,medium,species_direct,curated_bulk_reaudit,EOL TraitBank all-traits archive,https://eol.org/pages/1033603/data,Encyclopedia of Life TraitBank species trait record,"The PLANTS Database, United States Department of Agriculture, National Resources Conservation Service. http://plants.usda.gov/",EOL TraitBank record R133-PK288702117: flower color = green; EOL page 1033603.,R133-PK288702117,citation:eol-upstream:e989e6becc737357dccb,normalized_upstream_source_citation,accepted_name_exact,accepted_name_exact,Cedrus deodara,A,public_curated_trait_database,eol.org,en,species_trait_record_not_cultivar_limited,accepted_individual_structured_source_audit,a029cef6f771b08c1ad5cb2cd5f5a56a53de6896cee768ebcd7c61f756735072,EOL_traits_all.zip_bytes,2026-08-11T00:00:00Z,already_acquired_bulk_reaudit_no_new_web_query,,
83da8da206eb444bdb8ce031,Centaurea corymbosa,reproductive_assurance,self_incompatibility,si,SI,medium,species_direct,curated_bulk_reaudit,"Meyer, Galloway & Eckert 2026 Dryad v4",https://doi.org/10.5061/dryad.cc2fqz6hr,Meyer et al. 2026 Dryad mating-system dataset,"Meyer, Galloway & Eckert (2026), The evolutionary dynamics of plant mating systems: how bias for studying 'interesting' plant reproductive systems could backfire, Dryad dataset, version 4.",Output_Data_MS.csv row 960: genus_species=Centaurea corymbosa; Family=Asteraceae; mating_system=si.,Output_Data_MS.csv:960,dataset:dryad.cc2fqz6hr:v4,versioned_curated_dataset,accepted_name_exact,accepted_name_exact,Centaurea corymbosa,A,peer_reviewed_curated_trait_dataset,datadryad.org,en,species_trait_record_not_cultivar_limited,accepted_individual_structured_source_audit,dbc454103faa2d1677586b5b690b8ccc3e6b1a99fb39cdc0b00181703b4c6b56,Output_Data_MS.csv_lf_normalized_bytes,2026-08-11T00:00:00Z,already_acquired_bulk_reaudit_no_new_web_query,,
079a75faa89a92ea1d7c9179,Centrosema virginianum,reproductive_assurance,self_incompatibility,sc,SC,medium,species_direct,curated_bulk_reaudit,"Meyer, Galloway & Eckert 2026 Dryad v4",https://doi.org/10.5061/dryad.cc2fqz6hr,Meyer et al. 2026 Dryad mating-system dataset,"Meyer, Galloway & Eckert (2026), The evolutionary dynamics of plant mating systems: how bias for studying 'interesting' plant reproductive systems could backfire, Dryad dataset, version 4.",Output_Data_MS.csv row 996: genus_species=Centrosema virginianum; Family=Fabaceae; mating_system=sc.,Output_Data_MS.csv:996,dataset:dryad.cc2fqz6hr:v4,versioned_curated_dataset,accepted_name_exact,accepted_name_exact,Centrosema virginianum,A,peer_reviewed_curated_trait_dataset,datadryad.org,en,species_trait_record_not_cultivar_limited,accepted_individual_structured_source_audit,dbc454103faa2d1677586b5b690b8ccc3e6b1a99fb39cdc0b00181703b4c6b56,Output_Data_MS.csv_lf_normalized_bytes,2026-08-11T00:00:00Z,already_acquired_bulk_reaudit_no_new_web_query,,
bff3f035904b89fe9075565b,Centrosema virginianum,reproductive_assurance,self_incompatibility,"0.473373, 1",mixed_or_variable,medium,species_direct,curated_bulk_reaudit,Razanajatovo et al. 2016 Supplementary Data 1,https://doi.org/10.1038/ncomms13313,Razanajatovo et al. 2016 Supplementary Data 1,"Razanajatovo et al. (2016), Plants capable of selfing are more likely to become naturalized, Nature Communications 7:13313, Supplementary Data 1.",Supplementary Data 1 source row(s): Data_source=Cardel_Koptur_2010; Species=Centrosema_virginianum; Family=Leguminosae; Self-compatibility_index_FS=1; Self-compatibility_index_SFL=0.473372781; Autofertility_index_FS=0.0002; Autofertility_index_SFL=,Centrosema virginianum:self_incompatibility,citation_keys:razanajatovo2016:875de2caec4ec128088f,underlying_reference_key_set,accepted_name_exact,accepted_name_exact,Centrosema virginianum,A,peer_reviewed_supplementary_trait_dataset,nature.com,en,species_trait_record_not_cultivar_limited,accepted_individual_structured_source_audit,cb17009ae65c4f6cb2d28b21239714782600d0904effa77c5635249d28e62fc0,Supplementary_Data_1.xlsx_bytes,2026-08-11T00:00:00Z,already_acquired_bulk_reaudit_no_new_web_query,,
284f1da48252d764a02f3254,Chamaecyparis lawsoniana,flower_colour,flower_primary_color,blue_purple,blue_purple,medium,species_direct,curated_bulk_reaudit,EOL TraitBank all-traits archive,https://eol.org/pages/1034844/data,Encyclopedia of Life TraitBank species trait record,"The PLANTS Database, United States Department of Agriculture, National Resources Conservation Service. http://plants.usda.gov/",EOL TraitBank record R133-PK288702407: flower color = blue; EOL page 1034844.,R133-PK288702407,citation:eol-upstream:e989e6becc737357dccb,normalized_upstream_source_citation,accepted_name_exact,accepted_name_exact,Chamaecyparis lawsoniana,A,public_curated_trait_database,eol.org,en,species_trait_record_not_cultivar_limited,accepted_individual_structured_source_audit,a029cef6f771b08c1ad5cb2cd5f5a56a53de6896cee768ebcd7c61f756735072,EOL_traits_all.zip_bytes,2026-08-11T00:00:00Z,already_acquired_bulk_reaudit_no_new_web_query,,
bed2a193896a80c3bf6eacce,Chamaecyparis thyoides,flower_colour,flower_primary_color,green_brown_inconspicuous,green_brown_inconspicuous,medium,species_direct,curated_bulk_reaudit,EOL TraitBank all-traits archive,https://eol.org/pages/1061745/data,Encyclopedia of Life TraitBank species trait record,"The PLANTS Database, United States Department of Agriculture, National Resources Conservation Service. http://plants.usda.gov/",EOL TraitBank record R133-PK288702121: flower color = green; EOL page 1061745.,R133-PK288702121,citation:eol-upstream:e989e6becc737357dccb,normalized_upstream_source_citation,accepted_name_exact,accepted_name_exact,Chamaecyparis thyoides,A,public_curated_trait_database,eol.org,en,species_trait_record_not_cultivar_limited,accepted_individual_structured_source_audit,a029cef6f771b08c1ad5cb2cd5f5a56a53de6896cee768ebcd7c61f756735072,EOL_traits_all.zip_bytes,2026-08-11T00:00:00Z,already_acquired_bulk_reaudit_no_new_web_query,,
4403c2b6400dbdb1725ff6ff,Chrysanthemum indicum,reproductive_assurance,self_incompatibility,si,SI,medium,species_direct,curated_bulk_reaudit,"Meyer, Galloway & Eckert 2026 Dryad v4",https://doi.org/10.5061/dryad.cc2fqz6hr,Meyer et al. 2026 Dryad mating-system dataset,"Meyer, Galloway & Eckert (2026), The evolutionary dynamics of plant mating systems: how bias for studying 'interesting' plant reproductive systems could backfire, Dryad dataset, version 4.",Output_Data_MS.csv row 1064: genus_species=Chrysanthemum indicum; Family=Asteraceae; mating_system=si.,Output_Data_MS.csv:1064,dataset:dryad.cc2fqz6hr:v4,versioned_curated_dataset,accepted_name_exact,accepted_name_exact,Chrysanthemum indicum,A,peer_reviewed_curated_trait_dataset,datadryad.org,en,species_trait_record_not_cultivar_limited,accepted_individual_structured_source_audit,dbc454103faa2d1677586b5b690b8ccc3e6b1a99fb39cdc0b00181703b4c6b56,Output_Data_MS.csv_lf_normalized_bytes,2026-08-11T00:00:00Z,already_acquired_bulk_reaudit_no_new_web_query,,
db7c97e0be715131d3a98971,Cibotium chamissoi,flower_colour,flower_primary_color,green_brown_inconspicuous,green_brown_inconspicuous,medium,species_direct,curated_bulk_reaudit,EOL TraitBank all-traits archive,https://eol.org/pages/596793/data,Encyclopedia of Life TraitBank species trait record,"The PLANTS Database, United States Department of Agriculture, National Resources Conservation Service. http://plants.usda.gov/",EOL TraitBank record R133-PK288702357: flower color = brown; EOL page 596793.,R133-PK288702357,citation:eol-upstream:e989e6becc737357dccb,normalized_upstream_source_citation,accepted_name_exact,accepted_name_exact,Cibotium chamissoi,A,public_curated_trait_database,eol.org,en,species_trait_record_not_cultivar_limited,accepted_individual_structured_source_audit,a029cef6f771b08c1ad5cb2cd5f5a56a53de6896cee768ebcd7c61f756735072,EOL_traits_all.zip_bytes,2026-08-11T00:00:00Z,already_acquired_bulk_reaudit_no_new_web_query,,
7fde22fc5bf0f3001c4d41dd,Cibotium glaucum,flower_colour,flower_primary_color,green_brown_inconspicuous,green_brown_inconspicuous,medium,species_direct,curated_bulk_reaudit,EOL TraitBank all-traits archive,https://eol.org/pages/597276/data,Encyclopedia of Life TraitBank species trait record,"The PLANTS Database, United States Department of Agriculture, National Resources Conservation Service. http://plants.usda.gov/",EOL TraitBank record R133-PK288702358: flower color = brown; EOL page 597276.,R133-PK288702358,citation:eol-upstream:e989e6becc737357dccb,normalized_upstream_source_citation,accepted_name_exact,accepted_name_exact,Cibotium glaucum,A,public_curated_trait_database,eol.org,en,species_trait_record_not_cultivar_limited,accepted_individual_structured_source_audit,a029cef6f771b08c1ad5cb2cd5f5a56a53de6896cee768ebcd7c61f756735072,EOL_traits_all.zip_bytes,2026-08-11T00:00:00Z,already_acquired_bulk_reaudit_no_new_web_query,,
5eac2bfcc8e8583b1a14e8aa,Clematis rehderiana,reproductive_assurance,self_incompatibility,sc,SC,medium,species_direct,curated_bulk_reaudit,"Meyer, Galloway & Eckert 2026 Dryad v4",https://doi.org/10.5061/dryad.cc2fqz6hr,Meyer et al. 2026 Dryad mating-system dataset,"Meyer, Galloway & Eckert (2026), The evolutionary dynamics of plant mating systems: how bias for studying 'interesting' plant reproductive systems could backfire, Dryad dataset, version 4.",Output_Data_MS.csv row 1136: genus_species=Clematis rehderiana; Family=Ranunculaceae; mating_system=sc.,Output_Data_MS.csv:1136,dataset:dryad.cc2fqz6hr:v4,versioned_curated_dataset,accepted_name_exact,accepted_name_exact,Clematis rehderiana,A,peer_reviewed_curated_trait_dataset,datadryad.org,en,species_trait_record_not_cultivar_limited,accepted_individual_structured_source_audit,dbc454103faa2d1677586b5b690b8ccc3e6b1a99fb39cdc0b00181703b4c6b56,Output_Data_MS.csv_lf_normalized_bytes,2026-08-11T00:00:00Z,already_acquired_bulk_reaudit_no_new_web_query,,
8223fce401e8db3a84aaa301,Clematis rehderiana,reproductive_assurance,self_incompatibility,"0.754754, 0.948718",mixed_or_variable,medium,species_direct,curated_bulk_reaudit,Razanajatovo et al. 2016 Supplementary Data 1,https://doi.org/10.1038/ncomms13313,Razanajatovo et al. 2016 Supplementary Data 1,"Razanajatovo et al. (2016), Plants capable of selfing are more likely to become naturalized, Nature Communications 7:13313, Supplementary Data 1.",Supplementary Data 1 source row(s): Data_source=Jiang_etal_2010; Species=Clematis_rehderiana; Family=Ranunculaceae; Self-compatibility_index_FS=0.948717949; Self-compatibility_index_SFL=0.754754098; Autofertility_index_FS=0.794871795; Autofertility_index_SFL=0.666557377,Clematis rehderiana:self_incompatibility,citation_keys:razanajatovo2016:f6c7344ea1f9d22408b8,underlying_reference_key_set,accepted_name_exact,accepted_name_exact,Clematis rehderiana,A,peer_reviewed_supplementary_trait_dataset,nature.com,en,species_trait_record_not_cultivar_limited,accepted_individual_structured_source_audit,cb17009ae65c4f6cb2d28b21239714782600d0904effa77c5635249d28e62fc0,Supplementary_Data_1.xlsx_bytes,2026-08-11T00:00:00Z,already_acquired_bulk_reaudit_no_new_web_query,,
3ed47efbb04e018d9705112b,Clethra alnifolia,reproductive_assurance,self_incompatibility,"0.221604, 0.965",mixed_or_variable,medium,species_direct,curated_bulk_reaudit,Razanajatovo et al. 2016 Supplementary Data 1,https://doi.org/10.1038/ncomms13313,Razanajatovo et al. 2016 Supplementary Data 1,"Razanajatovo et al. (2016), Plants capable of selfing are more likely to become naturalized, Nature Communications 7:13313, Supplementary Data 1.",Supplementary Data 1 source row(s): Data_source=Rathcke_1998; Species=Clethra_alnifolia; Family=Clethraceae; Self-compatibility_index_FS=; Self-compatibility_index_SFL=; Autofertility_index_FS=; Autofertility_index_SFL= || Data_source=Reed_2006; Species=Clethra_alnifolia; Family=Clethraceae; Self-compatibility_index_FS=0.965; Self-compatibility_index_SFL=0.221603512; Autofertility_index_FS=; Autofertility_index_SFL=,Clethra alnifolia:self_incompatibility,citation_keys:razanajatovo2016:cbdf83e6faf4e3f91876,underlying_reference_key_set,accepted_name_exact,accepted_name_exact,Clethra alnifolia,A,peer_reviewed_supplementary_trait_dataset,nature.com,en,species_trait_record_not_cultivar_limited,accepted_individual_structured_source_audit,cb17009ae65c4f6cb2d28b21239714782600d0904effa77c5635249d28e62fc0,Supplementary_Data_1.xlsx_bytes,2026-08-11T00:00:00Z,already_acquired_bulk_reaudit_no_new_web_query,,
bb57e240c21bd60c5bbb5695,Cneorum tricoccon,reproductive_assurance,self_incompatibility,0.724601,mixed_or_variable,medium,species_direct,curated_bulk_reaudit,Razanajatovo et al. 2016 Supplementary Data 1,https://doi.org/10.1038/ncomms13313,Razanajatovo et al. 2016 Supplementary Data 1,"Razanajatovo et al. (2016), Plants capable of selfing are more likely to become naturalized, Nature Communications 7:13313, Supplementary Data 1.",Supplementary Data 1 source row(s): Data_source=Traveset_1995; Species=Cneorum_tricoccon; Family=Rutaceae; Self-compatibility_index_FS=0.724600757; Self-compatibility_index_SFL=; Autofertility_index_FS=0.11726958; Autofertility_index_SFL=,Cneorum tricoccon:self_incompatibility,citation_keys:razanajatovo2016:b9ef03f06c38cb1d2cc8,underlying_reference_key_set,accepted_name_exact,accepted_name_exact,Cneorum tricoccon,A,peer_reviewed_supplementary_trait_dataset,nature.com,en,species_trait_record_not_cultivar_limited,accepted_individual_structured_source_audit,cb17009ae65c4f6cb2d28b21239714782600d0904effa77c5635249d28e62fc0,Supplementary_Data_1.xlsx_bytes,2026-08-11T00:00:00Z,already_acquired_bulk_reaudit_no_new_web_query,,
5e7f1560f028cf17e24894fa,Cocos nucifera,reproductive_assurance,self_incompatibility,si,SI,medium,species_direct,curated_bulk_reaudit,"Meyer, Galloway & Eckert 2026 Dryad v4",https://doi.org/10.5061/dryad.cc2fqz6hr,Meyer et al. 2026 Dryad mating-system dataset,"Meyer, Galloway & Eckert (2026), The evolutionary dynamics of plant mating systems: how bias for studying 'interesting' plant reproductive systems could backfire, Dryad dataset, version 4.",Output_Data_MS.csv row 1158: genus_species=Cocos nucifera; Family=Arecaceae; mating_system=si.,Output_Data_MS.csv:1158,dataset:dryad.cc2fqz6hr:v4,versioned_curated_dataset,accepted_name_exact,accepted_name_exact,Cocos nucifera,A,peer_reviewed_curated_trait_dataset,datadryad.org,en,species_trait_record_not_cultivar_limited,accepted_individual_structured_source_audit,dbc454103faa2d1677586b5b690b8ccc3e6b1a99fb39cdc0b00181703b4c6b56,Output_Data_MS.csv_lf_normalized_bytes,2026-08-11T00:00:00Z,already_acquired_bulk_reaudit_no_new_web_query,,
30ef7101baa1f327a04b5af5,Colletia spinosissima,reproductive_assurance,self_incompatibility,0.409091,mixed_or_variable,medium,species_direct,curated_bulk_reaudit,Razanajatovo et al. 2016 Supplementary Data 1,https://doi.org/10.1038/ncomms13313,Razanajatovo et al. 2016 Supplementary Data 1,"Razanajatovo et al. (2016), Plants capable of selfing are more likely to become naturalized, Nature Communications 7:13313, Supplementary Data 1.",Supplementary Data 1 source row(s): Data_source=Medan_Basilio_2001; Species=Colletia_spinosissima; Family=Rhamnaceae; Self-compatibility_index_FS=0.409090909; Self-compatibility_index_SFL=; Autofertility_index_FS=0.476325758; Autofertility_index_SFL=,Colletia spinosissima:self_incompatibility,citation_keys:razanajatovo2016:90e5fe92c81ec55f3fba,underlying_reference_key_set,accepted_name_exact,accepted_name_exact,Colletia spinosissima,A,peer_reviewed_supplementary_trait_dataset,nature.com,en,species_trait_record_not_cultivar_limited,accepted_individual_structured_source_audit,cb17009ae65c4f6cb2d28b21239714782600d0904effa77c5635249d28e62fc0,Supplementary_Data_1.xlsx_bytes,2026-08-11T00:00:00Z,already_acquired_bulk_reaudit_no_new_web_query,,
cd92bb47102c15773e57bf88,Collinsia torreyi,reproductive_assurance,self_incompatibility,si,SI,medium,species_direct,curated_bulk_reaudit,"Meyer, Galloway & Eckert 2026 Dryad v4",https://doi.org/10.5061/dryad.cc2fqz6hr,Meyer et al. 2026 Dryad mating-system dataset,"Meyer, Galloway & Eckert (2026), The evolutionary dynamics of plant mating systems: how bias for studying 'interesting' plant reproductive systems could backfire, Dryad dataset, version 4.",Output_Data_MS.csv row 1184: genus_species=Collinsia torreyi; Family=Plantaginaceae; mating_system=si.,Output_Data_MS.csv:1184,dataset:dryad.cc2fqz6hr:v4,versioned_curated_dataset,accepted_name_exact,accepted_name_exact,Collinsia torreyi,A,peer_reviewed_curated_trait_dataset,datadryad.org,en,species_trait_record_not_cultivar_limited,accepted_individual_structured_source_audit,dbc454103faa2d1677586b5b690b8ccc3e6b1a99fb39cdc0b00181703b4c6b56,Output_Data_MS.csv_lf_normalized_bytes,2026-08-11T00:00:00Z,already_acquired_bulk_reaudit_no_new_web_query,,
2a94d74c6431ca150ccac411,Columnea microcalyx,reproductive_assurance,self_incompatibility,0.671642,mixed_or_variable,medium,species_direct,curated_bulk_reaudit,Razanajatovo et al. 2016 Supplementary Data 1,https://doi.org/10.1038/ncomms13313,Razanajatovo et al. 2016 Supplementary Data 1,"Razanajatovo et al. (2016), Plants capable of selfing are more likely to become naturalized, Nature Communications 7:13313, Supplementary Data 1.",Supplementary Data 1 source row(s): Data_source=Bush_Beach_1995; Species=Columnea_microcalyx; Family=Gesneriaceae; Self-compatibility_index_FS=0.671641791; Self-compatibility_index_SFL=; Autofertility_index_FS=; Autofertility_index_SFL=,Columnea microcalyx:self_incompatibility,citation_keys:razanajatovo2016:6a59299d835ad3009aab,underlying_reference_key_set,accepted_name_exact,accepted_name_exact,Columnea microcalyx,A,peer_reviewed_supplementary_trait_dataset,nature.com,en,species_trait_record_not_cultivar_limited,accepted_individual_structured_source_audit,cb17009ae65c4f6cb2d28b21239714782600d0904effa77c5635249d28e62fc0,Supplementary_Data_1.xlsx_bytes,2026-08-11T00:00:00Z,already_acquired_bulk_reaudit_no_new_web_query,,
57c6a02d98428ab8e8cee30f,Commelina diffusa,reproductive_assurance,self_incompatibility,"0.639175, 0.705784",mixed_or_variable,medium,species_direct,curated_bulk_reaudit,Razanajatovo et al. 2016 Supplementary Data 1,https://doi.org/10.1038/ncomms13313,Razanajatovo et al. 2016 Supplementary Data 1,"Razanajatovo et al. (2016), Plants capable of selfing are more likely to become naturalized, Nature Communications 7:13313, Supplementary Data 1.",Supplementary Data 1 source row(s): Data_source=Jaimes_Ramirez_1997; Species=Commelina_diffusa; Family=Commelinaceae; Self-compatibility_index_FS=0.705783537; Self-compatibility_index_SFL=0.639175258; Autofertility_index_FS=0.674946004; Autofertility_index_SFL=0.515463918 || Data_source=Oziegbe_etal_2013; Species=Commelina_diffusa; Family=Commelinaceae; Self-compatibility_index_FS=; Self-compatibility_index_SFL=; Autofertility_index_FS=; Autofertility_index_SFL=,Commelina diffusa:self_incompatibility,citation_keys:razanajatovo2016:959f5ad96991b8ad3481,underlying_reference_key_set,accepted_name_exact,accepted_name_exact,Commelina diffusa,A,peer_reviewed_supplementary_trait_dataset,nature.com,en,species_trait_record_not_cultivar_limited,accepted_individual_structured_source_audit,cb17009ae65c4f6cb2d28b21239714782600d0904effa77c5635249d28e62fc0,Supplementary_Data_1.xlsx_bytes,2026-08-11T00:00:00Z,already_acquired_bulk_reaudit_no_new_web_query,,
1ebd74b544c830dcfba2d1bc,Commelina erecta,reproductive_assurance,self_incompatibility,si,SI,medium,species_direct,curated_bulk_reaudit,"Meyer, Galloway & Eckert 2026 Dryad v4",https://doi.org/10.5061/dryad.cc2fqz6hr,Meyer et al. 2026 Dryad mating-system dataset,"Meyer, Galloway & Eckert (2026), The evolutionary dynamics of plant mating systems: how bias for studying 'interesting' plant reproductive systems could backfire, Dryad dataset, version 4.",Output_Data_MS.csv row 1196: genus_species=Commelina erecta; Family=Commelinaceae; mating_system=si.,Output_Data_MS.csv:1196,dataset:dryad.cc2fqz6hr:v4,versioned_curated_dataset,accepted_name_exact,accepted_name_exact,Commelina erecta,A,peer_reviewed_curated_trait_dataset,datadryad.org,en,species_trait_record_not_cultivar_limited,accepted_individual_structured_source_audit,dbc454103faa2d1677586b5b690b8ccc3e6b1a99fb39cdc0b00181703b4c6b56,Output_Data_MS.csv_lf_normalized_bytes,2026-08-11T00:00:00Z,already_acquired_bulk_reaudit_no_new_web_query,,
3ba92ebbfd16a4d7e1ade5f0,Crataegus crus-galli,reproductive_assurance,self_incompatibility,0.876083,SC,medium,species_direct,curated_bulk_reaudit,Razanajatovo et al. 2016 Supplementary Data 1,https://doi.org/10.1038/ncomms13313,Razanajatovo et al. 2016 Supplementary Data 1,"Razanajatovo et al. (2016), Plants capable of selfing are more likely to become naturalized, Nature Communications 7:13313, Supplementary Data 1.",Supplementary Data 1 source row(s): Data_source=Dickinson_Phipps_1986; Species=Crataegus_crus-galli; Family=Rosaceae; Self-compatibility_index_FS=0.876083189; Self-compatibility_index_SFL=; Autofertility_index_FS=0.260831889; Autofertility_index_SFL=,Crataegus crus-galli:self_incompatibility,citation_keys:razanajatovo2016:073b3c326da225eb7c64,underlying_reference_key_set,accepted_name_exact,accepted_name_exact,Crataegus crus-galli,A,peer_reviewed_supplementary_trait_dataset,nature.com,en,species_trait_record_not_cultivar_limited,accepted_individual_structured_source_audit,cb17009ae65c4f6cb2d28b21239714782600d0904effa77c5635249d28e62fc0,Supplementary_Data_1.xlsx_bytes,2026-08-11T00:00:00Z,already_acquired_bulk_reaudit_no_new_web_query,,
1d920ec155d3cb0c6a0adb42,Crepis tectorum,reproductive_assurance,self_incompatibility,sc,SC,medium,species_direct,curated_bulk_reaudit,"Meyer, Galloway & Eckert 2026 Dryad v4",https://doi.org/10.5061/dryad.cc2fqz6hr,Meyer et al. 2026 Dryad mating-system dataset,"Meyer, Galloway & Eckert (2026), The evolutionary dynamics of plant mating systems: how bias for studying 'interesting' plant reproductive systems could backfire, Dryad dataset, version 4.",Output_Data_MS.csv row 1272: genus_species=Crepis tectorum; Family=Asteraceae; mating_system=sc.,Output_Data_MS.csv:1272,dataset:dryad.cc2fqz6hr:v4,versioned_curated_dataset,accepted_name_exact,accepted_name_exact,Crepis tectorum,A,peer_reviewed_curated_trait_dataset,datadryad.org,en,species_trait_record_not_cultivar_limited,accepted_individual_structured_source_audit,dbc454103faa2d1677586b5b690b8ccc3e6b1a99fb39cdc0b00181703b4c6b56,Output_Data_MS.csv_lf_normalized_bytes,2026-08-11T00:00:00Z,already_acquired_bulk_reaudit_no_new_web_query,,
529be968d28742164e41a3e1,Crepis tectorum,reproductive_assurance,self_incompatibility,0.701454,mixed_or_variable,medium,species_direct,curated_bulk_reaudit,Razanajatovo et al. 2016 Supplementary Data 1,https://doi.org/10.1038/ncomms13313,Razanajatovo et al. 2016 Supplementary Data 1,"Razanajatovo et al. (2016), Plants capable of selfing are more likely to become naturalized, Nature Communications 7:13313, Supplementary Data 1.",Supplementary Data 1 source row(s): Data_source=Andersson_1989; Species=Crepis_tectorum; Family=Compositae; Self-compatibility_index_FS=0.70145358; Self-compatibility_index_SFL=; Autofertility_index_FS=0.62947153; Autofertility_index_SFL=,Crepis tectorum:self_incompatibility,citation_keys:razanajatovo2016:61b59fa3cc25ecb5ff6d,underlying_reference_key_set,accepted_name_exact,accepted_name_exact,Crepis tectorum,A,peer_reviewed_supplementary_trait_dataset,nature.com,en,species_trait_record_not_cultivar_limited,accepted_individual_structured_source_audit,cb17009ae65c4f6cb2d28b21239714782600d0904effa77c5635249d28e62fc0,Supplementary_Data_1.xlsx_bytes,2026-08-11T00:00:00Z,already_acquired_bulk_reaudit_no_new_web_query,,
5a2a037fc0547b5957f8c404,Croton hirtus,reproductive_assurance,self_incompatibility,"0.423192, 1",mixed_or_variable,medium,species_direct,curated_bulk_reaudit,Razanajatovo et al. 2016 Supplementary Data 1,https://doi.org/10.1038/ncomms13313,Razanajatovo et al. 2016 Supplementary Data 1,"Razanajatovo et al. (2016), Plants capable of selfing are more likely to become naturalized, Nature Communications 7:13313, Supplementary Data 1.",Supplementary Data 1 source row(s): Data_source=Ramirez_Brito_1990; Species=Croton_hirtus; Family=Euphorbiaceae; Self-compatibility_index_FS=0.423192304; Self-compatibility_index_SFL=1; Autofertility_index_FS=0.258611772; Autofertility_index_SFL=1,Croton hirtus:self_incompatibility,citation_keys:razanajatovo2016:d90a5990e60c1fa6918f,underlying_reference_key_set,accepted_name_exact,accepted_name_exact,Croton hirtus,A,peer_reviewed_supplementary_trait_dataset,nature.com,en,species_trait_record_not_cultivar_limited,accepted_individual_structured_source_audit,cb17009ae65c4f6cb2d28b21239714782600d0904effa77c5635249d28e62fc0,Supplementary_Data_1.xlsx_bytes,2026-08-11T00:00:00Z,already_acquired_bulk_reaudit_no_new_web_query,,
c2a6493c636391540fd4dd0e,Cryptomeria japonica,flower_colour,flower_primary_color,yellow_orange,yellow_orange,medium,species_direct,curated_bulk_reaudit,EOL TraitBank all-traits archive,https://eol.org/pages/126871/data,Encyclopedia of Life TraitBank species trait record,"The PLANTS Database, United States Department of Agriculture, National Resources Conservation Service. http://plants.usda.gov/",EOL TraitBank record R133-PK288700486: flower color = yellow; EOL page 126871.,R133-PK288700486,citation:eol-upstream:e989e6becc737357dccb,normalized_upstream_source_citation,accepted_name_exact,accepted_name_exact,Cryptomeria japonica,A,public_curated_trait_database,eol.org,en,species_trait_record_not_cultivar_limited,accepted_individual_structured_source_audit,a029cef6f771b08c1ad5cb2cd5f5a56a53de6896cee768ebcd7c61f756735072,EOL_traits_all.zip_bytes,2026-08-11T00:00:00Z,already_acquired_bulk_reaudit_no_new_web_query,,
c75f488c5c6dd580d1a85df7,Cyathea arborea,flower_colour,flower_primary_color,green_brown_inconspicuous,green_brown_inconspicuous,medium,species_direct,curated_bulk_reaudit,EOL TraitBank all-traits archive,https://eol.org/pages/596799/data,Encyclopedia of Life TraitBank species trait record,"The PLANTS Database, United States Department of Agriculture, National Resources Conservation Service. http://plants.usda.gov/",EOL TraitBank record R133-PK288702359: flower color = brown; EOL page 596799.,R133-PK288702359,citation:eol-upstream:e989e6becc737357dccb,normalized_upstream_source_citation,accepted_name_exact,accepted_name_exact,Cyathea arborea,A,public_curated_trait_database,eol.org,en,species_trait_record_not_cultivar_limited,accepted_individual_structured_source_audit,a029cef6f771b08c1ad5cb2cd5f5a56a53de6896cee768ebcd7c61f756735072,EOL_traits_all.zip_bytes,2026-08-11T00:00:00Z,already_acquired_bulk_reaudit_no_new_web_query,,
b184c5c5735bbf267dd18897,Cyclamen creticum,reproductive_assurance,self_incompatibility,sc,SC,medium,species_direct,curated_bulk_reaudit,"Meyer, Galloway & Eckert 2026 Dryad v4",https://doi.org/10.5061/dryad.cc2fqz6hr,Meyer et al. 2026 Dryad mating-system dataset,"Meyer, Galloway & Eckert (2026), The evolutionary dynamics of plant mating systems: how bias for studying 'interesting' plant reproductive systems could backfire, Dryad dataset, version 4.",Output_Data_MS.csv row 1314: genus_species=Cyclamen creticum; Family=Primulaceae; mating_system=sc.,Output_Data_MS.csv:1314,dataset:dryad.cc2fqz6hr:v4,versioned_curated_dataset,accepted_name_exact,accepted_name_exact,Cyclamen creticum,A,peer_reviewed_curated_trait_dataset,datadryad.org,en,species_trait_record_not_cultivar_limited,accepted_individual_structured_source_audit,dbc454103faa2d1677586b5b690b8ccc3e6b1a99fb39cdc0b00181703b4c6b56,Output_Data_MS.csv_lf_normalized_bytes,2026-08-11T00:00:00Z,already_acquired_bulk_reaudit_no_new_web_query,,
f678ec138bfe390c6cb6e0d3,Cyclamen creticum,reproductive_assurance,self_incompatibility,"0.580482, 0.762493, 1",mixed_or_variable,medium,species_direct,curated_bulk_reaudit,Razanajatovo et al. 2016 Supplementary Data 1,https://doi.org/10.1038/ncomms13313,Razanajatovo et al. 2016 Supplementary Data 1,"Razanajatovo et al. (2016), Plants capable of selfing are more likely to become naturalized, Nature Communications 7:13313, Supplementary Data 1.",Supplementary Data 1 source row(s): Data_source=Affre_Thompson_1997; Species=Cyclamen_creticum; Family=Primulaceae; Self-compatibility_index_FS=1; Self-compatibility_index_SFL=; Autofertility_index_FS=0.116202072; Autofertility_index_SFL= || Data_source=Affre_Thompson_1999; Species=Cyclamen_creticum; Family=Primulaceae; Self-compatibility_index_FS=0.76249276; Self-compatibility_index_SFL=0.580482409; Autofertility_index_FS=0.602962907; Autofertility_index_SFL=,Cyclamen creticum:self_incompatibility,citation_keys:razanajatovo2016:96ad053d937be39adaad,underlying_reference_key_set,accepted_name_exact,accepted_name_exact,Cyclamen creticum,A,peer_reviewed_supplementary_trait_dataset,nature.com,en,species_trait_record_not_cultivar_limited,accepted_individual_structured_source_audit,cb17009ae65c4f6cb2d28b21239714782600d0904effa77c5635249d28e62fc0,Supplementary_Data_1.xlsx_bytes,2026-08-11T00:00:00Z,already_acquired_bulk_reaudit_no_new_web_query,,
ecf65adfc735e8b7f0d5ae11,Cynophalla hastata,reproductive_assurance,self_incompatibility,0.403148,mixed_or_variable,medium,species_direct,curated_bulk_reaudit,Razanajatovo et al. 2016 Supplementary Data 1,https://doi.org/10.1038/ncomms13313,Razanajatovo et al. 2016 Supplementary Data 1,"Razanajatovo et al. (2016), Plants capable of selfing are more likely to become naturalized, Nature Communications 7:13313, Supplementary Data 1.",Supplementary Data 1 source row(s): Data_source=Machado_etal_2006; Species=Cynophalla_hastata; Family=Capparaceae; Self-compatibility_index_FS=0.4031477; Self-compatibility_index_SFL=; Autofertility_index_FS=0; Autofertility_index_SFL=,Cynophalla hastata:self_incompatibility,citation_keys:razanajatovo2016:defc98ebb808835e3477,underlying_reference_key_set,accepted_name_exact,accepted_name_exact,Cynophalla hastata,A,peer_reviewed_supplementary_trait_dataset,nature.com,en,species_trait_record_not_cultivar_limited,accepted_individual_structured_source_audit,cb17009ae65c4f6cb2d28b21239714782600d0904effa77c5635249d28e62fc0,Supplementary_Data_1.xlsx_bytes,2026-08-11T00:00:00Z,already_acquired_bulk_reaudit_no_new_web_query,,
f05f49b76a0404600022967d,Cyrilla racemiflora,reproductive_assurance,self_incompatibility,0.788416,mixed_or_variable,medium,species_direct,curated_bulk_reaudit,Razanajatovo et al. 2016 Supplementary Data 1,https://doi.org/10.1038/ncomms13313,Razanajatovo et al. 2016 Supplementary Data 1,"Razanajatovo et al. (2016), Plants capable of selfing are more likely to become naturalized, Nature Communications 7:13313, Supplementary Data 1.",Supplementary Data 1 source row(s): Data_source=Dute_etal_2004; Species=Cyrilla_racemiflora; Family=Cyrillaceae; Self-compatibility_index_FS=0.788416076; Self-compatibility_index_SFL=; Autofertility_index_FS=0.13356974; Autofertility_index_SFL=,Cyrilla racemiflora:self_incompatibility,citation_keys:razanajatovo2016:54ccd1c7b743b6745024,underlying_reference_key_set,accepted_name_exact,accepted_name_exact,Cyrilla racemiflora,A,peer_reviewed_supplementary_trait_dataset,nature.com,en,species_trait_record_not_cultivar_limited,accepted_individual_structured_source_audit,cb17009ae65c4f6cb2d28b21239714782600d0904effa77c5635249d28e62fc0,Supplementary_Data_1.xlsx_bytes,2026-08-11T00:00:00Z,already_acquired_bulk_reaudit_no_new_web_query,,
4f09c70066d3aedec86f10be,Decodon verticillatus,reproductive_assurance,self_incompatibility,sc,SC,medium,species_direct,curated_bulk_reaudit,"Meyer, Galloway & Eckert 2026 Dryad v4",https://doi.org/10.5061/dryad.cc2fqz6hr,Meyer et al. 2026 Dryad mating-system dataset,"Meyer, Galloway & Eckert (2026), The evolutionary dynamics of plant mating systems: how bias for studying 'interesting' plant reproductive systems could backfire, Dryad dataset, version 4.",Output_Data_MS.csv row 1381: genus_species=Decodon verticillatus; Family=Lythraceae; mating_system=sc.,Output_Data_MS.csv:1381,dataset:dryad.cc2fqz6hr:v4,versioned_curated_dataset,accepted_name_exact,accepted_name_exact,Decodon verticillatus,A,peer_reviewed_curated_trait_dataset,datadryad.org,en,species_trait_record_not_cultivar_limited,accepted_individual_structured_source_audit,dbc454103faa2d1677586b5b690b8ccc3e6b1a99fb39cdc0b00181703b4c6b56,Output_Data_MS.csv_lf_normalized_bytes,2026-08-11T00:00:00Z,already_acquired_bulk_reaudit_no_new_web_query,,
ea995d2389d44efc91551720,Decodon verticillatus,reproductive_assurance,self_incompatibility,"0.75738, 0.875246",mixed_or_variable,medium,species_direct,curated_bulk_reaudit,Razanajatovo et al. 2016 Supplementary Data 1,https://doi.org/10.1038/ncomms13313,Razanajatovo et al. 2016 Supplementary Data 1,"Razanajatovo et al. (2016), Plants capable of selfing are more likely to become naturalized, Nature Communications 7:13313, Supplementary Data 1.",Supplementary Data 1 source row(s): Data_source=Eckert_Barrett_1994; Species=Decodon_verticillatus; Family=Lythraceae; Self-compatibility_index_FS=0.875246356; Self-compatibility_index_SFL=0.757379597; Autofertility_index_FS=; Autofertility_index_SFL=,Decodon verticillatus:self_incompatibility,citation_keys:razanajatovo2016:5cf7f41401d40690ff2f,underlying_reference_key_set,accepted_name_exact,accepted_name_exact,Decodon verticillatus,A,peer_reviewed_supplementary_trait_dataset,nature.com,en,species_trait_record_not_cultivar_limited,accepted_individual_structured_source_audit,cb17009ae65c4f6cb2d28b21239714782600d0904effa77c5635249d28e62fc0,Supplementary_Data_1.xlsx_bytes,2026-08-11T00:00:00Z,already_acquired_bulk_reaudit_no_new_web_query,,
edbbda19ad33806d658412b5,Desmoscelis villosa,reproductive_assurance,self_incompatibility,"0.467301, 0.771952",mixed_or_variable,medium,species_direct,curated_bulk_reaudit,Razanajatovo et al. 2016 Supplementary Data 1,https://doi.org/10.1038/ncomms13313,Razanajatovo et al. 2016 Supplementary Data 1,"Razanajatovo et al. (2016), Plants capable of selfing are more likely to become naturalized, Nature Communications 7:13313, Supplementary Data 1.",Supplementary Data 1 source row(s): Data_source=Ramirez_Brito_1990; Species=Desmoscelis_villosa; Family=Melastomataceae; Self-compatibility_index_FS=0.771952337; Self-compatibility_index_SFL=0.467300509; Autofertility_index_FS=0.499908341; Autofertility_index_SFL=0.067232598,Desmoscelis villosa:self_incompatibility,citation_keys:razanajatovo2016:d90a5990e60c1fa6918f,underlying_reference_key_set,accepted_name_exact,accepted_name_exact,Desmoscelis villosa,A,peer_reviewed_supplementary_trait_dataset,nature.com,en,species_trait_record_not_cultivar_limited,accepted_individual_structured_source_audit,cb17009ae65c4f6cb2d28b21239714782600d0904effa77c5635249d28e62fc0,Supplementary_Data_1.xlsx_bytes,2026-08-11T00:00:00Z,already_acquired_bulk_reaudit_no_new_web_query,,
630b47c5002ef6aa24314303,Diapensia lapponica,reproductive_assurance,self_incompatibility,si,SI,medium,species_direct,curated_bulk_reaudit,"Meyer, Galloway & Eckert 2026 Dryad v4",https://doi.org/10.5061/dryad.cc2fqz6hr,Meyer et al. 2026 Dryad mating-system dataset,"Meyer, Galloway & Eckert (2026), The evolutionary dynamics of plant mating systems: how bias for studying 'interesting' plant reproductive systems could backfire, Dryad dataset, version 4.",Output_Data_MS.csv row 1449: genus_species=Diapensia lapponica; Family=Diapensiaceae; mating_system=si.,Output_Data_MS.csv:1449,dataset:dryad.cc2fqz6hr:v4,versioned_curated_dataset,accepted_name_exact,accepted_name_exact,Diapensia lapponica,A,peer_reviewed_curated_trait_dataset,datadryad.org,en,species_trait_record_not_cultivar_limited,accepted_individual_structured_source_audit,dbc454103faa2d1677586b5b690b8ccc3e6b1a99fb39cdc0b00181703b4c6b56,Output_Data_MS.csv_lf_normalized_bytes,2026-08-11T00:00:00Z,already_acquired_bulk_reaudit_no_new_web_query,,
70a93c99e146db995f31eb4e,Dieffenbachia longispatha,reproductive_assurance,self_incompatibility,0.663097,mixed_or_variable,medium,species_direct,curated_bulk_reaudit,Razanajatovo et al. 2016 Supplementary Data 1,https://doi.org/10.1038/ncomms13313,Razanajatovo et al. 2016 Supplementary Data 1,"Razanajatovo et al. (2016), Plants capable of selfing are more likely to become naturalized, Nature Communications 7:13313, Supplementary Data 1.",Supplementary Data 1 source row(s): Data_source=Young_1986; Species=Dieffenbachia_longispatha; Family=Araceae; Self-compatibility_index_FS=0.663096832; Self-compatibility_index_SFL=; Autofertility_index_FS=0.667559125; Autofertility_index_SFL=,Dieffenbachia longispatha:self_incompatibility,citation_keys:razanajatovo2016:52339b1ea4dbf6c345dd,underlying_reference_key_set,accepted_name_exact,accepted_name_exact,Dieffenbachia longispatha,A,peer_reviewed_supplementary_trait_dataset,nature.com,en,species_trait_record_not_cultivar_limited,accepted_individual_structured_source_audit,cb17009ae65c4f6cb2d28b21239714782600d0904effa77c5635249d28e62fc0,Supplementary_Data_1.xlsx_bytes,2026-08-11T00:00:00Z,already_acquired_bulk_reaudit_no_new_web_query,,
62bb1bff99ca459ffa09a0f4,Dryas octopetala,reproductive_assurance,self_incompatibility,si,SI,medium,species_direct,curated_bulk_reaudit,"Meyer, Galloway & Eckert 2026 Dryad v4",https://doi.org/10.5061/dryad.cc2fqz6hr,Meyer et al. 2026 Dryad mating-system dataset,"Meyer, Galloway & Eckert (2026), The evolutionary dynamics of plant mating systems: how bias for studying 'interesting' plant reproductive systems could backfire, Dryad dataset, version 4.",Output_Data_MS.csv row 1525: genus_species=Dryas octopetala; Family=Rosaceae; mating_system=si.,Output_Data_MS.csv:1525,dataset:dryad.cc2fqz6hr:v4,versioned_curated_dataset,accepted_name_exact,accepted_name_exact,Dryas octopetala,A,peer_reviewed_curated_trait_dataset,datadryad.org,en,species_trait_record_not_cultivar_limited,accepted_individual_structured_source_audit,dbc454103faa2d1677586b5b690b8ccc3e6b1a99fb39cdc0b00181703b4c6b56,Output_Data_MS.csv_lf_normalized_bytes,2026-08-11T00:00:00Z,already_acquired_bulk_reaudit_no_new_web_query,,
e283cc28dc40d1369658cdec,Dryopteris cristata,flower_colour,flower_primary_color,green_brown_inconspicuous,green_brown_inconspicuous,medium,species_direct,curated_bulk_reaudit,EOL TraitBank all-traits archive,https://eol.org/pages/597460/data,Encyclopedia of Life TraitBank species trait record,"The PLANTS Database, United States Department of Agriculture, National Resources Conservation Service. http://plants.usda.gov/",EOL TraitBank record R133-PK288702364: flower color = brown; EOL page 597460.,R133-PK288702364,citation:eol-upstream:e989e6becc737357dccb,normalized_upstream_source_citation,accepted_name_exact,accepted_name_exact,Dryopteris cristata,A,public_curated_trait_database,eol.org,en,species_trait_record_not_cultivar_limited,accepted_individual_structured_source_audit,a029cef6f771b08c1ad5cb2cd5f5a56a53de6896cee768ebcd7c61f756735072,EOL_traits_all.zip_bytes,2026-08-11T00:00:00Z,already_acquired_bulk_reaudit_no_new_web_query,,
9e840591f6b1dca99b879ccc,Durio zibethinus,reproductive_assurance,self_incompatibility,"0.0375, 0.260763",mixed_or_variable,medium,species_direct,curated_bulk_reaudit,Razanajatovo et al. 2016 Supplementary Data 1,https://doi.org/10.1038/ncomms13313,Razanajatovo et al. 2016 Supplementary Data 1,"Razanajatovo et al. (2016), Plants capable of selfing are more likely to become naturalized, Nature Communications 7:13313, Supplementary Data 1.",Supplementary Data 1 source row(s): Data_source=Lim_Luders_1998; Species=Durio_zibethinus; Family=Malvaceae; Self-compatibility_index_FS=0.260763209; Self-compatibility_index_SFL=0.0375; Autofertility_index_FS=; Autofertility_index_SFL=,Durio zibethinus:self_incompatibility,citation_keys:razanajatovo2016:e4d9f201ca0099b92f12,underlying_reference_key_set,accepted_name_exact,accepted_name_exact,Durio zibethinus,A,peer_reviewed_supplementary_trait_dataset,nature.com,en,species_trait_record_not_cultivar_limited,accepted_individual_structured_source_audit,cb17009ae65c4f6cb2d28b21239714782600d0904effa77c5635249d28e62fc0,Supplementary_Data_1.xlsx_bytes,2026-08-11T00:00:00Z,already_acquired_bulk_reaudit_no_new_web_query,,
14f603755701756f963918bf,Eccremocarpus scaber,reproductive_assurance,self_incompatibility,"0.337607, 0.428913",mixed_or_variable,medium,species_direct,curated_bulk_reaudit,Razanajatovo et al. 2016 Supplementary Data 1,https://doi.org/10.1038/ncomms13313,Razanajatovo et al. 2016 Supplementary Data 1,"Razanajatovo et al. (2016), Plants capable of selfing are more likely to become naturalized, Nature Communications 7:13313, Supplementary Data 1.",Supplementary Data 1 source row(s): Data_source=Arroyo_Uslar_1993; Species=Eccremocarpus_scaber; Family=Bignoniaceae; Self-compatibility_index_FS=0.428912934; Self-compatibility_index_SFL=0.337607057; Autofertility_index_FS=0.077000503; Autofertility_index_SFL=0.051079543,Eccremocarpus scaber:self_incompatibility,citation_keys:razanajatovo2016:50c99f050d1741dff705,underlying_reference_key_set,accepted_name_exact,accepted_name_exact,Eccremocarpus scaber,A,peer_reviewed_supplementary_trait_dataset,nature.com,en,species_trait_record_not_cultivar_limited,accepted_individual_structured_source_audit,cb17009ae65c4f6cb2d28b21239714782600d0904effa77c5635249d28e62fc0,Supplementary_Data_1.xlsx_bytes,2026-08-11T00:00:00Z,already_acquired_bulk_reaudit_no_new_web_query,,
13740f33c66a53c389e291b8,Echium plantagineum,reproductive_assurance,self_incompatibility,sc,SC,medium,species_direct,curated_bulk_reaudit,"Meyer, Galloway & Eckert 2026 Dryad v4",https://doi.org/10.5061/dryad.cc2fqz6hr,Meyer et al. 2026 Dryad mating-system dataset,"Meyer, Galloway & Eckert (2026), The evolutionary dynamics of plant mating systems: how bias for studying 'interesting' plant reproductive systems could backfire, Dryad dataset, version 4.",Output_Data_MS.csv row 1552: genus_species=Echium plantagineum; Family=Boraginaceae; mating_system=sc.,Output_Data_MS.csv:1552,dataset:dryad.cc2fqz6hr:v4,versioned_curated_dataset,accepted_name_exact,accepted_name_exact,Echium plantagineum,A,peer_reviewed_curated_trait_dataset,datadryad.org,en,species_trait_record_not_cultivar_limited,accepted_individual_structured_source_audit,dbc454103faa2d1677586b5b690b8ccc3e6b1a99fb39cdc0b00181703b4c6b56,Output_Data_MS.csv_lf_normalized_bytes,2026-08-11T00:00:00Z,already_acquired_bulk_reaudit_no_new_web_query,,
4a3d51a15dd78011464a5543,Echium plantagineum,reproductive_assurance,self_incompatibility,0.561171,mixed_or_variable,medium,species_direct,curated_bulk_reaudit,Razanajatovo et al. 2016 Supplementary Data 1,https://doi.org/10.1038/ncomms13313,Razanajatovo et al. 2016 Supplementary Data 1,"Razanajatovo et al. (2016), Plants capable of selfing are more likely to become naturalized, Nature Communications 7:13313, Supplementary Data 1.",Supplementary Data 1 source row(s): Data_source=Petanidou_etal_2012; Species=Echium_plantagineum; Family=Boraginaceae; Self-compatibility_index_FS=; Self-compatibility_index_SFL=0.561170738; Autofertility_index_FS=; Autofertility_index_SFL=0.153808312,Echium plantagineum:self_incompatibility,citation_keys:razanajatovo2016:dfe7148222eaf9b99853,underlying_reference_key_set,accepted_name_exact,accepted_name_exact,Echium plantagineum,A,peer_reviewed_supplementary_trait_dataset,nature.com,en,species_trait_record_not_cultivar_limited,accepted_individual_structured_source_audit,cb17009ae65c4f6cb2d28b21239714782600d0904effa77c5635249d28e62fc0,Supplementary_Data_1.xlsx_bytes,2026-08-11T00:00:00Z,already_acquired_bulk_reaudit_no_new_web_query,,
10d39642cbf54ba6357a6d51,Equisetum arvense,flower_colour,flower_primary_color,green_brown_inconspicuous,green_brown_inconspicuous,medium,species_direct,curated_bulk_reaudit,EOL TraitBank all-traits archive,https://eol.org/pages/597765/data,Encyclopedia of Life TraitBank species trait record,"The PLANTS Database, United States Department of Agriculture, National Resources Conservation Service. http://plants.usda.gov/",EOL TraitBank record R133-PK288702162: flower color = green; EOL page 597765.,R133-PK288702162,citation:eol-upstream:e989e6becc737357dccb,normalized_upstream_source_citation,accepted_name_exact,accepted_name_exact,Equisetum arvense,A,public_curated_trait_database,eol.org,en,species_trait_record_not_cultivar_limited,accepted_individual_structured_source_audit,a029cef6f771b08c1ad5cb2cd5f5a56a53de6896cee768ebcd7c61f756735072,EOL_traits_all.zip_bytes,2026-08-11T00:00:00Z,already_acquired_bulk_reaudit_no_new_web_query,,
8db35264aaaa01d50edca9dd,Equisetum fluviatile,flower_colour,flower_primary_color,green_brown_inconspicuous,green_brown_inconspicuous,medium,species_direct,curated_bulk_reaudit,EOL TraitBank all-traits archive,https://eol.org/pages/597768/data,Encyclopedia of Life TraitBank species trait record,"The PLANTS Database, United States Department of Agriculture, National Resources Conservation Service. http://plants.usda.gov/",EOL TraitBank record R133-PK288702163: flower color = green; EOL page 597768.,R133-PK288702163,citation:eol-upstream:e989e6becc737357dccb,normalized_upstream_source_citation,accepted_name_exact,accepted_name_exact,Equisetum fluviatile,A,public_curated_trait_database,eol.org,en,species_trait_record_not_cultivar_limited,accepted_individual_structured_source_audit,a029cef6f771b08c1ad5cb2cd5f5a56a53de6896cee768ebcd7c61f756735072,EOL_traits_all.zip_bytes,2026-08-11T00:00:00Z,already_acquired_bulk_reaudit_no_new_web_query,,
8b9354b765600c6632c25d47,Equisetum laevigatum,flower_colour,flower_primary_color,green_brown_inconspicuous,green_brown_inconspicuous,medium,species_direct,curated_bulk_reaudit,EOL TraitBank all-traits archive,https://eol.org/pages/596761/data,Encyclopedia of Life TraitBank species trait record,"The PLANTS Database, United States Department of Agriculture, National Resources Conservation Service. http://plants.usda.gov/",EOL TraitBank record R133-PK288702164: flower color = green; EOL page 596761.,R133-PK288702164,citation:eol-upstream:e989e6becc737357dccb,normalized_upstream_source_citation,accepted_name_exact,accepted_name_exact,Equisetum laevigatum,A,public_curated_trait_database,eol.org,en,species_trait_record_not_cultivar_limited,accepted_individual_structured_source_audit,a029cef6f771b08c1ad5cb2cd5f5a56a53de6896cee768ebcd7c61f756735072,EOL_traits_all.zip_bytes,2026-08-11T00:00:00Z,already_acquired_bulk_reaudit_no_new_web_query,,
50ab4215501b073e04a73bde,Equisetum sylvaticum,flower_colour,flower_primary_color,green_brown_inconspicuous,green_brown_inconspicuous,medium,species_direct,curated_bulk_reaudit,EOL TraitBank all-traits archive,https://eol.org/pages/596757/data,Encyclopedia of Life TraitBank species trait record,"The PLANTS Database, United States Department of Agriculture, National Resources Conservation Service. http://plants.usda.gov/",EOL TraitBank record R133-PK288702165: flower color = green; EOL page 596757.,R133-PK288702165,citation:eol-upstream:e989e6becc737357dccb,normalized_upstream_source_citation,accepted_name_exact,accepted_name_exact,Equisetum sylvaticum,A,public_curated_trait_database,eol.org,en,species_trait_record_not_cultivar_limited,accepted_individual_structured_source_audit,a029cef6f771b08c1ad5cb2cd5f5a56a53de6896cee768ebcd7c61f756735072,EOL_traits_all.zip_bytes,2026-08-11T00:00:00Z,already_acquired_bulk_reaudit_no_new_web_query,,
54473f0811ca5f8cc3e3b276,Eriobotrya japonica,reproductive_assurance,self_incompatibility,sc,SC,medium,species_direct,curated_bulk_reaudit,"Meyer, Galloway & Eckert 2026 Dryad v4",https://doi.org/10.5061/dryad.cc2fqz6hr,Meyer et al. 2026 Dryad mating-system dataset,"Meyer, Galloway & Eckert (2026), The evolutionary dynamics of plant mating systems: how bias for studying 'interesting' plant reproductive systems could backfire, Dryad dataset, version 4.",Output_Data_MS.csv row 1772: genus_species=Eriobotrya japonica; Family=Rosaceae; mating_system=sc.,Output_Data_MS.csv:1772,dataset:dryad.cc2fqz6hr:v4,versioned_curated_dataset,accepted_name_exact,accepted_name_exact,Eriobotrya japonica,A,peer_reviewed_curated_trait_dataset,datadryad.org,en,species_trait_record_not_cultivar_limited,accepted_individual_structured_source_audit,dbc454103faa2d1677586b5b690b8ccc3e6b1a99fb39cdc0b00181703b4c6b56,Output_Data_MS.csv_lf_normalized_bytes,2026-08-11T00:00:00Z,already_acquired_bulk_reaudit_no_new_web_query,,
26530bf3756a8996aa441607,Erucaria hispanica,reproductive_assurance,self_incompatibility,si,SI,medium,species_direct,curated_bulk_reaudit,"Meyer, Galloway & Eckert 2026 Dryad v4",https://doi.org/10.5061/dryad.cc2fqz6hr,Meyer et al. 2026 Dryad mating-system dataset,"Meyer, Galloway & Eckert (2026), The evolutionary dynamics of plant mating systems: how bias for studying 'interesting' plant reproductive systems could backfire, Dryad dataset, version 4.",Output_Data_MS.csv row 1792: genus_species=Erucaria hispanica; Family=Brassicaceae; mating_system=si.,Output_Data_MS.csv:1792,dataset:dryad.cc2fqz6hr:v4,versioned_curated_dataset,accepted_name_exact,accepted_name_exact,Erucaria hispanica,A,peer_reviewed_curated_trait_dataset,datadryad.org,en,species_trait_record_not_cultivar_limited,accepted_individual_structured_source_audit,dbc454103faa2d1677586b5b690b8ccc3e6b1a99fb39cdc0b00181703b4c6b56,Output_Data_MS.csv_lf_normalized_bytes,2026-08-11T00:00:00Z,already_acquired_bulk_reaudit_no_new_web_query,,
b60aa0259f46ebb0a5a51bb6,Erysimum cheiri,reproductive_assurance,self_incompatibility,si,SI,medium,species_direct,curated_bulk_reaudit,"Meyer, Galloway & Eckert 2026 Dryad v4",https://doi.org/10.5061/dryad.cc2fqz6hr,Meyer et al. 2026 Dryad mating-system dataset,"Meyer, Galloway & Eckert (2026), The evolutionary dynamics of plant mating systems: how bias for studying 'interesting' plant reproductive systems could backfire, Dryad dataset, version 4.",Output_Data_MS.csv row 1813: genus_species=Erysimum cheiri; Family=Brassicaceae; mating_system=si.,Output_Data_MS.csv:1813,dataset:dryad.cc2fqz6hr:v4,versioned_curated_dataset,accepted_name_exact,accepted_name_exact,Erysimum cheiri,A,peer_reviewed_curated_trait_dataset,datadryad.org,en,species_trait_record_not_cultivar_limited,accepted_individual_structured_source_audit,dbc454103faa2d1677586b5b690b8ccc3e6b1a99fb39cdc0b00181703b4c6b56,Output_Data_MS.csv_lf_normalized_bytes,2026-08-11T00:00:00Z,already_acquired_bulk_reaudit_no_new_web_query,,
c221aa0ded210e5f8ca9fd4c,Erythrina crista-galli,reproductive_assurance,self_incompatibility,sc,SC,medium,species_direct,curated_bulk_reaudit,"Meyer, Galloway & Eckert 2026 Dryad v4",https://doi.org/10.5061/dryad.cc2fqz6hr,Meyer et al. 2026 Dryad mating-system dataset,"Meyer, Galloway & Eckert (2026), The evolutionary dynamics of plant mating systems: how bias for studying 'interesting' plant reproductive systems could backfire, Dryad dataset, version 4.",Output_Data_MS.csv row 1827: genus_species=Erythrina crista-galli; Family=Fabaceae; mating_system=sc.,Output_Data_MS.csv:1827,dataset:dryad.cc2fqz6hr:v4,versioned_curated_dataset,accepted_name_exact,accepted_name_exact,Erythrina crista-galli,A,peer_reviewed_curated_trait_dataset,datadryad.org,en,species_trait_record_not_cultivar_limited,accepted_individual_structured_source_audit,dbc454103faa2d1677586b5b690b8ccc3e6b1a99fb39cdc0b00181703b4c6b56,Output_Data_MS.csv_lf_normalized_bytes,2026-08-11T00:00:00Z,already_acquired_bulk_reaudit_no_new_web_query,,
37f48aa0e2eda8e73a610c3d,Erythrina crista-galli,reproductive_assurance,self_incompatibility,"0.642241, 0.738449",mixed_or_variable,medium,species_direct,curated_bulk_reaudit,Razanajatovo et al. 2016 Supplementary Data 1,https://doi.org/10.1038/ncomms13313,Razanajatovo et al. 2016 Supplementary Data 1,"Razanajatovo et al. (2016), Plants capable of selfing are more likely to become naturalized, Nature Communications 7:13313, Supplementary Data 1.",Supplementary Data 1 source row(s): Data_source=Galetto_etal_2000; Species=Erythrina_crista-galli; Family=Leguminosae; Self-compatibility_index_FS=0.738448523; Self-compatibility_index_SFL=0.642241379; Autofertility_index_FS=0.15091761; Autofertility_index_SFL= || Data_source=Neill_etal_1988; Species=Erythrina_crista-galli; Family=Leguminosae; Self-compatibility_index_FS=; Self-compatibility_index_SFL=; Autofertility_index_FS=; Autofertility_index_SFL=,Erythrina crista-galli:self_incompatibility,citation_keys:razanajatovo2016:52ef30d0e5660900f449,underlying_reference_key_set,accepted_name_exact,accepted_name_exact,Erythrina crista-galli,A,peer_reviewed_supplementary_trait_dataset,nature.com,en,species_trait_record_not_cultivar_limited,accepted_individual_structured_source_audit,cb17009ae65c4f6cb2d28b21239714782600d0904effa77c5635249d28e62fc0,Supplementary_Data_1.xlsx_bytes,2026-08-11T00:00:00Z,already_acquired_bulk_reaudit_no_new_web_query,,
f978b9580c72e40a09f07d47,Erythrina falcata,reproductive_assurance,self_incompatibility,si,SI,medium,species_direct,curated_bulk_reaudit,"Meyer, Galloway & Eckert 2026 Dryad v4",https://doi.org/10.5061/dryad.cc2fqz6hr,Meyer et al. 2026 Dryad mating-system dataset,"Meyer, Galloway & Eckert (2026), The evolutionary dynamics of plant mating systems: how bias for studying 'interesting' plant reproductive systems could backfire, Dryad dataset, version 4.",Output_Data_MS.csv row 1829: genus_species=Erythrina falcata; Family=Fabaceae; mating_system=si.,Output_Data_MS.csv:1829,dataset:dryad.cc2fqz6hr:v4,versioned_curated_dataset,accepted_name_exact,accepted_name_exact,Erythrina falcata,A,peer_reviewed_curated_trait_dataset,datadryad.org,en,species_trait_record_not_cultivar_limited,accepted_individual_structured_source_audit,dbc454103faa2d1677586b5b690b8ccc3e6b1a99fb39cdc0b00181703b4c6b56,Output_Data_MS.csv_lf_normalized_bytes,2026-08-11T00:00:00Z,already_acquired_bulk_reaudit_no_new_web_query,,
c499ee9034bbd6379c9bdbe7,Erythrina goldmanii,reproductive_assurance,self_incompatibility,sc,SC,medium,species_direct,curated_bulk_reaudit,"Meyer, Galloway & Eckert 2026 Dryad v4",https://doi.org/10.5061/dryad.cc2fqz6hr,Meyer et al. 2026 Dryad mating-system dataset,"Meyer, Galloway & Eckert (2026), The evolutionary dynamics of plant mating systems: how bias for studying 'interesting' plant reproductive systems could backfire, Dryad dataset, version 4.",Output_Data_MS.csv row 1831: genus_species=Erythrina goldmanii; Family=Fabaceae; mating_system=sc.,Output_Data_MS.csv:1831,dataset:dryad.cc2fqz6hr:v4,versioned_curated_dataset,accepted_name_exact,accepted_name_exact,Erythrina goldmanii,A,peer_reviewed_curated_trait_dataset,datadryad.org,en,species_trait_record_not_cultivar_limited,accepted_individual_structured_source_audit,dbc454103faa2d1677586b5b690b8ccc3e6b1a99fb39cdc0b00181703b4c6b56,Output_Data_MS.csv_lf_normalized_bytes,2026-08-11T00:00:00Z,already_acquired_bulk_reaudit_no_new_web_query,,
37f4036c0dfb84a12389e5e8,Erythrina goldmanii,reproductive_assurance,self_incompatibility,0.314286,mixed_or_variable,medium,species_direct,curated_bulk_reaudit,Razanajatovo et al. 2016 Supplementary Data 1,https://doi.org/10.1038/ncomms13313,Razanajatovo et al. 2016 Supplementary Data 1,"Razanajatovo et al. (2016), Plants capable of selfing are more likely to become naturalized, Nature Communications 7:13313, Supplementary Data 1.",Supplementary Data 1 source row(s): Data_source=Neill_etal_1988; Species=Erythrina_goldmanii; Family=Leguminosae; Self-compatibility_index_FS=0.314285714; Self-compatibility_index_SFL=; Autofertility_index_FS=; Autofertility_index_SFL=,Erythrina goldmanii:self_incompatibility,citation_keys:razanajatovo2016:e1b2b18e6e3c1bf77a1f,underlying_reference_key_set,accepted_name_exact,accepted_name_exact,Erythrina goldmanii,A,peer_reviewed_supplementary_trait_dataset,nature.com,en,species_trait_record_not_cultivar_limited,accepted_individual_structured_source_audit,cb17009ae65c4f6cb2d28b21239714782600d0904effa77c5635249d28e62fc0,Supplementary_Data_1.xlsx_bytes,2026-08-11T00:00:00Z,already_acquired_bulk_reaudit_no_new_web_query,,
691b63351a529542008302a9,Erythrina guatemalensis,reproductive_assurance,self_incompatibility,sc,SC,medium,species_direct,curated_bulk_reaudit,"Meyer, Galloway & Eckert 2026 Dryad v4",https://doi.org/10.5061/dryad.cc2fqz6hr,Meyer et al. 2026 Dryad mating-system dataset,"Meyer, Galloway & Eckert (2026), The evolutionary dynamics of plant mating systems: how bias for studying 'interesting' plant reproductive systems could backfire, Dryad dataset, version 4.",Output_Data_MS.csv row 1832: genus_species=Erythrina guatemalensis; Family=Fabaceae; mating_system=sc.,Output_Data_MS.csv:1832,dataset:dryad.cc2fqz6hr:v4,versioned_curated_dataset,accepted_name_exact,accepted_name_exact,Erythrina guatemalensis,A,peer_reviewed_curated_trait_dataset,datadryad.org,en,species_trait_record_not_cultivar_limited,accepted_individual_structured_source_audit,dbc454103faa2d1677586b5b690b8ccc3e6b1a99fb39cdc0b00181703b4c6b56,Output_Data_MS.csv_lf_normalized_bytes,2026-08-11T00:00:00Z,already_acquired_bulk_reaudit_no_new_web_query,,
4fb8c4caf21e238c5bea7b7b,Erythrina guatemalensis,reproductive_assurance,self_incompatibility,0.36,mixed_or_variable,medium,species_direct,curated_bulk_reaudit,Razanajatovo et al. 2016 Supplementary Data 1,https://doi.org/10.1038/ncomms13313,Razanajatovo et al. 2016 Supplementary Data 1,"Razanajatovo et al. (2016), Plants capable of selfing are more likely to become naturalized, Nature Communications 7:13313, Supplementary Data 1.",Supplementary Data 1 source row(s): Data_source=Neill_etal_1988; Species=Erythrina_guatemalensis; Family=Leguminosae; Self-compatibility_index_FS=0.36; Self-compatibility_index_SFL=; Autofertility_index_FS=; Autofertility_index_SFL=,Erythrina guatemalensis:self_incompatibility,citation_keys:razanajatovo2016:e1b2b18e6e3c1bf77a1f,underlying_reference_key_set,accepted_name_exact,accepted_name_exact,Erythrina guatemalensis,A,peer_reviewed_supplementary_trait_dataset,nature.com,en,species_trait_record_not_cultivar_limited,accepted_individual_structured_source_audit,cb17009ae65c4f6cb2d28b21239714782600d0904effa77c5635249d28e62fc0,Supplementary_Data_1.xlsx_bytes,2026-08-11T00:00:00Z,already_acquired_bulk_reaudit_no_new_web_query,,
9c74bc0944792c9e986746a3,Erythrina poeppigiana,reproductive_assurance,self_incompatibility,si,SI,medium,species_direct,curated_bulk_reaudit,"Meyer, Galloway & Eckert 2026 Dryad v4",https://doi.org/10.5061/dryad.cc2fqz6hr,Meyer et al. 2026 Dryad mating-system dataset,"Meyer, Galloway & Eckert (2026), The evolutionary dynamics of plant mating systems: how bias for studying 'interesting' plant reproductive systems could backfire, Dryad dataset, version 4.",Output_Data_MS.csv row 1838: genus_species=Erythrina poeppigiana; Family=Fabaceae; mating_system=si.,Output_Data_MS.csv:1838,dataset:dryad.cc2fqz6hr:v4,versioned_curated_dataset,accepted_name_exact,accepted_name_exact,Erythrina poeppigiana,A,peer_reviewed_curated_trait_dataset,datadryad.org,en,species_trait_record_not_cultivar_limited,accepted_individual_structured_source_audit,dbc454103faa2d1677586b5b690b8ccc3e6b1a99fb39cdc0b00181703b4c6b56,Output_Data_MS.csv_lf_normalized_bytes,2026-08-11T00:00:00Z,already_acquired_bulk_reaudit_no_new_web_query,,
9ec1262804cd3fd795c611e5,Erythrina speciosa,reproductive_assurance,self_incompatibility,si,SI,medium,species_direct,curated_bulk_reaudit,"Meyer, Galloway & Eckert 2026 Dryad v4",https://doi.org/10.5061/dryad.cc2fqz6hr,Meyer et al. 2026 Dryad mating-system dataset,"Meyer, Galloway & Eckert (2026), The evolutionary dynamics of plant mating systems: how bias for studying 'interesting' plant reproductive systems could backfire, Dryad dataset, version 4.",Output_Data_MS.csv row 1840: genus_species=Erythrina speciosa; Family=Fabaceae; mating_system=si.,Output_Data_MS.csv:1840,dataset:dryad.cc2fqz6hr:v4,versioned_curated_dataset,accepted_name_exact,accepted_name_exact,Erythrina speciosa,A,peer_reviewed_curated_trait_dataset,datadryad.org,en,species_trait_record_not_cultivar_limited,accepted_individual_structured_source_audit,dbc454103faa2d1677586b5b690b8ccc3e6b1a99fb39cdc0b00181703b4c6b56,Output_Data_MS.csv_lf_normalized_bytes,2026-08-11T00:00:00Z,already_acquired_bulk_reaudit_no_new_web_query,,
8259f2263cefbdc3d8d7faf8,Erythrina stricta,reproductive_assurance,self_incompatibility,si,SI,medium,species_direct,curated_bulk_reaudit,"Meyer, Galloway & Eckert 2026 Dryad v4",https://doi.org/10.5061/dryad.cc2fqz6hr,Meyer et al. 2026 Dryad mating-system dataset,"Meyer, Galloway & Eckert (2026), The evolutionary dynamics of plant mating systems: how bias for studying 'interesting' plant reproductive systems could backfire, Dryad dataset, version 4.",Output_Data_MS.csv row 1841: genus_species=Erythrina stricta; Family=Fabaceae; mating_system=si.,Output_Data_MS.csv:1841,dataset:dryad.cc2fqz6hr:v4,versioned_curated_dataset,accepted_name_exact,accepted_name_exact,Erythrina stricta,A,peer_reviewed_curated_trait_dataset,datadryad.org,en,species_trait_record_not_cultivar_limited,accepted_individual_structured_source_audit,dbc454103faa2d1677586b5b690b8ccc3e6b1a99fb39cdc0b00181703b4c6b56,Output_Data_MS.csv_lf_normalized_bytes,2026-08-11T00:00:00Z,already_acquired_bulk_reaudit_no_new_web_query,,
6f5447afbcf08cf83a6e29fe,Eucalyptus cladocalyx,reproductive_assurance,self_incompatibility,"0.378378, 1",mixed_or_variable,medium,species_direct,curated_bulk_reaudit,Razanajatovo et al. 2016 Supplementary Data 1,https://doi.org/10.1038/ncomms13313,Razanajatovo et al. 2016 Supplementary Data 1,"Razanajatovo et al. (2016), Plants capable of selfing are more likely to become naturalized, Nature Communications 7:13313, Supplementary Data 1.",Supplementary Data 1 source row(s): Data_source=Ellis_Sedgley_1992; Species=Eucalyptus_cladocalyx; Family=Myrtaceae; Self-compatibility_index_FS=1; Self-compatibility_index_SFL=0.378378378; Autofertility_index_FS=; Autofertility_index_SFL=,Eucalyptus cladocalyx:self_incompatibility,citation_keys:razanajatovo2016:f00502b1a64b52cf44f6,underlying_reference_key_set,accepted_name_exact,accepted_name_exact,Eucalyptus cladocalyx,A,peer_reviewed_supplementary_trait_dataset,nature.com,en,species_trait_record_not_cultivar_limited,accepted_individual_structured_source_audit,cb17009ae65c4f6cb2d28b21239714782600d0904effa77c5635249d28e62fc0,Supplementary_Data_1.xlsx_bytes,2026-08-11T00:00:00Z,already_acquired_bulk_reaudit_no_new_web_query,,
905828b786434d867ae902c8,Eucalyptus nitens,reproductive_assurance,self_incompatibility,"0.338583, 0.663639",mixed_or_variable,medium,species_direct,curated_bulk_reaudit,Razanajatovo et al. 2016 Supplementary Data 1,https://doi.org/10.1038/ncomms13313,Razanajatovo et al. 2016 Supplementary Data 1,"Razanajatovo et al. (2016), Plants capable of selfing are more likely to become naturalized, Nature Communications 7:13313, Supplementary Data 1.",Supplementary Data 1 source row(s): Data_source=Pound_etal_2003; Species=Eucalyptus_nitens; Family=Myrtaceae; Self-compatibility_index_FS=0.663639312; Self-compatibility_index_SFL=0.338582677; Autofertility_index_FS=; Autofertility_index_SFL=,Eucalyptus nitens:self_incompatibility,citation_keys:razanajatovo2016:8bbe014d93dfcb886a06,underlying_reference_key_set,accepted_name_exact,accepted_name_exact,Eucalyptus nitens,A,peer_reviewed_supplementary_trait_dataset,nature.com,en,species_trait_record_not_cultivar_limited,accepted_individual_structured_source_audit,cb17009ae65c4f6cb2d28b21239714782600d0904effa77c5635249d28e62fc0,Supplementary_Data_1.xlsx_bytes,2026-08-11T00:00:00Z,already_acquired_bulk_reaudit_no_new_web_query,,
89e5c450d3e3f84fc529bac2,Eucalyptus regnans,reproductive_assurance,self_incompatibility,sc,SC,medium,species_direct,curated_bulk_reaudit,"Meyer, Galloway & Eckert 2026 Dryad v4",https://doi.org/10.5061/dryad.cc2fqz6hr,Meyer et al. 2026 Dryad mating-system dataset,"Meyer, Galloway & Eckert (2026), The evolutionary dynamics of plant mating systems: how bias for studying 'interesting' plant reproductive systems could backfire, Dryad dataset, version 4.",Output_Data_MS.csv row 1875: genus_species=Eucalyptus regnans; Family=Myrtaceae; mating_system=sc.,Output_Data_MS.csv:1875,dataset:dryad.cc2fqz6hr:v4,versioned_curated_dataset,accepted_name_exact,accepted_name_exact,Eucalyptus regnans,A,peer_reviewed_curated_trait_dataset,datadryad.org,en,species_trait_record_not_cultivar_limited,accepted_individual_structured_source_audit,dbc454103faa2d1677586b5b690b8ccc3e6b1a99fb39cdc0b00181703b4c6b56,Output_Data_MS.csv_lf_normalized_bytes,2026-08-11T00:00:00Z,already_acquired_bulk_reaudit_no_new_web_query,,
8f54792ecae95fa5d9e43eeb,Eulobus californicus,reproductive_assurance,self_incompatibility,si,SI,medium,species_direct,curated_bulk_reaudit,"Meyer, Galloway & Eckert 2026 Dryad v4",https://doi.org/10.5061/dryad.cc2fqz6hr,Meyer et al. 2026 Dryad mating-system dataset,"Meyer, Galloway & Eckert (2026), The evolutionary dynamics of plant mating systems: how bias for studying 'interesting' plant reproductive systems could backfire, Dryad dataset, version 4.",Output_Data_MS.csv row 1881: genus_species=Eulobus californicus; Family=Onagraceae; mating_system=si.,Output_Data_MS.csv:1881,dataset:dryad.cc2fqz6hr:v4,versioned_curated_dataset,accepted_name_exact,accepted_name_exact,Eulobus californicus,A,peer_reviewed_curated_trait_dataset,datadryad.org,en,species_trait_record_not_cultivar_limited,accepted_individual_structured_source_audit,dbc454103faa2d1677586b5b690b8ccc3e6b1a99fb39cdc0b00181703b4c6b56,Output_Data_MS.csv_lf_normalized_bytes,2026-08-11T00:00:00Z,already_acquired_bulk_reaudit_no_new_web_query,,
195831981d36ff55692243bc,Euphorbia esula,reproductive_assurance,self_incompatibility,0.458003,mixed_or_variable,medium,species_direct,curated_bulk_reaudit,Razanajatovo et al. 2016 Supplementary Data 1,https://doi.org/10.1038/ncomms13313,Razanajatovo et al. 2016 Supplementary Data 1,"Razanajatovo et al. (2016), Plants capable of selfing are more likely to become naturalized, Nature Communications 7:13313, Supplementary Data 1.",Supplementary Data 1 source row(s): Data_source=Selbo_Carmichael_1999; Species=Euphorbia_esula; Family=Euphorbiaceae; Self-compatibility_index_FS=0.45800317; Self-compatibility_index_SFL=; Autofertility_index_FS=; Autofertility_index_SFL=,Euphorbia esula:self_incompatibility,citation_keys:razanajatovo2016:0e65b289f19ab919e639,underlying_reference_key_set,accepted_name_exact,accepted_name_exact,Euphorbia esula,A,peer_reviewed_supplementary_trait_dataset,nature.com,en,species_trait_record_not_cultivar_limited,accepted_individual_structured_source_audit,cb17009ae65c4f6cb2d28b21239714782600d0904effa77c5635249d28e62fc0,Supplementary_Data_1.xlsx_bytes,2026-08-11T00:00:00Z,already_acquired_bulk_reaudit_no_new_web_query,,
0b4c9b27746e00ab8090fd86,Evodianthus funifer,reproductive_assurance,self_incompatibility,"0.698635, 0.906",mixed_or_variable,medium,species_direct,curated_bulk_reaudit,Razanajatovo et al. 2016 Supplementary Data 1,https://doi.org/10.1038/ncomms13313,Razanajatovo et al. 2016 Supplementary Data 1,"Razanajatovo et al. (2016), Plants capable of selfing are more likely to become naturalized, Nature Communications 7:13313, Supplementary Data 1.",Supplementary Data 1 source row(s): Data_source=Ramirez_Seres_1994; Species=Evodianthus_funifer; Family=Cyclanthaceae; Self-compatibility_index_FS=0.906; Self-compatibility_index_SFL=0.698635236; Autofertility_index_FS=; Autofertility_index_SFL=,Evodianthus funifer:self_incompatibility,citation_keys:razanajatovo2016:3c0fbbb276cae26e0639,underlying_reference_key_set,accepted_name_exact,accepted_name_exact,Evodianthus funifer,A,peer_reviewed_supplementary_trait_dataset,nature.com,en,species_trait_record_not_cultivar_limited,accepted_individual_structured_source_audit,cb17009ae65c4f6cb2d28b21239714782600d0904effa77c5635249d28e62fc0,Supplementary_Data_1.xlsx_bytes,2026-08-11T00:00:00Z,already_acquired_bulk_reaudit_no_new_web_query,,
a3d4674c1d0a025f5778e6fd,Faidherbia albida,reproductive_assurance,self_incompatibility,si,SI,medium,species_direct,curated_bulk_reaudit,"Meyer, Galloway & Eckert 2026 Dryad v4",https://doi.org/10.5061/dryad.cc2fqz6hr,Meyer et al. 2026 Dryad mating-system dataset,"Meyer, Galloway & Eckert (2026), The evolutionary dynamics of plant mating systems: how bias for studying 'interesting' plant reproductive systems could backfire, Dryad dataset, version 4.",Output_Data_MS.csv row 1904: genus_species=Faidherbia albida; Family=Fabaceae; mating_system=si.,Output_Data_MS.csv:1904,dataset:dryad.cc2fqz6hr:v4,versioned_curated_dataset,accepted_name_exact,accepted_name_exact,Faidherbia albida,A,peer_reviewed_curated_trait_dataset,datadryad.org,en,species_trait_record_not_cultivar_limited,accepted_individual_structured_source_audit,dbc454103faa2d1677586b5b690b8ccc3e6b1a99fb39cdc0b00181703b4c6b56,Output_Data_MS.csv_lf_normalized_bytes,2026-08-11T00:00:00Z,already_acquired_bulk_reaudit_no_new_web_query,,
89dc4675010b9fc901d7af8c,Faidherbia albida,reproductive_assurance,self_incompatibility,0.272,mixed_or_variable,medium,species_direct,curated_bulk_reaudit,Razanajatovo et al. 2016 Supplementary Data 1,https://doi.org/10.1038/ncomms13313,Razanajatovo et al. 2016 Supplementary Data 1,"Razanajatovo et al. (2016), Plants capable of selfing are more likely to become naturalized, Nature Communications 7:13313, Supplementary Data 1.",Supplementary Data 1 source row(s): Data_source=Gassama-Dia_etal_2003; Species=Faidherbia_albida; Family=Leguminosae; Self-compatibility_index_FS=0.272; Self-compatibility_index_SFL=; Autofertility_index_FS=0.23; Autofertility_index_SFL=,Faidherbia albida:self_incompatibility,citation_keys:razanajatovo2016:fe893e79d0bafe8a42b1,underlying_reference_key_set,accepted_name_exact,accepted_name_exact,Faidherbia albida,A,peer_reviewed_supplementary_trait_dataset,nature.com,en,species_trait_record_not_cultivar_limited,accepted_individual_structured_source_audit,cb17009ae65c4f6cb2d28b21239714782600d0904effa77c5635249d28e62fc0,Supplementary_Data_1.xlsx_bytes,2026-08-11T00:00:00Z,already_acquired_bulk_reaudit_no_new_web_query,,
b4d76e49077e398c29a68281,Fragaria vesca,reproductive_assurance,self_incompatibility,sc,SC,medium,species_direct,curated_bulk_reaudit,"Meyer, Galloway & Eckert 2026 Dryad v4",https://doi.org/10.5061/dryad.cc2fqz6hr,Meyer et al. 2026 Dryad mating-system dataset,"Meyer, Galloway & Eckert (2026), The evolutionary dynamics of plant mating systems: how bias for studying 'interesting' plant reproductive systems could backfire, Dryad dataset, version 4.",Output_Data_MS.csv row 1939: genus_species=Fragaria vesca; Family=Rosaceae; mating_system=sc.,Output_Data_MS.csv:1939,dataset:dryad.cc2fqz6hr:v4,versioned_curated_dataset,accepted_name_exact,accepted_name_exact,Fragaria vesca,A,peer_reviewed_curated_trait_dataset,datadryad.org,en,species_trait_record_not_cultivar_limited,accepted_individual_structured_source_audit,dbc454103faa2d1677586b5b690b8ccc3e6b1a99fb39cdc0b00181703b4c6b56,Output_Data_MS.csv_lf_normalized_bytes,2026-08-11T00:00:00Z,already_acquired_bulk_reaudit_no_new_web_query,,
a367f0c62003f9e779a952ff,Fraxinus ornus,reproductive_assurance,self_incompatibility,sc,SC,medium,species_direct,curated_bulk_reaudit,"Meyer, Galloway & Eckert 2026 Dryad v4",https://doi.org/10.5061/dryad.cc2fqz6hr,Meyer et al. 2026 Dryad mating-system dataset,"Meyer, Galloway & Eckert (2026), The evolutionary dynamics of plant mating systems: how bias for studying 'interesting' plant reproductive systems could backfire, Dryad dataset, version 4.",Output_Data_MS.csv row 1949: genus_species=Fraxinus ornus; Family=Oleaceae; mating_system=sc.,Output_Data_MS.csv:1949,dataset:dryad.cc2fqz6hr:v4,versioned_curated_dataset,accepted_name_exact,accepted_name_exact,Fraxinus ornus,A,peer_reviewed_curated_trait_dataset,datadryad.org,en,species_trait_record_not_cultivar_limited,accepted_individual_structured_source_audit,dbc454103faa2d1677586b5b690b8ccc3e6b1a99fb39cdc0b00181703b4c6b56,Output_Data_MS.csv_lf_normalized_bytes,2026-08-11T00:00:00Z,already_acquired_bulk_reaudit_no_new_web_query,,
c6c283d322628294086ddf61,Genista monspessulana,reproductive_assurance,self_incompatibility,sc,SC,medium,species_direct,curated_bulk_reaudit,"Meyer, Galloway & Eckert 2026 Dryad v4",https://doi.org/10.5061/dryad.cc2fqz6hr,Meyer et al. 2026 Dryad mating-system dataset,"Meyer, Galloway & Eckert (2026), The evolutionary dynamics of plant mating systems: how bias for studying 'interesting' plant reproductive systems could backfire, Dryad dataset, version 4.",Output_Data_MS.csv row 2034: genus_species=Genista monspessulana; Family=Fabaceae; mating_system=sc.,Output_Data_MS.csv:2034,dataset:dryad.cc2fqz6hr:v4,versioned_curated_dataset,accepted_name_exact,accepted_name_exact,Genista monspessulana,A,peer_reviewed_curated_trait_dataset,datadryad.org,en,species_trait_record_not_cultivar_limited,accepted_individual_structured_source_audit,dbc454103faa2d1677586b5b690b8ccc3e6b1a99fb39cdc0b00181703b4c6b56,Output_Data_MS.csv_lf_normalized_bytes,2026-08-11T00:00:00Z,already_acquired_bulk_reaudit_no_new_web_query,,
1a15db5cbba49e14c98d1832,Genista monspessulana,reproductive_assurance,self_incompatibility,"0.395122, 0.49211",mixed_or_variable,medium,species_direct,curated_bulk_reaudit,Razanajatovo et al. 2016 Supplementary Data 1,https://doi.org/10.1038/ncomms13313,Razanajatovo et al. 2016 Supplementary Data 1,"Razanajatovo et al. (2016), Plants capable of selfing are more likely to become naturalized, Nature Communications 7:13313, Supplementary Data 1.",Supplementary Data 1 source row(s): Data_source=Parker_Haubensak_2002; Species=Genista_monspessulana; Family=Leguminosae; Self-compatibility_index_FS=0.492110092; Self-compatibility_index_SFL=0.395121951; Autofertility_index_FS=; Autofertility_index_SFL=,Genista monspessulana:self_incompatibility,citation_keys:razanajatovo2016:ccab3a7dff012b710b8f,underlying_reference_key_set,accepted_name_exact,accepted_name_exact,Genista monspessulana,A,peer_reviewed_supplementary_trait_dataset,nature.com,en,species_trait_record_not_cultivar_limited,accepted_individual_structured_source_audit,cb17009ae65c4f6cb2d28b21239714782600d0904effa77c5635249d28e62fc0,Supplementary_Data_1.xlsx_bytes,2026-08-11T00:00:00Z,already_acquired_bulk_reaudit_no_new_web_query,,
1cad4842a9ab7e86b2cc3d7b,Graffenrieda latifolia,reproductive_assurance,self_incompatibility,"0.293398, 0.297309",mixed_or_variable,medium,species_direct,curated_bulk_reaudit,Razanajatovo et al. 2016 Supplementary Data 1,https://doi.org/10.1038/ncomms13313,Razanajatovo et al. 2016 Supplementary Data 1,"Razanajatovo et al. (2016), Plants capable of selfing are more likely to become naturalized, Nature Communications 7:13313, Supplementary Data 1.",Supplementary Data 1 source row(s): Data_source=Sobrevilla_Arroyo_1982; Species=Graffenrieda_latifolia; Family=Melastomataceae; Self-compatibility_index_FS=0.29730935; Self-compatibility_index_SFL=0.29339814; Autofertility_index_FS=0; Autofertility_index_SFL=0,Graffenrieda latifolia:self_incompatibility,citation_keys:razanajatovo2016:79b2738b6cc88ed955db,underlying_reference_key_set,accepted_name_exact,accepted_name_exact,Graffenrieda latifolia,A,peer_reviewed_supplementary_trait_dataset,nature.com,en,species_trait_record_not_cultivar_limited,accepted_individual_structured_source_audit,cb17009ae65c4f6cb2d28b21239714782600d0904effa77c5635249d28e62fc0,Supplementary_Data_1.xlsx_bytes,2026-08-11T00:00:00Z,already_acquired_bulk_reaudit_no_new_web_query,,
13cfbfa463586c5116010167,Grevillea caleyi,reproductive_assurance,self_incompatibility,si,SI,medium,species_direct,curated_bulk_reaudit,"Meyer, Galloway & Eckert 2026 Dryad v4",https://doi.org/10.5061/dryad.cc2fqz6hr,Meyer et al. 2026 Dryad mating-system dataset,"Meyer, Galloway & Eckert (2026), The evolutionary dynamics of plant mating systems: how bias for studying 'interesting' plant reproductive systems could backfire, Dryad dataset, version 4.",Output_Data_MS.csv row 2105: genus_species=Grevillea caleyi; Family=Proteaceae; mating_system=si.,Output_Data_MS.csv:2105,dataset:dryad.cc2fqz6hr:v4,versioned_curated_dataset,accepted_name_exact,accepted_name_exact,Grevillea caleyi,A,peer_reviewed_curated_trait_dataset,datadryad.org,en,species_trait_record_not_cultivar_limited,accepted_individual_structured_source_audit,dbc454103faa2d1677586b5b690b8ccc3e6b1a99fb39cdc0b00181703b4c6b56,Output_Data_MS.csv_lf_normalized_bytes,2026-08-11T00:00:00Z,already_acquired_bulk_reaudit_no_new_web_query,,
206f2ff19e546fb864cd20de,Guettarda roupaliifolia,reproductive_assurance,self_incompatibility,"0.5, 0.5",mixed_or_variable,medium,species_direct,curated_bulk_reaudit,Razanajatovo et al. 2016 Supplementary Data 1,https://doi.org/10.1038/ncomms13313,Razanajatovo et al. 2016 Supplementary Data 1,"Razanajatovo et al. (2016), Plants capable of selfing are more likely to become naturalized, Nature Communications 7:13313, Supplementary Data 1.",Supplementary Data 1 source row(s): Data_source=Zapata_Arroyo_1978; Species=Guettarda_roupaliifolia; Family=Rubiaceae; Self-compatibility_index_FS=0.5; Self-compatibility_index_SFL=0.5; Autofertility_index_FS=; Autofertility_index_SFL=,Guettarda roupaliifolia:self_incompatibility,citation_keys:razanajatovo2016:7bd8c79e873ef9e73bf0,underlying_reference_key_set,accepted_name_exact,accepted_name_exact,Guettarda roupaliifolia,A,peer_reviewed_supplementary_trait_dataset,nature.com,en,species_trait_record_not_cultivar_limited,accepted_individual_structured_source_audit,cb17009ae65c4f6cb2d28b21239714782600d0904effa77c5635249d28e62fc0,Supplementary_Data_1.xlsx_bytes,2026-08-11T00:00:00Z,already_acquired_bulk_reaudit_no_new_web_query,,
44535f390bb75ab7b4fc1ba8,Helianthus giganteus,reproductive_assurance,self_incompatibility,si,SI,medium,species_direct,curated_bulk_reaudit,"Meyer, Galloway & Eckert 2026 Dryad v4",https://doi.org/10.5061/dryad.cc2fqz6hr,Meyer et al. 2026 Dryad mating-system dataset,"Meyer, Galloway & Eckert (2026), The evolutionary dynamics of plant mating systems: how bias for studying 'interesting' plant reproductive systems could backfire, Dryad dataset, version 4.",Output_Data_MS.csv row 2182: genus_species=Helianthus giganteus; Family=Asteraceae; mating_system=si.,Output_Data_MS.csv:2182,dataset:dryad.cc2fqz6hr:v4,versioned_curated_dataset,accepted_name_exact,accepted_name_exact,Helianthus giganteus,A,peer_reviewed_curated_trait_dataset,datadryad.org,en,species_trait_record_not_cultivar_limited,accepted_individual_structured_source_audit,dbc454103faa2d1677586b5b690b8ccc3e6b1a99fb39cdc0b00181703b4c6b56,Output_Data_MS.csv_lf_normalized_bytes,2026-08-11T00:00:00Z,already_acquired_bulk_reaudit_no_new_web_query,,
46ef00dfbc4a8d9bb5b66d40,Helianthus maximiliani,reproductive_assurance,self_incompatibility,si,SI,medium,species_direct,curated_bulk_reaudit,"Meyer, Galloway & Eckert 2026 Dryad v4",https://doi.org/10.5061/dryad.cc2fqz6hr,Meyer et al. 2026 Dryad mating-system dataset,"Meyer, Galloway & Eckert (2026), The evolutionary dynamics of plant mating systems: how bias for studying 'interesting' plant reproductive systems could backfire, Dryad dataset, version 4.",Output_Data_MS.csv row 2192: genus_species=Helianthus maximiliani; Family=Asteraceae; mating_system=si.,Output_Data_MS.csv:2192,dataset:dryad.cc2fqz6hr:v4,versioned_curated_dataset,accepted_name_exact,accepted_name_exact,Helianthus maximiliani,A,peer_reviewed_curated_trait_dataset,datadryad.org,en,species_trait_record_not_cultivar_limited,accepted_individual_structured_source_audit,dbc454103faa2d1677586b5b690b8ccc3e6b1a99fb39cdc0b00181703b4c6b56,Output_Data_MS.csv_lf_normalized_bytes,2026-08-11T00:00:00Z,already_acquired_bulk_reaudit_no_new_web_query,,
4f84dd2f154641831ffb0ec0,Helianthus mollis,reproductive_assurance,self_incompatibility,si,SI,medium,species_direct,curated_bulk_reaudit,"Meyer, Galloway & Eckert 2026 Dryad v4",https://doi.org/10.5061/dryad.cc2fqz6hr,Meyer et al. 2026 Dryad mating-system dataset,"Meyer, Galloway & Eckert (2026), The evolutionary dynamics of plant mating systems: how bias for studying 'interesting' plant reproductive systems could backfire, Dryad dataset, version 4.",Output_Data_MS.csv row 2194: genus_species=Helianthus mollis; Family=Asteraceae; mating_system=si.,Output_Data_MS.csv:2194,dataset:dryad.cc2fqz6hr:v4,versioned_curated_dataset,accepted_name_exact,accepted_name_exact,Helianthus mollis,A,peer_reviewed_curated_trait_dataset,datadryad.org,en,species_trait_record_not_cultivar_limited,accepted_individual_structured_source_audit,dbc454103faa2d1677586b5b690b8ccc3e6b1a99fb39cdc0b00181703b4c6b56,Output_Data_MS.csv_lf_normalized_bytes,2026-08-11T00:00:00Z,already_acquired_bulk_reaudit_no_new_web_query,,
75e09d1d2717f862b8e6c2c9,Helianthus nuttallii,reproductive_assurance,self_incompatibility,si,SI,medium,species_direct,curated_bulk_reaudit,"Meyer, Galloway & Eckert 2026 Dryad v4",https://doi.org/10.5061/dryad.cc2fqz6hr,Meyer et al. 2026 Dryad mating-system dataset,"Meyer, Galloway & Eckert (2026), The evolutionary dynamics of plant mating systems: how bias for studying 'interesting' plant reproductive systems could backfire, Dryad dataset, version 4.",Output_Data_MS.csv row 2198: genus_species=Helianthus nuttallii; Family=Asteraceae; mating_system=si.,Output_Data_MS.csv:2198,dataset:dryad.cc2fqz6hr:v4,versioned_curated_dataset,accepted_name_exact,accepted_name_exact,Helianthus nuttallii,A,peer_reviewed_curated_trait_dataset,datadryad.org,en,species_trait_record_not_cultivar_limited,accepted_individual_structured_source_audit,dbc454103faa2d1677586b5b690b8ccc3e6b1a99fb39cdc0b00181703b4c6b56,Output_Data_MS.csv_lf_normalized_bytes,2026-08-11T00:00:00Z,already_acquired_bulk_reaudit_no_new_web_query,,
ef856b147772326e04458d61,Heliconia psittacorum,reproductive_assurance,self_incompatibility,"0.270493, 1",mixed_or_variable,medium,species_direct,curated_bulk_reaudit,Razanajatovo et al. 2016 Supplementary Data 1,https://doi.org/10.1038/ncomms13313,Razanajatovo et al. 2016 Supplementary Data 1,"Razanajatovo et al. (2016), Plants capable of selfing are more likely to become naturalized, Nature Communications 7:13313, Supplementary Data 1.",Supplementary Data 1 source row(s): Data_source=Ramirez_Brito_1990; Species=Heliconia_psittacorum; Family=Heliconiaceae; Self-compatibility_index_FS=0.270493078; Self-compatibility_index_SFL=1; Autofertility_index_FS=0; Autofertility_index_SFL=0,Heliconia psittacorum:self_incompatibility,citation_keys:razanajatovo2016:d90a5990e60c1fa6918f,underlying_reference_key_set,accepted_name_exact,accepted_name_exact,Heliconia psittacorum,A,peer_reviewed_supplementary_trait_dataset,nature.com,en,species_trait_record_not_cultivar_limited,accepted_individual_structured_source_audit,cb17009ae65c4f6cb2d28b21239714782600d0904effa77c5635249d28e62fc0,Supplementary_Data_1.xlsx_bytes,2026-08-11T00:00:00Z,already_acquired_bulk_reaudit_no_new_web_query,,
5e14b35bc49dfdcd5fe7d596,Hibiscus moscheutos,reproductive_assurance,self_incompatibility,si,SI,medium,species_direct,curated_bulk_reaudit,"Meyer, Galloway & Eckert 2026 Dryad v4",https://doi.org/10.5061/dryad.cc2fqz6hr,Meyer et al. 2026 Dryad mating-system dataset,"Meyer, Galloway & Eckert (2026), The evolutionary dynamics of plant mating systems: how bias for studying 'interesting' plant reproductive systems could backfire, Dryad dataset, version 4.",Output_Data_MS.csv row 2243: genus_species=Hibiscus moscheutos; Family=Malvaceae; mating_system=si.,Output_Data_MS.csv:2243,dataset:dryad.cc2fqz6hr:v4,versioned_curated_dataset,accepted_name_exact,accepted_name_exact,Hibiscus moscheutos,A,peer_reviewed_curated_trait_dataset,datadryad.org,en,species_trait_record_not_cultivar_limited,accepted_individual_structured_source_audit,dbc454103faa2d1677586b5b690b8ccc3e6b1a99fb39cdc0b00181703b4c6b56,Output_Data_MS.csv_lf_normalized_bytes,2026-08-11T00:00:00Z,already_acquired_bulk_reaudit_no_new_web_query,,
99ec7c331d225b041628c5b9,Ipomoea alba,reproductive_assurance,self_incompatibility,"0.65, 0.724138",mixed_or_variable,medium,species_direct,curated_bulk_reaudit,Razanajatovo et al. 2016 Supplementary Data 1,https://doi.org/10.1038/ncomms13313,Razanajatovo et al. 2016 Supplementary Data 1,"Razanajatovo et al. (2016), Plants capable of selfing are more likely to become naturalized, Nature Communications 7:13313, Supplementary Data 1.",Supplementary Data 1 source row(s): Data_source=Rambuda_Johnson_2004; Species=Ipomoea_alba; Family=Convolvulaceae; Self-compatibility_index_FS=0.724137931; Self-compatibility_index_SFL=0.65; Autofertility_index_FS=0.724137931; Autofertility_index_SFL=0.65,Ipomoea alba:self_incompatibility,citation_keys:razanajatovo2016:07d3c5f6dcdc10b814e3,underlying_reference_key_set,accepted_name_exact,accepted_name_exact,Ipomoea alba,A,peer_reviewed_supplementary_trait_dataset,nature.com,en,species_trait_record_not_cultivar_limited,accepted_individual_structured_source_audit,cb17009ae65c4f6cb2d28b21239714782600d0904effa77c5635249d28e62fc0,Supplementary_Data_1.xlsx_bytes,2026-08-11T00:00:00Z,already_acquired_bulk_reaudit_no_new_web_query,,
fc9d4ff466f2362aae54c645,Iris cristata,reproductive_assurance,self_incompatibility,"0.77971, 1",mixed_or_variable,medium,species_direct,curated_bulk_reaudit,Razanajatovo et al. 2016 Supplementary Data 1,https://doi.org/10.1038/ncomms13313,Razanajatovo et al. 2016 Supplementary Data 1,"Razanajatovo et al. (2016), Plants capable of selfing are more likely to become naturalized, Nature Communications 7:13313, Supplementary Data 1.",Supplementary Data 1 source row(s): Data_source=Motten_1986; Species=Iris_cristata; Family=Iridaceae; Self-compatibility_index_FS=1; Self-compatibility_index_SFL=0.779710145; Autofertility_index_FS=0.133333333; Autofertility_index_SFL=,Iris cristata:self_incompatibility,citation_keys:razanajatovo2016:0622bc1eb1e10873e30b,underlying_reference_key_set,accepted_name_exact,accepted_name_exact,Iris cristata,A,peer_reviewed_supplementary_trait_dataset,nature.com,en,species_trait_record_not_cultivar_limited,accepted_individual_structured_source_audit,cb17009ae65c4f6cb2d28b21239714782600d0904effa77c5635249d28e62fc0,Supplementary_Data_1.xlsx_bytes,2026-08-11T00:00:00Z,already_acquired_bulk_reaudit_no_new_web_query,,
7e0065ca278a0cdb90ae2735,Jatropha curcas,reproductive_assurance,self_incompatibility,"0.974837, 1",SC,medium,species_direct,curated_bulk_reaudit,Razanajatovo et al. 2016 Supplementary Data 1,https://doi.org/10.1038/ncomms13313,Razanajatovo et al. 2016 Supplementary Data 1,"Razanajatovo et al. (2016), Plants capable of selfing are more likely to become naturalized, Nature Communications 7:13313, Supplementary Data 1.",Supplementary Data 1 source row(s): Data_source=Nietsche_etal_2014; Species=Jatropha_curcas; Family=Euphorbiaceae; Self-compatibility_index_FS=; Self-compatibility_index_SFL=; Autofertility_index_FS=; Autofertility_index_SFL= || Data_source=Samocha_etal_2014; Species=Jatropha_curcas; Family=Euphorbiaceae; Self-compatibility_index_FS=0.974836906; Self-compatibility_index_SFL=1; Autofertility_index_FS=0.017866964; Autofertility_index_SFL=0.014335804,Jatropha curcas:self_incompatibility,citation_keys:razanajatovo2016:0e88b41566d0adcecf89,underlying_reference_key_set,accepted_name_exact,accepted_name_exact,Jatropha curcas,A,peer_reviewed_supplementary_trait_dataset,nature.com,en,species_trait_record_not_cultivar_limited,accepted_individual_structured_source_audit,cb17009ae65c4f6cb2d28b21239714782600d0904effa77c5635249d28e62fc0,Supplementary_Data_1.xlsx_bytes,2026-08-11T00:00:00Z,already_acquired_bulk_reaudit_no_new_web_query,,
88998a062655dec5033189ad,Jatropha mollissima,reproductive_assurance,self_incompatibility,0.684211,mixed_or_variable,medium,species_direct,curated_bulk_reaudit,Razanajatovo et al. 2016 Supplementary Data 1,https://doi.org/10.1038/ncomms13313,Razanajatovo et al. 2016 Supplementary Data 1,"Razanajatovo et al. (2016), Plants capable of selfing are more likely to become naturalized, Nature Communications 7:13313, Supplementary Data 1.",Supplementary Data 1 source row(s): Data_source=Machado_etal_2006; Species=Jatropha_mollissima; Family=Euphorbiaceae; Self-compatibility_index_FS=0.684210526; Self-compatibility_index_SFL=; Autofertility_index_FS=; Autofertility_index_SFL=,Jatropha mollissima:self_incompatibility,citation_keys:razanajatovo2016:defc98ebb808835e3477,underlying_reference_key_set,accepted_name_exact,accepted_name_exact,Jatropha mollissima,A,peer_reviewed_supplementary_trait_dataset,nature.com,en,species_trait_record_not_cultivar_limited,accepted_individual_structured_source_audit,cb17009ae65c4f6cb2d28b21239714782600d0904effa77c5635249d28e62fc0,Supplementary_Data_1.xlsx_bytes,2026-08-11T00:00:00Z,already_acquired_bulk_reaudit_no_new_web_query,,
e2d9b0632f6ec4181c9021b2,Juniperus communis,flower_colour,flower_primary_color,yellow_orange,yellow_orange,medium,species_direct,curated_bulk_reaudit,EOL TraitBank all-traits archive,https://eol.org/pages/1061674/data,Encyclopedia of Life TraitBank species trait record,"The PLANTS Database, United States Department of Agriculture, National Resources Conservation Service. http://plants.usda.gov/",EOL TraitBank record R133-PK288700628: flower color = yellow; EOL page 1061674.,R133-PK288700628,citation:eol-upstream:e989e6becc737357dccb,normalized_upstream_source_citation,accepted_name_exact,accepted_name_exact,Juniperus communis,A,public_curated_trait_database,eol.org,en,species_trait_record_not_cultivar_limited,accepted_individual_structured_source_audit,a029cef6f771b08c1ad5cb2cd5f5a56a53de6896cee768ebcd7c61f756735072,EOL_traits_all.zip_bytes,2026-08-11T00:00:00Z,already_acquired_bulk_reaudit_no_new_web_query,,
0d6e371405a11ae1fff68434,Juniperus monosperma,flower_colour,flower_primary_color,yellow_orange,yellow_orange,medium,species_direct,curated_bulk_reaudit,EOL TraitBank all-traits archive,https://eol.org/pages/323356/data,Encyclopedia of Life TraitBank species trait record,"The PLANTS Database, United States Department of Agriculture, National Resources Conservation Service. http://plants.usda.gov/",EOL TraitBank record R133-PK288701975: flower color = orange; EOL page 323356.,R133-PK288701975,citation:eol-upstream:e989e6becc737357dccb,normalized_upstream_source_citation,accepted_name_exact,accepted_name_exact,Juniperus monosperma,A,public_curated_trait_database,eol.org,en,species_trait_record_not_cultivar_limited,accepted_individual_structured_source_audit,a029cef6f771b08c1ad5cb2cd5f5a56a53de6896cee768ebcd7c61f756735072,EOL_traits_all.zip_bytes,2026-08-11T00:00:00Z,already_acquired_bulk_reaudit_no_new_web_query,,
62521fe781a1982ef1f7d61a,Juniperus virginiana,flower_colour,flower_primary_color,green_brown_inconspicuous,green_brown_inconspicuous,medium,species_direct,curated_bulk_reaudit,EOL TraitBank all-traits archive,https://eol.org/pages/1061664/data,Encyclopedia of Life TraitBank species trait record,"The PLANTS Database, United States Department of Agriculture, National Resources Conservation Service. http://plants.usda.gov/",EOL TraitBank record R133-PK288702210: flower color = green; EOL page 1061664.,R133-PK288702210,citation:eol-upstream:e989e6becc737357dccb,normalized_upstream_source_citation,accepted_name_exact,accepted_name_exact,Juniperus virginiana,A,public_curated_trait_database,eol.org,en,species_trait_record_not_cultivar_limited,accepted_individual_structured_source_audit,a029cef6f771b08c1ad5cb2cd5f5a56a53de6896cee768ebcd7c61f756735072,EOL_traits_all.zip_bytes,2026-08-11T00:00:00Z,already_acquired_bulk_reaudit_no_new_web_query,,
3f11d9a6c47c59f07bcc9d4b,Kalmia latifolia,reproductive_assurance,self_incompatibility,sc,SC,medium,species_direct,curated_bulk_reaudit,"Meyer, Galloway & Eckert 2026 Dryad v4",https://doi.org/10.5061/dryad.cc2fqz6hr,Meyer et al. 2026 Dryad mating-system dataset,"Meyer, Galloway & Eckert (2026), The evolutionary dynamics of plant mating systems: how bias for studying 'interesting' plant reproductive systems could backfire, Dryad dataset, version 4.",Output_Data_MS.csv row 2428: genus_species=Kalmia latifolia; Family=Ericaceae; mating_system=sc.,Output_Data_MS.csv:2428,dataset:dryad.cc2fqz6hr:v4,versioned_curated_dataset,accepted_name_exact,accepted_name_exact,Kalmia latifolia,A,peer_reviewed_curated_trait_dataset,datadryad.org,en,species_trait_record_not_cultivar_limited,accepted_individual_structured_source_audit,dbc454103faa2d1677586b5b690b8ccc3e6b1a99fb39cdc0b00181703b4c6b56,Output_Data_MS.csv_lf_normalized_bytes,2026-08-11T00:00:00Z,already_acquired_bulk_reaudit_no_new_web_query,,
a3e68efc731c2b66f0fb68fc,Kalmia latifolia,reproductive_assurance,self_incompatibility,0.487179,mixed_or_variable,medium,species_direct,curated_bulk_reaudit,Razanajatovo et al. 2016 Supplementary Data 1,https://doi.org/10.1038/ncomms13313,Razanajatovo et al. 2016 Supplementary Data 1,"Razanajatovo et al. (2016), Plants capable of selfing are more likely to become naturalized, Nature Communications 7:13313, Supplementary Data 1.",Supplementary Data 1 source row(s): Data_source=Levri_Real_1998; Species=Kalmia_latifolia; Family=Ericaceae; Self-compatibility_index_FS=; Self-compatibility_index_SFL=; Autofertility_index_FS=0.085673449; Autofertility_index_SFL= || Data_source=Nagy_etal_1999; Species=Kalmia_latifolia; Family=Ericaceae; Self-compatibility_index_FS=0.487179487; Self-compatibility_index_SFL=; Autofertility_index_FS=0.141025641; Autofertility_index_SFL= || Data_source=Rathcke_1998; Species=Kalmia_latifolia; Family=Ericaceae; Self-compatibility_index_FS=; Self-compatibility_index_SFL=; Autofertility_index_FS=; Autofertility_index_SFL=,Kalmia latifolia:self_incompatibility,citation_keys:razanajatovo2016:6b897a11b4535ffbfec3,underlying_reference_key_set,accepted_name_exact,accepted_name_exact,Kalmia latifolia,A,peer_reviewed_supplementary_trait_dataset,nature.com,en,species_trait_record_not_cultivar_limited,accepted_individual_structured_source_audit,cb17009ae65c4f6cb2d28b21239714782600d0904effa77c5635249d28e62fc0,Supplementary_Data_1.xlsx_bytes,2026-08-11T00:00:00Z,already_acquired_bulk_reaudit_no_new_web_query,,
88c318a45218df4f4882d72e,Lantana peduncularis,reproductive_assurance,self_incompatibility,0.555556,mixed_or_variable,medium,species_direct,curated_bulk_reaudit,Razanajatovo et al. 2016 Supplementary Data 1,https://doi.org/10.1038/ncomms13313,Razanajatovo et al. 2016 Supplementary Data 1,"Razanajatovo et al. (2016), Plants capable of selfing are more likely to become naturalized, Nature Communications 7:13313, Supplementary Data 1.",Supplementary Data 1 source row(s): Data_source=McMullen_1987; Species=Lantana_peduncularis; Family=Verbenaceae; Self-compatibility_index_FS=0.555555556; Self-compatibility_index_SFL=; Autofertility_index_FS=0.305555556; Autofertility_index_SFL=,Lantana peduncularis:self_incompatibility,citation_keys:razanajatovo2016:cc41539c3c8d6df81ab6,underlying_reference_key_set,accepted_name_exact,accepted_name_exact,Lantana peduncularis,A,peer_reviewed_supplementary_trait_dataset,nature.com,en,species_trait_record_not_cultivar_limited,accepted_individual_structured_source_audit,cb17009ae65c4f6cb2d28b21239714782600d0904effa77c5635249d28e62fc0,Supplementary_Data_1.xlsx_bytes,2026-08-11T00:00:00Z,already_acquired_bulk_reaudit_no_new_web_query,,
b1e9b79029d2ac083000e156,Larix decidua,flower_colour,flower_primary_color,red_pink,red_pink,medium,species_direct,curated_bulk_reaudit,EOL TraitBank all-traits archive,https://eol.org/pages/1061656/data,Encyclopedia of Life TraitBank species trait record,"The PLANTS Database, United States Department of Agriculture, National Resources Conservation Service. http://plants.usda.gov/",EOL TraitBank record R133-PK288701647: flower color = red; EOL page 1061656.,R133-PK288701647,citation:eol-upstream:e989e6becc737357dccb,normalized_upstream_source_citation,accepted_name_exact,accepted_name_exact,Larix decidua,A,public_curated_trait_database,eol.org,en,species_trait_record_not_cultivar_limited,accepted_individual_structured_source_audit,a029cef6f771b08c1ad5cb2cd5f5a56a53de6896cee768ebcd7c61f756735072,EOL_traits_all.zip_bytes,2026-08-11T00:00:00Z,already_acquired_bulk_reaudit_no_new_web_query,,
a8a4f93013b94de3c2642b7a,Larix kaempferi,flower_colour,flower_primary_color,red_pink,red_pink,medium,species_direct,curated_bulk_reaudit,EOL TraitBank all-traits archive,https://eol.org/pages/1033607/data,Encyclopedia of Life TraitBank species trait record,"The PLANTS Database, United States Department of Agriculture, National Resources Conservation Service. http://plants.usda.gov/",EOL TraitBank record R133-PK288701649: flower color = red; EOL page 1033607.,R133-PK288701649,citation:eol-upstream:e989e6becc737357dccb,normalized_upstream_source_citation,accepted_name_exact,accepted_name_exact,Larix kaempferi,A,public_curated_trait_database,eol.org,en,species_trait_record_not_cultivar_limited,accepted_individual_structured_source_audit,a029cef6f771b08c1ad5cb2cd5f5a56a53de6896cee768ebcd7c61f756735072,EOL_traits_all.zip_bytes,2026-08-11T00:00:00Z,already_acquired_bulk_reaudit_no_new_web_query,,
db4e577becee939644c94e70,Larix laricina,flower_colour,flower_primary_color,red_pink,red_pink,medium,species_direct,curated_bulk_reaudit,EOL TraitBank all-traits archive,https://eol.org/pages/1033608/data,Encyclopedia of Life TraitBank species trait record,"The PLANTS Database, United States Department of Agriculture, National Resources Conservation Service. http://plants.usda.gov/",EOL TraitBank record R133-PK288701650: flower color = red; EOL page 1033608.,R133-PK288701650,citation:eol-upstream:e989e6becc737357dccb,normalized_upstream_source_citation,accepted_name_exact,accepted_name_exact,Larix laricina,A,public_curated_trait_database,eol.org,en,species_trait_record_not_cultivar_limited,accepted_individual_structured_source_audit,a029cef6f771b08c1ad5cb2cd5f5a56a53de6896cee768ebcd7c61f756735072,EOL_traits_all.zip_bytes,2026-08-11T00:00:00Z,already_acquired_bulk_reaudit_no_new_web_query,,
84d0f6027825bedca7380746,Larix lyallii,flower_colour,flower_primary_color,yellow_orange,yellow_orange,medium,species_direct,curated_bulk_reaudit,EOL TraitBank all-traits archive,https://eol.org/pages/1033609/data,Encyclopedia of Life TraitBank species trait record,"The PLANTS Database, United States Department of Agriculture, National Resources Conservation Service. http://plants.usda.gov/",EOL TraitBank record R133-PK288700639: flower color = yellow; EOL page 1033609.,R133-PK288700639,citation:eol-upstream:e989e6becc737357dccb,normalized_upstream_source_citation,accepted_name_exact,accepted_name_exact,Larix lyallii,A,public_curated_trait_database,eol.org,en,species_trait_record_not_cultivar_limited,accepted_individual_structured_source_audit,a029cef6f771b08c1ad5cb2cd5f5a56a53de6896cee768ebcd7c61f756735072,EOL_traits_all.zip_bytes,2026-08-11T00:00:00Z,already_acquired_bulk_reaudit_no_new_web_query,,
71313ef745a7905cf9e8b93b,Larix occidentalis,flower_colour,flower_primary_color,red_pink,red_pink,medium,species_direct,curated_bulk_reaudit,EOL TraitBank all-traits archive,https://eol.org/pages/1033612/data,Encyclopedia of Life TraitBank species trait record,"The PLANTS Database, United States Department of Agriculture, National Resources Conservation Service. http://plants.usda.gov/",EOL TraitBank record R133-PK288701651: flower color = red; EOL page 1033612.,R133-PK288701651,citation:eol-upstream:e989e6becc737357dccb,normalized_upstream_source_citation,accepted_name_exact,accepted_name_exact,Larix occidentalis,A,public_curated_trait_database,eol.org,en,species_trait_record_not_cultivar_limited,accepted_individual_structured_source_audit,a029cef6f771b08c1ad5cb2cd5f5a56a53de6896cee768ebcd7c61f756735072,EOL_traits_all.zip_bytes,2026-08-11T00:00:00Z,already_acquired_bulk_reaudit_no_new_web_query,,
a710446c5e77defa6437a4c1,Leptinella atrata,reproductive_assurance,self_incompatibility,sc,SC,medium,species_direct,curated_bulk_reaudit,"Meyer, Galloway & Eckert 2026 Dryad v4",https://doi.org/10.5061/dryad.cc2fqz6hr,Meyer et al. 2026 Dryad mating-system dataset,"Meyer, Galloway & Eckert (2026), The evolutionary dynamics of plant mating systems: how bias for studying 'interesting' plant reproductive systems could backfire, Dryad dataset, version 4.",Output_Data_MS.csv row 2569: genus_species=Leptinella atrata; Family=Asteraceae; mating_system=sc.,Output_Data_MS.csv:2569,dataset:dryad.cc2fqz6hr:v4,versioned_curated_dataset,accepted_name_exact,accepted_name_exact,Leptinella atrata,A,peer_reviewed_curated_trait_dataset,datadryad.org,en,species_trait_record_not_cultivar_limited,accepted_individual_structured_source_audit,dbc454103faa2d1677586b5b690b8ccc3e6b1a99fb39cdc0b00181703b4c6b56,Output_Data_MS.csv_lf_normalized_bytes,2026-08-11T00:00:00Z,already_acquired_bulk_reaudit_no_new_web_query,,
a53a4cefd9688048f05feabe,Limonium dodartii,reproductive_assurance,self_incompatibility,si,SI,medium,species_direct,curated_bulk_reaudit,"Meyer, Galloway & Eckert 2026 Dryad v4",https://doi.org/10.5061/dryad.cc2fqz6hr,Meyer et al. 2026 Dryad mating-system dataset,"Meyer, Galloway & Eckert (2026), The evolutionary dynamics of plant mating systems: how bias for studying 'interesting' plant reproductive systems could backfire, Dryad dataset, version 4.",Output_Data_MS.csv row 2623: genus_species=Limonium dodartii; Family=Plumbaginaceae; mating_system=si.,Output_Data_MS.csv:2623,dataset:dryad.cc2fqz6hr:v4,versioned_curated_dataset,accepted_name_exact,accepted_name_exact,Limonium dodartii,A,peer_reviewed_curated_trait_dataset,datadryad.org,en,species_trait_record_not_cultivar_limited,accepted_individual_structured_source_audit,dbc454103faa2d1677586b5b690b8ccc3e6b1a99fb39cdc0b00181703b4c6b56,Output_Data_MS.csv_lf_normalized_bytes,2026-08-11T00:00:00Z,already_acquired_bulk_reaudit_no_new_web_query,,
dd429eabfd7c25a1f23e7882,Liparis kumokiri,reproductive_assurance,self_incompatibility,sc,SC,medium,species_direct,curated_bulk_reaudit,"Meyer, Galloway & Eckert 2026 Dryad v4",https://doi.org/10.5061/dryad.cc2fqz6hr,Meyer et al. 2026 Dryad mating-system dataset,"Meyer, Galloway & Eckert (2026), The evolutionary dynamics of plant mating systems: how bias for studying 'interesting' plant reproductive systems could backfire, Dryad dataset, version 4.",Output_Data_MS.csv row 2633: genus_species=Liparis kumokiri; Family=Orchidaceae; mating_system=sc.,Output_Data_MS.csv:2633,dataset:dryad.cc2fqz6hr:v4,versioned_curated_dataset,accepted_name_exact,accepted_name_exact,Liparis kumokiri,A,peer_reviewed_curated_trait_dataset,datadryad.org,en,species_trait_record_not_cultivar_limited,accepted_individual_structured_source_audit,dbc454103faa2d1677586b5b690b8ccc3e6b1a99fb39cdc0b00181703b4c6b56,Output_Data_MS.csv_lf_normalized_bytes,2026-08-11T00:00:00Z,already_acquired_bulk_reaudit_no_new_web_query,,
6968d59cc89be0555b88b851,Liparis kumokiri,reproductive_assurance,self_incompatibility,0.72973,mixed_or_variable,medium,species_direct,curated_bulk_reaudit,Razanajatovo et al. 2016 Supplementary Data 1,https://doi.org/10.1038/ncomms13313,Razanajatovo et al. 2016 Supplementary Data 1,"Razanajatovo et al. (2016), Plants capable of selfing are more likely to become naturalized, Nature Communications 7:13313, Supplementary Data 1.",Supplementary Data 1 source row(s): Data_source=Oh_etal_2001; Species=Liparis_kumokiri; Family=Orchidaceae; Self-compatibility_index_FS=0.72972973; Self-compatibility_index_SFL=; Autofertility_index_FS=0.183783784; Autofertility_index_SFL=,Liparis kumokiri:self_incompatibility,citation_keys:razanajatovo2016:654d35c6e78100fc8668,underlying_reference_key_set,accepted_name_exact,accepted_name_exact,Liparis kumokiri,A,peer_reviewed_supplementary_trait_dataset,nature.com,en,species_trait_record_not_cultivar_limited,accepted_individual_structured_source_audit,cb17009ae65c4f6cb2d28b21239714782600d0904effa77c5635249d28e62fc0,Supplementary_Data_1.xlsx_bytes,2026-08-11T00:00:00Z,already_acquired_bulk_reaudit_no_new_web_query,,
827a358431b167a243b474f7,Lonchocarpus guatemalensis,reproductive_assurance,self_incompatibility,sc,SC,medium,species_direct,curated_bulk_reaudit,"Meyer, Galloway & Eckert 2026 Dryad v4",https://doi.org/10.5061/dryad.cc2fqz6hr,Meyer et al. 2026 Dryad mating-system dataset,"Meyer, Galloway & Eckert (2026), The evolutionary dynamics of plant mating systems: how bias for studying 'interesting' plant reproductive systems could backfire, Dryad dataset, version 4.",Output_Data_MS.csv row 2661: genus_species=Lonchocarpus guatemalensis; Family=Fabaceae; mating_system=sc.,Output_Data_MS.csv:2661,dataset:dryad.cc2fqz6hr:v4,versioned_curated_dataset,accepted_name_exact,accepted_name_exact,Lonchocarpus guatemalensis,A,peer_reviewed_curated_trait_dataset,datadryad.org,en,species_trait_record_not_cultivar_limited,accepted_individual_structured_source_audit,dbc454103faa2d1677586b5b690b8ccc3e6b1a99fb39cdc0b00181703b4c6b56,Output_Data_MS.csv_lf_normalized_bytes,2026-08-11T00:00:00Z,already_acquired_bulk_reaudit_no_new_web_query,,
2eab0ada0bd5d95e0a8bbd7f,Lonchocarpus guatemalensis,reproductive_assurance,self_incompatibility,0.416667,mixed_or_variable,medium,species_direct,curated_bulk_reaudit,Razanajatovo et al. 2016 Supplementary Data 1,https://doi.org/10.1038/ncomms13313,Razanajatovo et al. 2016 Supplementary Data 1,"Razanajatovo et al. (2016), Plants capable of selfing are more likely to become naturalized, Nature Communications 7:13313, Supplementary Data 1.",Supplementary Data 1 source row(s): Data_source=Bullock_1985; Species=Lonchocarpus_guatemalensis; Family=Leguminosae; Self-compatibility_index_FS=0.416666667; Self-compatibility_index_SFL=; Autofertility_index_FS=; Autofertility_index_SFL=,Lonchocarpus guatemalensis:self_incompatibility,citation_keys:razanajatovo2016:430ac10e42df635d0d21,underlying_reference_key_set,accepted_name_exact,accepted_name_exact,Lonchocarpus guatemalensis,A,peer_reviewed_supplementary_trait_dataset,nature.com,en,species_trait_record_not_cultivar_limited,accepted_individual_structured_source_audit,cb17009ae65c4f6cb2d28b21239714782600d0904effa77c5635249d28e62fc0,Supplementary_Data_1.xlsx_bytes,2026-08-11T00:00:00Z,already_acquired_bulk_reaudit_no_new_web_query,,
559c43125a76652776530c4d,Ludwigia nervosa,reproductive_assurance,self_incompatibility,si,SI,medium,species_direct,curated_bulk_reaudit,"Meyer, Galloway & Eckert 2026 Dryad v4",https://doi.org/10.5061/dryad.cc2fqz6hr,Meyer et al. 2026 Dryad mating-system dataset,"Meyer, Galloway & Eckert (2026), The evolutionary dynamics of plant mating systems: how bias for studying 'interesting' plant reproductive systems could backfire, Dryad dataset, version 4.",Output_Data_MS.csv row 2710: genus_species=Ludwigia nervosa; Family=Onagraceae; mating_system=si.,Output_Data_MS.csv:2710,dataset:dryad.cc2fqz6hr:v4,versioned_curated_dataset,accepted_name_exact,accepted_name_exact,Ludwigia nervosa,A,peer_reviewed_curated_trait_dataset,datadryad.org,en,species_trait_record_not_cultivar_limited,accepted_individual_structured_source_audit,dbc454103faa2d1677586b5b690b8ccc3e6b1a99fb39cdc0b00181703b4c6b56,Output_Data_MS.csv_lf_normalized_bytes,2026-08-11T00:00:00Z,already_acquired_bulk_reaudit_no_new_web_query,,
23d3823e4f3c8b6feb87cfb5,Ludwigia nervosa,reproductive_assurance,self_incompatibility,"0.59997, 1",mixed_or_variable,medium,species_direct,curated_bulk_reaudit,Razanajatovo et al. 2016 Supplementary Data 1,https://doi.org/10.1038/ncomms13313,Razanajatovo et al. 2016 Supplementary Data 1,"Razanajatovo et al. (2016), Plants capable of selfing are more likely to become naturalized, Nature Communications 7:13313, Supplementary Data 1.",Supplementary Data 1 source row(s): Data_source=Ramirez_Brito_1990; Species=Ludwigia_nervosa; Family=Onagraceae; Self-compatibility_index_FS=0.599970001; Self-compatibility_index_SFL=1; Autofertility_index_FS=0.290235488; Autofertility_index_SFL=0.000748977,Ludwigia nervosa:self_incompatibility,citation_keys:razanajatovo2016:d90a5990e60c1fa6918f,underlying_reference_key_set,accepted_name_exact,accepted_name_exact,Ludwigia nervosa,A,peer_reviewed_supplementary_trait_dataset,nature.com,en,species_trait_record_not_cultivar_limited,accepted_individual_structured_source_audit,cb17009ae65c4f6cb2d28b21239714782600d0904effa77c5635249d28e62fc0,Supplementary_Data_1.xlsx_bytes,2026-08-11T00:00:00Z,already_acquired_bulk_reaudit_no_new_web_query,,
6a94645ef5ee8f36c10b5df8,Lysimachia vulgaris,reproductive_assurance,self_incompatibility,si,SI,medium,species_direct,curated_bulk_reaudit,"Meyer, Galloway & Eckert 2026 Dryad v4",https://doi.org/10.5061/dryad.cc2fqz6hr,Meyer et al. 2026 Dryad mating-system dataset,"Meyer, Galloway & Eckert (2026), The evolutionary dynamics of plant mating systems: how bias for studying 'interesting' plant reproductive systems could backfire, Dryad dataset, version 4.",Output_Data_MS.csv row 2781: genus_species=Lysimachia vulgaris; Family=Primulaceae; mating_system=si.,Output_Data_MS.csv:2781,dataset:dryad.cc2fqz6hr:v4,versioned_curated_dataset,accepted_name_exact,accepted_name_exact,Lysimachia vulgaris,A,peer_reviewed_curated_trait_dataset,datadryad.org,en,species_trait_record_not_cultivar_limited,accepted_individual_structured_source_audit,dbc454103faa2d1677586b5b690b8ccc3e6b1a99fb39cdc0b00181703b4c6b56,Output_Data_MS.csv_lf_normalized_bytes,2026-08-11T00:00:00Z,already_acquired_bulk_reaudit_no_new_web_query,,
9e9713df7a1b6ac335c249f0,Lythrum salicaria,reproductive_assurance,self_incompatibility,si,SI,medium,species_direct,curated_bulk_reaudit,"Meyer, Galloway & Eckert 2026 Dryad v4",https://doi.org/10.5061/dryad.cc2fqz6hr,Meyer et al. 2026 Dryad mating-system dataset,"Meyer, Galloway & Eckert (2026), The evolutionary dynamics of plant mating systems: how bias for studying 'interesting' plant reproductive systems could backfire, Dryad dataset, version 4.",Output_Data_MS.csv row 2782: genus_species=Lythrum salicaria; Family=Lythraceae; mating_system=si.,Output_Data_MS.csv:2782,dataset:dryad.cc2fqz6hr:v4,versioned_curated_dataset,accepted_name_exact,accepted_name_exact,Lythrum salicaria,A,peer_reviewed_curated_trait_dataset,datadryad.org,en,species_trait_record_not_cultivar_limited,accepted_individual_structured_source_audit,dbc454103faa2d1677586b5b690b8ccc3e6b1a99fb39cdc0b00181703b4c6b56,Output_Data_MS.csv_lf_normalized_bytes,2026-08-11T00:00:00Z,already_acquired_bulk_reaudit_no_new_web_query,,
0347348ea42f289fc2b8f18f,Magnolia macrophylla,reproductive_assurance,self_incompatibility,si,SI,medium,species_direct,curated_bulk_reaudit,"Meyer, Galloway & Eckert 2026 Dryad v4",https://doi.org/10.5061/dryad.cc2fqz6hr,Meyer et al. 2026 Dryad mating-system dataset,"Meyer, Galloway & Eckert (2026), The evolutionary dynamics of plant mating systems: how bias for studying 'interesting' plant reproductive systems could backfire, Dryad dataset, version 4.",Output_Data_MS.csv row 2825: genus_species=Magnolia macrophylla; Family=Magnoliaceae; mating_system=si.,Output_Data_MS.csv:2825,dataset:dryad.cc2fqz6hr:v4,versioned_curated_dataset,accepted_name_exact,accepted_name_exact,Magnolia macrophylla,A,peer_reviewed_curated_trait_dataset,datadryad.org,en,species_trait_record_not_cultivar_limited,accepted_individual_structured_source_audit,dbc454103faa2d1677586b5b690b8ccc3e6b1a99fb39cdc0b00181703b4c6b56,Output_Data_MS.csv_lf_normalized_bytes,2026-08-11T00:00:00Z,already_acquired_bulk_reaudit_no_new_web_query,,
1daa1dca19e8d716122fa6b5,Magnolia obovata,reproductive_assurance,self_incompatibility,sc,SC,medium,species_direct,curated_bulk_reaudit,"Meyer, Galloway & Eckert 2026 Dryad v4",https://doi.org/10.5061/dryad.cc2fqz6hr,Meyer et al. 2026 Dryad mating-system dataset,"Meyer, Galloway & Eckert (2026), The evolutionary dynamics of plant mating systems: how bias for studying 'interesting' plant reproductive systems could backfire, Dryad dataset, version 4.",Output_Data_MS.csv row 2826: genus_species=Magnolia obovata; Family=Magnoliaceae; mating_system=sc.,Output_Data_MS.csv:2826,dataset:dryad.cc2fqz6hr:v4,versioned_curated_dataset,accepted_name_exact,accepted_name_exact,Magnolia obovata,A,peer_reviewed_curated_trait_dataset,datadryad.org,en,species_trait_record_not_cultivar_limited,accepted_individual_structured_source_audit,dbc454103faa2d1677586b5b690b8ccc3e6b1a99fb39cdc0b00181703b4c6b56,Output_Data_MS.csv_lf_normalized_bytes,2026-08-11T00:00:00Z,already_acquired_bulk_reaudit_no_new_web_query,,
ecb2edf09a41d4dbaf651566,Magnolia obovata,reproductive_assurance,self_incompatibility,"0.220517, 0.832801",mixed_or_variable,medium,species_direct,curated_bulk_reaudit,Razanajatovo et al. 2016 Supplementary Data 1,https://doi.org/10.1038/ncomms13313,Razanajatovo et al. 2016 Supplementary Data 1,"Razanajatovo et al. (2016), Plants capable of selfing are more likely to become naturalized, Nature Communications 7:13313, Supplementary Data 1.",Supplementary Data 1 source row(s): Data_source=Ishida_etal_2003; Species=Magnolia_obovata; Family=Magnoliaceae; Self-compatibility_index_FS=0.832800852; Self-compatibility_index_SFL=0.220516836; Autofertility_index_FS=; Autofertility_index_SFL=,Magnolia obovata:self_incompatibility,citation_keys:razanajatovo2016:bb51452058027e3917e7,underlying_reference_key_set,accepted_name_exact,accepted_name_exact,Magnolia obovata,A,peer_reviewed_supplementary_trait_dataset,nature.com,en,species_trait_record_not_cultivar_limited,accepted_individual_structured_source_audit,cb17009ae65c4f6cb2d28b21239714782600d0904effa77c5635249d28e62fc0,Supplementary_Data_1.xlsx_bytes,2026-08-11T00:00:00Z,already_acquired_bulk_reaudit_no_new_web_query,,
d64b3faacbf7c6e3907f168e,Magnolia tripetala,reproductive_assurance,self_incompatibility,si,SI,medium,species_direct,curated_bulk_reaudit,"Meyer, Galloway & Eckert 2026 Dryad v4",https://doi.org/10.5061/dryad.cc2fqz6hr,Meyer et al. 2026 Dryad mating-system dataset,"Meyer, Galloway & Eckert (2026), The evolutionary dynamics of plant mating systems: how bias for studying 'interesting' plant reproductive systems could backfire, Dryad dataset, version 4.",Output_Data_MS.csv row 2828: genus_species=Magnolia tripetala; Family=Magnoliaceae; mating_system=si.,Output_Data_MS.csv:2828,dataset:dryad.cc2fqz6hr:v4,versioned_curated_dataset,accepted_name_exact,accepted_name_exact,Magnolia tripetala,A,peer_reviewed_curated_trait_dataset,datadryad.org,en,species_trait_record_not_cultivar_limited,accepted_individual_structured_source_audit,dbc454103faa2d1677586b5b690b8ccc3e6b1a99fb39cdc0b00181703b4c6b56,Output_Data_MS.csv_lf_normalized_bytes,2026-08-11T00:00:00Z,already_acquired_bulk_reaudit_no_new_web_query,,
e79706e3fc227b7feaab8b92,Malpighia glabra,reproductive_assurance,self_incompatibility,si,SI,medium,species_direct,curated_bulk_reaudit,"Meyer, Galloway & Eckert 2026 Dryad v4",https://doi.org/10.5061/dryad.cc2fqz6hr,Meyer et al. 2026 Dryad mating-system dataset,"Meyer, Galloway & Eckert (2026), The evolutionary dynamics of plant mating systems: how bias for studying 'interesting' plant reproductive systems could backfire, Dryad dataset, version 4.",Output_Data_MS.csv row 2834: genus_species=Malpighia glabra; Family=Malpighiaceae; mating_system=si.,Output_Data_MS.csv:2834,dataset:dryad.cc2fqz6hr:v4,versioned_curated_dataset,accepted_name_exact,accepted_name_exact,Malpighia glabra,A,peer_reviewed_curated_trait_dataset,datadryad.org,en,species_trait_record_not_cultivar_limited,accepted_individual_structured_source_audit,dbc454103faa2d1677586b5b690b8ccc3e6b1a99fb39cdc0b00181703b4c6b56,Output_Data_MS.csv_lf_normalized_bytes,2026-08-11T00:00:00Z,already_acquired_bulk_reaudit_no_new_web_query,,
48806b963a087f60e9234916,Malpighia glabra,reproductive_assurance,self_incompatibility,0.5,mixed_or_variable,medium,species_direct,curated_bulk_reaudit,Razanajatovo et al. 2016 Supplementary Data 1,https://doi.org/10.1038/ncomms13313,Razanajatovo et al. 2016 Supplementary Data 1,"Razanajatovo et al. (2016), Plants capable of selfing are more likely to become naturalized, Nature Communications 7:13313, Supplementary Data 1.",Supplementary Data 1 source row(s): Data_source=Bawa_1974; Species=Malpighia_glabra; Family=Malpighiaceae; Self-compatibility_index_FS=0.5; Self-compatibility_index_SFL=; Autofertility_index_FS=; Autofertility_index_SFL= || Data_source=Jaimes_Ramirez_1997; Species=Malpighia_glabra; Family=Malpighiaceae; Self-compatibility_index_FS=; Self-compatibility_index_SFL=; Autofertility_index_FS=; Autofertility_index_SFL=,Malpighia glabra:self_incompatibility,citation_keys:razanajatovo2016:fa3ec3896fabd28d1e06,underlying_reference_key_set,accepted_name_exact,accepted_name_exact,Malpighia glabra,A,peer_reviewed_supplementary_trait_dataset,nature.com,en,species_trait_record_not_cultivar_limited,accepted_individual_structured_source_audit,cb17009ae65c4f6cb2d28b21239714782600d0904effa77c5635249d28e62fc0,Supplementary_Data_1.xlsx_bytes,2026-08-11T00:00:00Z,already_acquired_bulk_reaudit_no_new_web_query,,
ee24d2aa8c096f992400fed3,Medicago sativa,reproductive_assurance,self_incompatibility,sc,SC,medium,species_direct,curated_bulk_reaudit,"Meyer, Galloway & Eckert 2026 Dryad v4",https://doi.org/10.5061/dryad.cc2fqz6hr,Meyer et al. 2026 Dryad mating-system dataset,"Meyer, Galloway & Eckert (2026), The evolutionary dynamics of plant mating systems: how bias for studying 'interesting' plant reproductive systems could backfire, Dryad dataset, version 4.",Output_Data_MS.csv row 2902: genus_species=Medicago sativa; Family=Fabaceae; mating_system=sc.,Output_Data_MS.csv:2902,dataset:dryad.cc2fqz6hr:v4,versioned_curated_dataset,accepted_name_exact,accepted_name_exact,Medicago sativa,A,peer_reviewed_curated_trait_dataset,datadryad.org,en,species_trait_record_not_cultivar_limited,accepted_individual_structured_source_audit,dbc454103faa2d1677586b5b690b8ccc3e6b1a99fb39cdc0b00181703b4c6b56,Output_Data_MS.csv_lf_normalized_bytes,2026-08-11T00:00:00Z,already_acquired_bulk_reaudit_no_new_web_query,,
ccd256e81475f2e3c4dd44f0,Melocactus curvispinus,reproductive_assurance,self_incompatibility,0.796657,mixed_or_variable,medium,species_direct,curated_bulk_reaudit,Razanajatovo et al. 2016 Supplementary Data 1,https://doi.org/10.1038/ncomms13313,Razanajatovo et al. 2016 Supplementary Data 1,"Razanajatovo et al. (2016), Plants capable of selfing are more likely to become naturalized, Nature Communications 7:13313, Supplementary Data 1.",Supplementary Data 1 source row(s): Data_source=Nassar_Ramirez_2004; Species=Melocactus_curvispinus; Family=Cactaceae; Self-compatibility_index_FS=0.79665733; Self-compatibility_index_SFL=; Autofertility_index_FS=0.749072963; Autofertility_index_SFL=,Melocactus curvispinus:self_incompatibility,citation_keys:razanajatovo2016:742f3cc9d05eb22f297a,underlying_reference_key_set,accepted_name_exact,accepted_name_exact,Melocactus curvispinus,A,peer_reviewed_supplementary_trait_dataset,nature.com,en,species_trait_record_not_cultivar_limited,accepted_individual_structured_source_audit,cb17009ae65c4f6cb2d28b21239714782600d0904effa77c5635249d28e62fc0,Supplementary_Data_1.xlsx_bytes,2026-08-11T00:00:00Z,already_acquired_bulk_reaudit_no_new_web_query,,
1e5a3820d217353b3d3f5eb0,Melochia parvifolia,reproductive_assurance,self_incompatibility,si,SI,medium,species_direct,curated_bulk_reaudit,"Meyer, Galloway & Eckert 2026 Dryad v4",https://doi.org/10.5061/dryad.cc2fqz6hr,Meyer et al. 2026 Dryad mating-system dataset,"Meyer, Galloway & Eckert (2026), The evolutionary dynamics of plant mating systems: how bias for studying 'interesting' plant reproductive systems could backfire, Dryad dataset, version 4.",Output_Data_MS.csv row 2951: genus_species=Melochia parvifolia; Family=Malvaceae; mating_system=si.,Output_Data_MS.csv:2951,dataset:dryad.cc2fqz6hr:v4,versioned_curated_dataset,accepted_name_exact,accepted_name_exact,Melochia parvifolia,A,peer_reviewed_curated_trait_dataset,datadryad.org,en,species_trait_record_not_cultivar_limited,accepted_individual_structured_source_audit,dbc454103faa2d1677586b5b690b8ccc3e6b1a99fb39cdc0b00181703b4c6b56,Output_Data_MS.csv_lf_normalized_bytes,2026-08-11T00:00:00Z,already_acquired_bulk_reaudit_no_new_web_query,,
9de767d0b2c65d1060f69a54,Melochia parvifolia,reproductive_assurance,self_incompatibility,"0.0435724, 0.245739",mixed_or_variable,medium,species_direct,curated_bulk_reaudit,Razanajatovo et al. 2016 Supplementary Data 1,https://doi.org/10.1038/ncomms13313,Razanajatovo et al. 2016 Supplementary Data 1,"Razanajatovo et al. (2016), Plants capable of selfing are more likely to become naturalized, Nature Communications 7:13313, Supplementary Data 1.",Supplementary Data 1 source row(s): Data_source=Ramirez_Navarro_2010; Species=Melochia_parvifolia; Family=Malvaceae; Self-compatibility_index_FS=0.245738636; Self-compatibility_index_SFL=0.043572436; Autofertility_index_FS=0; Autofertility_index_SFL=0,Melochia parvifolia:self_incompatibility,citation_keys:razanajatovo2016:dc2fc1dc952fce4fcf7b,underlying_reference_key_set,accepted_name_exact,accepted_name_exact,Melochia parvifolia,A,peer_reviewed_supplementary_trait_dataset,nature.com,en,species_trait_record_not_cultivar_limited,accepted_individual_structured_source_audit,cb17009ae65c4f6cb2d28b21239714782600d0904effa77c5635249d28e62fc0,Supplementary_Data_1.xlsx_bytes,2026-08-11T00:00:00Z,already_acquired_bulk_reaudit_no_new_web_query,,
e22012768ef3fb49636e0361,Metasequoia glyptostroboides,flower_colour,flower_primary_color,yellow_orange,yellow_orange,medium,species_direct,curated_bulk_reaudit,EOL TraitBank all-traits archive,https://eol.org/pages/1034875/data,Encyclopedia of Life TraitBank species trait record,"The PLANTS Database, United States Department of Agriculture, National Resources Conservation Service. http://plants.usda.gov/",EOL TraitBank record R133-PK288700689: flower color = yellow; EOL page 1034875.,R133-PK288700689,citation:eol-upstream:e989e6becc737357dccb,normalized_upstream_source_citation,accepted_name_exact,accepted_name_exact,Metasequoia glyptostroboides,A,public_curated_trait_database,eol.org,en,species_trait_record_not_cultivar_limited,accepted_individual_structured_source_audit,a029cef6f771b08c1ad5cb2cd5f5a56a53de6896cee768ebcd7c61f756735072,EOL_traits_all.zip_bytes,2026-08-11T00:00:00Z,already_acquired_bulk_reaudit_no_new_web_query,,
c0d88c07f2fa3dfe171f1d5a,Mikania micrantha,reproductive_assurance,self_incompatibility,si,SI,medium,species_direct,curated_bulk_reaudit,"Meyer, Galloway & Eckert 2026 Dryad v4",https://doi.org/10.5061/dryad.cc2fqz6hr,Meyer et al. 2026 Dryad mating-system dataset,"Meyer, Galloway & Eckert (2026), The evolutionary dynamics of plant mating systems: how bias for studying 'interesting' plant reproductive systems could backfire, Dryad dataset, version 4.",Output_Data_MS.csv row 2984: genus_species=Mikania micrantha; Family=Asteraceae; mating_system=si.,Output_Data_MS.csv:2984,dataset:dryad.cc2fqz6hr:v4,versioned_curated_dataset,accepted_name_exact,accepted_name_exact,Mikania micrantha,A,peer_reviewed_curated_trait_dataset,datadryad.org,en,species_trait_record_not_cultivar_limited,accepted_individual_structured_source_audit,dbc454103faa2d1677586b5b690b8ccc3e6b1a99fb39cdc0b00181703b4c6b56,Output_Data_MS.csv_lf_normalized_bytes,2026-08-11T00:00:00Z,already_acquired_bulk_reaudit_no_new_web_query,,
ae6c3d2c3d560f0d9c2235a2,Mimosa camporum,reproductive_assurance,self_incompatibility,sc,SC,medium,species_direct,curated_bulk_reaudit,"Meyer, Galloway & Eckert 2026 Dryad v4",https://doi.org/10.5061/dryad.cc2fqz6hr,Meyer et al. 2026 Dryad mating-system dataset,"Meyer, Galloway & Eckert (2026), The evolutionary dynamics of plant mating systems: how bias for studying 'interesting' plant reproductive systems could backfire, Dryad dataset, version 4.",Output_Data_MS.csv row 2989: genus_species=Mimosa camporum; Family=Fabaceae; mating_system=sc.,Output_Data_MS.csv:2989,dataset:dryad.cc2fqz6hr:v4,versioned_curated_dataset,accepted_name_exact,accepted_name_exact,Mimosa camporum,A,peer_reviewed_curated_trait_dataset,datadryad.org,en,species_trait_record_not_cultivar_limited,accepted_individual_structured_source_audit,dbc454103faa2d1677586b5b690b8ccc3e6b1a99fb39cdc0b00181703b4c6b56,Output_Data_MS.csv_lf_normalized_bytes,2026-08-11T00:00:00Z,already_acquired_bulk_reaudit_no_new_web_query,,
0b82465b8babb0c40d71a96e,Mimosa camporum,reproductive_assurance,self_incompatibility,"0.688525, 0.689929",mixed_or_variable,medium,species_direct,curated_bulk_reaudit,Razanajatovo et al. 2016 Supplementary Data 1,https://doi.org/10.1038/ncomms13313,Razanajatovo et al. 2016 Supplementary Data 1,"Razanajatovo et al. (2016), Plants capable of selfing are more likely to become naturalized, Nature Communications 7:13313, Supplementary Data 1.",Supplementary Data 1 source row(s): Data_source=Ramirez_Brito_1990; Species=Mimosa_camporum; Family=Leguminosae; Self-compatibility_index_FS=0.689929113; Self-compatibility_index_SFL=0.68852459; Autofertility_index_FS=0.091297971; Autofertility_index_SFL=0.409836066,Mimosa camporum:self_incompatibility,citation_keys:razanajatovo2016:d90a5990e60c1fa6918f,underlying_reference_key_set,accepted_name_exact,accepted_name_exact,Mimosa camporum,A,peer_reviewed_supplementary_trait_dataset,nature.com,en,species_trait_record_not_cultivar_limited,accepted_individual_structured_source_audit,cb17009ae65c4f6cb2d28b21239714782600d0904effa77c5635249d28e62fc0,Supplementary_Data_1.xlsx_bytes,2026-08-11T00:00:00Z,already_acquired_bulk_reaudit_no_new_web_query,,
a958343d186d609bd1a87d56,Myrcia splendens,reproductive_assurance,self_incompatibility,si,SI,medium,species_direct,curated_bulk_reaudit,"Meyer, Galloway & Eckert 2026 Dryad v4",https://doi.org/10.5061/dryad.cc2fqz6hr,Meyer et al. 2026 Dryad mating-system dataset,"Meyer, Galloway & Eckert (2026), The evolutionary dynamics of plant mating systems: how bias for studying 'interesting' plant reproductive systems could backfire, Dryad dataset, version 4.",Output_Data_MS.csv row 3035: genus_species=Myrcia splendens; Family=Myrtaceae; mating_system=si.,Output_Data_MS.csv:3035,dataset:dryad.cc2fqz6hr:v4,versioned_curated_dataset,accepted_name_exact,accepted_name_exact,Myrcia splendens,A,peer_reviewed_curated_trait_dataset,datadryad.org,en,species_trait_record_not_cultivar_limited,accepted_individual_structured_source_audit,dbc454103faa2d1677586b5b690b8ccc3e6b1a99fb39cdc0b00181703b4c6b56,Output_Data_MS.csv_lf_normalized_bytes,2026-08-11T00:00:00Z,already_acquired_bulk_reaudit_no_new_web_query,,
aec5999d62071e2c90a3ed6f,Myrcia splendens,reproductive_assurance,self_incompatibility,"0.160586, 0.241935, 0.275983",mixed_or_variable,medium,species_direct,curated_bulk_reaudit,Razanajatovo et al. 2016 Supplementary Data 1,https://doi.org/10.1038/ncomms13313,Razanajatovo et al. 2016 Supplementary Data 1,"Razanajatovo et al. (2016), Plants capable of selfing are more likely to become naturalized, Nature Communications 7:13313, Supplementary Data 1.",Supplementary Data 1 source row(s): Data_source=Sobrevilla_Arroyo_1982; Species=Myrcia_splendens; Family=Myrtaceae; Self-compatibility_index_FS=0.275982768; Self-compatibility_index_SFL=0.241935484; Autofertility_index_FS=0.747980614; Autofertility_index_SFL= || Data_source=Torezan-Silingardi_Oliveira_2004; Species=Myrcia_splendens; Family=Myrtaceae; Self-compatibility_index_FS=0.160586319; Self-compatibility_index_SFL=; Autofertility_index_FS=0.049338726; Autofertility_index_SFL=,Myrcia splendens:self_incompatibility,citation_keys:razanajatovo2016:d9c410d0398d16480c1e,underlying_reference_key_set,accepted_name_exact,accepted_name_exact,Myrcia splendens,A,peer_reviewed_supplementary_trait_dataset,nature.com,en,species_trait_record_not_cultivar_limited,accepted_individual_structured_source_audit,cb17009ae65c4f6cb2d28b21239714782600d0904effa77c5635249d28e62fc0,Supplementary_Data_1.xlsx_bytes,2026-08-11T00:00:00Z,already_acquired_bulk_reaudit_no_new_web_query,,
5d7f2d373f84f73e5d385baf,Myrcia tomentosa,reproductive_assurance,self_incompatibility,"0.335008, 1",mixed_or_variable,medium,species_direct,curated_bulk_reaudit,Razanajatovo et al. 2016 Supplementary Data 1,https://doi.org/10.1038/ncomms13313,Razanajatovo et al. 2016 Supplementary Data 1,"Razanajatovo et al. (2016), Plants capable of selfing are more likely to become naturalized, Nature Communications 7:13313, Supplementary Data 1.",Supplementary Data 1 source row(s): Data_source=Proenca_Gibbs_1994; Species=Myrcia_tomentosa; Family=Myrtaceae; Self-compatibility_index_FS=1; Self-compatibility_index_SFL=; Autofertility_index_FS=0.88; Autofertility_index_SFL= || Data_source=Torezan-Silingardi_Oliveira_2004; Species=Myrcia_tomentosa; Family=Myrtaceae; Self-compatibility_index_FS=0.335007752; Self-compatibility_index_SFL=; Autofertility_index_FS=0.455131268; Autofertility_index_SFL=,Myrcia tomentosa:self_incompatibility,citation_keys:razanajatovo2016:c4f58ad0f31d36b8610b,underlying_reference_key_set,accepted_name_exact,accepted_name_exact,Myrcia tomentosa,A,peer_reviewed_supplementary_trait_dataset,nature.com,en,species_trait_record_not_cultivar_limited,accepted_individual_structured_source_audit,cb17009ae65c4f6cb2d28b21239714782600d0904effa77c5635249d28e62fc0,Supplementary_Data_1.xlsx_bytes,2026-08-11T00:00:00Z,already_acquired_bulk_reaudit_no_new_web_query,,
a7b7d56bb0a12acc9abf659d,Neottia cordata,reproductive_assurance,self_incompatibility,"0.499448, 1",mixed_or_variable,medium,species_direct,curated_bulk_reaudit,Razanajatovo et al. 2016 Supplementary Data 1,https://doi.org/10.1038/ncomms13313,Razanajatovo et al. 2016 Supplementary Data 1,"Razanajatovo et al. (2016), Plants capable of selfing are more likely to become naturalized, Nature Communications 7:13313, Supplementary Data 1.",Supplementary Data 1 source row(s): Data_source=Melendez-Ackerman_Ackerman_2001; Species=Neottia_cordata; Family=Orchidaceae; Self-compatibility_index_FS=1; Self-compatibility_index_SFL=0.499448124; Autofertility_index_FS=; Autofertility_index_SFL=,Neottia cordata:self_incompatibility,citation_keys:razanajatovo2016:e53fce091ba0d3c66605,underlying_reference_key_set,accepted_name_exact,accepted_name_exact,Neottia cordata,A,peer_reviewed_supplementary_trait_dataset,nature.com,en,species_trait_record_not_cultivar_limited,accepted_individual_structured_source_audit,cb17009ae65c4f6cb2d28b21239714782600d0904effa77c5635249d28e62fc0,Supplementary_Data_1.xlsx_bytes,2026-08-11T00:00:00Z,already_acquired_bulk_reaudit_no_new_web_query,,
d2715190e0157eabe5d9472d,Nicotiana attenuata,reproductive_assurance,self_incompatibility,sc,SC,medium,species_direct,curated_bulk_reaudit,"Meyer, Galloway & Eckert 2026 Dryad v4",https://doi.org/10.5061/dryad.cc2fqz6hr,Meyer et al. 2026 Dryad mating-system dataset,"Meyer, Galloway & Eckert (2026), The evolutionary dynamics of plant mating systems: how bias for studying 'interesting' plant reproductive systems could backfire, Dryad dataset, version 4.",Output_Data_MS.csv row 3077: genus_species=Nicotiana attenuata; Family=Solanaceae; mating_system=sc.,Output_Data_MS.csv:3077,dataset:dryad.cc2fqz6hr:v4,versioned_curated_dataset,accepted_name_exact,accepted_name_exact,Nicotiana attenuata,A,peer_reviewed_curated_trait_dataset,datadryad.org,en,species_trait_record_not_cultivar_limited,accepted_individual_structured_source_audit,dbc454103faa2d1677586b5b690b8ccc3e6b1a99fb39cdc0b00181703b4c6b56,Output_Data_MS.csv_lf_normalized_bytes,2026-08-11T00:00:00Z,already_acquired_bulk_reaudit_no_new_web_query,,
cfb07a30e066f9e1a244acca,Nicotiana benthamiana,reproductive_assurance,self_incompatibility,sc,SC,medium,species_direct,curated_bulk_reaudit,"Meyer, Galloway & Eckert 2026 Dryad v4",https://doi.org/10.5061/dryad.cc2fqz6hr,Meyer et al. 2026 Dryad mating-system dataset,"Meyer, Galloway & Eckert (2026), The evolutionary dynamics of plant mating systems: how bias for studying 'interesting' plant reproductive systems could backfire, Dryad dataset, version 4.",Output_Data_MS.csv row 3079: genus_species=Nicotiana benthamiana; Family=Solanaceae; mating_system=sc.,Output_Data_MS.csv:3079,dataset:dryad.cc2fqz6hr:v4,versioned_curated_dataset,accepted_name_exact,accepted_name_exact,Nicotiana benthamiana,A,peer_reviewed_curated_trait_dataset,datadryad.org,en,species_trait_record_not_cultivar_limited,accepted_individual_structured_source_audit,dbc454103faa2d1677586b5b690b8ccc3e6b1a99fb39cdc0b00181703b4c6b56,Output_Data_MS.csv_lf_normalized_bytes,2026-08-11T00:00:00Z,already_acquired_bulk_reaudit_no_new_web_query,,
a90fd4a2284667ad1e1e7bb9,Nicotiana glauca,reproductive_assurance,self_incompatibility,"0.179919, 0.267857, 0.919125",mixed_or_variable,medium,species_direct,curated_bulk_reaudit,Razanajatovo et al. 2016 Supplementary Data 1,https://doi.org/10.1038/ncomms13313,Razanajatovo et al. 2016 Supplementary Data 1,"Razanajatovo et al. (2016), Plants capable of selfing are more likely to become naturalized, Nature Communications 7:13313, Supplementary Data 1.",Supplementary Data 1 source row(s): Data_source=Jaimes_Ramirez_1997; Species=Nicotiana_glauca; Family=Solanaceae; Self-compatibility_index_FS=0.267857143; Self-compatibility_index_SFL=0.179918736; Autofertility_index_FS=0.184285714; Autofertility_index_SFL=0.016541761 || Data_source=Schueller_2004; Species=Nicotiana_glauca; Family=Solanaceae; Self-compatibility_index_FS=0.919125304; Self-compatibility_index_SFL=; Autofertility_index_FS=0.283804341; Autofertility_index_SFL=,Nicotiana glauca:self_incompatibility,citation_keys:razanajatovo2016:9ad8e6a30c1db18a6b62,underlying_reference_key_set,accepted_name_exact,accepted_name_exact,Nicotiana glauca,A,peer_reviewed_supplementary_trait_dataset,nature.com,en,species_trait_record_not_cultivar_limited,accepted_individual_structured_source_audit,cb17009ae65c4f6cb2d28b21239714782600d0904effa77c5635249d28e62fc0,Supplementary_Data_1.xlsx_bytes,2026-08-11T00:00:00Z,already_acquired_bulk_reaudit_no_new_web_query,,
dd7308da6202b9b96739060b,Nicotiana plumbaginifolia,reproductive_assurance,self_incompatibility,sc,SC,medium,species_direct,curated_bulk_reaudit,"Meyer, Galloway & Eckert 2026 Dryad v4",https://doi.org/10.5061/dryad.cc2fqz6hr,Meyer et al. 2026 Dryad mating-system dataset,"Meyer, Galloway & Eckert (2026), The evolutionary dynamics of plant mating systems: how bias for studying 'interesting' plant reproductive systems could backfire, Dryad dataset, version 4.",Output_Data_MS.csv row 3110: genus_species=Nicotiana plumbaginifolia; Family=Solanaceae; mating_system=sc.,Output_Data_MS.csv:3110,dataset:dryad.cc2fqz6hr:v4,versioned_curated_dataset,accepted_name_exact,accepted_name_exact,Nicotiana plumbaginifolia,A,peer_reviewed_curated_trait_dataset,datadryad.org,en,species_trait_record_not_cultivar_limited,accepted_individual_structured_source_audit,dbc454103faa2d1677586b5b690b8ccc3e6b1a99fb39cdc0b00181703b4c6b56,Output_Data_MS.csv_lf_normalized_bytes,2026-08-11T00:00:00Z,already_acquired_bulk_reaudit_no_new_web_query,,
e1b20f87935205c832f2bb95,Nicotiana suaveolens,reproductive_assurance,self_incompatibility,sc,SC,medium,species_direct,curated_bulk_reaudit,"Meyer, Galloway & Eckert 2026 Dryad v4",https://doi.org/10.5061/dryad.cc2fqz6hr,Meyer et al. 2026 Dryad mating-system dataset,"Meyer, Galloway & Eckert (2026), The evolutionary dynamics of plant mating systems: how bias for studying 'interesting' plant reproductive systems could backfire, Dryad dataset, version 4.",Output_Data_MS.csv row 3120: genus_species=Nicotiana suaveolens; Family=Solanaceae; mating_system=sc.,Output_Data_MS.csv:3120,dataset:dryad.cc2fqz6hr:v4,versioned_curated_dataset,accepted_name_exact,accepted_name_exact,Nicotiana suaveolens,A,peer_reviewed_curated_trait_dataset,datadryad.org,en,species_trait_record_not_cultivar_limited,accepted_individual_structured_source_audit,dbc454103faa2d1677586b5b690b8ccc3e6b1a99fb39cdc0b00181703b4c6b56,Output_Data_MS.csv_lf_normalized_bytes,2026-08-11T00:00:00Z,already_acquired_bulk_reaudit_no_new_web_query,,
f979e267315e6b9e58124f47,Nicotiana sylvestris,reproductive_assurance,self_incompatibility,sc,SC,medium,species_direct,curated_bulk_reaudit,"Meyer, Galloway & Eckert 2026 Dryad v4",https://doi.org/10.5061/dryad.cc2fqz6hr,Meyer et al. 2026 Dryad mating-system dataset,"Meyer, Galloway & Eckert (2026), The evolutionary dynamics of plant mating systems: how bias for studying 'interesting' plant reproductive systems could backfire, Dryad dataset, version 4.",Output_Data_MS.csv row 3121: genus_species=Nicotiana sylvestris; Family=Solanaceae; mating_system=sc.,Output_Data_MS.csv:3121,dataset:dryad.cc2fqz6hr:v4,versioned_curated_dataset,accepted_name_exact,accepted_name_exact,Nicotiana sylvestris,A,peer_reviewed_curated_trait_dataset,datadryad.org,en,species_trait_record_not_cultivar_limited,accepted_individual_structured_source_audit,dbc454103faa2d1677586b5b690b8ccc3e6b1a99fb39cdc0b00181703b4c6b56,Output_Data_MS.csv_lf_normalized_bytes,2026-08-11T00:00:00Z,already_acquired_bulk_reaudit_no_new_web_query,,
87443b0d9d8aae7e82d4062b,Nothofagus dombeyi,reproductive_assurance,self_incompatibility,sc,SC,medium,species_direct,curated_bulk_reaudit,"Meyer, Galloway & Eckert 2026 Dryad v4",https://doi.org/10.5061/dryad.cc2fqz6hr,Meyer et al. 2026 Dryad mating-system dataset,"Meyer, Galloway & Eckert (2026), The evolutionary dynamics of plant mating systems: how bias for studying 'interesting' plant reproductive systems could backfire, Dryad dataset, version 4.",Output_Data_MS.csv row 3148: genus_species=Nothofagus dombeyi; Family=Nothofagaceae; mating_system=sc.,Output_Data_MS.csv:3148,dataset:dryad.cc2fqz6hr:v4,versioned_curated_dataset,accepted_name_exact,accepted_name_exact,Nothofagus dombeyi,A,peer_reviewed_curated_trait_dataset,datadryad.org,en,species_trait_record_not_cultivar_limited,accepted_individual_structured_source_audit,dbc454103faa2d1677586b5b690b8ccc3e6b1a99fb39cdc0b00181703b4c6b56,Output_Data_MS.csv_lf_normalized_bytes,2026-08-11T00:00:00Z,already_acquired_bulk_reaudit_no_new_web_query,,
ce3da5aff82d0836aecdb390,Nothofagus dombeyi,reproductive_assurance,self_incompatibility,"0.0892857, 1",mixed_or_variable,medium,species_direct,curated_bulk_reaudit,Razanajatovo et al. 2016 Supplementary Data 1,https://doi.org/10.1038/ncomms13313,Razanajatovo et al. 2016 Supplementary Data 1,"Razanajatovo et al. (2016), Plants capable of selfing are more likely to become naturalized, Nature Communications 7:13313, Supplementary Data 1.",Supplementary Data 1 source row(s): Data_source=Riveros_etal_1995b; Species=Nothofagus_dombeyi; Family=Nothofagaceae; Self-compatibility_index_FS=1; Self-compatibility_index_SFL=0.089285714; Autofertility_index_FS=1; Autofertility_index_SFL=0.071428571,Nothofagus dombeyi:self_incompatibility,citation_keys:razanajatovo2016:fb3fd7924e2354bee16c,underlying_reference_key_set,accepted_name_exact,accepted_name_exact,Nothofagus dombeyi,A,peer_reviewed_supplementary_trait_dataset,nature.com,en,species_trait_record_not_cultivar_limited,accepted_individual_structured_source_audit,cb17009ae65c4f6cb2d28b21239714782600d0904effa77c5635249d28e62fc0,Supplementary_Data_1.xlsx_bytes,2026-08-11T00:00:00Z,already_acquired_bulk_reaudit_no_new_web_query,,
00a63f48a5590a7cd88b1284,Nothofagus nitida,reproductive_assurance,self_incompatibility,si,SI,medium,species_direct,curated_bulk_reaudit,"Meyer, Galloway & Eckert 2026 Dryad v4",https://doi.org/10.5061/dryad.cc2fqz6hr,Meyer et al. 2026 Dryad mating-system dataset,"Meyer, Galloway & Eckert (2026), The evolutionary dynamics of plant mating systems: how bias for studying 'interesting' plant reproductive systems could backfire, Dryad dataset, version 4.",Output_Data_MS.csv row 3150: genus_species=Nothofagus nitida; Family=Nothofagaceae; mating_system=si.,Output_Data_MS.csv:3150,dataset:dryad.cc2fqz6hr:v4,versioned_curated_dataset,accepted_name_exact,accepted_name_exact,Nothofagus nitida,A,peer_reviewed_curated_trait_dataset,datadryad.org,en,species_trait_record_not_cultivar_limited,accepted_individual_structured_source_audit,dbc454103faa2d1677586b5b690b8ccc3e6b1a99fb39cdc0b00181703b4c6b56,Output_Data_MS.csv_lf_normalized_bytes,2026-08-11T00:00:00Z,already_acquired_bulk_reaudit_no_new_web_query,,
4c937850475825950b0108ee,Nothofagus nitida,reproductive_assurance,self_incompatibility,"0.0307692, 1",mixed_or_variable,medium,species_direct,curated_bulk_reaudit,Razanajatovo et al. 2016 Supplementary Data 1,https://doi.org/10.1038/ncomms13313,Razanajatovo et al. 2016 Supplementary Data 1,"Razanajatovo et al. (2016), Plants capable of selfing are more likely to become naturalized, Nature Communications 7:13313, Supplementary Data 1.",Supplementary Data 1 source row(s): Data_source=Riveros_etal_1995b; Species=Nothofagus_nitida; Family=Nothofagaceae; Self-compatibility_index_FS=1; Self-compatibility_index_SFL=0.030769231; Autofertility_index_FS=1; Autofertility_index_SFL=0.015384615,Nothofagus nitida:self_incompatibility,citation_keys:razanajatovo2016:fb3fd7924e2354bee16c,underlying_reference_key_set,accepted_name_exact,accepted_name_exact,Nothofagus nitida,A,peer_reviewed_supplementary_trait_dataset,nature.com,en,species_trait_record_not_cultivar_limited,accepted_individual_structured_source_audit,cb17009ae65c4f6cb2d28b21239714782600d0904effa77c5635249d28e62fc0,Supplementary_Data_1.xlsx_bytes,2026-08-11T00:00:00Z,already_acquired_bulk_reaudit_no_new_web_query,,
80697ae077da8e17c6ac9eed,Nothofagus obliqua,reproductive_assurance,self_incompatibility,si,SI,medium,species_direct,curated_bulk_reaudit,"Meyer, Galloway & Eckert 2026 Dryad v4",https://doi.org/10.5061/dryad.cc2fqz6hr,Meyer et al. 2026 Dryad mating-system dataset,"Meyer, Galloway & Eckert (2026), The evolutionary dynamics of plant mating systems: how bias for studying 'interesting' plant reproductive systems could backfire, Dryad dataset, version 4.",Output_Data_MS.csv row 3151: genus_species=Nothofagus obliqua; Family=Nothofagaceae; mating_system=si.,Output_Data_MS.csv:3151,dataset:dryad.cc2fqz6hr:v4,versioned_curated_dataset,accepted_name_exact,accepted_name_exact,Nothofagus obliqua,A,peer_reviewed_curated_trait_dataset,datadryad.org,en,species_trait_record_not_cultivar_limited,accepted_individual_structured_source_audit,dbc454103faa2d1677586b5b690b8ccc3e6b1a99fb39cdc0b00181703b4c6b56,Output_Data_MS.csv_lf_normalized_bytes,2026-08-11T00:00:00Z,already_acquired_bulk_reaudit_no_new_web_query,,
e809c56427942e408002de9f,Nothofagus obliqua,reproductive_assurance,self_incompatibility,"0.0571429, 1",mixed_or_variable,medium,species_direct,curated_bulk_reaudit,Razanajatovo et al. 2016 Supplementary Data 1,https://doi.org/10.1038/ncomms13313,Razanajatovo et al. 2016 Supplementary Data 1,"Razanajatovo et al. (2016), Plants capable of selfing are more likely to become naturalized, Nature Communications 7:13313, Supplementary Data 1.",Supplementary Data 1 source row(s): Data_source=Riveros_etal_1995b; Species=Nothofagus_obliqua; Family=Nothofagaceae; Self-compatibility_index_FS=1; Self-compatibility_index_SFL=0.057142857; Autofertility_index_FS=1; Autofertility_index_SFL=0.228571429,Nothofagus obliqua:self_incompatibility,citation_keys:razanajatovo2016:fb3fd7924e2354bee16c,underlying_reference_key_set,accepted_name_exact,accepted_name_exact,Nothofagus obliqua,A,peer_reviewed_supplementary_trait_dataset,nature.com,en,species_trait_record_not_cultivar_limited,accepted_individual_structured_source_audit,cb17009ae65c4f6cb2d28b21239714782600d0904effa77c5635249d28e62fc0,Supplementary_Data_1.xlsx_bytes,2026-08-11T00:00:00Z,already_acquired_bulk_reaudit_no_new_web_query,,
87125331a13fc2d70959c0c0,Oenothera biennis,reproductive_assurance,self_incompatibility,sc,SC,medium,species_direct,curated_bulk_reaudit,"Meyer, Galloway & Eckert 2026 Dryad v4",https://doi.org/10.5061/dryad.cc2fqz6hr,Meyer et al. 2026 Dryad mating-system dataset,"Meyer, Galloway & Eckert (2026), The evolutionary dynamics of plant mating systems: how bias for studying 'interesting' plant reproductive systems could backfire, Dryad dataset, version 4.",Output_Data_MS.csv row 3179: genus_species=Oenothera biennis; Family=Onagraceae; mating_system=sc.,Output_Data_MS.csv:3179,dataset:dryad.cc2fqz6hr:v4,versioned_curated_dataset,accepted_name_exact,accepted_name_exact,Oenothera biennis,A,peer_reviewed_curated_trait_dataset,datadryad.org,en,species_trait_record_not_cultivar_limited,accepted_individual_structured_source_audit,dbc454103faa2d1677586b5b690b8ccc3e6b1a99fb39cdc0b00181703b4c6b56,Output_Data_MS.csv_lf_normalized_bytes,2026-08-11T00:00:00Z,already_acquired_bulk_reaudit_no_new_web_query,,
978a1d034466258e9543ce29,Oenothera biennis,reproductive_assurance,self_incompatibility,"0.510119, 0.807229",mixed_or_variable,medium,species_direct,curated_bulk_reaudit,Razanajatovo et al. 2016 Supplementary Data 1,https://doi.org/10.1038/ncomms13313,Razanajatovo et al. 2016 Supplementary Data 1,"Razanajatovo et al. (2016), Plants capable of selfing are more likely to become naturalized, Nature Communications 7:13313, Supplementary Data 1.",Supplementary Data 1 source row(s): Data_source=Rambuda_Johnson_2004; Species=Oenothera_biennis; Family=Onagraceae; Self-compatibility_index_FS=0.807228916; Self-compatibility_index_SFL=0.510118726; Autofertility_index_FS=0.301204819; Autofertility_index_SFL=0.084682497,Oenothera biennis:self_incompatibility,citation_keys:razanajatovo2016:07d3c5f6dcdc10b814e3,underlying_reference_key_set,accepted_name_exact,accepted_name_exact,Oenothera biennis,A,peer_reviewed_supplementary_trait_dataset,nature.com,en,species_trait_record_not_cultivar_limited,accepted_individual_structured_source_audit,cb17009ae65c4f6cb2d28b21239714782600d0904effa77c5635249d28e62fc0,Supplementary_Data_1.xlsx_bytes,2026-08-11T00:00:00Z,already_acquired_bulk_reaudit_no_new_web_query,,
06ff58a68d5c528bcd72b5b8,Oenothera rosea,reproductive_assurance,self_incompatibility,sc,SC,medium,species_direct,curated_bulk_reaudit,"Meyer, Galloway & Eckert 2026 Dryad v4",https://doi.org/10.5061/dryad.cc2fqz6hr,Meyer et al. 2026 Dryad mating-system dataset,"Meyer, Galloway & Eckert (2026), The evolutionary dynamics of plant mating systems: how bias for studying 'interesting' plant reproductive systems could backfire, Dryad dataset, version 4.",Output_Data_MS.csv row 3245: genus_species=Oenothera rosea; Family=Onagraceae; mating_system=sc.,Output_Data_MS.csv:3245,dataset:dryad.cc2fqz6hr:v4,versioned_curated_dataset,accepted_name_exact,accepted_name_exact,Oenothera rosea,A,peer_reviewed_curated_trait_dataset,datadryad.org,en,species_trait_record_not_cultivar_limited,accepted_individual_structured_source_audit,dbc454103faa2d1677586b5b690b8ccc3e6b1a99fb39cdc0b00181703b4c6b56,Output_Data_MS.csv_lf_normalized_bytes,2026-08-11T00:00:00Z,already_acquired_bulk_reaudit_no_new_web_query,,
00a582cefffa578cb0a960d0,Oenothera rosea,reproductive_assurance,self_incompatibility,0.746269,mixed_or_variable,medium,species_direct,curated_bulk_reaudit,Razanajatovo et al. 2016 Supplementary Data 1,https://doi.org/10.1038/ncomms13313,Razanajatovo et al. 2016 Supplementary Data 1,"Razanajatovo et al. (2016), Plants capable of selfing are more likely to become naturalized, Nature Communications 7:13313, Supplementary Data 1.",Supplementary Data 1 source row(s): Data_source=Morales_Galetto_2003; Species=Oenothera_rosea; Family=Onagraceae; Self-compatibility_index_FS=0.746268657; Self-compatibility_index_SFL=; Autofertility_index_FS=0.835820896; Autofertility_index_SFL=,Oenothera rosea:self_incompatibility,citation_keys:razanajatovo2016:9aeeb8f4f5ef0e099a97,underlying_reference_key_set,accepted_name_exact,accepted_name_exact,Oenothera rosea,A,peer_reviewed_supplementary_trait_dataset,nature.com,en,species_trait_record_not_cultivar_limited,accepted_individual_structured_source_audit,cb17009ae65c4f6cb2d28b21239714782600d0904effa77c5635249d28e62fc0,Supplementary_Data_1.xlsx_bytes,2026-08-11T00:00:00Z,already_acquired_bulk_reaudit_no_new_web_query,,
4df17067147563ea82f4b6f2,Oldenlandia salzmannii,reproductive_assurance,self_incompatibility,"0.572072, 0.686813",mixed_or_variable,medium,species_direct,curated_bulk_reaudit,Razanajatovo et al. 2016 Supplementary Data 1,https://doi.org/10.1038/ncomms13313,Razanajatovo et al. 2016 Supplementary Data 1,"Razanajatovo et al. (2016), Plants capable of selfing are more likely to become naturalized, Nature Communications 7:13313, Supplementary Data 1.",Supplementary Data 1 source row(s): Data_source=Riveros_etal_1995a; Species=Oldenlandia_salzmannii; Family=Rubiaceae; Self-compatibility_index_FS=0.572072072; Self-compatibility_index_SFL=0.686813187; Autofertility_index_FS=0.654654655; Autofertility_index_SFL=0.657509158,Oldenlandia salzmannii:self_incompatibility,citation_keys:razanajatovo2016:6b66c79e4172d1759600,underlying_reference_key_set,accepted_name_exact,accepted_name_exact,Oldenlandia salzmannii,A,peer_reviewed_supplementary_trait_dataset,nature.com,en,species_trait_record_not_cultivar_limited,accepted_individual_structured_source_audit,cb17009ae65c4f6cb2d28b21239714782600d0904effa77c5635249d28e62fc0,Supplementary_Data_1.xlsx_bytes,2026-08-11T00:00:00Z,already_acquired_bulk_reaudit_no_new_web_query,,
2250ed3f6d660e2bb14e098f,Olearia adenocarpa,reproductive_assurance,self_incompatibility,sc,SC,medium,species_direct,curated_bulk_reaudit,"Meyer, Galloway & Eckert 2026 Dryad v4",https://doi.org/10.5061/dryad.cc2fqz6hr,Meyer et al. 2026 Dryad mating-system dataset,"Meyer, Galloway & Eckert (2026), The evolutionary dynamics of plant mating systems: how bias for studying 'interesting' plant reproductive systems could backfire, Dryad dataset, version 4.",Output_Data_MS.csv row 3267: genus_species=Olearia adenocarpa; Family=Asteraceae; mating_system=sc.,Output_Data_MS.csv:3267,dataset:dryad.cc2fqz6hr:v4,versioned_curated_dataset,accepted_name_exact,accepted_name_exact,Olearia adenocarpa,A,peer_reviewed_curated_trait_dataset,datadryad.org,en,species_trait_record_not_cultivar_limited,accepted_individual_structured_source_audit,dbc454103faa2d1677586b5b690b8ccc3e6b1a99fb39cdc0b00181703b4c6b56,Output_Data_MS.csv_lf_normalized_bytes,2026-08-11T00:00:00Z,already_acquired_bulk_reaudit_no_new_web_query,,
6453b08eaba4caef4823c785,Opuntia ficus-indica,reproductive_assurance,autonomous_selfing_capacity,0.09,absent,medium,species_direct,curated_bulk_reaudit,Razanajatovo et al. 2016 Supplementary Data 1,https://doi.org/10.1038/ncomms13313,Razanajatovo et al. 2016 Supplementary Data 1,"Razanajatovo et al. (2016), Plants capable of selfing are more likely to become naturalized, Nature Communications 7:13313, Supplementary Data 1.",Supplementary Data 1 source row(s): Data_source=Morales_Galetto_2003; Species=Opuntia_ficus-indica; Family=Cactaceae; Self-compatibility_index_FS=0.67; Self-compatibility_index_SFL=; Autofertility_index_FS=0.09; Autofertility_index_SFL=,Opuntia ficus-indica:autonomous_selfing_capacity,citation_keys:razanajatovo2016:9aeeb8f4f5ef0e099a97,underlying_reference_key_set,accepted_name_exact,accepted_name_exact,Opuntia ficus-indica,A,peer_reviewed_supplementary_trait_dataset,nature.com,en,species_trait_record_not_cultivar_limited,accepted_individual_structured_source_audit,cb17009ae65c4f6cb2d28b21239714782600d0904effa77c5635249d28e62fc0,Supplementary_Data_1.xlsx_bytes,2026-08-11T00:00:00Z,already_acquired_bulk_reaudit_no_new_web_query,,
7ac34891543c66d0e345234f,Orchis mascula,reproductive_assurance,self_incompatibility,si,SI,medium,species_direct,curated_bulk_reaudit,"Meyer, Galloway & Eckert 2026 Dryad v4",https://doi.org/10.5061/dryad.cc2fqz6hr,Meyer et al. 2026 Dryad mating-system dataset,"Meyer, Galloway & Eckert (2026), The evolutionary dynamics of plant mating systems: how bias for studying 'interesting' plant reproductive systems could backfire, Dryad dataset, version 4.",Output_Data_MS.csv row 3295: genus_species=Orchis mascula; Family=Orchidaceae; mating_system=si.,Output_Data_MS.csv:3295,dataset:dryad.cc2fqz6hr:v4,versioned_curated_dataset,accepted_name_exact,accepted_name_exact,Orchis mascula,A,peer_reviewed_curated_trait_dataset,datadryad.org,en,species_trait_record_not_cultivar_limited,accepted_individual_structured_source_audit,dbc454103faa2d1677586b5b690b8ccc3e6b1a99fb39cdc0b00181703b4c6b56,Output_Data_MS.csv_lf_normalized_bytes,2026-08-11T00:00:00Z,already_acquired_bulk_reaudit_no_new_web_query,,
046df431ffed99525d72f423,Paeonia delavayi,reproductive_assurance,self_incompatibility,0.229991,mixed_or_variable,medium,species_direct,curated_bulk_reaudit,Razanajatovo et al. 2016 Supplementary Data 1,https://doi.org/10.1038/ncomms13313,Razanajatovo et al. 2016 Supplementary Data 1,"Razanajatovo et al. (2016), Plants capable of selfing are more likely to become naturalized, Nature Communications 7:13313, Supplementary Data 1.",Supplementary Data 1 source row(s): Data_source=Li_etal_2014; Species=Paeonia_delavayi; Family=Paeoniaceae; Self-compatibility_index_FS=0.2299908; Self-compatibility_index_SFL=; Autofertility_index_FS=0.063937443; Autofertility_index_SFL=,Paeonia delavayi:self_incompatibility,citation_keys:razanajatovo2016:c91e1572b0376ae18571,underlying_reference_key_set,accepted_name_exact,accepted_name_exact,Paeonia delavayi,A,peer_reviewed_supplementary_trait_dataset,nature.com,en,species_trait_record_not_cultivar_limited,accepted_individual_structured_source_audit,cb17009ae65c4f6cb2d28b21239714782600d0904effa77c5635249d28e62fc0,Supplementary_Data_1.xlsx_bytes,2026-08-11T00:00:00Z,already_acquired_bulk_reaudit_no_new_web_query,,
e24dfcc4d19fa08bc919a941,Persoonia juniperina,reproductive_assurance,self_incompatibility,"0.4, 0.4",mixed_or_variable,medium,species_direct,curated_bulk_reaudit,Razanajatovo et al. 2016 Supplementary Data 1,https://doi.org/10.1038/ncomms13313,Razanajatovo et al. 2016 Supplementary Data 1,"Razanajatovo et al. (2016), Plants capable of selfing are more likely to become naturalized, Nature Communications 7:13313, Supplementary Data 1.",Supplementary Data 1 source row(s): Data_source=Cadzow_Carthew_2000; Species=Persoonia_juniperina; Family=Proteaceae; Self-compatibility_index_FS=0.4; Self-compatibility_index_SFL=; Autofertility_index_FS=; Autofertility_index_SFL= || Data_source=Goldingay_Carthew_1998; Species=Persoonia_juniperina; Family=Proteaceae; Self-compatibility_index_FS=0.4; Self-compatibility_index_SFL=; Autofertility_index_FS=; Autofertility_index_SFL=,Persoonia juniperina:self_incompatibility,citation_keys:razanajatovo2016:682f0c56a0330fb9c90d,underlying_reference_key_set,accepted_name_exact,accepted_name_exact,Persoonia juniperina,A,peer_reviewed_supplementary_trait_dataset,nature.com,en,species_trait_record_not_cultivar_limited,accepted_individual_structured_source_audit,cb17009ae65c4f6cb2d28b21239714782600d0904effa77c5635249d28e62fc0,Supplementary_Data_1.xlsx_bytes,2026-08-11T00:00:00Z,already_acquired_bulk_reaudit_no_new_web_query,,
5995b4211f85b4dffc14a4ae,Phyllanthus niruri,reproductive_assurance,self_incompatibility,si,SI,medium,species_direct,curated_bulk_reaudit,"Meyer, Galloway & Eckert 2026 Dryad v4",https://doi.org/10.5061/dryad.cc2fqz6hr,Meyer et al. 2026 Dryad mating-system dataset,"Meyer, Galloway & Eckert (2026), The evolutionary dynamics of plant mating systems: how bias for studying 'interesting' plant reproductive systems could backfire, Dryad dataset, version 4.",Output_Data_MS.csv row 3456: genus_species=Phyllanthus niruri; Family=Phyllanthaceae; mating_system=si.,Output_Data_MS.csv:3456,dataset:dryad.cc2fqz6hr:v4,versioned_curated_dataset,accepted_name_exact,accepted_name_exact,Phyllanthus niruri,A,peer_reviewed_curated_trait_dataset,datadryad.org,en,species_trait_record_not_cultivar_limited,accepted_individual_structured_source_audit,dbc454103faa2d1677586b5b690b8ccc3e6b1a99fb39cdc0b00181703b4c6b56,Output_Data_MS.csv_lf_normalized_bytes,2026-08-11T00:00:00Z,already_acquired_bulk_reaudit_no_new_web_query,,
44d82131a8ea0b0dcc4bf006,Phyllanthus niruri,reproductive_assurance,self_incompatibility,"0.0650602, 0.288892",mixed_or_variable,medium,species_direct,curated_bulk_reaudit,Razanajatovo et al. 2016 Supplementary Data 1,https://doi.org/10.1038/ncomms13313,Razanajatovo et al. 2016 Supplementary Data 1,"Razanajatovo et al. (2016), Plants capable of selfing are more likely to become naturalized, Nature Communications 7:13313, Supplementary Data 1.",Supplementary Data 1 source row(s): Data_source=Jaimes_Ramirez_1997; Species=Phyllanthus_niruri; Family=Phyllanthaceae; Self-compatibility_index_FS=0.288892099; Self-compatibility_index_SFL=0.065060241; Autofertility_index_FS=0; Autofertility_index_SFL=0,Phyllanthus niruri:self_incompatibility,citation_keys:razanajatovo2016:ceb033c55950f68b8831,underlying_reference_key_set,accepted_name_exact,accepted_name_exact,Phyllanthus niruri,A,peer_reviewed_supplementary_trait_dataset,nature.com,en,species_trait_record_not_cultivar_limited,accepted_individual_structured_source_audit,cb17009ae65c4f6cb2d28b21239714782600d0904effa77c5635249d28e62fc0,Supplementary_Data_1.xlsx_bytes,2026-08-11T00:00:00Z,already_acquired_bulk_reaudit_no_new_web_query,,
f12d264426aeb98faf0e6d41,Physalis ixocarpa,reproductive_assurance,self_incompatibility,sc,SC,medium,species_direct,curated_bulk_reaudit,"Meyer, Galloway & Eckert 2026 Dryad v4",https://doi.org/10.5061/dryad.cc2fqz6hr,Meyer et al. 2026 Dryad mating-system dataset,"Meyer, Galloway & Eckert (2026), The evolutionary dynamics of plant mating systems: how bias for studying 'interesting' plant reproductive systems could backfire, Dryad dataset, version 4.",Output_Data_MS.csv row 3469: genus_species=Physalis ixocarpa; Family=Solanaceae; mating_system=sc.,Output_Data_MS.csv:3469,dataset:dryad.cc2fqz6hr:v4,versioned_curated_dataset,accepted_name_exact,accepted_name_exact,Physalis ixocarpa,A,peer_reviewed_curated_trait_dataset,datadryad.org,en,species_trait_record_not_cultivar_limited,accepted_individual_structured_source_audit,dbc454103faa2d1677586b5b690b8ccc3e6b1a99fb39cdc0b00181703b4c6b56,Output_Data_MS.csv_lf_normalized_bytes,2026-08-11T00:00:00Z,already_acquired_bulk_reaudit_no_new_web_query,,
2d0f47445a22a4af82eee9d5,Picea abies,flower_colour,flower_primary_color,yellow_orange,yellow_orange,medium,species_direct,curated_bulk_reaudit,EOL TraitBank all-traits archive,https://eol.org/pages/1061648/data,Encyclopedia of Life TraitBank species trait record,"The PLANTS Database, United States Department of Agriculture, National Resources Conservation Service. http://plants.usda.gov/",EOL TraitBank record R133-PK288700767: flower color = yellow; EOL page 1061648.,R133-PK288700767,citation:eol-upstream:e989e6becc737357dccb,normalized_upstream_source_citation,accepted_name_exact,accepted_name_exact,Picea abies,A,public_curated_trait_database,eol.org,en,species_trait_record_not_cultivar_limited,accepted_individual_structured_source_audit,a029cef6f771b08c1ad5cb2cd5f5a56a53de6896cee768ebcd7c61f756735072,EOL_traits_all.zip_bytes,2026-08-11T00:00:00Z,already_acquired_bulk_reaudit_no_new_web_query,,
a23f558941483864be4548fd,Picea breweriana,flower_colour,flower_primary_color,red_pink,red_pink,medium,species_direct,curated_bulk_reaudit,EOL TraitBank all-traits archive,https://eol.org/pages/991399/data,Encyclopedia of Life TraitBank species trait record,"The PLANTS Database, United States Department of Agriculture, National Resources Conservation Service. http://plants.usda.gov/",EOL TraitBank record R133-PK288701676: flower color = red; EOL page 991399.,R133-PK288701676,citation:eol-upstream:e989e6becc737357dccb,normalized_upstream_source_citation,accepted_name_exact,accepted_name_exact,Picea breweriana,A,public_curated_trait_database,eol.org,en,species_trait_record_not_cultivar_limited,accepted_individual_structured_source_audit,a029cef6f771b08c1ad5cb2cd5f5a56a53de6896cee768ebcd7c61f756735072,EOL_traits_all.zip_bytes,2026-08-11T00:00:00Z,already_acquired_bulk_reaudit_no_new_web_query,,
88c914999aa7f0837a596e7f,Picea engelmannii,flower_colour,flower_primary_color,yellow_orange,yellow_orange,medium,species_direct,curated_bulk_reaudit,EOL TraitBank all-traits archive,https://eol.org/pages/1061646/data,Encyclopedia of Life TraitBank species trait record,"The PLANTS Database, United States Department of Agriculture, National Resources Conservation Service. http://plants.usda.gov/",EOL TraitBank record R133-PK288700768: flower color = yellow; EOL page 1061646.,R133-PK288700768,citation:eol-upstream:e989e6becc737357dccb,normalized_upstream_source_citation,accepted_name_exact,accepted_name_exact,Picea engelmannii,A,public_curated_trait_database,eol.org,en,species_trait_record_not_cultivar_limited,accepted_individual_structured_source_audit,a029cef6f771b08c1ad5cb2cd5f5a56a53de6896cee768ebcd7c61f756735072,EOL_traits_all.zip_bytes,2026-08-11T00:00:00Z,already_acquired_bulk_reaudit_no_new_web_query,,
5c09faf48f7c4a495b8c4bcb,Picea glauca,flower_colour,flower_primary_color,yellow_orange,yellow_orange,medium,species_direct,curated_bulk_reaudit,EOL TraitBank all-traits archive,https://eol.org/pages/1061641/data,Encyclopedia of Life TraitBank species trait record,"The PLANTS Database, United States Department of Agriculture, National Resources Conservation Service. http://plants.usda.gov/",EOL TraitBank record R133-PK288700769: flower color = yellow; EOL page 1061641.,R133-PK288700769,citation:eol-upstream:e989e6becc737357dccb,normalized_upstream_source_citation,accepted_name_exact,accepted_name_exact,Picea glauca,A,public_curated_trait_database,eol.org,en,species_trait_record_not_cultivar_limited,accepted_individual_structured_source_audit,a029cef6f771b08c1ad5cb2cd5f5a56a53de6896cee768ebcd7c61f756735072,EOL_traits_all.zip_bytes,2026-08-11T00:00:00Z,already_acquired_bulk_reaudit_no_new_web_query,,
361762c2606a7fc9c5509eb4,Picea mariana,flower_colour,flower_primary_color,yellow_orange,yellow_orange,medium,species_direct,curated_bulk_reaudit,EOL TraitBank all-traits archive,https://eol.org/pages/1033617/data,Encyclopedia of Life TraitBank species trait record,"The PLANTS Database, United States Department of Agriculture, National Resources Conservation Service. http://plants.usda.gov/",EOL TraitBank record R133-PK288700770: flower color = yellow; EOL page 1033617.,R133-PK288700770,citation:eol-upstream:e989e6becc737357dccb,normalized_upstream_source_citation,accepted_name_exact,accepted_name_exact,Picea mariana,A,public_curated_trait_database,eol.org,en,species_trait_record_not_cultivar_limited,accepted_individual_structured_source_audit,a029cef6f771b08c1ad5cb2cd5f5a56a53de6896cee768ebcd7c61f756735072,EOL_traits_all.zip_bytes,2026-08-11T00:00:00Z,already_acquired_bulk_reaudit_no_new_web_query,,
78a67248c4410539240678ad,Picea pungens,flower_colour,flower_primary_color,yellow_orange,yellow_orange,medium,species_direct,curated_bulk_reaudit,EOL TraitBank all-traits archive,https://eol.org/pages/1033621/data,Encyclopedia of Life TraitBank species trait record,"The PLANTS Database, United States Department of Agriculture, National Resources Conservation Service. http://plants.usda.gov/",EOL TraitBank record R133-PK288700772: flower color = yellow; EOL page 1033621.,R133-PK288700772,citation:eol-upstream:e989e6becc737357dccb,normalized_upstream_source_citation,accepted_name_exact,accepted_name_exact,Picea pungens,A,public_curated_trait_database,eol.org,en,species_trait_record_not_cultivar_limited,accepted_individual_structured_source_audit,a029cef6f771b08c1ad5cb2cd5f5a56a53de6896cee768ebcd7c61f756735072,EOL_traits_all.zip_bytes,2026-08-11T00:00:00Z,already_acquired_bulk_reaudit_no_new_web_query,,
ef1b110d7238034fca6f9b85,Picea rubens,flower_colour,flower_primary_color,yellow_orange,yellow_orange,medium,species_direct,curated_bulk_reaudit,EOL TraitBank all-traits archive,https://eol.org/pages/1033620/data,Encyclopedia of Life TraitBank species trait record,"The PLANTS Database, United States Department of Agriculture, National Resources Conservation Service. http://plants.usda.gov/",EOL TraitBank record R133-PK288700773: flower color = yellow; EOL page 1033620.,R133-PK288700773,citation:eol-upstream:e989e6becc737357dccb,normalized_upstream_source_citation,accepted_name_exact,accepted_name_exact,Picea rubens,A,public_curated_trait_database,eol.org,en,species_trait_record_not_cultivar_limited,accepted_individual_structured_source_audit,a029cef6f771b08c1ad5cb2cd5f5a56a53de6896cee768ebcd7c61f756735072,EOL_traits_all.zip_bytes,2026-08-11T00:00:00Z,already_acquired_bulk_reaudit_no_new_web_query,,
1155d8baf132a53df421b02f,Picea sitchensis,flower_colour,flower_primary_color,yellow_orange,yellow_orange,medium,species_direct,curated_bulk_reaudit,EOL TraitBank all-traits archive,https://eol.org/pages/1033696/data,Encyclopedia of Life TraitBank species trait record,"The PLANTS Database, United States Department of Agriculture, National Resources Conservation Service. http://plants.usda.gov/",EOL TraitBank record R133-PK288700774: flower color = yellow; EOL page 1033696.,R133-PK288700774,citation:eol-upstream:e989e6becc737357dccb,normalized_upstream_source_citation,accepted_name_exact,accepted_name_exact,Picea sitchensis,A,public_curated_trait_database,eol.org,en,species_trait_record_not_cultivar_limited,accepted_individual_structured_source_audit,a029cef6f771b08c1ad5cb2cd5f5a56a53de6896cee768ebcd7c61f756735072,EOL_traits_all.zip_bytes,2026-08-11T00:00:00Z,already_acquired_bulk_reaudit_no_new_web_query,,
5d4b6a4b315838ec116fdac9,Pinus aristata,flower_colour,flower_primary_color,blue_purple,blue_purple,medium,species_direct,curated_bulk_reaudit,EOL TraitBank all-traits archive,https://eol.org/pages/991161/data,Encyclopedia of Life TraitBank species trait record,"The PLANTS Database, United States Department of Agriculture, National Resources Conservation Service. http://plants.usda.gov/",EOL TraitBank record R133-PK288701880: flower color = purple; EOL page 991161.,R133-PK288701880,citation:eol-upstream:e989e6becc737357dccb,normalized_upstream_source_citation,accepted_name_exact,accepted_name_exact,Pinus aristata,A,public_curated_trait_database,eol.org,en,species_trait_record_not_cultivar_limited,accepted_individual_structured_source_audit,a029cef6f771b08c1ad5cb2cd5f5a56a53de6896cee768ebcd7c61f756735072,EOL_traits_all.zip_bytes,2026-08-11T00:00:00Z,already_acquired_bulk_reaudit_no_new_web_query,,
ae6587dbea93849f6313698c,Pinus banksiana,flower_colour,flower_primary_color,yellow_orange,yellow_orange,medium,species_direct,curated_bulk_reaudit,EOL TraitBank all-traits archive,https://eol.org/pages/1033595/data,Encyclopedia of Life TraitBank species trait record,"The PLANTS Database, United States Department of Agriculture, National Resources Conservation Service. http://plants.usda.gov/",EOL TraitBank record R133-PK288700778: flower color = yellow; EOL page 1033595.,R133-PK288700778,citation:eol-upstream:e989e6becc737357dccb,normalized_upstream_source_citation,accepted_name_exact,accepted_name_exact,Pinus banksiana,A,public_curated_trait_database,eol.org,en,species_trait_record_not_cultivar_limited,accepted_individual_structured_source_audit,a029cef6f771b08c1ad5cb2cd5f5a56a53de6896cee768ebcd7c61f756735072,EOL_traits_all.zip_bytes,2026-08-11T00:00:00Z,already_acquired_bulk_reaudit_no_new_web_query,,
f35fc23af6a77cdca18e4ee2,Pinus cembroides,flower_colour,flower_primary_color,yellow_orange,yellow_orange,medium,species_direct,curated_bulk_reaudit,EOL TraitBank all-traits archive,https://eol.org/pages/1061733/data,Encyclopedia of Life TraitBank species trait record,"The PLANTS Database, United States Department of Agriculture, National Resources Conservation Service. http://plants.usda.gov/",EOL TraitBank record R133-PK288700779: flower color = yellow; EOL page 1061733.,R133-PK288700779,citation:eol-upstream:e989e6becc737357dccb,normalized_upstream_source_citation,accepted_name_exact,accepted_name_exact,Pinus cembroides,A,public_curated_trait_database,eol.org,en,species_trait_record_not_cultivar_limited,accepted_individual_structured_source_audit,a029cef6f771b08c1ad5cb2cd5f5a56a53de6896cee768ebcd7c61f756735072,EOL_traits_all.zip_bytes,2026-08-11T00:00:00Z,already_acquired_bulk_reaudit_no_new_web_query,,
29bbc0fb56c5bdbcf5b28237,Pinus clausa,flower_colour,flower_primary_color,yellow_orange,yellow_orange,medium,species_direct,curated_bulk_reaudit,EOL TraitBank all-traits archive,https://eol.org/pages/990961/data,Encyclopedia of Life TraitBank species trait record,"The PLANTS Database, United States Department of Agriculture, National Resources Conservation Service. http://plants.usda.gov/",EOL TraitBank record R133-PK288700780: flower color = yellow; EOL page 990961.,R133-PK288700780,citation:eol-upstream:e989e6becc737357dccb,normalized_upstream_source_citation,accepted_name_exact,accepted_name_exact,Pinus clausa,A,public_curated_trait_database,eol.org,en,species_trait_record_not_cultivar_limited,accepted_individual_structured_source_audit,a029cef6f771b08c1ad5cb2cd5f5a56a53de6896cee768ebcd7c61f756735072,EOL_traits_all.zip_bytes,2026-08-11T00:00:00Z,already_acquired_bulk_reaudit_no_new_web_query,,
89ac3a0dff685809f192ce67,Pinus contorta,flower_colour,flower_primary_color,yellow_orange,yellow_orange,medium,species_direct,curated_bulk_reaudit,EOL TraitBank all-traits archive,https://eol.org/pages/1061758/data,Encyclopedia of Life TraitBank species trait record,"The PLANTS Database, United States Department of Agriculture, National Resources Conservation Service. http://plants.usda.gov/",EOL TraitBank record R133-PK288700781: flower color = yellow; EOL page 1061758.,R133-PK288700781,citation:eol-upstream:e989e6becc737357dccb,normalized_upstream_source_citation,accepted_name_exact,accepted_name_exact,Pinus contorta,A,public_curated_trait_database,eol.org,en,species_trait_record_not_cultivar_limited,accepted_individual_structured_source_audit,a029cef6f771b08c1ad5cb2cd5f5a56a53de6896cee768ebcd7c61f756735072,EOL_traits_all.zip_bytes,2026-08-11T00:00:00Z,already_acquired_bulk_reaudit_no_new_web_query,,
19e6b7b4cb81c77aa15270c4,Pinus coulteri,flower_colour,flower_primary_color,yellow_orange,yellow_orange,medium,species_direct,curated_bulk_reaudit,EOL TraitBank all-traits archive,https://eol.org/pages/1010952/data,Encyclopedia of Life TraitBank species trait record,"The PLANTS Database, United States Department of Agriculture, National Resources Conservation Service. http://plants.usda.gov/",EOL TraitBank record R133-PK288700783: flower color = yellow; EOL page 1010952.,R133-PK288700783,citation:eol-upstream:e989e6becc737357dccb,normalized_upstream_source_citation,accepted_name_exact,accepted_name_exact,Pinus coulteri,A,public_curated_trait_database,eol.org,en,species_trait_record_not_cultivar_limited,accepted_individual_structured_source_audit,a029cef6f771b08c1ad5cb2cd5f5a56a53de6896cee768ebcd7c61f756735072,EOL_traits_all.zip_bytes,2026-08-11T00:00:00Z,already_acquired_bulk_reaudit_no_new_web_query,,
7e36feaa1696055b71396b06,Pinus echinata,flower_colour,flower_primary_color,yellow_orange,yellow_orange,medium,species_direct,curated_bulk_reaudit,EOL TraitBank all-traits archive,https://eol.org/pages/1033598/data,Encyclopedia of Life TraitBank species trait record,"The PLANTS Database, United States Department of Agriculture, National Resources Conservation Service. http://plants.usda.gov/",EOL TraitBank record R133-PK288700784: flower color = yellow; EOL page 1033598.,R133-PK288700784,citation:eol-upstream:e989e6becc737357dccb,normalized_upstream_source_citation,accepted_name_exact,accepted_name_exact,Pinus echinata,A,public_curated_trait_database,eol.org,en,species_trait_record_not_cultivar_limited,accepted_individual_structured_source_audit,a029cef6f771b08c1ad5cb2cd5f5a56a53de6896cee768ebcd7c61f756735072,EOL_traits_all.zip_bytes,2026-08-11T00:00:00Z,already_acquired_bulk_reaudit_no_new_web_query,,
70729cef20b59bb78e8428ce,Pinus edulis,flower_colour,flower_primary_color,yellow_orange,yellow_orange,medium,species_direct,curated_bulk_reaudit,EOL TraitBank all-traits archive,https://eol.org/pages/999838/data,Encyclopedia of Life TraitBank species trait record,"The PLANTS Database, United States Department of Agriculture, National Resources Conservation Service. http://plants.usda.gov/",EOL TraitBank record R133-PK288700785: flower color = yellow; EOL page 999838.,R133-PK288700785,citation:eol-upstream:e989e6becc737357dccb,normalized_upstream_source_citation,accepted_name_exact,accepted_name_exact,Pinus edulis,A,public_curated_trait_database,eol.org,en,species_trait_record_not_cultivar_limited,accepted_individual_structured_source_audit,a029cef6f771b08c1ad5cb2cd5f5a56a53de6896cee768ebcd7c61f756735072,EOL_traits_all.zip_bytes,2026-08-11T00:00:00Z,already_acquired_bulk_reaudit_no_new_web_query,,
bd91ffa75b9269a68c78f9a2,Pinus elliottii,flower_colour,flower_primary_color,red_pink,red_pink,medium,species_direct,curated_bulk_reaudit,EOL TraitBank all-traits archive,https://eol.org/pages/1061757/data,Encyclopedia of Life TraitBank species trait record,"The PLANTS Database, United States Department of Agriculture, National Resources Conservation Service. http://plants.usda.gov/",EOL TraitBank record R133-PK288701677: flower color = red; EOL page 1061757.,R133-PK288701677,citation:eol-upstream:e989e6becc737357dccb,normalized_upstream_source_citation,accepted_name_exact,accepted_name_exact,Pinus elliottii,A,public_curated_trait_database,eol.org,en,species_trait_record_not_cultivar_limited,accepted_individual_structured_source_audit,a029cef6f771b08c1ad5cb2cd5f5a56a53de6896cee768ebcd7c61f756735072,EOL_traits_all.zip_bytes,2026-08-11T00:00:00Z,already_acquired_bulk_reaudit_no_new_web_query,,
c67fabbe125dd387673899d1,Pinus flexilis,flower_colour,flower_primary_color,green_brown_inconspicuous,green_brown_inconspicuous,medium,species_direct,curated_bulk_reaudit,EOL TraitBank all-traits archive,https://eol.org/pages/1061756/data,Encyclopedia of Life TraitBank species trait record,"The PLANTS Database, United States Department of Agriculture, National Resources Conservation Service. http://plants.usda.gov/",EOL TraitBank record R133-PK288702259: flower color = green; EOL page 1061756.,R133-PK288702259,citation:eol-upstream:e989e6becc737357dccb,normalized_upstream_source_citation,accepted_name_exact,accepted_name_exact,Pinus flexilis,A,public_curated_trait_database,eol.org,en,species_trait_record_not_cultivar_limited,accepted_individual_structured_source_audit,a029cef6f771b08c1ad5cb2cd5f5a56a53de6896cee768ebcd7c61f756735072,EOL_traits_all.zip_bytes,2026-08-11T00:00:00Z,already_acquired_bulk_reaudit_no_new_web_query,,
524de0d2e5534603b65b5c64,Pinus glabra,flower_colour,flower_primary_color,green_brown_inconspicuous,green_brown_inconspicuous,medium,species_direct,curated_bulk_reaudit,EOL TraitBank all-traits archive,https://eol.org/pages/1033599/data,Encyclopedia of Life TraitBank species trait record,"The PLANTS Database, United States Department of Agriculture, National Resources Conservation Service. http://plants.usda.gov/",EOL TraitBank record R133-PK288702261: flower color = green; EOL page 1033599.,R133-PK288702261,citation:eol-upstream:e989e6becc737357dccb,normalized_upstream_source_citation,accepted_name_exact,accepted_name_exact,Pinus glabra,A,public_curated_trait_database,eol.org,en,species_trait_record_not_cultivar_limited,accepted_individual_structured_source_audit,a029cef6f771b08c1ad5cb2cd5f5a56a53de6896cee768ebcd7c61f756735072,EOL_traits_all.zip_bytes,2026-08-11T00:00:00Z,already_acquired_bulk_reaudit_no_new_web_query,,
a1c6e18d95b67102f57a0b51,Pinus jeffreyi,flower_colour,flower_primary_color,green_brown_inconspicuous,green_brown_inconspicuous,medium,species_direct,curated_bulk_reaudit,EOL TraitBank all-traits archive,https://eol.org/pages/999712/data,Encyclopedia of Life TraitBank species trait record,"The PLANTS Database, United States Department of Agriculture, National Resources Conservation Service. http://plants.usda.gov/",EOL TraitBank record R133-PK288702380: flower color = brown; EOL page 999712.,R133-PK288702380,citation:eol-upstream:e989e6becc737357dccb,normalized_upstream_source_citation,accepted_name_exact,accepted_name_exact,Pinus jeffreyi,A,public_curated_trait_database,eol.org,en,species_trait_record_not_cultivar_limited,accepted_individual_structured_source_audit,a029cef6f771b08c1ad5cb2cd5f5a56a53de6896cee768ebcd7c61f756735072,EOL_traits_all.zip_bytes,2026-08-11T00:00:00Z,already_acquired_bulk_reaudit_no_new_web_query,,
696218c2e1f3ca98faa09bd7,Pinus lambertiana,flower_colour,flower_primary_color,green_brown_inconspicuous,green_brown_inconspicuous,medium,species_direct,curated_bulk_reaudit,EOL TraitBank all-traits archive,https://eol.org/pages/1014224/data,Encyclopedia of Life TraitBank species trait record,"The PLANTS Database, United States Department of Agriculture, National Resources Conservation Service. http://plants.usda.gov/",EOL TraitBank record R133-PK288702381: flower color = brown; EOL page 1014224.,R133-PK288702381,citation:eol-upstream:e989e6becc737357dccb,normalized_upstream_source_citation,accepted_name_exact,accepted_name_exact,Pinus lambertiana,A,public_curated_trait_database,eol.org,en,species_trait_record_not_cultivar_limited,accepted_individual_structured_source_audit,a029cef6f771b08c1ad5cb2cd5f5a56a53de6896cee768ebcd7c61f756735072,EOL_traits_all.zip_bytes,2026-08-11T00:00:00Z,already_acquired_bulk_reaudit_no_new_web_query,,
28f42c3becb305cf2e5a41bd,Pinus monophylla,flower_colour,flower_primary_color,yellow_orange,yellow_orange,medium,species_direct,curated_bulk_reaudit,EOL TraitBank all-traits archive,https://eol.org/pages/999031/data,Encyclopedia of Life TraitBank species trait record,"The PLANTS Database, United States Department of Agriculture, National Resources Conservation Service. http://plants.usda.gov/",EOL TraitBank record R133-PK288700786: flower color = yellow; EOL page 999031.,R133-PK288700786,citation:eol-upstream:e989e6becc737357dccb,normalized_upstream_source_citation,accepted_name_exact,accepted_name_exact,Pinus monophylla,A,public_curated_trait_database,eol.org,en,species_trait_record_not_cultivar_limited,accepted_individual_structured_source_audit,a029cef6f771b08c1ad5cb2cd5f5a56a53de6896cee768ebcd7c61f756735072,EOL_traits_all.zip_bytes,2026-08-11T00:00:00Z,already_acquired_bulk_reaudit_no_new_web_query,,
56587a8a08c605e823dc704f,Pinus monticola,flower_colour,flower_primary_color,yellow_orange,yellow_orange,medium,species_direct,curated_bulk_reaudit,EOL TraitBank all-traits archive,https://eol.org/pages/999710/data,Encyclopedia of Life TraitBank species trait record,"The PLANTS Database, United States Department of Agriculture, National Resources Conservation Service. http://plants.usda.gov/",EOL TraitBank record R133-PK288700787: flower color = yellow; EOL page 999710.,R133-PK288700787,citation:eol-upstream:e989e6becc737357dccb,normalized_upstream_source_citation,accepted_name_exact,accepted_name_exact,Pinus monticola,A,public_curated_trait_database,eol.org,en,species_trait_record_not_cultivar_limited,accepted_individual_structured_source_audit,a029cef6f771b08c1ad5cb2cd5f5a56a53de6896cee768ebcd7c61f756735072,EOL_traits_all.zip_bytes,2026-08-11T00:00:00Z,already_acquired_bulk_reaudit_no_new_web_query,,
99edaf8c5326001f841168aa,Pinus mugo,flower_colour,flower_primary_color,yellow_orange,yellow_orange,medium,species_direct,curated_bulk_reaudit,EOL TraitBank all-traits archive,https://eol.org/pages/1061737/data,Encyclopedia of Life TraitBank species trait record,"The PLANTS Database, United States Department of Agriculture, National Resources Conservation Service. http://plants.usda.gov/",EOL TraitBank record R133-PK288700788: flower color = yellow; EOL page 1061737.,R133-PK288700788,citation:eol-upstream:e989e6becc737357dccb,normalized_upstream_source_citation,accepted_name_exact,accepted_name_exact,Pinus mugo,A,public_curated_trait_database,eol.org,en,species_trait_record_not_cultivar_limited,accepted_individual_structured_source_audit,a029cef6f771b08c1ad5cb2cd5f5a56a53de6896cee768ebcd7c61f756735072,EOL_traits_all.zip_bytes,2026-08-11T00:00:00Z,already_acquired_bulk_reaudit_no_new_web_query,,
199a6ee89ce4ff0cae1d407a,Pinus muricata,flower_colour,flower_primary_color,yellow_orange,yellow_orange,medium,species_direct,curated_bulk_reaudit,EOL TraitBank all-traits archive,https://eol.org/pages/991103/data,Encyclopedia of Life TraitBank species trait record,"The PLANTS Database, United States Department of Agriculture, National Resources Conservation Service. http://plants.usda.gov/",EOL TraitBank record R133-PK288701977: flower color = orange; EOL page 991103.,R133-PK288701977,citation:eol-upstream:e989e6becc737357dccb,normalized_upstream_source_citation,accepted_name_exact,accepted_name_exact,Pinus muricata,A,public_curated_trait_database,eol.org,en,species_trait_record_not_cultivar_limited,accepted_individual_structured_source_audit,a029cef6f771b08c1ad5cb2cd5f5a56a53de6896cee768ebcd7c61f756735072,EOL_traits_all.zip_bytes,2026-08-11T00:00:00Z,already_acquired_bulk_reaudit_no_new_web_query,,
39dd19c9fa8fed82e982228a,Pinus nigra,flower_colour,flower_primary_color,yellow_orange,yellow_orange,medium,species_direct,curated_bulk_reaudit,EOL TraitBank all-traits archive,https://eol.org/pages/1061736/data,Encyclopedia of Life TraitBank species trait record,"The PLANTS Database, United States Department of Agriculture, National Resources Conservation Service. http://plants.usda.gov/",EOL TraitBank record R133-PK288700789: flower color = yellow; EOL page 1061736.,R133-PK288700789,citation:eol-upstream:e989e6becc737357dccb,normalized_upstream_source_citation,accepted_name_exact,accepted_name_exact,Pinus nigra,A,public_curated_trait_database,eol.org,en,species_trait_record_not_cultivar_limited,accepted_individual_structured_source_audit,a029cef6f771b08c1ad5cb2cd5f5a56a53de6896cee768ebcd7c61f756735072,EOL_traits_all.zip_bytes,2026-08-11T00:00:00Z,already_acquired_bulk_reaudit_no_new_web_query,,
ea557177fb5b94d70828812e,Pinus palustris,flower_colour,flower_primary_color,green_brown_inconspicuous,green_brown_inconspicuous,medium,species_direct,curated_bulk_reaudit,EOL TraitBank all-traits archive,https://eol.org/pages/323452/data,Encyclopedia of Life TraitBank species trait record,"The PLANTS Database, United States Department of Agriculture, National Resources Conservation Service. http://plants.usda.gov/",EOL TraitBank record R133-PK288702383: flower color = brown; EOL page 323452.,R133-PK288702383,citation:eol-upstream:e989e6becc737357dccb,normalized_upstream_source_citation,accepted_name_exact,accepted_name_exact,Pinus palustris,A,public_curated_trait_database,eol.org,en,species_trait_record_not_cultivar_limited,accepted_individual_structured_source_audit,a029cef6f771b08c1ad5cb2cd5f5a56a53de6896cee768ebcd7c61f756735072,EOL_traits_all.zip_bytes,2026-08-11T00:00:00Z,already_acquired_bulk_reaudit_no_new_web_query,,
3b2a5f2fe473d3d822fed76a,Pinus ponderosa,flower_colour,flower_primary_color,yellow_orange,yellow_orange,medium,species_direct,curated_bulk_reaudit,EOL TraitBank all-traits archive,https://eol.org/pages/1061751/data,Encyclopedia of Life TraitBank species trait record,"The PLANTS Database, United States Department of Agriculture, National Resources Conservation Service. http://plants.usda.gov/",EOL TraitBank record R133-PK288700790: flower color = yellow; EOL page 1061751.,R133-PK288700790,citation:eol-upstream:e989e6becc737357dccb,normalized_upstream_source_citation,accepted_name_exact,accepted_name_exact,Pinus ponderosa,A,public_curated_trait_database,eol.org,en,species_trait_record_not_cultivar_limited,accepted_individual_structured_source_audit,a029cef6f771b08c1ad5cb2cd5f5a56a53de6896cee768ebcd7c61f756735072,EOL_traits_all.zip_bytes,2026-08-11T00:00:00Z,already_acquired_bulk_reaudit_no_new_web_query,,
0e0380edba794cab8ee550c4,Pinus pungens,flower_colour,flower_primary_color,yellow_orange,yellow_orange,medium,species_direct,curated_bulk_reaudit,EOL TraitBank all-traits archive,https://eol.org/pages/1033068/data,Encyclopedia of Life TraitBank species trait record,"The PLANTS Database, United States Department of Agriculture, National Resources Conservation Service. http://plants.usda.gov/",EOL TraitBank record R133-PK288700791: flower color = yellow; EOL page 1033068.,R133-PK288700791,citation:eol-upstream:e989e6becc737357dccb,normalized_upstream_source_citation,accepted_name_exact,accepted_name_exact,Pinus pungens,A,public_curated_trait_database,eol.org,en,species_trait_record_not_cultivar_limited,accepted_individual_structured_source_audit,a029cef6f771b08c1ad5cb2cd5f5a56a53de6896cee768ebcd7c61f756735072,EOL_traits_all.zip_bytes,2026-08-11T00:00:00Z,already_acquired_bulk_reaudit_no_new_web_query,,
8014eafa5407ffda4709586d,Pinus radiata,flower_colour,flower_primary_color,yellow_orange,yellow_orange,medium,species_direct,curated_bulk_reaudit,EOL TraitBank all-traits archive,https://eol.org/pages/1061749/data,Encyclopedia of Life TraitBank species trait record,"The PLANTS Database, United States Department of Agriculture, National Resources Conservation Service. http://plants.usda.gov/",EOL TraitBank record R133-PK288700792: flower color = yellow; EOL page 1061749.,R133-PK288700792,citation:eol-upstream:e989e6becc737357dccb,normalized_upstream_source_citation,accepted_name_exact,accepted_name_exact,Pinus radiata,A,public_curated_trait_database,eol.org,en,species_trait_record_not_cultivar_limited,accepted_individual_structured_source_audit,a029cef6f771b08c1ad5cb2cd5f5a56a53de6896cee768ebcd7c61f756735072,EOL_traits_all.zip_bytes,2026-08-11T00:00:00Z,already_acquired_bulk_reaudit_no_new_web_query,,
2f6a494483a8c6a2b16e8817,Pinus resinosa,flower_colour,flower_primary_color,green_brown_inconspicuous,green_brown_inconspicuous,medium,species_direct,curated_bulk_reaudit,EOL TraitBank all-traits archive,https://eol.org/pages/999711/data,Encyclopedia of Life TraitBank species trait record,"The PLANTS Database, United States Department of Agriculture, National Resources Conservation Service. http://plants.usda.gov/",EOL TraitBank record R133-PK288702384: flower color = brown; EOL page 999711.,R133-PK288702384,citation:eol-upstream:e989e6becc737357dccb,normalized_upstream_source_citation,accepted_name_exact,accepted_name_exact,Pinus resinosa,A,public_curated_trait_database,eol.org,en,species_trait_record_not_cultivar_limited,accepted_individual_structured_source_audit,a029cef6f771b08c1ad5cb2cd5f5a56a53de6896cee768ebcd7c61f756735072,EOL_traits_all.zip_bytes,2026-08-11T00:00:00Z,already_acquired_bulk_reaudit_no_new_web_query,,
cde9ba7a710cf89f2abb2dba,Pinus rigida,flower_colour,flower_primary_color,green_brown_inconspicuous,green_brown_inconspicuous,medium,species_direct,curated_bulk_reaudit,EOL TraitBank all-traits archive,https://eol.org/pages/1014253/data,Encyclopedia of Life TraitBank species trait record,"The PLANTS Database, United States Department of Agriculture, National Resources Conservation Service. http://plants.usda.gov/",EOL TraitBank record R133-PK288702262: flower color = green; EOL page 1014253.,R133-PK288702262,citation:eol-upstream:e989e6becc737357dccb,normalized_upstream_source_citation,accepted_name_exact,accepted_name_exact,Pinus rigida,A,public_curated_trait_database,eol.org,en,species_trait_record_not_cultivar_limited,accepted_individual_structured_source_audit,a029cef6f771b08c1ad5cb2cd5f5a56a53de6896cee768ebcd7c61f756735072,EOL_traits_all.zip_bytes,2026-08-11T00:00:00Z,already_acquired_bulk_reaudit_no_new_web_query,,
6f2c7f42ee4b043eb872c115,Pinus sabiniana,flower_colour,flower_primary_color,yellow_orange,yellow_orange,medium,species_direct,curated_bulk_reaudit,EOL TraitBank all-traits archive,https://eol.org/pages/1033632/data,Encyclopedia of Life TraitBank species trait record,"The PLANTS Database, United States Department of Agriculture, National Resources Conservation Service. http://plants.usda.gov/",EOL TraitBank record R133-PK288700794: flower color = yellow; EOL page 1033632.,R133-PK288700794,citation:eol-upstream:e989e6becc737357dccb,normalized_upstream_source_citation,accepted_name_exact,accepted_name_exact,Pinus sabiniana,A,public_curated_trait_database,eol.org,en,species_trait_record_not_cultivar_limited,accepted_individual_structured_source_audit,a029cef6f771b08c1ad5cb2cd5f5a56a53de6896cee768ebcd7c61f756735072,EOL_traits_all.zip_bytes,2026-08-11T00:00:00Z,already_acquired_bulk_reaudit_no_new_web_query,,
f8cfdab925a69b9be2982549,Pinus serotina,flower_colour,flower_primary_color,yellow_orange,yellow_orange,medium,species_direct,curated_bulk_reaudit,EOL TraitBank all-traits archive,https://eol.org/pages/1033635/data,Encyclopedia of Life TraitBank species trait record,"The PLANTS Database, United States Department of Agriculture, National Resources Conservation Service. http://plants.usda.gov/",EOL TraitBank record R133-PK288700795: flower color = yellow; EOL page 1033635.,R133-PK288700795,citation:eol-upstream:e989e6becc737357dccb,normalized_upstream_source_citation,accepted_name_exact,accepted_name_exact,Pinus serotina,A,public_curated_trait_database,eol.org,en,species_trait_record_not_cultivar_limited,accepted_individual_structured_source_audit,a029cef6f771b08c1ad5cb2cd5f5a56a53de6896cee768ebcd7c61f756735072,EOL_traits_all.zip_bytes,2026-08-11T00:00:00Z,already_acquired_bulk_reaudit_no_new_web_query,,
fc7e7482178b6a43c550f19b,Pinus strobus,flower_colour,flower_primary_color,red_pink,red_pink,medium,species_direct,curated_bulk_reaudit,EOL TraitBank all-traits archive,https://eol.org/pages/1061748/data,Encyclopedia of Life TraitBank species trait record,"The PLANTS Database, United States Department of Agriculture, National Resources Conservation Service. http://plants.usda.gov/",EOL TraitBank record R133-PK288701678: flower color = red; EOL page 1061748.,R133-PK288701678,citation:eol-upstream:e989e6becc737357dccb,normalized_upstream_source_citation,accepted_name_exact,accepted_name_exact,Pinus strobus,A,public_curated_trait_database,eol.org,en,species_trait_record_not_cultivar_limited,accepted_individual_structured_source_audit,a029cef6f771b08c1ad5cb2cd5f5a56a53de6896cee768ebcd7c61f756735072,EOL_traits_all.zip_bytes,2026-08-11T00:00:00Z,already_acquired_bulk_reaudit_no_new_web_query,,
c73c3a51205b7421db611060,Platanthera ciliaris,reproductive_assurance,self_incompatibility,"0.706208, 0.952771",mixed_or_variable,medium,species_direct,curated_bulk_reaudit,Razanajatovo et al. 2016 Supplementary Data 1,https://doi.org/10.1038/ncomms13313,Razanajatovo et al. 2016 Supplementary Data 1,"Razanajatovo et al. (2016), Plants capable of selfing are more likely to become naturalized, Nature Communications 7:13313, Supplementary Data 1.",Supplementary Data 1 source row(s): Data_source=Robertson_Wyatt_1990; Species=Platanthera_ciliaris; Family=Orchidaceae; Self-compatibility_index_FS=0.952770781; Self-compatibility_index_SFL=0.706207727; Autofertility_index_FS=0; Autofertility_index_SFL=0,Platanthera ciliaris:self_incompatibility,citation_keys:razanajatovo2016:adf9dc907505b6bed102,underlying_reference_key_set,accepted_name_exact,accepted_name_exact,Platanthera ciliaris,A,peer_reviewed_supplementary_trait_dataset,nature.com,en,species_trait_record_not_cultivar_limited,accepted_individual_structured_source_audit,cb17009ae65c4f6cb2d28b21239714782600d0904effa77c5635249d28e62fc0,Supplementary_Data_1.xlsx_bytes,2026-08-11T00:00:00Z,already_acquired_bulk_reaudit_no_new_web_query,,
d176382c99ac04c9b5836c1e,Platycladus orientalis,flower_colour,flower_primary_color,yellow_orange,yellow_orange,medium,species_direct,curated_bulk_reaudit,EOL TraitBank all-traits archive,https://eol.org/pages/323359/data,Encyclopedia of Life TraitBank species trait record,"The PLANTS Database, United States Department of Agriculture, National Resources Conservation Service. http://plants.usda.gov/",EOL TraitBank record R133-PK288700802: flower color = yellow; EOL page 323359.,R133-PK288700802,citation:eol-upstream:e989e6becc737357dccb,normalized_upstream_source_citation,accepted_name_exact,accepted_name_exact,Platycladus orientalis,A,public_curated_trait_database,eol.org,en,species_trait_record_not_cultivar_limited,accepted_individual_structured_source_audit,a029cef6f771b08c1ad5cb2cd5f5a56a53de6896cee768ebcd7c61f756735072,EOL_traits_all.zip_bytes,2026-08-11T00:00:00Z,already_acquired_bulk_reaudit_no_new_web_query,,
1c037b82d125d4a4e35cb4a8,Podocarpus macrophyllus,flower_colour,flower_primary_color,yellow_orange,yellow_orange,medium,species_direct,curated_bulk_reaudit,EOL TraitBank all-traits archive,https://eol.org/pages/1059922/data,Encyclopedia of Life TraitBank species trait record,"The PLANTS Database, United States Department of Agriculture, National Resources Conservation Service. http://plants.usda.gov/",EOL TraitBank record R133-PK288700821: flower color = yellow; EOL page 1059922.,R133-PK288700821,citation:eol-upstream:e989e6becc737357dccb,normalized_upstream_source_citation,accepted_name_exact,accepted_name_exact,Podocarpus macrophyllus,A,public_curated_trait_database,eol.org,en,species_trait_record_not_cultivar_limited,accepted_individual_structured_source_audit,a029cef6f771b08c1ad5cb2cd5f5a56a53de6896cee768ebcd7c61f756735072,EOL_traits_all.zip_bytes,2026-08-11T00:00:00Z,already_acquired_bulk_reaudit_no_new_web_query,,
756727134282280470684090,Polygonatum multiflorum,reproductive_assurance,self_incompatibility,si,SI,medium,species_direct,curated_bulk_reaudit,"Meyer, Galloway & Eckert 2026 Dryad v4",https://doi.org/10.5061/dryad.cc2fqz6hr,Meyer et al. 2026 Dryad mating-system dataset,"Meyer, Galloway & Eckert (2026), The evolutionary dynamics of plant mating systems: how bias for studying 'interesting' plant reproductive systems could backfire, Dryad dataset, version 4.",Output_Data_MS.csv row 3552: genus_species=Polygonatum multiflorum; Family=Asparagaceae; mating_system=si.,Output_Data_MS.csv:3552,dataset:dryad.cc2fqz6hr:v4,versioned_curated_dataset,accepted_name_exact,accepted_name_exact,Polygonatum multiflorum,A,peer_reviewed_curated_trait_dataset,datadryad.org,en,species_trait_record_not_cultivar_limited,accepted_individual_structured_source_audit,dbc454103faa2d1677586b5b690b8ccc3e6b1a99fb39cdc0b00181703b4c6b56,Output_Data_MS.csv_lf_normalized_bytes,2026-08-11T00:00:00Z,already_acquired_bulk_reaudit_no_new_web_query,,
6275102acde7d3a9da96e071,Polypsecadium magellanicum,reproductive_assurance,self_incompatibility,sc,SC,medium,species_direct,curated_bulk_reaudit,"Meyer, Galloway & Eckert 2026 Dryad v4",https://doi.org/10.5061/dryad.cc2fqz6hr,Meyer et al. 2026 Dryad mating-system dataset,"Meyer, Galloway & Eckert (2026), The evolutionary dynamics of plant mating systems: how bias for studying 'interesting' plant reproductive systems could backfire, Dryad dataset, version 4.",Output_Data_MS.csv row 3560: genus_species=Polypsecadium magellanicum; Family=Brassicaceae; mating_system=sc.,Output_Data_MS.csv:3560,dataset:dryad.cc2fqz6hr:v4,versioned_curated_dataset,accepted_name_exact,accepted_name_exact,Polypsecadium magellanicum,A,peer_reviewed_curated_trait_dataset,datadryad.org,en,species_trait_record_not_cultivar_limited,accepted_individual_structured_source_audit,dbc454103faa2d1677586b5b690b8ccc3e6b1a99fb39cdc0b00181703b4c6b56,Output_Data_MS.csv_lf_normalized_bytes,2026-08-11T00:00:00Z,already_acquired_bulk_reaudit_no_new_web_query,,
50b8fa500e5813a017003192,Polystichum munitum,flower_colour,flower_primary_color,green_brown_inconspicuous,green_brown_inconspicuous,medium,species_direct,curated_bulk_reaudit,EOL TraitBank all-traits archive,https://eol.org/pages/485701/data,Encyclopedia of Life TraitBank species trait record,"The PLANTS Database, United States Department of Agriculture, National Resources Conservation Service. http://plants.usda.gov/",EOL TraitBank record R133-PK288702385: flower color = brown; EOL page 485701.,R133-PK288702385,citation:eol-upstream:e989e6becc737357dccb,normalized_upstream_source_citation,accepted_name_exact,accepted_name_exact,Polystichum munitum,A,public_curated_trait_database,eol.org,en,species_trait_record_not_cultivar_limited,accepted_individual_structured_source_audit,a029cef6f771b08c1ad5cb2cd5f5a56a53de6896cee768ebcd7c61f756735072,EOL_traits_all.zip_bytes,2026-08-11T00:00:00Z,already_acquired_bulk_reaudit_no_new_web_query,,
afe1bcc8183e4e4e69c45ba6,Posoqueria latifolia,reproductive_assurance,self_incompatibility,"0, 0.951268",mixed_or_variable,medium,species_direct,curated_bulk_reaudit,Razanajatovo et al. 2016 Supplementary Data 1,https://doi.org/10.1038/ncomms13313,Razanajatovo et al. 2016 Supplementary Data 1,"Razanajatovo et al. (2016), Plants capable of selfing are more likely to become naturalized, Nature Communications 7:13313, Supplementary Data 1.",Supplementary Data 1 source row(s): Data_source=Amorim_etal_2014; Species=Posoqueria_latifolia; Family=Rubiaceae; Self-compatibility_index_FS=0.951267698; Self-compatibility_index_SFL=; Autofertility_index_FS=0; Autofertility_index_SFL= || Data_source=Bawa_etal_1985; Species=Posoqueria_latifolia; Family=Rubiaceae; Self-compatibility_index_FS=0; Self-compatibility_index_SFL=; Autofertility_index_FS=; Autofertility_index_SFL=,Posoqueria latifolia:self_incompatibility,citation_keys:razanajatovo2016:ad0167a95ff71e955200,underlying_reference_key_set,accepted_name_exact,accepted_name_exact,Posoqueria latifolia,A,peer_reviewed_supplementary_trait_dataset,nature.com,en,species_trait_record_not_cultivar_limited,accepted_individual_structured_source_audit,cb17009ae65c4f6cb2d28b21239714782600d0904effa77c5635249d28e62fc0,Supplementary_Data_1.xlsx_bytes,2026-08-11T00:00:00Z,already_acquired_bulk_reaudit_no_new_web_query,,
aeb8dd787585852287029054,Prescottia densiflora,reproductive_assurance,self_incompatibility,0.692,mixed_or_variable,medium,species_direct,curated_bulk_reaudit,Razanajatovo et al. 2016 Supplementary Data 1,https://doi.org/10.1038/ncomms13313,Razanajatovo et al. 2016 Supplementary Data 1,"Razanajatovo et al. (2016), Plants capable of selfing are more likely to become naturalized, Nature Communications 7:13313, Supplementary Data 1.",Supplementary Data 1 source row(s): Data_source=Singer_Sazima_2001; Species=Prescottia_densiflora; Family=Orchidaceae; Self-compatibility_index_FS=0.692; Self-compatibility_index_SFL=; Autofertility_index_FS=; Autofertility_index_SFL=,Prescottia densiflora:self_incompatibility,citation_keys:razanajatovo2016:19f7ce73c3027629bc22,underlying_reference_key_set,accepted_name_exact,accepted_name_exact,Prescottia densiflora,A,peer_reviewed_supplementary_trait_dataset,nature.com,en,species_trait_record_not_cultivar_limited,accepted_individual_structured_source_audit,cb17009ae65c4f6cb2d28b21239714782600d0904effa77c5635249d28e62fc0,Supplementary_Data_1.xlsx_bytes,2026-08-11T00:00:00Z,already_acquired_bulk_reaudit_no_new_web_query,,
ccb34fadfc13456985b5c6d1,Pseudotsuga macrocarpa,flower_colour,flower_primary_color,yellow_orange,yellow_orange,medium,species_direct,curated_bulk_reaudit,EOL TraitBank all-traits archive,https://eol.org/pages/991159/data,Encyclopedia of Life TraitBank species trait record,"The PLANTS Database, United States Department of Agriculture, National Resources Conservation Service. http://plants.usda.gov/",EOL TraitBank record R133-PK288700840: flower color = yellow; EOL page 991159.,R133-PK288700840,citation:eol-upstream:e989e6becc737357dccb,normalized_upstream_source_citation,accepted_name_exact,accepted_name_exact,Pseudotsuga macrocarpa,A,public_curated_trait_database,eol.org,en,species_trait_record_not_cultivar_limited,accepted_individual_structured_source_audit,a029cef6f771b08c1ad5cb2cd5f5a56a53de6896cee768ebcd7c61f756735072,EOL_traits_all.zip_bytes,2026-08-11T00:00:00Z,already_acquired_bulk_reaudit_no_new_web_query,,
6fe9165afdb4242d58af0c3b,Pteridium aquilinum,flower_colour,flower_primary_color,green_brown_inconspicuous,green_brown_inconspicuous,medium,species_direct,curated_bulk_reaudit,EOL TraitBank all-traits archive,https://eol.org/pages/597748/data,Encyclopedia of Life TraitBank species trait record,"The PLANTS Database, United States Department of Agriculture, National Resources Conservation Service. http://plants.usda.gov/",EOL TraitBank record R133-PK288702283: flower color = green; EOL page 597748.,R133-PK288702283,citation:eol-upstream:e989e6becc737357dccb,normalized_upstream_source_citation,accepted_name_exact,accepted_name_exact,Pteridium aquilinum,A,public_curated_trait_database,eol.org,en,species_trait_record_not_cultivar_limited,accepted_individual_structured_source_audit,a029cef6f771b08c1ad5cb2cd5f5a56a53de6896cee768ebcd7c61f756735072,EOL_traits_all.zip_bytes,2026-08-11T00:00:00Z,already_acquired_bulk_reaudit_no_new_web_query,,
aa37f37c7aaca4834ecb7290,Pterocarpus santalinus,reproductive_assurance,self_incompatibility,sc,SC,medium,species_direct,curated_bulk_reaudit,"Meyer, Galloway & Eckert 2026 Dryad v4",https://doi.org/10.5061/dryad.cc2fqz6hr,Meyer et al. 2026 Dryad mating-system dataset,"Meyer, Galloway & Eckert (2026), The evolutionary dynamics of plant mating systems: how bias for studying 'interesting' plant reproductive systems could backfire, Dryad dataset, version 4.",Output_Data_MS.csv row 3642: genus_species=Pterocarpus santalinus; Family=Fabaceae; mating_system=sc.,Output_Data_MS.csv:3642,dataset:dryad.cc2fqz6hr:v4,versioned_curated_dataset,accepted_name_exact,accepted_name_exact,Pterocarpus santalinus,A,peer_reviewed_curated_trait_dataset,datadryad.org,en,species_trait_record_not_cultivar_limited,accepted_individual_structured_source_audit,dbc454103faa2d1677586b5b690b8ccc3e6b1a99fb39cdc0b00181703b4c6b56,Output_Data_MS.csv_lf_normalized_bytes,2026-08-11T00:00:00Z,already_acquired_bulk_reaudit_no_new_web_query,,
127a7bdab5a9a5334c3089be,Pterocarpus santalinus,reproductive_assurance,self_incompatibility,"0.547619, 0.877193",mixed_or_variable,medium,species_direct,curated_bulk_reaudit,Razanajatovo et al. 2016 Supplementary Data 1,https://doi.org/10.1038/ncomms13313,Razanajatovo et al. 2016 Supplementary Data 1,"Razanajatovo et al. (2016), Plants capable of selfing are more likely to become naturalized, Nature Communications 7:13313, Supplementary Data 1.",Supplementary Data 1 source row(s): Data_source=Rao_Raju_2002; Species=Pterocarpus_santalinus; Family=Leguminosae; Self-compatibility_index_FS=0.547619048; Self-compatibility_index_SFL=0.877192982; Autofertility_index_FS=0; Autofertility_index_SFL=0,Pterocarpus santalinus:self_incompatibility,citation_keys:razanajatovo2016:0a8ccca5d04d9ac780a2,underlying_reference_key_set,accepted_name_exact,accepted_name_exact,Pterocarpus santalinus,A,peer_reviewed_supplementary_trait_dataset,nature.com,en,species_trait_record_not_cultivar_limited,accepted_individual_structured_source_audit,cb17009ae65c4f6cb2d28b21239714782600d0904effa77c5635249d28e62fc0,Supplementary_Data_1.xlsx_bytes,2026-08-11T00:00:00Z,already_acquired_bulk_reaudit_no_new_web_query,,
82c94e383bd1e36afed55f38,Quercus ilex,reproductive_assurance,self_incompatibility,si,SI,medium,species_direct,curated_bulk_reaudit,"Meyer, Galloway & Eckert 2026 Dryad v4",https://doi.org/10.5061/dryad.cc2fqz6hr,Meyer et al. 2026 Dryad mating-system dataset,"Meyer, Galloway & Eckert (2026), The evolutionary dynamics of plant mating systems: how bias for studying 'interesting' plant reproductive systems could backfire, Dryad dataset, version 4.",Output_Data_MS.csv row 3666: genus_species=Quercus ilex; Family=Fagaceae; mating_system=si.,Output_Data_MS.csv:3666,dataset:dryad.cc2fqz6hr:v4,versioned_curated_dataset,accepted_name_exact,accepted_name_exact,Quercus ilex,A,peer_reviewed_curated_trait_dataset,datadryad.org,en,species_trait_record_not_cultivar_limited,accepted_individual_structured_source_audit,dbc454103faa2d1677586b5b690b8ccc3e6b1a99fb39cdc0b00181703b4c6b56,Output_Data_MS.csv_lf_normalized_bytes,2026-08-11T00:00:00Z,already_acquired_bulk_reaudit_no_new_web_query,,
48c950762041f9da6a2af9c6,Quercus suber,reproductive_assurance,self_incompatibility,si,SI,medium,species_direct,curated_bulk_reaudit,"Meyer, Galloway & Eckert 2026 Dryad v4",https://doi.org/10.5061/dryad.cc2fqz6hr,Meyer et al. 2026 Dryad mating-system dataset,"Meyer, Galloway & Eckert (2026), The evolutionary dynamics of plant mating systems: how bias for studying 'interesting' plant reproductive systems could backfire, Dryad dataset, version 4.",Output_Data_MS.csv row 3673: genus_species=Quercus suber; Family=Fagaceae; mating_system=si.,Output_Data_MS.csv:3673,dataset:dryad.cc2fqz6hr:v4,versioned_curated_dataset,accepted_name_exact,accepted_name_exact,Quercus suber,A,peer_reviewed_curated_trait_dataset,datadryad.org,en,species_trait_record_not_cultivar_limited,accepted_individual_structured_source_audit,dbc454103faa2d1677586b5b690b8ccc3e6b1a99fb39cdc0b00181703b4c6b56,Output_Data_MS.csv_lf_normalized_bytes,2026-08-11T00:00:00Z,already_acquired_bulk_reaudit_no_new_web_query,,
ce18c0f8e8e6969dae6cda92,Rhododendron simsii,reproductive_assurance,self_incompatibility,si,SI,medium,species_direct,curated_bulk_reaudit,"Meyer, Galloway & Eckert 2026 Dryad v4",https://doi.org/10.5061/dryad.cc2fqz6hr,Meyer et al. 2026 Dryad mating-system dataset,"Meyer, Galloway & Eckert (2026), The evolutionary dynamics of plant mating systems: how bias for studying 'interesting' plant reproductive systems could backfire, Dryad dataset, version 4.",Output_Data_MS.csv row 3719: genus_species=Rhododendron simsii; Family=Ericaceae; mating_system=si.,Output_Data_MS.csv:3719,dataset:dryad.cc2fqz6hr:v4,versioned_curated_dataset,accepted_name_exact,accepted_name_exact,Rhododendron simsii,A,peer_reviewed_curated_trait_dataset,datadryad.org,en,species_trait_record_not_cultivar_limited,accepted_individual_structured_source_audit,dbc454103faa2d1677586b5b690b8ccc3e6b1a99fb39cdc0b00181703b4c6b56,Output_Data_MS.csv_lf_normalized_bytes,2026-08-11T00:00:00Z,already_acquired_bulk_reaudit_no_new_web_query,,
fe8096ad499dd528bb2488be,Rhododendron simsii,reproductive_assurance,self_incompatibility,"0.047209, 0.516484",mixed_or_variable,medium,species_direct,curated_bulk_reaudit,Razanajatovo et al. 2016 Supplementary Data 1,https://doi.org/10.1038/ncomms13313,Razanajatovo et al. 2016 Supplementary Data 1,"Razanajatovo et al. (2016), Plants capable of selfing are more likely to become naturalized, Nature Communications 7:13313, Supplementary Data 1.",Supplementary Data 1 source row(s): Data_source=Ng_Corlett_2000; Species=Rhododendron_simsii; Family=Ericaceae; Self-compatibility_index_FS=0.516483516; Self-compatibility_index_SFL=0.047209026; Autofertility_index_FS=0.06043956; Autofertility_index_SFL=0.001187648,Rhododendron simsii:self_incompatibility,citation_keys:razanajatovo2016:20c5b2d192b01f1495fb,underlying_reference_key_set,accepted_name_exact,accepted_name_exact,Rhododendron simsii,A,peer_reviewed_supplementary_trait_dataset,nature.com,en,species_trait_record_not_cultivar_limited,accepted_individual_structured_source_audit,cb17009ae65c4f6cb2d28b21239714782600d0904effa77c5635249d28e62fc0,Supplementary_Data_1.xlsx_bytes,2026-08-11T00:00:00Z,already_acquired_bulk_reaudit_no_new_web_query,,
c2a5b1a95ef590c78bb0e0c0,Rhynchanthera grandiflora,reproductive_assurance,self_incompatibility,sc,SC,medium,species_direct,curated_bulk_reaudit,"Meyer, Galloway & Eckert 2026 Dryad v4",https://doi.org/10.5061/dryad.cc2fqz6hr,Meyer et al. 2026 Dryad mating-system dataset,"Meyer, Galloway & Eckert (2026), The evolutionary dynamics of plant mating systems: how bias for studying 'interesting' plant reproductive systems could backfire, Dryad dataset, version 4.",Output_Data_MS.csv row 3724: genus_species=Rhynchanthera grandiflora; Family=Melastomataceae; mating_system=sc.,Output_Data_MS.csv:3724,dataset:dryad.cc2fqz6hr:v4,versioned_curated_dataset,accepted_name_exact,accepted_name_exact,Rhynchanthera grandiflora,A,peer_reviewed_curated_trait_dataset,datadryad.org,en,species_trait_record_not_cultivar_limited,accepted_individual_structured_source_audit,dbc454103faa2d1677586b5b690b8ccc3e6b1a99fb39cdc0b00181703b4c6b56,Output_Data_MS.csv_lf_normalized_bytes,2026-08-11T00:00:00Z,already_acquired_bulk_reaudit_no_new_web_query,,
0d47d40555d2240744edce08,Rhynchanthera grandiflora,reproductive_assurance,self_incompatibility,0.302469,mixed_or_variable,medium,species_direct,curated_bulk_reaudit,Razanajatovo et al. 2016 Supplementary Data 1,https://doi.org/10.1038/ncomms13313,Razanajatovo et al. 2016 Supplementary Data 1,"Razanajatovo et al. (2016), Plants capable of selfing are more likely to become naturalized, Nature Communications 7:13313, Supplementary Data 1.",Supplementary Data 1 source row(s): Data_source=Santos_etal_2012; Species=Rhynchanthera_grandiflora; Family=Melastomataceae; Self-compatibility_index_FS=0.302469136; Self-compatibility_index_SFL=; Autofertility_index_FS=; Autofertility_index_SFL=,Rhynchanthera grandiflora:self_incompatibility,citation_keys:razanajatovo2016:d1b0f2d6ab27a4e8bb4a,underlying_reference_key_set,accepted_name_exact,accepted_name_exact,Rhynchanthera grandiflora,A,peer_reviewed_supplementary_trait_dataset,nature.com,en,species_trait_record_not_cultivar_limited,accepted_individual_structured_source_audit,cb17009ae65c4f6cb2d28b21239714782600d0904effa77c5635249d28e62fc0,Supplementary_Data_1.xlsx_bytes,2026-08-11T00:00:00Z,already_acquired_bulk_reaudit_no_new_web_query,,
b2521e7056f1050af093cb13,Rosa gallica,reproductive_assurance,self_incompatibility,0.376471,mixed_or_variable,medium,species_direct,curated_bulk_reaudit,Razanajatovo et al. 2016 Supplementary Data 1,https://doi.org/10.1038/ncomms13313,Razanajatovo et al. 2016 Supplementary Data 1,"Razanajatovo et al. (2016), Plants capable of selfing are more likely to become naturalized, Nature Communications 7:13313, Supplementary Data 1.",Supplementary Data 1 source row(s): Data_source=MacPhail_Kevan_2009; Species=Rosa_gallica; Family=Rosaceae; Self-compatibility_index_FS=0.376470588; Self-compatibility_index_SFL=; Autofertility_index_FS=0.132941176; Autofertility_index_SFL=,Rosa gallica:self_incompatibility,citation_keys:razanajatovo2016:fefedeb5bc3ecf9e27ff,underlying_reference_key_set,accepted_name_exact,accepted_name_exact,Rosa gallica,A,peer_reviewed_supplementary_trait_dataset,nature.com,en,species_trait_record_not_cultivar_limited,accepted_individual_structured_source_audit,cb17009ae65c4f6cb2d28b21239714782600d0904effa77c5635249d28e62fc0,Supplementary_Data_1.xlsx_bytes,2026-08-11T00:00:00Z,already_acquired_bulk_reaudit_no_new_web_query,,
8aa2595b1bd6d03263cbaeaa,Rosa spinosissima,reproductive_assurance,self_incompatibility,0.718673,mixed_or_variable,medium,species_direct,curated_bulk_reaudit,Razanajatovo et al. 2016 Supplementary Data 1,https://doi.org/10.1038/ncomms13313,Razanajatovo et al. 2016 Supplementary Data 1,"Razanajatovo et al. (2016), Plants capable of selfing are more likely to become naturalized, Nature Communications 7:13313, Supplementary Data 1.",Supplementary Data 1 source row(s): Data_source=MacPhail_Kevan_2009; Species=Rosa_spinosissima; Family=Rosaceae; Self-compatibility_index_FS=0.71867261; Self-compatibility_index_SFL=; Autofertility_index_FS=0.291976226; Autofertility_index_SFL=,Rosa spinosissima:self_incompatibility,citation_keys:razanajatovo2016:fefedeb5bc3ecf9e27ff,underlying_reference_key_set,accepted_name_exact,accepted_name_exact,Rosa spinosissima,A,peer_reviewed_supplementary_trait_dataset,nature.com,en,species_trait_record_not_cultivar_limited,accepted_individual_structured_source_audit,cb17009ae65c4f6cb2d28b21239714782600d0904effa77c5635249d28e62fc0,Supplementary_Data_1.xlsx_bytes,2026-08-11T00:00:00Z,already_acquired_bulk_reaudit_no_new_web_query,,
32fce364f9d109811303b8b0,Sauvagesia rubiginosa,reproductive_assurance,self_incompatibility,"0.641, 1",mixed_or_variable,medium,species_direct,curated_bulk_reaudit,Razanajatovo et al. 2016 Supplementary Data 1,https://doi.org/10.1038/ncomms13313,Razanajatovo et al. 2016 Supplementary Data 1,"Razanajatovo et al. (2016), Plants capable of selfing are more likely to become naturalized, Nature Communications 7:13313, Supplementary Data 1.",Supplementary Data 1 source row(s): Data_source=Ramirez_Brito_1990; Species=Sauvagesia_rubiginosa; Family=Ochnaceae; Self-compatibility_index_FS=0.641; Self-compatibility_index_SFL=1; Autofertility_index_FS=0.117833333; Autofertility_index_SFL=0.542651593,Sauvagesia rubiginosa:self_incompatibility,citation_keys:razanajatovo2016:d90a5990e60c1fa6918f,underlying_reference_key_set,accepted_name_exact,accepted_name_exact,Sauvagesia rubiginosa,A,peer_reviewed_supplementary_trait_dataset,nature.com,en,species_trait_record_not_cultivar_limited,accepted_individual_structured_source_audit,cb17009ae65c4f6cb2d28b21239714782600d0904effa77c5635249d28e62fc0,Supplementary_Data_1.xlsx_bytes,2026-08-11T00:00:00Z,already_acquired_bulk_reaudit_no_new_web_query,,
c556d87dfa7a92a13003f5aa,Schultesia brachyptera,reproductive_assurance,self_incompatibility,"0.505589, 1",mixed_or_variable,medium,species_direct,curated_bulk_reaudit,Razanajatovo et al. 2016 Supplementary Data 1,https://doi.org/10.1038/ncomms13313,Razanajatovo et al. 2016 Supplementary Data 1,"Razanajatovo et al. (2016), Plants capable of selfing are more likely to become naturalized, Nature Communications 7:13313, Supplementary Data 1.",Supplementary Data 1 source row(s): Data_source=Ramirez_Brito_1990; Species=Schultesia_brachyptera; Family=Gentianaceae; Self-compatibility_index_FS=1; Self-compatibility_index_SFL=0.50558877; Autofertility_index_FS=; Autofertility_index_SFL=,Schultesia brachyptera:self_incompatibility,citation_keys:razanajatovo2016:d90a5990e60c1fa6918f,underlying_reference_key_set,accepted_name_exact,accepted_name_exact,Schultesia brachyptera,A,peer_reviewed_supplementary_trait_dataset,nature.com,en,species_trait_record_not_cultivar_limited,accepted_individual_structured_source_audit,cb17009ae65c4f6cb2d28b21239714782600d0904effa77c5635249d28e62fc0,Supplementary_Data_1.xlsx_bytes,2026-08-11T00:00:00Z,already_acquired_bulk_reaudit_no_new_web_query,,
a3ac317bfb23f738d4896da6,Securidaca scandens,reproductive_assurance,self_incompatibility,si,SI,medium,species_direct,curated_bulk_reaudit,"Meyer, Galloway & Eckert 2026 Dryad v4",https://doi.org/10.5061/dryad.cc2fqz6hr,Meyer et al. 2026 Dryad mating-system dataset,"Meyer, Galloway & Eckert (2026), The evolutionary dynamics of plant mating systems: how bias for studying 'interesting' plant reproductive systems could backfire, Dryad dataset, version 4.",Output_Data_MS.csv row 3883: genus_species=Securidaca scandens; Family=Polygalaceae; mating_system=si.,Output_Data_MS.csv:3883,dataset:dryad.cc2fqz6hr:v4,versioned_curated_dataset,accepted_name_exact,accepted_name_exact,Securidaca scandens,A,peer_reviewed_curated_trait_dataset,datadryad.org,en,species_trait_record_not_cultivar_limited,accepted_individual_structured_source_audit,dbc454103faa2d1677586b5b690b8ccc3e6b1a99fb39cdc0b00181703b4c6b56,Output_Data_MS.csv_lf_normalized_bytes,2026-08-11T00:00:00Z,already_acquired_bulk_reaudit_no_new_web_query,,
604e662d779c9689acfb3056,Securidaca scandens,reproductive_assurance,self_incompatibility,"0.633192, 1",mixed_or_variable,medium,species_direct,curated_bulk_reaudit,Razanajatovo et al. 2016 Supplementary Data 1,https://doi.org/10.1038/ncomms13313,Razanajatovo et al. 2016 Supplementary Data 1,"Razanajatovo et al. (2016), Plants capable of selfing are more likely to become naturalized, Nature Communications 7:13313, Supplementary Data 1.",Supplementary Data 1 source row(s): Data_source=Zapata_Arroyo_1978; Species=Securidaca_scandens; Family=Polygalaceae; Self-compatibility_index_FS=0.633191891; Self-compatibility_index_SFL=1; Autofertility_index_FS=0.633663366; Autofertility_index_SFL=1,Securidaca scandens:self_incompatibility,citation_keys:razanajatovo2016:7bd8c79e873ef9e73bf0,underlying_reference_key_set,accepted_name_exact,accepted_name_exact,Securidaca scandens,A,peer_reviewed_supplementary_trait_dataset,nature.com,en,species_trait_record_not_cultivar_limited,accepted_individual_structured_source_audit,cb17009ae65c4f6cb2d28b21239714782600d0904effa77c5635249d28e62fc0,Supplementary_Data_1.xlsx_bytes,2026-08-11T00:00:00Z,already_acquired_bulk_reaudit_no_new_web_query,,
1c6ce16cb159240bbe559114,Senecio eboracensis,reproductive_assurance,self_incompatibility,sc,SC,medium,species_direct,curated_bulk_reaudit,"Meyer, Galloway & Eckert 2026 Dryad v4",https://doi.org/10.5061/dryad.cc2fqz6hr,Meyer et al. 2026 Dryad mating-system dataset,"Meyer, Galloway & Eckert (2026), The evolutionary dynamics of plant mating systems: how bias for studying 'interesting' plant reproductive systems could backfire, Dryad dataset, version 4.",Output_Data_MS.csv row 3895: genus_species=Senecio eboracensis; Family=Asteraceae; mating_system=sc.,Output_Data_MS.csv:3895,dataset:dryad.cc2fqz6hr:v4,versioned_curated_dataset,accepted_name_exact,accepted_name_exact,Senecio eboracensis,A,peer_reviewed_curated_trait_dataset,datadryad.org,en,species_trait_record_not_cultivar_limited,accepted_individual_structured_source_audit,dbc454103faa2d1677586b5b690b8ccc3e6b1a99fb39cdc0b00181703b4c6b56,Output_Data_MS.csv_lf_normalized_bytes,2026-08-11T00:00:00Z,already_acquired_bulk_reaudit_no_new_web_query,,
6415cd670811babdb03dbe1d,Senecio vulgaris,reproductive_assurance,self_incompatibility,sc,SC,medium,species_direct,curated_bulk_reaudit,"Meyer, Galloway & Eckert 2026 Dryad v4",https://doi.org/10.5061/dryad.cc2fqz6hr,Meyer et al. 2026 Dryad mating-system dataset,"Meyer, Galloway & Eckert (2026), The evolutionary dynamics of plant mating systems: how bias for studying 'interesting' plant reproductive systems could backfire, Dryad dataset, version 4.",Output_Data_MS.csv row 3941: genus_species=Senecio vulgaris; Family=Asteraceae; mating_system=sc.,Output_Data_MS.csv:3941,dataset:dryad.cc2fqz6hr:v4,versioned_curated_dataset,accepted_name_exact,accepted_name_exact,Senecio vulgaris,A,peer_reviewed_curated_trait_dataset,datadryad.org,en,species_trait_record_not_cultivar_limited,accepted_individual_structured_source_audit,dbc454103faa2d1677586b5b690b8ccc3e6b1a99fb39cdc0b00181703b4c6b56,Output_Data_MS.csv_lf_normalized_bytes,2026-08-11T00:00:00Z,already_acquired_bulk_reaudit_no_new_web_query,,
cf510838d1f8e2b09e102d75,Senna didymobotrya,reproductive_assurance,self_incompatibility,sc,SC,medium,species_direct,curated_bulk_reaudit,"Meyer, Galloway & Eckert 2026 Dryad v4",https://doi.org/10.5061/dryad.cc2fqz6hr,Meyer et al. 2026 Dryad mating-system dataset,"Meyer, Galloway & Eckert (2026), The evolutionary dynamics of plant mating systems: how bias for studying 'interesting' plant reproductive systems could backfire, Dryad dataset, version 4.",Output_Data_MS.csv row 3945: genus_species=Senna didymobotrya; Family=Fabaceae; mating_system=sc.,Output_Data_MS.csv:3945,dataset:dryad.cc2fqz6hr:v4,versioned_curated_dataset,accepted_name_exact,accepted_name_exact,Senna didymobotrya,A,peer_reviewed_curated_trait_dataset,datadryad.org,en,species_trait_record_not_cultivar_limited,accepted_individual_structured_source_audit,dbc454103faa2d1677586b5b690b8ccc3e6b1a99fb39cdc0b00181703b4c6b56,Output_Data_MS.csv_lf_normalized_bytes,2026-08-11T00:00:00Z,already_acquired_bulk_reaudit_no_new_web_query,,
68d48f4ce85e3c871c5d24c2,Senna didymobotrya,reproductive_assurance,self_incompatibility,"0.652308, 0.883333",mixed_or_variable,medium,species_direct,curated_bulk_reaudit,Razanajatovo et al. 2016 Supplementary Data 1,https://doi.org/10.1038/ncomms13313,Razanajatovo et al. 2016 Supplementary Data 1,"Razanajatovo et al. (2016), Plants capable of selfing are more likely to become naturalized, Nature Communications 7:13313, Supplementary Data 1.",Supplementary Data 1 source row(s): Data_source=Rambuda_Johnson_2004; Species=Senna_didymobotrya; Family=Leguminosae; Self-compatibility_index_FS=0.883333333; Self-compatibility_index_SFL=0.652307692; Autofertility_index_FS=0.11; Autofertility_index_SFL=0.021538462,Senna didymobotrya:self_incompatibility,citation_keys:razanajatovo2016:07d3c5f6dcdc10b814e3,underlying_reference_key_set,accepted_name_exact,accepted_name_exact,Senna didymobotrya,A,peer_reviewed_supplementary_trait_dataset,nature.com,en,species_trait_record_not_cultivar_limited,accepted_individual_structured_source_audit,cb17009ae65c4f6cb2d28b21239714782600d0904effa77c5635249d28e62fc0,Supplementary_Data_1.xlsx_bytes,2026-08-11T00:00:00Z,already_acquired_bulk_reaudit_no_new_web_query,,
af0aac79f72487072594f9f4,Sequoia sempervirens,flower_colour,flower_primary_color,yellow_orange,yellow_orange,medium,species_direct,curated_bulk_reaudit,EOL TraitBank all-traits archive,https://eol.org/pages/1034849/data,Encyclopedia of Life TraitBank species trait record,"The PLANTS Database, United States Department of Agriculture, National Resources Conservation Service. http://plants.usda.gov/",EOL TraitBank record R133-PK288700953: flower color = yellow; EOL page 1034849.,R133-PK288700953,citation:eol-upstream:e989e6becc737357dccb,normalized_upstream_source_citation,accepted_name_exact,accepted_name_exact,Sequoia sempervirens,A,public_curated_trait_database,eol.org,en,species_trait_record_not_cultivar_limited,accepted_individual_structured_source_audit,a029cef6f771b08c1ad5cb2cd5f5a56a53de6896cee768ebcd7c61f756735072,EOL_traits_all.zip_bytes,2026-08-11T00:00:00Z,already_acquired_bulk_reaudit_no_new_web_query,,
3c4281460781a258c8a3e126,Sequoiadendron giganteum,flower_colour,flower_primary_color,green_brown_inconspicuous,green_brown_inconspicuous,medium,species_direct,curated_bulk_reaudit,EOL TraitBank all-traits archive,https://eol.org/pages/323361/data,Encyclopedia of Life TraitBank species trait record,"The PLANTS Database, United States Department of Agriculture, National Resources Conservation Service. http://plants.usda.gov/",EOL TraitBank record R133-PK288702311: flower color = green; EOL page 323361.,R133-PK288702311,citation:eol-upstream:e989e6becc737357dccb,normalized_upstream_source_citation,accepted_name_exact,accepted_name_exact,Sequoiadendron giganteum,A,public_curated_trait_database,eol.org,en,species_trait_record_not_cultivar_limited,accepted_individual_structured_source_audit,a029cef6f771b08c1ad5cb2cd5f5a56a53de6896cee768ebcd7c61f756735072,EOL_traits_all.zip_bytes,2026-08-11T00:00:00Z,already_acquired_bulk_reaudit_no_new_web_query,,
39dc108a5fbb4d3bbc22cfae,Sericocarpus rigidus,reproductive_assurance,self_incompatibility,sc,SC,medium,species_direct,curated_bulk_reaudit,"Meyer, Galloway & Eckert 2026 Dryad v4",https://doi.org/10.5061/dryad.cc2fqz6hr,Meyer et al. 2026 Dryad mating-system dataset,"Meyer, Galloway & Eckert (2026), The evolutionary dynamics of plant mating systems: how bias for studying 'interesting' plant reproductive systems could backfire, Dryad dataset, version 4.",Output_Data_MS.csv row 3953: genus_species=Sericocarpus rigidus; Family=Asteraceae; mating_system=sc.,Output_Data_MS.csv:3953,dataset:dryad.cc2fqz6hr:v4,versioned_curated_dataset,accepted_name_exact,accepted_name_exact,Sericocarpus rigidus,A,peer_reviewed_curated_trait_dataset,datadryad.org,en,species_trait_record_not_cultivar_limited,accepted_individual_structured_source_audit,dbc454103faa2d1677586b5b690b8ccc3e6b1a99fb39cdc0b00181703b4c6b56,Output_Data_MS.csv_lf_normalized_bytes,2026-08-11T00:00:00Z,already_acquired_bulk_reaudit_no_new_web_query,,
d1272ef1724c2f64ee8ee10c,Setaria italica,reproductive_assurance,self_incompatibility,sc,SC,medium,species_direct,curated_bulk_reaudit,"Meyer, Galloway & Eckert 2026 Dryad v4",https://doi.org/10.5061/dryad.cc2fqz6hr,Meyer et al. 2026 Dryad mating-system dataset,"Meyer, Galloway & Eckert (2026), The evolutionary dynamics of plant mating systems: how bias for studying 'interesting' plant reproductive systems could backfire, Dryad dataset, version 4.",Output_Data_MS.csv row 3967: genus_species=Setaria italica; Family=Poaceae; mating_system=sc.,Output_Data_MS.csv:3967,dataset:dryad.cc2fqz6hr:v4,versioned_curated_dataset,accepted_name_exact,accepted_name_exact,Setaria italica,A,peer_reviewed_curated_trait_dataset,datadryad.org,en,species_trait_record_not_cultivar_limited,accepted_individual_structured_source_audit,dbc454103faa2d1677586b5b690b8ccc3e6b1a99fb39cdc0b00181703b4c6b56,Output_Data_MS.csv_lf_normalized_bytes,2026-08-11T00:00:00Z,already_acquired_bulk_reaudit_no_new_web_query,,
0cbd96849a4fef3cef1d86f5,Sida spinosa,reproductive_assurance,self_incompatibility,si,SI,medium,species_direct,curated_bulk_reaudit,"Meyer, Galloway & Eckert 2026 Dryad v4",https://doi.org/10.5061/dryad.cc2fqz6hr,Meyer et al. 2026 Dryad mating-system dataset,"Meyer, Galloway & Eckert (2026), The evolutionary dynamics of plant mating systems: how bias for studying 'interesting' plant reproductive systems could backfire, Dryad dataset, version 4.",Output_Data_MS.csv row 3980: genus_species=Sida spinosa; Family=Malvaceae; mating_system=si.,Output_Data_MS.csv:3980,dataset:dryad.cc2fqz6hr:v4,versioned_curated_dataset,accepted_name_exact,accepted_name_exact,Sida spinosa,A,peer_reviewed_curated_trait_dataset,datadryad.org,en,species_trait_record_not_cultivar_limited,accepted_individual_structured_source_audit,dbc454103faa2d1677586b5b690b8ccc3e6b1a99fb39cdc0b00181703b4c6b56,Output_Data_MS.csv_lf_normalized_bytes,2026-08-11T00:00:00Z,already_acquired_bulk_reaudit_no_new_web_query,,
c0ca380d50fa666058795d2a,Sida spinosa,reproductive_assurance,self_incompatibility,"0.888, 0.963",SC,medium,species_direct,curated_bulk_reaudit,Razanajatovo et al. 2016 Supplementary Data 1,https://doi.org/10.1038/ncomms13313,Razanajatovo et al. 2016 Supplementary Data 1,"Razanajatovo et al. (2016), Plants capable of selfing are more likely to become naturalized, Nature Communications 7:13313, Supplementary Data 1.",Supplementary Data 1 source row(s): Data_source=Jaimes_Ramirez_1997; Species=Sida_spinosa; Family=Malvaceae; Self-compatibility_index_FS=0.963; Self-compatibility_index_SFL=0.888; Autofertility_index_FS=0.777777778; Autofertility_index_SFL=0.453333333,Sida spinosa:self_incompatibility,citation_keys:razanajatovo2016:ceb033c55950f68b8831,underlying_reference_key_set,accepted_name_exact,accepted_name_exact,Sida spinosa,A,peer_reviewed_supplementary_trait_dataset,nature.com,en,species_trait_record_not_cultivar_limited,accepted_individual_structured_source_audit,cb17009ae65c4f6cb2d28b21239714782600d0904effa77c5635249d28e62fc0,Supplementary_Data_1.xlsx_bytes,2026-08-11T00:00:00Z,already_acquired_bulk_reaudit_no_new_web_query,,
3c38906a6a3373de6ea04dce,Silene acaulis,reproductive_assurance,self_incompatibility,si,SI,medium,species_direct,curated_bulk_reaudit,"Meyer, Galloway & Eckert 2026 Dryad v4",https://doi.org/10.5061/dryad.cc2fqz6hr,Meyer et al. 2026 Dryad mating-system dataset,"Meyer, Galloway & Eckert (2026), The evolutionary dynamics of plant mating systems: how bias for studying 'interesting' plant reproductive systems could backfire, Dryad dataset, version 4.",Output_Data_MS.csv row 3983: genus_species=Silene acaulis; Family=Caryophyllaceae; mating_system=si.,Output_Data_MS.csv:3983,dataset:dryad.cc2fqz6hr:v4,versioned_curated_dataset,accepted_name_exact,accepted_name_exact,Silene acaulis,A,peer_reviewed_curated_trait_dataset,datadryad.org,en,species_trait_record_not_cultivar_limited,accepted_individual_structured_source_audit,dbc454103faa2d1677586b5b690b8ccc3e6b1a99fb39cdc0b00181703b4c6b56,Output_Data_MS.csv_lf_normalized_bytes,2026-08-11T00:00:00Z,already_acquired_bulk_reaudit_no_new_web_query,,
9f5064c578921c13f22d2313,Silene douglasii,reproductive_assurance,self_incompatibility,"0.537437, 0.790537",mixed_or_variable,medium,species_direct,curated_bulk_reaudit,Razanajatovo et al. 2016 Supplementary Data 1,https://doi.org/10.1038/ncomms13313,Razanajatovo et al. 2016 Supplementary Data 1,"Razanajatovo et al. (2016), Plants capable of selfing are more likely to become naturalized, Nature Communications 7:13313, Supplementary Data 1.",Supplementary Data 1 source row(s): Data_source=Kephart_etal_1999; Species=Silene_douglasii; Family=Caryophyllaceae; Self-compatibility_index_FS=0.790536669; Self-compatibility_index_SFL=0.537437005; Autofertility_index_FS=0.36434301; Autofertility_index_SFL=0.129229662,Silene douglasii:self_incompatibility,citation_keys:razanajatovo2016:676700fc47e5250f39eb,underlying_reference_key_set,accepted_name_exact,accepted_name_exact,Silene douglasii,A,peer_reviewed_supplementary_trait_dataset,nature.com,en,species_trait_record_not_cultivar_limited,accepted_individual_structured_source_audit,cb17009ae65c4f6cb2d28b21239714782600d0904effa77c5635249d28e62fc0,Supplementary_Data_1.xlsx_bytes,2026-08-11T00:00:00Z,already_acquired_bulk_reaudit_no_new_web_query,,
5084692fdfe4bcb259f6299c,Silene virginica,reproductive_assurance,self_incompatibility,si,SI,medium,species_direct,curated_bulk_reaudit,"Meyer, Galloway & Eckert 2026 Dryad v4",https://doi.org/10.5061/dryad.cc2fqz6hr,Meyer et al. 2026 Dryad mating-system dataset,"Meyer, Galloway & Eckert (2026), The evolutionary dynamics of plant mating systems: how bias for studying 'interesting' plant reproductive systems could backfire, Dryad dataset, version 4.",Output_Data_MS.csv row 3991: genus_species=Silene virginica; Family=Caryophyllaceae; mating_system=si.,Output_Data_MS.csv:3991,dataset:dryad.cc2fqz6hr:v4,versioned_curated_dataset,accepted_name_exact,accepted_name_exact,Silene virginica,A,peer_reviewed_curated_trait_dataset,datadryad.org,en,species_trait_record_not_cultivar_limited,accepted_individual_structured_source_audit,dbc454103faa2d1677586b5b690b8ccc3e6b1a99fb39cdc0b00181703b4c6b56,Output_Data_MS.csv_lf_normalized_bytes,2026-08-11T00:00:00Z,already_acquired_bulk_reaudit_no_new_web_query,,
730de519301cbaa5dc984384,Solanum pimpinellifolium,reproductive_assurance,self_incompatibility,sc,SC,medium,species_direct,curated_bulk_reaudit,"Meyer, Galloway & Eckert 2026 Dryad v4",https://doi.org/10.5061/dryad.cc2fqz6hr,Meyer et al. 2026 Dryad mating-system dataset,"Meyer, Galloway & Eckert (2026), The evolutionary dynamics of plant mating systems: how bias for studying 'interesting' plant reproductive systems could backfire, Dryad dataset, version 4.",Output_Data_MS.csv row 4219: genus_species=Solanum pimpinellifolium; Family=Solanaceae; mating_system=sc.,Output_Data_MS.csv:4219,dataset:dryad.cc2fqz6hr:v4,versioned_curated_dataset,accepted_name_exact,accepted_name_exact,Solanum pimpinellifolium,A,peer_reviewed_curated_trait_dataset,datadryad.org,en,species_trait_record_not_cultivar_limited,accepted_individual_structured_source_audit,dbc454103faa2d1677586b5b690b8ccc3e6b1a99fb39cdc0b00181703b4c6b56,Output_Data_MS.csv_lf_normalized_bytes,2026-08-11T00:00:00Z,already_acquired_bulk_reaudit_no_new_web_query,,
4f6e7c8afe904eb415f7cfbc,Sorghum bicolor,reproductive_assurance,self_incompatibility,sc,SC,medium,species_direct,curated_bulk_reaudit,"Meyer, Galloway & Eckert 2026 Dryad v4",https://doi.org/10.5061/dryad.cc2fqz6hr,Meyer et al. 2026 Dryad mating-system dataset,"Meyer, Galloway & Eckert (2026), The evolutionary dynamics of plant mating systems: how bias for studying 'interesting' plant reproductive systems could backfire, Dryad dataset, version 4.",Output_Data_MS.csv row 4335: genus_species=Sorghum bicolor; Family=Poaceae; mating_system=sc.,Output_Data_MS.csv:4335,dataset:dryad.cc2fqz6hr:v4,versioned_curated_dataset,accepted_name_exact,accepted_name_exact,Sorghum bicolor,A,peer_reviewed_curated_trait_dataset,datadryad.org,en,species_trait_record_not_cultivar_limited,accepted_individual_structured_source_audit,dbc454103faa2d1677586b5b690b8ccc3e6b1a99fb39cdc0b00181703b4c6b56,Output_Data_MS.csv_lf_normalized_bytes,2026-08-11T00:00:00Z,already_acquired_bulk_reaudit_no_new_web_query,,
3148a9d9d32e3855ae3d8a61,Stromanthe jacquinii,reproductive_assurance,self_incompatibility,"0.769231, 0.773196",mixed_or_variable,medium,species_direct,curated_bulk_reaudit,Razanajatovo et al. 2016 Supplementary Data 1,https://doi.org/10.1038/ncomms13313,Razanajatovo et al. 2016 Supplementary Data 1,"Razanajatovo et al. (2016), Plants capable of selfing are more likely to become naturalized, Nature Communications 7:13313, Supplementary Data 1.",Supplementary Data 1 source row(s): Data_source=Ramirez_Seres_1994; Species=Stromanthe_jacquinii; Family=Marantaceae; Self-compatibility_index_FS=0.773195876; Self-compatibility_index_SFL=0.769230769; Autofertility_index_FS=0.720360825; Autofertility_index_SFL=0.717948718,Stromanthe jacquinii:self_incompatibility,citation_keys:razanajatovo2016:3c0fbbb276cae26e0639,underlying_reference_key_set,accepted_name_exact,accepted_name_exact,Stromanthe jacquinii,A,peer_reviewed_supplementary_trait_dataset,nature.com,en,species_trait_record_not_cultivar_limited,accepted_individual_structured_source_audit,cb17009ae65c4f6cb2d28b21239714782600d0904effa77c5635249d28e62fc0,Supplementary_Data_1.xlsx_bytes,2026-08-11T00:00:00Z,already_acquired_bulk_reaudit_no_new_web_query,,
39b635f225b887300c6a8db9,Symphonia globulifera,reproductive_assurance,self_incompatibility,si,SI,medium,species_direct,curated_bulk_reaudit,"Meyer, Galloway & Eckert 2026 Dryad v4",https://doi.org/10.5061/dryad.cc2fqz6hr,Meyer et al. 2026 Dryad mating-system dataset,"Meyer, Galloway & Eckert (2026), The evolutionary dynamics of plant mating systems: how bias for studying 'interesting' plant reproductive systems could backfire, Dryad dataset, version 4.",Output_Data_MS.csv row 4417: genus_species=Symphonia globulifera; Family=Clusiaceae; mating_system=si.,Output_Data_MS.csv:4417,dataset:dryad.cc2fqz6hr:v4,versioned_curated_dataset,accepted_name_exact,accepted_name_exact,Symphonia globulifera,A,peer_reviewed_curated_trait_dataset,datadryad.org,en,species_trait_record_not_cultivar_limited,accepted_individual_structured_source_audit,dbc454103faa2d1677586b5b690b8ccc3e6b1a99fb39cdc0b00181703b4c6b56,Output_Data_MS.csv_lf_normalized_bytes,2026-08-11T00:00:00Z,already_acquired_bulk_reaudit_no_new_web_query,,
fb429d94b7fd2fa32cb0a9db,Syzygium nervosum,reproductive_assurance,self_incompatibility,si,SI,medium,species_direct,curated_bulk_reaudit,"Meyer, Galloway & Eckert 2026 Dryad v4",https://doi.org/10.5061/dryad.cc2fqz6hr,Meyer et al. 2026 Dryad mating-system dataset,"Meyer, Galloway & Eckert (2026), The evolutionary dynamics of plant mating systems: how bias for studying 'interesting' plant reproductive systems could backfire, Dryad dataset, version 4.",Output_Data_MS.csv row 4442: genus_species=Syzygium nervosum; Family=Myrtaceae; mating_system=si.,Output_Data_MS.csv:4442,dataset:dryad.cc2fqz6hr:v4,versioned_curated_dataset,accepted_name_exact,accepted_name_exact,Syzygium nervosum,A,peer_reviewed_curated_trait_dataset,datadryad.org,en,species_trait_record_not_cultivar_limited,accepted_individual_structured_source_audit,dbc454103faa2d1677586b5b690b8ccc3e6b1a99fb39cdc0b00181703b4c6b56,Output_Data_MS.csv_lf_normalized_bytes,2026-08-11T00:00:00Z,already_acquired_bulk_reaudit_no_new_web_query,,
2ff8b153a8d2156045e16817,Tabebuia aurea,reproductive_assurance,self_incompatibility,sc,SC,medium,species_direct,curated_bulk_reaudit,"Meyer, Galloway & Eckert 2026 Dryad v4",https://doi.org/10.5061/dryad.cc2fqz6hr,Meyer et al. 2026 Dryad mating-system dataset,"Meyer, Galloway & Eckert (2026), The evolutionary dynamics of plant mating systems: how bias for studying 'interesting' plant reproductive systems could backfire, Dryad dataset, version 4.",Output_Data_MS.csv row 4444: genus_species=Tabebuia aurea; Family=Bignoniaceae; mating_system=sc.,Output_Data_MS.csv:4444,dataset:dryad.cc2fqz6hr:v4,versioned_curated_dataset,accepted_name_exact,accepted_name_exact,Tabebuia aurea,A,peer_reviewed_curated_trait_dataset,datadryad.org,en,species_trait_record_not_cultivar_limited,accepted_individual_structured_source_audit,dbc454103faa2d1677586b5b690b8ccc3e6b1a99fb39cdc0b00181703b4c6b56,Output_Data_MS.csv_lf_normalized_bytes,2026-08-11T00:00:00Z,already_acquired_bulk_reaudit_no_new_web_query,,
8b8ae9f2d10584906cd4e97e,Taxodium distichum,flower_colour,flower_primary_color,blue_purple,blue_purple,medium,species_direct,curated_bulk_reaudit,EOL TraitBank all-traits archive,https://eol.org/pages/1061709/data,Encyclopedia of Life TraitBank species trait record,"The PLANTS Database, United States Department of Agriculture, National Resources Conservation Service. http://plants.usda.gov/",EOL TraitBank record R133-PK288701936: flower color = purple; EOL page 1061709.,R133-PK288701936,citation:eol-upstream:e989e6becc737357dccb,normalized_upstream_source_citation,accepted_name_exact,accepted_name_exact,Taxodium distichum,A,public_curated_trait_database,eol.org,en,species_trait_record_not_cultivar_limited,accepted_individual_structured_source_audit,a029cef6f771b08c1ad5cb2cd5f5a56a53de6896cee768ebcd7c61f756735072,EOL_traits_all.zip_bytes,2026-08-11T00:00:00Z,already_acquired_bulk_reaudit_no_new_web_query,,
f847c6868037b6ddee01456c,Taxus baccata,flower_colour,flower_primary_color,yellow_orange,yellow_orange,medium,species_direct,curated_bulk_reaudit,EOL TraitBank all-traits archive,https://eol.org/pages/1033691/data,Encyclopedia of Life TraitBank species trait record,"The PLANTS Database, United States Department of Agriculture, National Resources Conservation Service. http://plants.usda.gov/",EOL TraitBank record R133-PK288701003: flower color = yellow; EOL page 1033691.,R133-PK288701003,citation:eol-upstream:e989e6becc737357dccb,normalized_upstream_source_citation,accepted_name_exact,accepted_name_exact,Taxus baccata,A,public_curated_trait_database,eol.org,en,species_trait_record_not_cultivar_limited,accepted_individual_structured_source_audit,a029cef6f771b08c1ad5cb2cd5f5a56a53de6896cee768ebcd7c61f756735072,EOL_traits_all.zip_bytes,2026-08-11T00:00:00Z,already_acquired_bulk_reaudit_no_new_web_query,,
0a5902a090475671cc1e287b,Taxus canadensis,flower_colour,flower_primary_color,yellow_orange,yellow_orange,medium,species_direct,curated_bulk_reaudit,EOL TraitBank all-traits archive,https://eol.org/pages/1033701/data,Encyclopedia of Life TraitBank species trait record,"The PLANTS Database, United States Department of Agriculture, National Resources Conservation Service. http://plants.usda.gov/",EOL TraitBank record R133-PK288701005: flower color = yellow; EOL page 1033701.,R133-PK288701005,citation:eol-upstream:e989e6becc737357dccb,normalized_upstream_source_citation,accepted_name_exact,accepted_name_exact,Taxus canadensis,A,public_curated_trait_database,eol.org,en,species_trait_record_not_cultivar_limited,accepted_individual_structured_source_audit,a029cef6f771b08c1ad5cb2cd5f5a56a53de6896cee768ebcd7c61f756735072,EOL_traits_all.zip_bytes,2026-08-11T00:00:00Z,already_acquired_bulk_reaudit_no_new_web_query,,
d3769a7ba25fc1b83c29cd70,Taxus cuspidata,flower_colour,flower_primary_color,yellow_orange,yellow_orange,medium,species_direct,curated_bulk_reaudit,EOL TraitBank all-traits archive,https://eol.org/pages/1059908/data,Encyclopedia of Life TraitBank species trait record,"The PLANTS Database, United States Department of Agriculture, National Resources Conservation Service. http://plants.usda.gov/",EOL TraitBank record R133-PK288701006: flower color = yellow; EOL page 1059908.,R133-PK288701006,citation:eol-upstream:e989e6becc737357dccb,normalized_upstream_source_citation,accepted_name_exact,accepted_name_exact,Taxus cuspidata,A,public_curated_trait_database,eol.org,en,species_trait_record_not_cultivar_limited,accepted_individual_structured_source_audit,a029cef6f771b08c1ad5cb2cd5f5a56a53de6896cee768ebcd7c61f756735072,EOL_traits_all.zip_bytes,2026-08-11T00:00:00Z,already_acquired_bulk_reaudit_no_new_web_query,,
0faa501796fedebfc4340733,Thlaspi arvense,reproductive_assurance,self_incompatibility,sc,SC,medium,species_direct,curated_bulk_reaudit,"Meyer, Galloway & Eckert 2026 Dryad v4",https://doi.org/10.5061/dryad.cc2fqz6hr,Meyer et al. 2026 Dryad mating-system dataset,"Meyer, Galloway & Eckert (2026), The evolutionary dynamics of plant mating systems: how bias for studying 'interesting' plant reproductive systems could backfire, Dryad dataset, version 4.",Output_Data_MS.csv row 4494: genus_species=Thlaspi arvense; Family=Brassicaceae; mating_system=sc.,Output_Data_MS.csv:4494,dataset:dryad.cc2fqz6hr:v4,versioned_curated_dataset,accepted_name_exact,accepted_name_exact,Thlaspi arvense,A,peer_reviewed_curated_trait_dataset,datadryad.org,en,species_trait_record_not_cultivar_limited,accepted_individual_structured_source_audit,dbc454103faa2d1677586b5b690b8ccc3e6b1a99fb39cdc0b00181703b4c6b56,Output_Data_MS.csv_lf_normalized_bytes,2026-08-11T00:00:00Z,already_acquired_bulk_reaudit_no_new_web_query,,
912240a01d2ba6cdc3bb6fab,Thlaspi arvense,reproductive_assurance,self_incompatibility,"0.181501, 0.476157",mixed_or_variable,medium,species_direct,curated_bulk_reaudit,Razanajatovo et al. 2016 Supplementary Data 1,https://doi.org/10.1038/ncomms13313,Razanajatovo et al. 2016 Supplementary Data 1,"Razanajatovo et al. (2016), Plants capable of selfing are more likely to become naturalized, Nature Communications 7:13313, Supplementary Data 1.",Supplementary Data 1 source row(s): Data_source=Groeneveld_Klein_2014; Species=Thlaspi_arvense; Family=Brassicaceae; Self-compatibility_index_FS=0.476157083; Self-compatibility_index_SFL=0.181500873; Autofertility_index_FS=0.939340813; Autofertility_index_SFL=1,Thlaspi arvense:self_incompatibility,citation_keys:razanajatovo2016:247f90e76aa5554b77c0,underlying_reference_key_set,accepted_name_exact,accepted_name_exact,Thlaspi arvense,A,peer_reviewed_supplementary_trait_dataset,nature.com,en,species_trait_record_not_cultivar_limited,accepted_individual_structured_source_audit,cb17009ae65c4f6cb2d28b21239714782600d0904effa77c5635249d28e62fc0,Supplementary_Data_1.xlsx_bytes,2026-08-11T00:00:00Z,already_acquired_bulk_reaudit_no_new_web_query,,
c375fffc9cb67cbe279cf602,Trifolium repens,reproductive_assurance,self_incompatibility,0.421875,mixed_or_variable,medium,species_direct,curated_bulk_reaudit,Razanajatovo et al. 2016 Supplementary Data 1,https://doi.org/10.1038/ncomms13313,Razanajatovo et al. 2016 Supplementary Data 1,"Razanajatovo et al. (2016), Plants capable of selfing are more likely to become naturalized, Nature Communications 7:13313, Supplementary Data 1.",Supplementary Data 1 source row(s): Data_source=Marshall_etal_1999; Species=Trifolium_repens; Family=Leguminosae; Self-compatibility_index_FS=; Self-compatibility_index_SFL=0.421875; Autofertility_index_FS=; Autofertility_index_SFL=,Trifolium repens:self_incompatibility,citation_keys:razanajatovo2016:44ed252d4db5d2e11700,underlying_reference_key_set,accepted_name_exact,accepted_name_exact,Trifolium repens,A,peer_reviewed_supplementary_trait_dataset,nature.com,en,species_trait_record_not_cultivar_limited,accepted_individual_structured_source_audit,cb17009ae65c4f6cb2d28b21239714782600d0904effa77c5635249d28e62fc0,Supplementary_Data_1.xlsx_bytes,2026-08-11T00:00:00Z,already_acquired_bulk_reaudit_no_new_web_query,,
41d584ea7159f42106675728,Trillium camschatcense,reproductive_assurance,self_incompatibility,sc,SC,medium,species_direct,curated_bulk_reaudit,"Meyer, Galloway & Eckert 2026 Dryad v4",https://doi.org/10.5061/dryad.cc2fqz6hr,Meyer et al. 2026 Dryad mating-system dataset,"Meyer, Galloway & Eckert (2026), The evolutionary dynamics of plant mating systems: how bias for studying 'interesting' plant reproductive systems could backfire, Dryad dataset, version 4.",Output_Data_MS.csv row 4685: genus_species=Trillium camschatcense; Family=Melanthiaceae; mating_system=sc.,Output_Data_MS.csv:4685,dataset:dryad.cc2fqz6hr:v4,versioned_curated_dataset,accepted_name_exact,accepted_name_exact,Trillium camschatcense,A,peer_reviewed_curated_trait_dataset,datadryad.org,en,species_trait_record_not_cultivar_limited,accepted_individual_structured_source_audit,dbc454103faa2d1677586b5b690b8ccc3e6b1a99fb39cdc0b00181703b4c6b56,Output_Data_MS.csv_lf_normalized_bytes,2026-08-11T00:00:00Z,already_acquired_bulk_reaudit_no_new_web_query,,
ae42410e54a5a671319609c1,Tristerix corymbosus,reproductive_assurance,self_incompatibility,si,SI,medium,species_direct,curated_bulk_reaudit,"Meyer, Galloway & Eckert 2026 Dryad v4",https://doi.org/10.5061/dryad.cc2fqz6hr,Meyer et al. 2026 Dryad mating-system dataset,"Meyer, Galloway & Eckert (2026), The evolutionary dynamics of plant mating systems: how bias for studying 'interesting' plant reproductive systems could backfire, Dryad dataset, version 4.",Output_Data_MS.csv row 4694: genus_species=Tristerix corymbosus; Family=Loranthaceae; mating_system=si.,Output_Data_MS.csv:4694,dataset:dryad.cc2fqz6hr:v4,versioned_curated_dataset,accepted_name_exact,accepted_name_exact,Tristerix corymbosus,A,peer_reviewed_curated_trait_dataset,datadryad.org,en,species_trait_record_not_cultivar_limited,accepted_individual_structured_source_audit,dbc454103faa2d1677586b5b690b8ccc3e6b1a99fb39cdc0b00181703b4c6b56,Output_Data_MS.csv_lf_normalized_bytes,2026-08-11T00:00:00Z,already_acquired_bulk_reaudit_no_new_web_query,,
335830b5702889e177e25436,Tristerix corymbosus,reproductive_assurance,self_incompatibility,0.931918,SC,medium,species_direct,curated_bulk_reaudit,Razanajatovo et al. 2016 Supplementary Data 1,https://doi.org/10.1038/ncomms13313,Razanajatovo et al. 2016 Supplementary Data 1,"Razanajatovo et al. (2016), Plants capable of selfing are more likely to become naturalized, Nature Communications 7:13313, Supplementary Data 1.",Supplementary Data 1 source row(s): Data_source=Aizen_2005; Species=Tristerix_corymbosus; Family=Loranthaceae; Self-compatibility_index_FS=0.93191788; Self-compatibility_index_SFL=; Autofertility_index_FS=0.274609581; Autofertility_index_SFL=,Tristerix corymbosus:self_incompatibility,citation_keys:razanajatovo2016:b470b906cfa2a4c7b60b,underlying_reference_key_set,accepted_name_exact,accepted_name_exact,Tristerix corymbosus,A,peer_reviewed_supplementary_trait_dataset,nature.com,en,species_trait_record_not_cultivar_limited,accepted_individual_structured_source_audit,cb17009ae65c4f6cb2d28b21239714782600d0904effa77c5635249d28e62fc0,Supplementary_Data_1.xlsx_bytes,2026-08-11T00:00:00Z,already_acquired_bulk_reaudit_no_new_web_query,,
851f20de8406faf4fb510beb,Trollius europaeus,reproductive_assurance,self_incompatibility,sc,SC,medium,species_direct,curated_bulk_reaudit,"Meyer, Galloway & Eckert 2026 Dryad v4",https://doi.org/10.5061/dryad.cc2fqz6hr,Meyer et al. 2026 Dryad mating-system dataset,"Meyer, Galloway & Eckert (2026), The evolutionary dynamics of plant mating systems: how bias for studying 'interesting' plant reproductive systems could backfire, Dryad dataset, version 4.",Output_Data_MS.csv row 4702: genus_species=Trollius europaeus; Family=Ranunculaceae; mating_system=sc.,Output_Data_MS.csv:4702,dataset:dryad.cc2fqz6hr:v4,versioned_curated_dataset,accepted_name_exact,accepted_name_exact,Trollius europaeus,A,peer_reviewed_curated_trait_dataset,datadryad.org,en,species_trait_record_not_cultivar_limited,accepted_individual_structured_source_audit,dbc454103faa2d1677586b5b690b8ccc3e6b1a99fb39cdc0b00181703b4c6b56,Output_Data_MS.csv_lf_normalized_bytes,2026-08-11T00:00:00Z,already_acquired_bulk_reaudit_no_new_web_query,,
b60f1db9bc42ccb2463ccdef,Tsuga canadensis,flower_colour,flower_primary_color,yellow_orange,yellow_orange,medium,species_direct,curated_bulk_reaudit,EOL TraitBank all-traits archive,https://eol.org/pages/1033654/data,Encyclopedia of Life TraitBank species trait record,"The PLANTS Database, United States Department of Agriculture, National Resources Conservation Service. http://plants.usda.gov/",EOL TraitBank record R133-PK288701025: flower color = yellow; EOL page 1033654.,R133-PK288701025,citation:eol-upstream:e989e6becc737357dccb,normalized_upstream_source_citation,accepted_name_exact,accepted_name_exact,Tsuga canadensis,A,public_curated_trait_database,eol.org,en,species_trait_record_not_cultivar_limited,accepted_individual_structured_source_audit,a029cef6f771b08c1ad5cb2cd5f5a56a53de6896cee768ebcd7c61f756735072,EOL_traits_all.zip_bytes,2026-08-11T00:00:00Z,already_acquired_bulk_reaudit_no_new_web_query,,
a8ee056a798dae0ef3855246,Tsuga caroliniana,flower_colour,flower_primary_color,yellow_orange,yellow_orange,medium,species_direct,curated_bulk_reaudit,EOL TraitBank all-traits archive,https://eol.org/pages/991432/data,Encyclopedia of Life TraitBank species trait record,"The PLANTS Database, United States Department of Agriculture, National Resources Conservation Service. http://plants.usda.gov/",EOL TraitBank record R133-PK288701027: flower color = yellow; EOL page 991432.,R133-PK288701027,citation:eol-upstream:e989e6becc737357dccb,normalized_upstream_source_citation,accepted_name_exact,accepted_name_exact,Tsuga caroliniana,A,public_curated_trait_database,eol.org,en,species_trait_record_not_cultivar_limited,accepted_individual_structured_source_audit,a029cef6f771b08c1ad5cb2cd5f5a56a53de6896cee768ebcd7c61f756735072,EOL_traits_all.zip_bytes,2026-08-11T00:00:00Z,already_acquired_bulk_reaudit_no_new_web_query,,
3fa52091ec1093d4668f1ca5,Tsuga mertensiana,flower_colour,flower_primary_color,yellow_orange,yellow_orange,medium,species_direct,curated_bulk_reaudit,EOL TraitBank all-traits archive,https://eol.org/pages/1059917/data,Encyclopedia of Life TraitBank species trait record,"The PLANTS Database, United States Department of Agriculture, National Resources Conservation Service. http://plants.usda.gov/",EOL TraitBank record R133-PK288701028: flower color = yellow; EOL page 1059917.,R133-PK288701028,citation:eol-upstream:e989e6becc737357dccb,normalized_upstream_source_citation,accepted_name_exact,accepted_name_exact,Tsuga mertensiana,A,public_curated_trait_database,eol.org,en,species_trait_record_not_cultivar_limited,accepted_individual_structured_source_audit,a029cef6f771b08c1ad5cb2cd5f5a56a53de6896cee768ebcd7c61f756735072,EOL_traits_all.zip_bytes,2026-08-11T00:00:00Z,already_acquired_bulk_reaudit_no_new_web_query,,
17fe19ce68392ba1b5454f57,Vaccinium darrowii,reproductive_assurance,self_incompatibility,0.287062,mixed_or_variable,medium,species_direct,curated_bulk_reaudit,Razanajatovo et al. 2016 Supplementary Data 1,https://doi.org/10.1038/ncomms13313,Razanajatovo et al. 2016 Supplementary Data 1,"Razanajatovo et al. (2016), Plants capable of selfing are more likely to become naturalized, Nature Communications 7:13313, Supplementary Data 1.",Supplementary Data 1 source row(s): Data_source=Chavez_Lyrene_2009; Species=Vaccinium_darrowii; Family=Ericaceae; Self-compatibility_index_FS=0.287061995; Self-compatibility_index_SFL=; Autofertility_index_FS=; Autofertility_index_SFL=,Vaccinium darrowii:self_incompatibility,citation_keys:razanajatovo2016:0e037517980334ecc488,underlying_reference_key_set,accepted_name_exact,accepted_name_exact,Vaccinium darrowii,A,peer_reviewed_supplementary_trait_dataset,nature.com,en,species_trait_record_not_cultivar_limited,accepted_individual_structured_source_audit,cb17009ae65c4f6cb2d28b21239714782600d0904effa77c5635249d28e62fc0,Supplementary_Data_1.xlsx_bytes,2026-08-11T00:00:00Z,already_acquired_bulk_reaudit_no_new_web_query,,
a45d99b9eba04e1314090b1e,Vaccinium oxycoccos,reproductive_assurance,self_incompatibility,0.267673,mixed_or_variable,medium,species_direct,curated_bulk_reaudit,Razanajatovo et al. 2016 Supplementary Data 1,https://doi.org/10.1038/ncomms13313,Razanajatovo et al. 2016 Supplementary Data 1,"Razanajatovo et al. (2016), Plants capable of selfing are more likely to become naturalized, Nature Communications 7:13313, Supplementary Data 1.",Supplementary Data 1 source row(s): Data_source=Froborg_1996; Species=Vaccinium_oxycoccos; Family=Ericaceae; Self-compatibility_index_FS=0.267673301; Self-compatibility_index_SFL=; Autofertility_index_FS=0.267673301; Autofertility_index_SFL=,Vaccinium oxycoccos:self_incompatibility,citation_keys:razanajatovo2016:3e1b6c951585e4409840,underlying_reference_key_set,accepted_name_exact,accepted_name_exact,Vaccinium oxycoccos,A,peer_reviewed_supplementary_trait_dataset,nature.com,en,species_trait_record_not_cultivar_limited,accepted_individual_structured_source_audit,cb17009ae65c4f6cb2d28b21239714782600d0904effa77c5635249d28e62fc0,Supplementary_Data_1.xlsx_bytes,2026-08-11T00:00:00Z,already_acquired_bulk_reaudit_no_new_web_query,,
8da19d65aac6bbdbc44e34d5,Vaccinium uliginosum,reproductive_assurance,self_incompatibility,"0, 0.964953, 0.969768",mixed_or_variable,medium,species_direct,curated_bulk_reaudit,Razanajatovo et al. 2016 Supplementary Data 1,https://doi.org/10.1038/ncomms13313,Razanajatovo et al. 2016 Supplementary Data 1,"Razanajatovo et al. (2016), Plants capable of selfing are more likely to become naturalized, Nature Communications 7:13313, Supplementary Data 1.",Supplementary Data 1 source row(s): Data_source=Froborg_1996; Species=Vaccinium_uliginosum; Family=Ericaceae; Self-compatibility_index_FS=0; Self-compatibility_index_SFL=; Autofertility_index_FS=0; Autofertility_index_SFL= || Data_source=Jacquemart_Thompson_1996; Species=Vaccinium_uliginosum; Family=Ericaceae; Self-compatibility_index_FS=0.969768048; Self-compatibility_index_SFL=0.964953271; Autofertility_index_FS=0.227260881; Autofertility_index_SFL=0.098130841,Vaccinium uliginosum:self_incompatibility,citation_keys:razanajatovo2016:254ab0f52d177956ded2,underlying_reference_key_set,accepted_name_exact,accepted_name_exact,Vaccinium uliginosum,A,peer_reviewed_supplementary_trait_dataset,nature.com,en,species_trait_record_not_cultivar_limited,accepted_individual_structured_source_audit,cb17009ae65c4f6cb2d28b21239714782600d0904effa77c5635249d28e62fc0,Supplementary_Data_1.xlsx_bytes,2026-08-11T00:00:00Z,already_acquired_bulk_reaudit_no_new_web_query,,
51e0e235556ead865a62f5e0,Verbesina helianthoides,reproductive_assurance,self_incompatibility,si,SI,medium,species_direct,curated_bulk_reaudit,"Meyer, Galloway & Eckert 2026 Dryad v4",https://doi.org/10.5061/dryad.cc2fqz6hr,Meyer et al. 2026 Dryad mating-system dataset,"Meyer, Galloway & Eckert (2026), The evolutionary dynamics of plant mating systems: how bias for studying 'interesting' plant reproductive systems could backfire, Dryad dataset, version 4.",Output_Data_MS.csv row 4742: genus_species=Verbesina helianthoides; Family=Asteraceae; mating_system=si.,Output_Data_MS.csv:4742,dataset:dryad.cc2fqz6hr:v4,versioned_curated_dataset,accepted_name_exact,accepted_name_exact,Verbesina helianthoides,A,peer_reviewed_curated_trait_dataset,datadryad.org,en,species_trait_record_not_cultivar_limited,accepted_individual_structured_source_audit,dbc454103faa2d1677586b5b690b8ccc3e6b1a99fb39cdc0b00181703b4c6b56,Output_Data_MS.csv_lf_normalized_bytes,2026-08-11T00:00:00Z,already_acquired_bulk_reaudit_no_new_web_query,,
527fb4379f8604489315cf4b,Veronica officinalis,reproductive_assurance,self_incompatibility,sc,SC,medium,species_direct,curated_bulk_reaudit,"Meyer, Galloway & Eckert 2026 Dryad v4",https://doi.org/10.5061/dryad.cc2fqz6hr,Meyer et al. 2026 Dryad mating-system dataset,"Meyer, Galloway & Eckert (2026), The evolutionary dynamics of plant mating systems: how bias for studying 'interesting' plant reproductive systems could backfire, Dryad dataset, version 4.",Output_Data_MS.csv row 4748: genus_species=Veronica officinalis; Family=Plantaginaceae; mating_system=sc.,Output_Data_MS.csv:4748,dataset:dryad.cc2fqz6hr:v4,versioned_curated_dataset,accepted_name_exact,accepted_name_exact,Veronica officinalis,A,peer_reviewed_curated_trait_dataset,datadryad.org,en,species_trait_record_not_cultivar_limited,accepted_individual_structured_source_audit,dbc454103faa2d1677586b5b690b8ccc3e6b1a99fb39cdc0b00181703b4c6b56,Output_Data_MS.csv_lf_normalized_bytes,2026-08-11T00:00:00Z,already_acquired_bulk_reaudit_no_new_web_query,,
ff37f4b4304375861723cef5,Viburnum lantanoides,reproductive_assurance,self_incompatibility,sc,SC,medium,species_direct,curated_bulk_reaudit,"Meyer, Galloway & Eckert 2026 Dryad v4",https://doi.org/10.5061/dryad.cc2fqz6hr,Meyer et al. 2026 Dryad mating-system dataset,"Meyer, Galloway & Eckert (2026), The evolutionary dynamics of plant mating systems: how bias for studying 'interesting' plant reproductive systems could backfire, Dryad dataset, version 4.",Output_Data_MS.csv row 4750: genus_species=Viburnum lantanoides; Family=Viburnaceae; mating_system=sc.,Output_Data_MS.csv:4750,dataset:dryad.cc2fqz6hr:v4,versioned_curated_dataset,accepted_name_exact,accepted_name_exact,Viburnum lantanoides,A,peer_reviewed_curated_trait_dataset,datadryad.org,en,species_trait_record_not_cultivar_limited,accepted_individual_structured_source_audit,dbc454103faa2d1677586b5b690b8ccc3e6b1a99fb39cdc0b00181703b4c6b56,Output_Data_MS.csv_lf_normalized_bytes,2026-08-11T00:00:00Z,already_acquired_bulk_reaudit_no_new_web_query,,
18a5f18a8a236992f79a8df9,Vicia bijuga,reproductive_assurance,self_incompatibility,sc,SC,medium,species_direct,curated_bulk_reaudit,"Meyer, Galloway & Eckert 2026 Dryad v4",https://doi.org/10.5061/dryad.cc2fqz6hr,Meyer et al. 2026 Dryad mating-system dataset,"Meyer, Galloway & Eckert (2026), The evolutionary dynamics of plant mating systems: how bias for studying 'interesting' plant reproductive systems could backfire, Dryad dataset, version 4.",Output_Data_MS.csv row 4759: genus_species=Vicia bijuga; Family=Fabaceae; mating_system=sc.,Output_Data_MS.csv:4759,dataset:dryad.cc2fqz6hr:v4,versioned_curated_dataset,accepted_name_exact,accepted_name_exact,Vicia bijuga,A,peer_reviewed_curated_trait_dataset,datadryad.org,en,species_trait_record_not_cultivar_limited,accepted_individual_structured_source_audit,dbc454103faa2d1677586b5b690b8ccc3e6b1a99fb39cdc0b00181703b4c6b56,Output_Data_MS.csv_lf_normalized_bytes,2026-08-11T00:00:00Z,already_acquired_bulk_reaudit_no_new_web_query,,
8adfc7ce4ba2ca8efcb878b7,Vicia magellanica,reproductive_assurance,self_incompatibility,sc,SC,medium,species_direct,curated_bulk_reaudit,"Meyer, Galloway & Eckert 2026 Dryad v4",https://doi.org/10.5061/dryad.cc2fqz6hr,Meyer et al. 2026 Dryad mating-system dataset,"Meyer, Galloway & Eckert (2026), The evolutionary dynamics of plant mating systems: how bias for studying 'interesting' plant reproductive systems could backfire, Dryad dataset, version 4.",Output_Data_MS.csv row 4781: genus_species=Vicia magellanica; Family=Fabaceae; mating_system=sc.,Output_Data_MS.csv:4781,dataset:dryad.cc2fqz6hr:v4,versioned_curated_dataset,accepted_name_exact,accepted_name_exact,Vicia magellanica,A,peer_reviewed_curated_trait_dataset,datadryad.org,en,species_trait_record_not_cultivar_limited,accepted_individual_structured_source_audit,dbc454103faa2d1677586b5b690b8ccc3e6b1a99fb39cdc0b00181703b4c6b56,Output_Data_MS.csv_lf_normalized_bytes,2026-08-11T00:00:00Z,already_acquired_bulk_reaudit_no_new_web_query,,
fff53145eb396c20045713c4,Vismia baccifera,reproductive_assurance,self_incompatibility,"0.328358, 0.465761",mixed_or_variable,medium,species_direct,curated_bulk_reaudit,Razanajatovo et al. 2016 Supplementary Data 1,https://doi.org/10.1038/ncomms13313,Razanajatovo et al. 2016 Supplementary Data 1,"Razanajatovo et al. (2016), Plants capable of selfing are more likely to become naturalized, Nature Communications 7:13313, Supplementary Data 1.",Supplementary Data 1 source row(s): Data_source=Sobrevilla_Arroyo_1982; Species=Vismia_baccifera; Family=Hypericaceae; Self-compatibility_index_FS=0.465761341; Self-compatibility_index_SFL=0.328358209; Autofertility_index_FS=0.544929211; Autofertility_index_SFL=,Vismia baccifera:self_incompatibility,citation_keys:razanajatovo2016:79b2738b6cc88ed955db,underlying_reference_key_set,accepted_name_exact,accepted_name_exact,Vismia baccifera,A,peer_reviewed_supplementary_trait_dataset,nature.com,en,species_trait_record_not_cultivar_limited,accepted_individual_structured_source_audit,cb17009ae65c4f6cb2d28b21239714782600d0904effa77c5635249d28e62fc0,Supplementary_Data_1.xlsx_bytes,2026-08-11T00:00:00Z,already_acquired_bulk_reaudit_no_new_web_query,,
5db42870feb82e1f5c2e1c45,Vitex lucens,reproductive_assurance,autonomous_selfing_capacity,0.125113,absent,medium,species_direct,curated_bulk_reaudit,Razanajatovo et al. 2016 Supplementary Data 1,https://doi.org/10.1038/ncomms13313,Razanajatovo et al. 2016 Supplementary Data 1,"Razanajatovo et al. (2016), Plants capable of selfing are more likely to become naturalized, Nature Communications 7:13313, Supplementary Data 1.",Supplementary Data 1 source row(s): Data_source=Barrell_etal_1997; Species=Vitex_lucens; Family=Lamiaceae; Self-compatibility_index_FS=1; Self-compatibility_index_SFL=; Autofertility_index_FS=0.125112511; Autofertility_index_SFL=,Vitex lucens:autonomous_selfing_capacity,citation_keys:razanajatovo2016:49a31aecf3f3a57f364d,underlying_reference_key_set,accepted_name_exact,accepted_name_exact,Vitex lucens,A,peer_reviewed_supplementary_trait_dataset,nature.com,en,species_trait_record_not_cultivar_limited,accepted_individual_structured_source_audit,cb17009ae65c4f6cb2d28b21239714782600d0904effa77c5635249d28e62fc0,Supplementary_Data_1.xlsx_bytes,2026-08-11T00:00:00Z,already_acquired_bulk_reaudit_no_new_web_query,,
df1c8537c956bd0dc1f78df9,Vriesea carinata,reproductive_assurance,self_incompatibility,si,SI,medium,species_direct,curated_bulk_reaudit,"Meyer, Galloway & Eckert 2026 Dryad v4",https://doi.org/10.5061/dryad.cc2fqz6hr,Meyer et al. 2026 Dryad mating-system dataset,"Meyer, Galloway & Eckert (2026), The evolutionary dynamics of plant mating systems: how bias for studying 'interesting' plant reproductive systems could backfire, Dryad dataset, version 4.",Output_Data_MS.csv row 4846: genus_species=Vriesea carinata; Family=Bromeliaceae; mating_system=si.,Output_Data_MS.csv:4846,dataset:dryad.cc2fqz6hr:v4,versioned_curated_dataset,accepted_name_exact,accepted_name_exact,Vriesea carinata,A,peer_reviewed_curated_trait_dataset,datadryad.org,en,species_trait_record_not_cultivar_limited,accepted_individual_structured_source_audit,dbc454103faa2d1677586b5b690b8ccc3e6b1a99fb39cdc0b00181703b4c6b56,Output_Data_MS.csv_lf_normalized_bytes,2026-08-11T00:00:00Z,already_acquired_bulk_reaudit_no_new_web_query,,
5d0a6219f0ef05b550cee41f,Vriesea carinata,reproductive_assurance,self_incompatibility,0.9524,SC,medium,species_direct,curated_bulk_reaudit,Razanajatovo et al. 2016 Supplementary Data 1,https://doi.org/10.1038/ncomms13313,Razanajatovo et al. 2016 Supplementary Data 1,"Razanajatovo et al. (2016), Plants capable of selfing are more likely to become naturalized, Nature Communications 7:13313, Supplementary Data 1.",Supplementary Data 1 source row(s): Data_source=Wolowski_etal_2013; Species=Vriesea_carinata; Family=Bromeliaceae; Self-compatibility_index_FS=0.9524; Self-compatibility_index_SFL=; Autofertility_index_FS=0.533333333; Autofertility_index_SFL=,Vriesea carinata:self_incompatibility,citation_keys:razanajatovo2016:e47e46a86a3c3121542f,underlying_reference_key_set,accepted_name_exact,accepted_name_exact,Vriesea carinata,A,peer_reviewed_supplementary_trait_dataset,nature.com,en,species_trait_record_not_cultivar_limited,accepted_individual_structured_source_audit,cb17009ae65c4f6cb2d28b21239714782600d0904effa77c5635249d28e62fc0,Supplementary_Data_1.xlsx_bytes,2026-08-11T00:00:00Z,already_acquired_bulk_reaudit_no_new_web_query,,
63d3325b2c7010f37cbcd294,Vriesea platynema,reproductive_assurance,self_incompatibility,"0.750956, 0.922145",mixed_or_variable,medium,species_direct,curated_bulk_reaudit,Razanajatovo et al. 2016 Supplementary Data 1,https://doi.org/10.1038/ncomms13313,Razanajatovo et al. 2016 Supplementary Data 1,"Razanajatovo et al. (2016), Plants capable of selfing are more likely to become naturalized, Nature Communications 7:13313, Supplementary Data 1.",Supplementary Data 1 source row(s): Data_source=Ramirez_Seres_1994; Species=Vriesea_platynema; Family=Bromeliaceae; Self-compatibility_index_FS=0.922145329; Self-compatibility_index_SFL=0.750956023; Autofertility_index_FS=0.532871972; Autofertility_index_SFL=0.170490758,Vriesea platynema:self_incompatibility,citation_keys:razanajatovo2016:3c0fbbb276cae26e0639,underlying_reference_key_set,accepted_name_exact,accepted_name_exact,Vriesea platynema,A,peer_reviewed_supplementary_trait_dataset,nature.com,en,species_trait_record_not_cultivar_limited,accepted_individual_structured_source_audit,cb17009ae65c4f6cb2d28b21239714782600d0904effa77c5635249d28e62fc0,Supplementary_Data_1.xlsx_bytes,2026-08-11T00:00:00Z,already_acquired_bulk_reaudit_no_new_web_query,,
7df74e2ee05ace511d1295df,Vriesea scalaris,reproductive_assurance,self_incompatibility,sc,SC,medium,species_direct,curated_bulk_reaudit,"Meyer, Galloway & Eckert 2026 Dryad v4",https://doi.org/10.5061/dryad.cc2fqz6hr,Meyer et al. 2026 Dryad mating-system dataset,"Meyer, Galloway & Eckert (2026), The evolutionary dynamics of plant mating systems: how bias for studying 'interesting' plant reproductive systems could backfire, Dryad dataset, version 4.",Output_Data_MS.csv row 4852: genus_species=Vriesea scalaris; Family=Bromeliaceae; mating_system=sc.,Output_Data_MS.csv:4852,dataset:dryad.cc2fqz6hr:v4,versioned_curated_dataset,accepted_name_exact,accepted_name_exact,Vriesea scalaris,A,peer_reviewed_curated_trait_dataset,datadryad.org,en,species_trait_record_not_cultivar_limited,accepted_individual_structured_source_audit,dbc454103faa2d1677586b5b690b8ccc3e6b1a99fb39cdc0b00181703b4c6b56,Output_Data_MS.csv_lf_normalized_bytes,2026-08-11T00:00:00Z,already_acquired_bulk_reaudit_no_new_web_query,,
fc512a331a689218e6f52109,Vriesea scalaris,reproductive_assurance,self_incompatibility,0.541908,mixed_or_variable,medium,species_direct,curated_bulk_reaudit,Razanajatovo et al. 2016 Supplementary Data 1,https://doi.org/10.1038/ncomms13313,Razanajatovo et al. 2016 Supplementary Data 1,"Razanajatovo et al. (2016), Plants capable of selfing are more likely to become naturalized, Nature Communications 7:13313, Supplementary Data 1.",Supplementary Data 1 source row(s): Data_source=Matallana_etal_2010; Species=Vriesea_scalaris; Family=Bromeliaceae; Self-compatibility_index_FS=0.541907514; Self-compatibility_index_SFL=; Autofertility_index_FS=1; Autofertility_index_SFL=,Vriesea scalaris:self_incompatibility,citation_keys:razanajatovo2016:b669e3515ca47eff5c92,underlying_reference_key_set,accepted_name_exact,accepted_name_exact,Vriesea scalaris,A,peer_reviewed_supplementary_trait_dataset,nature.com,en,species_trait_record_not_cultivar_limited,accepted_individual_structured_source_audit,cb17009ae65c4f6cb2d28b21239714782600d0904effa77c5635249d28e62fc0,Supplementary_Data_1.xlsx_bytes,2026-08-11T00:00:00Z,already_acquired_bulk_reaudit_no_new_web_query,,
fd1450bd824750977500a37a,Xylopia brasiliensis,reproductive_assurance,self_incompatibility,0.270358,mixed_or_variable,medium,species_direct,curated_bulk_reaudit,Razanajatovo et al. 2016 Supplementary Data 1,https://doi.org/10.1038/ncomms13313,Razanajatovo et al. 2016 Supplementary Data 1,"Razanajatovo et al. (2016), Plants capable of selfing are more likely to become naturalized, Nature Communications 7:13313, Supplementary Data 1.",Supplementary Data 1 source row(s): Data_source=Andrade_etal_1996; Species=Xylopia_brasiliensis; Family=Annonaceae; Self-compatibility_index_FS=0.270358027; Self-compatibility_index_SFL=; Autofertility_index_FS=; Autofertility_index_SFL=,Xylopia brasiliensis:self_incompatibility,citation_keys:razanajatovo2016:b5d30116f06d4c93d149,underlying_reference_key_set,accepted_name_exact,accepted_name_exact,Xylopia brasiliensis,A,peer_reviewed_supplementary_trait_dataset,nature.com,en,species_trait_record_not_cultivar_limited,accepted_individual_structured_source_audit,cb17009ae65c4f6cb2d28b21239714782600d0904effa77c5635249d28e62fc0,Supplementary_Data_1.xlsx_bytes,2026-08-11T00:00:00Z,already_acquired_bulk_reaudit_no_new_web_query,,
