candidate_id,accepted_species,trait_name,axis,raw_value,normalized_value,source_url,page_title,domain,language,supporting_excerpt,source_lineage,lineage_method,name_match_method,matched_page_name,source_tier,source_type,domain_review_status,evidence_status,content_sha256,retrieved_at_utc,query,search_rank,already_direct_in_baseline,pre_audit_exclusion_reasons,source_run_id,source_artifact
9f99f914ca00e758718e4474,Plinia cauliflora,flower_size_class,floral_structural_complexity,< 1 inch,medium,https://plants.ces.ncsu.edu/plants/plinia-cauliflora,"Plinia cauliflora (Brazilian Grapetree, Jaboticaba, Jaboticaba Tree, Jabuticaba) | North Carolina Extension Gardener Plant Toolbox",plants.ces.ncsu.edu,en,Flower Size:: < 1 inch,url:https://plants.ces.ncsu.edu/plants/plinia-cauliflora,canonical_url,exact_accepted_name,Plinia cauliflora,B,university_extension,approved_registry_trait,review_only_not_promoted,3bcbf3b2fa7bdd65c3ac1a11a3bfef77230f82aa1487dfb71ce0af20ca510a10,2026-08-08T01:41:15.996550Z,inventory:plants.ces.ncsu.edu,5,False,ambiguous_upper_bound_measurement,31233181709,open-web-domain-backfill-31233181709
2b35d0dee874f75e448d0c50,Polyscias balfouriana,inflorescence_display,floral_structural_complexity,Panicle; Umbel,other_described,https://plants.ces.ncsu.edu/plants/polyscias-balfouriana,"Polyscias balfouriana (Aralia Balfour, Balfour Aralia, Balfour Polyscias, Dinner Plate Aralia, Plate Aralia) | North Carolina Extension Gardener Plant Toolbox",plants.ces.ncsu.edu,en,Flower Inflorescence:: Panicle; Umbel,url:https://plants.ces.ncsu.edu/plants/polyscias-balfouriana,canonical_url,exact_accepted_name,Polyscias balfouriana,B,university_extension,approved_registry_trait,review_only_not_promoted,6501772167f930fabe702f79824fbf56dab2d09705d0c593c1ee7983b2816d11,2026-08-08T01:41:17.325147Z,inventory:plants.ces.ncsu.edu,8,False,ontology_value_not_allowed|multistate_collapsed_to_other_described,31233181709,open-web-domain-backfill-31233181709
700e79f1e37ab6c6ff3d49f6,Populus heterophylla,flower_size_class,floral_structural_complexity,< 1 inch,medium,https://plants.ces.ncsu.edu/plants/populus-heterophylla,"Populus heterophylla (Downy Poplar, Swamp Cottonwood, Swamp Poplar) | North Carolina Extension Gardener Plant Toolbox",plants.ces.ncsu.edu,en,Flower Size:: < 1 inch,url:https://plants.ces.ncsu.edu/plants/populus-heterophylla,canonical_url,exact_accepted_name,Populus heterophylla,B,university_extension,approved_registry_trait,review_only_not_promoted,ea344858e65d928d33afe6285d660faf6b781bd5386790df13dbc367caa5128f,2026-08-08T01:41:20.672634Z,inventory:plants.ces.ncsu.edu,15,False,ambiguous_upper_bound_measurement,31233181709,open-web-domain-backfill-31233181709
880496dfc8187b70758de6b1,Procris repens,flower_size_class,floral_structural_complexity,< 1 inch,medium,https://plants.ces.ncsu.edu/plants/procris-repens,"Procris repens (Polynesian Ivy, Rainbow Vine, Satin Creeper, Satin Pellionia, Trailing, Trailing Watermelon Begonia, Wavy Watermelon Begonia) | North Carolina Extension Gardener Plant Toolbox",plants.ces.ncsu.edu,en,Flower Size:: < 1 inch,url:https://plants.ces.ncsu.edu/plants/procris-repens,canonical_url,exact_accepted_name,Procris repens,B,university_extension,approved_registry_trait,review_only_not_promoted,690ea3bb1f96de6c7d51022c9b48f529d3d904ba848d1a5144b4dc43dd4331ee,2026-08-08T01:41:22.559350Z,inventory:plants.ces.ncsu.edu,19,False,ambiguous_upper_bound_measurement,31233181709,open-web-domain-backfill-31233181709
55a6109d5422f88d0d677af1,Prunus caroliniana,flower_size_class,floral_structural_complexity,< 1 inch,medium,https://plants.ces.ncsu.edu/plants/prunus-caroliniana,"Prunus caroliniana (Carolina Cherry Laurel, Carolina Cherry-Laurel, Carolina Laurel Cherry) | North Carolina Extension Gardener Plant Toolbox",plants.ces.ncsu.edu,en,Flower Size:: < 1 inch,url:https://plants.ces.ncsu.edu/plants/prunus-caroliniana,canonical_url,exact_accepted_name,Prunus caroliniana,B,university_extension,approved_registry_trait,review_only_not_promoted,e11fee94efd402e8eb6137a26eda5a3a5d2af7b8875d24c5dab7a4c581ba6b95,2026-08-08T01:41:23.021526Z,inventory:plants.ces.ncsu.edu,20,False,ambiguous_upper_bound_measurement,31233181709,open-web-domain-backfill-31233181709
c8e46d782ef05ac18fda576a,Prunus glandulosa,flower_size_class,floral_structural_complexity,< 1 inch,medium,https://plants.ces.ncsu.edu/plants/prunus-glandulosa,Prunus glandulosa (Flowering Almond) | North Carolina Extension Gardener Plant Toolbox,plants.ces.ncsu.edu,en,Flower Size:: < 1 inch,url:https://plants.ces.ncsu.edu/plants/prunus-glandulosa,canonical_url,exact_accepted_name,Prunus glandulosa,B,university_extension,approved_registry_trait,review_only_not_promoted,470cb40bcb970cba1d1a084b71004083077eb49d9a5532667d3242692f064fd3,2026-08-08T01:41:23.526009Z,inventory:plants.ces.ncsu.edu,21,False,ambiguous_upper_bound_measurement,31233181709,open-web-domain-backfill-31233181709
8d856888eb8ae0d048f1ddbd,Prunus lusitanica,flower_size_class,floral_structural_complexity,< 1 inch,medium,https://plants.ces.ncsu.edu/plants/prunus-lusitanica,"Prunus lusitanica (Portugal Laurel, Portuguese Cherrylaurel) | North Carolina Extension Gardener Plant Toolbox",plants.ces.ncsu.edu,en,Flower Size:: < 1 inch,url:https://plants.ces.ncsu.edu/plants/prunus-lusitanica,canonical_url,exact_accepted_name,Prunus lusitanica,B,university_extension,approved_registry_trait,review_only_not_promoted,62b1b5873dda2934b134f0b5357319b31a3ad3f8f6cc5b4b502eacdecd3918a0,2026-08-08T01:41:23.958303Z,inventory:plants.ces.ncsu.edu,22,False,ambiguous_upper_bound_measurement,31233181709,open-web-domain-backfill-31233181709
40257c3a2808f65b70fd04cd,Prunus pensylvanica,flower_size_class,floral_structural_complexity,< 1 inch,medium,https://plants.ces.ncsu.edu/plants/prunus-pensylvanica,"Prunus pensylvanica (Bird Cherry, Fire Cherry, Pin Cherry, Red Cherry) | North Carolina Extension Gardener Plant Toolbox",plants.ces.ncsu.edu,en,Flower Size:: < 1 inch,url:https://plants.ces.ncsu.edu/plants/prunus-pensylvanica,canonical_url,exact_accepted_name,Prunus pensylvanica,B,university_extension,approved_registry_trait,review_only_not_promoted,f45d587196767cff89c9dfd2c3f2e66772bfde4a649c46e8cb81e83606549cfe,2026-08-08T01:41:24.425895Z,inventory:plants.ces.ncsu.edu,23,False,ambiguous_upper_bound_measurement,31233181709,open-web-domain-backfill-31233181709
01317b2a9ec32cb4714f670e,Prunus serrula,flower_size_class,floral_structural_complexity,< 1 inch,medium,https://plants.ces.ncsu.edu/plants/prunus-serrula,"Prunus serrula (Birch Bark Cherry, Paperbark Cherry, Tibetan Cherry) | North Carolina Extension Gardener Plant Toolbox",plants.ces.ncsu.edu,en,Flower Size:: < 1 inch,url:https://plants.ces.ncsu.edu/plants/prunus-serrula,canonical_url,exact_accepted_name,Prunus serrula,B,university_extension,approved_registry_trait,review_only_not_promoted,1cea8a32c2f8cd78f62d782e139b45779c1aa1d088ab13cdcbce9ba2f9e5f6b8,2026-08-08T01:41:25.365809Z,inventory:plants.ces.ncsu.edu,25,False,ambiguous_upper_bound_measurement,31233181709,open-web-domain-backfill-31233181709
ce3bdcb7a7e7c171b11cd35a,Prunus virginiana,flower_size_class,floral_structural_complexity,< 1 inch,medium,https://plants.ces.ncsu.edu/plants/prunus-virginiana,"Prunus virginiana (Chokecherry, Choke Cherry, Common Chokecherry) | North Carolina Extension Gardener Plant Toolbox",plants.ces.ncsu.edu,en,Flower Size:: < 1 inch,url:https://plants.ces.ncsu.edu/plants/prunus-virginiana,canonical_url,exact_accepted_name,Prunus virginiana,B,university_extension,approved_registry_trait,review_only_not_promoted,6a4a8f9f6912d07edfd90b39a4ae1e481d0d3ca2b5bb526373041087b071220c,2026-08-08T01:41:26.773274Z,inventory:plants.ces.ncsu.edu,28,False,ambiguous_upper_bound_measurement,31233181709,open-web-domain-backfill-31233181709
57fd4798ed293b5aed78116b,Pseudognaphalium obtusifolium,flower_size_class,floral_structural_complexity,< 1 inch,medium,https://plants.ces.ncsu.edu/plants/pseudognaphalium-obtusifolium,"Pseudognaphalium obtusifolium (Cudweed, Fragrant Cudweed, Fragrant Rabbit Tobacco, Rabbit Tobacco, Sweet Everlasting) | North Carolina Extension Gardener Plant Toolbox",plants.ces.ncsu.edu,en,Flower Size:: < 1 inch,url:https://plants.ces.ncsu.edu/plants/pseudognaphalium-obtusifolium,canonical_url,exact_accepted_name,Pseudognaphalium obtusifolium,B,university_extension,approved_registry_trait,review_only_not_promoted,e9bfd15618078cc56ec1be014c65b24646820ec2c6c85b0f9d55ef12f66d4882,2026-08-08T01:41:27.728862Z,inventory:plants.ces.ncsu.edu,30,False,ambiguous_upper_bound_measurement,31233181709,open-web-domain-backfill-31233181709
5f2310210cffb17409bb98fb,Pseudognaphalium obtusifolium,inflorescence_display,floral_structural_complexity,Corymb; Panicle,other_described,https://plants.ces.ncsu.edu/plants/pseudognaphalium-obtusifolium,"Pseudognaphalium obtusifolium (Cudweed, Fragrant Cudweed, Fragrant Rabbit Tobacco, Rabbit Tobacco, Sweet Everlasting) | North Carolina Extension Gardener Plant Toolbox",plants.ces.ncsu.edu,en,Flower Inflorescence:: Corymb; Panicle,url:https://plants.ces.ncsu.edu/plants/pseudognaphalium-obtusifolium,canonical_url,exact_accepted_name,Pseudognaphalium obtusifolium,B,university_extension,approved_registry_trait,review_only_not_promoted,e9bfd15618078cc56ec1be014c65b24646820ec2c6c85b0f9d55ef12f66d4882,2026-08-08T01:41:27.728862Z,inventory:plants.ces.ncsu.edu,30,False,ontology_value_not_allowed|multistate_collapsed_to_other_described,31233181709,open-web-domain-backfill-31233181709
4eab21becb8b481383e701e0,Ptelea trifoliata,flower_size_class,floral_structural_complexity,< 1 inch,medium,https://plants.ces.ncsu.edu/plants/ptelea-trifoliata,"Ptelea trifoliata (Hoptree, Hop-tree, Stinking Ash, Wafer-ash) | North Carolina Extension Gardener Plant Toolbox",plants.ces.ncsu.edu,en,Flower Size:: < 1 inch,url:https://plants.ces.ncsu.edu/plants/ptelea-trifoliata,canonical_url,exact_accepted_name,Ptelea trifoliata,B,university_extension,approved_registry_trait,review_only_not_promoted,5576cdda4f64f88c91ad764fa9af4a2b4719eb0bd57e8e0441ebd39b77864994,2026-08-08T01:41:29.052673Z,inventory:plants.ces.ncsu.edu,33,False,ambiguous_upper_bound_measurement,31233181709,open-web-domain-backfill-31233181709
2393868bb034e6d498a3d6b5,Pteroceltis tatarinowii,flower_size_class,floral_structural_complexity,< 1 inch,medium,https://plants.ces.ncsu.edu/plants/pteroceltis-tatarinowii,"Pteroceltis tatarinowii (Blue Sandalwood,, Qing Tan, Tara Wingceltis, Wingceltis) | North Carolina Extension Gardener Plant Toolbox",plants.ces.ncsu.edu,en,Flower Size:: < 1 inch,url:https://plants.ces.ncsu.edu/plants/pteroceltis-tatarinowii,canonical_url,exact_accepted_name,Pteroceltis tatarinowii,B,university_extension,approved_registry_trait,review_only_not_promoted,8c4ff3f18cacef6e081142a0a806f66effc44c01b842fe0ff92b721d1560a579,2026-08-08T01:41:30.039594Z,inventory:plants.ces.ncsu.edu,35,False,ambiguous_upper_bound_measurement,31233181709,open-web-domain-backfill-31233181709
96f26656b231749bc1395ac7,Pulmonaria longifolia,flower_size_class,floral_structural_complexity,< 1 inch,medium,https://plants.ces.ncsu.edu/plants/pulmonaria-longifolia,"Pulmonaria longifolia (Bethlehem Sage, Long-leafed lungwort, Lungwort, Narrow-leaf lungwort) | North Carolina Extension Gardener Plant Toolbox",plants.ces.ncsu.edu,en,Flower Size:: < 1 inch,url:https://plants.ces.ncsu.edu/plants/pulmonaria-longifolia,canonical_url,exact_accepted_name,Pulmonaria longifolia,B,university_extension,approved_registry_trait,review_only_not_promoted,367036a64911b92b7a13e1fa8d19b7af9c98863e62d5e9c11943f4323e1048cb,2026-08-08T01:41:31.396422Z,inventory:plants.ces.ncsu.edu,38,False,ambiguous_upper_bound_measurement,31233181709,open-web-domain-backfill-31233181709
9411d012a519197fc61eb023,Pyracantha koidzumii,flower_size_class,floral_structural_complexity,< 1 inch,medium,https://plants.ces.ncsu.edu/plants/pyracantha-koidzumii,"Pyracantha koidzumii (Formosan Firethorn, Formosa Pyracantha, Lowdense Pyracantha) | North Carolina Extension Gardener Plant Toolbox",plants.ces.ncsu.edu,en,Flower Size:: < 1 inch,url:https://plants.ces.ncsu.edu/plants/pyracantha-koidzumii,canonical_url,exact_accepted_name,Pyracantha koidzumii,B,university_extension,approved_registry_trait,review_only_not_promoted,d4384963578f4178d39e5f65526b64d60cb5a8ea7fca7ce63d957cfc3ab0ffdd,2026-08-08T01:41:33.249029Z,inventory:plants.ces.ncsu.edu,42,False,ambiguous_upper_bound_measurement,31233181709,open-web-domain-backfill-31233181709
74b5d01b5cc54feabc5fac02,Reineckea carnea,flower_size_class,floral_structural_complexity,< 1 inch,medium,https://plants.ces.ncsu.edu/plants/reineckea-carnea,"Reineckea carnea (Chinese Lucky Grass, False Mondo Grass, Ribbon Grass, Ribbon Lily) | North Carolina Extension Gardener Plant Toolbox",plants.ces.ncsu.edu,en,Flower Size:: < 1 inch,url:https://plants.ces.ncsu.edu/plants/reineckea-carnea,canonical_url,exact_accepted_name,Reineckea carnea,B,university_extension,approved_registry_trait,review_only_not_promoted,f93a2eb7afe8f9d8fda41bac073a5b497093bc53e3a7fab3d5451866296f9ad5,2026-08-08T01:41:39.372128Z,inventory:plants.ces.ncsu.edu,55,False,ambiguous_upper_bound_measurement,31233181709,open-web-domain-backfill-31233181709
f0188b6277763f5b5e4f6b0a,Reynoutria japonica,flower_size_class,floral_structural_complexity,< 1 inch,medium,https://plants.ces.ncsu.edu/plants/reynoutria-japonica,"Reynoutria japonica (Asiatic Knotweed, Donkey Rhubarb, Fleeceflower, Japanese Bamboo, Japanese Knotweed) | North Carolina Extension Gardener Plant Toolbox",plants.ces.ncsu.edu,en,Flower Size:: < 1 inch,url:https://plants.ces.ncsu.edu/plants/reynoutria-japonica,canonical_url,exact_accepted_name,Reynoutria japonica,B,university_extension,approved_registry_trait,review_only_not_promoted,211081c4bec82a354da508bf1a35576a7cefdb8bb956084ce6b931f760a0d43c,2026-08-08T01:41:39.832948Z,inventory:plants.ces.ncsu.edu,56,False,ambiguous_upper_bound_measurement,31233181709,open-web-domain-backfill-31233181709
dd507ccda41827c64b09156e,Rhamnus cathartica,flower_size_class,floral_structural_complexity,< 1 inch,medium,https://plants.ces.ncsu.edu/plants/rhamnus-cathartica,"Rhamnus cathartica (Common Buckthorn, European Buckthorn, Purging Buckthorn) | North Carolina Extension Gardener Plant Toolbox",plants.ces.ncsu.edu,en,Flower Size:: < 1 inch,url:https://plants.ces.ncsu.edu/plants/rhamnus-cathartica,canonical_url,exact_accepted_name,Rhamnus cathartica,B,university_extension,approved_registry_trait,review_only_not_promoted,077eb0ad469d3409967d697e7bf3a81de8b20bbbbab8e060ee59c6f5f49b4f40,2026-08-08T01:41:40.760079Z,inventory:plants.ces.ncsu.edu,58,False,ambiguous_upper_bound_measurement,31233181709,open-web-domain-backfill-31233181709
66b8016b4b4b9fe43a2d2872,Rhaphiolepis indica,flower_size_class,floral_structural_complexity,< 1 inch,medium,https://plants.ces.ncsu.edu/plants/rhaphiolepis-indica,Rhaphiolepis indica (Indian Hawthorn) | North Carolina Extension Gardener Plant Toolbox,plants.ces.ncsu.edu,en,Flower Size:: < 1 inch,url:https://plants.ces.ncsu.edu/plants/rhaphiolepis-indica,canonical_url,exact_accepted_name,Rhaphiolepis indica,B,university_extension,approved_registry_trait,review_only_not_promoted,7ceb7c6c8d2ac27b572b7344f0ff0e8697a5c8f6ad2fbbf98acd82c164f08d50,2026-08-08T01:41:41.724624Z,inventory:plants.ces.ncsu.edu,60,False,ambiguous_upper_bound_measurement,31233181709,open-web-domain-backfill-31233181709
8841bbc561f5f6fec6c150db,Rhapis excelsa,flower_size_class,floral_structural_complexity,< 1 inch,medium,https://plants.ces.ncsu.edu/plants/rhapis-excelsa,"Rhapis excelsa (Bamboo Palm, Braodleaf Lady Palm, Fan Tufted Palm, Lady Palm) | North Carolina Extension Gardener Plant Toolbox",plants.ces.ncsu.edu,en,Flower Size:: < 1 inch,url:https://plants.ces.ncsu.edu/plants/rhapis-excelsa,canonical_url,exact_accepted_name,Rhapis excelsa,B,university_extension,approved_registry_trait,review_only_not_promoted,ee0e5933d5a14720b6b78d636a732695f31943b62368dd289368677b681d4984,2026-08-08T01:41:42.248201Z,inventory:plants.ces.ncsu.edu,61,False,ambiguous_upper_bound_measurement,31233181709,open-web-domain-backfill-31233181709
a9a76ff69b5940885014487d,Rhexia petiolata,inflorescence_display,floral_structural_complexity,Cyme; Solitary,other_described,https://plants.ces.ncsu.edu/plants/rhexia-petiolata,Rhexia petiolata (Ciliate Meadow-beauty) | North Carolina Extension Gardener Plant Toolbox,plants.ces.ncsu.edu,en,Flower Inflorescence:: Cyme; Solitary,url:https://plants.ces.ncsu.edu/plants/rhexia-petiolata,canonical_url,exact_accepted_name,Rhexia petiolata,B,university_extension,approved_registry_trait,review_only_not_promoted,74a6855bd24a1a9d5fef3f6b2e1c52be21ba14a87fd98299f97d46f3dd75be5f,2026-08-08T01:41:44.017249Z,inventory:plants.ces.ncsu.edu,65,False,ontology_value_not_allowed|multistate_collapsed_to_other_described,31233181709,open-web-domain-backfill-31233181709
c9dd8cb4fd197e02d4b1edbd,Rhipsalis baccifera,flower_size_class,floral_structural_complexity,< 1 inch,medium,https://plants.ces.ncsu.edu/plants/rhipsalis-baccifera,"Rhipsalis baccifera (Mistletoe Cacti, Mistletoe Cactus, Spaghetti Cactus) | North Carolina Extension Gardener Plant Toolbox",plants.ces.ncsu.edu,en,Flower Size:: < 1 inch,url:https://plants.ces.ncsu.edu/plants/rhipsalis-baccifera,canonical_url,exact_accepted_name,Rhipsalis baccifera,B,university_extension,approved_registry_trait,review_only_not_promoted,0bcdc509c50e34facb25a026f2aa67339a9e4c1b9a47c5b694692043913cf7e8,2026-08-08T01:41:44.471593Z,inventory:plants.ces.ncsu.edu,66,False,ambiguous_upper_bound_measurement,31233181709,open-web-domain-backfill-31233181709
b7ed7adfbb0444202927ea3c,Rhus glabra,flower_size_class,floral_structural_complexity,< 1 inch,medium,https://plants.ces.ncsu.edu/plants/rhus-glabra,Rhus glabra (Smooth Sumac) | North Carolina Extension Gardener Plant Toolbox,plants.ces.ncsu.edu,en,Flower Size:: < 1 inch,url:https://plants.ces.ncsu.edu/plants/rhus-glabra,canonical_url,exact_accepted_name,Rhus glabra,B,university_extension,approved_registry_trait,review_only_not_promoted,946b124e193ace21d8885588334cf3e53f63b10bbf5571351d8bda6ca2a44fe8,2026-08-08T01:41:54.935068Z,inventory:plants.ces.ncsu.edu,88,False,ambiguous_upper_bound_measurement,31233181709,open-web-domain-backfill-31233181709
5a64095831e235da1d2e6f81,Rhus typhina,flower_size_class,floral_structural_complexity,< 1 inch,medium,https://plants.ces.ncsu.edu/plants/rhus-typhina,Rhus typhina (Staghorn Sumac) | North Carolina Extension Gardener Plant Toolbox,plants.ces.ncsu.edu,en,Flower Size:: < 1 inch,url:https://plants.ces.ncsu.edu/plants/rhus-typhina,canonical_url,exact_accepted_name,Rhus typhina,B,university_extension,approved_registry_trait,review_only_not_promoted,a0a06c9c1c3dfeaa79e1b1b86b9523ae3ce8e533cc165d68cd5f6a23ee0bfd34,2026-08-08T01:41:55.868642Z,inventory:plants.ces.ncsu.edu,90,False,ambiguous_upper_bound_measurement,31233181709,open-web-domain-backfill-31233181709
379d5c9e095b6e0c5d3f1003,Robinia hispida,flower_size_class,floral_structural_complexity,< 1 inch,medium,https://plants.ces.ncsu.edu/plants/robinia-hispida,Robinia hispida (Bristly Locust) | North Carolina Extension Gardener Plant Toolbox,plants.ces.ncsu.edu,en,Flower Size:: < 1 inch,url:https://plants.ces.ncsu.edu/plants/robinia-hispida,canonical_url,exact_accepted_name,Robinia hispida,B,university_extension,approved_registry_trait,review_only_not_promoted,f4f1d798e97bd714aed8d5849edba6e147169f601251a57f53bcd2a45313aafa,2026-08-08T01:41:57.253398Z,inventory:plants.ces.ncsu.edu,93,False,ambiguous_upper_bound_measurement,31233181709,open-web-domain-backfill-31233181709
6fca4061e0f275cc46818bd1,Ruellia simplex,inflorescence_display,floral_structural_complexity,Cyme; Solitary,other_described,https://plants.ces.ncsu.edu/plants/ruellia-simplex,"Ruellia simplex (Britton's Wild Petunia, Mexican Bluebell, Mexican Petunia, Texas Petunia) | North Carolina Extension Gardener Plant Toolbox",plants.ces.ncsu.edu,en,Flower Inflorescence:: Cyme; Solitary,url:https://plants.ces.ncsu.edu/plants/ruellia-simplex,canonical_url,exact_accepted_name,Ruellia simplex,B,university_extension,approved_registry_trait,review_only_not_promoted,a3e5632bddbffdb1b713c1ad2cc7afea3d7a61c3a453a66e9708e996dd10282e,2026-08-08T01:42:03.846841Z,inventory:plants.ces.ncsu.edu,107,False,ontology_value_not_allowed|multistate_collapsed_to_other_described,31233181709,open-web-domain-backfill-31233181709
ffaaa145e71ca9fc2e82afa3,Rumex sanguineus,flower_size_class,floral_structural_complexity,< 1 inch,medium,https://plants.ces.ncsu.edu/plants/rumex-sanguineus,"Rumex sanguineus (Bloody Dock, Red Veined Dock, Red-Veined Dock, Red Veined Sorrel, Red-Veined Sorrel) | North Carolina Extension Gardener Plant Toolbox",plants.ces.ncsu.edu,en,Flower Size:: < 1 inch,url:https://plants.ces.ncsu.edu/plants/rumex-sanguineus,canonical_url,exact_accepted_name,Rumex sanguineus,B,university_extension,approved_registry_trait,review_only_not_promoted,ea1eec39b09bd1d315f667f788fe5b9c2f5be15422f2f5f54dffd2fa6ff1014b,2026-08-08T01:42:04.808183Z,inventory:plants.ces.ncsu.edu,109,False,ambiguous_upper_bound_measurement,31233181709,open-web-domain-backfill-31233181709
7331c706a650dce8c01e7a74,Rumex scutatus,flower_size_class,floral_structural_complexity,< 1 inch,medium,https://plants.ces.ncsu.edu/plants/rumex-scutatus,"Rumex scutatus (Buckler Leaved Sorrel, Common Sorrel, French Sorrel, Garden sorrel, Narrow-leaved Dock, Sorrel, Spinach-Dock) | North Carolina Extension Gardener Plant Toolbox",plants.ces.ncsu.edu,en,Flower Size:: < 1 inch,url:https://plants.ces.ncsu.edu/plants/rumex-scutatus,canonical_url,exact_accepted_name,Rumex scutatus,B,university_extension,approved_registry_trait,review_only_not_promoted,586e4b691c34d703a4a8d3e49f2d76860eca84a0e6c9f3fc4478c4e67aa4d348,2026-08-08T01:42:05.267711Z,inventory:plants.ces.ncsu.edu,110,False,ambiguous_upper_bound_measurement,31233181709,open-web-domain-backfill-31233181709
50a5706be3f0eb4fd0e22d0c,Ruscus aculeatus,flower_size_class,floral_structural_complexity,< 1 inch,medium,https://plants.ces.ncsu.edu/plants/ruscus-aculeatus,"Ruscus aculeatus (Butcher's Broom, Knee Holly, Piaranthus) | North Carolina Extension Gardener Plant Toolbox",plants.ces.ncsu.edu,en,Flower Size:: < 1 inch,url:https://plants.ces.ncsu.edu/plants/ruscus-aculeatus,canonical_url,exact_accepted_name,Ruscus aculeatus,B,university_extension,approved_registry_trait,review_only_not_promoted,be8ab7390fd29dea58ffdc285658e361d83f7d0bb6873edcdc4cff854ed7cbee,2026-08-08T01:42:05.717788Z,inventory:plants.ces.ncsu.edu,111,False,ambiguous_upper_bound_measurement,31233181709,open-web-domain-backfill-31233181709
4cddea46433083e3e1560c3a,Sabal palmetto,flower_size_class,floral_structural_complexity,< 1 inch,medium,https://plants.ces.ncsu.edu/plants/sabal-palmetto,"Sabal palmetto (Cabbage Palm, Cabbage Palmetto, Palmetto) | North Carolina Extension Gardener Plant Toolbox",plants.ces.ncsu.edu,en,Flower Size:: < 1 inch,url:https://plants.ces.ncsu.edu/plants/sabal-palmetto,canonical_url,exact_accepted_name,Sabal palmetto,B,university_extension,approved_registry_trait,review_only_not_promoted,3d6e6628ff09e37f5ade6ad3c2fb250a3854b3537949e427fe14f60c2402f3c3,2026-08-08T01:42:07.122644Z,inventory:plants.ces.ncsu.edu,114,False,ambiguous_upper_bound_measurement,31233181709,open-web-domain-backfill-31233181709
504017e7337ed33454f1abf9,Sabulina michauxii,inflorescence_display,floral_structural_complexity,Cyme; Panicle,other_described,https://plants.ces.ncsu.edu/plants/sabulina-michauxii,"Sabulina michauxii (Michauxii 's Stitchwort, Rock Sandwort) | North Carolina Extension Gardener Plant Toolbox",plants.ces.ncsu.edu,en,Flower Inflorescence:: Cyme; Panicle,url:https://plants.ces.ncsu.edu/plants/sabulina-michauxii,canonical_url,exact_accepted_name,Sabulina michauxii,B,university_extension,approved_registry_trait,review_only_not_promoted,5fd238e51ad7597e259a7740c9da8a95578f79507d7585bdb86ace1f6519e31f,2026-08-08T01:42:07.581313Z,inventory:plants.ces.ncsu.edu,115,False,ontology_value_not_allowed|multistate_collapsed_to_other_described,31233181709,open-web-domain-backfill-31233181709
68ad3a118df95936e08c5dee,Sabulina verna,flower_size_class,floral_structural_complexity,< 1 inch,medium,https://plants.ces.ncsu.edu/plants/sabulina-verna,Sabulina verna (Moss Sandwort) | North Carolina Extension Gardener Plant Toolbox,plants.ces.ncsu.edu,en,Flower Size:: < 1 inch,url:https://plants.ces.ncsu.edu/plants/sabulina-verna,canonical_url,exact_accepted_name,Sabulina verna,B,university_extension,approved_registry_trait,review_only_not_promoted,7f7c1a04718627d3464ad629bba7ef96127143719fc4ea59d60f2f88729d062d,2026-08-08T01:42:08.015376Z,inventory:plants.ces.ncsu.edu,116,False,ambiguous_upper_bound_measurement,31233181709,open-web-domain-backfill-31233181709
2767cee09ce50919f820ec8d,Sairocarpus multiflorus,flower_size_class,floral_structural_complexity,< 1 inch,medium,https://plants.ces.ncsu.edu/plants/sairocarpus-multiflorus,"Sairocarpus multiflorus (Chaparral Snapdragon, Multi-flowered Snapdragon, New World Snapdragon, Rose Snapdragon, Sierra Snapdragon, Sticky Snapdragon, Wild Snapdragon, Withered Snapdragon) | North Carolina Extension Gardener Plant Toolbox",plants.ces.ncsu.edu,en,Flower Size:: < 1 inch,url:https://plants.ces.ncsu.edu/plants/sairocarpus-multiflorus,canonical_url,exact_accepted_name,Sairocarpus multiflorus,B,university_extension,approved_registry_trait,review_only_not_promoted,5b83bfccc9fc19e095cd915e4586a5ceb12a3e825effcff1c90215d5e05f05e8,2026-08-08T01:42:08.895505Z,inventory:plants.ces.ncsu.edu,118,False,ambiguous_upper_bound_measurement,31233181709,open-web-domain-backfill-31233181709
77d2a1ecb04b7bba07a60b08,Salix babylonica,flower_size_class,floral_structural_complexity,< 1 inch,medium,https://plants.ces.ncsu.edu/plants/salix-babylonica,"Salix babylonica (Babylon Weeping Willow, Silver Willow, Weeping Willow) | North Carolina Extension Gardener Plant Toolbox",plants.ces.ncsu.edu,en,Flower Size:: < 1 inch,url:https://plants.ces.ncsu.edu/plants/salix-babylonica,canonical_url,exact_accepted_name,Salix babylonica,B,university_extension,approved_registry_trait,review_only_not_promoted,fb54b7065aef59c0a13c7fa304d8e4b2934fb8707fa0f5b0470c5c2003b80521,2026-08-08T01:42:09.949523Z,inventory:plants.ces.ncsu.edu,120,False,ambiguous_upper_bound_measurement,31233181709,open-web-domain-backfill-31233181709
d82f4255ebd668d503dc8884,Santolina chamaecyparissus,flower_size_class,floral_structural_complexity,< 1 inch,medium,https://plants.ces.ncsu.edu/plants/santolina-chamaecyparissus,"Santolina chamaecyparissus (Cotton Lavender, Lavender Cotton, Santolina) | North Carolina Extension Gardener Plant Toolbox",plants.ces.ncsu.edu,en,Flower Size:: < 1 inch,url:https://plants.ces.ncsu.edu/plants/santolina-chamaecyparissus,canonical_url,exact_accepted_name,Santolina chamaecyparissus,B,university_extension,approved_registry_trait,review_only_not_promoted,3c49710383bbe3d4f46dfd3133ac6b42776cc6b27f34fdd32a56cd9b43c311ef,2026-08-08T01:42:13.684595Z,inventory:plants.ces.ncsu.edu,128,False,ambiguous_upper_bound_measurement,31233181709,open-web-domain-backfill-31233181709
a4623c3bf7af0eed02c22575,Santolina virens,flower_size_class,floral_structural_complexity,< 1 inch,medium,https://plants.ces.ncsu.edu/plants/santolina-virens,"Santolina virens (Green Lavender Cotton, Green Santolina) | North Carolina Extension Gardener Plant Toolbox",plants.ces.ncsu.edu,en,Flower Size:: < 1 inch,url:https://plants.ces.ncsu.edu/plants/santolina-virens,canonical_url,exact_accepted_name,Santolina virens,B,university_extension,approved_registry_trait,review_only_not_promoted,1662de47c6c7f5570c245bfd0595fb1f703314e3936aab695e953edd0578cee9,2026-08-08T01:42:14.599527Z,inventory:plants.ces.ncsu.edu,130,False,ambiguous_upper_bound_measurement,31233181709,open-web-domain-backfill-31233181709
473746b58ddf230182370ce5,Sarcandra glabra,flower_size_class,floral_structural_complexity,< 1 inch,medium,https://plants.ces.ncsu.edu/plants/sarcandra-glabra,"Sarcandra glabra (Bone-knitted Lotus, Caoshanhu, Glabrous Sarcandra Herb, Nine-Knotted Flower) | North Carolina Extension Gardener Plant Toolbox",plants.ces.ncsu.edu,en,Flower Size:: < 1 inch,url:https://plants.ces.ncsu.edu/plants/sarcandra-glabra,canonical_url,exact_accepted_name,Sarcandra glabra,B,university_extension,approved_registry_trait,review_only_not_promoted,084e64a535c7550e8a7c4fc4d7fe6dffc1b226450c17d3377299afc0827c8fba,2026-08-08T01:42:16.084253Z,inventory:plants.ces.ncsu.edu,133,False,ambiguous_upper_bound_measurement,31233181709,open-web-domain-backfill-31233181709
6da3cdc460d8a8b39390a59e,Sarcococca confusa,flower_size_class,floral_structural_complexity,< 1 inch,medium,https://plants.ces.ncsu.edu/plants/sarcococca-confusa,"Sarcococca confusa (Fragrant Sarcococca, Sweet Box) | North Carolina Extension Gardener Plant Toolbox",plants.ces.ncsu.edu,en,Flower Size:: < 1 inch,url:https://plants.ces.ncsu.edu/plants/sarcococca-confusa,canonical_url,exact_accepted_name,Sarcococca confusa,B,university_extension,approved_registry_trait,review_only_not_promoted,8a1d3301b8e94f21df4a2e8b4f5d014d1fcd36bcac18e2a9a137ee68b25b9a4f,2026-08-08T01:42:16.537149Z,inventory:plants.ces.ncsu.edu,134,False,ambiguous_upper_bound_measurement,31233181709,open-web-domain-backfill-31233181709
76b46db849919fb79e209777,Sarcococca hookeriana,flower_size_class,floral_structural_complexity,< 1 inch,medium,https://plants.ces.ncsu.edu/plants/sarcococca-hookeriana,"Sarcococca hookeriana (Himalayan Sarcococca, Sweet box) | North Carolina Extension Gardener Plant Toolbox",plants.ces.ncsu.edu,en,Flower Size:: < 1 inch,url:https://plants.ces.ncsu.edu/plants/sarcococca-hookeriana,canonical_url,exact_accepted_name,Sarcococca hookeriana,B,university_extension,approved_registry_trait,review_only_not_promoted,b02b56519c02b39290db0ad9fd3cc6dd99445e7852395211612d951e42d08a53,2026-08-08T01:42:17.016967Z,inventory:plants.ces.ncsu.edu,135,False,ambiguous_upper_bound_measurement,31233181709,open-web-domain-backfill-31233181709
a263ba50a837c982509ca5ae,Sassafras albidum,flower_size_class,floral_structural_complexity,< 1 inch,medium,https://plants.ces.ncsu.edu/plants/sassafras-albidum,"Sassafras albidum (Cinnamon Wood, Common Sassafras, Mitten Tree, Sassafras, White Sassafras) | North Carolina Extension Gardener Plant Toolbox",plants.ces.ncsu.edu,en,Flower Size:: < 1 inch,url:https://plants.ces.ncsu.edu/plants/sassafras-albidum,canonical_url,exact_accepted_name,Sassafras albidum,B,university_extension,approved_registry_trait,review_only_not_promoted,a3049546fe3a642110282a00ab5519a88930346bdcef85045c521ced8512d8c2,2026-08-08T01:42:20.932484Z,inventory:plants.ces.ncsu.edu,143,False,ambiguous_upper_bound_measurement,31233181709,open-web-domain-backfill-31233181709
938ca35a0c3922b7a156888c,Satureja montana,flower_size_class,floral_structural_complexity,< 1 inch,medium,https://plants.ces.ncsu.edu/plants/satureja-montana,"Satureja montana (Mountain Savory, Winter Savory) | North Carolina Extension Gardener Plant Toolbox",plants.ces.ncsu.edu,en,Flower Size:: < 1 inch,url:https://plants.ces.ncsu.edu/plants/satureja-montana,canonical_url,exact_accepted_name,Satureja montana,B,university_extension,approved_registry_trait,review_only_not_promoted,a1f6f8229d3ee57d8c9536e0bb2c754962b2a222ee1b69f8c334908c1bca8173,2026-08-08T01:42:21.458911Z,inventory:plants.ces.ncsu.edu,144,False,ambiguous_upper_bound_measurement,31233181709,open-web-domain-backfill-31233181709
cf943bd32c0c7376aabfa230,Scheuchzeria palustris,flower_size_class,floral_structural_complexity,< 1 inch,medium,https://plants.ces.ncsu.edu/plants/scheuchzeria-palustris,"Scheuchzeria palustris (Pod Grass, Rannoch-rush, Scheuchzeria) | North Carolina Extension Gardener Plant Toolbox",plants.ces.ncsu.edu,en,Flower Size:: < 1 inch,url:https://plants.ces.ncsu.edu/plants/scheuchzeria-palustris,canonical_url,exact_accepted_name,Scheuchzeria palustris,B,university_extension,approved_registry_trait,review_only_not_promoted,066efe00c58c69f1c1c6dad9b1931cdd7562c945be3c1517b05c2beebb4e804b,2026-08-08T01:42:23.296234Z,inventory:plants.ces.ncsu.edu,148,False,ambiguous_upper_bound_measurement,31233181709,open-web-domain-backfill-31233181709
bf67da60296f5717dd035ab1,Schima argentea,inflorescence_display,floral_structural_complexity,Raceme; Solitary,other_described,https://plants.ces.ncsu.edu/plants/schima-argentea,Schima argentea | North Carolina Extension Gardener Plant Toolbox,plants.ces.ncsu.edu,en,Flower Inflorescence:: Raceme; Solitary,url:https://plants.ces.ncsu.edu/plants/schima-argentea,canonical_url,exact_accepted_name,Schima argentea,B,university_extension,approved_registry_trait,review_only_not_promoted,06dd65e9dfa40dcd588f6f076d848ba6b2c014b420519efb40d01defbfc60267,2026-08-08T01:42:23.727418Z,inventory:plants.ces.ncsu.edu,149,False,ontology_value_not_allowed|multistate_collapsed_to_other_described,31233181709,open-web-domain-backfill-31233181709
1c5d926b772758fe598f0869,Scilla luciliae,flower_size_class,floral_structural_complexity,< 1 inch,medium,https://plants.ces.ncsu.edu/plants/scilla-luciliae,"Scilla luciliae (Glory of the Snow, Lucile's glory-of-the-snow, 'Violet Beauty') | North Carolina Extension Gardener Plant Toolbox",plants.ces.ncsu.edu,en,Flower Size:: < 1 inch,url:https://plants.ces.ncsu.edu/plants/scilla-luciliae,canonical_url,exact_accepted_name,Scilla luciliae,B,university_extension,approved_registry_trait,review_only_not_promoted,6144a5620e218c95967a197b082373f73e03fef40bc9d4903b495ca0e0a80da1,2026-08-08T01:42:25.111192Z,inventory:plants.ces.ncsu.edu,152,False,ambiguous_upper_bound_measurement,31233181709,open-web-domain-backfill-31233181709
de6859756f0389f6165a4cf4,Scilla mischtschenkoana,flower_size_class,floral_structural_complexity,< 1 inch,medium,https://plants.ces.ncsu.edu/plants/scilla-mischtschenkoana,"Scilla mischtschenkoana (Scilla, Squill, Tubergeniana, White Squill) | North Carolina Extension Gardener Plant Toolbox",plants.ces.ncsu.edu,en,Flower Size:: < 1 inch,url:https://plants.ces.ncsu.edu/plants/scilla-mischtschenkoana,canonical_url,exact_accepted_name,Scilla mischtschenkoana,B,university_extension,approved_registry_trait,review_only_not_promoted,c9358d8dd3f1f353e64765074b1beb3963c7720fa0a734308f70db99b5376097,2026-08-08T01:42:25.612015Z,inventory:plants.ces.ncsu.edu,153,False,ambiguous_upper_bound_measurement,31233181709,open-web-domain-backfill-31233181709
f57e086f92f2f12eff3e8bd6,Scindapsus pictus,flower_size_class,floral_structural_complexity,< 1 inch,medium,https://plants.ces.ncsu.edu/plants/scindapsus-pictus,"Scindapsus pictus (Satin Pothos, Silk Pothos, Silver Pothos) | North Carolina Extension Gardener Plant Toolbox",plants.ces.ncsu.edu,en,Flower Size:: < 1 inch,url:https://plants.ces.ncsu.edu/plants/scindapsus-pictus,canonical_url,exact_accepted_name,Scindapsus pictus,B,university_extension,approved_registry_trait,review_only_not_promoted,e70f17b0010533b45070696497af228afd4696febcc1f840ff934b943d229442,2026-08-08T01:42:26.508472Z,inventory:plants.ces.ncsu.edu,155,False,ambiguous_upper_bound_measurement,31233181709,open-web-domain-backfill-31233181709
2dd9a5e3623ebba13f952f70,Senna bicapsularis,flower_size_class,floral_structural_complexity,< 1 inch,medium,https://plants.ces.ncsu.edu/plants/senna-bicapsularis,"Senna bicapsularis (Butterfly Bush, Christmas Bush, Money Bush, Rambling Senna, Winter Cassia, Yellow Candlewood) | North Carolina Extension Gardener Plant Toolbox",plants.ces.ncsu.edu,en,Flower Size:: < 1 inch,url:https://plants.ces.ncsu.edu/plants/senna-bicapsularis,canonical_url,exact_accepted_name,Senna bicapsularis,B,university_extension,approved_registry_trait,review_only_not_promoted,9648fb4a3fa57bd91f585d5139b754698afe8b005f8c3b73fd74e0fbce9cfd1c,2026-08-08T01:42:27.889286Z,inventory:plants.ces.ncsu.edu,158,False,ambiguous_upper_bound_measurement,31233181709,open-web-domain-backfill-31233181709
efbeb37c3856243debc95e12,Senna marilandica,flower_size_class,floral_structural_complexity,< 1 inch,medium,https://plants.ces.ncsu.edu/plants/senna-marilandica,"Senna marilandica (Maryland Senna, Maryland Wild Senna) | North Carolina Extension Gardener Plant Toolbox",plants.ces.ncsu.edu,en,Flower Size:: < 1 inch,url:https://plants.ces.ncsu.edu/plants/senna-marilandica,canonical_url,exact_accepted_name,Senna marilandica,B,university_extension,approved_registry_trait,review_only_not_promoted,a3074dc4187fd2d667ea8766a99bde559ab704b556d07b455edb86bfb2c9b523,2026-08-08T01:42:28.349971Z,inventory:plants.ces.ncsu.edu,159,False,ambiguous_upper_bound_measurement,31233181709,open-web-domain-backfill-31233181709
9017ab67ad71647270d85071,Serenoa repens,flower_size_class,floral_structural_complexity,< 1 inch,medium,https://plants.ces.ncsu.edu/plants/serenoa-repens,Serenoa repens (Saw Palmetto) | North Carolina Extension Gardener Plant Toolbox,plants.ces.ncsu.edu,en,Flower Size:: < 1 inch,url:https://plants.ces.ncsu.edu/plants/serenoa-repens,canonical_url,exact_accepted_name,Serenoa repens,B,university_extension,approved_registry_trait,review_only_not_promoted,52b600b3c9d18e0038998641b3e3aebb1ca0e520d26b22fbcf5b1118b56fd85c,2026-08-08T01:42:28.813183Z,inventory:plants.ces.ncsu.edu,160,False,ambiguous_upper_bound_measurement,31233181709,open-web-domain-backfill-31233181709
491eb75b8bd5eb6c5a739f9c,Sericocarpus linifolius,flower_size_class,floral_structural_complexity,< 1 inch,medium,https://plants.ces.ncsu.edu/plants/sericocarpus-linifolius,"Sericocarpus linifolius (Flaxleaf Whitetop, Narrowleaf Whitetop Aster) | North Carolina Extension Gardener Plant Toolbox",plants.ces.ncsu.edu,en,Flower Size:: < 1 inch,url:https://plants.ces.ncsu.edu/plants/sericocarpus-linifolius,canonical_url,exact_accepted_name,Sericocarpus linifolius,B,university_extension,approved_registry_trait,review_only_not_promoted,f92d90d2cdc0eb6c891276c638b03217fa9395501a48e8e9596cd83c0a6233e4,2026-08-08T01:42:29.723011Z,inventory:plants.ces.ncsu.edu,162,False,ambiguous_upper_bound_measurement,31233181709,open-web-domain-backfill-31233181709
863a497b7c2a55bb82e55227,Sibbaldia tridentata,flower_size_class,floral_structural_complexity,< 1 inch,medium,https://plants.ces.ncsu.edu/plants/sibbaldia-tridentata,"Sibbaldia tridentata (Shrubby Five-fingers, Three-toothed Cinquefoil) | North Carolina Extension Gardener Plant Toolbox",plants.ces.ncsu.edu,en,Flower Size:: < 1 inch,url:https://plants.ces.ncsu.edu/plants/sibbaldia-tridentata,canonical_url,exact_accepted_name,Sibbaldia tridentata,B,university_extension,approved_registry_trait,review_only_not_promoted,4c29bd35198a5d168d8f58b3470fb5d8e7d18ae4bd18ad1df543dbcaf662c2d9,2026-08-08T01:42:32.460982Z,inventory:plants.ces.ncsu.edu,168,False,ambiguous_upper_bound_measurement,31233181709,open-web-domain-backfill-31233181709
ee4edf1178cdde72f320da85,Sideroxylon lanuginosum,flower_size_class,floral_structural_complexity,< 1 inch,medium,https://plants.ces.ncsu.edu/plants/sideroxylon-lanuginosum,"Sideroxylon lanuginosum (Black Haw, Chittamwood, False Buckthorn, Gum Bully, Gum Bumelia, Gum Woolybucket, Shittamwood, Wooly Buckthorn) | North Carolina Extension Gardener Plant Toolbox",plants.ces.ncsu.edu,en,Flower Size:: < 1 inch,url:https://plants.ces.ncsu.edu/plants/sideroxylon-lanuginosum,canonical_url,exact_accepted_name,Sideroxylon lanuginosum,B,university_extension,approved_registry_trait,review_only_not_promoted,d71c7eb04d2d42d82c8ac3b3c04be7505cee04f2fe62c229b61758549d016c0b,2026-08-08T01:42:32.923678Z,inventory:plants.ces.ncsu.edu,169,False,ambiguous_upper_bound_measurement,31233181709,open-web-domain-backfill-31233181709
d4bcfe3711c5460adf55c65f,Sideroxylon lycioides,flower_size_class,floral_structural_complexity,< 1 inch,medium,https://plants.ces.ncsu.edu/plants/sideroxylon-lycioides,"Sideroxylon lycioides (Buckthorn Bully, Buckthorn Bumelia) | North Carolina Extension Gardener Plant Toolbox",plants.ces.ncsu.edu,en,Flower Size:: < 1 inch,url:https://plants.ces.ncsu.edu/plants/sideroxylon-lycioides,canonical_url,exact_accepted_name,Sideroxylon lycioides,B,university_extension,approved_registry_trait,review_only_not_promoted,bbd88b81d62a59edb9807b06c246769b480146af182664e2018e928a6263a9ee,2026-08-08T01:42:33.387353Z,inventory:plants.ces.ncsu.edu,170,False,ambiguous_upper_bound_measurement,31233181709,open-web-domain-backfill-31233181709
a7fb5006eff5d725f358ff5a,Silphium terebinthinaceum,inflorescence_display,floral_structural_complexity,Head; Panicle,other_described,https://plants.ces.ncsu.edu/plants/silphium-terebinthinaceum,"Silphium terebinthinaceum (Prairie-dock, Prairie Rosinweed) | North Carolina Extension Gardener Plant Toolbox",plants.ces.ncsu.edu,en,Flower Inflorescence:: Head; Panicle,url:https://plants.ces.ncsu.edu/plants/silphium-terebinthinaceum,canonical_url,exact_accepted_name,Silphium terebinthinaceum,B,university_extension,approved_registry_trait,review_only_not_promoted,b7eb6d7466fbc58e107ead209605e155c7b02e28ed61b351d1981830f8a8ae0d,2026-08-08T01:42:35.224768Z,inventory:plants.ces.ncsu.edu,174,False,ontology_value_not_allowed|multistate_collapsed_to_other_described,31233181709,open-web-domain-backfill-31233181709
53b5a190b02a1222fd0cd5ab,Sisyrinchium angustifolium,flower_size_class,floral_structural_complexity,< 1 inch,medium,https://plants.ces.ncsu.edu/plants/sisyrinchium-angustifolium,"Sisyrinchium angustifolium (Bermuda Blue-eyed Grass, Blue-eyed Grass, Blue Eyes, Grass Flower, Narrow-leaf Blue-eyed-grass, Narrowleaf Blue-eyed Grass, Narrow-leaved Blue-eyed Grass, Sassy Grass, Stout blue-eyed grass) | North Carolina Extension Gardener Plant Toolbox",plants.ces.ncsu.edu,en,Flower Size:: < 1 inch,url:https://plants.ces.ncsu.edu/plants/sisyrinchium-angustifolium,canonical_url,exact_accepted_name,Sisyrinchium angustifolium,B,university_extension,approved_registry_trait,review_only_not_promoted,3d32349f00e37229b7b1ba1544dbab6f55814cc25763b75bb44505cc0fdf9acc,2026-08-08T01:42:37.536856Z,inventory:plants.ces.ncsu.edu,179,False,ambiguous_upper_bound_measurement,31233181709,open-web-domain-backfill-31233181709
3378377112e7da74baf433c5,Sisyrinchium atlanticum,flower_size_class,floral_structural_complexity,< 1 inch,medium,https://plants.ces.ncsu.edu/plants/sisyrinchium-atlanticum,"Sisyrinchium atlanticum (Bicknell Blue-eyed Grass, Eastern Blue Eyed Grass) | North Carolina Extension Gardener Plant Toolbox",plants.ces.ncsu.edu,en,Flower Size:: < 1 inch,url:https://plants.ces.ncsu.edu/plants/sisyrinchium-atlanticum,canonical_url,exact_accepted_name,Sisyrinchium atlanticum,B,university_extension,approved_registry_trait,review_only_not_promoted,548ad81ddf4163fd55350eae24d56071b05c4e3d30389f7f91f87c4084af1f85,2026-08-08T01:42:38.041706Z,inventory:plants.ces.ncsu.edu,180,False,ambiguous_upper_bound_measurement,31233181709,open-web-domain-backfill-31233181709
933d57e6d9f617142fe935c5,Sisyrinchium mucronatum,flower_size_class,floral_structural_complexity,< 1 inch,medium,https://plants.ces.ncsu.edu/plants/sisyrinchium-mucronatum,"Sisyrinchium mucronatum (Needle-pointed Blue-eyed Grass, Needle-tip Blue-eyed Grass, Slender Blue-eyed Grass) | North Carolina Extension Gardener Plant Toolbox",plants.ces.ncsu.edu,en,Flower Size:: < 1 inch,url:https://plants.ces.ncsu.edu/plants/sisyrinchium-mucronatum,canonical_url,exact_accepted_name,Sisyrinchium mucronatum,B,university_extension,approved_registry_trait,review_only_not_promoted,7463a9b0a2dbb89bf3e7f696c4afb50a1fabed71915168899d59cc063b45239b,2026-08-08T01:42:38.476808Z,inventory:plants.ces.ncsu.edu,181,False,ambiguous_upper_bound_measurement,31233181709,open-web-domain-backfill-31233181709
c6187632f3438201c50a31f0,Skimmia japonica,flower_size_class,floral_structural_complexity,< 1 inch,medium,https://plants.ces.ncsu.edu/plants/skimmia-japonica,Skimmia japonica (Japanese Skimmia) | North Carolina Extension Gardener Plant Toolbox,plants.ces.ncsu.edu,en,Flower Size:: < 1 inch,url:https://plants.ces.ncsu.edu/plants/skimmia-japonica,canonical_url,exact_accepted_name,Skimmia japonica,B,university_extension,approved_registry_trait,review_only_not_promoted,0ff233004511940da82c880b552f21437ff2ce13874b5668e163a434bcdb993b,2026-08-08T01:42:38.920638Z,inventory:plants.ces.ncsu.edu,182,False,ambiguous_upper_bound_measurement,31233181709,open-web-domain-backfill-31233181709
dd2f9d346c7d111cb39a4335,Smallanthus uvedalia,inflorescence_display,floral_structural_complexity,Head; Panicle,other_described,https://plants.ces.ncsu.edu/plants/smallanthus-uvedalia,"Smallanthus uvedalia (Bear's Foot, Hairy Leafcup, Yellow Flower Leafcup) | North Carolina Extension Gardener Plant Toolbox",plants.ces.ncsu.edu,en,Flower Inflorescence:: Head; Panicle,url:https://plants.ces.ncsu.edu/plants/smallanthus-uvedalia,canonical_url,exact_accepted_name,Smallanthus uvedalia,B,university_extension,approved_registry_trait,review_only_not_promoted,044cbe115200cf79a0dfeda75dc90f525a8160a20a9d7b879864aacfecadac73,2026-08-08T01:42:39.472852Z,inventory:plants.ces.ncsu.edu,183,False,ontology_value_not_allowed|multistate_collapsed_to_other_described,31233181709,open-web-domain-backfill-31233181709
770144a3fa71637610621d12,Smilax glabra,flower_size_class,floral_structural_complexity,< 1 inch,medium,https://plants.ces.ncsu.edu/plants/smilax-glabra,"Smilax glabra (Cat Brier, Chinaroot, China Root, Chin-lao-shu, Greenbrier, Jackson Brier, Kuang-yen-pa-hsieh, Sarsaparilla, Shan Ku'ei-lai, Shiny Leaf Smilax, Ti-hu-ling, Tufuling, Tu Fu-Ling) | North Carolina Extension Gardener Plant Toolbox",plants.ces.ncsu.edu,en,Flower Size:: < 1 inch,url:https://plants.ces.ncsu.edu/plants/smilax-glabra,canonical_url,exact_accepted_name,Smilax glabra,B,university_extension,approved_registry_trait,review_only_not_promoted,bfb737a55fb5be59830b5748bbbe800e870edfbd8188657362ed8c8213c73edf,2026-08-08T01:42:39.992808Z,inventory:plants.ces.ncsu.edu,184,False,ambiguous_upper_bound_measurement,31233181709,open-web-domain-backfill-31233181709
691ff204eff6de1b1c032074,Smilax glauca,flower_size_class,floral_structural_complexity,< 1 inch,medium,https://plants.ces.ncsu.edu/plants/smilax-glauca,"Smilax glauca (Cat Greenbriar, Sawbrier, Whiteleaf Greenbrier, Wild Sarsaparilla, Wild Sasparilla) | North Carolina Extension Gardener Plant Toolbox",plants.ces.ncsu.edu,en,Flower Size:: < 1 inch,url:https://plants.ces.ncsu.edu/plants/smilax-glauca,canonical_url,exact_accepted_name,Smilax glauca,B,university_extension,approved_registry_trait,review_only_not_promoted,c4852ff95c0dee64c0e2c324e6bf14756cd3fe96b3b46b92fdf8acd1839d532e,2026-08-08T01:42:40.447602Z,inventory:plants.ces.ncsu.edu,185,False,ambiguous_upper_bound_measurement,31233181709,open-web-domain-backfill-31233181709
49ad839c4d556ad4729c77bb,Smilax laurifolia,flower_size_class,floral_structural_complexity,< 1 inch,medium,https://plants.ces.ncsu.edu/plants/smilax-laurifolia,"Smilax laurifolia (Bamboo Vine, Blaspheme Vine, Greenbriar, Laurel Greenbriar, Laurel-leaved Greenbrier) | North Carolina Extension Gardener Plant Toolbox",plants.ces.ncsu.edu,en,Flower Size:: < 1 inch,url:https://plants.ces.ncsu.edu/plants/smilax-laurifolia,canonical_url,exact_accepted_name,Smilax laurifolia,B,university_extension,approved_registry_trait,review_only_not_promoted,95d53fc2a37e5eb428b02f8508ad00ed4a095cfbb698bcbfc7a082dbff51c87e,2026-08-08T01:42:42.507525Z,inventory:plants.ces.ncsu.edu,187,False,ambiguous_upper_bound_measurement,31233181709,open-web-domain-backfill-31233181709
7d5bf6f939c0ac288f8d2995,Smilax maritima,flower_size_class,floral_structural_complexity,< 1 inch,medium,https://plants.ces.ncsu.edu/plants/smilax-maritima,"Smilax maritima (Bamboo Vine, Jacksonbrier, Jacksonvine, Lanceleaf Greenbrier, Southern Smilax) | North Carolina Extension Gardener Plant Toolbox",plants.ces.ncsu.edu,en,Flower Size:: < 1 inch,url:https://plants.ces.ncsu.edu/plants/smilax-maritima,canonical_url,exact_accepted_name,Smilax maritima,B,university_extension,approved_registry_trait,review_only_not_promoted,713afc31468997926a80211f4f1fec8ee9cd0147a6fbae9ee0ef57dfe3538e37,2026-08-08T01:42:42.982677Z,inventory:plants.ces.ncsu.edu,188,False,ambiguous_upper_bound_measurement,31233181709,open-web-domain-backfill-31233181709
8ff2f41de5ae5f8abba588bd,Smilax rotundifolia,flower_size_class,floral_structural_complexity,< 1 inch,medium,https://plants.ces.ncsu.edu/plants/smilax-rotundifolia,"Smilax rotundifolia (Brambles, Bullbrier, Catbrier, Chaineybriar, Common Catbrier, Common Greenbrier, Horsebrier, Horse Brier, Round-Leaved Greenbrier) | North Carolina Extension Gardener Plant Toolbox",plants.ces.ncsu.edu,en,Flower Size:: < 1 inch,url:https://plants.ces.ncsu.edu/plants/smilax-rotundifolia,canonical_url,exact_accepted_name,Smilax rotundifolia,B,university_extension,approved_registry_trait,review_only_not_promoted,764e6c308a300ba3c7dde5acc296a225249d6db4df94d1442acc282518ba1a08,2026-08-08T01:42:43.447002Z,inventory:plants.ces.ncsu.edu,189,False,ambiguous_upper_bound_measurement,31233181709,open-web-domain-backfill-31233181709
106d5e3ec961ee5752a505c4,Smilax tamnoides,flower_size_class,floral_structural_complexity,< 1 inch,medium,https://plants.ces.ncsu.edu/plants/smilax-tamnoides,"Smilax tamnoides (Bristly Greenbrier, China Root, Hagbrier, Hellfetter, Smilax Tamnoides Vas) | North Carolina Extension Gardener Plant Toolbox",plants.ces.ncsu.edu,en,Flower Size:: < 1 inch,url:https://plants.ces.ncsu.edu/plants/smilax-tamnoides,canonical_url,exact_accepted_name,Smilax tamnoides,B,university_extension,approved_registry_trait,review_only_not_promoted,42011aea6ac41f6a9b59d1c11c778c492a9db94656d37e428ed07393f9188ffb,2026-08-08T01:42:43.927197Z,inventory:plants.ces.ncsu.edu,190,False,ambiguous_upper_bound_measurement,31233181709,open-web-domain-backfill-31233181709
5afeb4a869710df59efb1d4d,Smilax walteri,flower_size_class,floral_structural_complexity,< 1 inch,medium,https://plants.ces.ncsu.edu/plants/smilax-walteri,"Smilax walteri (Coral Greenbrier, Red Bead Greenbrier, Red-berried Bamboo, Red Berried Greenbrier, Red-berried Greenbrier, Red-berried Swamp Smilax, Walter's Greenbrier) | North Carolina Extension Gardener Plant Toolbox",plants.ces.ncsu.edu,en,Flower Size:: < 1 inch,url:https://plants.ces.ncsu.edu/plants/smilax-walteri,canonical_url,exact_accepted_name,Smilax walteri,B,university_extension,approved_registry_trait,review_only_not_promoted,786a368bd36d9ffc6b0cfe5078ffeb0106dfa9f36ae9bed300494fdb8049317b,2026-08-08T01:42:44.384568Z,inventory:plants.ces.ncsu.edu,191,False,ambiguous_upper_bound_measurement,31233181709,open-web-domain-backfill-31233181709
0da67fa5fc8c762e824054a6,Soleirolia soleirolii,flower_size_class,floral_structural_complexity,< 1 inch,medium,https://plants.ces.ncsu.edu/plants/soleirolia-soleirolii,"Soleirolia soleirolii (Angel's Tears, Baby's Tears, Corsican Carpet, Irish Moss, Japanese Moss, Mind-Your-Own-Business, Paddys Wig, Peace-in-the-Home, Pollyanna Vine) | North Carolina Extension Gardener Plant Toolbox",plants.ces.ncsu.edu,en,Flower Size:: < 1 inch,url:https://plants.ces.ncsu.edu/plants/soleirolia-soleirolii,canonical_url,exact_accepted_name,Soleirolia soleirolii,B,university_extension,approved_registry_trait,review_only_not_promoted,977764ee10f6d74eebcfdd3d04f47f9c484c0283dc62179afc304e577235b32d,2026-08-08T01:42:44.857154Z,inventory:plants.ces.ncsu.edu,192,False,ambiguous_upper_bound_measurement,31233181709,open-web-domain-backfill-31233181709
7106338fbea8ef4e7827efa5,Solidago bicolor,flower_size_class,floral_structural_complexity,< 1 inch,medium,https://plants.ces.ncsu.edu/plants/solidago-bicolor,"Solidago bicolor (Goldenrod, Silver-rod, White Goldenrod) | North Carolina Extension Gardener Plant Toolbox",plants.ces.ncsu.edu,en,Flower Size:: < 1 inch,url:https://plants.ces.ncsu.edu/plants/solidago-bicolor,canonical_url,exact_accepted_name,Solidago bicolor,B,university_extension,approved_registry_trait,review_only_not_promoted,f6552afde8ac406cbd1dc2df41efc38919c8b4c4c703c1d27a1498f17dad5278,2026-08-08T01:42:45.334853Z,inventory:plants.ces.ncsu.edu,193,False,ambiguous_upper_bound_measurement,31233181709,open-web-domain-backfill-31233181709
1d54be3fcf0826e6e0861f64,Solidago juncea,flower_size_class,floral_structural_complexity,< 1 inch,medium,https://plants.ces.ncsu.edu/plants/solidago-juncea,"Solidago juncea (Early Goldenrod, Goldenrod, Plume Goldenrod, Yellow Top) | North Carolina Extension Gardener Plant Toolbox",plants.ces.ncsu.edu,en,Flower Size:: < 1 inch,url:https://plants.ces.ncsu.edu/plants/solidago-juncea,canonical_url,exact_accepted_name,Solidago juncea,B,university_extension,approved_registry_trait,review_only_not_promoted,45d616b710410d8fa87eb08b3460dfe0afda649f631cf4e8437302b3f1f4542f,2026-08-08T01:42:46.286228Z,inventory:plants.ces.ncsu.edu,195,False,ambiguous_upper_bound_measurement,31233181709,open-web-domain-backfill-31233181709
98359c88c1d1b5f9f3e4fed3,Solidago nemoralis,flower_size_class,floral_structural_complexity,< 1 inch,medium,https://plants.ces.ncsu.edu/plants/solidago-nemoralis,"Solidago nemoralis (Common Goldenrod, Goldenrod, Gray Goldenrod, Old Field Goldenrod) | North Carolina Extension Gardener Plant Toolbox",plants.ces.ncsu.edu,en,Flower Size:: < 1 inch,url:https://plants.ces.ncsu.edu/plants/solidago-nemoralis,canonical_url,exact_accepted_name,Solidago nemoralis,B,university_extension,approved_registry_trait,review_only_not_promoted,5584a6b884b32cf35b742ba0d6326c880e90d8b8b7c93ed120737bce52ee4ffc,2026-08-08T01:42:46.727623Z,inventory:plants.ces.ncsu.edu,196,False,ambiguous_upper_bound_measurement,31233181709,open-web-domain-backfill-31233181709
413c4f9959ce3b74214b18ca,Solidago odora,flower_size_class,floral_structural_complexity,< 1 inch,medium,https://plants.ces.ncsu.edu/plants/solidago-odora,"Solidago odora (Anise Goldenrod, Anise-scented Goldenrod, Fragrant Goldenrod, Goldenrod, Licorice Goldenrod, Sweet Goldenrod) | North Carolina Extension Gardener Plant Toolbox",plants.ces.ncsu.edu,en,Flower Size:: < 1 inch,url:https://plants.ces.ncsu.edu/plants/solidago-odora,canonical_url,exact_accepted_name,Solidago odora,B,university_extension,approved_registry_trait,review_only_not_promoted,0757f73216afe457a4a56a82ef05e92151c42307ee83f61d5d1512feef2ad03e,2026-08-08T01:42:47.244954Z,inventory:plants.ces.ncsu.edu,197,False,ambiguous_upper_bound_measurement,31233181709,open-web-domain-backfill-31233181709
366372f6839a9ff12665ed82,Solidago petiolaris,flower_size_class,floral_structural_complexity,< 1 inch,medium,https://plants.ces.ncsu.edu/plants/solidago-petiolaris,"Solidago petiolaris (Downy Goldenrod, Downy Ragged Golden Rod, Goldenrod) | North Carolina Extension Gardener Plant Toolbox",plants.ces.ncsu.edu,en,Flower Size:: < 1 inch,url:https://plants.ces.ncsu.edu/plants/solidago-petiolaris,canonical_url,exact_accepted_name,Solidago petiolaris,B,university_extension,approved_registry_trait,review_only_not_promoted,7e3aa5afe29f21137af6e6091744c8a2c7cf85bbc66825afe0db86cc59e9ba5b,2026-08-08T01:42:48.207864Z,inventory:plants.ces.ncsu.edu,198,False,ambiguous_upper_bound_measurement,31233181709,open-web-domain-backfill-31233181709
1c7dbbddfb4e85560bfdd6e1,Solidago ptarmicoides,flower_size_class,floral_structural_complexity,< 1 inch,medium,https://plants.ces.ncsu.edu/plants/solidago-ptarmicoides,"Solidago ptarmicoides (Goldenrod, Prairie Aster, Sneezewort Aster, Upland White Aster, Upland White Goldenrod) | North Carolina Extension Gardener Plant Toolbox",plants.ces.ncsu.edu,en,Flower Size:: < 1 inch,url:https://plants.ces.ncsu.edu/plants/solidago-ptarmicoides,canonical_url,exact_accepted_name,Solidago ptarmicoides,B,university_extension,approved_registry_trait,review_only_not_promoted,078d61a11aa110498152d625db69da3a6f5523297b2980cd3b30a95b77a99c74,2026-08-08T01:42:48.681068Z,inventory:plants.ces.ncsu.edu,199,False,ambiguous_upper_bound_measurement,31233181709,open-web-domain-backfill-31233181709
825a2dae4eb40b4ff5eab2b4,Solidago ptarmicoides,inflorescence_display,floral_structural_complexity,Corymb; Solitary,other_described,https://plants.ces.ncsu.edu/plants/solidago-ptarmicoides,"Solidago ptarmicoides (Goldenrod, Prairie Aster, Sneezewort Aster, Upland White Aster, Upland White Goldenrod) | North Carolina Extension Gardener Plant Toolbox",plants.ces.ncsu.edu,en,Flower Inflorescence:: Corymb; Solitary,url:https://plants.ces.ncsu.edu/plants/solidago-ptarmicoides,canonical_url,exact_accepted_name,Solidago ptarmicoides,B,university_extension,approved_registry_trait,review_only_not_promoted,078d61a11aa110498152d625db69da3a6f5523297b2980cd3b30a95b77a99c74,2026-08-08T01:42:48.681068Z,inventory:plants.ces.ncsu.edu,199,False,ontology_value_not_allowed|multistate_collapsed_to_other_described,31233181709,open-web-domain-backfill-31233181709
458977e0f80134aa9857f22b,Solidago rugosa,flower_size_class,floral_structural_complexity,< 1 inch,medium,https://plants.ces.ncsu.edu/plants/solidago-rugosa,"Solidago rugosa (Goldenrod, Rough Goldenrod, Rough-leaf Goldenrod, Rough-stemmed Goldenrod, Wrinkled Goldenrod, Wrinkle-leaf Goldenrod, Wrinkleleaf Goldenrod) | North Carolina Extension Gardener Plant Toolbox",plants.ces.ncsu.edu,en,Flower Size:: < 1 inch,url:https://plants.ces.ncsu.edu/plants/solidago-rugosa,canonical_url,exact_accepted_name,Solidago rugosa,B,university_extension,approved_registry_trait,review_only_not_promoted,4cfa452adfac472c3214b4a5fea442f9716a9b40994a2ba20658312e3942249e,2026-08-08T01:42:49.129055Z,inventory:plants.ces.ncsu.edu,200,False,ambiguous_upper_bound_measurement,31233181709,open-web-domain-backfill-31233181709
43d9fd3593407d704806749a,Solidago sempervirens,flower_size_class,floral_structural_complexity,< 1 inch,medium,https://plants.ces.ncsu.edu/plants/solidago-sempervirens,"Solidago sempervirens (Goldenrod, Northern Seaside Goldenrod, Seaside Goldenrod) | North Carolina Extension Gardener Plant Toolbox",plants.ces.ncsu.edu,en,Flower Size:: < 1 inch,url:https://plants.ces.ncsu.edu/plants/solidago-sempervirens,canonical_url,exact_accepted_name,Solidago sempervirens,B,university_extension,approved_registry_trait,review_only_not_promoted,d8ab5ae778a050f268639ac910870513fff89ff5e30a3805393d2fa3a7b9f75f,2026-08-08T01:42:49.605800Z,inventory:plants.ces.ncsu.edu,201,False,ambiguous_upper_bound_measurement,31233181709,open-web-domain-backfill-31233181709
41095e600e998761eca091f8,Solidago sphacelata,flower_size_class,floral_structural_complexity,< 1 inch,medium,https://plants.ces.ncsu.edu/plants/solidago-sphacelata,"Solidago sphacelata (Autumn Goldenrod, False Goldenrod, Short-pappus Goldenrod) | North Carolina Extension Gardener Plant Toolbox",plants.ces.ncsu.edu,en,Flower Size:: < 1 inch,url:https://plants.ces.ncsu.edu/plants/solidago-sphacelata,canonical_url,exact_accepted_name,Solidago sphacelata,B,university_extension,approved_registry_trait,review_only_not_promoted,23f9984fe8bc962cd52ccca5430e4e8a281b5ad78a2c11a09de88580c07a0cdb,2026-08-08T01:42:50.646005Z,inventory:plants.ces.ncsu.edu,203,False,ambiguous_upper_bound_measurement,31233181709,open-web-domain-backfill-31233181709
0f5fb9ced3bf428e3f1c7f87,Solidago sphacelata,inflorescence_display,floral_structural_complexity,Head; Panicle,other_described,https://plants.ces.ncsu.edu/plants/solidago-sphacelata,"Solidago sphacelata (Autumn Goldenrod, False Goldenrod, Short-pappus Goldenrod) | North Carolina Extension Gardener Plant Toolbox",plants.ces.ncsu.edu,en,Flower Inflorescence:: Head; Panicle,url:https://plants.ces.ncsu.edu/plants/solidago-sphacelata,canonical_url,exact_accepted_name,Solidago sphacelata,B,university_extension,approved_registry_trait,review_only_not_promoted,23f9984fe8bc962cd52ccca5430e4e8a281b5ad78a2c11a09de88580c07a0cdb,2026-08-08T01:42:50.646005Z,inventory:plants.ces.ncsu.edu,203,False,ontology_value_not_allowed|multistate_collapsed_to_other_described,31233181709,open-web-domain-backfill-31233181709
b7c79a1a702c5461ab1ca8b8,Solidago stricta,flower_size_class,floral_structural_complexity,< 1 inch,medium,https://plants.ces.ncsu.edu/plants/solidago-stricta,"Solidago stricta (Goldenrod, Wand Goldenrod, Willowleaf Goldenrod) | North Carolina Extension Gardener Plant Toolbox",plants.ces.ncsu.edu,en,Flower Size:: < 1 inch,url:https://plants.ces.ncsu.edu/plants/solidago-stricta,canonical_url,exact_accepted_name,Solidago stricta,B,university_extension,approved_registry_trait,review_only_not_promoted,7d497388d1743d61ab2053d6f124614bc241ebbd3ec7d231317b3a30bc745b9a,2026-08-08T01:42:51.105893Z,inventory:plants.ces.ncsu.edu,204,False,ambiguous_upper_bound_measurement,31233181709,open-web-domain-backfill-31233181709
97719f76e9bca2d401e4159e,Soliva sessilis,flower_size_class,floral_structural_complexity,< 1 inch,medium,https://plants.ces.ncsu.edu/plants/soliva-sessilis,"Soliva sessilis (Bindi Weed, Field Burweed, Lawn Burweed, Spurweed) | North Carolina Extension Gardener Plant Toolbox",plants.ces.ncsu.edu,en,Flower Size:: < 1 inch,url:https://plants.ces.ncsu.edu/plants/soliva-sessilis,canonical_url,exact_accepted_name,Soliva sessilis,B,university_extension,approved_registry_trait,review_only_not_promoted,7fb60d8f189d6cc5d99035733bbeecb87cbe8046bf3c827a8a22c9fea7b3f982,2026-08-08T01:42:52.011302Z,inventory:plants.ces.ncsu.edu,206,False,ambiguous_upper_bound_measurement,31233181709,open-web-domain-backfill-31233181709
14b15495846f3eadc94a9c58,Sophora davidii,flower_size_class,floral_structural_complexity,< 1 inch,medium,https://plants.ces.ncsu.edu/plants/sophora-davidii,"Sophora davidii (David's Mountain Laurel, Sophora) | North Carolina Extension Gardener Plant Toolbox",plants.ces.ncsu.edu,en,Flower Size:: < 1 inch,url:https://plants.ces.ncsu.edu/plants/sophora-davidii,canonical_url,exact_accepted_name,Sophora davidii,B,university_extension,approved_registry_trait,review_only_not_promoted,0c1914e20c5f35210c01335de6ba1f986d08520870ed43fd8e84fd9f611557ec,2026-08-08T01:42:52.919815Z,inventory:plants.ces.ncsu.edu,208,False,ambiguous_upper_bound_measurement,31233181709,open-web-domain-backfill-31233181709
08d10dd72f44d1616858e5c6,Sorbaria sorbifolia,flower_size_class,floral_structural_complexity,< 1 inch,medium,https://plants.ces.ncsu.edu/plants/sorbaria-sorbifolia,Sorbaria sorbifolia (False Spirea) | North Carolina Extension Gardener Plant Toolbox,plants.ces.ncsu.edu,en,Flower Size:: < 1 inch,url:https://plants.ces.ncsu.edu/plants/sorbaria-sorbifolia,canonical_url,exact_accepted_name,Sorbaria sorbifolia,B,university_extension,approved_registry_trait,review_only_not_promoted,691f09a7e9f6b4417d254d48ba9a70ab37695e550f10b27d57161a234f84bdfa,2026-08-08T01:42:53.409608Z,inventory:plants.ces.ncsu.edu,209,False,ambiguous_upper_bound_measurement,31233181709,open-web-domain-backfill-31233181709
39bba01e9bfc77dbd642bf23,Sorghum bicolor,flower_size_class,floral_structural_complexity,< 1 inch,medium,https://plants.ces.ncsu.edu/plants/sorghum-bicolor,"Sorghum bicolor (Common Wild Sorghum, Durra, Grain Sorghum, Great Millet, Indian Millet, Jowar, Milo, Sorghum, Sudangrass) | North Carolina Extension Gardener Plant Toolbox",plants.ces.ncsu.edu,en,Flower Size:: < 1 inch,url:https://plants.ces.ncsu.edu/plants/sorghum-bicolor,canonical_url,exact_accepted_name,Sorghum bicolor,B,university_extension,approved_registry_trait,review_only_not_promoted,15278fe83757164c969ae420fbcce4281607e521d26dd60e45dde95ad4de95b7,2026-08-08T01:42:54.725720Z,inventory:plants.ces.ncsu.edu,212,False,ambiguous_upper_bound_measurement,31233181709,open-web-domain-backfill-31233181709
36f9ca8b694d97127d84a577,Spartium junceum,flower_size_class,floral_structural_complexity,< 1 inch,medium,https://plants.ces.ncsu.edu/plants/spartium-junceum,"Spartium junceum (Rush Broom, Spanish Broom, Weaver's Broom) | North Carolina Extension Gardener Plant Toolbox",plants.ces.ncsu.edu,en,Flower Size:: < 1 inch,url:https://plants.ces.ncsu.edu/plants/spartium-junceum,canonical_url,exact_accepted_name,Spartium junceum,B,university_extension,approved_registry_trait,review_only_not_promoted,e061e2d0de46692007e0739f72619b2bc33de331c857039886292ae2c86f0962,2026-08-08T01:42:55.650178Z,inventory:plants.ces.ncsu.edu,214,False,ambiguous_upper_bound_measurement,31233181709,open-web-domain-backfill-31233181709
c470cb6ddd096ef9ecd20048,Sphagneticola trilobata,flower_size_class,floral_structural_complexity,< 1 inch,medium,https://plants.ces.ncsu.edu/plants/sphagneticola-trilobata,"Sphagneticola trilobata (Creeping Oxeye, Wedelia) | North Carolina Extension Gardener Plant Toolbox",plants.ces.ncsu.edu,en,Flower Size:: < 1 inch,url:https://plants.ces.ncsu.edu/plants/sphagneticola-trilobata,canonical_url,exact_accepted_name,Sphagneticola trilobata,B,university_extension,approved_registry_trait,review_only_not_promoted,b0eb676b122f785a17de293631d0aed3aedaec8191a6a6a0f3e0bbd4aeddc616,2026-08-08T01:42:56.100175Z,inventory:plants.ces.ncsu.edu,215,False,ambiguous_upper_bound_measurement,31233181709,open-web-domain-backfill-31233181709
0926af472306838f45d37fe2,Spinacia oleracea,flower_size_class,floral_structural_complexity,< 1 inch,medium,https://plants.ces.ncsu.edu/plants/spinacia-oleracea,"Spinacia oleracea (Spinach, Spinaches) | North Carolina Extension Gardener Plant Toolbox",plants.ces.ncsu.edu,en,Flower Size:: < 1 inch,url:https://plants.ces.ncsu.edu/plants/spinacia-oleracea,canonical_url,exact_accepted_name,Spinacia oleracea,B,university_extension,approved_registry_trait,review_only_not_promoted,8f78b79736abdbd3f41b09f2cd37bb02db4771750f864b8572678b722570ce3d,2026-08-08T01:42:56.553674Z,inventory:plants.ces.ncsu.edu,216,False,ambiguous_upper_bound_measurement,31233181709,open-web-domain-backfill-31233181709
a2913eee964e29d2adfb905f,Spiraea japonica,flower_size_class,floral_structural_complexity,< 1 inch,medium,https://plants.ces.ncsu.edu/plants/spiraea-japonica,"Spiraea japonica (Bumald Spiraea, Japanese Meadowsweet, Japanese Spiraea) | North Carolina Extension Gardener Plant Toolbox",plants.ces.ncsu.edu,en,Flower Size:: < 1 inch,url:https://plants.ces.ncsu.edu/plants/spiraea-japonica,canonical_url,exact_accepted_name,Spiraea japonica,B,university_extension,approved_registry_trait,review_only_not_promoted,1c4b0bfc0e5a1d32116004ccda3ef825d961916f86b94135be3b55e42fdde2fc,2026-08-08T01:42:58.638454Z,inventory:plants.ces.ncsu.edu,220,False,ambiguous_upper_bound_measurement,31233181709,open-web-domain-backfill-31233181709
6320541feb384206b1860a77,Spiraea prunifolia,flower_size_class,floral_structural_complexity,< 1 inch,medium,https://plants.ces.ncsu.edu/plants/spiraea-prunifolia,"Spiraea prunifolia (Bridal wreath, Bridal Wreath Spiraea, Bridal Wreath Spirea) | North Carolina Extension Gardener Plant Toolbox",plants.ces.ncsu.edu,en,Flower Size:: < 1 inch,url:https://plants.ces.ncsu.edu/plants/spiraea-prunifolia,canonical_url,exact_accepted_name,Spiraea prunifolia,B,university_extension,approved_registry_trait,review_only_not_promoted,e1cd70a6bafce57780a1159c5f5a036a9aee19c689339df30f9df36cfc51058d,2026-08-08T01:42:59.200958Z,inventory:plants.ces.ncsu.edu,221,False,ambiguous_upper_bound_measurement,31233181709,open-web-domain-backfill-31233181709
9984aa9531fc9a9d835edd44,Spiraea salicifolia,flower_size_class,floral_structural_complexity,< 1 inch,medium,https://plants.ces.ncsu.edu/plants/spiraea-salicifolia,"Spiraea salicifolia (Bridewort, Willow-Leaf Meadowsweet, Willowleaf Meadowsweet, Willow-leaved Meadowsweet, Willow-leaved Spirea, Willow Spiraea) | North Carolina Extension Gardener Plant Toolbox",plants.ces.ncsu.edu,en,Flower Size:: < 1 inch,url:https://plants.ces.ncsu.edu/plants/spiraea-salicifolia,canonical_url,exact_accepted_name,Spiraea salicifolia,B,university_extension,approved_registry_trait,review_only_not_promoted,ebc85322991454eb98b1bb58966b1ec5b81cf4376567dc0e7ce2eec62a81c9d6,2026-08-08T01:42:59.631346Z,inventory:plants.ces.ncsu.edu,222,False,ambiguous_upper_bound_measurement,31233181709,open-web-domain-backfill-31233181709
8437e58657114e6960381cef,Spiraea thunbergii,flower_size_class,floral_structural_complexity,< 1 inch,medium,https://plants.ces.ncsu.edu/plants/spiraea-thunbergii,"Spiraea thunbergii (Baby's Breath Spiraea, Breath of Spring Spiraea, Thunberg's Meadowsweet, Thunberg Spiraea) | North Carolina Extension Gardener Plant Toolbox",plants.ces.ncsu.edu,en,Flower Size:: < 1 inch,url:https://plants.ces.ncsu.edu/plants/spiraea-thunbergii,canonical_url,exact_accepted_name,Spiraea thunbergii,B,university_extension,approved_registry_trait,review_only_not_promoted,3919ac8b85865402a00cbe4d93e3a3d5d73d8530dc2e72cdca40cb6c5e154b84,2026-08-08T01:43:00.093572Z,inventory:plants.ces.ncsu.edu,223,False,ambiguous_upper_bound_measurement,31233181709,open-web-domain-backfill-31233181709
90ac3bc2a5e9b6aa97039db6,Spiraea tomentosa,flower_size_class,floral_structural_complexity,< 1 inch,medium,https://plants.ces.ncsu.edu/plants/spiraea-tomentosa,"Spiraea tomentosa (Hardbark Spiraea, Hardhack, Spiraea, Steeplebush) | North Carolina Extension Gardener Plant Toolbox",plants.ces.ncsu.edu,en,Flower Size:: < 1 inch,url:https://plants.ces.ncsu.edu/plants/spiraea-tomentosa,canonical_url,exact_accepted_name,Spiraea tomentosa,B,university_extension,approved_registry_trait,review_only_not_promoted,fee4e9029d985f8d805028575bd6a86d81bc26a96d94175aa82ef2262ddaf50e,2026-08-08T01:43:00.567216Z,inventory:plants.ces.ncsu.edu,224,False,ambiguous_upper_bound_measurement,31233181709,open-web-domain-backfill-31233181709
b400ee5dd4241cc06236456f,Spirodela polyrhiza,flower_size_class,floral_structural_complexity,< 1 inch,medium,https://plants.ces.ncsu.edu/plants/spirodela-polyrhiza,"Spirodela polyrhiza (Common Duckmeat, Common Duckweed, Dotted Duckmeat, Duckmeat, Greater Duckweed, Minnow-fole) | North Carolina Extension Gardener Plant Toolbox",plants.ces.ncsu.edu,en,Flower Size:: < 1 inch,url:https://plants.ces.ncsu.edu/plants/spirodela-polyrhiza,canonical_url,exact_accepted_name,Spirodela polyrhiza,B,university_extension,approved_registry_trait,review_only_not_promoted,d050736fcfe239adddf243ccb2280a347749e0c7000f3a61091cf7267ff9349a,2026-08-08T01:43:01.467891Z,inventory:plants.ces.ncsu.edu,226,False,ambiguous_upper_bound_measurement,31233181709,open-web-domain-backfill-31233181709
3c3479d72545e88c82e0053a,Stachys byzantina,flower_size_class,floral_structural_complexity,< 1 inch,medium,https://plants.ces.ncsu.edu/plants/stachys-byzantina,"Stachys byzantina (Donkey's Ears, Lamb's Ear, Lamb's-ears, Lamb's wool, Wooly Betony) | North Carolina Extension Gardener Plant Toolbox",plants.ces.ncsu.edu,en,Flower Size:: < 1 inch,url:https://plants.ces.ncsu.edu/plants/stachys-byzantina,canonical_url,exact_accepted_name,Stachys byzantina,B,university_extension,approved_registry_trait,review_only_not_promoted,38e737e88ace98c4756f84d1b767179055f1be0184fa828b4fcff8a99d5c2596,2026-08-08T01:43:03.298878Z,inventory:plants.ces.ncsu.edu,230,False,ambiguous_upper_bound_measurement,31233181709,open-web-domain-backfill-31233181709
8fd3cee82bbedcf97c6d8a76,Stachys floridana,flower_size_class,floral_structural_complexity,< 1 inch,medium,https://plants.ces.ncsu.edu/plants/stachys-floridana,"Stachys floridana (Florida Betony, Florida Hedgenettle, Rattlesnake Weed) | North Carolina Extension Gardener Plant Toolbox",plants.ces.ncsu.edu,en,Flower Size:: < 1 inch,url:https://plants.ces.ncsu.edu/plants/stachys-floridana,canonical_url,exact_accepted_name,Stachys floridana,B,university_extension,approved_registry_trait,review_only_not_promoted,f91b76415a8cb3ab5537d916e8cf0d3038031679fa8bc02b308e6701f64549e3,2026-08-08T01:43:03.935837Z,inventory:plants.ces.ncsu.edu,231,False,ambiguous_upper_bound_measurement,31233181709,open-web-domain-backfill-31233181709
7423ec0124a3bd4af0574d7c,Staphylea bumalda,flower_size_class,floral_structural_complexity,< 1 inch,medium,https://plants.ces.ncsu.edu/plants/staphylea-bumalda,"Staphylea bumalda (Bladdernut, Bumald Bladdernut, Japanese Bladdernut) | North Carolina Extension Gardener Plant Toolbox",plants.ces.ncsu.edu,en,Flower Size:: < 1 inch,url:https://plants.ces.ncsu.edu/plants/staphylea-bumalda,canonical_url,exact_accepted_name,Staphylea bumalda,B,university_extension,approved_registry_trait,review_only_not_promoted,4b7e5eab7277328d703a46641fefd6b02010ff1dc6e43ba9d4f508594919b2cc,2026-08-08T01:43:05.303145Z,inventory:plants.ces.ncsu.edu,234,False,ambiguous_upper_bound_measurement,31233181709,open-web-domain-backfill-31233181709
3bd42367dd0cf68f788c5800,Staphylea holocarpa,flower_size_class,floral_structural_complexity,< 1 inch,medium,https://plants.ces.ncsu.edu/plants/staphylea-holocarpa,Staphylea holocarpa (Chinese Bladdernut) | North Carolina Extension Gardener Plant Toolbox,plants.ces.ncsu.edu,en,Flower Size:: < 1 inch,url:https://plants.ces.ncsu.edu/plants/staphylea-holocarpa,canonical_url,exact_accepted_name,Staphylea holocarpa,B,university_extension,approved_registry_trait,review_only_not_promoted,c97a99d3669739efb180afc80fc08ea7652b2ef7d1fc94fd042807568683b8c1,2026-08-08T01:43:06.223388Z,inventory:plants.ces.ncsu.edu,236,False,ambiguous_upper_bound_measurement,31233181709,open-web-domain-backfill-31233181709
31992637f65a71dadedcf18f,Staphylea pinnata,flower_size_class,floral_structural_complexity,< 1 inch,medium,https://plants.ces.ncsu.edu/plants/staphylea-pinnata,Staphylea pinnata (European Bladdernut) | North Carolina Extension Gardener Plant Toolbox,plants.ces.ncsu.edu,en,Flower Size:: < 1 inch,url:https://plants.ces.ncsu.edu/plants/staphylea-pinnata,canonical_url,exact_accepted_name,Staphylea pinnata,B,university_extension,approved_registry_trait,review_only_not_promoted,b329798a85a4e61b3c7005b21b8689b43a2763cca95888ca20e062c9d548e0b3,2026-08-08T01:43:07.128316Z,inventory:plants.ces.ncsu.edu,238,False,ambiguous_upper_bound_measurement,31233181709,open-web-domain-backfill-31233181709
a6f7be3902937703b8107725,Staphylea trifolia,flower_size_class,floral_structural_complexity,< 1 inch,medium,https://plants.ces.ncsu.edu/plants/staphylea-trifolia,"Staphylea trifolia (American Bladdernut, Bladdernut) | North Carolina Extension Gardener Plant Toolbox",plants.ces.ncsu.edu,en,Flower Size:: < 1 inch,url:https://plants.ces.ncsu.edu/plants/staphylea-trifolia,canonical_url,exact_accepted_name,Staphylea trifolia,B,university_extension,approved_registry_trait,review_only_not_promoted,66ef76994031c7303ee9da19735dea6219034a847954c867c637b76bb50dfc10,2026-08-08T01:43:07.697078Z,inventory:plants.ces.ncsu.edu,239,False,ambiguous_upper_bound_measurement,31233181709,open-web-domain-backfill-31233181709
51d0854f09654554cbe683b7,Stenanthium densum,flower_size_class,floral_structural_complexity,< 1 inch,medium,https://plants.ces.ncsu.edu/plants/stenanthium-densum,"Stenanthium densum (Black Death Camas, Black Snakeroot, Crow Poison, Crow-poison, Death Camas, Osceola's Plume, Savanna Camas) | North Carolina Extension Gardener Plant Toolbox",plants.ces.ncsu.edu,en,Flower Size:: < 1 inch,url:https://plants.ces.ncsu.edu/plants/stenanthium-densum,canonical_url,exact_accepted_name,Stenanthium densum,B,university_extension,approved_registry_trait,review_only_not_promoted,09569f313c466303dc3c7447bdd3a8af3a9b5dd27d39d0612c6cde870e19182f,2026-08-08T01:43:08.171849Z,inventory:plants.ces.ncsu.edu,240,False,ambiguous_upper_bound_measurement,31233181709,open-web-domain-backfill-31233181709
8546a5f725884e39a55f2b3e,Stenotaphrum secundatum,flower_size_class,floral_structural_complexity,< 1 inch,medium,https://plants.ces.ncsu.edu/plants/stenotaphrum-secundatum,"Stenotaphrum secundatum (St. Augustinegrass, St. Augustine Grass) | North Carolina Extension Gardener Plant Toolbox",plants.ces.ncsu.edu,en,Flower Size:: < 1 inch,url:https://plants.ces.ncsu.edu/plants/stenotaphrum-secundatum,canonical_url,exact_accepted_name,Stenotaphrum secundatum,B,university_extension,approved_registry_trait,review_only_not_promoted,622e6d5bb45c5a73762055d6183b984cbdd80ffd4e541c62d07c783e0af41a40,2026-08-08T01:43:08.625135Z,inventory:plants.ces.ncsu.edu,241,False,ambiguous_upper_bound_measurement,31233181709,open-web-domain-backfill-31233181709
61ded418e773bdd4a6ee3315,Stromanthe thalia,flower_size_class,floral_structural_complexity,< 1 inch,medium,https://plants.ces.ncsu.edu/plants/stromanthe-thalia,Stromanthe thalia (Stromanthe) | North Carolina Extension Gardener Plant Toolbox,plants.ces.ncsu.edu,en,Flower Size:: < 1 inch,url:https://plants.ces.ncsu.edu/plants/stromanthe-thalia,canonical_url,exact_accepted_name,Stromanthe thalia,B,university_extension,approved_registry_trait,review_only_not_promoted,58090f7772436380773c1ad231d1af568facab71f25ed7e74de8e95205de136b,2026-08-08T01:43:13.239463Z,inventory:plants.ces.ncsu.edu,251,False,ambiguous_upper_bound_measurement,31233181709,open-web-domain-backfill-31233181709
3db22ccc10ab861ae36ea23b,Stylophorum diphyllum,inflorescence_display,floral_structural_complexity,Head; Umbel,other_described,https://plants.ces.ncsu.edu/plants/stylophorum-diphyllum,"Stylophorum diphyllum (Celandine Poppy, Wood poppy, Woods-poppy, Yellow Wood Poppy) | North Carolina Extension Gardener Plant Toolbox",plants.ces.ncsu.edu,en,Flower Inflorescence:: Head; Umbel,url:https://plants.ces.ncsu.edu/plants/stylophorum-diphyllum,canonical_url,exact_accepted_name,Stylophorum diphyllum,B,university_extension,approved_registry_trait,review_only_not_promoted,8bde49fdbe4e9c0c1d1633e145fe35755eb04cf165a3e1e0b5715a519c5f65c2,2026-08-08T01:43:13.706517Z,inventory:plants.ces.ncsu.edu,252,False,ontology_value_not_allowed|multistate_collapsed_to_other_described,31233181709,open-web-domain-backfill-31233181709
ab90e394ea8e651184f2333e,Stylosanthes biflora,flower_size_class,floral_structural_complexity,< 1 inch,medium,https://plants.ces.ncsu.edu/plants/stylosanthes-biflora,"Stylosanthes biflora (Endbeak Pencilflower, Pencil Flower, Sidebeak Pencilflower) | North Carolina Extension Gardener Plant Toolbox",plants.ces.ncsu.edu,en,Flower Size:: < 1 inch,url:https://plants.ces.ncsu.edu/plants/stylosanthes-biflora,canonical_url,exact_accepted_name,Stylosanthes biflora,B,university_extension,approved_registry_trait,review_only_not_promoted,2aaf42e9cf2ba91f84f9eb6a0578126a9411bf9d63ed89d18ac55de0e02299a7,2026-08-08T01:43:14.172393Z,inventory:plants.ces.ncsu.edu,253,False,ambiguous_upper_bound_measurement,31233181709,open-web-domain-backfill-31233181709
57c9493df427945709247cc2,Stylosanthes biflora,inflorescence_display,floral_structural_complexity,Head; Solitary,other_described,https://plants.ces.ncsu.edu/plants/stylosanthes-biflora,"Stylosanthes biflora (Endbeak Pencilflower, Pencil Flower, Sidebeak Pencilflower) | North Carolina Extension Gardener Plant Toolbox",plants.ces.ncsu.edu,en,Flower Inflorescence:: Head; Solitary,url:https://plants.ces.ncsu.edu/plants/stylosanthes-biflora,canonical_url,exact_accepted_name,Stylosanthes biflora,B,university_extension,approved_registry_trait,review_only_not_promoted,2aaf42e9cf2ba91f84f9eb6a0578126a9411bf9d63ed89d18ac55de0e02299a7,2026-08-08T01:43:14.172393Z,inventory:plants.ces.ncsu.edu,253,False,ontology_value_not_allowed|multistate_collapsed_to_other_described,31233181709,open-web-domain-backfill-31233181709
cb3140e9c7a417609f34ddfb,Styphnolobium japonicum,flower_size_class,floral_structural_complexity,< 1 inch,medium,https://plants.ces.ncsu.edu/plants/styphnolobium-japonicum,"Styphnolobium japonicum (Chinese Scholar Tree, Japanese Pagoda, Japanese Pagoda Tree, Scholar Tree) | North Carolina Extension Gardener Plant Toolbox",plants.ces.ncsu.edu,en,Flower Size:: < 1 inch,url:https://plants.ces.ncsu.edu/plants/styphnolobium-japonicum,canonical_url,exact_accepted_name,Styphnolobium japonicum,B,university_extension,approved_registry_trait,review_only_not_promoted,951cab6331b4d468a7e6655e028f1c0c3f02ad07ce9809188e368ade2215ac13,2026-08-08T01:43:14.732588Z,inventory:plants.ces.ncsu.edu,254,False,ambiguous_upper_bound_measurement,31233181709,open-web-domain-backfill-31233181709
5dd9e3af916bf235880939ad,Styrax americanus,flower_size_class,floral_structural_complexity,< 1 inch,medium,https://plants.ces.ncsu.edu/plants/styrax-americanus,"Styrax americanus (American Silverbells, American Snowbell, American Snowbells, Big-Leaf Snowbell, Storax) | North Carolina Extension Gardener Plant Toolbox",plants.ces.ncsu.edu,en,Flower Size:: < 1 inch,url:https://plants.ces.ncsu.edu/plants/styrax-americanus,canonical_url,exact_accepted_name,Styrax americanus,B,university_extension,approved_registry_trait,review_only_not_promoted,199f7b6675052852adb6e5ec9770b7c3e85e2b8f4362ffa4d189eaa04122ff68,2026-08-08T01:43:15.244414Z,inventory:plants.ces.ncsu.edu,255,False,ambiguous_upper_bound_measurement,31233181709,open-web-domain-backfill-31233181709
1a63f9ace86ba2fda7a12990,Styrax japonicus,flower_size_class,floral_structural_complexity,< 1 inch,medium,https://plants.ces.ncsu.edu/plants/styrax-japonicus,"Styrax japonicus (Japanese Snowbell, Japanese Styrax, Silver Bells) | North Carolina Extension Gardener Plant Toolbox",plants.ces.ncsu.edu,en,Flower Size:: < 1 inch,url:https://plants.ces.ncsu.edu/plants/styrax-japonicus,canonical_url,exact_accepted_name,Styrax japonicus,B,university_extension,approved_registry_trait,review_only_not_promoted,9d0636df3131ca68c26e43ab379c2b65ea0a07eee48a80d1ff867f1738c1cbbd,2026-08-08T01:43:15.678106Z,inventory:plants.ces.ncsu.edu,256,False,ambiguous_upper_bound_measurement,31233181709,open-web-domain-backfill-31233181709
375546a5b137c6741ac45304,Sycopsis sinensis,flower_size_class,floral_structural_complexity,< 1 inch,medium,https://plants.ces.ncsu.edu/plants/sycopsis-sinensis,Sycopsis sinensis (Chinese Fighazel) | North Carolina Extension Gardener Plant Toolbox,plants.ces.ncsu.edu,en,Flower Size:: < 1 inch,url:https://plants.ces.ncsu.edu/plants/sycopsis-sinensis,canonical_url,exact_accepted_name,Sycopsis sinensis,B,university_extension,approved_registry_trait,review_only_not_promoted,bf36cf9f6488a3451b30c0b2596185109d9c0b50a1c57fec22814f95d5d11c07,2026-08-08T01:43:16.632574Z,inventory:plants.ces.ncsu.edu,258,False,ambiguous_upper_bound_measurement,31233181709,open-web-domain-backfill-31233181709
ce3f4dd124c82381af8352eb,Symphoricarpos albus,flower_size_class,floral_structural_complexity,< 1 inch,medium,https://plants.ces.ncsu.edu/plants/symphoricarpos-albus,"Symphoricarpos albus (Common Snowberry, Snowberry, Upright Snowberry, White Snowberry) | North Carolina Extension Gardener Plant Toolbox",plants.ces.ncsu.edu,en,Flower Size:: < 1 inch,url:https://plants.ces.ncsu.edu/plants/symphoricarpos-albus,canonical_url,exact_accepted_name,Symphoricarpos albus,B,university_extension,approved_registry_trait,review_only_not_promoted,07a30bf2f338b392a2bbf5907527725e553aa4031789ba56f8830a74ca8fe2e1,2026-08-08T01:43:17.077467Z,inventory:plants.ces.ncsu.edu,259,False,ambiguous_upper_bound_measurement,31233181709,open-web-domain-backfill-31233181709
9448dd07edb9f7801c40a174,Symphoricarpos orbiculatus,flower_size_class,floral_structural_complexity,< 1 inch,medium,https://plants.ces.ncsu.edu/plants/symphoricarpos-orbiculatus,"Symphoricarpos orbiculatus (Buckbrush, Coralberry, Indian Currant, Snowberry, Waxberry) | North Carolina Extension Gardener Plant Toolbox",plants.ces.ncsu.edu,en,Flower Size:: < 1 inch,url:https://plants.ces.ncsu.edu/plants/symphoricarpos-orbiculatus,canonical_url,exact_accepted_name,Symphoricarpos orbiculatus,B,university_extension,approved_registry_trait,review_only_not_promoted,b54c2f28e77e08c75c4c7f085bf8806f5ea82a5a80d609375bde45850f8fb6e0,2026-08-08T01:43:17.553642Z,inventory:plants.ces.ncsu.edu,260,False,ambiguous_upper_bound_measurement,31233181709,open-web-domain-backfill-31233181709
9db91b6d738b60e71ea78b07,Symphyotrichum cordifolium,flower_size_class,floral_structural_complexity,< 1 inch,medium,https://plants.ces.ncsu.edu/plants/symphyotrichum-cordifolium,"Symphyotrichum cordifolium (Blue Wood Aster, Common Blue Wood Aster, Heart-leaved Aster) | North Carolina Extension Gardener Plant Toolbox",plants.ces.ncsu.edu,en,Flower Size:: < 1 inch,url:https://plants.ces.ncsu.edu/plants/symphyotrichum-cordifolium,canonical_url,exact_accepted_name,Symphyotrichum cordifolium,B,university_extension,approved_registry_trait,review_only_not_promoted,40c0e4e94a7b3623994840749a478b5fc3f113590417bda6571d645d35b72f14,2026-08-08T01:43:18.475935Z,inventory:plants.ces.ncsu.edu,262,False,ambiguous_upper_bound_measurement,31233181709,open-web-domain-backfill-31233181709
609ca6a1e3eb7365a074fc03,Symphyotrichum dumosum,flower_size_class,floral_structural_complexity,< 1 inch,medium,https://plants.ces.ncsu.edu/plants/symphyotrichum-dumosum,"Symphyotrichum dumosum (Bushy American-aster, Bushy Aster, Long-stalked Aster, Rice Button Aster) | North Carolina Extension Gardener Plant Toolbox",plants.ces.ncsu.edu,en,Flower Size:: < 1 inch,url:https://plants.ces.ncsu.edu/plants/symphyotrichum-dumosum,canonical_url,exact_accepted_name,Symphyotrichum dumosum,B,university_extension,approved_registry_trait,review_only_not_promoted,697239bc03d6350841eb66df0536a68968b0406e21ce3f145b6e57f3073defce,2026-08-08T01:43:18.949399Z,inventory:plants.ces.ncsu.edu,263,False,ambiguous_upper_bound_measurement,31233181709,open-web-domain-backfill-31233181709
1679a7bab986f35c949afe64,Symphyotrichum lateriflorum,flower_size_class,floral_structural_complexity,< 1 inch,medium,https://plants.ces.ncsu.edu/plants/symphyotrichum-lateriflorum,"Symphyotrichum lateriflorum (Aster, Calico Aster, Side-Flowering Aster, Starved Aster) | North Carolina Extension Gardener Plant Toolbox",plants.ces.ncsu.edu,en,Flower Size:: < 1 inch,url:https://plants.ces.ncsu.edu/plants/symphyotrichum-lateriflorum,canonical_url,exact_accepted_name,Symphyotrichum lateriflorum,B,university_extension,approved_registry_trait,review_only_not_promoted,ae01f74763940d187ad33085f8cb393d3cd0cb2652fff19b06bb9a4aa90d2f57,2026-08-08T01:43:19.853403Z,inventory:plants.ces.ncsu.edu,265,False,ambiguous_upper_bound_measurement,31233181709,open-web-domain-backfill-31233181709
0965e83161334ed60c998df2,Symphyotrichum oolentangiense,flower_size_class,floral_structural_complexity,< 1 inch,medium,https://plants.ces.ncsu.edu/plants/symphyotrichum-oolentangiense,"Symphyotrichum oolentangiense (Azure Aster, Sky Blue Aster, Skyblue Aster) | North Carolina Extension Gardener Plant Toolbox",plants.ces.ncsu.edu,en,Flower Size:: < 1 inch,url:https://plants.ces.ncsu.edu/plants/symphyotrichum-oolentangiense,canonical_url,exact_accepted_name,Symphyotrichum oolentangiense,B,university_extension,approved_registry_trait,review_only_not_promoted,bed27933aecf1fe7df14bf97ab07a4d97d0310c0840e6e1294f9f32d1ec54255,2026-08-08T01:43:20.897559Z,inventory:plants.ces.ncsu.edu,267,False,ambiguous_upper_bound_measurement,31233181709,open-web-domain-backfill-31233181709
42440f1eb54820e00a74a219,Symphyotrichum pilosum,flower_size_class,floral_structural_complexity,< 1 inch,medium,https://plants.ces.ncsu.edu/plants/symphyotrichum-pilosum,"Symphyotrichum pilosum (Awl-Aster, Frost Aster, Michaelmas Daisy, Oldfield Aster, Steelweed, White-Heath Aster) | North Carolina Extension Gardener Plant Toolbox",plants.ces.ncsu.edu,en,Flower Size:: < 1 inch,url:https://plants.ces.ncsu.edu/plants/symphyotrichum-pilosum,canonical_url,exact_accepted_name,Symphyotrichum pilosum,B,university_extension,approved_registry_trait,review_only_not_promoted,e99500b68e99af1a347bc8ede6a8c3c55bae29aaed506e8968dfedaf0eb78777,2026-08-08T01:43:21.352918Z,inventory:plants.ces.ncsu.edu,268,False,ambiguous_upper_bound_measurement,31233181709,open-web-domain-backfill-31233181709
b139bcc75568bbf3995c2112,Symphyotrichum prenanthoides,flower_size_class,floral_structural_complexity,< 1 inch,medium,https://plants.ces.ncsu.edu/plants/symphyotrichum-prenanthoides,Symphyotrichum prenanthoides (Crooked-stemmed Aster) | North Carolina Extension Gardener Plant Toolbox,plants.ces.ncsu.edu,en,Flower Size:: < 1 inch,url:https://plants.ces.ncsu.edu/plants/symphyotrichum-prenanthoides,canonical_url,exact_accepted_name,Symphyotrichum prenanthoides,B,university_extension,approved_registry_trait,review_only_not_promoted,ff3cab4bbfe588aa31ee39e21262c7f165cc0e05a2f5d2770cccc9367c028c1b,2026-08-08T01:43:21.813036Z,inventory:plants.ces.ncsu.edu,269,False,ambiguous_upper_bound_measurement,31233181709,open-web-domain-backfill-31233181709
7df0418f0de187b6520f7141,Symphytum grandiflorum,floral_form,floral_structural_complexity,Bell; Tubular,other_described,https://plants.ces.ncsu.edu/plants/symphytum-grandiflorum,"Symphytum grandiflorum (Comfrey, Dwarf Comfrey, Iberium Comfrey, Large Flowered Comfrey, Ornamental Comfrey, Symphytum ibericum, Yellow Comfrey) | North Carolina Extension Gardener Plant Toolbox",plants.ces.ncsu.edu,en,Flower Shape:: Bell; Tubular,url:https://plants.ces.ncsu.edu/plants/symphytum-grandiflorum,canonical_url,exact_accepted_name,Symphytum grandiflorum,B,university_extension,approved_registry_trait,review_only_not_promoted,42f2b30e6d3c4795893a3ebfe103f726365034290ac435cde01fcb1ca62b346d,2026-08-08T01:43:23.493564Z,inventory:plants.ces.ncsu.edu,272,False,multistate_collapsed_to_other_described,31233181709,open-web-domain-backfill-31233181709
59ef17e6d613a6e765f413d5,Symplocarpus foetidus,flower_size_class,floral_structural_complexity,< 1 inch,medium,https://plants.ces.ncsu.edu/plants/symplocarpus-foetidus,"Symplocarpus foetidus (Eastern Skunk Cabbage, Meadow Cabbage, Polecat Weed, Skunk Cabbage, Skunk Weed, Swamp Cabbage) | North Carolina Extension Gardener Plant Toolbox",plants.ces.ncsu.edu,en,Flower Size:: < 1 inch,url:https://plants.ces.ncsu.edu/plants/symplocarpus-foetidus,canonical_url,exact_accepted_name,Symplocarpus foetidus,B,university_extension,approved_registry_trait,review_only_not_promoted,77f2ce42b2bace0f0540075659cad1f16e23a3c3a7f1ccae2994d5b6e6a813c4,2026-08-08T01:43:23.981894Z,inventory:plants.ces.ncsu.edu,273,False,ambiguous_upper_bound_measurement,31233181709,open-web-domain-backfill-31233181709
39a83b64b65260c755ee0d59,Syneilesis aconitifolia,flower_size_class,floral_structural_complexity,< 1 inch,medium,https://plants.ces.ncsu.edu/plants/syneilesis-aconitifolia,"Syneilesis aconitifolia (Shredded Umbrella Plant, Tattered Umbrella) | North Carolina Extension Gardener Plant Toolbox",plants.ces.ncsu.edu,en,Flower Size:: < 1 inch,url:https://plants.ces.ncsu.edu/plants/syneilesis-aconitifolia,canonical_url,exact_accepted_name,Syneilesis aconitifolia,B,university_extension,approved_registry_trait,review_only_not_promoted,a6a7f064cc1b077b6441f4e0ada74f12bb1e24517ca5e832dabbb6761f56eafc,2026-08-08T01:43:25.371211Z,inventory:plants.ces.ncsu.edu,276,False,ambiguous_upper_bound_measurement,31233181709,open-web-domain-backfill-31233181709
83d17ea3562f7e21f7aa7c68,Syngonium podophyllum,flower_size_class,floral_structural_complexity,< 1 inch,medium,https://plants.ces.ncsu.edu/plants/syngonium-podophyllum,"Syngonium podophyllum (American Evergreen, Arrowhead Plant, Arrow-Head Vine, Arrowhead Vine, Trileaf Wonder) | North Carolina Extension Gardener Plant Toolbox",plants.ces.ncsu.edu,en,Flower Size:: < 1 inch,url:https://plants.ces.ncsu.edu/plants/syngonium-podophyllum,canonical_url,exact_accepted_name,Syngonium podophyllum,B,university_extension,approved_registry_trait,review_only_not_promoted,2c6a30928305ac0bfd52d229be3d0b7e1e6b0e9e8b655de37a1b9d5814c5e44a,2026-08-08T01:43:25.811118Z,inventory:plants.ces.ncsu.edu,277,False,ambiguous_upper_bound_measurement,31233181709,open-web-domain-backfill-31233181709
93b732a5dcf1dba3973b6d7e,Syringa persica,flower_size_class,floral_structural_complexity,< 1 inch,medium,https://plants.ces.ncsu.edu/plants/syringa-persica,Syringa persica (Persian Lilac) | North Carolina Extension Gardener Plant Toolbox,plants.ces.ncsu.edu,en,Flower Size:: < 1 inch,url:https://plants.ces.ncsu.edu/plants/syringa-persica,canonical_url,exact_accepted_name,Syringa persica,B,university_extension,approved_registry_trait,review_only_not_promoted,df1324c37399b9f2cce0b8b707700ddd5b5a98692af7ec920ea1a3ae93fe082d,2026-08-08T01:43:26.752115Z,inventory:plants.ces.ncsu.edu,279,False,ambiguous_upper_bound_measurement,31233181709,open-web-domain-backfill-31233181709
f6868c3633262ddec17701ef,Syringa villosa,floral_form,floral_structural_complexity,Cross; Trumpet; Tubular,other_described,https://plants.ces.ncsu.edu/plants/syringa-villosa,Syringa villosa (Late Lilac) | North Carolina Extension Gardener Plant Toolbox,plants.ces.ncsu.edu,en,Flower Shape:: Cross; Trumpet; Tubular,url:https://plants.ces.ncsu.edu/plants/syringa-villosa,canonical_url,exact_accepted_name,Syringa villosa,B,university_extension,approved_registry_trait,review_only_not_promoted,dfa04bc5d81f94c95c1f51540970109dd1d52dbb4cb58c593a92a32991fe5ee6,2026-08-08T01:43:27.721992Z,inventory:plants.ces.ncsu.edu,281,False,multistate_collapsed_to_other_described,31233181709,open-web-domain-backfill-31233181709
9ba2405fcca1999b57d02f1b,Syringa villosa,flower_size_class,floral_structural_complexity,< 1 inch,medium,https://plants.ces.ncsu.edu/plants/syringa-villosa,Syringa villosa (Late Lilac) | North Carolina Extension Gardener Plant Toolbox,plants.ces.ncsu.edu,en,Flower Size:: < 1 inch,url:https://plants.ces.ncsu.edu/plants/syringa-villosa,canonical_url,exact_accepted_name,Syringa villosa,B,university_extension,approved_registry_trait,review_only_not_promoted,dfa04bc5d81f94c95c1f51540970109dd1d52dbb4cb58c593a92a32991fe5ee6,2026-08-08T01:43:27.721992Z,inventory:plants.ces.ncsu.edu,281,False,ambiguous_upper_bound_measurement,31233181709,open-web-domain-backfill-31233181709
2f08fc6a27f5566363f9f254,Syringa vulgaris,flower_size_class,floral_structural_complexity,< 1 inch,medium,https://plants.ces.ncsu.edu/plants/syringa-vulgaris,"Syringa vulgaris (Common Lilac, English Lilac, French Lilac) | North Carolina Extension Gardener Plant Toolbox",plants.ces.ncsu.edu,en,Flower Size:: < 1 inch,url:https://plants.ces.ncsu.edu/plants/syringa-vulgaris,canonical_url,exact_accepted_name,Syringa vulgaris,B,university_extension,approved_registry_trait,review_only_not_promoted,5222f50820fc292ee419e443437033e856576ce9821d56769fb176afa6418591,2026-08-08T01:43:28.151735Z,inventory:plants.ces.ncsu.edu,282,False,ambiguous_upper_bound_measurement,31233181709,open-web-domain-backfill-31233181709
af2022c13636d2655bca19dd,Tamarix ramosissima,flower_size_class,floral_structural_complexity,< 1 inch,medium,https://plants.ces.ncsu.edu/plants/tamarix-ramosissima,"Tamarix ramosissima (Five Stamen Tamarix, Salt Cedar, Tamarisk, Tamrix) | North Carolina Extension Gardener Plant Toolbox",plants.ces.ncsu.edu,en,Flower Size:: < 1 inch,url:https://plants.ces.ncsu.edu/plants/tamarix-ramosissima,canonical_url,exact_accepted_name,Tamarix ramosissima,B,university_extension,approved_registry_trait,review_only_not_promoted,c0121b51422f099606d59efea3ab7f61e2e5dcd9e634b9ed03d8be4a101c5429,2026-08-08T01:43:29.133405Z,inventory:plants.ces.ncsu.edu,284,False,ambiguous_upper_bound_measurement,31233181709,open-web-domain-backfill-31233181709
596768630ec9930aa0e4b6da,Tanacetum balsamita,floral_form,floral_structural_complexity,Funnel; Tubular,other_described,https://plants.ces.ncsu.edu/plants/tanacetum-balsamita,"Tanacetum balsamita (Alecost, Balsam Weed, Bible Leaf, Bible Plant, Chrysanthemum, Costmary, Mint Geranium, Sweet Mary) | North Carolina Extension Gardener Plant Toolbox",plants.ces.ncsu.edu,en,Flower Shape:: Funnel; Tubular,url:https://plants.ces.ncsu.edu/plants/tanacetum-balsamita,canonical_url,exact_accepted_name,Tanacetum balsamita,B,university_extension,approved_registry_trait,review_only_not_promoted,96022dab2edf7c05d6104049fa296ec11ba1eef9e177aeff50e34f006aa7efd4,2026-08-08T01:43:29.677151Z,inventory:plants.ces.ncsu.edu,285,False,multistate_collapsed_to_other_described,31233181709,open-web-domain-backfill-31233181709
fd1f38adade616bc9ea11135,Tanacetum balsamita,flower_size_class,floral_structural_complexity,< 1 inch,medium,https://plants.ces.ncsu.edu/plants/tanacetum-balsamita,"Tanacetum balsamita (Alecost, Balsam Weed, Bible Leaf, Bible Plant, Chrysanthemum, Costmary, Mint Geranium, Sweet Mary) | North Carolina Extension Gardener Plant Toolbox",plants.ces.ncsu.edu,en,Flower Size:: < 1 inch,url:https://plants.ces.ncsu.edu/plants/tanacetum-balsamita,canonical_url,exact_accepted_name,Tanacetum balsamita,B,university_extension,approved_registry_trait,review_only_not_promoted,96022dab2edf7c05d6104049fa296ec11ba1eef9e177aeff50e34f006aa7efd4,2026-08-08T01:43:29.677151Z,inventory:plants.ces.ncsu.edu,285,False,ambiguous_upper_bound_measurement,31233181709,open-web-domain-backfill-31233181709
01fdb80794a2b3c3719869f3,Tanacetum vulgare,flower_size_class,floral_structural_complexity,< 1 inch,medium,https://plants.ces.ncsu.edu/plants/tanacetum-vulgare,"Tanacetum vulgare (Bitter Buttons, Common Tansy, Cow Bitter, Garden Tansy, Golden Buttons, Tansy) | North Carolina Extension Gardener Plant Toolbox",plants.ces.ncsu.edu,en,Flower Size:: < 1 inch,url:https://plants.ces.ncsu.edu/plants/tanacetum-vulgare,canonical_url,exact_accepted_name,Tanacetum vulgare,B,university_extension,approved_registry_trait,review_only_not_promoted,0b5c9cdb70cf8cd1d980e20786a2d22454a134ae759f45887c8b8ad0cdd4b5b9,2026-08-08T01:43:30.087611Z,inventory:plants.ces.ncsu.edu,286,False,ambiguous_upper_bound_measurement,31233181709,open-web-domain-backfill-31233181709
806592b607bd2eb67ef6eb9d,Tetradium daniellii,flower_size_class,floral_structural_complexity,< 1 inch,medium,https://plants.ces.ncsu.edu/plants/tetradium-daniellii,"Tetradium daniellii (Bee Bee Tree, Bee-Bee Tree, Bee Tree, Korean Euodia, Tetradium) | North Carolina Extension Gardener Plant Toolbox",plants.ces.ncsu.edu,en,Flower Size:: < 1 inch,url:https://plants.ces.ncsu.edu/plants/tetradium-daniellii,canonical_url,exact_accepted_name,Tetradium daniellii,B,university_extension,approved_registry_trait,review_only_not_promoted,7719105b2defc0c9a2fa10c4b4f7b353ed45ef03a2be7fd845fcf1269ec485cf,2026-08-08T01:43:32.477499Z,inventory:plants.ces.ncsu.edu,291,False,ambiguous_upper_bound_measurement,31233181709,open-web-domain-backfill-31233181709
bc627df7fd0ddcc030443b87,Tetrapanax papyrifer,flower_size_class,floral_structural_complexity,< 1 inch,medium,https://plants.ces.ncsu.edu/plants/tetrapanax-papyrifer,Tetrapanax papyrifer (Rice Paper Plant) | North Carolina Extension Gardener Plant Toolbox,plants.ces.ncsu.edu,en,Flower Size:: < 1 inch,url:https://plants.ces.ncsu.edu/plants/tetrapanax-papyrifer,canonical_url,exact_accepted_name,Tetrapanax papyrifer,B,university_extension,approved_registry_trait,review_only_not_promoted,0232d32ef5333591ce1bef5dea14540f848506a0c88f053fd10f92453f24210a,2026-08-08T01:43:32.970809Z,inventory:plants.ces.ncsu.edu,292,False,ambiguous_upper_bound_measurement,31233181709,open-web-domain-backfill-31233181709
ef5e88c358cd3e9bc61e24a6,Thalia dealbata,flower_size_class,floral_structural_complexity,< 1 inch,medium,https://plants.ces.ncsu.edu/plants/thalia-dealbata,"Thalia dealbata (Hardy Canna, Powdery Alligator-flag, Powdery Thalia, Thalia, Water Canna) | North Carolina Extension Gardener Plant Toolbox",plants.ces.ncsu.edu,en,Flower Size:: < 1 inch,url:https://plants.ces.ncsu.edu/plants/thalia-dealbata,canonical_url,exact_accepted_name,Thalia dealbata,B,university_extension,approved_registry_trait,review_only_not_promoted,f05dc5ff121ad5a700e61133bed357d44926074ca712d63fc032086dd8c9c140,2026-08-08T01:43:33.440020Z,inventory:plants.ces.ncsu.edu,293,False,ambiguous_upper_bound_measurement,31233181709,open-web-domain-backfill-31233181709
48ddc758850e4ded999b8ff8,Thymophylla tenuiloba,flower_size_class,floral_structural_complexity,< 1 inch,medium,https://plants.ces.ncsu.edu/plants/thymophylla-tenuiloba,"Thymophylla tenuiloba (Bristleleaf pricklyleaf, Dahlberg Daisy, Golden Fleece) | North Carolina Extension Gardener Plant Toolbox",plants.ces.ncsu.edu,en,Flower Size:: < 1 inch,url:https://plants.ces.ncsu.edu/plants/thymophylla-tenuiloba,canonical_url,exact_accepted_name,Thymophylla tenuiloba,B,university_extension,approved_registry_trait,review_only_not_promoted,97f2c223efe22048a906469b1aaf8a3ae42aa647b055b2a0222e9226845554a0,2026-08-08T01:43:35.747585Z,inventory:plants.ces.ncsu.edu,298,False,ambiguous_upper_bound_measurement,31233181709,open-web-domain-backfill-31233181709
daf26c7392003de0e551950e,Tilia americana,flower_size_class,floral_structural_complexity,< 1 inch,medium,https://plants.ces.ncsu.edu/plants/tilia-americana,"Tilia americana (American Basswood, American Linden, Basswood, Bee Tree, Carolina Basswood, Lime Tree, Linden, White Basswood, White Wood) | North Carolina Extension Gardener Plant Toolbox",plants.ces.ncsu.edu,en,Flower Size:: < 1 inch,url:https://plants.ces.ncsu.edu/plants/tilia-americana,canonical_url,exact_accepted_name,Tilia americana,B,university_extension,approved_registry_trait,review_only_not_promoted,a6e9d39a33a125de9773d834efa8c13a3ccb24757cbacd10eb03f62d38199dfb,2026-08-08T01:43:36.194875Z,inventory:plants.ces.ncsu.edu,299,False,ambiguous_upper_bound_measurement,31233181709,open-web-domain-backfill-31233181709
b949ee893739ffa729e1bdd4,Tilia mongolica,flower_size_class,floral_structural_complexity,< 1 inch,medium,https://plants.ces.ncsu.edu/plants/tilia-mongolica,"Tilia mongolica (Mongolian Lime, Mongolian Linden) | North Carolina Extension Gardener Plant Toolbox",plants.ces.ncsu.edu,en,Flower Size:: < 1 inch,url:https://plants.ces.ncsu.edu/plants/tilia-mongolica,canonical_url,exact_accepted_name,Tilia mongolica,B,university_extension,approved_registry_trait,review_only_not_promoted,c83c0c0d057e28d3c6439a5c01a5e3e749d2e7397260c0a78b2a0dcbe877c6ab,2026-08-08T01:43:37.177274Z,inventory:plants.ces.ncsu.edu,301,False,ambiguous_upper_bound_measurement,31233181709,open-web-domain-backfill-31233181709
4a3f5b482147ba59cf972623,Tilia platyphyllos,flower_size_class,floral_structural_complexity,< 1 inch,medium,https://plants.ces.ncsu.edu/plants/tilia-platyphyllos,"Tilia platyphyllos (Bigleaf Linden, Broad-leaved Lime, Largeleaf Linden, Large Leaved Lime, Large Leaved Linden) | North Carolina Extension Gardener Plant Toolbox",plants.ces.ncsu.edu,en,Flower Size:: < 1 inch,url:https://plants.ces.ncsu.edu/plants/tilia-platyphyllos,canonical_url,exact_accepted_name,Tilia platyphyllos,B,university_extension,approved_registry_trait,review_only_not_promoted,013e7957c41b4b4b52eae7aeae057c3482e7c9407dca0fc19a969d1a09f3ee90,2026-08-08T01:43:37.658482Z,inventory:plants.ces.ncsu.edu,302,False,ambiguous_upper_bound_measurement,31233181709,open-web-domain-backfill-31233181709
826363087f5e478150a25ea1,Tilia tomentosa,flower_size_class,floral_structural_complexity,< 1 inch,medium,https://plants.ces.ncsu.edu/plants/tilia-tomentosa,"Tilia tomentosa (European White Lime, Silver Linden, White Lime) | North Carolina Extension Gardener Plant Toolbox",plants.ces.ncsu.edu,en,Flower Size:: < 1 inch,url:https://plants.ces.ncsu.edu/plants/tilia-tomentosa,canonical_url,exact_accepted_name,Tilia tomentosa,B,university_extension,approved_registry_trait,review_only_not_promoted,1464b654baffc1bfa36736459c67cb8241330113281e53a262787802cf2b31b2,2026-08-08T01:43:38.156732Z,inventory:plants.ces.ncsu.edu,303,False,ambiguous_upper_bound_measurement,31233181709,open-web-domain-backfill-31233181709
bc2c20c61dfd99b70e840bc2,Tillandsia usneoides,flower_size_class,floral_structural_complexity,< 1 inch,medium,https://plants.ces.ncsu.edu/plants/tillandsia-usneoides,"Tillandsia usneoides (Graybeard, Long Moss, Old Man's Beard, Spanish Moss) | North Carolina Extension Gardener Plant Toolbox",plants.ces.ncsu.edu,en,Flower Size:: < 1 inch,url:https://plants.ces.ncsu.edu/plants/tillandsia-usneoides,canonical_url,exact_accepted_name,Tillandsia usneoides,B,university_extension,approved_registry_trait,review_only_not_promoted,25350b53eb0b7a4ea9ae88bb3db8881ad54613c8e9d3456eec450ac403def8cc,2026-08-08T01:43:38.703921Z,inventory:plants.ces.ncsu.edu,304,False,ambiguous_upper_bound_measurement,31233181709,open-web-domain-backfill-31233181709
3e0348292421c7f560f79e7e,Toona sinensis,flower_size_class,floral_structural_complexity,< 1 inch,medium,https://plants.ces.ncsu.edu/plants/toona-sinensis,"Toona sinensis (Beef and Onion Plant, Chinese Cedar, Chinese Cedrela, Chinese Mahogany, Chinese Toon, Red Toon) | North Carolina Extension Gardener Plant Toolbox",plants.ces.ncsu.edu,en,Flower Size:: < 1 inch,url:https://plants.ces.ncsu.edu/plants/toona-sinensis,canonical_url,exact_accepted_name,Toona sinensis,B,university_extension,approved_registry_trait,review_only_not_promoted,e8a77d7474cd07d6d2991213210053cc4d6ca03d54656ab7c71e692efdc5a5fb,2026-08-08T01:43:39.584401Z,inventory:plants.ces.ncsu.edu,306,False,ambiguous_upper_bound_measurement,31233181709,open-web-domain-backfill-31233181709
38dc6468b261c227ce325ab2,Torenia fournieri,floral_form,floral_structural_complexity,Trumpet; Tubular,other_described,https://plants.ces.ncsu.edu/plants/torenia-fournieri,Torenia fournieri (Wishbone Flower) | North Carolina Extension Gardener Plant Toolbox,plants.ces.ncsu.edu,en,Flower Shape:: Trumpet; Tubular,url:https://plants.ces.ncsu.edu/plants/torenia-fournieri,canonical_url,exact_accepted_name,Torenia fournieri,B,university_extension,approved_registry_trait,review_only_not_promoted,2c6895196e6cdad0e907f50adb4deb701d05f6e0b494e06037fedf8288716414,2026-08-08T01:43:40.062880Z,inventory:plants.ces.ncsu.edu,307,False,multistate_collapsed_to_other_described,31233181709,open-web-domain-backfill-31233181709
ce2e5042dc68ef319c3eae1d,Toxicodendron pubescens,flower_size_class,floral_structural_complexity,< 1 inch,medium,https://plants.ces.ncsu.edu/plants/toxicodendron-pubescens,"Toxicodendron pubescens (Atlantic Poison Oak, Eastern Poison Oak, Poison Oak) | North Carolina Extension Gardener Plant Toolbox",plants.ces.ncsu.edu,en,Flower Size:: < 1 inch,url:https://plants.ces.ncsu.edu/plants/toxicodendron-pubescens,canonical_url,exact_accepted_name,Toxicodendron pubescens,B,university_extension,approved_registry_trait,review_only_not_promoted,5aa2d954d8940205965b60cc66c3128b07d039124145a440c2658a6e9d3c9b42,2026-08-08T01:43:40.993600Z,inventory:plants.ces.ncsu.edu,309,False,ambiguous_upper_bound_measurement,31233181709,open-web-domain-backfill-31233181709
81155c56ecefb3e777177202,Toxicodendron radicans,flower_size_class,floral_structural_complexity,< 1 inch,medium,https://plants.ces.ncsu.edu/plants/toxicodendron-radicans,"Toxicodendron radicans (Eastern Poison Ivy, Poison Ivy, Poison Oak) | North Carolina Extension Gardener Plant Toolbox",plants.ces.ncsu.edu,en,Flower Size:: < 1 inch,url:https://plants.ces.ncsu.edu/plants/toxicodendron-radicans,canonical_url,exact_accepted_name,Toxicodendron radicans,B,university_extension,approved_registry_trait,review_only_not_promoted,4367f075de9fad0059808d11558f7549e29ea46b545b3e86eb304ce7132cbcdd,2026-08-08T01:43:41.466645Z,inventory:plants.ces.ncsu.edu,310,False,ambiguous_upper_bound_measurement,31233181709,open-web-domain-backfill-31233181709
b418507894a9314ccca3f9af,Toxicodendron vernix,flower_size_class,floral_structural_complexity,< 1 inch,medium,https://plants.ces.ncsu.edu/plants/toxicodendron-vernix,"Toxicodendron vernix (Poison Sumac, Swamp Sumac, Thunderwood) | North Carolina Extension Gardener Plant Toolbox",plants.ces.ncsu.edu,en,Flower Size:: < 1 inch,url:https://plants.ces.ncsu.edu/plants/toxicodendron-vernix,canonical_url,exact_accepted_name,Toxicodendron vernix,B,university_extension,approved_registry_trait,review_only_not_promoted,aa7de15e7d317d13ed4d4836172cbe1897b91ef3a5471f9305a5844aaf4d5483,2026-08-08T01:43:41.964973Z,inventory:plants.ces.ncsu.edu,311,False,ambiguous_upper_bound_measurement,31233181709,open-web-domain-backfill-31233181709
c72b83409115a19c6a316ec4,Trachelospermum jasminoides,floral_form,floral_structural_complexity,Star; Tubular,other_described,https://plants.ces.ncsu.edu/plants/trachelospermum-jasminoides,"Trachelospermum jasminoides (Confederate Jasmine, Star Jasmine) | North Carolina Extension Gardener Plant Toolbox",plants.ces.ncsu.edu,en,Flower Shape:: Star; Tubular,url:https://plants.ces.ncsu.edu/plants/trachelospermum-jasminoides,canonical_url,exact_accepted_name,Trachelospermum jasminoides,B,university_extension,approved_registry_trait,review_only_not_promoted,9ea98618871430baa6165432c3298e1be10ece2c2e873cacf46f1cdf3c3832d5,2026-08-08T01:43:42.904166Z,inventory:plants.ces.ncsu.edu,313,False,multistate_collapsed_to_other_described,31233181709,open-web-domain-backfill-31233181709
3ea31ef6771cb9680ce403fe,Trachelospermum jasminoides,flower_size_class,floral_structural_complexity,< 1 inch,medium,https://plants.ces.ncsu.edu/plants/trachelospermum-jasminoides,"Trachelospermum jasminoides (Confederate Jasmine, Star Jasmine) | North Carolina Extension Gardener Plant Toolbox",plants.ces.ncsu.edu,en,Flower Size:: < 1 inch,url:https://plants.ces.ncsu.edu/plants/trachelospermum-jasminoides,canonical_url,exact_accepted_name,Trachelospermum jasminoides,B,university_extension,approved_registry_trait,review_only_not_promoted,9ea98618871430baa6165432c3298e1be10ece2c2e873cacf46f1cdf3c3832d5,2026-08-08T01:43:42.904166Z,inventory:plants.ces.ncsu.edu,313,False,ambiguous_upper_bound_measurement,31233181709,open-web-domain-backfill-31233181709
27039ed200c33677113cc152,Trachycarpus fortunei,flower_size_class,floral_structural_complexity,< 1 inch,medium,https://plants.ces.ncsu.edu/plants/trachycarpus-fortunei,"Trachycarpus fortunei (Chinese Fan Palm, Chinese Windmill Palm, Chusan Palm, Fortune's Palm, Windmill Palm) | North Carolina Extension Gardener Plant Toolbox",plants.ces.ncsu.edu,en,Flower Size:: < 1 inch,url:https://plants.ces.ncsu.edu/plants/trachycarpus-fortunei,canonical_url,exact_accepted_name,Trachycarpus fortunei,B,university_extension,approved_registry_trait,review_only_not_promoted,c58cc2d8fc9add46ba855926ba21be4a6155e8c4e625e78bf05f0641ccf64810,2026-08-08T01:43:43.405226Z,inventory:plants.ces.ncsu.edu,314,False,ambiguous_upper_bound_measurement,31233181709,open-web-domain-backfill-31233181709
e93d46710259a200b8865ff4,Tradescantia fluminensis,flower_size_class,floral_structural_complexity,< 1 inch,medium,https://plants.ces.ncsu.edu/plants/tradescantia-fluminensis,"Tradescantia fluminensis (Inch Plant, River Spiderwort, Small-Leaf Spiderwort, Wandering Creeper, Wandering Trad, Wandering Willie, White-Flowered Spiderwort, White Inch Plant) | North Carolina Extension Gardener Plant Toolbox",plants.ces.ncsu.edu,en,Flower Size:: < 1 inch,url:https://plants.ces.ncsu.edu/plants/tradescantia-fluminensis,canonical_url,exact_accepted_name,Tradescantia fluminensis,B,university_extension,approved_registry_trait,review_only_not_promoted,2ccdde0eff1c9f32bbc06f57db05a20b744752f712c99fe442d6b28fdcfd72fe,2026-08-08T01:43:43.798373Z,inventory:plants.ces.ncsu.edu,315,False,ambiguous_upper_bound_measurement,31233181709,open-web-domain-backfill-31233181709
ca2830fe49853d93af2882f1,Tradescantia ohiensis,inflorescence_display,floral_structural_complexity,Cyme; Raceme,other_described,https://plants.ces.ncsu.edu/plants/tradescantia-ohiensis,"Tradescantia ohiensis (Blue Jacket, Ohio Spiderwort, Smooth Spiderwort) | North Carolina Extension Gardener Plant Toolbox",plants.ces.ncsu.edu,en,Flower Inflorescence:: Cyme; Raceme,url:https://plants.ces.ncsu.edu/plants/tradescantia-ohiensis,canonical_url,exact_accepted_name,Tradescantia ohiensis,B,university_extension,approved_registry_trait,review_only_not_promoted,d343cd61926806c27dc0d842f45cd30902a11d50c24cc8580c55ca4b5bd1a430,2026-08-08T01:43:44.282807Z,inventory:plants.ces.ncsu.edu,316,False,ontology_value_not_allowed|multistate_collapsed_to_other_described,31233181709,open-web-domain-backfill-31233181709
ff15dddcf207da12098f5ee0,Tradescantia sillamontana,flower_size_class,floral_structural_complexity,< 1 inch,medium,https://plants.ces.ncsu.edu/plants/tradescantia-sillamontana,"Tradescantia sillamontana (Cobweb Spiderwort, White Gossamer Plant, White Velvet) | North Carolina Extension Gardener Plant Toolbox",plants.ces.ncsu.edu,en,Flower Size:: < 1 inch,url:https://plants.ces.ncsu.edu/plants/tradescantia-sillamontana,canonical_url,exact_accepted_name,Tradescantia sillamontana,B,university_extension,approved_registry_trait,review_only_not_promoted,432ea936ed544bf0c2764538ee342c6df5326b579efed0c20a49d025c99b0ae2,2026-08-08T01:43:44.742715Z,inventory:plants.ces.ncsu.edu,317,False,ambiguous_upper_bound_measurement,31233181709,open-web-domain-backfill-31233181709
3d09a91e61a3ae8936962a24,Tradescantia spathacea,flower_size_class,floral_structural_complexity,< 1 inch,medium,https://plants.ces.ncsu.edu/plants/tradescantia-spathacea,"Tradescantia spathacea (Boat Lily, Moses in a Basket, Moses-in-the-Cradle, Oyster Plant, Purple-Leaved Spiderwort) | North Carolina Extension Gardener Plant Toolbox",plants.ces.ncsu.edu,en,Flower Size:: < 1 inch,url:https://plants.ces.ncsu.edu/plants/tradescantia-spathacea,canonical_url,exact_accepted_name,Tradescantia spathacea,B,university_extension,approved_registry_trait,review_only_not_promoted,92c40a28b0bda2515357607e16ff161639f748d081a41e45c637a2aadee7c6a5,2026-08-08T01:43:45.364560Z,inventory:plants.ces.ncsu.edu,318,False,ambiguous_upper_bound_measurement,31233181709,open-web-domain-backfill-31233181709
56dfcc34ce1cc7c5a6bf3562,Tradescantia subaspera,flower_size_class,floral_structural_complexity,< 1 inch,medium,https://plants.ces.ncsu.edu/plants/tradescantia-subaspera,"Tradescantia subaspera (Wide-leaved Spiderwort, Zigzag Spiderwort) | North Carolina Extension Gardener Plant Toolbox",plants.ces.ncsu.edu,en,Flower Size:: < 1 inch,url:https://plants.ces.ncsu.edu/plants/tradescantia-subaspera,canonical_url,exact_accepted_name,Tradescantia subaspera,B,university_extension,approved_registry_trait,review_only_not_promoted,2e26b48aa9911a2759b9ed3aab01d56a3f40cb6bb6c77dfbd9100a19fa7eb5ce,2026-08-08T01:43:45.841192Z,inventory:plants.ces.ncsu.edu,319,False,ambiguous_upper_bound_measurement,31233181709,open-web-domain-backfill-31233181709
d85af16a914f8bb94c5b04da,Tradescantia zebrina,floral_form,floral_structural_complexity,Saucer; Tubular,other_described,https://plants.ces.ncsu.edu/plants/tradescantia-zebrina,"Tradescantia zebrina (Inch Plant, Silver Inch Plant, Wandering Dude, Zebra Plant) | North Carolina Extension Gardener Plant Toolbox",plants.ces.ncsu.edu,en,Flower Shape:: Saucer; Tubular,url:https://plants.ces.ncsu.edu/plants/tradescantia-zebrina,canonical_url,exact_accepted_name,Tradescantia zebrina,B,university_extension,approved_registry_trait,review_only_not_promoted,ee768fce4344cf6ddf4ab09243055b4e9b666249886b548089b903c5e75ea573,2026-08-08T01:43:46.785263Z,inventory:plants.ces.ncsu.edu,321,False,multistate_collapsed_to_other_described,31233181709,open-web-domain-backfill-31233181709
6dc91349325497a3140c125a,Tradescantia zebrina,flower_size_class,floral_structural_complexity,< 1 inch,medium,https://plants.ces.ncsu.edu/plants/tradescantia-zebrina,"Tradescantia zebrina (Inch Plant, Silver Inch Plant, Wandering Dude, Zebra Plant) | North Carolina Extension Gardener Plant Toolbox",plants.ces.ncsu.edu,en,Flower Size:: < 1 inch,url:https://plants.ces.ncsu.edu/plants/tradescantia-zebrina,canonical_url,exact_accepted_name,Tradescantia zebrina,B,university_extension,approved_registry_trait,review_only_not_promoted,ee768fce4344cf6ddf4ab09243055b4e9b666249886b548089b903c5e75ea573,2026-08-08T01:43:46.785263Z,inventory:plants.ces.ncsu.edu,321,False,ambiguous_upper_bound_measurement,31233181709,open-web-domain-backfill-31233181709
031194a63d06d5764e588e0d,Triantha racemosa,flower_size_class,floral_structural_complexity,< 1 inch,medium,https://plants.ces.ncsu.edu/plants/triantha-racemosa,"Triantha racemosa (Coastal False Asphodel, Savanna Asphodel, Small Coastal False Asphodel, Southern Bog Asphodel) | North Carolina Extension Gardener Plant Toolbox",plants.ces.ncsu.edu,en,Flower Size:: < 1 inch,url:https://plants.ces.ncsu.edu/plants/triantha-racemosa,canonical_url,exact_accepted_name,Triantha racemosa,B,university_extension,approved_registry_trait,review_only_not_promoted,39c661b9940c1c1dc035b9167b682755cd7399bbd34da122ef3c4ccc103fbfda,2026-08-08T01:43:47.250402Z,inventory:plants.ces.ncsu.edu,322,False,ambiguous_upper_bound_measurement,31233181709,open-web-domain-backfill-31233181709
7059c9d9094de84dc66537fc,Tribulus terrestris,flower_size_class,floral_structural_complexity,< 1 inch,medium,https://plants.ces.ncsu.edu/plants/tribulus-terrestris,"Tribulus terrestris (Goathead, Puncturevine) | North Carolina Extension Gardener Plant Toolbox",plants.ces.ncsu.edu,en,Flower Size:: < 1 inch,url:https://plants.ces.ncsu.edu/plants/tribulus-terrestris,canonical_url,exact_accepted_name,Tribulus terrestris,B,university_extension,approved_registry_trait,review_only_not_promoted,8369de25551852eaf3bedda6e2d335d37195df20025459b5968d02af8bb85200,2026-08-08T01:43:47.751491Z,inventory:plants.ces.ncsu.edu,323,False,ambiguous_upper_bound_measurement,31233181709,open-web-domain-backfill-31233181709
fc4a27bc4970760fdca99f20,Tricyrtis hirta,inflorescence_display,floral_structural_complexity,Cyme; Solitary,other_described,https://plants.ces.ncsu.edu/plants/tricyrtis-hirta,"Tricyrtis hirta (Hairy Toad Lily, Japanese Toad Lily, Toad Lily) | North Carolina Extension Gardener Plant Toolbox",plants.ces.ncsu.edu,en,Flower Inflorescence:: Cyme; Solitary,url:https://plants.ces.ncsu.edu/plants/tricyrtis-hirta,canonical_url,exact_accepted_name,Tricyrtis hirta,B,university_extension,approved_registry_trait,review_only_not_promoted,c2dd85a34de263f4189e63d61ac50ed3564344c707680afd8ca11315f3d921a5,2026-08-08T01:43:48.663346Z,inventory:plants.ces.ncsu.edu,325,False,ontology_value_not_allowed|multistate_collapsed_to_other_described,31233181709,open-web-domain-backfill-31233181709
9c803c0ee0172bf7e48544f6,Tricyrtis lasiocarpa,flower_size_class,floral_structural_complexity,< 1 inch,medium,https://plants.ces.ncsu.edu/plants/tricyrtis-lasiocarpa,"Tricyrtis lasiocarpa (Amethyst Toad Lily, Japanese Toad Lily, Toad Lily) | North Carolina Extension Gardener Plant Toolbox",plants.ces.ncsu.edu,en,Flower Size:: < 1 inch,url:https://plants.ces.ncsu.edu/plants/tricyrtis-lasiocarpa,canonical_url,exact_accepted_name,Tricyrtis lasiocarpa,B,university_extension,approved_registry_trait,review_only_not_promoted,1217a098f706fa37c8f9d0610c2c97892081f404fec24348f5b19465902d12a4,2026-08-08T01:43:49.128841Z,inventory:plants.ces.ncsu.edu,326,False,ambiguous_upper_bound_measurement,31233181709,open-web-domain-backfill-31233181709
04378ea9716384f15bb5d390,Tricyrtis lasiocarpa,inflorescence_display,floral_structural_complexity,Panicle; Solitary,other_described,https://plants.ces.ncsu.edu/plants/tricyrtis-lasiocarpa,"Tricyrtis lasiocarpa (Amethyst Toad Lily, Japanese Toad Lily, Toad Lily) | North Carolina Extension Gardener Plant Toolbox",plants.ces.ncsu.edu,en,Flower Inflorescence:: Panicle; Solitary,url:https://plants.ces.ncsu.edu/plants/tricyrtis-lasiocarpa,canonical_url,exact_accepted_name,Tricyrtis lasiocarpa,B,university_extension,approved_registry_trait,review_only_not_promoted,1217a098f706fa37c8f9d0610c2c97892081f404fec24348f5b19465902d12a4,2026-08-08T01:43:49.128841Z,inventory:plants.ces.ncsu.edu,326,False,ontology_value_not_allowed|multistate_collapsed_to_other_described,31233181709,open-web-domain-backfill-31233181709
5d4a22b498a601e91cac12fe,Trochodendron aralioides,flower_size_class,floral_structural_complexity,< 1 inch,medium,https://plants.ces.ncsu.edu/plants/trochodendron-aralioides,Trochodendron aralioides (Wheel Tree) | North Carolina Extension Gardener Plant Toolbox,plants.ces.ncsu.edu,en,Flower Size:: < 1 inch,url:https://plants.ces.ncsu.edu/plants/trochodendron-aralioides,canonical_url,exact_accepted_name,Trochodendron aralioides,B,university_extension,approved_registry_trait,review_only_not_promoted,84510ab06956fb8327cdc4582ec4372b8cb62789321b6cfa4c9ab0391b073639,2026-08-08T01:43:50.923923Z,inventory:plants.ces.ncsu.edu,330,False,ambiguous_upper_bound_measurement,31233181709,open-web-domain-backfill-31233181709
77bb4f87c5d1cf399c328ff1,Trochodendron aralioides,inflorescence_display,floral_structural_complexity,Cyme; Raceme,other_described,https://plants.ces.ncsu.edu/plants/trochodendron-aralioides,Trochodendron aralioides (Wheel Tree) | North Carolina Extension Gardener Plant Toolbox,plants.ces.ncsu.edu,en,Flower Inflorescence:: Cyme; Raceme,url:https://plants.ces.ncsu.edu/plants/trochodendron-aralioides,canonical_url,exact_accepted_name,Trochodendron aralioides,B,university_extension,approved_registry_trait,review_only_not_promoted,84510ab06956fb8327cdc4582ec4372b8cb62789321b6cfa4c9ab0391b073639,2026-08-08T01:43:50.923923Z,inventory:plants.ces.ncsu.edu,330,False,ontology_value_not_allowed|multistate_collapsed_to_other_described,31233181709,open-web-domain-backfill-31233181709
e8e6f198f1192716ae30b538,Ulmus alata,flower_size_class,floral_structural_complexity,< 1 inch,medium,https://plants.ces.ncsu.edu/plants/ulmus-alata,"Ulmus alata (Cork Elm, Small Leaf Elm, Wahoo, Winged Elm, Witch Elm) | North Carolina Extension Gardener Plant Toolbox",plants.ces.ncsu.edu,en,Flower Size:: < 1 inch,url:https://plants.ces.ncsu.edu/plants/ulmus-alata,canonical_url,exact_accepted_name,Ulmus alata,B,university_extension,approved_registry_trait,review_only_not_promoted,083b6fb944c024b4e21e01640cdbded03cd371801c51cc678a4dc4a1e910890e,2026-08-08T01:43:53.698006Z,inventory:plants.ces.ncsu.edu,336,False,ambiguous_upper_bound_measurement,31233181709,open-web-domain-backfill-31233181709
c86784fb21c29c68dabc3506,Ulmus americana,flower_size_class,floral_structural_complexity,< 1 inch,medium,https://plants.ces.ncsu.edu/plants/ulmus-americana,"Ulmus americana (American Elm, Common Elm, Gray Elm, Soft Elm, Water Elm, White Elm) | North Carolina Extension Gardener Plant Toolbox",plants.ces.ncsu.edu,en,Flower Size:: < 1 inch,url:https://plants.ces.ncsu.edu/plants/ulmus-americana,canonical_url,exact_accepted_name,Ulmus americana,B,university_extension,approved_registry_trait,review_only_not_promoted,404e282be2b43af0970913afba56b311c074c7b3884007719f81b5d5af46c110,2026-08-08T01:43:54.263944Z,inventory:plants.ces.ncsu.edu,337,False,ambiguous_upper_bound_measurement,31233181709,open-web-domain-backfill-31233181709
39ee724ee0e9509e8045db3e,Umbellularia californica,flower_size_class,floral_structural_complexity,< 1 inch,medium,https://plants.ces.ncsu.edu/plants/umbellularia-californica,"Umbellularia californica (California bay, California Laurel, California-laurel, Myrtle-wood, Oregon-myrtle, Pacific-myrtle, Pepperwood, Spice-tree) | North Carolina Extension Gardener Plant Toolbox",plants.ces.ncsu.edu,en,Flower Size:: < 1 inch,url:https://plants.ces.ncsu.edu/plants/umbellularia-californica,canonical_url,exact_accepted_name,Umbellularia californica,B,university_extension,approved_registry_trait,review_only_not_promoted,0fe305edb1ae087e0b26ae22082fd5f45eb607f97ed024d588a3d6cff7517695,2026-08-08T01:43:56.715673Z,inventory:plants.ces.ncsu.edu,342,False,ambiguous_upper_bound_measurement,31233181709,open-web-domain-backfill-31233181709
b080f1a95dec8256f72d9472,Urochloa platyphylla,flower_size_class,floral_structural_complexity,< 1 inch,medium,https://plants.ces.ncsu.edu/plants/urochloa-platyphylla,"Urochloa platyphylla (Broad-leaf Liverseed Grass, Broadleaf Signalgrass, Broadleaf Signal Grass) | North Carolina Extension Gardener Plant Toolbox",plants.ces.ncsu.edu,en,Flower Size:: < 1 inch,url:https://plants.ces.ncsu.edu/plants/urochloa-platyphylla,canonical_url,exact_accepted_name,Urochloa platyphylla,B,university_extension,approved_registry_trait,review_only_not_promoted,e196f6a100c6d419a23ad93200d1f0b85e68a87350d8720882fce76d01efb700,2026-08-08T01:43:58.041300Z,inventory:plants.ces.ncsu.edu,345,False,ambiguous_upper_bound_measurement,31233181709,open-web-domain-backfill-31233181709
2dd9a064149df964be43901e,Urochloa ramosa,flower_size_class,floral_structural_complexity,< 1 inch,medium,https://plants.ces.ncsu.edu/plants/urochloa-ramosa,"Urochloa ramosa (Browntop Millet, Dixie Signalgrass) | North Carolina Extension Gardener Plant Toolbox",plants.ces.ncsu.edu,en,Flower Size:: < 1 inch,url:https://plants.ces.ncsu.edu/plants/urochloa-ramosa,canonical_url,exact_accepted_name,Urochloa ramosa,B,university_extension,approved_registry_trait,review_only_not_promoted,bb4a8fe0905e8b6a2302348fdd16d2167564a87f81822642b3859e441d547996,2026-08-08T01:43:58.501538Z,inventory:plants.ces.ncsu.edu,346,False,ambiguous_upper_bound_measurement,31233181709,open-web-domain-backfill-31233181709
93e3249c116cbc37f2fadf50,Urtica chamaedryoides,flower_size_class,floral_structural_complexity,< 1 inch,medium,https://plants.ces.ncsu.edu/plants/urtica-chamaedryoides,"Urtica chamaedryoides (Dwarf Stinging Nettle, Heartleaf Nettle, Heart-leaf Stinging Nettle) | North Carolina Extension Gardener Plant Toolbox",plants.ces.ncsu.edu,en,Flower Size:: < 1 inch,url:https://plants.ces.ncsu.edu/plants/urtica-chamaedryoides,canonical_url,exact_accepted_name,Urtica chamaedryoides,B,university_extension,approved_registry_trait,review_only_not_promoted,7870171ae09ff9c1da5df1705db43565cac427d299f451d2c85dfbed9238789e,2026-08-08T01:43:58.949162Z,inventory:plants.ces.ncsu.edu,347,False,ambiguous_upper_bound_measurement,31233181709,open-web-domain-backfill-31233181709
4ce3da618e90382055392e7f,Uvularia sessilifolia,flower_size_class,floral_structural_complexity,< 1 inch,medium,https://plants.ces.ncsu.edu/plants/uvularia-sessilifolia,"Uvularia sessilifolia (Mountain Bellwort, Sessile Bellwort, Sessile-leaf Bellwort, Spreading Bellwort, Straw Lily, Wild Oats) | North Carolina Extension Gardener Plant Toolbox",plants.ces.ncsu.edu,en,Flower Size:: < 1 inch,url:https://plants.ces.ncsu.edu/plants/uvularia-sessilifolia,canonical_url,exact_accepted_name,Uvularia sessilifolia,B,university_extension,approved_registry_trait,review_only_not_promoted,213071e5425aa123c72c9035b65e34f891f4a49bc408ff5a4cdfcd0e1d69ddbc,2026-08-08T01:44:00.328372Z,inventory:plants.ces.ncsu.edu,350,False,ambiguous_upper_bound_measurement,31233181709,open-web-domain-backfill-31233181709
74ca0d03fa057b3f0e59e531,Vernonia angustifolia,flower_size_class,floral_structural_complexity,< 1 inch,medium,https://plants.ces.ncsu.edu/plants/vernonia-angustifolia,"Vernonia angustifolia (Ironweed, Narrow-leaf Ironweed, Sandhills Ironweed, Tall Ironweed) | North Carolina Extension Gardener Plant Toolbox",plants.ces.ncsu.edu,en,Flower Size:: < 1 inch,url:https://plants.ces.ncsu.edu/plants/vernonia-angustifolia,canonical_url,exact_accepted_name,Vernonia angustifolia,B,university_extension,approved_registry_trait,review_only_not_promoted,9d831ecb766b6eb6221aeb34dd945d8f62206c3d219c4b4f66e8525916e9427f,2026-08-08T01:44:02.691446Z,inventory:plants.ces.ncsu.edu,355,False,ambiguous_upper_bound_measurement,31233181709,open-web-domain-backfill-31233181709
3002542424651a2edd9a06c0,Vernonia angustifolia,inflorescence_display,floral_structural_complexity,Corymb; Panicle,other_described,https://plants.ces.ncsu.edu/plants/vernonia-angustifolia,"Vernonia angustifolia (Ironweed, Narrow-leaf Ironweed, Sandhills Ironweed, Tall Ironweed) | North Carolina Extension Gardener Plant Toolbox",plants.ces.ncsu.edu,en,Flower Inflorescence:: Corymb; Panicle,url:https://plants.ces.ncsu.edu/plants/vernonia-angustifolia,canonical_url,exact_accepted_name,Vernonia angustifolia,B,university_extension,approved_registry_trait,review_only_not_promoted,9d831ecb766b6eb6221aeb34dd945d8f62206c3d219c4b4f66e8525916e9427f,2026-08-08T01:44:02.691446Z,inventory:plants.ces.ncsu.edu,355,False,ontology_value_not_allowed|multistate_collapsed_to_other_described,31233181709,open-web-domain-backfill-31233181709
b277b907bf861c4c08796def,Vernonia noveboracensis,flower_size_class,floral_structural_complexity,< 1 inch,medium,https://plants.ces.ncsu.edu/plants/vernonia-noveboracensis,"Vernonia noveboracensis (Ironweed, New York Ironweed, Tall Ironweed) | North Carolina Extension Gardener Plant Toolbox",plants.ces.ncsu.edu,en,Flower Size:: < 1 inch,url:https://plants.ces.ncsu.edu/plants/vernonia-noveboracensis,canonical_url,exact_accepted_name,Vernonia noveboracensis,B,university_extension,approved_registry_trait,review_only_not_promoted,dc58412ea28941a0bfe15793474ab8298243c4ef7715cc3c3811b1ded1d5e0ef,2026-08-08T01:44:03.152498Z,inventory:plants.ces.ncsu.edu,356,False,ambiguous_upper_bound_measurement,31233181709,open-web-domain-backfill-31233181709
bfcf662cecb5a29bf4838eda,Vitis aestivalis,flower_size_class,floral_structural_complexity,< 1 inch,medium,https://plants.ces.ncsu.edu/plants/vitis-aestivalis,"Vitis aestivalis (Bunch Grape, Pidgeon Grape, Summer Grape) | North Carolina Extension Gardener Plant Toolbox",plants.ces.ncsu.edu,en,Flower Size:: < 1 inch,url:https://plants.ces.ncsu.edu/plants/vitis-aestivalis,canonical_url,exact_accepted_name,Vitis aestivalis,B,university_extension,approved_registry_trait,review_only_not_promoted,3887ddef194e2db908487af6e9e2090f8d28f489e2eaa705aa5e5ea21915bd25,2026-08-08T01:44:04.465699Z,inventory:plants.ces.ncsu.edu,359,False,ambiguous_upper_bound_measurement,31233181709,open-web-domain-backfill-31233181709
318210e0a279c2ca55357a15,Washingtonia robusta,flower_size_class,floral_structural_complexity,< 1 inch,medium,https://plants.ces.ncsu.edu/plants/washingtonia-robusta,Washingtonia robusta (Mexican Fan Palm) | North Carolina Extension Gardener Plant Toolbox,plants.ces.ncsu.edu,en,Flower Size:: < 1 inch,url:https://plants.ces.ncsu.edu/plants/washingtonia-robusta,canonical_url,exact_accepted_name,Washingtonia robusta,B,university_extension,approved_registry_trait,review_only_not_promoted,f94c018558cddf698f8daeb1b97f7c2caa1e9527b28c583317795ba169857f2c,2026-08-08T01:44:05.439150Z,inventory:plants.ces.ncsu.edu,361,False,ambiguous_upper_bound_measurement,31233181709,open-web-domain-backfill-31233181709
2fba9b9fd672dc3c818a3c47,Yucca flaccida,flower_size_class,floral_structural_complexity,< 1 inch,medium,https://plants.ces.ncsu.edu/plants/yucca-flaccida,"Yucca flaccida (Adam's Needle, Flaccid Leaf Yucca, Floppy Yucca, Weakleaf Yucca) | North Carolina Extension Gardener Plant Toolbox",plants.ces.ncsu.edu,en,Flower Size:: < 1 inch,url:https://plants.ces.ncsu.edu/plants/yucca-flaccida,canonical_url,exact_accepted_name,Yucca flaccida,B,university_extension,approved_registry_trait,review_only_not_promoted,f5b994e9d29209c168d8cab1400a9d0f80635007e4db95e7f45ca3f93c353db3,2026-08-08T01:44:10.841490Z,inventory:plants.ces.ncsu.edu,369,False,ambiguous_upper_bound_measurement,31233181709,open-web-domain-backfill-31233181709
32735b59d68e922df6c6d681,Zelkova serrata,flower_size_class,floral_structural_complexity,< 1 inch,medium,https://plants.ces.ncsu.edu/plants/zelkova-serrata,Zelkova serrata (Japanese Zelkova) | North Carolina Extension Gardener Plant Toolbox,plants.ces.ncsu.edu,en,Flower Size:: < 1 inch,url:https://plants.ces.ncsu.edu/plants/zelkova-serrata,canonical_url,exact_accepted_name,Zelkova serrata,B,university_extension,approved_registry_trait,review_only_not_promoted,5c147fa8002ceabf1d75f7ff8876ae7ea7569e3fd9d345b5d089a5eb669aa042,2026-08-08T01:44:15.066267Z,inventory:plants.ces.ncsu.edu,378,False,ambiguous_upper_bound_measurement,31233181709,open-web-domain-backfill-31233181709
cc300fef16159dae0fad6e54,Zinnia haageana,flower_size_class,floral_structural_complexity,< 1 inch,medium,https://plants.ces.ncsu.edu/plants/zinnia-haageana,"Zinnia haageana (Haage Zinnia, Mexican Zinnia) | North Carolina Extension Gardener Plant Toolbox",plants.ces.ncsu.edu,en,Flower Size:: < 1 inch,url:https://plants.ces.ncsu.edu/plants/zinnia-haageana,canonical_url,exact_accepted_name,Zinnia haageana,B,university_extension,approved_registry_trait,review_only_not_promoted,f6a7cfdb7c709de72138a9aad9d2d5042670c5aacfe59fb926ff8f44da307f1f,2026-08-08T01:44:17.973278Z,inventory:plants.ces.ncsu.edu,384,False,ambiguous_upper_bound_measurement,31233181709,open-web-domain-backfill-31233181709
