candidate_id,accepted_species,trait_name,normalized_value,source_url,page_title,source_citation,source_tier,source_type,domain,language,supporting_excerpt,normalized_excerpt_sha256,content_fingerprint,name_match_method,wild_cultivated_cultivar_status,decision,species_identity_correct,value_correct,provenance_complete,cultivar_contamination,false_positive_reason,decision_reason,reviewer,reviewed_at_utc
d4df8a74570c4420e69e2b16,Magnolia salicifolia,autonomous_selfing_capacity,absent,https://www.davidpublisher.com/Public/uploads/Contribute/5ed76e5d17b9b.pdf,"Inbreeding and Inbreeding Depression in a Deciduous Shrub, Magnolia salicifolia, in the Understory of a Japanese Beech Forest","Ishida, Kikuchi & Hayashi (2020), Journal of Environmental Science and Engineering A 9:90-97, DOI 10.17265/2162-5298/2020.03.002",A,primary_research_article,davidpublisher.com,en,"The pollination experiments revealed that M. salicifolia is self-compatible, although the flowers cannot set seeds under environments without pollinators.",4a8f54a1e7f633d2ee208aa2bc4b05d549e760b60b8bcabf5051edeca2a33362,b069de8809d0867c05a6f349018c29eb01d08053b27270822f03b595a98cfd3c,accepted_name_exact,wild_species_not_cultivar_limited,accept,True,True,True,False,,"Exact accepted species identity, exact source statement, trait-specific mapping, source URL and retrieved-content hash rechecked; no cultivar, family inference, cross-trait substitution or global fallback.",Codex source-backed line-by-line evidence audit,2026-08-11T05:10:00Z
8631306b61b701d165fc400c,Agave salmiana,self_incompatibility,SC,https://pfaf.org/user/Plant.aspx?LatinName=Agave+salmiana,Plants For A Future species profile: Agave salmiana,"Plants For A Future species profile, compiled by Ken Fern",B,specialist_species_database,pfaf.org,en,The plant is self-fertile,fa59c306b4eb8d2554647ce2d29e3ccc1a95baaf84c84e102d72fe4df7f8743f,fc93bc4324da1f493b31120c09e0446d4e8a88a0fe549488537a486dbbe15c27,accepted_name_exact,wild_species_not_cultivar_limited,accept,True,True,True,False,,"Exact accepted species identity, exact source statement, trait-specific mapping, source URL and retrieved-content hash rechecked; no cultivar, family inference, cross-trait substitution or global fallback.",Codex source-backed line-by-line evidence audit,2026-08-11T05:10:00Z
d7b0670096aa0ca0b30407ae,Ageratina aromatica,self_incompatibility,SC,https://pfaf.org/user/Plant.aspx?LatinName=Ageratina+aromatica,Plants For A Future species profile: Ageratina aromatica,"Plants For A Future species profile, compiled by Ken Fern",B,specialist_species_database,pfaf.org,en,The plant is self-fertile,fa59c306b4eb8d2554647ce2d29e3ccc1a95baaf84c84e102d72fe4df7f8743f,92ce3a4f9fa5d4a47dc5ecff39d5109a0b4fe1d4436d9afed1724936cd52ac07,accepted_name_exact,wild_species_not_cultivar_limited,accept,True,True,True,False,,"Exact accepted species identity, exact source statement, trait-specific mapping, source URL and retrieved-content hash rechecked; no cultivar, family inference, cross-trait substitution or global fallback.",Codex source-backed line-by-line evidence audit,2026-08-11T05:10:00Z
1e90c015b1c8d3d9d443f8e5,Allium senescens,self_incompatibility,SC,https://pfaf.org/user/Plant.aspx?LatinName=Allium+senescens,Plants For A Future species profile: Allium senescens,"Plants For A Future species profile, compiled by Ken Fern",B,specialist_species_database,pfaf.org,en,The plant is self-fertile,fa59c306b4eb8d2554647ce2d29e3ccc1a95baaf84c84e102d72fe4df7f8743f,bfbb1f30488e6255b3b7455b9874a2f91067ad7b92c47895f8c63fce082a01b4,accepted_name_exact,wild_species_not_cultivar_limited,accept,True,True,True,False,,"Exact accepted species identity, exact source statement, trait-specific mapping, source URL and retrieved-content hash rechecked; no cultivar, family inference, cross-trait substitution or global fallback.",Codex source-backed line-by-line evidence audit,2026-08-11T05:10:00Z
980ad3957f9f8c753cb827ca,Aloysia citriodora,self_incompatibility,SC,https://pfaf.org/user/Plant.aspx?LatinName=Aloysia+citriodora,Plants For A Future species profile: Aloysia citriodora,"Plants For A Future species profile, compiled by Ken Fern",B,specialist_species_database,pfaf.org,en,The plant is self-fertile,fa59c306b4eb8d2554647ce2d29e3ccc1a95baaf84c84e102d72fe4df7f8743f,9faa67dfacfecea1f75982ef89bfd53048dd7476cb4b6275acf105120ceb362e,accepted_name_exact,wild_species_not_cultivar_limited,accept,True,True,True,False,,"Exact accepted species identity, exact source statement, trait-specific mapping, source URL and retrieved-content hash rechecked; no cultivar, family inference, cross-trait substitution or global fallback.",Codex source-backed line-by-line evidence audit,2026-08-11T05:10:00Z
dbae793d09112b7c3ea7d18a,Amelanchier canadensis,self_incompatibility,SC,https://pfaf.org/user/plant.aspx?LatinName=Amelanchier+canadensis,Plants For A Future species profile: Amelanchier canadensis,"Plants For A Future species profile, compiled by Ken Fern",B,specialist_species_database,pfaf.org,en,The plant is self-fertile,fa59c306b4eb8d2554647ce2d29e3ccc1a95baaf84c84e102d72fe4df7f8743f,e67bd35208d6e58d5cc15018affc9f1785172f0a0ae168bc55db79a101ea69e7,accepted_name_exact,wild_species_not_cultivar_limited,accept,True,True,True,False,,"Exact accepted species identity, exact source statement, trait-specific mapping, source URL and retrieved-content hash rechecked; no cultivar, family inference, cross-trait substitution or global fallback.",Codex source-backed line-by-line evidence audit,2026-08-11T05:10:00Z
2cfb426f27189d869ea4b159,Amelanchier interior,self_incompatibility,SC,https://pfaf.org/user/Plant.aspx?LatinName=Amelanchier+interior,Plants For A Future species profile: Amelanchier interior,"Plants For A Future species profile, compiled by Ken Fern",B,specialist_species_database,pfaf.org,en,The plant is self-fertile,fa59c306b4eb8d2554647ce2d29e3ccc1a95baaf84c84e102d72fe4df7f8743f,7a0cb035f67ab441865ec394c4eb282a8ea08cc2647334f2cf0edac61f7c13b9,accepted_name_exact,wild_species_not_cultivar_limited,accept,True,True,True,False,,"Exact accepted species identity, exact source statement, trait-specific mapping, source URL and retrieved-content hash rechecked; no cultivar, family inference, cross-trait substitution or global fallback.",Codex source-backed line-by-line evidence audit,2026-08-11T05:10:00Z
82840fc3ab64f010c18387d2,Amelanchier intermedia,self_incompatibility,SC,https://pfaf.org/user/Plant.aspx?LatinName=Amelanchier+intermedia,Plants For A Future species profile: Amelanchier intermedia,"Plants For A Future species profile, compiled by Ken Fern",B,specialist_species_database,pfaf.org,en,The plant is self-fertile,fa59c306b4eb8d2554647ce2d29e3ccc1a95baaf84c84e102d72fe4df7f8743f,b0cf3c9109205ec69dd1ad483e546950c39d5be4dba196b575f512e43c8ff88c,accepted_name_exact,wild_species_not_cultivar_limited,accept,True,True,True,False,,"Exact accepted species identity, exact source statement, trait-specific mapping, source URL and retrieved-content hash rechecked; no cultivar, family inference, cross-trait substitution or global fallback.",Codex source-backed line-by-line evidence audit,2026-08-11T05:10:00Z
37ed0513aa1964da901f466d,Amelanchier parviflora,self_incompatibility,SC,https://pfaf.org/user/Plant.aspx?LatinName=Amelanchier+parviflora,Plants For A Future species profile: Amelanchier parviflora,"Plants For A Future species profile, compiled by Ken Fern",B,specialist_species_database,pfaf.org,en,The plant is self-fertile,fa59c306b4eb8d2554647ce2d29e3ccc1a95baaf84c84e102d72fe4df7f8743f,b22cad704bb3372588dca6fe67eab9497eac3525e7dd1199252c2228a8743d92,accepted_name_exact,wild_species_not_cultivar_limited,accept,True,True,True,False,,"Exact accepted species identity, exact source statement, trait-specific mapping, source URL and retrieved-content hash rechecked; no cultivar, family inference, cross-trait substitution or global fallback.",Codex source-backed line-by-line evidence audit,2026-08-11T05:10:00Z
36a44048474ac008503d1710,Amelanchier sanguinea,self_incompatibility,SC,https://pfaf.org/user/Plant.aspx?LatinName=Amelanchier+sanguinea,Plants For A Future species profile: Amelanchier sanguinea,"Plants For A Future species profile, compiled by Ken Fern",B,specialist_species_database,pfaf.org,en,The plant is self-fertile,fa59c306b4eb8d2554647ce2d29e3ccc1a95baaf84c84e102d72fe4df7f8743f,9bdd30d3e319c00859f1e5f78f168c6d03afee79ab16bab3c5631a9f65c9816c,accepted_name_exact,wild_species_not_cultivar_limited,accept,True,True,True,False,,"Exact accepted species identity, exact source statement, trait-specific mapping, source URL and retrieved-content hash rechecked; no cultivar, family inference, cross-trait substitution or global fallback.",Codex source-backed line-by-line evidence audit,2026-08-11T05:10:00Z
75632b13cb2a837426769c23,Amelanchier utahensis,self_incompatibility,SC,https://pfaf.org/user/Plant.aspx?LatinName=Amelanchier+utahensis,Plants For A Future species profile: Amelanchier utahensis,"Plants For A Future species profile, compiled by Ken Fern",B,specialist_species_database,pfaf.org,en,The plant is self-fertile,fa59c306b4eb8d2554647ce2d29e3ccc1a95baaf84c84e102d72fe4df7f8743f,2d6157e0129c9e3de1623e6c980a8f8c60b73be5c317f3f21e0bbf657cd32326,accepted_name_exact,wild_species_not_cultivar_limited,accept,True,True,True,False,,"Exact accepted species identity, exact source statement, trait-specific mapping, source URL and retrieved-content hash rechecked; no cultivar, family inference, cross-trait substitution or global fallback.",Codex source-backed line-by-line evidence audit,2026-08-11T05:10:00Z
7168e4afb77fe42cb6da33b9,Apium australe,self_incompatibility,SC,https://pfaf.org/user/Plant.aspx?LatinName=Apium+australe,Plants For A Future species profile: Apium australe,"Plants For A Future species profile, compiled by Ken Fern",B,specialist_species_database,pfaf.org,en,The plant is self-fertile,fa59c306b4eb8d2554647ce2d29e3ccc1a95baaf84c84e102d72fe4df7f8743f,d90f96438eeab9dc90a97a4f6ccefccfeaf2cf2cb3d0b7c8eeba8b3ab4b76262,accepted_name_exact,wild_species_not_cultivar_limited,accept,True,True,True,False,,"Exact accepted species identity, exact source statement, trait-specific mapping, source URL and retrieved-content hash rechecked; no cultivar, family inference, cross-trait substitution or global fallback.",Codex source-backed line-by-line evidence audit,2026-08-11T05:10:00Z
0ed2a4a57d842a65aadcbb3a,Arbutus arizonica,self_incompatibility,SC,https://pfaf.org/user/Plant.aspx?LatinName=Arbutus+arizonica,Plants For A Future species profile: Arbutus arizonica,"Plants For A Future species profile, compiled by Ken Fern",B,specialist_species_database,pfaf.org,en,The plant is self-fertile,fa59c306b4eb8d2554647ce2d29e3ccc1a95baaf84c84e102d72fe4df7f8743f,79112e57e98c34ba2e8313581391a6efdfa7e84909df3c56920eee0d0bae0bd8,accepted_name_exact,wild_species_not_cultivar_limited,accept,True,True,True,False,,"Exact accepted species identity, exact source statement, trait-specific mapping, source URL and retrieved-content hash rechecked; no cultivar, family inference, cross-trait substitution or global fallback.",Codex source-backed line-by-line evidence audit,2026-08-11T05:10:00Z
e3d24a36f26f4052801e92cf,Arbutus xalapensis,self_incompatibility,SC,https://pfaf.org/user/Plant.aspx?LatinName=Arbutus+xalapensis,Plants For A Future species profile: Arbutus xalapensis,"Plants For A Future species profile, compiled by Ken Fern",B,specialist_species_database,pfaf.org,en,The plant is self-fertile,fa59c306b4eb8d2554647ce2d29e3ccc1a95baaf84c84e102d72fe4df7f8743f,0bac828fb0e430cc2636476c44606398df2544de50d6e6c645c8036f6d7bb31b,accepted_name_exact,wild_species_not_cultivar_limited,accept,True,True,True,False,,"Exact accepted species identity, exact source statement, trait-specific mapping, source URL and retrieved-content hash rechecked; no cultivar, family inference, cross-trait substitution or global fallback.",Codex source-backed line-by-line evidence audit,2026-08-11T05:10:00Z
644e00a752e5db2f412cf78a,Arctostaphylos manzanita,self_incompatibility,SC,https://pfaf.org/user/Plant.aspx?LatinName=Arctostaphylos+manzanita,Plants For A Future species profile: Arctostaphylos manzanita,"Plants For A Future species profile, compiled by Ken Fern",B,specialist_species_database,pfaf.org,en,The plant is self-fertile,fa59c306b4eb8d2554647ce2d29e3ccc1a95baaf84c84e102d72fe4df7f8743f,ea64fc30512e0ef741da38b955744f65d632f7b810ec44df29aa904234657a20,accepted_name_exact,wild_species_not_cultivar_limited,accept,True,True,True,False,,"Exact accepted species identity, exact source statement, trait-specific mapping, source URL and retrieved-content hash rechecked; no cultivar, family inference, cross-trait substitution or global fallback.",Codex source-backed line-by-line evidence audit,2026-08-11T05:10:00Z
02d3968f3cb78da0fad0c559,Arctostaphylos tomentosa,self_incompatibility,SC,https://pfaf.org/user/Plant.aspx?LatinName=Arctostaphylos+tomentosa,Plants For A Future species profile: Arctostaphylos tomentosa,"Plants For A Future species profile, compiled by Ken Fern",B,specialist_species_database,pfaf.org,en,The plant is self-fertile,fa59c306b4eb8d2554647ce2d29e3ccc1a95baaf84c84e102d72fe4df7f8743f,59e012172716c5c7dc1e31235b31c02a522348863f367e1c2519a5f6d561c5a1,accepted_name_exact,wild_species_not_cultivar_limited,accept,True,True,True,False,,"Exact accepted species identity, exact source statement, trait-specific mapping, source URL and retrieved-content hash rechecked; no cultivar, family inference, cross-trait substitution or global fallback.",Codex source-backed line-by-line evidence audit,2026-08-11T05:10:00Z
3acb5736d53b14859b226c89,Arracacia xanthorrhiza,self_incompatibility,SC,https://pfaf.org/user/Plant.aspx?LatinName=Arracacia+xanthorrhiza,Plants For A Future species profile: Arracacia xanthorrhiza,"Plants For A Future species profile, compiled by Ken Fern",B,specialist_species_database,pfaf.org,en,The plant is self-fertile,fa59c306b4eb8d2554647ce2d29e3ccc1a95baaf84c84e102d72fe4df7f8743f,de7b6fcf90ef589ee912854f9b2a156b508c87fb34a113524615ea0e241e14d3,accepted_name_exact,wild_species_not_cultivar_limited,accept,True,True,True,False,,"Exact accepted species identity, exact source statement, trait-specific mapping, source URL and retrieved-content hash rechecked; no cultivar, family inference, cross-trait substitution or global fallback.",Codex source-backed line-by-line evidence audit,2026-08-11T05:10:00Z
fedead5297d8c2e1c34495c1,Berberis aggregata,self_incompatibility,SC,https://pfaf.org/user/plant.aspx?LatinName=Berberis+aggregata,Plants For A Future species profile: Berberis aggregata,"Plants For A Future species profile, compiled by Ken Fern",B,specialist_species_database,pfaf.org,en,The plant is self-fertile,fa59c306b4eb8d2554647ce2d29e3ccc1a95baaf84c84e102d72fe4df7f8743f,13605213d67be8b12597c5acfe9c5127bc059ef6699b010c486c2c6037eb48fa,accepted_name_exact,wild_species_not_cultivar_limited,accept,True,True,True,False,,"Exact accepted species identity, exact source statement, trait-specific mapping, source URL and retrieved-content hash rechecked; no cultivar, family inference, cross-trait substitution or global fallback.",Codex source-backed line-by-line evidence audit,2026-08-11T05:10:00Z
a4ba13aabdc1a2830b05de30,Berberis aristata,self_incompatibility,SC,https://pfaf.org/user/plant.aspx?LatinName=Berberis+aristata,Plants For A Future species profile: Berberis aristata,"Plants For A Future species profile, compiled by Ken Fern",B,specialist_species_database,pfaf.org,en,The plant is self-fertile,fa59c306b4eb8d2554647ce2d29e3ccc1a95baaf84c84e102d72fe4df7f8743f,49fafe36311194a1c0173a029ff0af034215c8630ce6c110a693493580ee7d21,accepted_name_exact,wild_species_not_cultivar_limited,accept,True,True,True,False,,"Exact accepted species identity, exact source statement, trait-specific mapping, source URL and retrieved-content hash rechecked; no cultivar, family inference, cross-trait substitution or global fallback.",Codex source-backed line-by-line evidence audit,2026-08-11T05:10:00Z
8a18146f9e5c3a7542ef1a0b,Berberis canadensis,self_incompatibility,SC,https://pfaf.org/user/Plant.aspx?LatinName=Berberis+canadensis,Plants For A Future species profile: Berberis canadensis,"Plants For A Future species profile, compiled by Ken Fern",B,specialist_species_database,pfaf.org,en,The plant is self-fertile,fa59c306b4eb8d2554647ce2d29e3ccc1a95baaf84c84e102d72fe4df7f8743f,e64c08e4a07eaadcde2c0ad0e3d40e32b755bdb8b8a5f3e82a06079ff0f50d7f,accepted_name_exact,wild_species_not_cultivar_limited,accept,True,True,True,False,,"Exact accepted species identity, exact source statement, trait-specific mapping, source URL and retrieved-content hash rechecked; no cultivar, family inference, cross-trait substitution or global fallback.",Codex source-backed line-by-line evidence audit,2026-08-11T05:10:00Z
ceb8bb712cf534e1097304c0,Berberis chinensis,self_incompatibility,SC,https://pfaf.org/user/Plant.aspx?LatinName=Berberis+chinensis,Plants For A Future species profile: Berberis chinensis,"Plants For A Future species profile, compiled by Ken Fern",B,specialist_species_database,pfaf.org,en,The plant is self-fertile,fa59c306b4eb8d2554647ce2d29e3ccc1a95baaf84c84e102d72fe4df7f8743f,274cf6fcc15894ffd2e707f70cafde18ea888cb6f146ee90f56ea67760c2cb59,accepted_name_exact,wild_species_not_cultivar_limited,accept,True,True,True,False,,"Exact accepted species identity, exact source statement, trait-specific mapping, source URL and retrieved-content hash rechecked; no cultivar, family inference, cross-trait substitution or global fallback.",Codex source-backed line-by-line evidence audit,2026-08-11T05:10:00Z
8e50572bafb8a89dbfbdfdc7,Berberis concinna,self_incompatibility,SC,https://pfaf.org/user/Plant.aspx?LatinName=Berberis+concinna,Plants For A Future species profile: Berberis concinna,"Plants For A Future species profile, compiled by Ken Fern",B,specialist_species_database,pfaf.org,en,The plant is self-fertile,fa59c306b4eb8d2554647ce2d29e3ccc1a95baaf84c84e102d72fe4df7f8743f,7c2cb07be5735102217198518eb6d2aea3985e3ecb11d839c65de1cbb063e8f8,accepted_name_exact,wild_species_not_cultivar_limited,accept,True,True,True,False,,"Exact accepted species identity, exact source statement, trait-specific mapping, source URL and retrieved-content hash rechecked; no cultivar, family inference, cross-trait substitution or global fallback.",Codex source-backed line-by-line evidence audit,2026-08-11T05:10:00Z
7139673a413c259ce853f820,Berberis gagnepainii,self_incompatibility,SC,https://pfaf.org/user/Plant.aspx?LatinName=Berberis+gagnepainii,Plants For A Future species profile: Berberis gagnepainii,"Plants For A Future species profile, compiled by Ken Fern",B,specialist_species_database,pfaf.org,en,The plant is self-fertile,fa59c306b4eb8d2554647ce2d29e3ccc1a95baaf84c84e102d72fe4df7f8743f,eb22877a1cb09e1099a0e61ec703530669466dc36018aba9ded1df2a1871bbe4,accepted_name_exact,wild_species_not_cultivar_limited,accept,True,True,True,False,,"Exact accepted species identity, exact source statement, trait-specific mapping, source URL and retrieved-content hash rechecked; no cultivar, family inference, cross-trait substitution or global fallback.",Codex source-backed line-by-line evidence audit,2026-08-11T05:10:00Z
bab9867aa6fa1bb541a9edb9,Berberis koreana,self_incompatibility,SC,https://pfaf.org/user/Plant.aspx?LatinName=Berberis+koreana,Plants For A Future species profile: Berberis koreana,"Plants For A Future species profile, compiled by Ken Fern",B,specialist_species_database,pfaf.org,en,The plant is self-fertile,fa59c306b4eb8d2554647ce2d29e3ccc1a95baaf84c84e102d72fe4df7f8743f,2260a704c4f10242e451deed16071a360803dee7af5d248837a2ca1aef51a92d,accepted_name_exact,wild_species_not_cultivar_limited,accept,True,True,True,False,,"Exact accepted species identity, exact source statement, trait-specific mapping, source URL and retrieved-content hash rechecked; no cultivar, family inference, cross-trait substitution or global fallback.",Codex source-backed line-by-line evidence audit,2026-08-11T05:10:00Z
e301e3f440a8459165c65bb5,Berberis sherriffii,self_incompatibility,SC,https://pfaf.org/user/Plant.aspx?LatinName=Berberis+sherriffii,Plants For A Future species profile: Berberis sherriffii,"Plants For A Future species profile, compiled by Ken Fern",B,specialist_species_database,pfaf.org,en,The plant is self-fertile,fa59c306b4eb8d2554647ce2d29e3ccc1a95baaf84c84e102d72fe4df7f8743f,b3ec87ea70fd730a1c9080c72f983053d5520c7f54a6957a123446dc15b49432,accepted_name_exact,wild_species_not_cultivar_limited,accept,True,True,True,False,,"Exact accepted species identity, exact source statement, trait-specific mapping, source URL and retrieved-content hash rechecked; no cultivar, family inference, cross-trait substitution or global fallback.",Codex source-backed line-by-line evidence audit,2026-08-11T05:10:00Z
6094bb85dad24a759d46db47,Berberis soulieana,self_incompatibility,SC,https://pfaf.org/user/Plant.aspx?LatinName=Berberis+soulieana,Plants For A Future species profile: Berberis soulieana,"Plants For A Future species profile, compiled by Ken Fern",B,specialist_species_database,pfaf.org,en,The plant is self-fertile,fa59c306b4eb8d2554647ce2d29e3ccc1a95baaf84c84e102d72fe4df7f8743f,dc301a88538b85931d5e1266d90ad3cfa5547db1cf3278b217347e33f6adfe42,accepted_name_exact,wild_species_not_cultivar_limited,accept,True,True,True,False,,"Exact accepted species identity, exact source statement, trait-specific mapping, source URL and retrieved-content hash rechecked; no cultivar, family inference, cross-trait substitution or global fallback.",Codex source-backed line-by-line evidence audit,2026-08-11T05:10:00Z
e8ca0988be1362d4d9743cdc,Berberis verruculosa,self_incompatibility,SC,https://pfaf.org/user/Plant.aspx?LatinName=Berberis+verruculosa,Plants For A Future species profile: Berberis verruculosa,"Plants For A Future species profile, compiled by Ken Fern",B,specialist_species_database,pfaf.org,en,The plant is self-fertile,fa59c306b4eb8d2554647ce2d29e3ccc1a95baaf84c84e102d72fe4df7f8743f,1c900dfdbec957db9a93162832b7f41acf63371ef182515958fdebe9429f85e1,accepted_name_exact,wild_species_not_cultivar_limited,accept,True,True,True,False,,"Exact accepted species identity, exact source statement, trait-specific mapping, source URL and retrieved-content hash rechecked; no cultivar, family inference, cross-trait substitution or global fallback.",Codex source-backed line-by-line evidence audit,2026-08-11T05:10:00Z
9f5e01c9bcb3dbf5b4dc0b50,Carya aquatica,self_incompatibility,SC,https://pfaf.org/user/Plant.aspx?LatinName=Carya+aquatica,Plants For A Future species profile: Carya aquatica,"Plants For A Future species profile, compiled by Ken Fern",B,specialist_species_database,pfaf.org,en,The plant is self-fertile,fa59c306b4eb8d2554647ce2d29e3ccc1a95baaf84c84e102d72fe4df7f8743f,f71d625bc20a0c5668cbc42f79ac43ee8d2b6185d83b8b82ef77d6eb13a8af6e,accepted_name_exact,wild_species_not_cultivar_limited,accept,True,True,True,False,,"Exact accepted species identity, exact source statement, trait-specific mapping, source URL and retrieved-content hash rechecked; no cultivar, family inference, cross-trait substitution or global fallback.",Codex source-backed line-by-line evidence audit,2026-08-11T05:10:00Z
40504bb856c292795aa2ff62,Carya cordiformis,self_incompatibility,SC,https://pfaf.org/user/Plant.aspx?LatinName=Carya+cordiformis,Plants For A Future species profile: Carya cordiformis,"Plants For A Future species profile, compiled by Ken Fern",B,specialist_species_database,pfaf.org,en,The plant is self-fertile,fa59c306b4eb8d2554647ce2d29e3ccc1a95baaf84c84e102d72fe4df7f8743f,7ab76ebb44bea0ddfe4689eecfe3a639705018a3616a65da9affb26fd6b9dc77,accepted_name_exact,wild_species_not_cultivar_limited,accept,True,True,True,False,,"Exact accepted species identity, exact source statement, trait-specific mapping, source URL and retrieved-content hash rechecked; no cultivar, family inference, cross-trait substitution or global fallback.",Codex source-backed line-by-line evidence audit,2026-08-11T05:10:00Z
6dda417d7384f9015a498084,Carya floridana,self_incompatibility,SC,https://pfaf.org/user/Plant.aspx?LatinName=Carya+floridana,Plants For A Future species profile: Carya floridana,"Plants For A Future species profile, compiled by Ken Fern",B,specialist_species_database,pfaf.org,en,The plant is self-fertile,fa59c306b4eb8d2554647ce2d29e3ccc1a95baaf84c84e102d72fe4df7f8743f,37e2e33a0bfb04690c6d616e48821cea0a6c8d58a8501d360cad3da7949e9231,accepted_name_exact,wild_species_not_cultivar_limited,accept,True,True,True,False,,"Exact accepted species identity, exact source statement, trait-specific mapping, source URL and retrieved-content hash rechecked; no cultivar, family inference, cross-trait substitution or global fallback.",Codex source-backed line-by-line evidence audit,2026-08-11T05:10:00Z
eaeb4df57b9bd5de1b8a68e2,Carya illinoinensis,self_incompatibility,SC,https://pfaf.org/user/Plant.aspx?LatinName=Carya+illinoinensis,Plants For A Future species profile: Carya illinoinensis,"Plants For A Future species profile, compiled by Ken Fern",B,specialist_species_database,pfaf.org,en,The plant is self-fertile,fa59c306b4eb8d2554647ce2d29e3ccc1a95baaf84c84e102d72fe4df7f8743f,ec6a2d4c50e18675c0ba9044e7eebd63c62eb4b79c6f5d8fe906135b4431bbe9,accepted_name_exact,wild_species_not_cultivar_limited,accept,True,True,True,False,,"Exact accepted species identity, exact source statement, trait-specific mapping, source URL and retrieved-content hash rechecked; no cultivar, family inference, cross-trait substitution or global fallback.",Codex source-backed line-by-line evidence audit,2026-08-11T05:10:00Z
c9c93ca30937bf967675339f,Carya laciniosa,self_incompatibility,SC,https://pfaf.org/user/Plant.aspx?LatinName=Carya+laciniosa,Plants For A Future species profile: Carya laciniosa,"Plants For A Future species profile, compiled by Ken Fern",B,specialist_species_database,pfaf.org,en,The plant is self-fertile,fa59c306b4eb8d2554647ce2d29e3ccc1a95baaf84c84e102d72fe4df7f8743f,eab1c24492ffe2382914944dd76520346ff0d477efcb1e73c5584d88f8b918e8,accepted_name_exact,wild_species_not_cultivar_limited,accept,True,True,True,False,,"Exact accepted species identity, exact source statement, trait-specific mapping, source URL and retrieved-content hash rechecked; no cultivar, family inference, cross-trait substitution or global fallback.",Codex source-backed line-by-line evidence audit,2026-08-11T05:10:00Z
3739ae16ed0a052e7793f467,Carya ovalis,self_incompatibility,SC,https://pfaf.org/user/Plant.aspx?LatinName=Carya+ovalis,Plants For A Future species profile: Carya ovalis,"Plants For A Future species profile, compiled by Ken Fern",B,specialist_species_database,pfaf.org,en,The plant is self-fertile,fa59c306b4eb8d2554647ce2d29e3ccc1a95baaf84c84e102d72fe4df7f8743f,9012f93dd60b58d5a25fda4cf3dee26953862c334aafe75af0e4679ca2ec4523,accepted_name_exact,wild_species_not_cultivar_limited,accept,True,True,True,False,,"Exact accepted species identity, exact source statement, trait-specific mapping, source URL and retrieved-content hash rechecked; no cultivar, family inference, cross-trait substitution or global fallback.",Codex source-backed line-by-line evidence audit,2026-08-11T05:10:00Z
7220720dce65b3617c03ef3d,Carya texana,self_incompatibility,SC,https://pfaf.org/user/Plant.aspx?LatinName=Carya+texana,Plants For A Future species profile: Carya texana,"Plants For A Future species profile, compiled by Ken Fern",B,specialist_species_database,pfaf.org,en,The plant is self-fertile,fa59c306b4eb8d2554647ce2d29e3ccc1a95baaf84c84e102d72fe4df7f8743f,d5555a4d5b4ccf03ca94e9d9d68b9ac80502f9403e53a982c0441b81fc10f104,accepted_name_exact,wild_species_not_cultivar_limited,accept,True,True,True,False,,"Exact accepted species identity, exact source statement, trait-specific mapping, source URL and retrieved-content hash rechecked; no cultivar, family inference, cross-trait substitution or global fallback.",Codex source-backed line-by-line evidence audit,2026-08-11T05:10:00Z
96ab821bd88ea03293109361,Centaurea depressa,self_incompatibility,SC,https://pfaf.org/user/Plant.aspx?LatinName=Centaurea+depressa,Plants For A Future species profile: Centaurea depressa,"Plants For A Future species profile, compiled by Ken Fern",B,specialist_species_database,pfaf.org,en,The plant is self-fertile,fa59c306b4eb8d2554647ce2d29e3ccc1a95baaf84c84e102d72fe4df7f8743f,ec6d744102c48f73b80d2beeffec5de060d8a4e417d34b54a19d304f6c9810f5,accepted_name_exact,wild_species_not_cultivar_limited,accept,True,True,True,False,,"Exact accepted species identity, exact source statement, trait-specific mapping, source URL and retrieved-content hash rechecked; no cultivar, family inference, cross-trait substitution or global fallback.",Codex source-backed line-by-line evidence audit,2026-08-11T05:10:00Z
a5708cac4a9031e277479ac5,Centaurea iberica,self_incompatibility,SC,https://pfaf.org/user/Plant.aspx?LatinName=Centaurea+iberica,Plants For A Future species profile: Centaurea iberica,"Plants For A Future species profile, compiled by Ken Fern",B,specialist_species_database,pfaf.org,en,The plant is self-fertile,fa59c306b4eb8d2554647ce2d29e3ccc1a95baaf84c84e102d72fe4df7f8743f,3695c64a0a30d630cf7254d7784fb0eed5c87989f1646fe1b5e4cd813caf4b1f,accepted_name_exact,wild_species_not_cultivar_limited,accept,True,True,True,False,,"Exact accepted species identity, exact source statement, trait-specific mapping, source URL and retrieved-content hash rechecked; no cultivar, family inference, cross-trait substitution or global fallback.",Codex source-backed line-by-line evidence audit,2026-08-11T05:10:00Z
c30127cfcf40f7d92036b69c,Cirsium amplexifolium,self_incompatibility,SC,https://pfaf.org/user/Plant.aspx?LatinName=Cirsium+amplexifolium,Plants For A Future species profile: Cirsium amplexifolium,"Plants For A Future species profile, compiled by Ken Fern",B,specialist_species_database,pfaf.org,en,The plant is self-fertile,fa59c306b4eb8d2554647ce2d29e3ccc1a95baaf84c84e102d72fe4df7f8743f,efeb83e13ced0abe9557cdec3f32f89533da5a830da77ff4cdcc4ab3b2d0d2c6,accepted_name_exact,wild_species_not_cultivar_limited,accept,True,True,True,False,,"Exact accepted species identity, exact source statement, trait-specific mapping, source URL and retrieved-content hash rechecked; no cultivar, family inference, cross-trait substitution or global fallback.",Codex source-backed line-by-line evidence audit,2026-08-11T05:10:00Z
ab9beaf7618b1f7ed0ea83c5,Cirsium buergeri,self_incompatibility,SC,https://pfaf.org/user/Plant.aspx?LatinName=Cirsium+buergeri,Plants For A Future species profile: Cirsium buergeri,"Plants For A Future species profile, compiled by Ken Fern",B,specialist_species_database,pfaf.org,en,The plant is self-fertile,fa59c306b4eb8d2554647ce2d29e3ccc1a95baaf84c84e102d72fe4df7f8743f,c6d7656162f4a8258d8460682e118dd864a71bf533d9266b5718ae51161334aa,accepted_name_exact,wild_species_not_cultivar_limited,accept,True,True,True,False,,"Exact accepted species identity, exact source statement, trait-specific mapping, source URL and retrieved-content hash rechecked; no cultivar, family inference, cross-trait substitution or global fallback.",Codex source-backed line-by-line evidence audit,2026-08-11T05:10:00Z
086cad48852dae5be1c46190,Cirsium chinense,self_incompatibility,SC,https://pfaf.org/user/Plant.aspx?LatinName=Cirsium+chinense,Plants For A Future species profile: Cirsium chinense,"Plants For A Future species profile, compiled by Ken Fern",B,specialist_species_database,pfaf.org,en,The plant is self-fertile,fa59c306b4eb8d2554647ce2d29e3ccc1a95baaf84c84e102d72fe4df7f8743f,c0207278cd22b1f3f75a69304b5bda6fa58a2f880776cc01f55905bee8662199,accepted_name_exact,wild_species_not_cultivar_limited,accept,True,True,True,False,,"Exact accepted species identity, exact source statement, trait-specific mapping, source URL and retrieved-content hash rechecked; no cultivar, family inference, cross-trait substitution or global fallback.",Codex source-backed line-by-line evidence audit,2026-08-11T05:10:00Z
fc3f610873058fc5dc6b9eda,Cirsium dipsacolepis,self_incompatibility,SC,https://pfaf.org/user/Plant.aspx?LatinName=Cirsium+dipsacolepis,Plants For A Future species profile: Cirsium dipsacolepis,"Plants For A Future species profile, compiled by Ken Fern",B,specialist_species_database,pfaf.org,en,The plant is self-fertile,fa59c306b4eb8d2554647ce2d29e3ccc1a95baaf84c84e102d72fe4df7f8743f,7ff74b7d4f790e3bbb8f161e1683df3fc523759f0112959b43838291bf9b0f9e,accepted_name_exact,wild_species_not_cultivar_limited,accept,True,True,True,False,,"Exact accepted species identity, exact source statement, trait-specific mapping, source URL and retrieved-content hash rechecked; no cultivar, family inference, cross-trait substitution or global fallback.",Codex source-backed line-by-line evidence audit,2026-08-11T05:10:00Z
b2267670da82caa7eda2fb07,Cirsium edule,self_incompatibility,SC,https://pfaf.org/user/Plant.aspx?LatinName=Cirsium+edule,Plants For A Future species profile: Cirsium edule,"Plants For A Future species profile, compiled by Ken Fern",B,specialist_species_database,pfaf.org,en,The plant is self-fertile,fa59c306b4eb8d2554647ce2d29e3ccc1a95baaf84c84e102d72fe4df7f8743f,422dcbf7a69fb2de1c986f43c279ad5d233555f918edfb5f8fa58e1e3cd4c656,accepted_name_exact,wild_species_not_cultivar_limited,accept,True,True,True,False,,"Exact accepted species identity, exact source statement, trait-specific mapping, source URL and retrieved-content hash rechecked; no cultivar, family inference, cross-trait substitution or global fallback.",Codex source-backed line-by-line evidence audit,2026-08-11T05:10:00Z
2fbe0e3f2e97826943c5edd4,Cirsium maritimum,self_incompatibility,SC,https://pfaf.org/user/Plant.aspx?LatinName=Cirsium+maritimum,Plants For A Future species profile: Cirsium maritimum,"Plants For A Future species profile, compiled by Ken Fern",B,specialist_species_database,pfaf.org,en,The plant is self-fertile,fa59c306b4eb8d2554647ce2d29e3ccc1a95baaf84c84e102d72fe4df7f8743f,ebabeb0a07364d0823e74a7d10c773965eb71e18372c6c41cc68370025afc495,accepted_name_exact,wild_species_not_cultivar_limited,accept,True,True,True,False,,"Exact accepted species identity, exact source statement, trait-specific mapping, source URL and retrieved-content hash rechecked; no cultivar, family inference, cross-trait substitution or global fallback.",Codex source-backed line-by-line evidence audit,2026-08-11T05:10:00Z
cfc5219fafe67101a19c3d14,Cirsium occidentale,self_incompatibility,SC,https://pfaf.org/user/Plant.aspx?LatinName=Cirsium+occidentale,Plants For A Future species profile: Cirsium occidentale,"Plants For A Future species profile, compiled by Ken Fern",B,specialist_species_database,pfaf.org,en,The plant is self-fertile,fa59c306b4eb8d2554647ce2d29e3ccc1a95baaf84c84e102d72fe4df7f8743f,df496e951f25dc780fbdf97b769b1e4677c6ced7de8581f7fd68d6540916769c,accepted_name_exact,wild_species_not_cultivar_limited,accept,True,True,True,False,,"Exact accepted species identity, exact source statement, trait-specific mapping, source URL and retrieved-content hash rechecked; no cultivar, family inference, cross-trait substitution or global fallback.",Codex source-backed line-by-line evidence audit,2026-08-11T05:10:00Z
014c7a64444920adf71070d8,Cirsium ochrocentrum,self_incompatibility,SC,https://pfaf.org/user/Plant.aspx?LatinName=Cirsium+ochrocentrum,Plants For A Future species profile: Cirsium ochrocentrum,"Plants For A Future species profile, compiled by Ken Fern",B,specialist_species_database,pfaf.org,en,The plant is self-fertile,fa59c306b4eb8d2554647ce2d29e3ccc1a95baaf84c84e102d72fe4df7f8743f,f21f91ad60c29555592bbf74b50a532ea8a274acd67081a1aa9b254287060162,accepted_name_exact,wild_species_not_cultivar_limited,accept,True,True,True,False,,"Exact accepted species identity, exact source statement, trait-specific mapping, source URL and retrieved-content hash rechecked; no cultivar, family inference, cross-trait substitution or global fallback.",Codex source-backed line-by-line evidence audit,2026-08-11T05:10:00Z
6bf7f6fca12b2be96e32c4e2,Cirsium pectinellum,self_incompatibility,SC,https://pfaf.org/user/Plant.aspx?LatinName=Cirsium+pectinellum,Plants For A Future species profile: Cirsium pectinellum,"Plants For A Future species profile, compiled by Ken Fern",B,specialist_species_database,pfaf.org,en,The plant is self-fertile,fa59c306b4eb8d2554647ce2d29e3ccc1a95baaf84c84e102d72fe4df7f8743f,b08e465f4c7c1596f50abb922b62336a20fc332180ad8008dc17446f792cbabd,accepted_name_exact,wild_species_not_cultivar_limited,accept,True,True,True,False,,"Exact accepted species identity, exact source statement, trait-specific mapping, source URL and retrieved-content hash rechecked; no cultivar, family inference, cross-trait substitution or global fallback.",Codex source-backed line-by-line evidence audit,2026-08-11T05:10:00Z
a58a2b548148a96d302bbc0a,Cirsium undulatum,self_incompatibility,SC,https://pfaf.org/user/Plant.aspx?LatinName=Cirsium+undulatum,Plants For A Future species profile: Cirsium undulatum,"Plants For A Future species profile, compiled by Ken Fern",B,specialist_species_database,pfaf.org,en,The plant is self-fertile,fa59c306b4eb8d2554647ce2d29e3ccc1a95baaf84c84e102d72fe4df7f8743f,a5912c0cb1f0824ef47f0b4f12ba1777038c5044d91da83c1eddd5bac98bd5f3,accepted_name_exact,wild_species_not_cultivar_limited,accept,True,True,True,False,,"Exact accepted species identity, exact source statement, trait-specific mapping, source URL and retrieved-content hash rechecked; no cultivar, family inference, cross-trait substitution or global fallback.",Codex source-backed line-by-line evidence audit,2026-08-11T05:10:00Z
1a0163c17b9f386bb382d708,Cnidium monnieri,self_incompatibility,SC,https://pfaf.org/user/Plant.aspx?LatinName=Cnidium+monnieri,Plants For A Future species profile: Cnidium monnieri,"Plants For A Future species profile, compiled by Ken Fern",B,specialist_species_database,pfaf.org,en,The plant is self-fertile,fa59c306b4eb8d2554647ce2d29e3ccc1a95baaf84c84e102d72fe4df7f8743f,35425aaf6486b9dd73c86f26327582ba319ca8252be1a1b8d3e466adfe02a8be,accepted_name_exact,wild_species_not_cultivar_limited,accept,True,True,True,False,,"Exact accepted species identity, exact source statement, trait-specific mapping, source URL and retrieved-content hash rechecked; no cultivar, family inference, cross-trait substitution or global fallback.",Codex source-backed line-by-line evidence audit,2026-08-11T05:10:00Z
383d815060b09a84e266e312,Convolvulus erubescens,self_incompatibility,SC,https://pfaf.org/user/Plant.aspx?LatinName=Convolvulus+erubescens,Plants For A Future species profile: Convolvulus erubescens,"Plants For A Future species profile, compiled by Ken Fern",B,specialist_species_database,pfaf.org,en,The plant is self-fertile,fa59c306b4eb8d2554647ce2d29e3ccc1a95baaf84c84e102d72fe4df7f8743f,05352d44f530e66ddb122ae2d18c31dfb19c19c6564d3c0e7146d286e5979833,accepted_name_exact,wild_species_not_cultivar_limited,accept,True,True,True,False,,"Exact accepted species identity, exact source statement, trait-specific mapping, source URL and retrieved-content hash rechecked; no cultivar, family inference, cross-trait substitution or global fallback.",Codex source-backed line-by-line evidence audit,2026-08-11T05:10:00Z
30de2ae110c071bfd9e39145,Convolvulus scammonia,self_incompatibility,SC,https://pfaf.org/user/Plant.aspx?LatinName=Convolvulus+scammonia,Plants For A Future species profile: Convolvulus scammonia,"Plants For A Future species profile, compiled by Ken Fern",B,specialist_species_database,pfaf.org,en,The plant is self-fertile,fa59c306b4eb8d2554647ce2d29e3ccc1a95baaf84c84e102d72fe4df7f8743f,e7e696c8473255e203ff6c1fa2796c76158e0254490e435069a8bcbea5257adf,accepted_name_exact,wild_species_not_cultivar_limited,accept,True,True,True,False,,"Exact accepted species identity, exact source statement, trait-specific mapping, source URL and retrieved-content hash rechecked; no cultivar, family inference, cross-trait substitution or global fallback.",Codex source-backed line-by-line evidence audit,2026-08-11T05:10:00Z
ff834e797ac4c1aff1f09a07,Cucurbita argyrosperma,self_incompatibility,SC,https://pfaf.org/user/Plant.aspx?LatinName=Cucurbita+argyrosperma,Plants For A Future species profile: Cucurbita argyrosperma,"Plants For A Future species profile, compiled by Ken Fern",B,specialist_species_database,pfaf.org,en,The plant is self-fertile,fa59c306b4eb8d2554647ce2d29e3ccc1a95baaf84c84e102d72fe4df7f8743f,3b148623f9d8ed2c2116c7801c1d0f52f2464992feaf51fcfae53984dc754464,accepted_name_exact,wild_species_not_cultivar_limited,accept,True,True,True,False,,"Exact accepted species identity, exact source statement, trait-specific mapping, source URL and retrieved-content hash rechecked; no cultivar, family inference, cross-trait substitution or global fallback.",Codex source-backed line-by-line evidence audit,2026-08-11T05:10:00Z
f85e8808410bce529ea19a62,Eriobotrya japonica,self_incompatibility,SC,https://pfaf.org/user/Plant.aspx?LatinName=Eriobotrya+japonica,Plants For A Future species profile: Eriobotrya japonica,"Plants For A Future species profile, compiled by Ken Fern",B,specialist_species_database,pfaf.org,en,The plant is self-fertile,fa59c306b4eb8d2554647ce2d29e3ccc1a95baaf84c84e102d72fe4df7f8743f,522bb9d9e1c4a74a08d6caa374ff13037c965433cf9ff69fb14af028a428ce33,accepted_name_exact,wild_species_not_cultivar_limited,accept,True,True,True,False,,"Exact accepted species identity, exact source statement, trait-specific mapping, source URL and retrieved-content hash rechecked; no cultivar, family inference, cross-trait substitution or global fallback.",Codex source-backed line-by-line evidence audit,2026-08-11T05:10:00Z
fc07a0d1605fa7a4d4b95400,Eupatorium compositifolium,self_incompatibility,SC,https://pfaf.org/user/Plant.aspx?LatinName=Eupatorium+compositifolium,Plants For A Future species profile: Eupatorium compositifolium,"Plants For A Future species profile, compiled by Ken Fern",B,specialist_species_database,pfaf.org,en,The plant is self-fertile,fa59c306b4eb8d2554647ce2d29e3ccc1a95baaf84c84e102d72fe4df7f8743f,adc7523283d2d42b24778b3ba6de5ba7688949b8cd43ebde4152dca19528e294,accepted_name_exact,wild_species_not_cultivar_limited,accept,True,True,True,False,,"Exact accepted species identity, exact source statement, trait-specific mapping, source URL and retrieved-content hash rechecked; no cultivar, family inference, cross-trait substitution or global fallback.",Codex source-backed line-by-line evidence audit,2026-08-11T05:10:00Z
e5161a97d4f058915347c6c3,Ferula assa-foetida,self_incompatibility,SC,https://pfaf.org/user/Plant.aspx?LatinName=Ferula+assa-foetida,Plants For A Future species profile: Ferula assa-foetida,"Plants For A Future species profile, compiled by Ken Fern",B,specialist_species_database,pfaf.org,en,The plant is self-fertile,fa59c306b4eb8d2554647ce2d29e3ccc1a95baaf84c84e102d72fe4df7f8743f,3f4d0707aed66c575e27c6ce2137dc73a1de0302a8b3ed5160aaab247075968f,accepted_name_exact,wild_species_not_cultivar_limited,accept,True,True,True,False,,"Exact accepted species identity, exact source statement, trait-specific mapping, source URL and retrieved-content hash rechecked; no cultivar, family inference, cross-trait substitution or global fallback.",Codex source-backed line-by-line evidence audit,2026-08-11T05:10:00Z
4245cebc007994d69ae5027e,Ferula caspica,self_incompatibility,SC,https://pfaf.org/user/Plant.aspx?LatinName=Ferula+caspica,Plants For A Future species profile: Ferula caspica,"Plants For A Future species profile, compiled by Ken Fern",B,specialist_species_database,pfaf.org,en,The plant is self-fertile,fa59c306b4eb8d2554647ce2d29e3ccc1a95baaf84c84e102d72fe4df7f8743f,8b1897c5ddcb8cc31003a93b060d57d26983ba67424b4489e74802ef1e8ab6a3,accepted_name_exact,wild_species_not_cultivar_limited,accept,True,True,True,False,,"Exact accepted species identity, exact source statement, trait-specific mapping, source URL and retrieved-content hash rechecked; no cultivar, family inference, cross-trait substitution or global fallback.",Codex source-backed line-by-line evidence audit,2026-08-11T05:10:00Z
62a9fcc2f84d6e55cecf8ce4,Ferula tingitana,self_incompatibility,SC,https://pfaf.org/user/Plant.aspx?LatinName=Ferula+tingitana,Plants For A Future species profile: Ferula tingitana,"Plants For A Future species profile, compiled by Ken Fern",B,specialist_species_database,pfaf.org,en,The plant is self-fertile,fa59c306b4eb8d2554647ce2d29e3ccc1a95baaf84c84e102d72fe4df7f8743f,5b137b5314687edfeccf79612d039912b50283ad6899bef76fef06aff820df30,accepted_name_exact,wild_species_not_cultivar_limited,accept,True,True,True,False,,"Exact accepted species identity, exact source statement, trait-specific mapping, source URL and retrieved-content hash rechecked; no cultivar, family inference, cross-trait substitution or global fallback.",Codex source-backed line-by-line evidence audit,2026-08-11T05:10:00Z
aa2734ea2397b31b932f0f78,Filipendula multijuga,self_incompatibility,SC,https://pfaf.org/user/Plant.aspx?LatinName=Filipendula+multijuga,Plants For A Future species profile: Filipendula multijuga,"Plants For A Future species profile, compiled by Ken Fern",B,specialist_species_database,pfaf.org,en,The plant is self-fertile,fa59c306b4eb8d2554647ce2d29e3ccc1a95baaf84c84e102d72fe4df7f8743f,fb49497085302843dc05c9db924f16465679657e94c71240a01964b6dc0b2d11,accepted_name_exact,wild_species_not_cultivar_limited,accept,True,True,True,False,,"Exact accepted species identity, exact source statement, trait-specific mapping, source URL and retrieved-content hash rechecked; no cultivar, family inference, cross-trait substitution or global fallback.",Codex source-backed line-by-line evidence audit,2026-08-11T05:10:00Z
fccecb6166a185564fc9027c,Filipendula vestita,self_incompatibility,SC,https://pfaf.org/user/Plant.aspx?LatinName=Filipendula+vestita,Plants For A Future species profile: Filipendula vestita,"Plants For A Future species profile, compiled by Ken Fern",B,specialist_species_database,pfaf.org,en,The plant is self-fertile,fa59c306b4eb8d2554647ce2d29e3ccc1a95baaf84c84e102d72fe4df7f8743f,96ec802803144c93e41bfa4bdbbd8bae0e7b8251a6d132462c8a91cd558f1192,accepted_name_exact,wild_species_not_cultivar_limited,accept,True,True,True,False,,"Exact accepted species identity, exact source statement, trait-specific mapping, source URL and retrieved-content hash rechecked; no cultivar, family inference, cross-trait substitution or global fallback.",Codex source-backed line-by-line evidence audit,2026-08-11T05:10:00Z
958ae39e77fa6636476717b1,Gaultheria nummularioides,self_incompatibility,SC,https://pfaf.org/user/Plant.aspx?LatinName=Gaultheria+nummularioides,Plants For A Future species profile: Gaultheria nummularioides,"Plants For A Future species profile, compiled by Ken Fern",B,specialist_species_database,pfaf.org,en,The plant is self-fertile,fa59c306b4eb8d2554647ce2d29e3ccc1a95baaf84c84e102d72fe4df7f8743f,3959c1f342f5e80f4f99115c5e7d94cb43052ee6a80f17343fc26200120b88aa,accepted_name_exact,wild_species_not_cultivar_limited,accept,True,True,True,False,,"Exact accepted species identity, exact source statement, trait-specific mapping, source URL and retrieved-content hash rechecked; no cultivar, family inference, cross-trait substitution or global fallback.",Codex source-backed line-by-line evidence audit,2026-08-11T05:10:00Z
a85da35664712c87a00134b2,Hemerocallis dumortieri,self_incompatibility,SC,https://pfaf.org/user/plant.aspx?LatinName=Hemerocallis+dumortieri,Plants For A Future species profile: Hemerocallis dumortieri,"Plants For A Future species profile, compiled by Ken Fern",B,specialist_species_database,pfaf.org,en,The plant is self-fertile,fa59c306b4eb8d2554647ce2d29e3ccc1a95baaf84c84e102d72fe4df7f8743f,7c4895ae60255da24dc800941c77e93ebd1a916ab283f9b53f27b5315de0476d,accepted_name_exact,wild_species_not_cultivar_limited,accept,True,True,True,False,,"Exact accepted species identity, exact source statement, trait-specific mapping, source URL and retrieved-content hash rechecked; no cultivar, family inference, cross-trait substitution or global fallback.",Codex source-backed line-by-line evidence audit,2026-08-11T05:10:00Z
f72a69ba1fe5aca4d36898b6,Hypoxis hygrometrica,self_incompatibility,SC,https://pfaf.org/user/Plant.aspx?LatinName=Hypoxis+hygrometrica,Plants For A Future species profile: Hypoxis hygrometrica,"Plants For A Future species profile, compiled by Ken Fern",B,specialist_species_database,pfaf.org,en,The plant is self-fertile,fa59c306b4eb8d2554647ce2d29e3ccc1a95baaf84c84e102d72fe4df7f8743f,36be7fb445f3db747ae68dd9aa4270c0a6c066d10b88f3f74701849c3d23985d,accepted_name_exact,wild_species_not_cultivar_limited,accept,True,True,True,False,,"Exact accepted species identity, exact source statement, trait-specific mapping, source URL and retrieved-content hash rechecked; no cultivar, family inference, cross-trait substitution or global fallback.",Codex source-backed line-by-line evidence audit,2026-08-11T05:10:00Z
ae4444f1c02c0c57e0912d81,Juglans californica,self_incompatibility,SC,https://pfaf.org/user/Plant.aspx?LatinName=Juglans+californica,Plants For A Future species profile: Juglans californica,"Plants For A Future species profile, compiled by Ken Fern",B,specialist_species_database,pfaf.org,en,The plant is self-fertile,fa59c306b4eb8d2554647ce2d29e3ccc1a95baaf84c84e102d72fe4df7f8743f,1d0f419c845d001115abfef0199b4a4d8b6c6673d7247368a73511a359d002e1,accepted_name_exact,wild_species_not_cultivar_limited,accept,True,True,True,False,,"Exact accepted species identity, exact source statement, trait-specific mapping, source URL and retrieved-content hash rechecked; no cultivar, family inference, cross-trait substitution or global fallback.",Codex source-backed line-by-line evidence audit,2026-08-11T05:10:00Z
4abeadf32a92f480aa33b0c7,Juglans neotropica,self_incompatibility,SC,https://pfaf.org/user/Plant.aspx?LatinName=Juglans+neotropica,Plants For A Future species profile: Juglans neotropica,"Plants For A Future species profile, compiled by Ken Fern",B,specialist_species_database,pfaf.org,en,The plant is self-fertile,fa59c306b4eb8d2554647ce2d29e3ccc1a95baaf84c84e102d72fe4df7f8743f,f5b081019a87b9606af4b796e07ca8bd3f21ac995e31e7573eb1439c4d0428f2,accepted_name_exact,wild_species_not_cultivar_limited,accept,True,True,True,False,,"Exact accepted species identity, exact source statement, trait-specific mapping, source URL and retrieved-content hash rechecked; no cultivar, family inference, cross-trait substitution or global fallback.",Codex source-backed line-by-line evidence audit,2026-08-11T05:10:00Z
33c68de373467d1c4b246e8a,Lomatium foeniculaceum,self_incompatibility,SC,https://pfaf.org/user/Plant.aspx?LatinName=Lomatium+foeniculaceum,Plants For A Future species profile: Lomatium foeniculaceum,"Plants For A Future species profile, compiled by Ken Fern",B,specialist_species_database,pfaf.org,en,The plant is self-fertile,fa59c306b4eb8d2554647ce2d29e3ccc1a95baaf84c84e102d72fe4df7f8743f,e702c11fca58832a9278c381d7f75bbcb776f738019567e5db37c0a570d1c52d,accepted_name_exact,wild_species_not_cultivar_limited,accept,True,True,True,False,,"Exact accepted species identity, exact source statement, trait-specific mapping, source URL and retrieved-content hash rechecked; no cultivar, family inference, cross-trait substitution or global fallback.",Codex source-backed line-by-line evidence audit,2026-08-11T05:10:00Z
f6441d65d9c0c2277515a4aa,Lomatium grayi,self_incompatibility,SC,https://pfaf.org/user/Plant.aspx?LatinName=Lomatium+grayi,Plants For A Future species profile: Lomatium grayi,"Plants For A Future species profile, compiled by Ken Fern",B,specialist_species_database,pfaf.org,en,The plant is self-fertile,fa59c306b4eb8d2554647ce2d29e3ccc1a95baaf84c84e102d72fe4df7f8743f,8ed9ce54a57d8ed6672238b9d7ac96be04faa963407a6739b0bb7cd520e282ef,accepted_name_exact,wild_species_not_cultivar_limited,accept,True,True,True,False,,"Exact accepted species identity, exact source statement, trait-specific mapping, source URL and retrieved-content hash rechecked; no cultivar, family inference, cross-trait substitution or global fallback.",Codex source-backed line-by-line evidence audit,2026-08-11T05:10:00Z
8cbeb558740c4314ed67ff8e,Mahonia repens,self_incompatibility,SC,https://pfaf.org/user/Plant.aspx?LatinName=Mahonia+repens,Plants For A Future species profile: Mahonia repens,"Plants For A Future species profile, compiled by Ken Fern",B,specialist_species_database,pfaf.org,en,The plant is self-fertile,fa59c306b4eb8d2554647ce2d29e3ccc1a95baaf84c84e102d72fe4df7f8743f,97f47799a491854d022e17dd8341665f5cd591af1c0e7de8a37adb794ae70244,accepted_name_exact,wild_species_not_cultivar_limited,accept,True,True,True,False,,"Exact accepted species identity, exact source statement, trait-specific mapping, source URL and retrieved-content hash rechecked; no cultivar, family inference, cross-trait substitution or global fallback.",Codex source-backed line-by-line evidence audit,2026-08-11T05:10:00Z
aebf445ed6c2a08c58ef9bb4,Monarda citriodora,self_incompatibility,SC,https://pfaf.org/user/Plant.aspx?LatinName=Monarda+citriodora,Plants For A Future species profile: Monarda citriodora,"Plants For A Future species profile, compiled by Ken Fern",B,specialist_species_database,pfaf.org,en,The plant is self-fertile,fa59c306b4eb8d2554647ce2d29e3ccc1a95baaf84c84e102d72fe4df7f8743f,983f3bcad1b2dbaaf8fc3d53030926bc111ba64fce0915a6696ffce4177106c5,accepted_name_exact,wild_species_not_cultivar_limited,accept,True,True,True,False,,"Exact accepted species identity, exact source statement, trait-specific mapping, source URL and retrieved-content hash rechecked; no cultivar, family inference, cross-trait substitution or global fallback.",Codex source-backed line-by-line evidence audit,2026-08-11T05:10:00Z
540c31da185c8443007b814c,Moringa stenopetala,self_incompatibility,SC,https://pfaf.org/user/Plant.aspx?LatinName=Moringa+stenopetala,Plants For A Future species profile: Moringa stenopetala,"Plants For A Future species profile, compiled by Ken Fern",B,specialist_species_database,pfaf.org,en,The plant is self-fertile,fa59c306b4eb8d2554647ce2d29e3ccc1a95baaf84c84e102d72fe4df7f8743f,3290a160f9e870ea527d6a75c48d217523236591e69dba0b2d86ae7ce9cf3efe,accepted_name_exact,wild_species_not_cultivar_limited,accept,True,True,True,False,,"Exact accepted species identity, exact source statement, trait-specific mapping, source URL and retrieved-content hash rechecked; no cultivar, family inference, cross-trait substitution or global fallback.",Codex source-backed line-by-line evidence audit,2026-08-11T05:10:00Z
cd30b9668a4de813e164315d,Nephelium ramboutan-ake,self_incompatibility,SC,https://pfaf.org/user/Plant.aspx?LatinName=Nephelium+ramboutan-ake,Plants For A Future species profile: Nephelium ramboutan-ake,"Plants For A Future species profile, compiled by Ken Fern",B,specialist_species_database,pfaf.org,en,The plant is self-fertile,fa59c306b4eb8d2554647ce2d29e3ccc1a95baaf84c84e102d72fe4df7f8743f,be79c280292a53f5dc623bd8e9debadc8b6b1a8b1543354e6a5814035bc48c81,accepted_name_exact,wild_species_not_cultivar_limited,accept,True,True,True,False,,"Exact accepted species identity, exact source statement, trait-specific mapping, source URL and retrieved-content hash rechecked; no cultivar, family inference, cross-trait substitution or global fallback.",Codex source-backed line-by-line evidence audit,2026-08-11T05:10:00Z
d6b2c2ad94c746c7813c34d0,Paeonia anomala,self_incompatibility,SC,https://pfaf.org/user/Plant.aspx?LatinName=Paeonia+anomala,Plants For A Future species profile: Paeonia anomala,"Plants For A Future species profile, compiled by Ken Fern",B,specialist_species_database,pfaf.org,en,The plant is self-fertile,fa59c306b4eb8d2554647ce2d29e3ccc1a95baaf84c84e102d72fe4df7f8743f,3ee58d6d7631ed2495a67fd2c378ce669a0056f3813189e0476762203b51dede,accepted_name_exact,wild_species_not_cultivar_limited,accept,True,True,True,False,,"Exact accepted species identity, exact source statement, trait-specific mapping, source URL and retrieved-content hash rechecked; no cultivar, family inference, cross-trait substitution or global fallback.",Codex source-backed line-by-line evidence audit,2026-08-11T05:10:00Z
4c7d8b1bdf06062e9214e142,Pelargonium odoratissimum,self_incompatibility,SC,https://pfaf.org/user/Plant.aspx?LatinName=Pelargonium+odoratissimum,Plants For A Future species profile: Pelargonium odoratissimum,"Plants For A Future species profile, compiled by Ken Fern",B,specialist_species_database,pfaf.org,en,The plant is self-fertile,fa59c306b4eb8d2554647ce2d29e3ccc1a95baaf84c84e102d72fe4df7f8743f,c03c0274b0b157effe7ba4e7280c4fe1024d7f97f5d46fe6bc830b1b05e0912e,accepted_name_exact,wild_species_not_cultivar_limited,accept,True,True,True,False,,"Exact accepted species identity, exact source statement, trait-specific mapping, source URL and retrieved-content hash rechecked; no cultivar, family inference, cross-trait substitution or global fallback.",Codex source-backed line-by-line evidence audit,2026-08-11T05:10:00Z
e250db73825211673df33863,Prunus americana,self_incompatibility,SC,https://pfaf.org/user/Plant.aspx?LatinName=Prunus+americana,Plants For A Future species profile: Prunus americana,"Plants For A Future species profile, compiled by Ken Fern",B,specialist_species_database,pfaf.org,en,The plant is self-fertile,fa59c306b4eb8d2554647ce2d29e3ccc1a95baaf84c84e102d72fe4df7f8743f,c25e8c203b72a16f0cbaf7bb279d400eb5ec9327cbd187d68de02f8489599967,accepted_name_exact,wild_species_not_cultivar_limited,accept,True,True,True,False,,"Exact accepted species identity, exact source statement, trait-specific mapping, source URL and retrieved-content hash rechecked; no cultivar, family inference, cross-trait substitution or global fallback.",Codex source-backed line-by-line evidence audit,2026-08-11T05:10:00Z
be16602f12a5d0f157c1d124,Prunus angustifolia,self_incompatibility,SC,https://pfaf.org/user/Plant.aspx?LatinName=Prunus+angustifolia,Plants For A Future species profile: Prunus angustifolia,"Plants For A Future species profile, compiled by Ken Fern",B,specialist_species_database,pfaf.org,en,The plant is self-fertile,fa59c306b4eb8d2554647ce2d29e3ccc1a95baaf84c84e102d72fe4df7f8743f,da2c9958d3500b0978b5e82e21783bee1abe4b1e977d58d753e9e43a7f95f2ff,accepted_name_exact,wild_species_not_cultivar_limited,accept,True,True,True,False,,"Exact accepted species identity, exact source statement, trait-specific mapping, source URL and retrieved-content hash rechecked; no cultivar, family inference, cross-trait substitution or global fallback.",Codex source-backed line-by-line evidence audit,2026-08-11T05:10:00Z
0e6e634654233f40b71eabf9,Rhodiola rhodantha,self_incompatibility,SC,https://pfaf.org/user/Plant.aspx?LatinName=Rhodiola+rhodantha,Plants For A Future species profile: Rhodiola rhodantha,"Plants For A Future species profile, compiled by Ken Fern",B,specialist_species_database,pfaf.org,en,The plant is self-fertile,fa59c306b4eb8d2554647ce2d29e3ccc1a95baaf84c84e102d72fe4df7f8743f,d69419044dd0b740259af911bbaec12307fc0960c87df4cfd5373ebcd4e936e8,accepted_name_exact,wild_species_not_cultivar_limited,accept,True,True,True,False,,"Exact accepted species identity, exact source statement, trait-specific mapping, source URL and retrieved-content hash rechecked; no cultivar, family inference, cross-trait substitution or global fallback.",Codex source-backed line-by-line evidence audit,2026-08-11T05:10:00Z
38eac7edad8ac4c89845c9e4,Rosa centifolia,self_incompatibility,SC,https://pfaf.org/user/Plant.aspx?LatinName=Rosa+centifolia,Plants For A Future species profile: Rosa centifolia,"Plants For A Future species profile, compiled by Ken Fern",B,specialist_species_database,pfaf.org,en,The plant is self-fertile,fa59c306b4eb8d2554647ce2d29e3ccc1a95baaf84c84e102d72fe4df7f8743f,2ef016cbdde07ba8fd581b430ecb021e83aa2b891765895b0bb80bf8a30746e5,accepted_name_exact,wild_species_not_cultivar_limited,accept,True,True,True,False,,"Exact accepted species identity, exact source statement, trait-specific mapping, source URL and retrieved-content hash rechecked; no cultivar, family inference, cross-trait substitution or global fallback.",Codex source-backed line-by-line evidence audit,2026-08-11T05:10:00Z
574ba54c5f68700ade40b6cb,Satureja spicigera,self_incompatibility,SC,https://pfaf.org/user/Plant.aspx?LatinName=Satureja+spicigera,Plants For A Future species profile: Satureja spicigera,"Plants For A Future species profile, compiled by Ken Fern",B,specialist_species_database,pfaf.org,en,The plant is self-fertile,fa59c306b4eb8d2554647ce2d29e3ccc1a95baaf84c84e102d72fe4df7f8743f,68e192417b6da0cdfddae67f4ab51f6a0005b99b5025bab7e70433d753721a5b,accepted_name_exact,wild_species_not_cultivar_limited,accept,True,True,True,False,,"Exact accepted species identity, exact source statement, trait-specific mapping, source URL and retrieved-content hash rechecked; no cultivar, family inference, cross-trait substitution or global fallback.",Codex source-backed line-by-line evidence audit,2026-08-11T05:10:00Z
73fcf37957b061f9cb37b108,Sium sisarum,self_incompatibility,SC,https://pfaf.org/user/plant.aspx?LatinName=Sium+sisarum,Plants For A Future species profile: Sium sisarum,"Plants For A Future species profile, compiled by Ken Fern",B,specialist_species_database,pfaf.org,en,The plant is self-fertile,fa59c306b4eb8d2554647ce2d29e3ccc1a95baaf84c84e102d72fe4df7f8743f,d66b4bf215e018a376914ce530645a11790766b2bbdf3c9ff60a9702ba1de119,accepted_name_exact,wild_species_not_cultivar_limited,accept,True,True,True,False,,"Exact accepted species identity, exact source statement, trait-specific mapping, source URL and retrieved-content hash rechecked; no cultivar, family inference, cross-trait substitution or global fallback.",Codex source-backed line-by-line evidence audit,2026-08-11T05:10:00Z
668f8ffd28425c4ec06ee20b,Tagetes lucida,self_incompatibility,SC,https://pfaf.org/user/Plant.aspx?LatinName=Tagetes+lucida,Plants For A Future species profile: Tagetes lucida,"Plants For A Future species profile, compiled by Ken Fern",B,specialist_species_database,pfaf.org,en,The plant is self-fertile,fa59c306b4eb8d2554647ce2d29e3ccc1a95baaf84c84e102d72fe4df7f8743f,6ed65f0ad471a68b38ae1ade9128a25edbf422f5de74b1188d3a1337a3d5bce2,accepted_name_exact,wild_species_not_cultivar_limited,accept,True,True,True,False,,"Exact accepted species identity, exact source statement, trait-specific mapping, source URL and retrieved-content hash rechecked; no cultivar, family inference, cross-trait substitution or global fallback.",Codex source-backed line-by-line evidence audit,2026-08-11T05:10:00Z
a720b532211ce6d3cbf49b83,Trachyspermum ammi,self_incompatibility,SC,https://pfaf.org/user/Plant.aspx?LatinName=Trachyspermum+ammi,Plants For A Future species profile: Trachyspermum ammi,"Plants For A Future species profile, compiled by Ken Fern",B,specialist_species_database,pfaf.org,en,The plant is self-fertile,fa59c306b4eb8d2554647ce2d29e3ccc1a95baaf84c84e102d72fe4df7f8743f,b8544d7c30d530f344f110d7460831bda313bfced1e4340f2484ba9d1a44e9aa,accepted_name_exact,wild_species_not_cultivar_limited,accept,True,True,True,False,,"Exact accepted species identity, exact source statement, trait-specific mapping, source URL and retrieved-content hash rechecked; no cultivar, family inference, cross-trait substitution or global fallback.",Codex source-backed line-by-line evidence audit,2026-08-11T05:10:00Z
20b358238b3f2ac3211c5c56,Veronicastrum axillare,self_incompatibility,SC,https://pfaf.org/user/Plant.aspx?LatinName=Veronicastrum+axillare,Plants For A Future species profile: Veronicastrum axillare,"Plants For A Future species profile, compiled by Ken Fern",B,specialist_species_database,pfaf.org,en,The plant is self-fertile,fa59c306b4eb8d2554647ce2d29e3ccc1a95baaf84c84e102d72fe4df7f8743f,de0397ed0cc7e50c6b4da3a595189702d1511f4afbcca0f7cd5a6984206fcc80,accepted_name_exact,wild_species_not_cultivar_limited,accept,True,True,True,False,,"Exact accepted species identity, exact source statement, trait-specific mapping, source URL and retrieved-content hash rechecked; no cultivar, family inference, cross-trait substitution or global fallback.",Codex source-backed line-by-line evidence audit,2026-08-11T05:10:00Z
0b4b74b7d6bef5278ebdf393,Wolffia globosa,self_incompatibility,SC,https://pfaf.org/user/Plant.aspx?LatinName=Wolffia+globosa,Plants For A Future species profile: Wolffia globosa,"Plants For A Future species profile, compiled by Ken Fern",B,specialist_species_database,pfaf.org,en,The plant is self-fertile,fa59c306b4eb8d2554647ce2d29e3ccc1a95baaf84c84e102d72fe4df7f8743f,b857c9ee5d9697ba866bc867b3a0e406909fb4e527b96a165301c863816aeb24,accepted_name_exact,wild_species_not_cultivar_limited,accept,True,True,True,False,,"Exact accepted species identity, exact source statement, trait-specific mapping, source URL and retrieved-content hash rechecked; no cultivar, family inference, cross-trait substitution or global fallback.",Codex source-backed line-by-line evidence audit,2026-08-11T05:10:00Z
9c54b05f178c942733ae16d5,Diospyros celebica,mating_system,predominantly_outcrossing,https://journal.biotrop.org/index.php/biotropia/article/download/562/377,"High outcrossing rate and pollen dispersal distance of Diospyros celebica Bakh. (Ebenaceae), an endemic tree species in Sulawesi","Restu, Gusmiaty & Larekeng (2017), BIOTROPIA 24(3), DOI 10.11598/btb.2017.24.3.562",A,primary_research_article,journal.biotrop.org,en,"Within the male parents assigned to the 72 progeny arrays, self-pollination occurred in 8 events (11.1%) and cross pollination occurred in 64 events (88.9%).",5495733d8d2ca4cf753cf668910e91204a8697ad7f9ab376e8a15cae49fff63c,367bbf07466c1200c9d6153c4ef3ccdce58b80dc58644b9f583d7598b58da7b8,accepted_name_exact,wild_species_not_cultivar_limited,accept,True,True,True,False,,"Exact accepted species identity, exact source statement, trait-specific mapping, source URL and retrieved-content hash rechecked; no cultivar, family inference, cross-trait substitution or global fallback.",Codex source-backed line-by-line evidence audit,2026-08-11T05:10:00Z
b61fc6fe972d2788d47dbc43,Grewia occidentalis,floral_form,open_radial,https://www.nparks.gov.sg/florafaunaweb/flora/4/2/4236,NParks Flora & Fauna Web: Grewia occidentalis,"National Parks Board Singapore, Flora & Fauna Web, Grewia occidentalis species record",A,government_species_database,nparks.gov.sg,en,Individual Flower Shape | Stellate / Star-shaped,1247c382488e80228a13d2789549061aea50c7b3052d6874f840bd4392db6a77,ce8c32549000e96ae1724edc7eba53a5bd9ffeaeb64592c8ded80785450538d4,accepted_name_exact,wild_species_not_cultivar_limited,accept,True,True,True,False,,"Exact accepted species identity, exact source statement, trait-specific mapping, source URL and retrieved-content hash rechecked; no cultivar, family inference, cross-trait substitution or global fallback.",Codex source-backed line-by-line evidence audit,2026-08-11T05:10:00Z
5f8f7e97cbacac4e6ffbdfd0,Myristica elliptica,floral_symmetry,actinomorphic,https://www.nparks.gov.sg/florafaunaweb/flora/6/2/6288,NParks Flora & Fauna Web: Myristica elliptica,"National Parks Board Singapore, Flora & Fauna Web, Myristica elliptica species record",A,government_species_database,nparks.gov.sg,en,Flower Symmetry | Radial,c4f9c05d0ba932a8aba9e885adf2f36e3484b9a7690bcb0902908ae881af7d61,ae58106bf5dfd2aa19a19e57738e08656f2f569cb09c803caa98e20dd34c377e,accepted_name_exact,wild_species_not_cultivar_limited,accept,True,True,True,False,,"Exact accepted species identity, exact source statement, trait-specific mapping, source URL and retrieved-content hash rechecked; no cultivar, family inference, cross-trait substitution or global fallback.",Codex source-backed line-by-line evidence audit,2026-08-11T05:10:00Z
cdb8ef5a5dc2da45d72bfc7d,Myristica elliptica,flower_primary_color,white|yellow_orange,https://www.nparks.gov.sg/florafaunaweb/flora/6/2/6288,NParks Flora & Fauna Web: Myristica elliptica,"National Parks Board Singapore, Flora & Fauna Web, Myristica elliptica species record",A,government_species_database,nparks.gov.sg,en,"Flower Colour(s) | Cream / Off-White, Yellow / Golden",a24377d904ae1b2b1879f4d84a5925d93499f061d3c2bcc78a43491f63c57991,f9a4c0e61a77f2349d4f9b4b812f9557f4b8b85548afbcc6a34e02a0cdf4e0a1,accepted_name_exact,wild_species_not_cultivar_limited,accept,True,True,True,False,,"Exact accepted species identity, exact source statement, trait-specific mapping, source URL and retrieved-content hash rechecked; no cultivar, family inference, cross-trait substitution or global fallback.",Codex source-backed line-by-line evidence audit,2026-08-11T05:10:00Z
9f9cb7e4f1f3f5a2ed78efbe,Nepenthes bicalcarata,floral_form,open_radial,https://www.nparks.gov.sg/florafaunaweb/flora/4/4/4475,NParks Flora & Fauna Web: Nepenthes bicalcarata,"National Parks Board Singapore, Flora & Fauna Web, Nepenthes bicalcarata species record",A,government_species_database,nparks.gov.sg,en,Individual Flower Shape | Stellate / Star-shaped,1247c382488e80228a13d2789549061aea50c7b3052d6874f840bd4392db6a77,edc3bf0f5508638bf33db534bedcee81f2a69cf804a0cffac703350a3517a055,accepted_name_exact,wild_species_not_cultivar_limited,accept,True,True,True,False,,"Exact accepted species identity, exact source statement, trait-specific mapping, source URL and retrieved-content hash rechecked; no cultivar, family inference, cross-trait substitution or global fallback.",Codex source-backed line-by-line evidence audit,2026-08-11T05:10:00Z
71a2a962b855c859121a9913,Nepenthes bicalcarata,floral_symmetry,actinomorphic,https://www.nparks.gov.sg/florafaunaweb/flora/4/4/4475,NParks Flora & Fauna Web: Nepenthes bicalcarata,"National Parks Board Singapore, Flora & Fauna Web, Nepenthes bicalcarata species record",A,government_species_database,nparks.gov.sg,en,Flower Symmetry | Radial,c4f9c05d0ba932a8aba9e885adf2f36e3484b9a7690bcb0902908ae881af7d61,91bb90ee72acc4c0871002abe6f87a855d453e3a69ba27688e447576ffc255c5,accepted_name_exact,wild_species_not_cultivar_limited,accept,True,True,True,False,,"Exact accepted species identity, exact source statement, trait-specific mapping, source URL and retrieved-content hash rechecked; no cultivar, family inference, cross-trait substitution or global fallback.",Codex source-backed line-by-line evidence audit,2026-08-11T05:10:00Z
ff3b7e3d4fe2dd1ea4b70315,Nepenthes bicalcarata,flower_primary_color,blue_purple|other_described,https://www.nparks.gov.sg/florafaunaweb/flora/4/4/4475,NParks Flora & Fauna Web: Nepenthes bicalcarata,"National Parks Board Singapore, Flora & Fauna Web, Nepenthes bicalcarata species record",A,government_species_database,nparks.gov.sg,en,"Flower Colour(s) | Purple, Black",58c5a5137ef052740b248dae33792966f444268543c3d6adc9dc45b4ecb0c0ba,4a9313184fb94662f4b868f1fca430f901cf634f4f206195c30716d5208d642f,accepted_name_exact,wild_species_not_cultivar_limited,accept,True,True,True,False,,"Exact accepted species identity, exact source statement, trait-specific mapping, source URL and retrieved-content hash rechecked; no cultivar, family inference, cross-trait substitution or global fallback.",Codex source-backed line-by-line evidence audit,2026-08-11T05:10:00Z
9a3b90c7278da91f60f61337,Nepenthes bicalcarata,inflorescence_display,raceme_spike_panicle,https://www.nparks.gov.sg/florafaunaweb/flora/4/4/4475,NParks Flora & Fauna Web: Nepenthes bicalcarata,"National Parks Board Singapore, Flora & Fauna Web, Nepenthes bicalcarata species record",A,government_species_database,nparks.gov.sg,en,Inflorescence Type | Panicle,76ac8ac2ece1186253fc18203886f8a8d52984c42589294b4ec6acb45a75e465,204cc4fb82298ea8a0c5a525e5ccb6ee4b3fc54bf13500c933dd983024f8c9cf,accepted_name_exact,wild_species_not_cultivar_limited,accept,True,True,True,False,,"Exact accepted species identity, exact source statement, trait-specific mapping, source URL and retrieved-content hash rechecked; no cultivar, family inference, cross-trait substitution or global fallback.",Codex source-backed line-by-line evidence audit,2026-08-11T05:10:00Z
26b2f5bd284c49deb52ba11e,Benstonea affinis,flower_primary_color,red_pink|yellow_orange,https://www.nparks.gov.sg/florafaunaweb/flora/6/4/6451,NParks | Benstonea affinis,"National Parks Board Singapore, Flora & Fauna Web, Benstonea affinis species record",A,government_species_database,nparks.gov.sg,en,"Flower Colour(s) | Orange, Red",5c6e60779c020d34ffca8bfce092cabf8b3c868fffcb2435b5bfdad409437d3d,f58931c0458b362274a20e8248d0de54c25d85d95e66879c65cb1b30e0e7ff38,accepted_name_exact,species_level_record_not_cultivar_limited,accept,True,True,True,False,,"Exact accepted species identity, exact source statement, trait-specific mapping, source URL and retrieved-content hash rechecked; no cultivar, family inference, cross-trait substitution or global fallback.",Codex exact-field source-backed audit,2026-08-11T06:16:10Z
c0f2d0aeb1fdf4ecbe407d14,Canarium album,flower_primary_color,white,https://www.nparks.gov.sg/florafaunaweb/flora/7/3/7364,NParks | Canarium album,"National Parks Board Singapore, Flora & Fauna Web, Canarium album species record",A,government_species_database,nparks.gov.sg,en,Flower Colour(s) | White,46c0b058e415696f46937b7cda2376b0eaf199524dcd77215caa7f4f447efe06,fe3eb2920dc08a7f7214e1d288be2188cd02ec99b3c305900289ead9b8cd9921,accepted_name_exact,species_level_record_not_cultivar_limited,accept,True,True,True,False,,"Exact accepted species identity, exact source statement, trait-specific mapping, source URL and retrieved-content hash rechecked; no cultivar, family inference, cross-trait substitution or global fallback.",Codex exact-field source-backed audit,2026-08-11T06:16:10Z
59689825ea303684a509a8f9,Canarium littorale,flower_primary_color,green_brown_inconspicuous|yellow_orange,https://www.nparks.gov.sg/florafaunaweb/flora/3/7/3775,NParks | Canarium littorale,"National Parks Board Singapore, Flora & Fauna Web, Canarium littorale species record",A,government_species_database,nparks.gov.sg,en,"Flower Colour(s) | Green, Yellow / Golden",2bb665582b5e91f0442085cdb8645a38945add2ea6e0fd0658fc8121ae86a71f,6bf6afd5546b44c8616388c46755f890587cab9dfefe578c4a106eee243fb181,accepted_name_exact,species_level_record_not_cultivar_limited,accept,True,True,True,False,,"Exact accepted species identity, exact source statement, trait-specific mapping, source URL and retrieved-content hash rechecked; no cultivar, family inference, cross-trait substitution or global fallback.",Codex exact-field source-backed audit,2026-08-11T06:16:10Z
5d29d549ae2dc5c8f703fb94,Canarium odontophyllum,flower_primary_color,white,https://www.nparks.gov.sg/florafaunaweb/flora/3/7/3776,NParks | Canarium odontophyllum,"National Parks Board Singapore, Flora & Fauna Web, Canarium odontophyllum species record",A,government_species_database,nparks.gov.sg,en,Flower Colour(s) | White,46c0b058e415696f46937b7cda2376b0eaf199524dcd77215caa7f4f447efe06,c2e9d6eea47cc3baeed815b03a7af8cff7b8045edd5b14feac7de701f53f4d40,accepted_name_exact,species_level_record_not_cultivar_limited,accept,True,True,True,False,,"Exact accepted species identity, exact source statement, trait-specific mapping, source URL and retrieved-content hash rechecked; no cultivar, family inference, cross-trait substitution or global fallback.",Codex exact-field source-backed audit,2026-08-11T06:16:10Z
cf70bfbc0ce550f34a9ad4e5,Canarium ovatum,flower_primary_color,green_brown_inconspicuous|yellow_orange,https://www.nparks.gov.sg/florafaunaweb/flora/3/7/3778,NParks | Canarium ovatum,"National Parks Board Singapore, Flora & Fauna Web, Canarium ovatum species record",A,government_species_database,nparks.gov.sg,en,"Flower Colour(s) | Green - Light Green, Yellow / Golden",55b6e473e7aa54d3059af469a4340732d4a05698b5eb56b1cb108c71f8107956,ea11fa4cbc16a4c6a1e7df65249e8e760c4fe0368bf5931b06cda2dce378fd8e,accepted_name_exact,species_level_record_not_cultivar_limited,accept,True,True,True,False,,"Exact accepted species identity, exact source statement, trait-specific mapping, source URL and retrieved-content hash rechecked; no cultivar, family inference, cross-trait substitution or global fallback.",Codex exact-field source-backed audit,2026-08-11T06:16:10Z
ea39ef94294e49a287f9e69f,Canarium vulgare,flower_primary_color,white,https://www.nparks.gov.sg/florafaunaweb/flora/3/6/3659,NParks | Canarium vulgare,"National Parks Board Singapore, Flora & Fauna Web, Canarium vulgare species record",A,government_species_database,nparks.gov.sg,en,Flower Colour(s) | Cream / Off-White,bdf5aaa2749947cb1b942465f9b4dfef2e70c27aa196501d27f509d0b3c37e3f,1dab9a380733de9433841689c5e49d96300d8914678126ec70b127c05e3937e2,accepted_name_exact,species_level_record_not_cultivar_limited,accept,True,True,True,False,,"Exact accepted species identity, exact source statement, trait-specific mapping, source URL and retrieved-content hash rechecked; no cultivar, family inference, cross-trait substitution or global fallback.",Codex exact-field source-backed audit,2026-08-11T06:16:10Z
1b35866462ffe42b97273868,Claoxylon indicum,floral_symmetry,actinomorphic,https://www.nparks.gov.sg/florafaunaweb/flora/2/8/2811,NParks | Claoxylon indicum,"National Parks Board Singapore, Flora & Fauna Web, Claoxylon indicum species record",A,government_species_database,nparks.gov.sg,en,Flower Symmetry | Radial,c4f9c05d0ba932a8aba9e885adf2f36e3484b9a7690bcb0902908ae881af7d61,54c4b52b82dc71b01edec6d86e674b827ae9c4b5acb83f680a84f50e336f3100,accepted_name_exact,species_level_record_not_cultivar_limited,accept,True,True,True,False,,"Exact accepted species identity, exact source statement, trait-specific mapping, source URL and retrieved-content hash rechecked; no cultivar, family inference, cross-trait substitution or global fallback.",Codex exact-field source-backed audit,2026-08-11T06:16:10Z
2b5dc69b5dfbf90d353ef149,Claoxylon indicum,flower_primary_color,white,https://www.nparks.gov.sg/florafaunaweb/flora/2/8/2811,NParks | Claoxylon indicum,"National Parks Board Singapore, Flora & Fauna Web, Claoxylon indicum species record",A,government_species_database,nparks.gov.sg,en,Flower Colour(s) | White,46c0b058e415696f46937b7cda2376b0eaf199524dcd77215caa7f4f447efe06,595386ebd7f2edce29b33889eb1073d04f1d9df5fccd5f65a6874215a083aab3,accepted_name_exact,species_level_record_not_cultivar_limited,accept,True,True,True,False,,"Exact accepted species identity, exact source statement, trait-specific mapping, source URL and retrieved-content hash rechecked; no cultivar, family inference, cross-trait substitution or global fallback.",Codex exact-field source-backed audit,2026-08-11T06:16:10Z
c8a1323fcdb73b501ddfd3c3,Claoxylon indicum,inflorescence_display,raceme_spike_panicle,https://www.nparks.gov.sg/florafaunaweb/flora/2/8/2811,NParks | Claoxylon indicum,"National Parks Board Singapore, Flora & Fauna Web, Claoxylon indicum species record",A,government_species_database,nparks.gov.sg,en,Inflorescence Type | Raceme,d0c6117f473a92ab90e0b1ed46317ee5471a43a71c960276592236864a57971d,b36c39324a4d68b18ddb25f052eda9f6def03413de024c6d4361850e2c806bda,accepted_name_exact,species_level_record_not_cultivar_limited,accept,True,True,True,False,,"Exact accepted species identity, exact source statement, trait-specific mapping, source URL and retrieved-content hash rechecked; no cultivar, family inference, cross-trait substitution or global fallback.",Codex exact-field source-backed audit,2026-08-11T06:16:10Z
1e30dcedfcee3b1595c1b66f,Dianella caerulea,floral_form,open_radial,https://www.nparks.gov.sg/florafaunaweb/flora/1/9/1928,NParks | Dianella caerulea,"National Parks Board Singapore, Flora & Fauna Web, Dianella caerulea species record",A,government_species_database,nparks.gov.sg,en,Individual Flower Shape | Stellate / Star-shaped,1247c382488e80228a13d2789549061aea50c7b3052d6874f840bd4392db6a77,f97b98b51cf292374940dcff3459b81f325619f700b90c8328999cc674a9e12c,accepted_name_exact,species_level_record_not_cultivar_limited,accept,True,True,True,False,,"Exact accepted species identity, exact source statement, trait-specific mapping, source URL and retrieved-content hash rechecked; no cultivar, family inference, cross-trait substitution or global fallback.",Codex exact-field source-backed audit,2026-08-11T06:16:10Z
05a568a56cba9434715a1738,Dianella caerulea,floral_symmetry,actinomorphic,https://www.nparks.gov.sg/florafaunaweb/flora/1/9/1928,NParks | Dianella caerulea,"National Parks Board Singapore, Flora & Fauna Web, Dianella caerulea species record",A,government_species_database,nparks.gov.sg,en,Flower Symmetry | Radial,c4f9c05d0ba932a8aba9e885adf2f36e3484b9a7690bcb0902908ae881af7d61,574e5e087c73033d31be1fdd9932c72d0a4609fad349dbc444051c41064c2722,accepted_name_exact,species_level_record_not_cultivar_limited,accept,True,True,True,False,,"Exact accepted species identity, exact source statement, trait-specific mapping, source URL and retrieved-content hash rechecked; no cultivar, family inference, cross-trait substitution or global fallback.",Codex exact-field source-backed audit,2026-08-11T06:16:10Z
95bd8c775defd3e100d650b1,Dianella caerulea,inflorescence_display,raceme_spike_panicle,https://www.nparks.gov.sg/florafaunaweb/flora/1/9/1928,NParks | Dianella caerulea,"National Parks Board Singapore, Flora & Fauna Web, Dianella caerulea species record",A,government_species_database,nparks.gov.sg,en,Inflorescence Type | Panicle,76ac8ac2ece1186253fc18203886f8a8d52984c42589294b4ec6acb45a75e465,baf177799fc8def35f04fd35b505fda8582c636a601fad95a56a53c92848c6d2,accepted_name_exact,species_level_record_not_cultivar_limited,accept,True,True,True,False,,"Exact accepted species identity, exact source statement, trait-specific mapping, source URL and retrieved-content hash rechecked; no cultivar, family inference, cross-trait substitution or global fallback.",Codex exact-field source-backed audit,2026-08-11T06:16:10Z
dad30b93249e2cdbf6d0c431,Globba atrosanguinea,flower_primary_color,red_pink|yellow_orange,https://www.nparks.gov.sg/florafaunaweb/flora/2/0/2032,NParks | Globba atrosanguinea,"National Parks Board Singapore, Flora & Fauna Web, Globba atrosanguinea species record",A,government_species_database,nparks.gov.sg,en,"Flower Colour(s) | Orange, Red",5c6e60779c020d34ffca8bfce092cabf8b3c868fffcb2435b5bfdad409437d3d,e8d398f471703c5784cd21190005066d4d5e2769dd81cf73a770ce57dbe016d1,accepted_name_exact,species_level_record_not_cultivar_limited,accept,True,True,True,False,,"Exact accepted species identity, exact source statement, trait-specific mapping, source URL and retrieved-content hash rechecked; no cultivar, family inference, cross-trait substitution or global fallback.",Codex exact-field source-backed audit,2026-08-11T06:16:10Z
a6078a1576241515a6292ed0,Globba leucantha,floral_symmetry,asymmetric,https://www.nparks.gov.sg/florafaunaweb/flora/8/7/8726,NParks | Globba leucantha var peninsularis,"National Parks Board Singapore, Flora & Fauna Web, Globba leucantha species record",A,government_species_database,nparks.gov.sg,en,Flower Symmetry | Asymmetrical,de593f238908c22af0e16da7614ee67ff3403f1f361fcf46599d1787954ebe91,ce0726ab8772b640ccb7167a3b08aa089a1fd2bfb325823ddf1a58e0a435658f,accepted_name_exact,species_level_record_not_cultivar_limited,accept,True,True,True,False,,"Exact accepted species identity, exact source statement, trait-specific mapping, source URL and retrieved-content hash rechecked; no cultivar, family inference, cross-trait substitution or global fallback.",Codex exact-field source-backed audit,2026-08-11T06:16:10Z
f085e2a2a5162ff43b540ec3,Globba leucantha,flower_primary_color,white,https://www.nparks.gov.sg/florafaunaweb/flora/8/7/8726,NParks | Globba leucantha var peninsularis,"National Parks Board Singapore, Flora & Fauna Web, Globba leucantha species record",A,government_species_database,nparks.gov.sg,en,Flower Colour(s) | White,46c0b058e415696f46937b7cda2376b0eaf199524dcd77215caa7f4f447efe06,4ff0af4ac16b1791c063b5dca2f2041429a411d9aebe5835517f26d4f5ab4ee1,accepted_name_exact,species_level_record_not_cultivar_limited,accept,True,True,True,False,,"Exact accepted species identity, exact source statement, trait-specific mapping, source URL and retrieved-content hash rechecked; no cultivar, family inference, cross-trait substitution or global fallback.",Codex exact-field source-backed audit,2026-08-11T06:16:10Z
0761f550cf585b3faae53ad3,Globba winitii,flower_primary_color,blue_purple|yellow_orange,https://www.nparks.gov.sg/florafaunaweb/flora/2/0/2034,NParks | Globba winitii,"National Parks Board Singapore, Flora & Fauna Web, Globba winitii species record",A,government_species_database,nparks.gov.sg,en,"Flower Colour(s) | Purple, Yellow / Golden",fbbaed76c964a1bf5ddf4771acae98dc5fb77528a9525bbb1ee4b94bed4851ad,359546a47d7225d0474abd0c6f7db8a1c6d2d8cfb5478f10f86602a892f217d2,accepted_name_exact,species_level_record_not_cultivar_limited,accept,True,True,True,False,,"Exact accepted species identity, exact source statement, trait-specific mapping, source URL and retrieved-content hash rechecked; no cultivar, family inference, cross-trait substitution or global fallback.",Codex exact-field source-backed audit,2026-08-11T06:16:10Z
2bff18e563b1195482687ab1,Grewia laevigata,floral_symmetry,actinomorphic,https://www.nparks.gov.sg/florafaunaweb/flora/1/4/1407,NParks | Grewia laevigata,"National Parks Board Singapore, Flora & Fauna Web, Grewia laevigata species record",A,government_species_database,nparks.gov.sg,en,Flower Symmetry | Radial,c4f9c05d0ba932a8aba9e885adf2f36e3484b9a7690bcb0902908ae881af7d61,9205a0b8adc8759ca728e7d54df91a9ca1a2a87d49840e4502425fc9622c7953,accepted_name_exact,species_level_record_not_cultivar_limited,accept,True,True,True,False,,"Exact accepted species identity, exact source statement, trait-specific mapping, source URL and retrieved-content hash rechecked; no cultivar, family inference, cross-trait substitution or global fallback.",Codex exact-field source-backed audit,2026-08-11T06:16:10Z
306466ec9317fcc5c25ef200,Heliconia collinsiana,flower_primary_color,red_pink|yellow_orange,https://www.nparks.gov.sg/florafaunaweb/flora/5/7/5744,NParks | Heliconia collinsiana,"National Parks Board Singapore, Flora & Fauna Web, Heliconia collinsiana species record",A,government_species_database,nparks.gov.sg,en,"Flower Colour(s) | Orange, Red, Yellow / Golden",674efa2d7d50a6463ae09318e38b48e78dc059ee78e1fe0d19cc2262cbac0d3a,7d77fefef2b7da680e195f765668dbe66f0667b262e2791c0bdb19d5f9bd484d,accepted_name_exact,species_level_record_not_cultivar_limited,accept,True,True,True,False,,"Exact accepted species identity, exact source statement, trait-specific mapping, source URL and retrieved-content hash rechecked; no cultivar, family inference, cross-trait substitution or global fallback.",Codex exact-field source-backed audit,2026-08-11T06:16:10Z
ca2e3578d6563a418fa56dfd,Heliconia episcopalis,flower_primary_color,red_pink|yellow_orange,https://www.nparks.gov.sg/florafaunaweb/flora/4/2/4266,NParks | Heliconia episcopalis,"National Parks Board Singapore, Flora & Fauna Web, Heliconia episcopalis species record",A,government_species_database,nparks.gov.sg,en,"Flower Colour(s) | Orange, Red, Yellow / Golden",674efa2d7d50a6463ae09318e38b48e78dc059ee78e1fe0d19cc2262cbac0d3a,8e88475745c7e1f7706693df67b7634511894d2eecc3fb7a9edf59a42fa1906c,accepted_name_exact,species_level_record_not_cultivar_limited,accept,True,True,True,False,,"Exact accepted species identity, exact source statement, trait-specific mapping, source URL and retrieved-content hash rechecked; no cultivar, family inference, cross-trait substitution or global fallback.",Codex exact-field source-backed audit,2026-08-11T06:16:10Z
a44550c3bd0f6350e74f8661,Heliconia marginata,flower_primary_color,red_pink|yellow_orange,https://www.nparks.gov.sg/florafaunaweb/flora/2/0/2081,NParks | Heliconia marginata,"National Parks Board Singapore, Flora & Fauna Web, Heliconia marginata species record",A,government_species_database,nparks.gov.sg,en,"Flower Colour(s) | Red, Yellow / Golden",70474660e088aa392a8fa3d3060fbc654254e5b896a17b452519ba77bdd3ce13,b0a503792a3536143d94be33e9c951fa3a720c0668a7683b51dc2944440458c2,accepted_name_exact,species_level_record_not_cultivar_limited,accept,True,True,True,False,,"Exact accepted species identity, exact source statement, trait-specific mapping, source URL and retrieved-content hash rechecked; no cultivar, family inference, cross-trait substitution or global fallback.",Codex exact-field source-backed audit,2026-08-11T06:16:10Z
1c8eca14e9f500721c121fbd,Heliconia mathiasiae,flower_primary_color,red_pink|yellow_orange,https://www.nparks.gov.sg/florafaunaweb/flora/3/3/3394,NParks | Heliconia mathiasiae,"National Parks Board Singapore, Flora & Fauna Web, Heliconia mathiasiae species record",A,government_species_database,nparks.gov.sg,en,"Flower Colour(s) | Red, Yellow / Golden",70474660e088aa392a8fa3d3060fbc654254e5b896a17b452519ba77bdd3ce13,728829151d391c770c139b4267b010fb4ba5a14047dac6fb2a76aa9997cf0ac6,accepted_name_exact,species_level_record_not_cultivar_limited,accept,True,True,True,False,,"Exact accepted species identity, exact source statement, trait-specific mapping, source URL and retrieved-content hash rechecked; no cultivar, family inference, cross-trait substitution or global fallback.",Codex exact-field source-backed audit,2026-08-11T06:16:10Z
7e402326cb6cf658310e113e,Heliconia metallica,flower_primary_color,red_pink,https://www.nparks.gov.sg/florafaunaweb/flora/5/3/5352,NParks | Heliconia metallica,"National Parks Board Singapore, Flora & Fauna Web, Heliconia metallica species record",A,government_species_database,nparks.gov.sg,en,"Flower Colour(s) | Pink, Red",79f53a63f6477e56d7f11b1b348efd269bbe12602e5c7094656c115ed48cc9c9,9dfc32f01aa26955acfa55e4acc317b1c510237b1f16bb57b6bbc51107fe35cd,accepted_name_exact,species_level_record_not_cultivar_limited,accept,True,True,True,False,,"Exact accepted species identity, exact source statement, trait-specific mapping, source URL and retrieved-content hash rechecked; no cultivar, family inference, cross-trait substitution or global fallback.",Codex exact-field source-backed audit,2026-08-11T06:16:10Z
79256207ec09b7ebee86819d,Heliconia vaginalis,flower_primary_color,red_pink|yellow_orange,https://www.nparks.gov.sg/florafaunaweb/flora/8/0/8005,NParks | Heliconia vaginalis,"National Parks Board Singapore, Flora & Fauna Web, Heliconia vaginalis species record",A,government_species_database,nparks.gov.sg,en,"Flower Colour(s) | Red, Yellow / Golden",70474660e088aa392a8fa3d3060fbc654254e5b896a17b452519ba77bdd3ce13,0e732aaf907baa580fcef779cb08be9134df13b947803b2ccc2e7d5f0ac2b8ae,accepted_name_exact,species_level_record_not_cultivar_limited,accept,True,True,True,False,,"Exact accepted species identity, exact source statement, trait-specific mapping, source URL and retrieved-content hash rechecked; no cultivar, family inference, cross-trait substitution or global fallback.",Codex exact-field source-backed audit,2026-08-11T06:16:10Z
b28ce5ffd98e7cecea614ecb,Heliconia vellerigera,floral_form,tubular,https://www.nparks.gov.sg/florafaunaweb/flora/2/0/2084,NParks | Heliconia vellerigera,"National Parks Board Singapore, Flora & Fauna Web, Heliconia vellerigera species record",A,government_species_database,nparks.gov.sg,en,Individual Flower Shape | Tubular,390fc3367067a4da3172b8e10f028ebec91e0c36e9a77d718678e258d6b2cd80,04715cd52033e1c2a6c437c8210d3b310cfd5f70631e7603d043a491773572e5,accepted_name_exact,species_level_record_not_cultivar_limited,accept,True,True,True,False,,"Exact accepted species identity, exact source statement, trait-specific mapping, source URL and retrieved-content hash rechecked; no cultivar, family inference, cross-trait substitution or global fallback.",Codex exact-field source-backed audit,2026-08-11T06:16:10Z
a30c7a154898dc6b171a77a9,Heliconia vellerigera,floral_symmetry,zygomorphic,https://www.nparks.gov.sg/florafaunaweb/flora/2/0/2084,NParks | Heliconia vellerigera,"National Parks Board Singapore, Flora & Fauna Web, Heliconia vellerigera species record",A,government_species_database,nparks.gov.sg,en,Flower Symmetry | Bilateral,cea4e639450960934446d0d30b41ddd63a191b143b5f40f85971eee9a23aa950,4405ab5e924020a6d7ab76ca2e0a410e12992b26780883eb70f04f07f80cd9a0,accepted_name_exact,species_level_record_not_cultivar_limited,accept,True,True,True,False,,"Exact accepted species identity, exact source statement, trait-specific mapping, source URL and retrieved-content hash rechecked; no cultivar, family inference, cross-trait substitution or global fallback.",Codex exact-field source-backed audit,2026-08-11T06:16:10Z
be77725f84dd395674794bd6,Heliconia vellerigera,inflorescence_display,raceme_spike_panicle,https://www.nparks.gov.sg/florafaunaweb/flora/2/0/2084,NParks | Heliconia vellerigera,"National Parks Board Singapore, Flora & Fauna Web, Heliconia vellerigera species record",A,government_species_database,nparks.gov.sg,en,Inflorescence Type | Panicle,76ac8ac2ece1186253fc18203886f8a8d52984c42589294b4ec6acb45a75e465,66fb657c67ed6652da09eaef36619f5a1e5b1eac2209084ad07a2dd080221c20,accepted_name_exact,species_level_record_not_cultivar_limited,accept,True,True,True,False,,"Exact accepted species identity, exact source statement, trait-specific mapping, source URL and retrieved-content hash rechecked; no cultivar, family inference, cross-trait substitution or global fallback.",Codex exact-field source-backed audit,2026-08-11T06:16:10Z
fd3b5c58dc514d4f05dd451a,Heliconia wagneriana,flower_primary_color,green_brown_inconspicuous|red_pink|yellow_orange,https://www.nparks.gov.sg/florafaunaweb/flora/4/2/4293,NParks | Heliconia wagneriana,"National Parks Board Singapore, Flora & Fauna Web, Heliconia wagneriana species record",A,government_species_database,nparks.gov.sg,en,"Flower Colour(s) | Green, Red, Yellow / Golden",ebc4b1e66cb634c2eefeb3a5ecaacab907eb4fbe3442259e4e7c3cbcaa93ae10,d62ba8dc8f0f3bc4a4e0e94ade4290be75dc1467a7b20c29db90881019908ff2,accepted_name_exact,species_level_record_not_cultivar_limited,accept,True,True,True,False,,"Exact accepted species identity, exact source statement, trait-specific mapping, source URL and retrieved-content hash rechecked; no cultivar, family inference, cross-trait substitution or global fallback.",Codex exact-field source-backed audit,2026-08-11T06:16:10Z
d6df3c9e573dc1a4ee607f39,Hornstedtia leonurus,floral_form,tubular,https://www.nparks.gov.sg/florafaunaweb/flora/2/1/2110,NParks | Hornstedtia leonurus,"National Parks Board Singapore, Flora & Fauna Web, Hornstedtia leonurus species record",A,government_species_database,nparks.gov.sg,en,Individual Flower Shape | Tubular,390fc3367067a4da3172b8e10f028ebec91e0c36e9a77d718678e258d6b2cd80,bd51db5685440935ff4c2041900bf18044be5d8f9d2f8ea2ccaa2abbce98610d,accepted_name_exact,species_level_record_not_cultivar_limited,accept,True,True,True,False,,"Exact accepted species identity, exact source statement, trait-specific mapping, source URL and retrieved-content hash rechecked; no cultivar, family inference, cross-trait substitution or global fallback.",Codex exact-field source-backed audit,2026-08-11T06:16:10Z
5b8b8187a33f144bf9a8f927,Hornstedtia leonurus,floral_symmetry,zygomorphic,https://www.nparks.gov.sg/florafaunaweb/flora/2/1/2110,NParks | Hornstedtia leonurus,"National Parks Board Singapore, Flora & Fauna Web, Hornstedtia leonurus species record",A,government_species_database,nparks.gov.sg,en,Flower Symmetry | Bilateral,cea4e639450960934446d0d30b41ddd63a191b143b5f40f85971eee9a23aa950,32068d8aca882e70147eee9a84841832700e3d9e00fa9a717feede072b23834e,accepted_name_exact,species_level_record_not_cultivar_limited,accept,True,True,True,False,,"Exact accepted species identity, exact source statement, trait-specific mapping, source URL and retrieved-content hash rechecked; no cultivar, family inference, cross-trait substitution or global fallback.",Codex exact-field source-backed audit,2026-08-11T06:16:10Z
0b23d3649b7e698dbab645f4,Hornstedtia leonurus,inflorescence_display,raceme_spike_panicle,https://www.nparks.gov.sg/florafaunaweb/flora/2/1/2110,NParks | Hornstedtia leonurus,"National Parks Board Singapore, Flora & Fauna Web, Hornstedtia leonurus species record",A,government_species_database,nparks.gov.sg,en,Inflorescence Type | Spike,1e8cf4cf1f696feb09810cb808b3b83f9f481b877e70efebd1f88610a3dfae1e,d951168bf99685c880f55035be5a2f2163308c99a8088327605dec2a23e0ef9e,accepted_name_exact,species_level_record_not_cultivar_limited,accept,True,True,True,False,,"Exact accepted species identity, exact source statement, trait-specific mapping, source URL and retrieved-content hash rechecked; no cultivar, family inference, cross-trait substitution or global fallback.",Codex exact-field source-backed audit,2026-08-11T06:16:10Z
55eefbcf0410bafeb170bf09,Hornstedtia scyphifera,floral_form,tubular,https://www.nparks.gov.sg/florafaunaweb/flora/2/1/2111,NParks | Hornstedtia scyphifera,"National Parks Board Singapore, Flora & Fauna Web, Hornstedtia scyphifera species record",A,government_species_database,nparks.gov.sg,en,Individual Flower Shape | Tubular,390fc3367067a4da3172b8e10f028ebec91e0c36e9a77d718678e258d6b2cd80,bd20b47a0209db43b2d04a9ea6e3da91b047b2e9f6feabb0bd30677acbdbc14a,accepted_name_exact,species_level_record_not_cultivar_limited,accept,True,True,True,False,,"Exact accepted species identity, exact source statement, trait-specific mapping, source URL and retrieved-content hash rechecked; no cultivar, family inference, cross-trait substitution or global fallback.",Codex exact-field source-backed audit,2026-08-11T06:16:10Z
d69d146c8c1d1ed9d4f61fab,Hornstedtia scyphifera,floral_symmetry,zygomorphic,https://www.nparks.gov.sg/florafaunaweb/flora/2/1/2111,NParks | Hornstedtia scyphifera,"National Parks Board Singapore, Flora & Fauna Web, Hornstedtia scyphifera species record",A,government_species_database,nparks.gov.sg,en,Flower Symmetry | Bilateral,cea4e639450960934446d0d30b41ddd63a191b143b5f40f85971eee9a23aa950,90e7c7f5ad8d89ebfe502a8d3df7353548169fbbe4f94b5ab3baaf99870c8358,accepted_name_exact,species_level_record_not_cultivar_limited,accept,True,True,True,False,,"Exact accepted species identity, exact source statement, trait-specific mapping, source URL and retrieved-content hash rechecked; no cultivar, family inference, cross-trait substitution or global fallback.",Codex exact-field source-backed audit,2026-08-11T06:16:10Z
972e77aa84cd1c6bee4487fb,Hornstedtia scyphifera,inflorescence_display,raceme_spike_panicle,https://www.nparks.gov.sg/florafaunaweb/flora/2/1/2111,NParks | Hornstedtia scyphifera,"National Parks Board Singapore, Flora & Fauna Web, Hornstedtia scyphifera species record",A,government_species_database,nparks.gov.sg,en,Inflorescence Type | Spike,1e8cf4cf1f696feb09810cb808b3b83f9f481b877e70efebd1f88610a3dfae1e,2f20ba0dee08fc91dfb05eaf8c517c81ea2e2f8fa18cab22dd3a6859164d23ba,accepted_name_exact,species_level_record_not_cultivar_limited,accept,True,True,True,False,,"Exact accepted species identity, exact source statement, trait-specific mapping, source URL and retrieved-content hash rechecked; no cultivar, family inference, cross-trait substitution or global fallback.",Codex exact-field source-backed audit,2026-08-11T06:16:10Z
623b2164d3ffc3e92e141623,Horsfieldia crassifolia,floral_symmetry,actinomorphic,https://www.nparks.gov.sg/florafaunaweb/flora/2/9/2963,NParks | Horsfieldia crassifolia,"National Parks Board Singapore, Flora & Fauna Web, Horsfieldia crassifolia species record",A,government_species_database,nparks.gov.sg,en,Flower Symmetry | Radial,c4f9c05d0ba932a8aba9e885adf2f36e3484b9a7690bcb0902908ae881af7d61,d54ab20356697922c3852f589e70ccf0ad1dd96ca1ee239b6c2041eb9f7c395e,accepted_name_exact,species_level_record_not_cultivar_limited,accept,True,True,True,False,,"Exact accepted species identity, exact source statement, trait-specific mapping, source URL and retrieved-content hash rechecked; no cultivar, family inference, cross-trait substitution or global fallback.",Codex exact-field source-backed audit,2026-08-11T06:16:10Z
9fc466bb5300c506d5967345,Horsfieldia crassifolia,flower_primary_color,yellow_orange,https://www.nparks.gov.sg/florafaunaweb/flora/2/9/2963,NParks | Horsfieldia crassifolia,"National Parks Board Singapore, Flora & Fauna Web, Horsfieldia crassifolia species record",A,government_species_database,nparks.gov.sg,en,Flower Colour(s) | Yellow / Golden,667edb8fd42ca00b8c36184949d18c89937c1fe2951ee962cad09040381672ec,8df397e9c967fc2ddedbd518ab4e0e37af34bf7b475e32cdf403b816f0b3a2ac,accepted_name_exact,species_level_record_not_cultivar_limited,accept,True,True,True,False,,"Exact accepted species identity, exact source statement, trait-specific mapping, source URL and retrieved-content hash rechecked; no cultivar, family inference, cross-trait substitution or global fallback.",Codex exact-field source-backed audit,2026-08-11T06:16:10Z
2906742b463a2551c908a678,Horsfieldia irya,floral_symmetry,actinomorphic,https://www.nparks.gov.sg/florafaunaweb/flora/2/9/2964,NParks | Horsfieldia irya,"National Parks Board Singapore, Flora & Fauna Web, Horsfieldia irya species record",A,government_species_database,nparks.gov.sg,en,Flower Symmetry | Radial,c4f9c05d0ba932a8aba9e885adf2f36e3484b9a7690bcb0902908ae881af7d61,b62d24bb109b74d223d1dc4fe05693a7cdcf202fefa6a9cc102f344b12d651ad,accepted_name_exact,species_level_record_not_cultivar_limited,accept,True,True,True,False,,"Exact accepted species identity, exact source statement, trait-specific mapping, source URL and retrieved-content hash rechecked; no cultivar, family inference, cross-trait substitution or global fallback.",Codex exact-field source-backed audit,2026-08-11T06:16:10Z
f53a90669481a87f59887f3b,Horsfieldia irya,inflorescence_display,raceme_spike_panicle,https://www.nparks.gov.sg/florafaunaweb/flora/2/9/2964,NParks | Horsfieldia irya,"National Parks Board Singapore, Flora & Fauna Web, Horsfieldia irya species record",A,government_species_database,nparks.gov.sg,en,Inflorescence Type | Panicle,76ac8ac2ece1186253fc18203886f8a8d52984c42589294b4ec6acb45a75e465,cad42c63b63414330e270a63ddab34787ca10af359c3ab156d81f3fc950bb454,accepted_name_exact,species_level_record_not_cultivar_limited,accept,True,True,True,False,,"Exact accepted species identity, exact source statement, trait-specific mapping, source URL and retrieved-content hash rechecked; no cultivar, family inference, cross-trait substitution or global fallback.",Codex exact-field source-backed audit,2026-08-11T06:16:10Z
0feb288bc7d1971e10a0757a,Horsfieldia polyspherula,flower_primary_color,yellow_orange,https://www.nparks.gov.sg/florafaunaweb/flora/4/3/4311,NParks | Horsfieldia polyspherula var polyspherula,"National Parks Board Singapore, Flora & Fauna Web, Horsfieldia polyspherula species record",A,government_species_database,nparks.gov.sg,en,Flower Colour(s) | Yellow / Golden,667edb8fd42ca00b8c36184949d18c89937c1fe2951ee962cad09040381672ec,c06192a20a5d34ab428978c36d9f6884285e2b6065137baf799d66f6e0c4eb63,accepted_name_exact,species_level_record_not_cultivar_limited,accept,True,True,True,False,,"Exact accepted species identity, exact source statement, trait-specific mapping, source URL and retrieved-content hash rechecked; no cultivar, family inference, cross-trait substitution or global fallback.",Codex exact-field source-backed audit,2026-08-11T06:16:10Z
59edf0e2069aea552e415b1c,Horsfieldia sparsa,floral_symmetry,actinomorphic,https://www.nparks.gov.sg/florafaunaweb/flora/2/9/2965,NParks | Horsfieldia sparsa,"National Parks Board Singapore, Flora & Fauna Web, Horsfieldia sparsa species record",A,government_species_database,nparks.gov.sg,en,Flower Symmetry | Radial,c4f9c05d0ba932a8aba9e885adf2f36e3484b9a7690bcb0902908ae881af7d61,59262c4801c4a28cf1fb275056d973ad40f4cc5a1b953bd331130206297c1bd8,accepted_name_exact,species_level_record_not_cultivar_limited,accept,True,True,True,False,,"Exact accepted species identity, exact source statement, trait-specific mapping, source URL and retrieved-content hash rechecked; no cultivar, family inference, cross-trait substitution or global fallback.",Codex exact-field source-backed audit,2026-08-11T06:16:10Z
5689d8600136dab4632e5bc0,Horsfieldia sparsa,flower_primary_color,yellow_orange,https://www.nparks.gov.sg/florafaunaweb/flora/2/9/2965,NParks | Horsfieldia sparsa,"National Parks Board Singapore, Flora & Fauna Web, Horsfieldia sparsa species record",A,government_species_database,nparks.gov.sg,en,Flower Colour(s) | Yellow / Golden,667edb8fd42ca00b8c36184949d18c89937c1fe2951ee962cad09040381672ec,7f205006d9ad4d2b304d147f0f7b2094ea5688b8fb3f722201e456858710fd07,accepted_name_exact,species_level_record_not_cultivar_limited,accept,True,True,True,False,,"Exact accepted species identity, exact source statement, trait-specific mapping, source URL and retrieved-content hash rechecked; no cultivar, family inference, cross-trait substitution or global fallback.",Codex exact-field source-backed audit,2026-08-11T06:16:10Z
0f20bf3b464bfea53ba7cc4c,Horsfieldia superba,floral_symmetry,actinomorphic,https://www.nparks.gov.sg/florafaunaweb/flora/3/2/3299,NParks | Horsfieldia superba,"National Parks Board Singapore, Flora & Fauna Web, Horsfieldia superba species record",A,government_species_database,nparks.gov.sg,en,Flower Symmetry | Radial,c4f9c05d0ba932a8aba9e885adf2f36e3484b9a7690bcb0902908ae881af7d61,d2eb42e6005ed00a6145712b22f984ab592d73c3b721349b491ea8a132a9413d,accepted_name_exact,species_level_record_not_cultivar_limited,accept,True,True,True,False,,"Exact accepted species identity, exact source statement, trait-specific mapping, source URL and retrieved-content hash rechecked; no cultivar, family inference, cross-trait substitution or global fallback.",Codex exact-field source-backed audit,2026-08-11T06:16:10Z
c33b47891729623ebf54a589,Horsfieldia wallichii,flower_primary_color,yellow_orange,https://www.nparks.gov.sg/florafaunaweb/flora/6/2/6207,NParks | Horsfieldia wallichii,"National Parks Board Singapore, Flora & Fauna Web, Horsfieldia wallichii species record",A,government_species_database,nparks.gov.sg,en,Flower Colour(s) | Yellow / Golden,667edb8fd42ca00b8c36184949d18c89937c1fe2951ee962cad09040381672ec,2d5203f66a0572a603bc11556c9fb14cf3378ed13e46518d7302f863dff55eb5,accepted_name_exact,species_level_record_not_cultivar_limited,accept,True,True,True,False,,"Exact accepted species identity, exact source statement, trait-specific mapping, source URL and retrieved-content hash rechecked; no cultivar, family inference, cross-trait substitution or global fallback.",Codex exact-field source-backed audit,2026-08-11T06:16:10Z
b402d8e19243211d016a4b4a,Musa acuminata,inflorescence_display,raceme_spike_panicle,https://www.nparks.gov.sg/florafaunaweb/flora/2/2/2241,NParks | Musa acuminata var sumatrana,"National Parks Board Singapore, Flora & Fauna Web, Musa acuminata species record",A,government_species_database,nparks.gov.sg,en,Inflorescence Type | Panicle,76ac8ac2ece1186253fc18203886f8a8d52984c42589294b4ec6acb45a75e465,10ca9db5f355c9b23f42168b1b68a89b24bb79708ec3bd870360abb87767d073,accepted_name_exact,species_level_record_not_cultivar_limited,accept,True,True,True,False,,"Exact accepted species identity, exact source statement, trait-specific mapping, source URL and retrieved-content hash rechecked; no cultivar, family inference, cross-trait substitution or global fallback.",Codex exact-field source-backed audit,2026-08-11T06:16:10Z
0d9c9d681fd7590c557f7391,Musa coccinea,inflorescence_display,raceme_spike_panicle,https://www.nparks.gov.sg/florafaunaweb/flora/2/2/2243,NParks | Musa coccinea,"National Parks Board Singapore, Flora & Fauna Web, Musa coccinea species record",A,government_species_database,nparks.gov.sg,en,Inflorescence Type | Panicle,76ac8ac2ece1186253fc18203886f8a8d52984c42589294b4ec6acb45a75e465,af48a5db8c8995b44bc6410fd7afcef10f8ace403680b190f79ae51ef6e772c0,accepted_name_exact,species_level_record_not_cultivar_limited,accept,True,True,True,False,,"Exact accepted species identity, exact source statement, trait-specific mapping, source URL and retrieved-content hash rechecked; no cultivar, family inference, cross-trait substitution or global fallback.",Codex exact-field source-backed audit,2026-08-11T06:16:10Z
8359f670d3555b64d69d11a3,Musa gracilis,flower_primary_color,blue_purple|green_brown_inconspicuous|white,https://www.nparks.gov.sg/florafaunaweb/flora/5/4/5483,NParks | Musa gracilis,"National Parks Board Singapore, Flora & Fauna Web, Musa gracilis species record",A,government_species_database,nparks.gov.sg,en,"Flower Colour(s) | Green, Purple, White",a86710b394f805ec6f27c9275e72097243f888c88a86e78a313893b904d232b6,11b647f33feeee29545ed2e5b89d159c2cfbba9bce1a5997ac74eed1f95b6df2,accepted_name_exact,species_level_record_not_cultivar_limited,accept,True,True,True,False,,"Exact accepted species identity, exact source statement, trait-specific mapping, source URL and retrieved-content hash rechecked; no cultivar, family inference, cross-trait substitution or global fallback.",Codex exact-field source-backed audit,2026-08-11T06:16:10Z
513c0e0f0ec139f83caa4ac0,Musa ornata,inflorescence_display,raceme_spike_panicle,https://www.nparks.gov.sg/florafaunaweb/flora/2/2/2245,NParks | Musa ornata,"National Parks Board Singapore, Flora & Fauna Web, Musa ornata species record",A,government_species_database,nparks.gov.sg,en,Inflorescence Type | Panicle,76ac8ac2ece1186253fc18203886f8a8d52984c42589294b4ec6acb45a75e465,30f981ae8186049305a68c6c43347528f866dc2d504b6f142ac617eb164cde0b,accepted_name_exact,species_level_record_not_cultivar_limited,accept,True,True,True,False,,"Exact accepted species identity, exact source statement, trait-specific mapping, source URL and retrieved-content hash rechecked; no cultivar, family inference, cross-trait substitution or global fallback.",Codex exact-field source-backed audit,2026-08-11T06:16:10Z
cf350dc0cda00e4a1df414b6,Musa velutina,floral_form,tubular,https://www.nparks.gov.sg/florafaunaweb/flora/2/2/2248,NParks | Musa velutina H Wendl & Drude,"National Parks Board Singapore, Flora & Fauna Web, Musa velutina species record",A,government_species_database,nparks.gov.sg,en,Individual Flower Shape | Tubular,390fc3367067a4da3172b8e10f028ebec91e0c36e9a77d718678e258d6b2cd80,4818f128ea69fec28b34b3b7aeb47b9128dc1083457e5fd82d9bf77fcadb326d,accepted_name_exact,species_level_record_not_cultivar_limited,accept,True,True,True,False,,"Exact accepted species identity, exact source statement, trait-specific mapping, source URL and retrieved-content hash rechecked; no cultivar, family inference, cross-trait substitution or global fallback.",Codex exact-field source-backed audit,2026-08-11T06:16:10Z
01143269cf4d42e080bc7e74,Musa velutina,floral_symmetry,actinomorphic,https://www.nparks.gov.sg/florafaunaweb/flora/2/2/2248,NParks | Musa velutina H Wendl & Drude,"National Parks Board Singapore, Flora & Fauna Web, Musa velutina species record",A,government_species_database,nparks.gov.sg,en,Flower Symmetry | Radial,c4f9c05d0ba932a8aba9e885adf2f36e3484b9a7690bcb0902908ae881af7d61,38f569c0d8a2dc79a2a869b6d8aa2c21c2dfe61eb75d14ba5938f05c17946bf2,accepted_name_exact,species_level_record_not_cultivar_limited,accept,True,True,True,False,,"Exact accepted species identity, exact source statement, trait-specific mapping, source URL and retrieved-content hash rechecked; no cultivar, family inference, cross-trait substitution or global fallback.",Codex exact-field source-backed audit,2026-08-11T06:16:10Z
87ff52fa67457fe5b1504c91,Myristica cinnamomea,floral_symmetry,actinomorphic,https://www.nparks.gov.sg/florafaunaweb/flora/6/2/6289,NParks | Myristica cinnamomea,"National Parks Board Singapore, Flora & Fauna Web, Myristica cinnamomea species record",A,government_species_database,nparks.gov.sg,en,Flower Symmetry | Radial,c4f9c05d0ba932a8aba9e885adf2f36e3484b9a7690bcb0902908ae881af7d61,6b61dd9eb2a79b1c61b9abb7fd1aa127bd5f834513086d73987502b8146928cb,accepted_name_exact,species_level_record_not_cultivar_limited,accept,True,True,True,False,,"Exact accepted species identity, exact source statement, trait-specific mapping, source URL and retrieved-content hash rechecked; no cultivar, family inference, cross-trait substitution or global fallback.",Codex exact-field source-backed audit,2026-08-11T06:16:10Z
680b1a822ee53f65e14a9058,Myristica cinnamomea,flower_primary_color,green_brown_inconspicuous|red_pink|yellow_orange,https://www.nparks.gov.sg/florafaunaweb/flora/6/2/6289,NParks | Myristica cinnamomea,"National Parks Board Singapore, Flora & Fauna Web, Myristica cinnamomea species record",A,government_species_database,nparks.gov.sg,en,"Flower Colour(s) | Yellow / Golden, Red, Green",69c1e127052f6a1e03f03aa9925d8854c316dab4d6d6198571a72618bfd391c0,01158d9268df3bfda9a3c8e8f038cb4fe55ba81fda428031f24d4f649120517c,accepted_name_exact,species_level_record_not_cultivar_limited,accept,True,True,True,False,,"Exact accepted species identity, exact source statement, trait-specific mapping, source URL and retrieved-content hash rechecked; no cultivar, family inference, cross-trait substitution or global fallback.",Codex exact-field source-backed audit,2026-08-11T06:16:10Z
fe73c616627be745107d22c3,Nepenthes ampullaria,floral_symmetry,actinomorphic,https://www.nparks.gov.sg/florafaunaweb/flora/3/4/3438,NParks | Nepenthes ampullaria,"National Parks Board Singapore, Flora & Fauna Web, Nepenthes ampullaria species record",A,government_species_database,nparks.gov.sg,en,Flower Symmetry | Radial,c4f9c05d0ba932a8aba9e885adf2f36e3484b9a7690bcb0902908ae881af7d61,41108f081a026ecade26f1aff9e1f3391e41d82a4d8c393e1331d070ab47e19b,accepted_name_exact,species_level_record_not_cultivar_limited,accept,True,True,True,False,,"Exact accepted species identity, exact source statement, trait-specific mapping, source URL and retrieved-content hash rechecked; no cultivar, family inference, cross-trait substitution or global fallback.",Codex exact-field source-backed audit,2026-08-11T06:16:10Z
28b8fc810e79e845bd2cfa3c,Nepenthes ampullaria,flower_primary_color,green_brown_inconspicuous,https://www.nparks.gov.sg/florafaunaweb/flora/3/4/3438,NParks | Nepenthes ampullaria,"National Parks Board Singapore, Flora & Fauna Web, Nepenthes ampullaria species record",A,government_species_database,nparks.gov.sg,en,Flower Colour(s) | Green,a8bce67bf1893fa0773975510b5604f00427aa8e963de14aa1e33f33fd5b68ce,68d089ac7630477082a3b3c66d15c5921e8da646b1320b4bd6f7ee6d4def3cc2,accepted_name_exact,species_level_record_not_cultivar_limited,accept,True,True,True,False,,"Exact accepted species identity, exact source statement, trait-specific mapping, source URL and retrieved-content hash rechecked; no cultivar, family inference, cross-trait substitution or global fallback.",Codex exact-field source-backed audit,2026-08-11T06:16:10Z
2ea697c5ed4d44cccb67f8dc,Nepenthes gracilis,inflorescence_display,raceme_spike_panicle,https://www.nparks.gov.sg/florafaunaweb/flora/1/4/1458,NParks | Nepenthes gracilis,"National Parks Board Singapore, Flora & Fauna Web, Nepenthes gracilis species record",A,government_species_database,nparks.gov.sg,en,Inflorescence Type | Raceme,d0c6117f473a92ab90e0b1ed46317ee5471a43a71c960276592236864a57971d,0e91b14e187c0b82e833fd8630748618cd23bbb1ac0c34a375ead83813acc191,accepted_name_exact,species_level_record_not_cultivar_limited,accept,True,True,True,False,,"Exact accepted species identity, exact source statement, trait-specific mapping, source URL and retrieved-content hash rechecked; no cultivar, family inference, cross-trait substitution or global fallback.",Codex exact-field source-backed audit,2026-08-11T06:16:10Z
d663aac988edfc57f1cf7c98,Nepenthes rafflesiana,inflorescence_display,raceme_spike_panicle,https://www.nparks.gov.sg/florafaunaweb/flora/1/4/1459,NParks | Nepenthes rafflesiana,"National Parks Board Singapore, Flora & Fauna Web, Nepenthes rafflesiana species record",A,government_species_database,nparks.gov.sg,en,Inflorescence Type | Raceme,d0c6117f473a92ab90e0b1ed46317ee5471a43a71c960276592236864a57971d,09f7ecb879d3fe1808d43db673cab11e1dbb9e5411986e7f9fba48f199913fc6,accepted_name_exact,species_level_record_not_cultivar_limited,accept,True,True,True,False,,"Exact accepted species identity, exact source statement, trait-specific mapping, source URL and retrieved-content hash rechecked; no cultivar, family inference, cross-trait substitution or global fallback.",Codex exact-field source-backed audit,2026-08-11T06:16:10Z
324622c312b2982c965a94aa,Nepenthes truncata,flower_primary_color,green_brown_inconspicuous,https://www.nparks.gov.sg/florafaunaweb/flora/6/9/6987,NParks | Nepenthes truncata,"National Parks Board Singapore, Flora & Fauna Web, Nepenthes truncata species record",A,government_species_database,nparks.gov.sg,en,Flower Colour(s) | Green - Light Green,9d1ae52d801ea56a1f251edadde53b6a172814e73170a02c5564e36f031006f9,3d26c911dd1bf717f4eacbe09e00b2e1fccb7ba55eb7b7e8f339d1623d7fe143,accepted_name_exact,species_level_record_not_cultivar_limited,accept,True,True,True,False,,"Exact accepted species identity, exact source statement, trait-specific mapping, source URL and retrieved-content hash rechecked; no cultivar, family inference, cross-trait substitution or global fallback.",Codex exact-field source-backed audit,2026-08-11T06:16:10Z
41a4d99b534b80c31db569aa,Palaquium gutta,flower_primary_color,white,https://www.nparks.gov.sg/florafaunaweb/flora/3/2/3288,NParks | Palaquium gutta,"National Parks Board Singapore, Flora & Fauna Web, Palaquium gutta species record",A,government_species_database,nparks.gov.sg,en,Flower Colour(s) | Cream / Off-White,bdf5aaa2749947cb1b942465f9b4dfef2e70c27aa196501d27f509d0b3c37e3f,8a50904c8ce90f670b321df8438195d17b489c368bb516a8f983449ac5b9cfcb,accepted_name_exact,species_level_record_not_cultivar_limited,accept,True,True,True,False,,"Exact accepted species identity, exact source statement, trait-specific mapping, source URL and retrieved-content hash rechecked; no cultivar, family inference, cross-trait substitution or global fallback.",Codex exact-field source-backed audit,2026-08-11T06:16:10Z
b87b82c41b66d4b9556a1b9f,Palaquium obovatum,flower_primary_color,green_brown_inconspicuous|white,https://www.nparks.gov.sg/florafaunaweb/flora/3/0/3048,NParks | Palaquium obovatum var obovatum,"National Parks Board Singapore, Flora & Fauna Web, Palaquium obovatum species record",A,government_species_database,nparks.gov.sg,en,"Flower Colour(s) | Brown, Cream / Off-White",d1a86d80a4370ddbf0d988c83cbea67529429f4294be9a365e33505333fe9e63,1cb2f17b2636e3d2fb3152e3a5babd30bcaa1ac19ec5caa9080160d5cf500e89,accepted_name_exact,species_level_record_not_cultivar_limited,accept,True,True,True,False,,"Exact accepted species identity, exact source statement, trait-specific mapping, source URL and retrieved-content hash rechecked; no cultivar, family inference, cross-trait substitution or global fallback.",Codex exact-field source-backed audit,2026-08-11T06:16:10Z
fdc4721ba168805b030bf0eb,Palaquium oxleyanum,flower_primary_color,green_brown_inconspicuous|yellow_orange,https://www.nparks.gov.sg/florafaunaweb/flora/3/0/3049,NParks | Palaquium oxleyanum,"National Parks Board Singapore, Flora & Fauna Web, Palaquium oxleyanum species record",A,government_species_database,nparks.gov.sg,en,"Flower Colour(s) | Green, Yellow / Golden",2bb665582b5e91f0442085cdb8645a38945add2ea6e0fd0658fc8121ae86a71f,e31ef121dfd22f3be9c3ca6a6052feb825e3de60f52eea3229d1595d5195cc7a,accepted_name_exact,species_level_record_not_cultivar_limited,accept,True,True,True,False,,"Exact accepted species identity, exact source statement, trait-specific mapping, source URL and retrieved-content hash rechecked; no cultivar, family inference, cross-trait substitution or global fallback.",Codex exact-field source-backed audit,2026-08-11T06:16:10Z
a42d7722e51ef506a63a78da,Pinanga bicolana,inflorescence_display,raceme_spike_panicle,https://www.nparks.gov.sg/florafaunaweb/flora/5/3/5320,NParks | Pinanga bicolana,"National Parks Board Singapore, Flora & Fauna Web, Pinanga bicolana species record",A,government_species_database,nparks.gov.sg,en,Inflorescence Type | Panicle,76ac8ac2ece1186253fc18203886f8a8d52984c42589294b4ec6acb45a75e465,1ad39ecea45673573ffe58fe203f594957d39005a2166c718eec16139cdcf27c,accepted_name_exact,species_level_record_not_cultivar_limited,accept,True,True,True,False,,"Exact accepted species identity, exact source statement, trait-specific mapping, source URL and retrieved-content hash rechecked; no cultivar, family inference, cross-trait substitution or global fallback.",Codex exact-field source-backed audit,2026-08-11T06:16:10Z
858ccb381a36d073667f0927,Pinanga caesia,floral_form,bell_campanulate,https://www.nparks.gov.sg/florafaunaweb/flora/4/5/4558,NParks | Pinanga caesia,"National Parks Board Singapore, Flora & Fauna Web, Pinanga caesia species record",A,government_species_database,nparks.gov.sg,en,Individual Flower Shape | Campaulate / Bell-shaped,9ea6323e171f8512593f87a6d6f14fe7addf530a002752d62d787f09b581e2ab,439127908d4ab72ed1f7b309be247087dafffb8fec4602bd79c6cb541e410670,accepted_name_exact,species_level_record_not_cultivar_limited,accept,True,True,True,False,,"Exact accepted species identity, exact source statement, trait-specific mapping, source URL and retrieved-content hash rechecked; no cultivar, family inference, cross-trait substitution or global fallback.",Codex exact-field source-backed audit,2026-08-11T06:16:10Z
879166386659ae8d7daa9590,Pinanga caesia,floral_symmetry,actinomorphic,https://www.nparks.gov.sg/florafaunaweb/flora/4/5/4558,NParks | Pinanga caesia,"National Parks Board Singapore, Flora & Fauna Web, Pinanga caesia species record",A,government_species_database,nparks.gov.sg,en,Flower Symmetry | Radial,c4f9c05d0ba932a8aba9e885adf2f36e3484b9a7690bcb0902908ae881af7d61,1050cdb1e5601f1d2fd15b33f5d471708f5776c4d252c96de636ab9c09418a33,accepted_name_exact,species_level_record_not_cultivar_limited,accept,True,True,True,False,,"Exact accepted species identity, exact source statement, trait-specific mapping, source URL and retrieved-content hash rechecked; no cultivar, family inference, cross-trait substitution or global fallback.",Codex exact-field source-backed audit,2026-08-11T06:16:10Z
7514a0ba14d2fb5dc8e2eb64,Pinanga caesia,flower_primary_color,red_pink,https://www.nparks.gov.sg/florafaunaweb/flora/4/5/4558,NParks | Pinanga caesia,"National Parks Board Singapore, Flora & Fauna Web, Pinanga caesia species record",A,government_species_database,nparks.gov.sg,en,Flower Colour(s) | Pink,7269bb02b7f2a616532b7451bc4cbb39bf41032805df589ba7f6c404a7423d99,def579f8f7b4edb3b87d9eadb676ad1b56981678585b12c18ecda2a36cf33e65,accepted_name_exact,species_level_record_not_cultivar_limited,accept,True,True,True,False,,"Exact accepted species identity, exact source statement, trait-specific mapping, source URL and retrieved-content hash rechecked; no cultivar, family inference, cross-trait substitution or global fallback.",Codex exact-field source-backed audit,2026-08-11T06:16:10Z
2b5876f598149c46d906346f,Pinanga coronata,inflorescence_display,raceme_spike_panicle,https://www.nparks.gov.sg/florafaunaweb/flora/2/6/2668,NParks | Pinanga coronata,"National Parks Board Singapore, Flora & Fauna Web, Pinanga coronata species record",A,government_species_database,nparks.gov.sg,en,Inflorescence Type | Panicle,76ac8ac2ece1186253fc18203886f8a8d52984c42589294b4ec6acb45a75e465,76e1ea55c1b5191a65481127a5dbeaa2487ca2530db7a42fd18b10a0ac3ebd79,accepted_name_exact,species_level_record_not_cultivar_limited,accept,True,True,True,False,,"Exact accepted species identity, exact source statement, trait-specific mapping, source URL and retrieved-content hash rechecked; no cultivar, family inference, cross-trait substitution or global fallback.",Codex exact-field source-backed audit,2026-08-11T06:16:10Z
ce1922c8e2080d9c1f7e7f21,Pinanga simplicifrons,flower_primary_color,white,https://www.nparks.gov.sg/florafaunaweb/flora/5/0/5012,NParks | Pinanga simplicifrons,"National Parks Board Singapore, Flora & Fauna Web, Pinanga simplicifrons species record",A,government_species_database,nparks.gov.sg,en,Flower Colour(s) | Cream / Off-White,bdf5aaa2749947cb1b942465f9b4dfef2e70c27aa196501d27f509d0b3c37e3f,de6ed1ddac9975b8423109e3a981d571050dca15f38bcbf43d3ede79de57e8a3,accepted_name_exact,species_level_record_not_cultivar_limited,accept,True,True,True,False,,"Exact accepted species identity, exact source statement, trait-specific mapping, source URL and retrieved-content hash rechecked; no cultivar, family inference, cross-trait substitution or global fallback.",Codex exact-field source-backed audit,2026-08-11T06:16:10Z
91fbc8d72a4fac22ed35b45e,Pipturus argenteus,flower_primary_color,white,https://www.nparks.gov.sg/florafaunaweb/flora/8/2/8220,NParks | Pipturus argenteus,"National Parks Board Singapore, Flora & Fauna Web, Pipturus argenteus species record",A,government_species_database,nparks.gov.sg,en,Flower Colour(s) | White,46c0b058e415696f46937b7cda2376b0eaf199524dcd77215caa7f4f447efe06,3a52b29f3fa9fa40830d7bb3a18b3a95eea65f47cf3aa084f3832d38495e339b,accepted_name_exact,species_level_record_not_cultivar_limited,accept,True,True,True,False,,"Exact accepted species identity, exact source statement, trait-specific mapping, source URL and retrieved-content hash rechecked; no cultivar, family inference, cross-trait substitution or global fallback.",Codex exact-field source-backed audit,2026-08-11T06:16:10Z
51f755e116ae2b38c838b9e4,Sterculia cordata,floral_form,bell_campanulate,https://www.nparks.gov.sg/florafaunaweb/flora/3/7/3728,NParks | Sterculia cordata,"National Parks Board Singapore, Flora & Fauna Web, Sterculia cordata species record",A,government_species_database,nparks.gov.sg,en,Individual Flower Shape | Campaulate / Bell-shaped,9ea6323e171f8512593f87a6d6f14fe7addf530a002752d62d787f09b581e2ab,e524d6da3e08f137463eaba58d01d8a2c9f3f7f06e3682e736faabf1c2105eeb,accepted_name_exact,species_level_record_not_cultivar_limited,accept,True,True,True,False,,"Exact accepted species identity, exact source statement, trait-specific mapping, source URL and retrieved-content hash rechecked; no cultivar, family inference, cross-trait substitution or global fallback.",Codex exact-field source-backed audit,2026-08-11T06:16:10Z
e83f3b3f629985cf9842aa92,Sterculia cordata,floral_symmetry,actinomorphic,https://www.nparks.gov.sg/florafaunaweb/flora/3/7/3728,NParks | Sterculia cordata,"National Parks Board Singapore, Flora & Fauna Web, Sterculia cordata species record",A,government_species_database,nparks.gov.sg,en,Flower Symmetry | Radial,c4f9c05d0ba932a8aba9e885adf2f36e3484b9a7690bcb0902908ae881af7d61,76102838550a3afc17d0eb0aceaf7f62902ab1eaf4871c891a35df85b04c66a3,accepted_name_exact,species_level_record_not_cultivar_limited,accept,True,True,True,False,,"Exact accepted species identity, exact source statement, trait-specific mapping, source URL and retrieved-content hash rechecked; no cultivar, family inference, cross-trait substitution or global fallback.",Codex exact-field source-backed audit,2026-08-11T06:16:10Z
3e214e55773ffcb705aa3755,Sterculia cordata,flower_primary_color,red_pink|yellow_orange,https://www.nparks.gov.sg/florafaunaweb/flora/3/7/3728,NParks | Sterculia cordata,"National Parks Board Singapore, Flora & Fauna Web, Sterculia cordata species record",A,government_species_database,nparks.gov.sg,en,"Flower Colour(s) | Red, Orange, Pink",d1ddf50cae7652f91eac18bd1d4c072741eb244b5c6209256041438c2f10489d,132ef1d87ed23bb87a853d06b5c7e4f564d6143b75021ff413a5752cc9a6dcc6,accepted_name_exact,species_level_record_not_cultivar_limited,accept,True,True,True,False,,"Exact accepted species identity, exact source statement, trait-specific mapping, source URL and retrieved-content hash rechecked; no cultivar, family inference, cross-trait substitution or global fallback.",Codex exact-field source-backed audit,2026-08-11T06:16:10Z
f65bdb453a82813268cb363f,Sterculia cordata,inflorescence_display,raceme_spike_panicle,https://www.nparks.gov.sg/florafaunaweb/flora/3/7/3728,NParks | Sterculia cordata,"National Parks Board Singapore, Flora & Fauna Web, Sterculia cordata species record",A,government_species_database,nparks.gov.sg,en,Inflorescence Type | Panicle,76ac8ac2ece1186253fc18203886f8a8d52984c42589294b4ec6acb45a75e465,9d4807ca1be34a73951511bb5ac0d3e0f301bc2de7df3148ce02c0d9266e873a,accepted_name_exact,species_level_record_not_cultivar_limited,accept,True,True,True,False,,"Exact accepted species identity, exact source statement, trait-specific mapping, source URL and retrieved-content hash rechecked; no cultivar, family inference, cross-trait substitution or global fallback.",Codex exact-field source-backed audit,2026-08-11T06:16:10Z
cc8b721c3eabceda3db00c70,Sterculia foetida,floral_symmetry,actinomorphic,https://www.nparks.gov.sg/florafaunaweb/flora/3/1/3137,NParks | Sterculia foetida,"National Parks Board Singapore, Flora & Fauna Web, Sterculia foetida species record",A,government_species_database,nparks.gov.sg,en,Flower Symmetry | Radial,c4f9c05d0ba932a8aba9e885adf2f36e3484b9a7690bcb0902908ae881af7d61,6912702d5dd5bf1072eaa0dfe89fac14871f8ea8155e297734b428a2ad2fc046,accepted_name_exact,species_level_record_not_cultivar_limited,accept,True,True,True,False,,"Exact accepted species identity, exact source statement, trait-specific mapping, source URL and retrieved-content hash rechecked; no cultivar, family inference, cross-trait substitution or global fallback.",Codex exact-field source-backed audit,2026-08-11T06:16:10Z
a240cb52f268d6277458330f,Sterculia megistophylla,flower_primary_color,red_pink,https://www.nparks.gov.sg/florafaunaweb/flora/5/6/5664,NParks | Sterculia megistophylla,"National Parks Board Singapore, Flora & Fauna Web, Sterculia megistophylla species record",A,government_species_database,nparks.gov.sg,en,Flower Colour(s) | Pink,7269bb02b7f2a616532b7451bc4cbb39bf41032805df589ba7f6c404a7423d99,dcf79bb6a1f1a8de2e908aa29082244b13ca4a0684fd5f650e30a7ec2036429d,accepted_name_exact,species_level_record_not_cultivar_limited,accept,True,True,True,False,,"Exact accepted species identity, exact source statement, trait-specific mapping, source URL and retrieved-content hash rechecked; no cultivar, family inference, cross-trait substitution or global fallback.",Codex exact-field source-backed audit,2026-08-11T06:16:10Z
127b2fa189d6099e1d2acd86,Sterculia megistophylla,inflorescence_display,raceme_spike_panicle,https://www.nparks.gov.sg/florafaunaweb/flora/5/6/5664,NParks | Sterculia megistophylla,"National Parks Board Singapore, Flora & Fauna Web, Sterculia megistophylla species record",A,government_species_database,nparks.gov.sg,en,"Inflorescence Type | Raceme, Panicle",0e7036e1420b29b4bb53584442f4f2dc9e30d01b6c1f8bce46628fb6ed4ce2be,734a7fc1d68dc95cab915e14bbdd5e2422729c08bf4faaabacbbda5766fb9a53,accepted_name_exact,species_level_record_not_cultivar_limited,accept,True,True,True,False,,"Exact accepted species identity, exact source statement, trait-specific mapping, source URL and retrieved-content hash rechecked; no cultivar, family inference, cross-trait substitution or global fallback.",Codex exact-field source-backed audit,2026-08-11T06:16:10Z
14cf32425a923f8b8d0b03e7,Sterculia monosperma,floral_symmetry,actinomorphic,https://www.nparks.gov.sg/florafaunaweb/flora/3/1/3139,NParks | Sterculia monosperma,"National Parks Board Singapore, Flora & Fauna Web, Sterculia monosperma species record",A,government_species_database,nparks.gov.sg,en,Flower Symmetry | Radial,c4f9c05d0ba932a8aba9e885adf2f36e3484b9a7690bcb0902908ae881af7d61,dc4c43ab4bca7c063e3aec9382af975504a829c1fd50a46947bf4e2a06cdc8f7,accepted_name_exact,species_level_record_not_cultivar_limited,accept,True,True,True,False,,"Exact accepted species identity, exact source statement, trait-specific mapping, source URL and retrieved-content hash rechecked; no cultivar, family inference, cross-trait substitution or global fallback.",Codex exact-field source-backed audit,2026-08-11T06:16:10Z
24e4f2e39aba81d9713d1d48,Sterculia oblongata,floral_form,urn_urceolate,https://www.nparks.gov.sg/florafaunaweb/flora/3/1/3140,NParks | Sterculia oblongata,"National Parks Board Singapore, Flora & Fauna Web, Sterculia oblongata species record",A,government_species_database,nparks.gov.sg,en,Individual Flower Shape | Urceolate / Urn-shaped,118f9456da928589c44006ab2aacbdc1d59f40b7670ee18dc400116f580ead9d,69c02441d668a913fec20c3d8bc73ffc83a3fcfb7d135af1e6a014f4560ed5c3,accepted_name_exact,species_level_record_not_cultivar_limited,accept,True,True,True,False,,"Exact accepted species identity, exact source statement, trait-specific mapping, source URL and retrieved-content hash rechecked; no cultivar, family inference, cross-trait substitution or global fallback.",Codex exact-field source-backed audit,2026-08-11T06:16:10Z
7582b0e427f642e10a4b1d5d,Sterculia oblongata,floral_symmetry,actinomorphic,https://www.nparks.gov.sg/florafaunaweb/flora/3/1/3140,NParks | Sterculia oblongata,"National Parks Board Singapore, Flora & Fauna Web, Sterculia oblongata species record",A,government_species_database,nparks.gov.sg,en,Flower Symmetry | Radial,c4f9c05d0ba932a8aba9e885adf2f36e3484b9a7690bcb0902908ae881af7d61,b81b5ca332571d9043bb630a1c4844307c82d81067f9f930bfff0c45bee29bf3,accepted_name_exact,species_level_record_not_cultivar_limited,accept,True,True,True,False,,"Exact accepted species identity, exact source statement, trait-specific mapping, source URL and retrieved-content hash rechecked; no cultivar, family inference, cross-trait substitution or global fallback.",Codex exact-field source-backed audit,2026-08-11T06:16:10Z
97aec95972062b5b76b0d52c,Sterculia oblongata,flower_primary_color,red_pink|yellow_orange,https://www.nparks.gov.sg/florafaunaweb/flora/3/1/3140,NParks | Sterculia oblongata,"National Parks Board Singapore, Flora & Fauna Web, Sterculia oblongata species record",A,government_species_database,nparks.gov.sg,en,"Flower Colour(s) | Pink, Red, Yellow / Golden",ca9ac991e6ce31a26d6d45552cba3ebfe0631da081fce1ca783ecc6c258a9516,811c90a27311e5dd15c8b1fad5e2174b039e260bb56d995bae4ef15b8d368f86,accepted_name_exact,species_level_record_not_cultivar_limited,accept,True,True,True,False,,"Exact accepted species identity, exact source statement, trait-specific mapping, source URL and retrieved-content hash rechecked; no cultivar, family inference, cross-trait substitution or global fallback.",Codex exact-field source-backed audit,2026-08-11T06:16:10Z
e2bca367e07d430a760d7ba4,Sterculia oblongata,inflorescence_display,raceme_spike_panicle,https://www.nparks.gov.sg/florafaunaweb/flora/3/1/3140,NParks | Sterculia oblongata,"National Parks Board Singapore, Flora & Fauna Web, Sterculia oblongata species record",A,government_species_database,nparks.gov.sg,en,Inflorescence Type | Panicle,76ac8ac2ece1186253fc18203886f8a8d52984c42589294b4ec6acb45a75e465,ec7c23e33813956e910e2f963adbf845a86be26cae91113f53fc99289115657e,accepted_name_exact,species_level_record_not_cultivar_limited,accept,True,True,True,False,,"Exact accepted species identity, exact source statement, trait-specific mapping, source URL and retrieved-content hash rechecked; no cultivar, family inference, cross-trait substitution or global fallback.",Codex exact-field source-backed audit,2026-08-11T06:16:10Z
b4a04ea3ddf07226a8c3e68d,Sterculia parviflora,flower_primary_color,red_pink|yellow_orange,https://www.nparks.gov.sg/florafaunaweb/flora/3/1/3141,NParks | Sterculia parviflora,"National Parks Board Singapore, Flora & Fauna Web, Sterculia parviflora species record",A,government_species_database,nparks.gov.sg,en,"Flower Colour(s) | Pink, Yellow / Golden",a562a4a78d049a08f6ebdeeaac91c31d27e7594852e6b0f4c37c3e230f8a1b11,5fdb2101357a9151e7a02d1e5eed441effd7d6e8e6940c6d46b6213614bbd44e,accepted_name_exact,species_level_record_not_cultivar_limited,accept,True,True,True,False,,"Exact accepted species identity, exact source statement, trait-specific mapping, source URL and retrieved-content hash rechecked; no cultivar, family inference, cross-trait substitution or global fallback.",Codex exact-field source-backed audit,2026-08-11T06:16:10Z
59ebd8051d30f48e291db588,Sterculia parviflora,inflorescence_display,raceme_spike_panicle,https://www.nparks.gov.sg/florafaunaweb/flora/3/1/3141,NParks | Sterculia parviflora,"National Parks Board Singapore, Flora & Fauna Web, Sterculia parviflora species record",A,government_species_database,nparks.gov.sg,en,Inflorescence Type | Raceme,d0c6117f473a92ab90e0b1ed46317ee5471a43a71c960276592236864a57971d,88cd1cb0468a26e8dea5cf72650df15e7d37ea708445a31eba8eec07c0b1774d,accepted_name_exact,species_level_record_not_cultivar_limited,accept,True,True,True,False,,"Exact accepted species identity, exact source statement, trait-specific mapping, source URL and retrieved-content hash rechecked; no cultivar, family inference, cross-trait substitution or global fallback.",Codex exact-field source-backed audit,2026-08-11T06:16:10Z
112c58fa3117d5fcdda92985,Sterculia rubiginosa,floral_symmetry,actinomorphic,https://www.nparks.gov.sg/florafaunaweb/flora/3/1/3142,NParks | Sterculia rubiginosa,"National Parks Board Singapore, Flora & Fauna Web, Sterculia rubiginosa species record",A,government_species_database,nparks.gov.sg,en,Flower Symmetry | Radial,c4f9c05d0ba932a8aba9e885adf2f36e3484b9a7690bcb0902908ae881af7d61,4bd7a553e5cd7dc8aa73db4524508cfe0ba800bbe2943fff811909d12fbe5f03,accepted_name_exact,species_level_record_not_cultivar_limited,accept,True,True,True,False,,"Exact accepted species identity, exact source statement, trait-specific mapping, source URL and retrieved-content hash rechecked; no cultivar, family inference, cross-trait substitution or global fallback.",Codex exact-field source-backed audit,2026-08-11T06:16:10Z
7ea9d716ccdc1d3884f514c8,Sterculia rubiginosa,flower_primary_color,red_pink|white,https://www.nparks.gov.sg/florafaunaweb/flora/3/1/3142,NParks | Sterculia rubiginosa,"National Parks Board Singapore, Flora & Fauna Web, Sterculia rubiginosa species record",A,government_species_database,nparks.gov.sg,en,"Flower Colour(s) | Cream / Off-White, Pink, White",28d5d019a972ab7b27d48eb8a0b8a1f1559140cb31836effdd223b6e5c196493,2f027dfd89325029fdffd5d8252ba5e3483e6e3497f110354a4564e7343614f3,accepted_name_exact,species_level_record_not_cultivar_limited,accept,True,True,True,False,,"Exact accepted species identity, exact source statement, trait-specific mapping, source URL and retrieved-content hash rechecked; no cultivar, family inference, cross-trait substitution or global fallback.",Codex exact-field source-backed audit,2026-08-11T06:16:10Z
55f8444fab8e0e146be71748,Sterculia stipulata,flower_primary_color,red_pink,https://www.nparks.gov.sg/florafaunaweb/flora/3/1/3143,NParks | Sterculia stipulata,"National Parks Board Singapore, Flora & Fauna Web, Sterculia stipulata species record",A,government_species_database,nparks.gov.sg,en,"Flower Colour(s) | Pink, Red",79f53a63f6477e56d7f11b1b348efd269bbe12602e5c7094656c115ed48cc9c9,da6a4480bf0ae27b2f958883907dadb05de9fe2890f825e563875c1a1fa16e1f,accepted_name_exact,species_level_record_not_cultivar_limited,accept,True,True,True,False,,"Exact accepted species identity, exact source statement, trait-specific mapping, source URL and retrieved-content hash rechecked; no cultivar, family inference, cross-trait substitution or global fallback.",Codex exact-field source-backed audit,2026-08-11T06:16:10Z
ffba5f6d372d5fc960fff216,Aglaonema commutatum,flower_primary_color,green_brown_inconspicuous|white,https://www.nparks.gov.sg/florafaunaweb/flora/1/6/1611,NParks | Aglaonema commutatum,"National Parks Board Singapore, Flora & Fauna Web, Aglaonema commutatum species record",A,government_species_database,nparks.gov.sg,en,"Flower Colour(s) | Cream / Off-White, Green, White",468db8c11c6d66946104fbd1679caa3cf820a4ebd86c87c5f292f707872cdc6a,e1068c46da67f1d34f26a019ca415ce93d55c26a41979e781dbda2b3690f15b7,accepted_name_exact,species_level_record_not_cultivar_limited,accept,True,True,True,False,,"Exact accepted species identity, exact source statement, trait-specific mapping, source URL and retrieved-content hash rechecked; no cultivar, family inference, cross-trait substitution or global fallback.",Codex exact-field source-backed audit,2026-08-11T07:05:00Z
123cbe8fc4166f85d70e37b3,Aglaonema costatum,floral_symmetry,zygomorphic,https://www.nparks.gov.sg/florafaunaweb/flora/1/6/1614,NParks | Aglaonema costatum,"National Parks Board Singapore, Flora & Fauna Web, Aglaonema costatum species record",A,government_species_database,nparks.gov.sg,en,Flower Symmetry | Bilateral,cea4e639450960934446d0d30b41ddd63a191b143b5f40f85971eee9a23aa950,3ef4935ac49c7445a1aed078ca3fe744223c36d6849e7e6837a35f4974b08743,accepted_name_exact,species_level_record_not_cultivar_limited,accept,True,True,True,False,,"Exact accepted species identity, exact source statement, trait-specific mapping, source URL and retrieved-content hash rechecked; no cultivar, family inference, cross-trait substitution or global fallback.",Codex exact-field source-backed audit,2026-08-11T07:05:00Z
539e2cffba54574c78843315,Aglaonema nebulosum,flower_primary_color,white,https://www.nparks.gov.sg/florafaunaweb/flora/5/5/5566,NParks | Aglaonema nebulosum,"National Parks Board Singapore, Flora & Fauna Web, Aglaonema nebulosum species record",A,government_species_database,nparks.gov.sg,en,Flower Colour(s) | White,46c0b058e415696f46937b7cda2376b0eaf199524dcd77215caa7f4f447efe06,56907c43d58b6b2eb1f7991a3cf32e2cda9f582dd08984b0e926af94951a8ba5,accepted_name_exact,species_level_record_not_cultivar_limited,accept,True,True,True,False,,"Exact accepted species identity, exact source statement, trait-specific mapping, source URL and retrieved-content hash rechecked; no cultivar, family inference, cross-trait substitution or global fallback.",Codex exact-field source-backed audit,2026-08-11T07:05:00Z
6374e81e7f32b2d4916addea,Aglaonema nitidum,flower_primary_color,white,https://www.nparks.gov.sg/florafaunaweb/flora/1/6/1622,NParks | Aglaonema nitidum,"National Parks Board Singapore, Flora & Fauna Web, Aglaonema nitidum species record",A,government_species_database,nparks.gov.sg,en,Flower Colour(s) | Cream / Off-White,bdf5aaa2749947cb1b942465f9b4dfef2e70c27aa196501d27f509d0b3c37e3f,bf6709051d9bea079b16c81e8b7406fdc7c567fd95b5cb63597b86ae7272e203,accepted_name_exact,species_level_record_not_cultivar_limited,accept,True,True,True,False,,"Exact accepted species identity, exact source statement, trait-specific mapping, source URL and retrieved-content hash rechecked; no cultivar, family inference, cross-trait substitution or global fallback.",Codex exact-field source-backed audit,2026-08-11T07:05:00Z
f68e2ea8d44cbe4a63c2eb5f,Aglaonema simplex,flower_primary_color,white,https://www.nparks.gov.sg/florafaunaweb/flora/3/7/3740,NParks | Aglaonema simplex,"National Parks Board Singapore, Flora & Fauna Web, Aglaonema simplex species record",A,government_species_database,nparks.gov.sg,en,"Flower Colour(s) | Cream / Off-White, White",366d4673f773868e12310566bee36ecbfb6aa0ea8384f163b2aedbd02615aaf1,e73bd3bb4dc75913315fc6fd39ad382aa88f907f756ee27ab7870ee6084c3fd1,accepted_name_exact,species_level_record_not_cultivar_limited,accept,True,True,True,False,,"Exact accepted species identity, exact source statement, trait-specific mapping, source URL and retrieved-content hash rechecked; no cultivar, family inference, cross-trait substitution or global fallback.",Codex exact-field source-backed audit,2026-08-11T07:05:00Z
2140b3d8a39b42026273264e,Begonia bipinnatifida,flower_primary_color,red_pink,https://www.nparks.gov.sg/florafaunaweb/flora/6/6/6610,NParks | Begonia bipinnatifida,"National Parks Board Singapore, Flora & Fauna Web, Begonia bipinnatifida species record",A,government_species_database,nparks.gov.sg,en,Flower Colour(s) | Pink,7269bb02b7f2a616532b7451bc4cbb39bf41032805df589ba7f6c404a7423d99,cc7f9af9efbd3ec0c01a7f8fbb5a777df7a8a85f2aa87a69267f6237978fb24c,accepted_name_exact,species_level_record_not_cultivar_limited,accept,True,True,True,False,,"Exact accepted species identity, exact source statement, trait-specific mapping, source URL and retrieved-content hash rechecked; no cultivar, family inference, cross-trait substitution or global fallback.",Codex exact-field source-backed audit,2026-08-11T07:05:00Z
b88a50090e87e77a7244f29a,Begonia brevirimosa,flower_primary_color,red_pink,https://www.nparks.gov.sg/florafaunaweb/flora/5/4/5403,NParks | Begonia brevirimosa,"National Parks Board Singapore, Flora & Fauna Web, Begonia brevirimosa species record",A,government_species_database,nparks.gov.sg,en,Flower Colour(s) | Pink,7269bb02b7f2a616532b7451bc4cbb39bf41032805df589ba7f6c404a7423d99,6ac25264e41e6e59ff67828271f320a3ce487fd2f45bec7bd87d48014050970b,accepted_name_exact,species_level_record_not_cultivar_limited,accept,True,True,True,False,,"Exact accepted species identity, exact source statement, trait-specific mapping, source URL and retrieved-content hash rechecked; no cultivar, family inference, cross-trait substitution or global fallback.",Codex exact-field source-backed audit,2026-08-11T07:05:00Z
6b57fc921b3696dedb559087,Begonia chloroneura,flower_primary_color,red_pink|white,https://www.nparks.gov.sg/florafaunaweb/flora/5/6/5676,,"National Parks Board Singapore, Flora & Fauna Web, Begonia chloroneura species record",A,government_species_database,nparks.gov.sg,en,"Flower Colour(s) | Pink, Red, White",446d334e2c023f622dc9769feb629e61f6e038e2cf78c15ef418ecb79015f4b9,79da3f27b694de03da4c28b74f8761d1ba9a18b3ffa0b78e12ee807dd0e4d6eb,accepted_name_exact,species_level_record_not_cultivar_limited,accept,True,True,True,False,,"Exact accepted species identity, exact source statement, trait-specific mapping, source URL and retrieved-content hash rechecked; no cultivar, family inference, cross-trait substitution or global fallback.",Codex exact-field source-backed audit,2026-08-11T07:05:00Z
a0644f7e52a5af132ca100b2,Begonia chlorosticta,flower_primary_color,red_pink|white,https://www.nparks.gov.sg/florafaunaweb/flora/5/7/5707,NParks | Begonia chlorosticta,"National Parks Board Singapore, Flora & Fauna Web, Begonia chlorosticta species record",A,government_species_database,nparks.gov.sg,en,"Flower Colour(s) | Pink, White",cb1ce1530a17290edb498f69d103083e979aaa4178eaef73f9b9d9782287980a,4c461afb4c4a103cea9939e85b5f00bc667dcc82e6870bd6ebb395e14bb1afac,accepted_name_exact,species_level_record_not_cultivar_limited,accept,True,True,True,False,,"Exact accepted species identity, exact source statement, trait-specific mapping, source URL and retrieved-content hash rechecked; no cultivar, family inference, cross-trait substitution or global fallback.",Codex exact-field source-backed audit,2026-08-11T07:05:00Z
04bc6de26e40c0cf7eb2b03f,Begonia echinosepala,flower_primary_color,white,https://www.nparks.gov.sg/florafaunaweb/flora/7/0/7097,NParks | Begonia echinosepala,"National Parks Board Singapore, Flora & Fauna Web, Begonia echinosepala species record",A,government_species_database,nparks.gov.sg,en,Flower Colour(s) | White,46c0b058e415696f46937b7cda2376b0eaf199524dcd77215caa7f4f447efe06,1e7dcae00a45f8287ba5bc503ef9b550ae21aa817f2da55c839e54fc8bfce9cd,accepted_name_exact,species_level_record_not_cultivar_limited,accept,True,True,True,False,,"Exact accepted species identity, exact source statement, trait-specific mapping, source URL and retrieved-content hash rechecked; no cultivar, family inference, cross-trait substitution or global fallback.",Codex exact-field source-backed audit,2026-08-11T07:05:00Z
c8765b521dd30e7996f8f408,Begonia fuchsioides,flower_primary_color,red_pink,https://www.nparks.gov.sg/florafaunaweb/flora/5/5/5515,NParks | Begonia fuchsioides,"National Parks Board Singapore, Flora & Fauna Web, Begonia fuchsioides species record",A,government_species_database,nparks.gov.sg,en,"Flower Colour(s) | Pink, Red",79f53a63f6477e56d7f11b1b348efd269bbe12602e5c7094656c115ed48cc9c9,3a00872288adbb05223b2a632453a76d17ba8da5a5d2eccd3cf2f8fc76602a7d,accepted_name_exact,species_level_record_not_cultivar_limited,accept,True,True,True,False,,"Exact accepted species identity, exact source statement, trait-specific mapping, source URL and retrieved-content hash rechecked; no cultivar, family inference, cross-trait substitution or global fallback.",Codex exact-field source-backed audit,2026-08-11T07:05:00Z
c0b5b6b21205b81dcf00035d,Begonia isoptera,flower_primary_color,red_pink|white,https://www.nparks.gov.sg/florafaunaweb/flora/6/3/6375,NParks | Begonia isoptera,"National Parks Board Singapore, Flora & Fauna Web, Begonia isoptera species record",A,government_species_database,nparks.gov.sg,en,"Flower Colour(s) | Cream / Off-White, Red",fe1bbe2cc75a5215da397311086c4ea309a6f098fa0d3ca74973d756710d0ebd,98dca64f97ab59398ed487dfae155c991bf2a7a061c580ae5bf3cdcaa80e9685,accepted_name_exact,species_level_record_not_cultivar_limited,accept,True,True,True,False,,"Exact accepted species identity, exact source statement, trait-specific mapping, source URL and retrieved-content hash rechecked; no cultivar, family inference, cross-trait substitution or global fallback.",Codex exact-field source-backed audit,2026-08-11T07:05:00Z
fcb8e7df5f0765a51f8be022,Begonia luzonensis,flower_primary_color,red_pink|white,https://www.nparks.gov.sg/florafaunaweb/flora/5/4/5407,NParks | Begonia luzonensis,"National Parks Board Singapore, Flora & Fauna Web, Begonia luzonensis species record",A,government_species_database,nparks.gov.sg,en,"Flower Colour(s) | Pink, Red, White",446d334e2c023f622dc9769feb629e61f6e038e2cf78c15ef418ecb79015f4b9,dd0fe201be4e433ac50ceabd138d7e50fd67bb53142b12b50d34205a843c9c0e,accepted_name_exact,species_level_record_not_cultivar_limited,accept,True,True,True,False,,"Exact accepted species identity, exact source statement, trait-specific mapping, source URL and retrieved-content hash rechecked; no cultivar, family inference, cross-trait substitution or global fallback.",Codex exact-field source-backed audit,2026-08-11T07:05:00Z
b8e203c37a2935c3b9c0fe0a,Begonia malachosticta,flower_primary_color,green_brown_inconspicuous|red_pink|white,https://www.nparks.gov.sg/florafaunaweb/flora/7/1/7119,NParks | Begonia malachosticta,"National Parks Board Singapore, Flora & Fauna Web, Begonia malachosticta species record",A,government_species_database,nparks.gov.sg,en,"Flower Colour(s) | Green - Light Green, Pink, White",bf02b0b83e31491cf7c81730637cfd4b956576438bb4b15e9f07321058656895,757795e69270c416dc0ec8b9382bc932aceb2f0188d48e44ded2ba7f0d10b5ff,accepted_name_exact,species_level_record_not_cultivar_limited,accept,True,True,True,False,,"Exact accepted species identity, exact source statement, trait-specific mapping, source URL and retrieved-content hash rechecked; no cultivar, family inference, cross-trait substitution or global fallback.",Codex exact-field source-backed audit,2026-08-11T07:05:00Z
a02556c221aebda7c24e7c60,Begonia mazae,flower_primary_color,red_pink,https://www.nparks.gov.sg/florafaunaweb/flora/5/7/5722,NParks | Begonia mazae,"National Parks Board Singapore, Flora & Fauna Web, Begonia mazae species record",A,government_species_database,nparks.gov.sg,en,Flower Colour(s) | Pink,7269bb02b7f2a616532b7451bc4cbb39bf41032805df589ba7f6c404a7423d99,555075e6b67adbecacc55f1ee09565e880230f33c4688a4e2bbab6f43cbb1a1d,accepted_name_exact,species_level_record_not_cultivar_limited,accept,True,True,True,False,,"Exact accepted species identity, exact source statement, trait-specific mapping, source URL and retrieved-content hash rechecked; no cultivar, family inference, cross-trait substitution or global fallback.",Codex exact-field source-backed audit,2026-08-11T07:05:00Z
c3cb4b77db863485db788b16,Begonia rajah,flower_primary_color,red_pink|white,https://www.nparks.gov.sg/florafaunaweb/flora/6/0/6021,NParks | Begonia rajah,"National Parks Board Singapore, Flora & Fauna Web, Begonia rajah species record",A,government_species_database,nparks.gov.sg,en,"Flower Colour(s) | Pink, White",cb1ce1530a17290edb498f69d103083e979aaa4178eaef73f9b9d9782287980a,155e3b1e4ed572bebf1edce36c54df0fb2658d7a33a6594ca88b87096dc7ed91,accepted_name_exact,species_level_record_not_cultivar_limited,accept,True,True,True,False,,"Exact accepted species identity, exact source statement, trait-specific mapping, source URL and retrieved-content hash rechecked; no cultivar, family inference, cross-trait substitution or global fallback.",Codex exact-field source-backed audit,2026-08-11T07:05:00Z
9bd770d5dceaf9dca93c4064,Begonia solimutata,flower_primary_color,white,https://www.nparks.gov.sg/florafaunaweb/flora/6/0/6018,NParks | Begonia solimutata,"National Parks Board Singapore, Flora & Fauna Web, Begonia solimutata species record",A,government_species_database,nparks.gov.sg,en,Flower Colour(s) | White,46c0b058e415696f46937b7cda2376b0eaf199524dcd77215caa7f4f447efe06,b6ed4aac28ecedbb6f144f003c6667ae8e0429aad153519bfcc74dc017d2321c,accepted_name_exact,species_level_record_not_cultivar_limited,accept,True,True,True,False,,"Exact accepted species identity, exact source statement, trait-specific mapping, source URL and retrieved-content hash rechecked; no cultivar, family inference, cross-trait substitution or global fallback.",Codex exact-field source-backed audit,2026-08-11T07:05:00Z
e83fa9d29555ea4f8fdcd27a,Begonia sudjanae,flower_primary_color,white,https://www.nparks.gov.sg/florafaunaweb/flora/5/3/5396,NParks | Begonia sudjanae,"National Parks Board Singapore, Flora & Fauna Web, Begonia sudjanae species record",A,government_species_database,nparks.gov.sg,en,Flower Colour(s) | White,46c0b058e415696f46937b7cda2376b0eaf199524dcd77215caa7f4f447efe06,92e77022545c95599ae1f5e0aa632a23138884e72085dad8cf55599dbc1fe2ec,accepted_name_exact,species_level_record_not_cultivar_limited,accept,True,True,True,False,,"Exact accepted species identity, exact source statement, trait-specific mapping, source URL and retrieved-content hash rechecked; no cultivar, family inference, cross-trait substitution or global fallback.",Codex exact-field source-backed audit,2026-08-11T07:05:00Z
eedecf6c075b31e6d50b2662,Curculigo capitulata,floral_form,open_radial,https://www.nparks.gov.sg/florafaunaweb/flora/1/9/1900,NParks | Curculigo capitulata,"National Parks Board Singapore, Flora & Fauna Web, Curculigo capitulata species record",A,government_species_database,nparks.gov.sg,en,Individual Flower Shape | Stellate / Star-shaped,1247c382488e80228a13d2789549061aea50c7b3052d6874f840bd4392db6a77,08348f3747e2d4cdfafd9ee7ee4bc749f82663a5d8f84317816bac9f79578cf6,accepted_name_exact,species_level_record_not_cultivar_limited,accept,True,True,True,False,,"Exact accepted species identity, exact source statement, trait-specific mapping, source URL and retrieved-content hash rechecked; no cultivar, family inference, cross-trait substitution or global fallback.",Codex exact-field source-backed audit,2026-08-11T07:05:00Z
9756284ee35ee11108fd208a,Curculigo capitulata,floral_symmetry,actinomorphic,https://www.nparks.gov.sg/florafaunaweb/flora/1/9/1900,NParks | Curculigo capitulata,"National Parks Board Singapore, Flora & Fauna Web, Curculigo capitulata species record",A,government_species_database,nparks.gov.sg,en,Flower Symmetry | Radial,c4f9c05d0ba932a8aba9e885adf2f36e3484b9a7690bcb0902908ae881af7d61,9a5f1e27460dc7e4bbbdcb688da969820740e4763f12c5407c43c9d0583e0558,accepted_name_exact,species_level_record_not_cultivar_limited,accept,True,True,True,False,,"Exact accepted species identity, exact source statement, trait-specific mapping, source URL and retrieved-content hash rechecked; no cultivar, family inference, cross-trait substitution or global fallback.",Codex exact-field source-backed audit,2026-08-11T07:05:00Z
1dbd98db5364606f1ad9833a,Dicliptera tinctoria,flower_primary_color,blue_purple,https://www.nparks.gov.sg/florafaunaweb/flora/2/3/2327,NParks | Dicliptera tinctoria,"National Parks Board Singapore, Flora & Fauna Web, Dicliptera tinctoria species record",A,government_species_database,nparks.gov.sg,en,Flower Colour(s) | Purple,ffd8b3b596f2f22f28b795708294d56d8d4b8f905cf0b3ae88494f75a9d6ef84,d52106211ad00adbeaab37bf8545351594feb2282f0766aaab5f57bfaea1b9dc,accepted_name_exact,species_level_record_not_cultivar_limited,accept,True,True,True,False,,"Exact accepted species identity, exact source statement, trait-specific mapping, source URL and retrieved-content hash rechecked; no cultivar, family inference, cross-trait substitution or global fallback.",Codex exact-field source-backed audit,2026-08-11T07:05:00Z
cd3bedad02000228837f437a,Endospermum diadenum,floral_symmetry,actinomorphic,https://www.nparks.gov.sg/florafaunaweb/flora/3/9/3987,NParks | Endospermum diadenum,"National Parks Board Singapore, Flora & Fauna Web, Endospermum diadenum species record",A,government_species_database,nparks.gov.sg,en,Flower Symmetry | Radial,c4f9c05d0ba932a8aba9e885adf2f36e3484b9a7690bcb0902908ae881af7d61,4b8e1d5374be5dacbbe7f5c790a95cb359d94fc7e333138a8d1c080db002cc25,accepted_name_exact,species_level_record_not_cultivar_limited,accept,True,True,True,False,,"Exact accepted species identity, exact source statement, trait-specific mapping, source URL and retrieved-content hash rechecked; no cultivar, family inference, cross-trait substitution or global fallback.",Codex exact-field source-backed audit,2026-08-11T07:05:00Z
de07bdd5041250944dae664a,Endospermum diadenum,flower_primary_color,white,https://www.nparks.gov.sg/florafaunaweb/flora/3/9/3987,NParks | Endospermum diadenum,"National Parks Board Singapore, Flora & Fauna Web, Endospermum diadenum species record",A,government_species_database,nparks.gov.sg,en,Flower Colour(s) | White,46c0b058e415696f46937b7cda2376b0eaf199524dcd77215caa7f4f447efe06,0b92fa196cc01787bf78ac83bb9e80c8e6f9f3508df1daf143fbd686e4dfd9d2,accepted_name_exact,species_level_record_not_cultivar_limited,accept,True,True,True,False,,"Exact accepted species identity, exact source statement, trait-specific mapping, source URL and retrieved-content hash rechecked; no cultivar, family inference, cross-trait substitution or global fallback.",Codex exact-field source-backed audit,2026-08-11T07:05:00Z
6fb79a8f70571399de602fab,Epipremnum amplissimum,floral_symmetry,actinomorphic,https://www.nparks.gov.sg/florafaunaweb/flora/4/1/4120,NParks | Epipremnum amplissimum,"National Parks Board Singapore, Flora & Fauna Web, Epipremnum amplissimum species record",A,government_species_database,nparks.gov.sg,en,Flower Symmetry | Radial,c4f9c05d0ba932a8aba9e885adf2f36e3484b9a7690bcb0902908ae881af7d61,9fa7929ed250de5934e909df379b82eca529a3e583ca847c29d9fcf024c73720,accepted_name_exact,species_level_record_not_cultivar_limited,accept,True,True,True,False,,"Exact accepted species identity, exact source statement, trait-specific mapping, source URL and retrieved-content hash rechecked; no cultivar, family inference, cross-trait substitution or global fallback.",Codex exact-field source-backed audit,2026-08-11T07:05:00Z
e8600eb04711617d2fdc8c53,Epipremnum amplissimum,flower_primary_color,yellow_orange,https://www.nparks.gov.sg/florafaunaweb/flora/4/1/4120,NParks | Epipremnum amplissimum,"National Parks Board Singapore, Flora & Fauna Web, Epipremnum amplissimum species record",A,government_species_database,nparks.gov.sg,en,Flower Colour(s) | Yellow / Golden,667edb8fd42ca00b8c36184949d18c89937c1fe2951ee962cad09040381672ec,f1536d29b983d2a0af1429224873041d20350c6bd2faf1a9094ed4dcbfb7c639,accepted_name_exact,species_level_record_not_cultivar_limited,accept,True,True,True,False,,"Exact accepted species identity, exact source statement, trait-specific mapping, source URL and retrieved-content hash rechecked; no cultivar, family inference, cross-trait substitution or global fallback.",Codex exact-field source-backed audit,2026-08-11T07:05:00Z
eb632b10e9045371818d4bf0,Ficus lyrata,flower_primary_color,white,https://www.nparks.gov.sg/florafaunaweb/flora/2/9/2911,NParks | Ficus lyrata,"National Parks Board Singapore, Flora & Fauna Web, Ficus lyrata species record",A,government_species_database,nparks.gov.sg,en,Flower Colour(s) | Cream / Off-White,bdf5aaa2749947cb1b942465f9b4dfef2e70c27aa196501d27f509d0b3c37e3f,a18a8a16557439ab11f69996c53ddf48f73b378ab0d4f74714aceac97576e16b,accepted_name_exact,species_level_record_not_cultivar_limited,accept,True,True,True,False,,"Exact accepted species identity, exact source statement, trait-specific mapping, source URL and retrieved-content hash rechecked; no cultivar, family inference, cross-trait substitution or global fallback.",Codex exact-field source-backed audit,2026-08-11T07:05:00Z
f83366cb79a016d3bc49875e,Ficus montana,floral_symmetry,actinomorphic,https://www.nparks.gov.sg/florafaunaweb/flora/8/2/8225,NParks | Ficus montana,"National Parks Board Singapore, Flora & Fauna Web, Ficus montana species record",A,government_species_database,nparks.gov.sg,en,Flower Symmetry | Radial,c4f9c05d0ba932a8aba9e885adf2f36e3484b9a7690bcb0902908ae881af7d61,db988734f46162cc29eee4d0e1c96ca535ed9ac3dafe7932d30f9d1fed7f43e4,accepted_name_exact,species_level_record_not_cultivar_limited,accept,True,True,True,False,,"Exact accepted species identity, exact source statement, trait-specific mapping, source URL and retrieved-content hash rechecked; no cultivar, family inference, cross-trait substitution or global fallback.",Codex exact-field source-backed audit,2026-08-11T07:05:00Z
992a840d6b56525ccc81b4f2,Ficus punctata,flower_primary_color,white,https://www.nparks.gov.sg/florafaunaweb/flora/1/4/1404,NParks | Ficus punctata,"National Parks Board Singapore, Flora & Fauna Web, Ficus punctata species record",A,government_species_database,nparks.gov.sg,en,Flower Colour(s) | Cream / Off-White,bdf5aaa2749947cb1b942465f9b4dfef2e70c27aa196501d27f509d0b3c37e3f,ab16a381363e3ef39c543507b099ac4cf72977a657fb8e2c62bc559e1651ac5d,accepted_name_exact,species_level_record_not_cultivar_limited,accept,True,True,True,False,,"Exact accepted species identity, exact source statement, trait-specific mapping, source URL and retrieved-content hash rechecked; no cultivar, family inference, cross-trait substitution or global fallback.",Codex exact-field source-backed audit,2026-08-11T07:05:00Z
db99d9fae628d92929f97a93,Grona heterophylla,flower_primary_color,blue_purple,https://www.nparks.gov.sg/florafaunaweb/flora/1/9/1925,NParks | Grona heterophylla,"National Parks Board Singapore, Flora & Fauna Web, Grona heterophylla species record",A,government_species_database,nparks.gov.sg,en,Flower Colour(s) | Purple,ffd8b3b596f2f22f28b795708294d56d8d4b8f905cf0b3ae88494f75a9d6ef84,5b65ca0132857934857100f119ef8343a7a09b2c5170e80ce4a1a8549365fad7,accepted_name_exact,species_level_record_not_cultivar_limited,accept,True,True,True,False,,"Exact accepted species identity, exact source statement, trait-specific mapping, source URL and retrieved-content hash rechecked; no cultivar, family inference, cross-trait substitution or global fallback.",Codex exact-field source-backed audit,2026-08-11T07:05:00Z
a4fa72d18a6bcdaa97374bd3,Grona triflora,floral_symmetry,zygomorphic,https://www.nparks.gov.sg/florafaunaweb/flora/5/6/5641,NParks | Grona triflora,"National Parks Board Singapore, Flora & Fauna Web, Grona triflora species record",A,government_species_database,nparks.gov.sg,en,Flower Symmetry | Bilateral,cea4e639450960934446d0d30b41ddd63a191b143b5f40f85971eee9a23aa950,1c420492dd0dd2694a3830988a629b2fb194372b831967f7ee107c6a5d57475a,accepted_name_exact,species_level_record_not_cultivar_limited,accept,True,True,True,False,,"Exact accepted species identity, exact source statement, trait-specific mapping, source URL and retrieved-content hash rechecked; no cultivar, family inference, cross-trait substitution or global fallback.",Codex exact-field source-backed audit,2026-08-11T07:05:00Z
294257463a220730a5dc78b5,Licuala grandis,flower_primary_color,white,https://www.nparks.gov.sg/florafaunaweb/flora/5/1/5102,NParks | Licuala grandis,"National Parks Board Singapore, Flora & Fauna Web, Licuala grandis species record",A,government_species_database,nparks.gov.sg,en,Flower Colour(s) | White,46c0b058e415696f46937b7cda2376b0eaf199524dcd77215caa7f4f447efe06,7c2a646a97deca033dfed83dec74355482dd8acb94da3da7c2e2ea8ff2afb2a6,accepted_name_exact,species_level_record_not_cultivar_limited,accept,True,True,True,False,,"Exact accepted species identity, exact source statement, trait-specific mapping, source URL and retrieved-content hash rechecked; no cultivar, family inference, cross-trait substitution or global fallback.",Codex exact-field source-backed audit,2026-08-11T07:05:00Z
63ef67b114423d909f79c3e9,Licuala spinosa,flower_primary_color,white,https://www.nparks.gov.sg/florafaunaweb/flora/5/1/5129,NParks | Licuala spinosa,"National Parks Board Singapore, Flora & Fauna Web, Licuala spinosa species record",A,government_species_database,nparks.gov.sg,en,Flower Colour(s) | White,46c0b058e415696f46937b7cda2376b0eaf199524dcd77215caa7f4f447efe06,02136b84c6286cbb652615147a7c8fef2555af92b34c686f0818aec9d37b7fb6,accepted_name_exact,species_level_record_not_cultivar_limited,accept,True,True,True,False,,"Exact accepted species identity, exact source statement, trait-specific mapping, source URL and retrieved-content hash rechecked; no cultivar, family inference, cross-trait substitution or global fallback.",Codex exact-field source-backed audit,2026-08-11T07:05:00Z
cacc767de3158a8a246868ef,Lithocarpus bennettii,flower_primary_color,white,https://www.nparks.gov.sg/florafaunaweb/flora/5/1/5150,NParks | Lithocarpus bennettii,"National Parks Board Singapore, Flora & Fauna Web, Lithocarpus bennettii species record",A,government_species_database,nparks.gov.sg,en,Flower Colour(s) | Cream / Off-White,bdf5aaa2749947cb1b942465f9b4dfef2e70c27aa196501d27f509d0b3c37e3f,5a7f0610df42f67bda38616203dd392604f362fa01ff94cede4d77fe6c6421d8,accepted_name_exact,species_level_record_not_cultivar_limited,accept,True,True,True,False,,"Exact accepted species identity, exact source statement, trait-specific mapping, source URL and retrieved-content hash rechecked; no cultivar, family inference, cross-trait substitution or global fallback.",Codex exact-field source-backed audit,2026-08-11T07:05:00Z
582fca6a9f96c5484b2417bf,Lithocarpus elegans,flower_primary_color,white,https://www.nparks.gov.sg/florafaunaweb/flora/2/9/2999,NParks | Lithocarpus elegans,"National Parks Board Singapore, Flora & Fauna Web, Lithocarpus elegans species record",A,government_species_database,nparks.gov.sg,en,Flower Colour(s) | Cream / Off-White,bdf5aaa2749947cb1b942465f9b4dfef2e70c27aa196501d27f509d0b3c37e3f,869763b872a5660db93877c3412178b79505a9ac8b518ea764f016c3f048eb10,accepted_name_exact,species_level_record_not_cultivar_limited,accept,True,True,True,False,,"Exact accepted species identity, exact source statement, trait-specific mapping, source URL and retrieved-content hash rechecked; no cultivar, family inference, cross-trait substitution or global fallback.",Codex exact-field source-backed audit,2026-08-11T07:05:00Z
523e7ec31f62c66623e03ff4,Lithocarpus ewyckii,flower_primary_color,white,https://www.nparks.gov.sg/florafaunaweb/flora/4/3/4385,NParks | Lithocarpus ewyckii,"National Parks Board Singapore, Flora & Fauna Web, Lithocarpus ewyckii species record",A,government_species_database,nparks.gov.sg,en,Flower Colour(s) | Cream / Off-White,bdf5aaa2749947cb1b942465f9b4dfef2e70c27aa196501d27f509d0b3c37e3f,de2f953146697724971792f68f80c0ee4f8f1001809a50b0ce5b3473257f18c0,accepted_name_exact,species_level_record_not_cultivar_limited,accept,True,True,True,False,,"Exact accepted species identity, exact source statement, trait-specific mapping, source URL and retrieved-content hash rechecked; no cultivar, family inference, cross-trait substitution or global fallback.",Codex exact-field source-backed audit,2026-08-11T07:05:00Z
ef64999eb13aa144c3dc719c,Lithocarpus lucidus,flower_primary_color,white,https://www.nparks.gov.sg/florafaunaweb/flora/4/3/4386,NParks | Lithocarpus lucidus,"National Parks Board Singapore, Flora & Fauna Web, Lithocarpus lucidus species record",A,government_species_database,nparks.gov.sg,en,Flower Colour(s) | Cream / Off-White,bdf5aaa2749947cb1b942465f9b4dfef2e70c27aa196501d27f509d0b3c37e3f,d9d77fa798f7e46fd94d27fccdd1f0954a70ddb39080e71c730b20e55194823f,accepted_name_exact,species_level_record_not_cultivar_limited,accept,True,True,True,False,,"Exact accepted species identity, exact source statement, trait-specific mapping, source URL and retrieved-content hash rechecked; no cultivar, family inference, cross-trait substitution or global fallback.",Codex exact-field source-backed audit,2026-08-11T07:05:00Z
46807db281ae0fb3898b0513,Myrmecodia tuberosa,flower_primary_color,white,https://www.nparks.gov.sg/florafaunaweb/flora/2/2/2255,NParks | Myrmecodia tuberosa,"National Parks Board Singapore, Flora & Fauna Web, Myrmecodia tuberosa species record",A,government_species_database,nparks.gov.sg,en,Flower Colour(s) | White,46c0b058e415696f46937b7cda2376b0eaf199524dcd77215caa7f4f447efe06,ed7372d2eb34849ab6874f43514803941a32e405f3a5ba74ed2f48d178b6c57a,accepted_name_exact,species_level_record_not_cultivar_limited,accept,True,True,True,False,,"Exact accepted species identity, exact source statement, trait-specific mapping, source URL and retrieved-content hash rechecked; no cultivar, family inference, cross-trait substitution or global fallback.",Codex exact-field source-backed audit,2026-08-11T07:05:00Z
351379efe7308596ed91f96d,Pentaphragma ellipticum,flower_primary_color,green_brown_inconspicuous,https://www.nparks.gov.sg/florafaunaweb/flora/2/3/2315,NParks | Pentaphragma ellipticum var ellipticum,"National Parks Board Singapore, Flora & Fauna Web, Pentaphragma ellipticum species record",A,government_species_database,nparks.gov.sg,en,Flower Colour(s) | Green,a8bce67bf1893fa0773975510b5604f00427aa8e963de14aa1e33f33fd5b68ce,8a4195dd6b04752a1a131c630311b08fa3a8714d7af76cc5111291c41966b8d7,accepted_name_exact,species_level_record_not_cultivar_limited,accept,True,True,True,False,,"Exact accepted species identity, exact source statement, trait-specific mapping, source URL and retrieved-content hash rechecked; no cultivar, family inference, cross-trait substitution or global fallback.",Codex exact-field source-backed audit,2026-08-11T07:05:00Z
bb274532ac09a869c07e15a3,Polyspora singaporeana,floral_symmetry,actinomorphic,https://www.nparks.gov.sg/florafaunaweb/flora/6/7/6729,NParks | Polyspora singaporeana,"National Parks Board Singapore, Flora & Fauna Web, Polyspora singaporeana species record",A,government_species_database,nparks.gov.sg,en,Flower Symmetry | Radial,c4f9c05d0ba932a8aba9e885adf2f36e3484b9a7690bcb0902908ae881af7d61,116f54c8cd0fb8dd9594c644051209d9f7027543e434efc10650ccc8dd3bea90,accepted_name_exact,species_level_record_not_cultivar_limited,accept,True,True,True,False,,"Exact accepted species identity, exact source statement, trait-specific mapping, source URL and retrieved-content hash rechecked; no cultivar, family inference, cross-trait substitution or global fallback.",Codex exact-field source-backed audit,2026-08-11T07:05:00Z
3d59f4cd3c59f43cfe5c08e8,Polyspora singaporeana,flower_primary_color,white,https://www.nparks.gov.sg/florafaunaweb/flora/6/7/6729,NParks | Polyspora singaporeana,"National Parks Board Singapore, Flora & Fauna Web, Polyspora singaporeana species record",A,government_species_database,nparks.gov.sg,en,"Flower Colour(s) | Cream / Off-White, White",366d4673f773868e12310566bee36ecbfb6aa0ea8384f163b2aedbd02615aaf1,3b5c970ce85b79c8d91500e870d8af0f8da0ae16d893596593aa209870691357,accepted_name_exact,species_level_record_not_cultivar_limited,accept,True,True,True,False,,"Exact accepted species identity, exact source statement, trait-specific mapping, source URL and retrieved-content hash rechecked; no cultivar, family inference, cross-trait substitution or global fallback.",Codex exact-field source-backed audit,2026-08-11T07:05:00Z
9effe4a056f46910b390b958,Pritchardia pacifica,flower_primary_color,yellow_orange,https://www.nparks.gov.sg/florafaunaweb/flora/2/6/2671,NParks | Pritchardia pacifica,"National Parks Board Singapore, Flora & Fauna Web, Pritchardia pacifica species record",A,government_species_database,nparks.gov.sg,en,Flower Colour(s) | Yellow / Golden,667edb8fd42ca00b8c36184949d18c89937c1fe2951ee962cad09040381672ec,84fcbfec2f90f12c83215277d67c85d8475d6d0689c271c0e7727303f167dc53,accepted_name_exact,species_level_record_not_cultivar_limited,accept,True,True,True,False,,"Exact accepted species identity, exact source statement, trait-specific mapping, source URL and retrieved-content hash rechecked; no cultivar, family inference, cross-trait substitution or global fallback.",Codex exact-field source-backed audit,2026-08-11T07:05:00Z
622cd8d2e6a380ad90181593,Rhodamnia cinerea,floral_symmetry,actinomorphic,https://www.nparks.gov.sg/florafaunaweb/flora/3/1/3102,NParks | Rhodamnia cinerea,"National Parks Board Singapore, Flora & Fauna Web, Rhodamnia cinerea species record",A,government_species_database,nparks.gov.sg,en,Flower Symmetry | Radial,c4f9c05d0ba932a8aba9e885adf2f36e3484b9a7690bcb0902908ae881af7d61,c7f1d25565d94f1c6540b797d3db55feb5c184654c8367523b53e1c2f4e31732,accepted_name_exact,species_level_record_not_cultivar_limited,accept,True,True,True,False,,"Exact accepted species identity, exact source statement, trait-specific mapping, source URL and retrieved-content hash rechecked; no cultivar, family inference, cross-trait substitution or global fallback.",Codex exact-field source-backed audit,2026-08-11T07:05:00Z
9475f2e8d3a2968b3d81b7ae,Rungia klossii,floral_symmetry,zygomorphic,https://www.nparks.gov.sg/florafaunaweb/flora/8/0/8069,NParks | Rungia klossii,"National Parks Board Singapore, Flora & Fauna Web, Rungia klossii species record",A,government_species_database,nparks.gov.sg,en,Flower Symmetry | Bilateral,cea4e639450960934446d0d30b41ddd63a191b143b5f40f85971eee9a23aa950,c677a869946d49b1c7090b2ba458272568cbbb88a51eea8daf663a198ce75571,accepted_name_exact,species_level_record_not_cultivar_limited,accept,True,True,True,False,,"Exact accepted species identity, exact source statement, trait-specific mapping, source URL and retrieved-content hash rechecked; no cultivar, family inference, cross-trait substitution or global fallback.",Codex exact-field source-backed audit,2026-08-11T07:05:00Z
7d13c02dcd8af6175c12eb9b,Rungia klossii,flower_primary_color,blue_purple,https://www.nparks.gov.sg/florafaunaweb/flora/8/0/8069,NParks | Rungia klossii,"National Parks Board Singapore, Flora & Fauna Web, Rungia klossii species record",A,government_species_database,nparks.gov.sg,en,Flower Colour(s) | Blue,63f2bd03b139f7297c1ee86c8f849eab23f97b1624b23cd73da8ddcaa276a6be,c4b82583b4c5e577b08ac08d16e1eae8bd7b5b99281cd410dad8c42a792e95f8,accepted_name_exact,species_level_record_not_cultivar_limited,accept,True,True,True,False,,"Exact accepted species identity, exact source statement, trait-specific mapping, source URL and retrieved-content hash rechecked; no cultivar, family inference, cross-trait substitution or global fallback.",Codex exact-field source-backed audit,2026-08-11T07:05:00Z
e7547a290fb6addaccd887fe,Scolopia macrophylla,flower_primary_color,green_brown_inconspicuous|white,https://www.nparks.gov.sg/florafaunaweb/flora/8/0/8039,NParks | Scolopia macrophylla,"National Parks Board Singapore, Flora & Fauna Web, Scolopia macrophylla species record",A,government_species_database,nparks.gov.sg,en,"Flower Colour(s) | Cream / Off-White, Green - Light Green",563725ddffb0f96712909317aef4ec920e38694e60f80b18856c44907411513a,2ed0ce44ce10d98f90c93491dcaa40a821394dbfd7d4a15c8c028042fa32a6bc,accepted_name_exact,species_level_record_not_cultivar_limited,accept,True,True,True,False,,"Exact accepted species identity, exact source statement, trait-specific mapping, source URL and retrieved-content hash rechecked; no cultivar, family inference, cross-trait substitution or global fallback.",Codex exact-field source-backed audit,2026-08-11T07:05:00Z
4fa3d5469bfa82d731bf9347,Selenicereus undatus,floral_symmetry,actinomorphic,https://www.nparks.gov.sg/florafaunaweb/flora/1/4/1419,NParks | Selenicereus undatus,"National Parks Board Singapore, Flora & Fauna Web, Selenicereus undatus species record",A,government_species_database,nparks.gov.sg,en,Flower Symmetry | Radial,c4f9c05d0ba932a8aba9e885adf2f36e3484b9a7690bcb0902908ae881af7d61,237ba843a5d2148fc90372644c448e6775abd43bff065d30680c4f348d11d312,accepted_name_exact,species_level_record_not_cultivar_limited,accept,True,True,True,False,,"Exact accepted species identity, exact source statement, trait-specific mapping, source URL and retrieved-content hash rechecked; no cultivar, family inference, cross-trait substitution or global fallback.",Codex exact-field source-backed audit,2026-08-11T07:05:00Z
9db075e4345d7d7a2240617e,Spathiphyllum cannifolium,flower_primary_color,white,https://www.nparks.gov.sg/florafaunaweb/flora/2/4/2462,NParks | Spathiphyllum cannifolium,"National Parks Board Singapore, Flora & Fauna Web, Spathiphyllum cannifolium species record",A,government_species_database,nparks.gov.sg,en,Flower Colour(s) | White,46c0b058e415696f46937b7cda2376b0eaf199524dcd77215caa7f4f447efe06,976a3b4e5d5c6405c6224efc05b3d6cd80c5204b9772066faab431955a27be41,accepted_name_exact,species_level_record_not_cultivar_limited,accept,True,True,True,False,,"Exact accepted species identity, exact source statement, trait-specific mapping, source URL and retrieved-content hash rechecked; no cultivar, family inference, cross-trait substitution or global fallback.",Codex exact-field source-backed audit,2026-08-11T07:05:00Z
2260741c267b9b4facd33460,Spondias dulcis,inflorescence_display,raceme_spike_panicle,https://www.nparks.gov.sg/florafaunaweb/flora/3/1/3134,NParks | Spondias dulcis,"National Parks Board Singapore, Flora & Fauna Web, Spondias dulcis species record",A,government_species_database,nparks.gov.sg,en,Inflorescence Type | Panicle,76ac8ac2ece1186253fc18203886f8a8d52984c42589294b4ec6acb45a75e465,203bc8fec872c45fbed0e8c478e2aad7729f787f2356147e725e9000c511adc2,accepted_name_exact,species_level_record_not_cultivar_limited,accept,True,True,True,False,,"Exact accepted species identity, exact source statement, trait-specific mapping, source URL and retrieved-content hash rechecked; no cultivar, family inference, cross-trait substitution or global fallback.",Codex exact-field source-backed audit,2026-08-11T07:05:00Z
ff43493924259b246df003f8,Thespesia populnea,floral_symmetry,actinomorphic|asymmetric,https://www.nparks.gov.sg/florafaunaweb/flora/3/1/3190,NParks | Thespesia populnea,"National Parks Board Singapore, Flora & Fauna Web, Thespesia populnea species record",A,government_species_database,nparks.gov.sg,en,"Flower Symmetry | Radial, Asymmetrical",5cc3548bc64eeec7e44b880f694de6ed89fc0904dcc4249f2dc98ffb80b96cd7,6142b27bf86f208a26f9fe6fc3341d01f59dd246be0d17afd874db0eafb8e67b,accepted_name_exact,species_level_record_not_cultivar_limited,accept,True,True,True,False,,"Exact accepted species identity, exact source statement, trait-specific mapping, source URL and retrieved-content hash rechecked; no cultivar, family inference, cross-trait substitution or global fallback.",Codex exact-field source-backed audit,2026-08-11T07:05:00Z
5cb419998e0cd1dfa00d6492,Silene colorata,self_incompatibility,SC,https://academic.oup.com/aob/article/118/5/907/2196037,Circadian rhythm of a Silene species favours nocturnal pollination and constrains diurnal visitation,"Prieto-Benitez, Dotterl & Gimenez-Benavides (2016), Annals of Botany 118:907-918, DOI 10.1093/aob/mcw136",A,primary_research_article,academic.oup.com,en,"Silene colorata is self-compatible as are many other Silene species (Bocquet, 1968).",fbce8f65b32e6a1ae3eac46a6e575915fb6c3c239adb7a425fdbfe5559077bbf,6ed37c2548b73b2e018216c5c2c4edfd34478c971e2af36c0214daaf10332068,accepted_name_exact,wild_species_not_cultivar_limited,accept,True,True,True,False,,"Exact accepted species identity and trait-specific statement in peer-reviewed primary article; quote, DOI, URL and retrieval time retained; no cross-trait substitution.",Codex source-backed line-by-line evidence audit,2026-08-11T07:28:00Z
4bba9ea57bdd8e91795c4076,Silene colorata,autonomous_selfing_capacity,absent,https://academic.oup.com/aob/article/118/5/907/2196037,Circadian rhythm of a Silene species favours nocturnal pollination and constrains diurnal visitation,"Prieto-Benitez, Dotterl & Gimenez-Benavides (2016), Annals of Botany 118:907-918, DOI 10.1093/aob/mcw136",A,primary_research_article,academic.oup.com,en,"Spontaneous autogamy is not viable due to protandry (the anthers mature and wilt before the elongation of styles), so this species depends on flower visitors even for geitonogamous pollination.",dda11977547b545602f51c75af866f8381245d52d6ea3bef6ea20d312af44044,6b01f1b39397446a67fbf01dbfe2f53167ca013c9121dae6210fa1fd46ab1275,accepted_name_exact,wild_species_not_cultivar_limited,accept,True,True,True,False,,"Exact accepted species identity and trait-specific statement in peer-reviewed primary article; quote, DOI, URL and retrieval time retained; no cross-trait substitution.",Codex source-backed line-by-line evidence audit,2026-08-11T07:28:00Z
b6a63e35219cd02dd8a0e8ee,Acacia saligna,mating_system,predominantly_outcrossing,https://www.frontiersin.org/journals/ecology-and-evolution/articles/10.3389/fevo.2018.00038/full,Plant Mating Systems Often Vary Widely Among Populations,"Whitehead, Lanfear, Mitchell & Karron (2018), Frontiers in Ecology and Evolution 6:38, DOI 10.3389/fevo.2018.00038; original studies: George:2008",A,peer_reviewed_supplementary_trait_dataset,frontiersin.org,en,SpeciesTmData_Whitehead_etal.csv row 3: species=Acacia_saligna; accepted species=Acacia saligna; mean multilocus outcrossing rate (mean_tm)=0.931667; populations=3.,42b96b921e8765c7e5ab558bef7e89f113a5841e633b0d93877c706142809c70,59cf0ffdc1a2f04e68e727296ad73d10a399a161915f2ff1e757744f05a1301e,accepted_name_exact,species_trait_record_not_cultivar_limited,accept,True,True,True,False,,"Exact species row with mean multilocus outcrossing rate across at least three populations; threshold mapping uses t_m <=0.2 selfing, 0.2<t_m<0.8 mixed, and t_m >=0.8 outcrossing; source ZIP and underlying citation set retained.",Codex source-backed structured-data audit,2026-08-11T08:00:00Z
fef3b3e1426c62e3ce1772b0,Bactris gasipaes,mating_system,predominantly_outcrossing,https://www.frontiersin.org/journals/ecology-and-evolution/articles/10.3389/fevo.2018.00038/full,Plant Mating Systems Often Vary Widely Among Populations,"Whitehead, Lanfear, Mitchell & Karron (2018), Frontiers in Ecology and Evolution 6:38, DOI 10.3389/fevo.2018.00038; original studies: Picanco-Rodrigues:2015",A,peer_reviewed_supplementary_trait_dataset,frontiersin.org,en,SpeciesTmData_Whitehead_etal.csv row 13: species=Bactris_gasipaes; accepted species=Bactris gasipaes; mean multilocus outcrossing rate (mean_tm)=0.973333; populations=3.,bb93c9315c59e578ab42fd46c60f0b176d30b2e560f0a4c00c8c03687193e8d6,a5c557c38ad0143349b476ccce063506e518302e6919cfab0cdea3decf771d62,accepted_name_exact,species_trait_record_not_cultivar_limited,accept,True,True,True,False,,"Exact species row with mean multilocus outcrossing rate across at least three populations; threshold mapping uses t_m <=0.2 selfing, 0.2<t_m<0.8 mixed, and t_m >=0.8 outcrossing; source ZIP and underlying citation set retained.",Codex source-backed structured-data audit,2026-08-11T08:00:00Z
f04b441c2c61db967facc286,Banksia sphaerocarpa,mating_system,predominantly_outcrossing,https://www.frontiersin.org/journals/ecology-and-evolution/articles/10.3389/fevo.2018.00038/full,Plant Mating Systems Often Vary Widely Among Populations,"Whitehead, Lanfear, Mitchell & Karron (2018), Frontiers in Ecology and Evolution 6:38, DOI 10.3389/fevo.2018.00038; original studies: Llorens:2012",A,peer_reviewed_supplementary_trait_dataset,frontiersin.org,en,SpeciesTmData_Whitehead_etal.csv row 16: species=Banksia_sphaerocarpa; accepted species=Banksia sphaerocarpa; mean multilocus outcrossing rate (mean_tm)=0.915571; populations=7.,d3b61dd02f7bb70f663ba34ea8e1e3d1d3585a578d2d6def309bc92a7c5f1423,4c7e737a364c67cac4eba4e80d78031bcf848ee6b1523f5879c737d9804e7d70,accepted_name_exact,species_trait_record_not_cultivar_limited,accept,True,True,True,False,,"Exact species row with mean multilocus outcrossing rate across at least three populations; threshold mapping uses t_m <=0.2 selfing, 0.2<t_m<0.8 mixed, and t_m >=0.8 outcrossing; source ZIP and underlying citation set retained.",Codex source-backed structured-data audit,2026-08-11T08:00:00Z
c6ac165b0d646e2049ea655f,Dieffenbachia seguine,mating_system,predominantly_outcrossing,https://www.frontiersin.org/journals/ecology-and-evolution/articles/10.3389/fevo.2018.00038/full,Plant Mating Systems Often Vary Widely Among Populations,"Whitehead, Lanfear, Mitchell & Karron (2018), Frontiers in Ecology and Evolution 6:38, DOI 10.3389/fevo.2018.00038; original studies: Cuartas-Hernandez:2010",A,peer_reviewed_supplementary_trait_dataset,frontiersin.org,en,SpeciesTmData_Whitehead_etal.csv row 32: species=Dieffenbachia_seguine; accepted species=Dieffenbachia seguine; mean multilocus outcrossing rate (mean_tm)=0.950000; populations=4.,007caa0ba8ce1f8ffd7e55f3229f4758e0528806267528be96a7d59ee6521f9b,1c4ad5670d4051d48a12baa1f0fb2bebec66665c9c596eb2bb62c6e026803200,accepted_name_exact,species_trait_record_not_cultivar_limited,accept,True,True,True,False,,"Exact species row with mean multilocus outcrossing rate across at least three populations; threshold mapping uses t_m <=0.2 selfing, 0.2<t_m<0.8 mixed, and t_m >=0.8 outcrossing; source ZIP and underlying citation set retained.",Codex source-backed structured-data audit,2026-08-11T08:00:00Z
12eb37abf1feaf6eebd8a460,Eritrichium nanum,mating_system,mixed_mating,https://www.frontiersin.org/journals/ecology-and-evolution/articles/10.3389/fevo.2018.00038/full,Plant Mating Systems Often Vary Widely Among Populations,"Whitehead, Lanfear, Mitchell & Karron (2018), Frontiers in Ecology and Evolution 6:38, DOI 10.3389/fevo.2018.00038; original studies: Wirth:2010",A,peer_reviewed_supplementary_trait_dataset,frontiersin.org,en,SpeciesTmData_Whitehead_etal.csv row 37: species=Eritrichium_nanum; accepted species=Eritrichium nanum; mean multilocus outcrossing rate (mean_tm)=0.659310; populations=10.,f51540e03ed25b84109ba169de663e95be5cf0d1af9e7e52038f28a67c91ec1d,0a123c203af61ce158d05d8c99481e6b636751e15c9ecb227c1537767bcaae64,accepted_name_exact,species_trait_record_not_cultivar_limited,accept,True,True,True,False,,"Exact species row with mean multilocus outcrossing rate across at least three populations; threshold mapping uses t_m <=0.2 selfing, 0.2<t_m<0.8 mixed, and t_m >=0.8 outcrossing; source ZIP and underlying citation set retained.",Codex source-backed structured-data audit,2026-08-11T08:00:00Z
3a98ddc9d5ea071374be577a,Erythrophleum suaveolens,mating_system,predominantly_outcrossing,https://www.frontiersin.org/journals/ecology-and-evolution/articles/10.3389/fevo.2018.00038/full,Plant Mating Systems Often Vary Widely Among Populations,"Whitehead, Lanfear, Mitchell & Karron (2018), Frontiers in Ecology and Evolution 6:38, DOI 10.3389/fevo.2018.00038; original studies: Duminil:2016",A,peer_reviewed_supplementary_trait_dataset,frontiersin.org,en,SpeciesTmData_Whitehead_etal.csv row 38: species=Erythrophleum_suaveolens; accepted species=Erythrophleum suaveolens; mean multilocus outcrossing rate (mean_tm)=0.858333; populations=3.,775c4972bbf153da84097c018f5787d0c770e288a5f4f7437fde1245457eaab9,a37b369aa3308a6e3bbb052d7953607c3022db35b8bdd041674aec95d46a65fb,accepted_name_exact,species_trait_record_not_cultivar_limited,accept,True,True,True,False,,"Exact species row with mean multilocus outcrossing rate across at least three populations; threshold mapping uses t_m <=0.2 selfing, 0.2<t_m<0.8 mixed, and t_m >=0.8 outcrossing; source ZIP and underlying citation set retained.",Codex source-backed structured-data audit,2026-08-11T08:00:00Z
8b5bdbce3766ed7fb267890a,Eucalyptus aggregata,mating_system,predominantly_outcrossing,https://www.frontiersin.org/journals/ecology-and-evolution/articles/10.3389/fevo.2018.00038/full,Plant Mating Systems Often Vary Widely Among Populations,"Whitehead, Lanfear, Mitchell & Karron (2018), Frontiers in Ecology and Evolution 6:38, DOI 10.3389/fevo.2018.00038; original studies: Field:2008",A,peer_reviewed_supplementary_trait_dataset,frontiersin.org,en,SpeciesTmData_Whitehead_etal.csv row 39: species=Eucalyptus_aggregata; accepted species=Eucalyptus aggregata; mean multilocus outcrossing rate (mean_tm)=0.938333; populations=6.,60567646e58df4a6e8e8da50d8419b979ea9214428641dbdbc61e3997a81005b,28332e7fea30547507eb7fc49258263385182b6cbc3816d4726e577dd614dab6,accepted_name_exact,species_trait_record_not_cultivar_limited,accept,True,True,True,False,,"Exact species row with mean multilocus outcrossing rate across at least three populations; threshold mapping uses t_m <=0.2 selfing, 0.2<t_m<0.8 mixed, and t_m >=0.8 outcrossing; source ZIP and underlying citation set retained.",Codex source-backed structured-data audit,2026-08-11T08:00:00Z
2a8dc3623f31a3378f3d1d05,Eucalyptus gracilis,mating_system,predominantly_outcrossing,https://www.frontiersin.org/journals/ecology-and-evolution/articles/10.3389/fevo.2018.00038/full,Plant Mating Systems Often Vary Widely Among Populations,"Whitehead, Lanfear, Mitchell & Karron (2018), Frontiers in Ecology and Evolution 6:38, DOI 10.3389/fevo.2018.00038; original studies: Breed:2014; Breed:2016",A,peer_reviewed_supplementary_trait_dataset,frontiersin.org,en,SpeciesTmData_Whitehead_etal.csv row 45: species=Eucalyptus_gracilis; accepted species=Eucalyptus gracilis; mean multilocus outcrossing rate (mean_tm)=0.926250; populations=8.,2dcb7255551a8c78c71b6460ba53b7e2bf9324ce856434f0e24ab88a5dc3214d,faf2090182acaa80ee09415bc2d9c62ae419e428639bc2e6c8839a356d441e94,accepted_name_exact,species_trait_record_not_cultivar_limited,accept,True,True,True,False,,"Exact species row with mean multilocus outcrossing rate across at least three populations; threshold mapping uses t_m <=0.2 selfing, 0.2<t_m<0.8 mixed, and t_m >=0.8 outcrossing; source ZIP and underlying citation set retained.",Codex source-backed structured-data audit,2026-08-11T08:00:00Z
3b46b054acf2087c60209196,Eucalyptus incrassata,mating_system,predominantly_outcrossing,https://www.frontiersin.org/journals/ecology-and-evolution/articles/10.3389/fevo.2018.00038/full,Plant Mating Systems Often Vary Widely Among Populations,"Whitehead, Lanfear, Mitchell & Karron (2018), Frontiers in Ecology and Evolution 6:38, DOI 10.3389/fevo.2018.00038; original studies: Breed:2016",A,peer_reviewed_supplementary_trait_dataset,frontiersin.org,en,SpeciesTmData_Whitehead_etal.csv row 46: species=Eucalyptus_incrassata; accepted species=Eucalyptus incrassata; mean multilocus outcrossing rate (mean_tm)=0.942500; populations=4.,bb5b6638bc144cba1c45f81593e78756bd2695b0746cbf630aa2526137562f7b,6413b142bb4d34a37128e98215dba0743c3bd40ef6d62c074ff5836ce146c358,accepted_name_exact,species_trait_record_not_cultivar_limited,accept,True,True,True,False,,"Exact species row with mean multilocus outcrossing rate across at least three populations; threshold mapping uses t_m <=0.2 selfing, 0.2<t_m<0.8 mixed, and t_m >=0.8 outcrossing; source ZIP and underlying citation set retained.",Codex source-backed structured-data audit,2026-08-11T08:00:00Z
496a41a132c796eb68026449,Eucalyptus melliodora,mating_system,predominantly_outcrossing,https://www.frontiersin.org/journals/ecology-and-evolution/articles/10.3389/fevo.2018.00038/full,Plant Mating Systems Often Vary Widely Among Populations,"Whitehead, Lanfear, Mitchell & Karron (2018), Frontiers in Ecology and Evolution 6:38, DOI 10.3389/fevo.2018.00038; original studies: Broadhurst:2013",A,peer_reviewed_supplementary_trait_dataset,frontiersin.org,en,SpeciesTmData_Whitehead_etal.csv row 47: species=Eucalyptus_melliodora; accepted species=Eucalyptus melliodora; mean multilocus outcrossing rate (mean_tm)=0.970000; populations=5.,3c2195a8c7b0c7e0ebf7ef8f90e16ec835f337fe7e95e1b137099c36275cfe98,6182e54284ffc22e63d2fc12ca7cfcebf651f8f6fdad7cd377c643357a868b6c,accepted_name_exact,species_trait_record_not_cultivar_limited,accept,True,True,True,False,,"Exact species row with mean multilocus outcrossing rate across at least three populations; threshold mapping uses t_m <=0.2 selfing, 0.2<t_m<0.8 mixed, and t_m >=0.8 outcrossing; source ZIP and underlying citation set retained.",Codex source-backed structured-data audit,2026-08-11T08:00:00Z
52f96ebad9d73826e2f816bf,Eucalyptus socialis,mating_system,predominantly_outcrossing,https://www.frontiersin.org/journals/ecology-and-evolution/articles/10.3389/fevo.2018.00038/full,Plant Mating Systems Often Vary Widely Among Populations,"Whitehead, Lanfear, Mitchell & Karron (2018), Frontiers in Ecology and Evolution 6:38, DOI 10.3389/fevo.2018.00038; original studies: Breed:2016",A,peer_reviewed_supplementary_trait_dataset,frontiersin.org,en,SpeciesTmData_Whitehead_etal.csv row 50: species=Eucalyptus_socialis; accepted species=Eucalyptus socialis; mean multilocus outcrossing rate (mean_tm)=0.855000; populations=4.,ecabf18446a0d178bf9e656c5f43ad0a262880c6a910dd47eff81762c562c551,875a3f9a14c799b4c5d4213eec11b7616131261a73bca907e872bb00481ce6c0,accepted_name_exact,species_trait_record_not_cultivar_limited,accept,True,True,True,False,,"Exact species row with mean multilocus outcrossing rate across at least three populations; threshold mapping uses t_m <=0.2 selfing, 0.2<t_m<0.8 mixed, and t_m >=0.8 outcrossing; source ZIP and underlying citation set retained.",Codex source-backed structured-data audit,2026-08-11T08:00:00Z
ff3fc63fc8a437bc23919af4,Geranium carolinianum,mating_system,mixed_mating,https://www.frontiersin.org/journals/ecology-and-evolution/articles/10.3389/fevo.2018.00038/full,Plant Mating Systems Often Vary Widely Among Populations,"Whitehead, Lanfear, Mitchell & Karron (2018), Frontiers in Ecology and Evolution 6:38, DOI 10.3389/fevo.2018.00038; original studies: Shirk:2014",A,peer_reviewed_supplementary_trait_dataset,frontiersin.org,en,SpeciesTmData_Whitehead_etal.csv row 53: species=Geranium_carolinianum; accepted species=Geranium carolinianum; mean multilocus outcrossing rate (mean_tm)=0.695714; populations=7.,fdf6baf41009050de6bce32f56c5b4f979bd90dbd47cc376f4de5c1ea2d56947,bbce0385a8acc7f0bc29d5340e951c1250254e0e699e78ca146aaeb1f309df5d,accepted_name_exact,species_trait_record_not_cultivar_limited,accept,True,True,True,False,,"Exact species row with mean multilocus outcrossing rate across at least three populations; threshold mapping uses t_m <=0.2 selfing, 0.2<t_m<0.8 mixed, and t_m >=0.8 outcrossing; source ZIP and underlying citation set retained.",Codex source-backed structured-data audit,2026-08-11T08:00:00Z
d764a2591dbf73c8f4c68827,Geranium maculatum,mating_system,predominantly_outcrossing,https://www.frontiersin.org/journals/ecology-and-evolution/articles/10.3389/fevo.2018.00038/full,Plant Mating Systems Often Vary Widely Among Populations,"Whitehead, Lanfear, Mitchell & Karron (2018), Frontiers in Ecology and Evolution 6:38, DOI 10.3389/fevo.2018.00038; original studies: Van Etten:2014",A,peer_reviewed_supplementary_trait_dataset,frontiersin.org,en,SpeciesTmData_Whitehead_etal.csv row 54: species=Geranium_maculatum; accepted species=Geranium maculatum; mean multilocus outcrossing rate (mean_tm)=0.986250; populations=4.,d641f10b185197600a11453f1e6346701c2e917b68191921d93e2528b32ec9e1,e829f2a14239897cac5be53cb9c308e7e2c0a7baefa275612922850a43a2e0e6,accepted_name_exact,species_trait_record_not_cultivar_limited,accept,True,True,True,False,,"Exact species row with mean multilocus outcrossing rate across at least three populations; threshold mapping uses t_m <=0.2 selfing, 0.2<t_m<0.8 mixed, and t_m >=0.8 outcrossing; source ZIP and underlying citation set retained.",Codex source-backed structured-data audit,2026-08-11T08:00:00Z
7ad06d0708fb545d6ab60862,Narcissus hispanicus,mating_system,mixed_mating,https://www.frontiersin.org/journals/ecology-and-evolution/articles/10.3389/fevo.2018.00038/full,Plant Mating Systems Often Vary Widely Among Populations,"Whitehead, Lanfear, Mitchell & Karron (2018), Frontiers in Ecology and Evolution 6:38, DOI 10.3389/fevo.2018.00038; original studies: Barrett:2004; Medrano:2012",A,peer_reviewed_supplementary_trait_dataset,frontiersin.org,en,SpeciesTmData_Whitehead_etal.csv row 72: species=Narcissus_hispanicus; accepted species=Narcissus hispanicus; mean multilocus outcrossing rate (mean_tm)=0.667333; populations=8.,1e256ee2f542fc707a2dcc10395c66b76283b1ffc7c0d7ffa3abc06ee18d9e65,1b09a7044101355958132627781f39b317ff3b16bacd932df3dead53bf36c622,accepted_name_exact,species_trait_record_not_cultivar_limited,accept,True,True,True,False,,"Exact species row with mean multilocus outcrossing rate across at least three populations; threshold mapping uses t_m <=0.2 selfing, 0.2<t_m<0.8 mixed, and t_m >=0.8 outcrossing; source ZIP and underlying citation set retained.",Codex source-backed structured-data audit,2026-08-11T08:00:00Z
b324c5239c9a76bc1bc40be4,Oryza sativa,mating_system,predominantly_selfing,https://www.frontiersin.org/journals/ecology-and-evolution/articles/10.3389/fevo.2018.00038/full,Plant Mating Systems Often Vary Widely Among Populations,"Whitehead, Lanfear, Mitchell & Karron (2018), Frontiers in Ecology and Evolution 6:38, DOI 10.3389/fevo.2018.00038; original studies: Jiang:2012; Xia:2011",A,peer_reviewed_supplementary_trait_dataset,frontiersin.org,en,SpeciesTmData_Whitehead_etal.csv row 77: species=Oryza_sativa; accepted species=Oryza sativa; mean multilocus outcrossing rate (mean_tm)=0.029778; populations=18.,4115d056ec064acb848fdc25654bca7304353626b3fde53479fc3b9a83060b0b,5b7f821bd23f19e84d08c46e26d67d0a5a303874e692682b3ce952dc7edf343d,accepted_name_exact,species_trait_record_not_cultivar_limited,accept,True,True,True,False,,"Exact species row with mean multilocus outcrossing rate across at least three populations; threshold mapping uses t_m <=0.2 selfing, 0.2<t_m<0.8 mixed, and t_m >=0.8 outcrossing; source ZIP and underlying citation set retained.",Codex source-backed structured-data audit,2026-08-11T08:00:00Z
970bf3ddb9e8eb87444f5dcc,Peltophorum dubium,mating_system,mixed_mating,https://www.frontiersin.org/journals/ecology-and-evolution/articles/10.3389/fevo.2018.00038/full,Plant Mating Systems Often Vary Widely Among Populations,"Whitehead, Lanfear, Mitchell & Karron (2018), Frontiers in Ecology and Evolution 6:38, DOI 10.3389/fevo.2018.00038; original studies: Mori:2013",A,peer_reviewed_supplementary_trait_dataset,frontiersin.org,en,SpeciesTmData_Whitehead_etal.csv row 78: species=Peltophorum_dubium; accepted species=Peltophorum dubium; mean multilocus outcrossing rate (mean_tm)=0.673750; populations=4.,21d870234b14a6c780d3d49671cd749e64eba8dba8bb09e061dbbcc5e81670ed,c59bbf0947e404b092f4485dfa61027c2c726d31409c2a07eb93e13a06d9d572,accepted_name_exact,species_trait_record_not_cultivar_limited,accept,True,True,True,False,,"Exact species row with mean multilocus outcrossing rate across at least three populations; threshold mapping uses t_m <=0.2 selfing, 0.2<t_m<0.8 mixed, and t_m >=0.8 outcrossing; source ZIP and underlying citation set retained.",Codex source-backed structured-data audit,2026-08-11T08:00:00Z
3289c6316b48444540b2e862,Phyllostachys edulis,mating_system,predominantly_selfing,https://www.frontiersin.org/journals/ecology-and-evolution/articles/10.3389/fevo.2018.00038/full,Plant Mating Systems Often Vary Widely Among Populations,"Whitehead, Lanfear, Mitchell & Karron (2018), Frontiers in Ecology and Evolution 6:38, DOI 10.3389/fevo.2018.00038; original studies: Lin:2014",A,peer_reviewed_supplementary_trait_dataset,frontiersin.org,en,SpeciesTmData_Whitehead_etal.csv row 81: species=Phyllostachys_edulis; accepted species=Phyllostachys edulis; mean multilocus outcrossing rate (mean_tm)=0.089000; populations=3.,1dee213b143f6a7b4e40902bac5f01fd80854cca5f5d80e95c2ae0659d9030da,bac243ae3e2ce6abb64e2beaf42af25f7638aa92fd7a084bc810bd70cdc018ee,accepted_name_exact,species_trait_record_not_cultivar_limited,accept,True,True,True,False,,"Exact species row with mean multilocus outcrossing rate across at least three populations; threshold mapping uses t_m <=0.2 selfing, 0.2<t_m<0.8 mixed, and t_m >=0.8 outcrossing; source ZIP and underlying citation set retained.",Codex source-backed structured-data audit,2026-08-11T08:00:00Z
fa361d378459e471980a0f32,Turnera ulmifolia,mating_system,mixed_mating,https://www.frontiersin.org/journals/ecology-and-evolution/articles/10.3389/fevo.2018.00038/full,Plant Mating Systems Often Vary Widely Among Populations,"Whitehead, Lanfear, Mitchell & Karron (2018), Frontiers in Ecology and Evolution 6:38, DOI 10.3389/fevo.2018.00038; original studies: Belaoussoff:1995",A,peer_reviewed_supplementary_trait_dataset,frontiersin.org,en,SpeciesTmData_Whitehead_etal.csv row 101: species=Turnera_ulmifolia; accepted species=Turnera ulmifolia; mean multilocus outcrossing rate (mean_tm)=0.244100; populations=10.,2dcdfef5f725e47e28af94f1e95a8fdb201f4b93136e3b9b84d1cd9baf1a84b2,be37e3e076d3a7d8343b49cbede4fdca21f474baf6c9ca11766c95fd43ab3e0d,accepted_name_exact,species_trait_record_not_cultivar_limited,accept,True,True,True,False,,"Exact species row with mean multilocus outcrossing rate across at least three populations; threshold mapping uses t_m <=0.2 selfing, 0.2<t_m<0.8 mixed, and t_m >=0.8 outcrossing; source ZIP and underlying citation set retained.",Codex source-backed structured-data audit,2026-08-11T08:00:00Z
7e184d8213b6482ead9c8108,Comarum palustre,mating_system,mixed_mating,https://www.frontiersin.org/journals/ecology-and-evolution/articles/10.3389/fevo.2018.00038/full,Plant Mating Systems Often Vary Widely Among Populations,"Whitehead, Lanfear, Mitchell & Karron (2018), Frontiers in Ecology and Evolution 6:38, DOI 10.3389/fevo.2018.00038; original studies: Somme:2014",A,peer_reviewed_supplementary_trait_dataset,frontiersin.org,en,SpeciesTmData_Whitehead_etal.csv row 28: species=Comarum_palustre; accepted species=Comarum palustre; mean multilocus outcrossing rate (mean_tm)=0.615000; populations=4.,986c5a51aa077c472a593063e2dc899b7c0888562140ea436d4a777cd9692588,50a1fd764fd2646f65bb3530c8025f5d38c67031f834f1c35f868ea74828fa27,accepted_name_exact,species_trait_record_not_cultivar_limited,accept,True,True,True,False,,"Exact species row with mean multilocus outcrossing rate across at least three populations; threshold mapping uses t_m <=0.2 selfing, 0.2<t_m<0.8 mixed, and t_m >=0.8 outcrossing; source ZIP and underlying citation set retained.",Codex source-backed structured-data audit,2026-08-11T08:00:00Z
ac99992be895a92c4c5cad7a,Magnolia salicifolia,mating_system,mixed_mating,https://www.nature.com/articles/hdy2008128,"Estimation of outcrossing rates at hierarchical levels of fruits, individuals, populations and species in Magnolia stellata","Tamaki, Setsuko & Tomaru (2009), Heredity 102:381?388, DOI 10.1038/hdy.2008.128; underlying M. salicifolia estimate credited to K. Takabayashi and N. Tomaru, unpublished",A,peer_reviewed_article_secondary_report_of_species_estimate,nature.com,en,"M. salicifolia (0.650; K Takabayashi and N Tomaru, unpublished).",e53eb289ed2b5eb6afb7467605c0d0554a7cf94e20c8a7a992ceded976648c25,b01f3f1244d059879026085c7c1b1c9a48d7153cbef892a365b01cf2ae54da74,accepted_name_exact,wild_species_not_cultivar_limited,accept,True,True,True,False,,"Exact accepted species identity and original page retrieved; trait-specific direct statement retained. No family inference, global fallback, n=2 adoption, cultivar transfer, or cross-trait substitution.",Codex source-backed line-by-line evidence audit,2026-08-11T09:50:00Z
d9f1cd4aaacc0f3d00c0a3ea,Aquilegia canadensis,mating_system,predominantly_selfing,https://www.frontiersin.org/journals/ecology-and-evolution/articles/10.3389/fevo.2018.00038/full,Plant Mating Systems Often Vary Widely Among Populations,"Whitehead, Lanfear, Mitchell & Karron (2018), Frontiers in Ecology and Evolution 6:38, DOI 10.3389/fevo.2018.00038; original studies: Eckert:2009; Herlihy:2002",A,peer_reviewed_supplementary_trait_dataset,frontiersin.org,en,SpeciesTmData_Whitehead_etal.csv row 9: species=Aquilegia_canadensis; accepted species=Aquilegia canadensis; mean multilocus outcrossing rate (mean_tm)=0.178095; populations=21.,e362d6347072fab972f6b65b894ce93d79edcb4cca66dc4421421a5d9f5a97e9,4c669ff510fab78abf51da6dcde82be56db0d086633625bd8ee4a9b3db8faa0d,accepted_name_exact,species_trait_record_not_cultivar_limited,accept,True,True,True,False,,"Exact species row with mean multilocus outcrossing rate across at least three populations; threshold mapping uses t_m <=0.2 selfing, 0.2<t_m<0.8 mixed, and t_m >=0.8 outcrossing; source ZIP and underlying citation set retained.",Codex source-backed structured-data audit,2026-08-11T08:00:00Z
829dd403d833da51f0ae3ec8,Aquilegia coerulea,mating_system,mixed_mating,https://www.frontiersin.org/journals/ecology-and-evolution/articles/10.3389/fevo.2018.00038/full,Plant Mating Systems Often Vary Widely Among Populations,"Whitehead, Lanfear, Mitchell & Karron (2018), Frontiers in Ecology and Evolution 6:38, DOI 10.3389/fevo.2018.00038; original studies: Brunet:2006",A,peer_reviewed_supplementary_trait_dataset,frontiersin.org,en,SpeciesTmData_Whitehead_etal.csv row 10: species=Aquilegia_coerulea; accepted species=Aquilegia coerulea; mean multilocus outcrossing rate (mean_tm)=0.759524; populations=7.,08033bf2572ffe70b3833eb3ac77632085e0c5f2520de2f634d3a0728a2e9c25,d01a8ac4d5f2a633cafdda8b9d23e6d24d96174f1178db641691312a078f4b65,accepted_name_exact,species_trait_record_not_cultivar_limited,accept,True,True,True,False,,"Exact species row with mean multilocus outcrossing rate across at least three populations; threshold mapping uses t_m <=0.2 selfing, 0.2<t_m<0.8 mixed, and t_m >=0.8 outcrossing; source ZIP and underlying citation set retained.",Codex source-backed structured-data audit,2026-08-11T08:00:00Z
89d1b076e2de17f770aa56f0,Arabis alpina,mating_system,mixed_mating,https://www.frontiersin.org/journals/ecology-and-evolution/articles/10.3389/fevo.2018.00038/full,Plant Mating Systems Often Vary Widely Among Populations,"Whitehead, Lanfear, Mitchell & Karron (2018), Frontiers in Ecology and Evolution 6:38, DOI 10.3389/fevo.2018.00038; original studies: Tedder:2011",A,peer_reviewed_supplementary_trait_dataset,frontiersin.org,en,SpeciesTmData_Whitehead_etal.csv row 12: species=Arabis_alpina; accepted species=Arabis alpina; mean multilocus outcrossing rate (mean_tm)=0.700000; populations=4.,374168b28c9f2a9bda2fe527036b80c08fb708f261a5205fb30df5fe3b1580fb,614db583b1f20457d8ad6f01061d84ffa385512ec31be6c80765209537c875a8,accepted_name_exact,species_trait_record_not_cultivar_limited,accept,True,True,True,False,,"Exact species row with mean multilocus outcrossing rate across at least three populations; threshold mapping uses t_m <=0.2 selfing, 0.2<t_m<0.8 mixed, and t_m >=0.8 outcrossing; source ZIP and underlying citation set retained.",Codex source-backed structured-data audit,2026-08-11T08:00:00Z
afc45533977f2453b18ce608,Fraxinus excelsior,mating_system,predominantly_outcrossing,https://www.frontiersin.org/journals/ecology-and-evolution/articles/10.3389/fevo.2018.00038/full,Plant Mating Systems Often Vary Widely Among Populations,"Whitehead, Lanfear, Mitchell & Karron (2018), Frontiers in Ecology and Evolution 6:38, DOI 10.3389/fevo.2018.00038; original studies: Bacles:2005",A,peer_reviewed_supplementary_trait_dataset,frontiersin.org,en,SpeciesTmData_Whitehead_etal.csv row 51: species=Fraxinus_excelsior; accepted species=Fraxinus excelsior; mean multilocus outcrossing rate (mean_tm)=0.965000; populations=3.,3b876c60847bc3d3f02000d7ed98d4729029d980c21b788328f91674fe7c2dbe,5935b0a76781ae79df119670226921d7c90fd67577711f6189b6d3a7a76ce40d,accepted_name_exact,species_trait_record_not_cultivar_limited,accept,True,True,True,False,,"Exact species row with mean multilocus outcrossing rate across at least three populations; threshold mapping uses t_m <=0.2 selfing, 0.2<t_m<0.8 mixed, and t_m >=0.8 outcrossing; source ZIP and underlying citation set retained.",Codex source-backed structured-data audit,2026-08-11T08:00:00Z
21861295b43a2e86c7b70690,Ficus arpazusa,mating_system,predominantly_outcrossing,https://doi.org/10.1007/s10592-008-9776-x,What are the reasons for no inbreeding and high genetic diversity of the Neotropical fig tree Ficus arpazusa?,"Nazareno & de Carvalho (2009), Conservation Genetics 10:1789-1793, DOI 10.1007/s10592-008-9776-x",A,peer_reviewed_primary_article,doi.org,en,"Multilocus outcrossing rates estimates (t_m) were 1.2 to three progenies (Table 1), suggesting that, in the studied area, F. arpazusa is allogamous.",b6f4d7e1eca24d64874523e63d7b8e7e8038a52265d3d350a4555b7f17c305e0,0783c37cfabf813df866f3354a79792c2be542b8855b0f182e8e1b3c6f0cf29d,accepted_name_exact,wild_population_not_cultivar_limited,accept,True,True,True,False,,"Exact accepted species and quantitative multilocus mating-system result in the original peer-reviewed study; allogamous maps directly to predominantly_outcrossing. No genus-level substitution, cultivar transfer, family inference, or global fallback.",Codex source-backed line-by-line evidence audit,2026-08-11T11:36:25Z
f4923916ea54600b4d97dd01,Ficus petiolaris,mating_system,predominantly_outcrossing,https://doi.org/10.3732/ajb.1100472,Flowering asynchrony and mating system effects on reproductive assurance and mutualism persistence in fragmented fig-fig wasp populations,"Gates & Nason (2012), American Journal of Botany 99:757-768, DOI 10.3732/ajb.1100472",A,peer_reviewed_primary_article,doi.org,en,"In sum, the results of our mating system and microsatellite analyses suggest complete (or nearly complete) outcrossing in this system.",18bc6918184a76054ba31a35456b99af48efba1690b05b5aca6332f9e9a65584,109a9f240a13adb5cd6547886ac13b350eb406f0804bc3dd639d128c915b08a9,accepted_name_exact,wild_populations_not_cultivar_limited,accept,True,True,True,False,,"Exact accepted species and complete or nearly complete outcrossing conclusion in the original peer-reviewed study. No cross-trait substitution, cultivar transfer, family inference, or global fallback.",Codex source-backed line-by-line evidence audit,2026-08-11T11:36:25Z
530fba325b05caf585f18c3d,Dioscorea alata,mating_system,predominantly_outcrossing,https://doi.org/10.3390/plants10071412,Genome-Wide Association Studies for Sex Determination and Cross-Compatibility in Water Yam (Dioscorea alata L.),"Mondo et al. (2021), Plants 10:1412, DOI 10.3390/plants10071412",A,peer_reviewed_primary_article,doi.org,en,"Yam (Dioscorea spp.) species are predominantly dioecious, with male and female flowers borne on separate individuals. Cross-pollination is, therefore, essential for gene flow among and within yam species to achieve breeding objectives. This study used the genome-wide association study (GWAS) approach for identifying genomic regions linked to sex and cross-compatibility in water yam (Dioscorea alata L.).",2e9a34bdf1da4b7d48192676a76f15f9928779051c384c61489148fe65cb7197,6badf3bf6aa2d2d940e54d1ec0f88381b7bac54a00852b24c39ad1f008a945e8,accepted_name_exact,species_level_yam_germplasm_not_cultivar_trait_transfer,accept,True,True,True,False,,"The species-specific primary study explicitly states cross-pollination is essential and tests male-female D. alata crossing blocks; the mating statement is retained without reusing the separate sex-system field. No cultivar-level value transfer, family inference, or global fallback.",Codex source-backed line-by-line evidence audit,2026-08-11T11:36:25Z
