pmcid,doi,title,source_url,fulltext_xml_url,fetch_status,article_license,content_sha256,raw_path,retrieved_at_utc,task_count,error
PMC10020034,10.1002/ece3.9792,The origin of cultivated mangosteen (,https://europepmc.org/articles/PMC10020034,https://www.ebi.ac.uk/europepmc/webservices/rest/PMC10020034/fullTextXML,cached,cc by,05f34bb7b959c55727bb98c9c97a5793667b7833d3183ef26e00f022afda16bd,data\v2\staging\traits\direct_llm_pilot\20260807_europe_pmc_reproduction_scale\raw_xml\PMC10020034.xml.gz,2026-08-07T09:51:07.708880Z,1,
PMC10045669,10.3390/biology12030380,Apomictic Mountain Whitebeam (,https://europepmc.org/articles/PMC10045669,https://www.ebi.ac.uk/europepmc/webservices/rest/PMC10045669/fullTextXML,cached,cc by,e6cafeff68859494c782c682df3b50e3ec4b27721abc7eaee489f564f25ced26,data\v2\staging\traits\direct_llm_pilot\20260807_europe_pmc_reproduction_scale\raw_xml\PMC10045669.xml.gz,2026-08-07T09:51:07.710699Z,1,
PMC10069789,10.1371/journal.pone.0283540,An open-access T-BAS phylogeny for emerging,https://europepmc.org/articles/PMC10069789,https://www.ebi.ac.uk/europepmc/webservices/rest/PMC10069789/fullTextXML,cached,cc by,61ab69c79689258064f362eb05c6aa52f1572e6f9a20ea179310e2e7755d48f2,data\v2\staging\traits\direct_llm_pilot\20260807_europe_pmc_reproduction_scale\raw_xml\PMC10069789.xml.gz,2026-08-07T09:51:07.711260Z,1,
PMC10108209,10.1002/ajb2.16098,Intrafloral patterns of color and scent in,https://europepmc.org/articles/PMC10108209,https://www.ebi.ac.uk/europepmc/webservices/rest/PMC10108209/fullTextXML,cached,cc by,78ea0b89b44e8235e4b0dad275e19f824895ec05d166f87c4265f3433aa67a91,data\v2\staging\traits\direct_llm_pilot\20260807_europe_pmc_reproduction_scale\raw_xml\PMC10108209.xml.gz,2026-08-07T09:51:07.712886Z,1,
PMC10158352,10.1186/s12870-023-04244-5,Resequencing of,https://europepmc.org/articles/PMC10158352,https://www.ebi.ac.uk/europepmc/webservices/rest/PMC10158352/fullTextXML,cached,cc by,714fd73957fcee1123e433d57761b6c90bfc0208d63d51f064aa88f648bbaf08,data\v2\staging\traits\direct_llm_pilot\20260807_europe_pmc_reproduction_scale\raw_xml\PMC10158352.xml.gz,2026-08-07T09:51:07.713363Z,1,
PMC10180920,10.3390/plants12091761,<i>Epipactis bucegensis</i>-A Separate Autogamous Species within the <i>E. helleborine</i> Alliance.,https://europepmc.org/articles/PMC10180920,https://www.ebi.ac.uk/europepmc/webservices/rest/PMC10180920/fullTextXML,cached,cc by,76ba052b18cd5b549bc5912edbddefa27bbd33185d6d15bdf1b1fdacd30db52d,data\v2\staging\traits\direct_llm_pilot\20260807_europe_pmc_reproduction_scale\raw_xml\PMC10180920.xml.gz,2026-08-07T09:51:07.713739Z,1,
PMC10184453,10.1093/aobpla/plad020,"Spatiotemporal variation of chasmogamy and cleistogamy in a native perennial grass: fecundity, reproductive allocation and allometry",https://europepmc.org/articles/PMC10184453,https://www.ebi.ac.uk/europepmc/webservices/rest/PMC10184453/fullTextXML,cached,cc by,d4f0ebb2f5a2cc5326cfdc1360d3a39ea001ca1ae34943ff9a5ad5bc7a93f631,data\v2\staging\traits\direct_llm_pilot\20260807_europe_pmc_reproduction_scale\raw_xml\PMC10184453.xml.gz,2026-08-07T09:51:07.714754Z,1,
PMC10209507,10.3897/phytokeys.224.98654,﻿A new species of,https://europepmc.org/articles/PMC10209507,https://www.ebi.ac.uk/europepmc/webservices/rest/PMC10209507/fullTextXML,cached,cc by,57a0bab63d84c61721823c35c2511be4adf2def8027a07e803db7f60198e8226,data\v2\staging\traits\direct_llm_pilot\20260807_europe_pmc_reproduction_scale\raw_xml\PMC10209507.xml.gz,2026-08-07T09:51:07.730024Z,1,
PMC10219056,10.3390/ijms24108984,Marker-Assisted Selection in Breeding for Fruit Trait Improvement: A Review,https://europepmc.org/articles/PMC10219056,https://www.ebi.ac.uk/europepmc/webservices/rest/PMC10219056/fullTextXML,cached,cc by,d24279d0fb3d875f09a495cc5bc3aec4bc88260fee96fba76bc7a5cb20996d62,data\v2\staging\traits\direct_llm_pilot\20260807_europe_pmc_reproduction_scale\raw_xml\PMC10219056.xml.gz,2026-08-07T09:51:08.884044Z,1,
PMC10242995,10.1186/s12870-023-04318-4,Genome-wide identification and analysis of TCP family genes in,https://europepmc.org/articles/PMC10242995,https://www.ebi.ac.uk/europepmc/webservices/rest/PMC10242995/fullTextXML,cached,cc by,387f46d7cbaeac8b4c3ba3efd43e8f41ae5a28072af52a172ab55328e7983117,data\v2\staging\traits\direct_llm_pilot\20260807_europe_pmc_reproduction_scale\raw_xml\PMC10242995.xml.gz,2026-08-07T09:51:08.972981Z,1,
PMC10281629,10.3389/fpls.2023.1144113,"The dissection of tomato flavor: biochemistry, genetics, and omics",https://europepmc.org/articles/PMC10281629,https://www.ebi.ac.uk/europepmc/webservices/rest/PMC10281629/fullTextXML,cached,cc by,f8c1c05a7afff2034270a97595f54b6061196cf2c442123c615035761039f734,data\v2\staging\traits\direct_llm_pilot\20260807_europe_pmc_reproduction_scale\raw_xml\PMC10281629.xml.gz,2026-08-07T09:51:09.155297Z,1,
PMC10286656,10.1111/plb.13433,A generalized bird pollination system in,https://europepmc.org/articles/PMC10286656,https://www.ebi.ac.uk/europepmc/webservices/rest/PMC10286656/fullTextXML,cached,cc by-nc-nd,3252d16ec69c65af2b36c7d5781cc9e67f4717dac57dc2e08a607277ab446a50,data\v2\staging\traits\direct_llm_pilot\20260807_europe_pmc_reproduction_scale\raw_xml\PMC10286656.xml.gz,2026-08-07T09:51:09.297975Z,1,
PMC10296354,10.3390/biom13060962,Molecular Structure and Variation Characteristics of the Plastomes from Six,https://europepmc.org/articles/PMC10296354,https://www.ebi.ac.uk/europepmc/webservices/rest/PMC10296354/fullTextXML,cached,cc by,746b016b66601af1df56aee19eed598cde845d4f1887c61ea7e5137626c18c56,data\v2\staging\traits\direct_llm_pilot\20260807_europe_pmc_reproduction_scale\raw_xml\PMC10296354.xml.gz,2026-08-07T09:51:09.381415Z,1,
PMC10316312,10.1270/jsbbs.22082,Evolution of sex in crops: recurrent scrap and rebuild,https://europepmc.org/articles/PMC10316312,https://www.ebi.ac.uk/europepmc/webservices/rest/PMC10316312/fullTextXML,cached,cc by,bd091ff2b54d1567ca0dda44be45fce7582c9275aed988cd8c02231efbb318f7,data\v2\staging\traits\direct_llm_pilot\20260807_europe_pmc_reproduction_scale\raw_xml\PMC10316312.xml.gz,2026-08-07T09:51:09.454643Z,2,
PMC10318336,10.1016/j.patter.2023.100728,CALANGO: A phylogeny-aware comparative genomics tool for discovering quantitative genotype-phenotype associations across species,https://europepmc.org/articles/PMC10318336,https://www.ebi.ac.uk/europepmc/webservices/rest/PMC10318336/fullTextXML,cached,cc by-nc-nd,dce9cba65a701bc2ff9366e314b16d3d483c7a1cad8e5f40c173027b7a316340,data\v2\staging\traits\direct_llm_pilot\20260807_europe_pmc_reproduction_scale\raw_xml\PMC10318336.xml.gz,2026-08-07T09:51:09.665932Z,1,
PMC10323630,10.1093/hr/uhad097,Genome of tetraploid sour cherry (Prunus cerasus L.) ‘Montmorency’ identifies three distinct ancestral Prunus genomes,https://europepmc.org/articles/PMC10323630,https://www.ebi.ac.uk/europepmc/webservices/rest/PMC10323630/fullTextXML,cached,cc by,6ab4ca00c84ea635a7aee6c8f9ce3af9959c2e300e831e5d8148316d3e65e7f8,data\v2\staging\traits\direct_llm_pilot\20260807_europe_pmc_reproduction_scale\raw_xml\PMC10323630.xml.gz,2026-08-07T09:51:09.989326Z,1,
PMC10323724,10.2903/j.efsa.2023.8075,Commodity risk assessment of,https://europepmc.org/articles/PMC10323724,https://www.ebi.ac.uk/europepmc/webservices/rest/PMC10323724/fullTextXML,cached,cc by-nd,65d5421cb2c2db89a40019557082e27c27a1536fe863a733a57c4503a50e31df,data\v2\staging\traits\direct_llm_pilot\20260807_europe_pmc_reproduction_scale\raw_xml\PMC10323724.xml.gz,2026-08-07T09:51:10.094496Z,1,
PMC10323725,10.2903/j.efsa.2023.8073,Commodity risk assessment of,https://europepmc.org/articles/PMC10323725,https://www.ebi.ac.uk/europepmc/webservices/rest/PMC10323725/fullTextXML,cached,cc by-nd,6bfd1ea221cfe843dfc6c95e7f0d58684325d66280e6159fdea29fc14194b998,data\v2\staging\traits\direct_llm_pilot\20260807_europe_pmc_reproduction_scale\raw_xml\PMC10323725.xml.gz,2026-08-07T09:51:10.238937Z,1,
PMC10323731,10.2903/j.efsa.2023.8074,Commodity risk assessment of,https://europepmc.org/articles/PMC10323731,https://www.ebi.ac.uk/europepmc/webservices/rest/PMC10323731/fullTextXML,cached,cc by-nd,8c77770e9caa4120ae8c8c56c5853eaece62e840aad33e73a491bfaf3d98f04c,data\v2\staging\traits\direct_llm_pilot\20260807_europe_pmc_reproduction_scale\raw_xml\PMC10323731.xml.gz,2026-08-07T09:51:10.286037Z,1,
PMC10323733,10.2903/j.efsa.2023.8071,Commodity risk assessment of,https://europepmc.org/articles/PMC10323733,https://www.ebi.ac.uk/europepmc/webservices/rest/PMC10323733/fullTextXML,cached,cc by-nd,e5fd9c99f4fcadcd28712e5c9c5115a05fe7a9f4ba3257d9888efa3e4434a124,data\v2\staging\traits\direct_llm_pilot\20260807_europe_pmc_reproduction_scale\raw_xml\PMC10323733.xml.gz,2026-08-07T09:51:10.364305Z,1,
PMC10360604,10.1016/j.heliyon.2023.e16692,"Past, present and future trends in the remediation of heavy-metal contaminated soil - Remediation techniques applied in real soil-contamination events",https://europepmc.org/articles/PMC10360604,https://www.ebi.ac.uk/europepmc/webservices/rest/PMC10360604/fullTextXML,cached,cc by-nc-nd,f47e1e4b4c285ccc4eb25badd510f0b6db41cb1fd388917323a7fd637ebd2863,data\v2\staging\traits\direct_llm_pilot\20260807_europe_pmc_reproduction_scale\raw_xml\PMC10360604.xml.gz,2026-08-07T09:51:10.382875Z,2,
PMC10375364,10.2903/j.efsa.2023.8118,Commodity risk assessment of,https://europepmc.org/articles/PMC10375364,https://www.ebi.ac.uk/europepmc/webservices/rest/PMC10375364/fullTextXML,cached,cc by-nd,f4da5abc099713cc600bd9d9355f6fe591e972639eb16cf418f4f01bced99a94,data\v2\staging\traits\direct_llm_pilot\20260807_europe_pmc_reproduction_scale\raw_xml\PMC10375364.xml.gz,2026-08-07T09:51:10.522179Z,7,
PMC10399244,10.3389/fmicb.2023.1188649,"Systematic analyses with genomic and metabolomic insights reveal a new species,",https://europepmc.org/articles/PMC10399244,https://www.ebi.ac.uk/europepmc/webservices/rest/PMC10399244/fullTextXML,cached,cc by,c02b3d4e765919b1db63b4a71a15472d8088fd9e6b0aea6ddb7c60618b4dc70c,data\v2\staging\traits\direct_llm_pilot\20260807_europe_pmc_reproduction_scale\raw_xml\PMC10399244.xml.gz,2026-08-07T09:51:10.741288Z,1,
PMC10416094,10.3897/phytokeys.230.103882,﻿Taxonomic revision of,https://europepmc.org/articles/PMC10416094,https://www.ebi.ac.uk/europepmc/webservices/rest/PMC10416094/fullTextXML,cached,cc by,48badeb3e77927784c71447523887d9dc5de549bfbe95f01419d5b838d56c35f,data\v2\staging\traits\direct_llm_pilot\20260807_europe_pmc_reproduction_scale\raw_xml\PMC10416094.xml.gz,2026-08-07T09:51:11.122846Z,1,
PMC10434738,10.1093/nsr/nwad208,A new type of cell related to organ movement for selfing in plants,https://europepmc.org/articles/PMC10434738,https://www.ebi.ac.uk/europepmc/webservices/rest/PMC10434738/fullTextXML,cached,cc by,9552249ae2dbe8b7bbd8b1bf2fa0a60fb8534cd5e6d9ba2a3509ecea7ac777b4,data\v2\staging\traits\direct_llm_pilot\20260807_europe_pmc_reproduction_scale\raw_xml\PMC10434738.xml.gz,2026-08-07T09:51:12.488864Z,1,
PMC10435910,10.1016/j.pld.2023.03.006,Does pollinator dependence decrease along elevational gradients?,https://europepmc.org/articles/PMC10435910,https://www.ebi.ac.uk/europepmc/webservices/rest/PMC10435910/fullTextXML,cached,cc by-nc-nd,fc6759e7c26a82ec28af4b81eba73b51ac81accea33124de167f927cea9c9008,data\v2\staging\traits\direct_llm_pilot\20260807_europe_pmc_reproduction_scale\raw_xml\PMC10435910.xml.gz,2026-08-07T09:51:12.886449Z,1,
PMC10460567,10.7717/peerj.15900,Genetic diversity analysis and molecular characteristics of wild centipedegrass using sequence-related amplified polymorphism (SRAP) markers,https://europepmc.org/articles/PMC10460567,https://www.ebi.ac.uk/europepmc/webservices/rest/PMC10460567/fullTextXML,cached,cc by,ef921955ce64ac3ef828a53fee70e09ffed33bc3327c9af566b87eca77731a09,data\v2\staging\traits\direct_llm_pilot\20260807_europe_pmc_reproduction_scale\raw_xml\PMC10460567.xml.gz,2026-08-07T09:51:15.207296Z,1,
PMC10489947,10.3390/plants12173106,Embryo Rescue in Plant Breeding,https://europepmc.org/articles/PMC10489947,https://www.ebi.ac.uk/europepmc/webservices/rest/PMC10489947/fullTextXML,cached,cc by,099ac300ef7f7f10d53e863673965f0c8e558fd5f173c42f1e7cf193722d06f3,data\v2\staging\traits\direct_llm_pilot\20260807_europe_pmc_reproduction_scale\raw_xml\PMC10489947.xml.gz,2026-08-07T09:51:15.446416Z,1,
PMC10504601,10.3897/BDJ.11.e100955,Diversity and composition of flower-visiting insects and related factors in three fruit tree species,https://europepmc.org/articles/PMC10504601,https://www.ebi.ac.uk/europepmc/webservices/rest/PMC10504601/fullTextXML,cached,cc by,37b3e72db7e9c3b31c7be8d5adbb04016af7bf15902c72442ca1d991ff8411ab,data\v2\staging\traits\direct_llm_pilot\20260807_europe_pmc_reproduction_scale\raw_xml\PMC10504601.xml.gz,2026-08-07T09:51:17.364892Z,1,
PMC10521523,10.1186/s12870-023-04460-z,The genetic variation in drought resistance in eighteen perennial ryegrass varieties and the underlying adaptation mechanisms,https://europepmc.org/articles/PMC10521523,https://www.ebi.ac.uk/europepmc/webservices/rest/PMC10521523/fullTextXML,cached,cc by,ce64da9f0fc20dd5c9c7600e29a1ef0e0b48835e0074e5dd28a810b955911f40,data\v2\staging\traits\direct_llm_pilot\20260807_europe_pmc_reproduction_scale\raw_xml\PMC10521523.xml.gz,2026-08-07T09:51:17.900698Z,1,
PMC10588836,10.1371/journal.pone.0291431,Assessing the biodiversity and the impact of pollinators on carob production,https://europepmc.org/articles/PMC10588836,https://www.ebi.ac.uk/europepmc/webservices/rest/PMC10588836/fullTextXML,cached,cc by,5d989c2ae51af9db5a76743710eddf3c9382ee4410ab2052c4f4209913bcfc44,data\v2\staging\traits\direct_llm_pilot\20260807_europe_pmc_reproduction_scale\raw_xml\PMC10588836.xml.gz,2026-08-07T09:51:19.914615Z,1,
PMC10613938,10.2903/j.efsa.2023.8314,Commodity risk assessment of,https://europepmc.org/articles/PMC10613938,https://www.ebi.ac.uk/europepmc/webservices/rest/PMC10613938/fullTextXML,cached,cc by-nd,9ee871e11b1cb43b30692cb018354930f9b5420d3350f8343ec68c72efb26b18,data\v2\staging\traits\direct_llm_pilot\20260807_europe_pmc_reproduction_scale\raw_xml\PMC10613938.xml.gz,2026-08-07T09:51:20.746367Z,8,
PMC10613939,10.2903/j.efsa.2023.8313,Commodity risk assessment of,https://europepmc.org/articles/PMC10613939,https://www.ebi.ac.uk/europepmc/webservices/rest/PMC10613939/fullTextXML,cached,cc by-nd,198d340059c1614c7e382dfce611c1057e633a2ef27b16ee214200eb12bc2df5,data\v2\staging\traits\direct_llm_pilot\20260807_europe_pmc_reproduction_scale\raw_xml\PMC10613939.xml.gz,2026-08-07T09:51:21.767653Z,8,
PMC10653438,10.1371/journal.pone.0294534,"Differences in the genomic diversity, structure, and inbreeding patterns in wild and managed populations of",https://europepmc.org/articles/PMC10653438,https://www.ebi.ac.uk/europepmc/webservices/rest/PMC10653438/fullTextXML,cached,cc by,9c517770300e26d3eb0522cdc5dbd7c6bf28e690c77df7900edc9d03e0d2ad98,data\v2\staging\traits\direct_llm_pilot\20260807_europe_pmc_reproduction_scale\raw_xml\PMC10653438.xml.gz,2026-08-07T09:51:21.780867Z,1,
PMC10681008,10.1093/hr/uhad192,Designing of future ornamental crops: a biotechnological driven perspective,https://europepmc.org/articles/PMC10681008,https://www.ebi.ac.uk/europepmc/webservices/rest/PMC10681008/fullTextXML,cached,cc by,0299a2bf4c1f2177f1f99962ad128eaa5332bb2bfc52ceec222f517a6932f2c8,data\v2\staging\traits\direct_llm_pilot\20260807_europe_pmc_reproduction_scale\raw_xml\PMC10681008.xml.gz,2026-08-07T09:51:25.029780Z,1,
PMC10682567,10.1002/ece3.10746,Latitudinal trends in mating system traits in the highly self‐fertilizing,https://europepmc.org/articles/PMC10682567,https://www.ebi.ac.uk/europepmc/webservices/rest/PMC10682567/fullTextXML,cached,cc by,834177ff9ef9af034a9f49a5edd3a60b0dfbb71fbbb83f62ba18cd7e187d8c24,data\v2\staging\traits\direct_llm_pilot\20260807_europe_pmc_reproduction_scale\raw_xml\PMC10682567.xml.gz,2026-08-07T09:51:26.414098Z,2,
PMC10688080,10.1186/s12870-023-04610-3,Genetic insights into the dissolution of dioecy in diploid persimmon,https://europepmc.org/articles/PMC10688080,https://www.ebi.ac.uk/europepmc/webservices/rest/PMC10688080/fullTextXML,cached,cc by,391b42d74afb2fab486bbfb37e406062629cd512cc07bd3200d76a91e04eed57,data\v2\staging\traits\direct_llm_pilot\20260807_europe_pmc_reproduction_scale\raw_xml\PMC10688080.xml.gz,2026-08-07T09:51:26.563506Z,1,
PMC10708367,10.3390/plants12234038,Human Impacts on the Vegetation of the Juan Fernández (Robinson Crusoe) Archipelago,https://europepmc.org/articles/PMC10708367,https://www.ebi.ac.uk/europepmc/webservices/rest/PMC10708367/fullTextXML,cached,cc by,6ac18478b2875cecf0329e99901adf4e517711077333c7085546ca48e874bf91,data\v2\staging\traits\direct_llm_pilot\20260807_europe_pmc_reproduction_scale\raw_xml\PMC10708367.xml.gz,2026-08-07T09:51:28.871251Z,1,
PMC10784871,10.2903/j.efsa.2024.8495,Commodity risk assessment of,https://europepmc.org/articles/PMC10784871,https://www.ebi.ac.uk/europepmc/webservices/rest/PMC10784871/fullTextXML,cached,cc by-nd,be636d50ec69e92d5596dbaa45f4e451488bf1f6a55ef1902ec0d7115c8f533f,data\v2\staging\traits\direct_llm_pilot\20260807_europe_pmc_reproduction_scale\raw_xml\PMC10784871.xml.gz,2026-08-07T09:51:28.914045Z,7,
PMC10792767,10.3389/fpls.2023.1270381,Is apomixis occurring in walnut (,https://europepmc.org/articles/PMC10792767,https://www.ebi.ac.uk/europepmc/webservices/rest/PMC10792767/fullTextXML,cached,cc by,8f276b8f552dae3bf20d0944914bd5335b9c1336d0978267fa32fe736c9a2fbe,data\v2\staging\traits\direct_llm_pilot\20260807_europe_pmc_reproduction_scale\raw_xml\PMC10792767.xml.gz,2026-08-07T09:51:29.297435Z,2,
PMC10850812,10.1002/ece3.10895,Conservation genetics of,https://europepmc.org/articles/PMC10850812,https://www.ebi.ac.uk/europepmc/webservices/rest/PMC10850812/fullTextXML,cached,cc by,9ff83b6b29426c338d7e82d2275c46914f93f05777f4b8d9b96385d548fbf0b0,data\v2\staging\traits\direct_llm_pilot\20260807_europe_pmc_reproduction_scale\raw_xml\PMC10850812.xml.gz,2026-08-07T09:51:30.706054Z,1,
PMC10851309,10.1016/j.pld.2023.06.005,"Conservation genomic investigation of an endangered conifer,",https://europepmc.org/articles/PMC10851309,https://www.ebi.ac.uk/europepmc/webservices/rest/PMC10851309/fullTextXML,cached,cc by-nc-nd,b62fec840515054a4fe5c97230464952ce792b91da8ab2e764feae0b36ee3469,data\v2\staging\traits\direct_llm_pilot\20260807_europe_pmc_reproduction_scale\raw_xml\PMC10851309.xml.gz,2026-08-07T09:51:31.547702Z,1,
PMC10852308,10.1371/journal.pone.0297595,Identification of self-incompatibility alleles in Quince (,https://europepmc.org/articles/PMC10852308,https://www.ebi.ac.uk/europepmc/webservices/rest/PMC10852308/fullTextXML,cached,cc by,9873c834fd50bf356756d1319de229c9381e7526212b978dc63ef9abdd188ecc,data\v2\staging\traits\direct_llm_pilot\20260807_europe_pmc_reproduction_scale\raw_xml\PMC10852308.xml.gz,2026-08-07T09:51:32.483021Z,1,
PMC10857670,10.3390/plants13030356,The Invasive Mechanisms of the Noxious Alien Plant Species,https://europepmc.org/articles/PMC10857670,https://www.ebi.ac.uk/europepmc/webservices/rest/PMC10857670/fullTextXML,cached,cc by,4a1c0c9a24a97d2a2b17dcefcfd73ce1b4e894df05af5888592c928a00b99a05,data\v2\staging\traits\direct_llm_pilot\20260807_europe_pmc_reproduction_scale\raw_xml\PMC10857670.xml.gz,2026-08-07T09:51:32.971882Z,1,
PMC10864665,10.3389/fpls.2024.1303625,Transcriptome data reveals the conservation genetics of,https://europepmc.org/articles/PMC10864665,https://www.ebi.ac.uk/europepmc/webservices/rest/PMC10864665/fullTextXML,cached,cc by,78b0f30179c9e1389a0463383c22b0242780f10b9d6a20c685046ac25db7af4c,data\v2\staging\traits\direct_llm_pilot\20260807_europe_pmc_reproduction_scale\raw_xml\PMC10864665.xml.gz,2026-08-07T09:51:33.004559Z,1,
PMC10869947,10.1002/ece3.10953,Genetic diversity assessment of,https://europepmc.org/articles/PMC10869947,https://www.ebi.ac.uk/europepmc/webservices/rest/PMC10869947/fullTextXML,cached,cc by,9414eb7da805bebb54ac00e4cd0a346fe8a8cfe2ec4df85dd447c71538d28b5e,data\v2\staging\traits\direct_llm_pilot\20260807_europe_pmc_reproduction_scale\raw_xml\PMC10869947.xml.gz,2026-08-07T09:51:33.350270Z,1,
PMC10934236,10.1002/pld3.575,Chromosome‐scale genome assembly of,https://europepmc.org/articles/PMC10934236,https://www.ebi.ac.uk/europepmc/webservices/rest/PMC10934236/fullTextXML,cached,cc by-nc-nd,7677048d55074097c9ba2ab1c125ac149fcd36259cd1df315614726d4282714d,data\v2\staging\traits\direct_llm_pilot\20260807_europe_pmc_reproduction_scale\raw_xml\PMC10934236.xml.gz,2026-08-07T09:51:34.300861Z,1,
PMC10974829,10.3390/plants13060788,Genome-Wide Identification and Expression Analysis of the,https://europepmc.org/articles/PMC10974829,https://www.ebi.ac.uk/europepmc/webservices/rest/PMC10974829/fullTextXML,cached,cc by,abc4001e9e8781ab2e97498b6c3249f19193db0e987338efef2e14450704e06d,data\v2\staging\traits\direct_llm_pilot\20260807_europe_pmc_reproduction_scale\raw_xml\PMC10974829.xml.gz,2026-08-07T09:51:34.412666Z,1,
PMC10989861,10.1093/g3journal/jkae035,A k-mer-based bulked segregant analysis approach to map seed traits in unphased heterozygous potato genomes,https://europepmc.org/articles/PMC10989861,https://www.ebi.ac.uk/europepmc/webservices/rest/PMC10989861/fullTextXML,cached,cc by,de1e30cc6534aba0efcfc286b90cd4b269a84dc675e66cfc2a8f22925fd29705,data\v2\staging\traits\direct_llm_pilot\20260807_europe_pmc_reproduction_scale\raw_xml\PMC10989861.xml.gz,2026-08-07T09:51:34.412933Z,1,
PMC11002350,10.1111/mpp.13450,"Phylogeography, origin and population structure of the self‐fertile emerging plant pathogen",https://europepmc.org/articles/PMC11002350,https://www.ebi.ac.uk/europepmc/webservices/rest/PMC11002350/fullTextXML,cached,cc by-nc-nd,e6aaf9a0b86b4dcecad50d1073b3922a1b2111a4bfd630390589065daa8c6ef0,data\v2\staging\traits\direct_llm_pilot\20260807_europe_pmc_reproduction_scale\raw_xml\PMC11002350.xml.gz,2026-08-07T09:51:35.108939Z,1,
PMC11005207,10.1186/s12870-024-04972-2,A chromosome-level genome reveals genome evolution and molecular basis of anthraquinone biosynthesis in,https://europepmc.org/articles/PMC11005207,https://www.ebi.ac.uk/europepmc/webservices/rest/PMC11005207/fullTextXML,cached,cc by,711c3f17a61ccb37cfb23004fe1d8bc2c158a385b9662bf5e3b6753af824aa75,data\v2\staging\traits\direct_llm_pilot\20260807_europe_pmc_reproduction_scale\raw_xml\PMC11005207.xml.gz,2026-08-07T09:51:35.238849Z,1,
PMC11040234,10.1002/ece3.11295,Floral mechanisms promote pollination success and reduce the incidence of self‐pollination in a fly‐pollinated self‐incompatible orchid,https://europepmc.org/articles/PMC11040234,https://www.ebi.ac.uk/europepmc/webservices/rest/PMC11040234/fullTextXML,cached,cc by,449d949de0b715d153fc417327d50893f543e3a33f50d89d94bd0cc20677d9a5,data\v2\staging\traits\direct_llm_pilot\20260807_europe_pmc_reproduction_scale\raw_xml\PMC11040234.xml.gz,2026-08-07T09:51:35.922084Z,1,
PMC11046443,10.1590/1678-4685-GMB-2023-0262,Breeding for reduced seed dormancy to domesticate new grass species,https://europepmc.org/articles/PMC11046443,https://www.ebi.ac.uk/europepmc/webservices/rest/PMC11046443/fullTextXML,cached,cc by,8354d8442a424fbd8af6fbbbd72c7399567961e3fa63ca67ee45880bb46a3141,data\v2\staging\traits\direct_llm_pilot\20260807_europe_pmc_reproduction_scale\raw_xml\PMC11046443.xml.gz,2026-08-07T09:51:36.141021Z,1,
PMC11067903,10.7717/peerj.17273,Gradual pollen presentation in,https://europepmc.org/articles/PMC11067903,https://www.ebi.ac.uk/europepmc/webservices/rest/PMC11067903/fullTextXML,cached,cc by,54a06f0e9376f9680a121c76316a9cd625e81604c165962d13476ad06f36169e,data\v2\staging\traits\direct_llm_pilot\20260807_europe_pmc_reproduction_scale\raw_xml\PMC11067903.xml.gz,2026-08-07T09:51:36.448506Z,1,
PMC11094100,10.1038/s41538-024-00270-1,First principles modelling of the ion binding capacity of finger millet,https://europepmc.org/articles/PMC11094100,https://www.ebi.ac.uk/europepmc/webservices/rest/PMC11094100/fullTextXML,cached,cc by,192090e971fe66358e9e4305bb9c2b56a4cd7d2a14da1018ab0c3c2be20d1132,data\v2\staging\traits\direct_llm_pilot\20260807_europe_pmc_reproduction_scale\raw_xml\PMC11094100.xml.gz,2026-08-07T09:51:36.655941Z,1,
PMC11119545,10.1016/j.pld.2024.03.006,"Conservation genomics provides insights into genetic resilience and adaptation of the endangered Chinese hazelnut,",https://europepmc.org/articles/PMC11119545,https://www.ebi.ac.uk/europepmc/webservices/rest/PMC11119545/fullTextXML,cached,cc by-nc-nd,ddbf714ecfaea4299db24cdde7ab10221b9d6439e8679cef92ef2283f5a61e45,data\v2\staging\traits\direct_llm_pilot\20260807_europe_pmc_reproduction_scale\raw_xml\PMC11119545.xml.gz,2026-08-07T09:51:37.022065Z,1,
PMC11120658,10.3390/ijms25105070,Possible Roles of Carbohydrate Management and Cytokinin in the Process of Defoliation–Regrowth Cycles in Rice,https://europepmc.org/articles/PMC11120658,https://www.ebi.ac.uk/europepmc/webservices/rest/PMC11120658/fullTextXML,cached,cc by,f53558d98757d9929b7f567c1cfe1424e17201eb73c6bc4593c718dc56ee4156,data\v2\staging\traits\direct_llm_pilot\20260807_europe_pmc_reproduction_scale\raw_xml\PMC11120658.xml.gz,2026-08-07T09:51:37.190340Z,1,
PMC11121585,10.3390/genes15050647,Karyotype Description and Comparative Chromosomal Mapping of 5S rDNA in 42 Species,https://europepmc.org/articles/PMC11121585,https://www.ebi.ac.uk/europepmc/webservices/rest/PMC11121585/fullTextXML,cached,cc by,f59bbbd66269c2b29696926739af8a30b58b7242c399d003560f3ab2624a8398,data\v2\staging\traits\direct_llm_pilot\20260807_europe_pmc_reproduction_scale\raw_xml\PMC11121585.xml.gz,2026-08-07T09:51:37.245886Z,1,
PMC11124793,10.3390/plants13101343,Review of Crop Wild Relative Conservation and Use in West Asia and North Africa,https://europepmc.org/articles/PMC11124793,https://www.ebi.ac.uk/europepmc/webservices/rest/PMC11124793/fullTextXML,cached,cc by,c0367a3ddd34621f2e091be4f7d4db4b2fe3b08d21b6b716bdcd3d04aeae85b1,data\v2\staging\traits\direct_llm_pilot\20260807_europe_pmc_reproduction_scale\raw_xml\PMC11124793.xml.gz,2026-08-07T09:51:37.987739Z,3,
PMC11129445,10.1186/s13059-024-03274-y,Current status of community resources and priorities for weed genomics research,https://europepmc.org/articles/PMC11129445,https://www.ebi.ac.uk/europepmc/webservices/rest/PMC11129445/fullTextXML,cached,cc by,2dd0796c6c2e78539bff5a462855aefce731a4af50f22430518b43d70c075272,data\v2\staging\traits\direct_llm_pilot\20260807_europe_pmc_reproduction_scale\raw_xml\PMC11129445.xml.gz,2026-08-07T09:51:38.134090Z,2,
PMC11149380,10.1186/s43008-024-00142-z,IMA Genome – F19,https://europepmc.org/articles/PMC11149380,https://www.ebi.ac.uk/europepmc/webservices/rest/PMC11149380/fullTextXML,cached,cc by,0f5604e916bf6e472008155dbcf33d14c49c12d1b6ff7434c97d1fca8048d308,data\v2\staging\traits\direct_llm_pilot\20260807_europe_pmc_reproduction_scale\raw_xml\PMC11149380.xml.gz,2026-08-07T09:51:38.287726Z,1,
PMC11183943,10.1002/ece3.11531,Pollinator competition and the contingency of nectar depletion during an early spring resource pulse,https://europepmc.org/articles/PMC11183943,https://www.ebi.ac.uk/europepmc/webservices/rest/PMC11183943/fullTextXML,cached,cc by,5a72ae9ba9f38f992c71e534ebf88074dbc058918b65826e4a3da485165860fa,data\v2\staging\traits\direct_llm_pilot\20260807_europe_pmc_reproduction_scale\raw_xml\PMC11183943.xml.gz,2026-08-07T09:51:38.438585Z,1,
PMC11186238,10.1186/s13007-024-01225-z,"Low-cost and reliable substrate-based phenotyping platform for screening salt tolerance of cutting propagation-dependent grass,",https://europepmc.org/articles/PMC11186238,https://www.ebi.ac.uk/europepmc/webservices/rest/PMC11186238/fullTextXML,cached,cc by,b1b9a7c3e3522ae73949a0574c8ce87f81cb03d203befad8122cca59879ce987,data\v2\staging\traits\direct_llm_pilot\20260807_europe_pmc_reproduction_scale\raw_xml\PMC11186238.xml.gz,2026-08-07T09:51:39.396165Z,1,
PMC11188990,10.3389/fpls.2024.1398818,Enigmatic role of auxin response factors in plant growth and stress tolerance,https://europepmc.org/articles/PMC11188990,https://www.ebi.ac.uk/europepmc/webservices/rest/PMC11188990/fullTextXML,cached,cc by,268dbf9278286dcf4183a93d06f6e618ed5415cb3a8b09c55a6f98780eaa5196,data\v2\staging\traits\direct_llm_pilot\20260807_europe_pmc_reproduction_scale\raw_xml\PMC11188990.xml.gz,2026-08-07T09:51:39.546065Z,1,
PMC11188994,10.3897/phytokeys.240.101716,﻿Advances in Legume Systematics 14. Classification of,https://europepmc.org/articles/PMC11188994,https://www.ebi.ac.uk/europepmc/webservices/rest/PMC11188994/fullTextXML,cached,cc by,ed578d677d5a772352360b31954175be28cdcead63cc7ea07866fac44afcaa16,data\v2\staging\traits\direct_llm_pilot\20260807_europe_pmc_reproduction_scale\raw_xml\PMC11188994.xml.gz,2026-08-07T09:51:39.921065Z,1,
PMC11233877,10.1093/nutrit/nuad103,"Underutilized plants increase biodiversity, improve food and nutrition security, reduce malnutrition, and enhance human health and well-being. Let’s put them back on the plate!",https://europepmc.org/articles/PMC11233877,https://www.ebi.ac.uk/europepmc/webservices/rest/PMC11233877/fullTextXML,cached,cc by,6e29f4c33172162b9aaf725c61b78d8702a4088d21e96ebe78ded942e49d5f55,data\v2\staging\traits\direct_llm_pilot\20260807_europe_pmc_reproduction_scale\raw_xml\PMC11233877.xml.gz,2026-08-07T09:51:40.125581Z,1,
PMC11263115,10.3389/fpls.2024.1379730,How should we measure population-level inbreeding depression? Impacts of standing genetic associations between selfing rate and deleterious mutations,https://europepmc.org/articles/PMC11263115,https://www.ebi.ac.uk/europepmc/webservices/rest/PMC11263115/fullTextXML,cached,cc by,d0791b8a439319da335a78e8e48371f3b67be5cc48cfd1a3af416f6662b13cd8,data\v2\staging\traits\direct_llm_pilot\20260807_europe_pmc_reproduction_scale\raw_xml\PMC11263115.xml.gz,2026-08-07T09:51:40.561632Z,1,
PMC11276623,10.3390/ijms25147878,Comparative Proteomic Analysis of Floral Buds before and after Opening in Walnut (,https://europepmc.org/articles/PMC11276623,https://www.ebi.ac.uk/europepmc/webservices/rest/PMC11276623/fullTextXML,cached,cc by,ea283995a2e676268639bedb92201526e3ae1874a194f4384e2cd9f1abbbd37e,data\v2\staging\traits\direct_llm_pilot\20260807_europe_pmc_reproduction_scale\raw_xml\PMC11276623.xml.gz,2026-08-07T09:51:41.088423Z,1,
PMC11281201,10.3390/plants13141914,From ‘Farm to Fork’: Exploring the Potential of Nutrient-Rich and Stress-Resilient Emergent Crops for Sustainable and Healthy Food in the Mediterranean Region in the Face of Climate Change Challenges,https://europepmc.org/articles/PMC11281201,https://www.ebi.ac.uk/europepmc/webservices/rest/PMC11281201/fullTextXML,cached,cc by,0d28aa0f7fc0145408f5da05a97a965c87833ef7d5bd556eddd960a99a7074d6,data\v2\staging\traits\direct_llm_pilot\20260807_europe_pmc_reproduction_scale\raw_xml\PMC11281201.xml.gz,2026-08-07T09:51:41.315603Z,1,
PMC11297754,10.1186/s12870-024-05440-7,Diversity of ecotypes of five species of ryegrass from Northwestern Spain by phenotypic traits and microsatellites,https://europepmc.org/articles/PMC11297754,https://www.ebi.ac.uk/europepmc/webservices/rest/PMC11297754/fullTextXML,cached,cc by-nc-nd,14f205d04f716e8ecedb1aed33ce54a2559962b3386bd8ab3c605307ee9075c1,data\v2\staging\traits\direct_llm_pilot\20260807_europe_pmc_reproduction_scale\raw_xml\PMC11297754.xml.gz,2026-08-07T09:51:42.280499Z,1,
PMC11314090,10.3390/plants13152044,"Functional, Chemical, and Phytotoxic Characteristics of",https://europepmc.org/articles/PMC11314090,https://www.ebi.ac.uk/europepmc/webservices/rest/PMC11314090/fullTextXML,cached,cc by,7953c3cdf3263a95b5c21494b1726f7dbaa31d3a75e5d3fa3499e1c72b5351e9,data\v2\staging\traits\direct_llm_pilot\20260807_europe_pmc_reproduction_scale\raw_xml\PMC11314090.xml.gz,2026-08-07T09:51:42.322953Z,1,
PMC11318625,10.1093/jee/toae103,Hover fly (Diptera: Syrphidae) diversity and seasonality in North Georgia apple and peach orchards,https://europepmc.org/articles/PMC11318625,https://www.ebi.ac.uk/europepmc/webservices/rest/PMC11318625/fullTextXML,cached,cc by-nc,cb4b86a84486536ca3a133a13d686a127e95acf973efa5c1d4f2e06ebb9123e3,data\v2\staging\traits\direct_llm_pilot\20260807_europe_pmc_reproduction_scale\raw_xml\PMC11318625.xml.gz,2026-08-07T09:51:42.737794Z,2,
PMC11327018,10.3389/fpls.2024.1448851,Comparative transcriptome analysis of persimmon somatic mutants (,https://europepmc.org/articles/PMC11327018,https://www.ebi.ac.uk/europepmc/webservices/rest/PMC11327018/fullTextXML,cached,cc by,3a9e822e78ddf5cd780a507dd5b513e3f330a8f2014fc2d50d931d293e119cfb,data\v2\staging\traits\direct_llm_pilot\20260807_europe_pmc_reproduction_scale\raw_xml\PMC11327018.xml.gz,2026-08-07T09:51:43.246192Z,1,
PMC11329641,10.1038/s41597-024-03731-0,Chromosome-scale genome assembly and annotation of,https://europepmc.org/articles/PMC11329641,https://www.ebi.ac.uk/europepmc/webservices/rest/PMC11329641/fullTextXML,cached,cc by,36e7c616db5d0c9c74d9f861289ded940162fd1924f2aa7286efd0b7084e26e1,data\v2\staging\traits\direct_llm_pilot\20260807_europe_pmc_reproduction_scale\raw_xml\PMC11329641.xml.gz,2026-08-07T09:51:43.729423Z,1,
PMC11335001,10.1098/rspb.2024.0693,One-factor sex determination evolves without linkage between feminizing and masculinizing mutations,https://europepmc.org/articles/PMC11335001,https://www.ebi.ac.uk/europepmc/webservices/rest/PMC11335001/fullTextXML,cached,cc by,8a9838b413817036547cff7131fb67efce1c7c1fab784f78e6c88d3a77084b5d,data\v2\staging\traits\direct_llm_pilot\20260807_europe_pmc_reproduction_scale\raw_xml\PMC11335001.xml.gz,2026-08-07T09:51:44.235667Z,2,
PMC11343744,10.1038/s41467-024-51556-7,Island biogeography of the megadiverse plant family Asteraceae,https://europepmc.org/articles/PMC11343744,https://www.ebi.ac.uk/europepmc/webservices/rest/PMC11343744/fullTextXML,cached,cc by-nc-nd,c560c37086ef46ca69d3701c46082afe6c8f35f64aa5b9fe4818c3300a8c3e20,data\v2\staging\traits\direct_llm_pilot\20260807_europe_pmc_reproduction_scale\raw_xml\PMC11343744.xml.gz,2026-08-07T09:51:44.470016Z,1,
PMC11354556,10.3390/ijms25168689,Comparative Chloroplast Genomes Analysis Provided Adaptive Evolution Insights in,https://europepmc.org/articles/PMC11354556,https://www.ebi.ac.uk/europepmc/webservices/rest/PMC11354556/fullTextXML,cached,cc by,c70177a75bba5e6d98f6089859f8a8c15a06dfdf1df86bcdf268750d43d47aea,data\v2\staging\traits\direct_llm_pilot\20260807_europe_pmc_reproduction_scale\raw_xml\PMC11354556.xml.gz,2026-08-07T09:51:44.506059Z,1,
PMC11358249,10.1007/s00442-024-05585-0,Plasticity in biomass allocation underlies tolerance to leaf damage in native and non-native populations of,https://europepmc.org/articles/PMC11358249,https://www.ebi.ac.uk/europepmc/webservices/rest/PMC11358249/fullTextXML,cached,cc by,c7fc90dec1bef69ff332628f17a63a6d660f35dc28e70bfe897b60d5d7a90633,data\v2\staging\traits\direct_llm_pilot\20260807_europe_pmc_reproduction_scale\raw_xml\PMC11358249.xml.gz,2026-08-07T09:51:44.797859Z,1,
PMC11359367,10.3390/plants13162249,Weed Role for Pollinator in the Agroecosystem: Plant–Insect Interactions and Agronomic Strategies for Biodiversity Conservation,https://europepmc.org/articles/PMC11359367,https://www.ebi.ac.uk/europepmc/webservices/rest/PMC11359367/fullTextXML,cached,cc by,46c3c5b69ecce1b87888067602a487576b6faf817302c119061d7c89f9b59e13,data\v2\staging\traits\direct_llm_pilot\20260807_europe_pmc_reproduction_scale\raw_xml\PMC11359367.xml.gz,2026-08-07T09:51:45.160769Z,1,
PMC11392345,10.1371/journal.pone.0310061,"Salt stress memory in tall fescue: Interaction of different stress stages, pollination system and genetic diversity",https://europepmc.org/articles/PMC11392345,https://www.ebi.ac.uk/europepmc/webservices/rest/PMC11392345/fullTextXML,cached,cc by,339500f85da761c69298c7e845de2bf2073973fa5273c73d5e3edd47958a8213,data\v2\staging\traits\direct_llm_pilot\20260807_europe_pmc_reproduction_scale\raw_xml\PMC11392345.xml.gz,2026-08-07T09:51:45.420675Z,1,
PMC11397278,10.3390/plants13172384,Phenological Analysis of Grasses (Poaceae) in Comparison with Aerobiological Data in Moscow (Russia),https://europepmc.org/articles/PMC11397278,https://www.ebi.ac.uk/europepmc/webservices/rest/PMC11397278/fullTextXML,cached,cc by,0f046ed22e50cae50221b4d4be40bb6b8d564cdc899e07d94bed82405a2038a0,data\v2\staging\traits\direct_llm_pilot\20260807_europe_pmc_reproduction_scale\raw_xml\PMC11397278.xml.gz,2026-08-07T09:51:45.605281Z,2,
PMC11412521,10.1371/journal.pone.0310679.r004,Isolation limits spring pollination in a UK fragmented landscape,https://europepmc.org/articles/PMC11412521,https://www.ebi.ac.uk/europepmc/webservices/rest/PMC11412521/fullTextXML,cached,cc by,8f563c3325732cc4ce2b6f7d8c3e9913d3ef4cd12a1658242ac2a505dc4beeb3,data\v2\staging\traits\direct_llm_pilot\20260807_europe_pmc_reproduction_scale\raw_xml\PMC11412521.xml.gz,2026-08-07T09:51:45.695985Z,2,
PMC11437169,10.1038/s41598-024-73591-6,Animal pollination contributes to more than half of citrus production,https://europepmc.org/articles/PMC11437169,https://www.ebi.ac.uk/europepmc/webservices/rest/PMC11437169/fullTextXML,cached,cc by-nc-nd,3ada2c77003af6848c95c0363ab993c513464c23e8dbfb69b116a033c3d59d5b,data\v2\staging\traits\direct_llm_pilot\20260807_europe_pmc_reproduction_scale\raw_xml\PMC11437169.xml.gz,2026-08-07T09:51:45.987377Z,1,
PMC11441164,10.1186/s12870-024-05481-y,A multiscale approach to understanding the shared blue-orange flower color polymorphism in two,https://europepmc.org/articles/PMC11441164,https://www.ebi.ac.uk/europepmc/webservices/rest/PMC11441164/fullTextXML,cached,cc by,a7b4254aeba6f6cf6f4c267e9f6414f8b1a57b9bf0e4dc1f2c2351f84c71e46f,data\v2\staging\traits\direct_llm_pilot\20260807_europe_pmc_reproduction_scale\raw_xml\PMC11441164.xml.gz,2026-08-07T09:51:46.437736Z,1,
PMC11470940,10.1038/s41467-024-53157-w,Chromosome-level baobab genome illuminates its evolutionary trajectory and environmental adaptation,https://europepmc.org/articles/PMC11470940,https://www.ebi.ac.uk/europepmc/webservices/rest/PMC11470940/fullTextXML,cached,cc by,2548b0071a38ac3e0370faab70ab8da9b18dd27d2a9a0e1f492e0d6ad6f0be62,data\v2\staging\traits\direct_llm_pilot\20260807_europe_pmc_reproduction_scale\raw_xml\PMC11470940.xml.gz,2026-08-07T09:51:47.270033Z,1,
PMC11511250,10.3390/plants13202940,Genome-Wide Identification and Characterization of the,https://europepmc.org/articles/PMC11511250,https://www.ebi.ac.uk/europepmc/webservices/rest/PMC11511250/fullTextXML,cached,cc by,e8d129a820841d65e5066c91ad26ea4d9e3f1b5aec1042d08dbd07c9072fc128,data\v2\staging\traits\direct_llm_pilot\20260807_europe_pmc_reproduction_scale\raw_xml\PMC11511250.xml.gz,2026-08-07T09:51:47.375875Z,1,
PMC11515576,10.1186/s13059-024-03399-0,Plant conservation in the age of genome editing: opportunities and challenges,https://europepmc.org/articles/PMC11515576,https://www.ebi.ac.uk/europepmc/webservices/rest/PMC11515576/fullTextXML,cached,cc by,5d9c04271f4b1d4b87f25dca111e70c168d4577644be570d23f380404873c5a1,data\v2\staging\traits\direct_llm_pilot\20260807_europe_pmc_reproduction_scale\raw_xml\PMC11515576.xml.gz,2026-08-07T09:51:47.722191Z,1,
PMC11524252,10.48130/FR-2023-0001,Evolution of plant sex and molecular mechanisms underlying plants sex separation,https://europepmc.org/articles/PMC11524252,https://www.ebi.ac.uk/europepmc/webservices/rest/PMC11524252/fullTextXML,cached,cc by,12160b7a5b38a116dc688e9f1f22e2469da0e2c321b9b50dc1e911717fcddf25,data\v2\staging\traits\direct_llm_pilot\20260807_europe_pmc_reproduction_scale\raw_xml\PMC11524252.xml.gz,2026-08-07T09:51:47.752782Z,2,
PMC11532727,10.2903/j.efsa.2024.9051,Commodity risk assessment of,https://europepmc.org/articles/PMC11532727,https://www.ebi.ac.uk/europepmc/webservices/rest/PMC11532727/fullTextXML,cached,cc by-nd,0d1b770295cda7b6da6e9f585d57b94744205e73ad78041448d9e67b70264654,data\v2\staging\traits\direct_llm_pilot\20260807_europe_pmc_reproduction_scale\raw_xml\PMC11532727.xml.gz,2026-08-07T09:51:47.816129Z,8,
PMC11537901,10.3389/fgene.2024.1468596,Chloroplast genome sequencing and divergence analysis of 18,https://europepmc.org/articles/PMC11537901,https://www.ebi.ac.uk/europepmc/webservices/rest/PMC11537901/fullTextXML,cached,cc by,5dc28017a362f1367d87ebb6af72ec90c15c673d6c59cae9857e87ffc5e1b97c,data\v2\staging\traits\direct_llm_pilot\20260807_europe_pmc_reproduction_scale\raw_xml\PMC11537901.xml.gz,2026-08-07T09:51:47.891874Z,1,
PMC11583844,10.1111/jipb.13789,The,https://europepmc.org/articles/PMC11583844,https://www.ebi.ac.uk/europepmc/webservices/rest/PMC11583844/fullTextXML,cached,cc by-nc-nd,1c738f77684254d7c6684843c8badf21dc92a055ce3e2ff3383524df6d2ea6ce,data\v2\staging\traits\direct_llm_pilot\20260807_europe_pmc_reproduction_scale\raw_xml\PMC11583844.xml.gz,2026-08-07T09:51:48.245838Z,1,
PMC11588355,10.1002/ece3.70636,Assessment of Climate Change Impacts on the Distribution of Endangered and Endemic,https://europepmc.org/articles/PMC11588355,https://www.ebi.ac.uk/europepmc/webservices/rest/PMC11588355/fullTextXML,cached,cc by,ea7fc932046e58836e5fac2f5a0f9eba941a6c9f80702bb7b551b89c34d0bfde,data\v2\staging\traits\direct_llm_pilot\20260807_europe_pmc_reproduction_scale\raw_xml\PMC11588355.xml.gz,2026-08-07T09:51:48.347891Z,1,
PMC11593677,10.3390/genes15111417,Comprehensive Evaluation of Cryptic,https://europepmc.org/articles/PMC11593677,https://www.ebi.ac.uk/europepmc/webservices/rest/PMC11593677/fullTextXML,cached,cc by,6de3bf6205e1705f82a2715596744f04e2754656559b16314f529477c4571355,data\v2\staging\traits\direct_llm_pilot\20260807_europe_pmc_reproduction_scale\raw_xml\PMC11593677.xml.gz,2026-08-07T09:51:48.497225Z,1,
PMC11613950,10.1186/s12870-024-05803-0,Reproductive biology of,https://europepmc.org/articles/PMC11613950,https://www.ebi.ac.uk/europepmc/webservices/rest/PMC11613950/fullTextXML,cached,cc by-nc-nd,056afd99eb4ba918979fb5a8cb7e0283166771e9932e3228f01e8645b8244dd7,data\v2\staging\traits\direct_llm_pilot\20260807_europe_pmc_reproduction_scale\raw_xml\PMC11613950.xml.gz,2026-08-07T09:51:48.525032Z,1,
PMC11643848,10.3390/molecules29235671,Structure-Activity of Plant Growth Bioregulators and Their Effects on Mammals,https://europepmc.org/articles/PMC11643848,https://www.ebi.ac.uk/europepmc/webservices/rest/PMC11643848/fullTextXML,cached,cc by,349c01ec20a067cda4d75d48036b1c16ddc3087b5cb6e8d474aa2996f49885ff,data\v2\staging\traits\direct_llm_pilot\20260807_europe_pmc_reproduction_scale\raw_xml\PMC11643848.xml.gz,2026-08-07T09:51:48.655966Z,1,
PMC11698871,10.1038/s41598-024-84538-2,Floral morphological and chemical analyses of,https://europepmc.org/articles/PMC11698871,https://www.ebi.ac.uk/europepmc/webservices/rest/PMC11698871/fullTextXML,cached,cc by-nc-nd,39906d79771abc19eb30f6be7c4eb08492e8780a2003df7fa445f0bf35daadca,data\v2\staging\traits\direct_llm_pilot\20260807_europe_pmc_reproduction_scale\raw_xml\PMC11698871.xml.gz,2026-08-07T09:51:48.706950Z,1,
PMC11699060,10.1038/s41598-024-83004-3,Phylotranscriptomics resolved phylogenetic relationships and divergence time between 20 golden camellia species,https://europepmc.org/articles/PMC11699060,https://www.ebi.ac.uk/europepmc/webservices/rest/PMC11699060/fullTextXML,cached,cc by-nc-nd,8bd9928d8056a7c107e08f2fb5fb68bdb2e379c26965e0087c72f093afb80fbf,data\v2\staging\traits\direct_llm_pilot\20260807_europe_pmc_reproduction_scale\raw_xml\PMC11699060.xml.gz,2026-08-07T09:51:49.157970Z,1,
PMC11756074,10.1186/s43897-024-00134-y,Peptide hormones in plants,https://europepmc.org/articles/PMC11756074,https://www.ebi.ac.uk/europepmc/webservices/rest/PMC11756074/fullTextXML,cached,cc by,f20d34c2a273e1d171c9f9185ee79f61c570ccf58772af5776f7be82dd023d7a,data\v2\staging\traits\direct_llm_pilot\20260807_europe_pmc_reproduction_scale\raw_xml\PMC11756074.xml.gz,2026-08-07T09:51:49.327774Z,1,
PMC11760094,10.1186/s12870-025-06073-0,Population genetic structure of,https://europepmc.org/articles/PMC11760094,https://www.ebi.ac.uk/europepmc/webservices/rest/PMC11760094/fullTextXML,cached,cc by-nc-nd,2d057a97f88a38bb5a76304bbf84e85e35075cb7461285d68a39a2637391e40e,data\v2\staging\traits\direct_llm_pilot\20260807_europe_pmc_reproduction_scale\raw_xml\PMC11760094.xml.gz,2026-08-07T09:51:49.343468Z,1,
PMC11789526,10.1093/hr/uhae293,Genome editing for grass improvement and future agriculture,https://europepmc.org/articles/PMC11789526,https://www.ebi.ac.uk/europepmc/webservices/rest/PMC11789526/fullTextXML,cached,cc by,938dbd0753fccd3fd14f0441a8d8e4063ef41e84e7fcdb12ba73129d7b4d1e9d,data\v2\staging\traits\direct_llm_pilot\20260807_europe_pmc_reproduction_scale\raw_xml\PMC11789526.xml.gz,2026-08-07T09:51:49.364309Z,1,
PMC11805945,10.1093/aob/mcad193,Better soon than never: climate change induces strong phenological reassembly in the flowering of a Mediterranean shrub community,https://europepmc.org/articles/PMC11805945,https://www.ebi.ac.uk/europepmc/webservices/rest/PMC11805945/fullTextXML,cached,cc by,674bad8bdad6230c8e33fe4f4f008a53093becd3042014cef9add3afc9c47f60,data\v2\staging\traits\direct_llm_pilot\20260807_europe_pmc_reproduction_scale\raw_xml\PMC11805945.xml.gz,2026-08-07T09:51:49.890445Z,2,
PMC11848423,10.2903/j.efsa.2025.9277,Commodity risk assessment of,https://europepmc.org/articles/PMC11848423,https://www.ebi.ac.uk/europepmc/webservices/rest/PMC11848423/fullTextXML,cached,cc by-nd,627f3d5e428c347a4efbdcf737e136fb4acfdb1982edbdcd21533ba4d664ee51,data\v2\staging\traits\direct_llm_pilot\20260807_europe_pmc_reproduction_scale\raw_xml\PMC11848423.xml.gz,2026-08-07T09:51:49.890901Z,7,
PMC11850988,10.1002/ece3.70974,Living Away From Specialized Pollinators: The Pollination System of,https://europepmc.org/articles/PMC11850988,https://www.ebi.ac.uk/europepmc/webservices/rest/PMC11850988/fullTextXML,cached,cc by,6afe10b94a5285a9dbb053ca259f59e0752a26fe67eec2c77d6d3fd5652b724a,data\v2\staging\traits\direct_llm_pilot\20260807_europe_pmc_reproduction_scale\raw_xml\PMC11850988.xml.gz,2026-08-07T09:51:50.631981Z,2,
PMC11874775,10.1186/s12870-025-06199-1,Morphological and molecular evidence supporting advantages of apomictic seed production in castor bean (,https://europepmc.org/articles/PMC11874775,https://www.ebi.ac.uk/europepmc/webservices/rest/PMC11874775/fullTextXML,cached,cc by-nc-nd,6637c234d04812053024403a1b69459497d600eb11abf5357f8996543e1fdcf2,data\v2\staging\traits\direct_llm_pilot\20260807_europe_pmc_reproduction_scale\raw_xml\PMC11874775.xml.gz,2026-08-07T09:51:51.044224Z,1,
PMC11876585,10.1038/s41467-025-57448-8,A long road ahead to reliable and complete medicinal plant genomes,https://europepmc.org/articles/PMC11876585,https://www.ebi.ac.uk/europepmc/webservices/rest/PMC11876585/fullTextXML,cached,cc by-nc-nd,be555639c0fcfa651f39527b71720d19db66975655f285e2e6dbd8b93d786902,data\v2\staging\traits\direct_llm_pilot\20260807_europe_pmc_reproduction_scale\raw_xml\PMC11876585.xml.gz,2026-08-07T09:51:51.119309Z,1,
PMC11885612,10.1038/s41598-025-92155-w,Role of genetic diversity and salicylic acid in drought stress memory of tall fescue,https://europepmc.org/articles/PMC11885612,https://www.ebi.ac.uk/europepmc/webservices/rest/PMC11885612/fullTextXML,cached,cc by-nc-nd,cd6dc6789fe465416dbcce3e8bdc2c4fc3ee99fcfbeb3c6ac35a1e01182288ec,data\v2\staging\traits\direct_llm_pilot\20260807_europe_pmc_reproduction_scale\raw_xml\PMC11885612.xml.gz,2026-08-07T09:51:51.774862Z,1,
PMC11905475,10.1186/s12862-025-02356-0,"Short-distance seed and pollen dispersal in both hunted and intact forests in the lower canopy African rainforest tree,",https://europepmc.org/articles/PMC11905475,https://www.ebi.ac.uk/europepmc/webservices/rest/PMC11905475/fullTextXML,cached,cc by-nc-nd,c3de0fd0b100982bf5def1a75df52a5e04aa52ff527da323179a15ed66ac34e2,data\v2\staging\traits\direct_llm_pilot\20260807_europe_pmc_reproduction_scale\raw_xml\PMC11905475.xml.gz,2026-08-07T09:51:52.319572Z,1,
PMC11931401,10.2903/j.efsa.2025.9305,Commodity risk assessment of,https://europepmc.org/articles/PMC11931401,https://www.ebi.ac.uk/europepmc/webservices/rest/PMC11931401/fullTextXML,cached,cc by-nd,2728bcd9bb4f5af4c9eacca0dab96b020ec40569f5fc138ba56026579854eff9,data\v2\staging\traits\direct_llm_pilot\20260807_europe_pmc_reproduction_scale\raw_xml\PMC11931401.xml.gz,2026-08-07T09:51:52.662580Z,6,
PMC11941796,10.3390/genes16030280,Insight into the Characterization of Two Female Suppressor Gene Families:,https://europepmc.org/articles/PMC11941796,https://www.ebi.ac.uk/europepmc/webservices/rest/PMC11941796/fullTextXML,fetched,cc by,d46842906208402dc71eef1f3041984b244d85773756f48e22e20ee0f12ad701,data\v2\staging\traits\direct_llm_pilot\20260807_europe_pmc_reproduction_scale\raw_xml\PMC11941796.xml.gz,2026-08-07T09:51:52.662914Z,1,
PMC11942103,10.3390/genes16030242,Chromosome Morphology and Heterochromatin Patterns in,https://europepmc.org/articles/PMC11942103,https://www.ebi.ac.uk/europepmc/webservices/rest/PMC11942103/fullTextXML,fetched,cc by,16fa545e315c236cc408634fedbc47a746450457b49a8a861bbd1f333f05e4a3,data\v2\staging\traits\direct_llm_pilot\20260807_europe_pmc_reproduction_scale\raw_xml\PMC11942103.xml.gz,2026-08-07T09:51:53.893707Z,1,
PMC11949568,10.1002/ece3.71184,Unveiling Heterospecific Pollen Deposition in,https://europepmc.org/articles/PMC11949568,https://www.ebi.ac.uk/europepmc/webservices/rest/PMC11949568/fullTextXML,fetched,cc by,860c6a204c609f79004f331842cfb488c2ec0df5c8b7eb7c7cbe76821229c391,data\v2\staging\traits\direct_llm_pilot\20260807_europe_pmc_reproduction_scale\raw_xml\PMC11949568.xml.gz,2026-08-07T09:51:55.907272Z,1,
PMC11982787,10.1111/nph.70050,"Nectar peroxide: assessing variation among plant species, microbial tolerance, and effects on microbial community assembly",https://europepmc.org/articles/PMC11982787,https://www.ebi.ac.uk/europepmc/webservices/rest/PMC11982787/fullTextXML,fetched,cc by-nc-nd,8ad4565aaa549b4085776e8c5083f3cba2519ec2f87dd6dc6e03185b1875b49c,data\v2\staging\traits\direct_llm_pilot\20260807_europe_pmc_reproduction_scale\raw_xml\PMC11982787.xml.gz,2026-08-07T09:51:56.657140Z,1,
PMC11990690,10.3390/plants14071040,"Major Bioactive Compounds in Seeds, Husks, and Leaves of Selected Genotypes of",https://europepmc.org/articles/PMC11990690,https://www.ebi.ac.uk/europepmc/webservices/rest/PMC11990690/fullTextXML,fetched,cc by,fd20690624f3f094fc02e6ff7363dbab240a4521a325f9eb7c0564005607e7c9,data\v2\staging\traits\direct_llm_pilot\20260807_europe_pmc_reproduction_scale\raw_xml\PMC11990690.xml.gz,2026-08-07T09:52:02.207608Z,1,
PMC12026846,10.3390/genes16040426,Tribe Paniceae Cereals with Different Ploidy Levels:,https://europepmc.org/articles/PMC12026846,https://www.ebi.ac.uk/europepmc/webservices/rest/PMC12026846/fullTextXML,fetched,cc by,d497fa7bc8151fc3efaf8a4baaa5e40bd6bff1ca46e297f3a83bbae2a8896cfc,data\v2\staging\traits\direct_llm_pilot\20260807_europe_pmc_reproduction_scale\raw_xml\PMC12026846.xml.gz,2026-08-07T09:52:02.985362Z,1,
PMC12033343,10.1038/s41598-025-99335-8,Characterisation of the,https://europepmc.org/articles/PMC12033343,https://www.ebi.ac.uk/europepmc/webservices/rest/PMC12033343/fullTextXML,fetched,cc by,dc191b1a302279783dfb1d6119c7803b8deb0e9226b9922886594042789c0fac,data\v2\staging\traits\direct_llm_pilot\20260807_europe_pmc_reproduction_scale\raw_xml\PMC12033343.xml.gz,2026-08-07T09:52:03.514869Z,1,
PMC12043751,10.1007/s00442-025-05718-z,Pollination efficiency of hummingbirds and flowerpiercers at the flowers of,https://europepmc.org/articles/PMC12043751,https://www.ebi.ac.uk/europepmc/webservices/rest/PMC12043751/fullTextXML,fetched,cc by,9ef6e5a24ed827b4c07b46919f115085f53ed9ee2ac2bacdc602b926860ea2d4,data\v2\staging\traits\direct_llm_pilot\20260807_europe_pmc_reproduction_scale\raw_xml\PMC12043751.xml.gz,2026-08-07T09:52:04.492585Z,1,
PMC12073494,10.3390/plants14091282,Silicon-Mediated Modulation of Olive Leaf Phytochemistry: Genotype-Specific and Stress-Dependent Responses,https://europepmc.org/articles/PMC12073494,https://www.ebi.ac.uk/europepmc/webservices/rest/PMC12073494/fullTextXML,fetched,cc by,eece77617df96be48c1237d352294f97437d29e48ee2fc87adf46faa68892197,data\v2\staging\traits\direct_llm_pilot\20260807_europe_pmc_reproduction_scale\raw_xml\PMC12073494.xml.gz,2026-08-07T09:52:05.326758Z,1,
PMC12085070,10.1186/s12870-025-06676-7,A sexual/apomictic consensus linkage map of,https://europepmc.org/articles/PMC12085070,https://www.ebi.ac.uk/europepmc/webservices/rest/PMC12085070/fullTextXML,fetched,cc by-nc-nd,f6a6ef05d6d9390c82b4f9cf5f2962b328003f1f403283df872acc5203518f6c,data\v2\staging\traits\direct_llm_pilot\20260807_europe_pmc_reproduction_scale\raw_xml\PMC12085070.xml.gz,2026-08-07T09:52:05.657227Z,1,
PMC12094066,10.1002/ajb2.70034,The spatial distribution of a hummingbird‐pollinated plant is not strongly influenced by hummingbird abundance,https://europepmc.org/articles/PMC12094066,https://www.ebi.ac.uk/europepmc/webservices/rest/PMC12094066/fullTextXML,fetched,cc by,9ad645f4211430259cf9593af7e7ce8dd3797aad5e613b22f02e511cca0cea63,data\v2\staging\traits\direct_llm_pilot\20260807_europe_pmc_reproduction_scale\raw_xml\PMC12094066.xml.gz,2026-08-07T09:52:06.016562Z,1,
PMC12127771,10.1002/ece3.71491,Density‐Dependent Effects on the Reproductive Ecology of Trees in a Temperate Woodland,https://europepmc.org/articles/PMC12127771,https://www.ebi.ac.uk/europepmc/webservices/rest/PMC12127771/fullTextXML,fetched,cc by,ebd9505fe555a624c42acf9b2187aac1a70844290d25babb80965f05beda2e68,data\v2\staging\traits\direct_llm_pilot\20260807_europe_pmc_reproduction_scale\raw_xml\PMC12127771.xml.gz,2026-08-07T09:52:06.037952Z,1,
PMC12167963,10.2903/j.efsa.2025.9496,Commodity risk assessment of,https://europepmc.org/articles/PMC12167963,https://www.ebi.ac.uk/europepmc/webservices/rest/PMC12167963/fullTextXML,fetched,cc by-nd,c2b1086c4151fee502dbe9ecdc5de50401d99366295d879b55d0a98148ccb474,data\v2\staging\traits\direct_llm_pilot\20260807_europe_pmc_reproduction_scale\raw_xml\PMC12167963.xml.gz,2026-08-07T09:52:06.500670Z,4,
PMC12187403,10.1098/rspb.2025.0891,Pollen genotyping by SABER–MassARRAY reveals that fewer than half of honey bee visits can cross-pollinate a self-incompatible crop,https://europepmc.org/articles/PMC12187403,https://www.ebi.ac.uk/europepmc/webservices/rest/PMC12187403/fullTextXML,fetched,cc by,19b26f014bab0e018afab15fe5570fb4bbd6a9920ae8616cec9915b257c31a27,data\v2\staging\traits\direct_llm_pilot\20260807_europe_pmc_reproduction_scale\raw_xml\PMC12187403.xml.gz,2026-08-07T09:52:06.902948Z,1,
PMC12188474,10.3389/fpls.2025.1542519,Abiotic stress responses in forage crops and grasses: the role of secondary metabolites and biotechnological interventions,https://europepmc.org/articles/PMC12188474,https://www.ebi.ac.uk/europepmc/webservices/rest/PMC12188474/fullTextXML,fetched,cc by,aba4271987d28c36679c5337baea8b3559c8f67494e9dfa73f5c5c73e8b14d20,data\v2\staging\traits\direct_llm_pilot\20260807_europe_pmc_reproduction_scale\raw_xml\PMC12188474.xml.gz,2026-08-07T09:52:07.175562Z,1,
PMC12188625,10.1002/aps3.70015,Applying interpretable machine learning to assess intraspecific trait divergence under landscape‐scale population differentiation,https://europepmc.org/articles/PMC12188625,https://www.ebi.ac.uk/europepmc/webservices/rest/PMC12188625/fullTextXML,fetched,cc by,400dd61c4edf355beecf155c3583845f4ed9385506f71619b56370d99218b78d,data\v2\staging\traits\direct_llm_pilot\20260807_europe_pmc_reproduction_scale\raw_xml\PMC12188625.xml.gz,2026-08-07T09:52:07.271793Z,2,
PMC12192596,10.3390/ijms26125879,Assessing Genetic Variation in,https://europepmc.org/articles/PMC12192596,https://www.ebi.ac.uk/europepmc/webservices/rest/PMC12192596/fullTextXML,fetched,cc by,04f0b728b732020d2c00f92b7e0d7d832b8492fca21f089862f5efbf6b2c906a,data\v2\staging\traits\direct_llm_pilot\20260807_europe_pmc_reproduction_scale\raw_xml\PMC12192596.xml.gz,2026-08-07T09:52:08.302933Z,1,
PMC12197116,10.3390/plants14121774,"Floral Biology, Breeding System and Conservation Implications for the Azorean Endemic",https://europepmc.org/articles/PMC12197116,https://www.ebi.ac.uk/europepmc/webservices/rest/PMC12197116/fullTextXML,fetched,cc by,b71c474a30ddf514902e6836e1f0fad9a61766c588a8b2b8e4aec68ebe33c026,data\v2\staging\traits\direct_llm_pilot\20260807_europe_pmc_reproduction_scale\raw_xml\PMC12197116.xml.gz,2026-08-07T09:52:08.761640Z,2,
PMC12198316,10.1007/s00299-025-03546-2,"Female gametophyte development, pollen‒pistil interactions and embryogenic patterns in chicory (",https://europepmc.org/articles/PMC12198316,https://www.ebi.ac.uk/europepmc/webservices/rest/PMC12198316/fullTextXML,fetched,cc by-nc-nd,13df75cf3f49d22de98637f0b366479293df38b3ab20dcb6dc9c613ba07a6ad0,data\v2\staging\traits\direct_llm_pilot\20260807_europe_pmc_reproduction_scale\raw_xml\PMC12198316.xml.gz,2026-08-07T09:52:08.811324Z,1,
PMC12203254,10.1270/jsbbs.24065,The impact of telomere-to-telomere genome assembly in the plant pan-genomics era,https://europepmc.org/articles/PMC12203254,https://www.ebi.ac.uk/europepmc/webservices/rest/PMC12203254/fullTextXML,fetched,cc by,9402a65bc62a2769f33b096fae89808f2201a10684ecc6fcf795deb6f8c1fac5,data\v2\staging\traits\direct_llm_pilot\20260807_europe_pmc_reproduction_scale\raw_xml\PMC12203254.xml.gz,2026-08-07T09:52:08.816007Z,1,
PMC12218201,10.1093/gigascience/giaf046,The genome of,https://europepmc.org/articles/PMC12218201,https://www.ebi.ac.uk/europepmc/webservices/rest/PMC12218201/fullTextXML,fetched,cc by,f09c8ffa2db866fcd748bfdaa804f837120189746ddd023d524e0765611a52a4,data\v2\staging\traits\direct_llm_pilot\20260807_europe_pmc_reproduction_scale\raw_xml\PMC12218201.xml.gz,2026-08-07T09:52:09.194250Z,1,
PMC12220515,10.1186/s12870-025-06835-w,The mechanism of PGR-free direct organogenesis in,https://europepmc.org/articles/PMC12220515,https://www.ebi.ac.uk/europepmc/webservices/rest/PMC12220515/fullTextXML,fetched,cc by-nc-nd,db2199fd0276010eeebcf076c2b0a9728aba46cd04f4d0a94cc7757714426a4d,data\v2\staging\traits\direct_llm_pilot\20260807_europe_pmc_reproduction_scale\raw_xml\PMC12220515.xml.gz,2026-08-07T09:52:10.089766Z,1,
PMC12251907,10.3390/plants14132039,Assessment of the Status of,https://europepmc.org/articles/PMC12251907,https://www.ebi.ac.uk/europepmc/webservices/rest/PMC12251907/fullTextXML,fetched,cc by,f9103ef4956bebc36a537c39a7197db3c165fbc4f63e70517b3d392c3324703e,data\v2\staging\traits\direct_llm_pilot\20260807_europe_pmc_reproduction_scale\raw_xml\PMC12251907.xml.gz,2026-08-07T09:52:11.569518Z,1,
PMC12256298,10.1016/j.isci.2025.112836,Accelerating domestication of perennial plants with genomics,https://europepmc.org/articles/PMC12256298,https://www.ebi.ac.uk/europepmc/webservices/rest/PMC12256298/fullTextXML,fetched,cc by-nc,1e09bbc6fb7a6593e3f69f3fd96468c518b4f4e3347d2a2c7a4557d34b7a409b,data\v2\staging\traits\direct_llm_pilot\20260807_europe_pmc_reproduction_scale\raw_xml\PMC12256298.xml.gz,2026-08-07T09:52:11.928530Z,1,
PMC12270471,10.1111/tpj.70294,"Through the lens of bioenergy crops: advances, bottlenecks, and promises of plant engineering",https://europepmc.org/articles/PMC12270471,https://www.ebi.ac.uk/europepmc/webservices/rest/PMC12270471/fullTextXML,fetched,cc by,4c14044f45b8c58804b7ec5d2b30a4e2d38693b5f3519b41d5da1f7de4c450ad,data\v2\staging\traits\direct_llm_pilot\20260807_europe_pmc_reproduction_scale\raw_xml\PMC12270471.xml.gz,2026-08-07T09:52:12.177206Z,1,
PMC12279857,10.3389/fpls.2025.1619267,Complete plastome and mitogenome assembly of endangered tree,https://europepmc.org/articles/PMC12279857,https://www.ebi.ac.uk/europepmc/webservices/rest/PMC12279857/fullTextXML,fetched,cc by,13273ff6732debea90c40386654f5ce4613d0d07c5eb6638d9b927a37f690a69,data\v2\staging\traits\direct_llm_pilot\20260807_europe_pmc_reproduction_scale\raw_xml\PMC12279857.xml.gz,2026-08-07T09:52:13.225624Z,1,
PMC12286863,10.1038/s41586-025-09065-0,Domesticated cannabinoid synthases amid a wild mosaic cannabis pangenome,https://europepmc.org/articles/PMC12286863,https://www.ebi.ac.uk/europepmc/webservices/rest/PMC12286863/fullTextXML,fetched,cc by,a028f1ea1ce38784abf5b99eec54c011244f2b9cecaadbda5dd8bb7290585677,data\v2\staging\traits\direct_llm_pilot\20260807_europe_pmc_reproduction_scale\raw_xml\PMC12286863.xml.gz,2026-08-07T09:52:13.517274Z,1,
PMC12310747,10.3389/fpls.2025.1638144,&lt;i&gt;In planta&lt;/i&gt; transformation methods to accelerate the domestication of perennial grain crops.,https://europepmc.org/articles/PMC12310747,https://www.ebi.ac.uk/europepmc/webservices/rest/PMC12310747/fullTextXML,fetched,cc by,384e4a241ab22125eb87cec060ed8b4b565902d27833a0db15aa0390f4e8a13f,data\v2\staging\traits\direct_llm_pilot\20260807_europe_pmc_reproduction_scale\raw_xml\PMC12310747.xml.gz,2026-08-07T09:52:13.517645Z,1,
PMC12311847,10.1098/rsos.240675,Pollen collection by the western honeybee and common eastern bumble bee foraging in a common landscape and applications for agri-environment schemes,https://europepmc.org/articles/PMC12311847,https://www.ebi.ac.uk/europepmc/webservices/rest/PMC12311847/fullTextXML,fetched,cc by,1d5920bc0963dcdf97e650e95db13d19589f73c1eed6e1acdda77871dffb8b6a,data\v2\staging\traits\direct_llm_pilot\20260807_europe_pmc_reproduction_scale\raw_xml\PMC12311847.xml.gz,2026-08-07T09:52:13.748884Z,1,
PMC12317844,10.1093/jeb/voaf053,The Tree of Sex consortium: a global initiative for studying the evolution of reproduction in eukaryotes,https://europepmc.org/articles/PMC12317844,https://www.ebi.ac.uk/europepmc/webservices/rest/PMC12317844/fullTextXML,fetched,cc by,d17cb2a78c36d317f62a63f73ce003385db2f3b25f41f745f5ee1f4b025ccf54,data\v2\staging\traits\direct_llm_pilot\20260807_europe_pmc_reproduction_scale\raw_xml\PMC12317844.xml.gz,2026-08-07T09:52:13.824307Z,1,
PMC12348731,10.3390/plants14152311,"Advances in Genetic Diversity of Germplasm Resources, Origin and Evolution of Turnip Rape (",https://europepmc.org/articles/PMC12348731,https://www.ebi.ac.uk/europepmc/webservices/rest/PMC12348731/fullTextXML,fetched,cc by,909c1c5d6440ac4590f979dfb276c06d7f6f0164d88b44c7da2ad64ef80e62d6,data\v2\staging\traits\direct_llm_pilot\20260807_europe_pmc_reproduction_scale\raw_xml\PMC12348731.xml.gz,2026-08-07T09:52:14.473177Z,1,
PMC12349476,10.3390/plants14152351,Tree Selection of,https://europepmc.org/articles/PMC12349476,https://www.ebi.ac.uk/europepmc/webservices/rest/PMC12349476/fullTextXML,fetched,cc by,4ea8c850a13a4f21c61ff5abc5311e7e02e0397c2852adf8a000a450bfc1bd92,data\v2\staging\traits\direct_llm_pilot\20260807_europe_pmc_reproduction_scale\raw_xml\PMC12349476.xml.gz,2026-08-07T09:52:14.706528Z,1,
PMC12357550,10.7717/peerj.19880,The effects of biotic stress on the sexual reproduction process of flowering plants,https://europepmc.org/articles/PMC12357550,https://www.ebi.ac.uk/europepmc/webservices/rest/PMC12357550/fullTextXML,fetched,cc by,efe0d433ea00bb3b871d6812ad121d13db897f208a75cabfa99f5c46ec019c34,data\v2\staging\traits\direct_llm_pilot\20260807_europe_pmc_reproduction_scale\raw_xml\PMC12357550.xml.gz,2026-08-07T09:52:15.160797Z,1,
PMC12376112,10.1002/tpg2.70079,Chromosome‐level haplotype‐resolved genome assembly provides insights into the highly heterozygous genome of Italian ryegrass (,https://europepmc.org/articles/PMC12376112,https://www.ebi.ac.uk/europepmc/webservices/rest/PMC12376112/fullTextXML,fetched,cc by,43314c4429337f29a588ac6dcef9a46a69b86edbf6f7224d4a403f3579c17d4c,data\v2\staging\traits\direct_llm_pilot\20260807_europe_pmc_reproduction_scale\raw_xml\PMC12376112.xml.gz,2026-08-07T09:52:15.703973Z,1,
PMC12403368,10.3389/fpls.2025.1560470,&lt;i&gt;LsNAC46&lt;/i&gt; regulates heat-resistance and growth in lettuce (&lt;i&gt;Lactuca sativa&lt;/i&gt; L.).,https://europepmc.org/articles/PMC12403368,https://www.ebi.ac.uk/europepmc/webservices/rest/PMC12403368/fullTextXML,fetched,cc by,97bb218236171e69c8e69f7526d8a487faf938c0c1772ebdcc0454cb3ce8805c,data\v2\staging\traits\direct_llm_pilot\20260807_europe_pmc_reproduction_scale\raw_xml\PMC12403368.xml.gz,2026-08-07T09:52:15.767981Z,1,
PMC12445865,10.1093/aob/mcaf047,"Self-sterility, self-incompatibility and xenia: a review of the mechanisms of cross-pollination benefits in animal-pollinated crops",https://europepmc.org/articles/PMC12445865,https://www.ebi.ac.uk/europepmc/webservices/rest/PMC12445865/fullTextXML,fetched,cc by,466675b5ecc7b518b9a580c27baabb3a61770f4d2f743e884fe5729f9b5c7892,data\v2\staging\traits\direct_llm_pilot\20260807_europe_pmc_reproduction_scale\raw_xml\PMC12445865.xml.gz,2026-08-07T09:52:17.117165Z,1,
PMC12449061,10.1093/plphys/kiaf378,"Beautiful and delicious mutants: The origins, fates, and benefits of molecular sequence variation in plant evolution and breeding",https://europepmc.org/articles/PMC12449061,https://www.ebi.ac.uk/europepmc/webservices/rest/PMC12449061/fullTextXML,fetched,cc by,b03ad828e09657ecd61a25732133c4d23355a3ba665b823a3198a370f536c18e,data\v2\staging\traits\direct_llm_pilot\20260807_europe_pmc_reproduction_scale\raw_xml\PMC12449061.xml.gz,2026-08-07T09:52:17.319607Z,1,
PMC12464953,10.1093/aob/mcaf069,Tiny but significant: on the importance of thrips as pollinators,https://europepmc.org/articles/PMC12464953,https://www.ebi.ac.uk/europepmc/webservices/rest/PMC12464953/fullTextXML,fetched,cc by,dfef1fb4f00f807295a3ca09055b901bf122bf198bc5163c5b67ddd3822ed260,data\v2\staging\traits\direct_llm_pilot\20260807_europe_pmc_reproduction_scale\raw_xml\PMC12464953.xml.gz,2026-08-07T09:52:17.509186Z,2,
PMC12509882,10.1093/jxb/eraf211,How to lose a whorl: the evolutionary and developmental biology of apetaly,https://europepmc.org/articles/PMC12509882,https://www.ebi.ac.uk/europepmc/webservices/rest/PMC12509882/fullTextXML,fetched,cc by-nc,85793628a269a6e503af62f9a8aba8ba6ba5a4c7295712b41e7fce91c3dbd611,data\v2\staging\traits\direct_llm_pilot\20260807_europe_pmc_reproduction_scale\raw_xml\PMC12509882.xml.gz,2026-08-07T09:52:18.258620Z,1,
PMC12515247,10.1007/s00122-025-05054-z,"Genetic and genomic resources for turfgrasses: status, applications, and prospects",https://europepmc.org/articles/PMC12515247,https://www.ebi.ac.uk/europepmc/webservices/rest/PMC12515247/fullTextXML,fetched,cc by-nc-nd,0bdbc1cda4c1c6911d87075e0eb11f4637bbc078941fc356c69e4f0f74a97c1b,data\v2\staging\traits\direct_llm_pilot\20260807_europe_pmc_reproduction_scale\raw_xml\PMC12515247.xml.gz,2026-08-07T09:52:18.258894Z,2,
PMC12526092,10.3390/plants14193076,Advances in Plant Species Recognition Mediated by Root Exudates: A Review,https://europepmc.org/articles/PMC12526092,https://www.ebi.ac.uk/europepmc/webservices/rest/PMC12526092/fullTextXML,fetched,cc by,4837a7217fab5226e88e0e28ce33fce25d92cdda7e6b098531fbd24728200c57,data\v2\staging\traits\direct_llm_pilot\20260807_europe_pmc_reproduction_scale\raw_xml\PMC12526092.xml.gz,2026-08-07T09:52:18.340704Z,1,
PMC12539870,10.1093/hr/uhaf186,Harnessing apomixis: natural mechanisms and synthetic innovations for advancing crop and forage breeding,https://europepmc.org/articles/PMC12539870,https://www.ebi.ac.uk/europepmc/webservices/rest/PMC12539870/fullTextXML,fetched,cc by,0d65ff4180c89547ea97bf1a4782d596608b9ab30b55b081cb8162de7d6f06b7,data\v2\staging\traits\direct_llm_pilot\20260807_europe_pmc_reproduction_scale\raw_xml\PMC12539870.xml.gz,2026-08-07T09:52:18.560237Z,1,
PMC12586303,10.1111/brv.70043,Reversibility of sex changes in the plant kingdom: more important than we thought?,https://europepmc.org/articles/PMC12586303,https://www.ebi.ac.uk/europepmc/webservices/rest/PMC12586303/fullTextXML,fetched,cc by-nc,d3813a90b22214ba640215233d54e365295b0caf7917615e03c2a01bbda82d78,data\v2\staging\traits\direct_llm_pilot\20260807_europe_pmc_reproduction_scale\raw_xml\PMC12586303.xml.gz,2026-08-07T09:52:18.745677Z,3,
PMC12610066,10.3390/plants14213374,Genome-Wide SNP Analysis Reveals Population Structure and Genetic Diversity in,https://europepmc.org/articles/PMC12610066,https://www.ebi.ac.uk/europepmc/webservices/rest/PMC12610066/fullTextXML,fetched,cc by,5f332585c55860f96e815bea32d7f5a3bfb30cb8e43c780489c051a8e9a5e517,data\v2\staging\traits\direct_llm_pilot\20260807_europe_pmc_reproduction_scale\raw_xml\PMC12610066.xml.gz,2026-08-07T09:52:20.286070Z,1,
PMC12617910,10.1371/journal.pone.0336528.r004,Development of SSR markers related to salinity resistance based on transcriptomic sequences in,https://europepmc.org/articles/PMC12617910,https://www.ebi.ac.uk/europepmc/webservices/rest/PMC12617910/fullTextXML,fetched,cc by,be03ea1fc84720c7c893db8e4d85e2c550097c04721b122feb55aac42a7be95a,data\v2\staging\traits\direct_llm_pilot\20260807_europe_pmc_reproduction_scale\raw_xml\PMC12617910.xml.gz,2026-08-07T09:52:20.298570Z,1,
PMC12640478,10.1002/ajb2.70124,American highbush cranberry maintains strong population structure despite naturalization of Eurasian relatives in North America,https://europepmc.org/articles/PMC12640478,https://www.ebi.ac.uk/europepmc/webservices/rest/PMC12640478/fullTextXML,fetched,cc by,f1de418307d20a03c047af4d768f4fec9a4e1dfc82dcd13dadd771f3bb3a24f0,data\v2\staging\traits\direct_llm_pilot\20260807_europe_pmc_reproduction_scale\raw_xml\PMC12640478.xml.gz,2026-08-07T09:52:20.330801Z,2,
PMC12642055,10.1186/s12870-025-07601-8,"Genome-wide development of genomic SSR markers, polymorphism analysis, and dosage-aware SSR fingerprinting in hexaploid",https://europepmc.org/articles/PMC12642055,https://www.ebi.ac.uk/europepmc/webservices/rest/PMC12642055/fullTextXML,fetched,cc by-nc-nd,7de4288d55659dc8503c8b063dfc6bfcfccd1166a665a98fc06306daf2c15e2c,data\v2\staging\traits\direct_llm_pilot\20260807_europe_pmc_reproduction_scale\raw_xml\PMC12642055.xml.gz,2026-08-07T09:52:20.716736Z,1,
PMC12664221,10.1186/s12870-025-07650-z,Assembly and comparative analysis of chromosomal mitochondrial genomes in multiple,https://europepmc.org/articles/PMC12664221,https://www.ebi.ac.uk/europepmc/webservices/rest/PMC12664221/fullTextXML,fetched,cc by-nc-nd,26d38fe0d14b21eb577744777007ecf16f12ed7add965725ad0edf7d3430f5d3,data\v2\staging\traits\direct_llm_pilot\20260807_europe_pmc_reproduction_scale\raw_xml\PMC12664221.xml.gz,2026-08-07T09:52:21.368609Z,1,
PMC12664643,10.1016/j.isci.2025.113951,Pollen-like trichomes may reward pollinators of,https://europepmc.org/articles/PMC12664643,https://www.ebi.ac.uk/europepmc/webservices/rest/PMC12664643/fullTextXML,fetched,cc by-nc,049f0117101082797d6bb0d00ed8327e0d7e2962a6c69b5f64b99cd12767a603,data\v2\staging\traits\direct_llm_pilot\20260807_europe_pmc_reproduction_scale\raw_xml\PMC12664643.xml.gz,2026-08-07T09:52:21.413902Z,2,
PMC12692191,10.3390/ijms262311391,The Potential of NGTs to Overcome Constraints in Plant Breeding and Their Regulatory Implications,https://europepmc.org/articles/PMC12692191,https://www.ebi.ac.uk/europepmc/webservices/rest/PMC12692191/fullTextXML,fetched,cc by,cf8afa47b72bcf97328bfb6513d9cf9b1e36b9b768d4339161ab4e71b58a74c8,data\v2\staging\traits\direct_llm_pilot\20260807_europe_pmc_reproduction_scale\raw_xml\PMC12692191.xml.gz,2026-08-07T09:52:21.444514Z,1,
PMC12694178,10.3390/plants14233682,Multi-Omics Analysis Unravels the Biosynthesis and Regulatory Mechanisms of Floral Scent Across Various Cultivars and Developmental Stages in,https://europepmc.org/articles/PMC12694178,https://www.ebi.ac.uk/europepmc/webservices/rest/PMC12694178/fullTextXML,fetched,cc by,4d7e82b72fac60071d251aa7b0eca3453fdee051a95535c6bfe6f8554eddfee7,data\v2\staging\traits\direct_llm_pilot\20260807_europe_pmc_reproduction_scale\raw_xml\PMC12694178.xml.gz,2026-08-07T09:52:21.474047Z,1,
PMC12710848,10.1111/plb.70125,A Trojan horse inside the gates: Alien–native mating interactions in mixed populations of,https://europepmc.org/articles/PMC12710848,https://www.ebi.ac.uk/europepmc/webservices/rest/PMC12710848/fullTextXML,fetched,cc by-nc,7c0379d300f014aca510dde74f30d3c85dd0e56db23359033ad0382ad4db8dd3,data\v2\staging\traits\direct_llm_pilot\20260807_europe_pmc_reproduction_scale\raw_xml\PMC12710848.xml.gz,2026-08-07T09:52:23.117101Z,1,
PMC12720278,10.2903/j.efsa.2025.9804,Commodity risk assessment of,https://europepmc.org/articles/PMC12720278,https://www.ebi.ac.uk/europepmc/webservices/rest/PMC12720278/fullTextXML,fetched,cc by-nd,771f80dc2f00205a2b308f4454a2c2b65be64a713090afb44bdfa46c81c315c6,data\v2\staging\traits\direct_llm_pilot\20260807_europe_pmc_reproduction_scale\raw_xml\PMC12720278.xml.gz,2026-08-07T09:52:23.194285Z,3,
PMC12723076,10.1002/pld3.70129,Speed Breeding Transgenic American Chestnut Trees Toward Restoration,https://europepmc.org/articles/PMC12723076,https://www.ebi.ac.uk/europepmc/webservices/rest/PMC12723076/fullTextXML,fetched,cc by-nc-nd,cd47cacaaea9647c53617829a4c89e9b095ea7e47b11f990c48b72c99ff3ff30,data\v2\staging\traits\direct_llm_pilot\20260807_europe_pmc_reproduction_scale\raw_xml\PMC12723076.xml.gz,2026-08-07T09:52:23.533130Z,1,
PMC12730033,10.3390/biology14121702,Analysis of Phenotypic Variability in Natural Populations of,https://europepmc.org/articles/PMC12730033,https://www.ebi.ac.uk/europepmc/webservices/rest/PMC12730033/fullTextXML,fetched,cc by,2b07980653845ef2b7a5492c77c1371625a91f1b780b7075a87a6351ed1d1621,data\v2\staging\traits\direct_llm_pilot\20260807_europe_pmc_reproduction_scale\raw_xml\PMC12730033.xml.gz,2026-08-07T09:52:23.648818Z,1,
PMC12737098,10.3390/plants14243794,First EST-SSRs of,https://europepmc.org/articles/PMC12737098,https://www.ebi.ac.uk/europepmc/webservices/rest/PMC12737098/fullTextXML,fetched,cc by,37ff44b556ed312fbfc1c088bcb0a0146e52a5696104816941174478588c29c9,data\v2\staging\traits\direct_llm_pilot\20260807_europe_pmc_reproduction_scale\raw_xml\PMC12737098.xml.gz,2026-08-07T09:52:24.128292Z,1,
PMC12752160,10.1186/s12870-025-07740-y,MYB gene from Endocarpon pusillum regulates growth and development and enhances drought tolerance in creeping bentgrass (Agrostis stolonifera L.).,https://europepmc.org/articles/PMC12752160,https://www.ebi.ac.uk/europepmc/webservices/rest/PMC12752160/fullTextXML,fetched,cc by-nc-nd,cb82fca5fbc3ceade2d40cb6bece49fc5cd1b8eb7ad24e725f2dc9deeb27f26b,data\v2\staging\traits\direct_llm_pilot\20260807_europe_pmc_reproduction_scale\raw_xml\PMC12752160.xml.gz,2026-08-07T09:52:24.283293Z,2,
PMC12758976,10.1002/ece3.72843,Different Flowering Strategies Ensure Reproductive Success in Two Coexisting Self‐Incompatible Orchids,https://europepmc.org/articles/PMC12758976,https://www.ebi.ac.uk/europepmc/webservices/rest/PMC12758976/fullTextXML,fetched,cc by,788f9fde052351e0617751f33d0cf6a5df36e5d10dcce5a43744551661d1608f,data\v2\staging\traits\direct_llm_pilot\20260807_europe_pmc_reproduction_scale\raw_xml\PMC12758976.xml.gz,2026-08-07T09:52:24.301660Z,1,
PMC12769679,10.1038/s41467-025-66688-7,Comparative genomics analyses reveal genomic variation and evolutionary adaptation in,https://europepmc.org/articles/PMC12769679,https://www.ebi.ac.uk/europepmc/webservices/rest/PMC12769679/fullTextXML,fetched,cc by-nc-nd,340483868b36c5e80294ee68290bd625fc7f5316db017f6fa602db4fe161f2b4,data\v2\staging\traits\direct_llm_pilot\20260807_europe_pmc_reproduction_scale\raw_xml\PMC12769679.xml.gz,2026-08-07T09:52:24.395356Z,1,
PMC12822284,10.1186/s12870-025-07855-2,2b-RAD sequencing of,https://europepmc.org/articles/PMC12822284,https://www.ebi.ac.uk/europepmc/webservices/rest/PMC12822284/fullTextXML,fetched,cc by-nc-nd,ae1390ff4a236daefb0d1a3cd6ff7836456892f96a1e05c1e230312150800c74,data\v2\staging\traits\direct_llm_pilot\20260807_europe_pmc_reproduction_scale\raw_xml\PMC12822284.xml.gz,2026-08-07T09:52:25.896947Z,1,
PMC12831043,10.1111/mec.70254,The Impact of Pleistocene Glacial Cycles on the Evolutionary Diversification of the Arctic‐Alpine,https://europepmc.org/articles/PMC12831043,https://www.ebi.ac.uk/europepmc/webservices/rest/PMC12831043/fullTextXML,fetched,cc by,ae0bf2e410e082d90727d03fed39d87e128d991890473115efe8a1933fc7e7f4,data\v2\staging\traits\direct_llm_pilot\20260807_europe_pmc_reproduction_scale\raw_xml\PMC12831043.xml.gz,2026-08-07T09:52:26.288566Z,1,
PMC12837190,10.3390/antiox15010103,Chemical Fingerprint of Floral Nectar in Apple (,https://europepmc.org/articles/PMC12837190,https://www.ebi.ac.uk/europepmc/webservices/rest/PMC12837190/fullTextXML,fetched,cc by,db232af35bb1e89b3c15e358c2079cf31683338a319a13e7f4598e24f7c5df1b,data\v2\staging\traits\direct_llm_pilot\20260807_europe_pmc_reproduction_scale\raw_xml\PMC12837190.xml.gz,2026-08-07T09:52:26.588863Z,1,
PMC12929373,10.3389/fphar.2025.1726521,Historical studies on the use of Rhubarb in Japan,https://europepmc.org/articles/PMC12929373,https://www.ebi.ac.uk/europepmc/webservices/rest/PMC12929373/fullTextXML,fetched,cc by,dfc28359690e6bb6a03317233c804673c330cc132d77cd2ac5cb7d98f8034d99,data\v2\staging\traits\direct_llm_pilot\20260807_europe_pmc_reproduction_scale\raw_xml\PMC12929373.xml.gz,2026-08-07T09:52:26.811127Z,1,
PMC12954563,10.1111/1755-0998.70115,The,https://europepmc.org/articles/PMC12954563,https://www.ebi.ac.uk/europepmc/webservices/rest/PMC12954563/fullTextXML,fetched,cc by,ccae68304c8fd3c0427ca80a274e0c8d57634fe7a0c9fa86c89156e288840308,data\v2\staging\traits\direct_llm_pilot\20260807_europe_pmc_reproduction_scale\raw_xml\PMC12954563.xml.gz,2026-08-07T09:52:27.627370Z,1,
PMC12964360,10.1093/aobpla/plag012,"Severe inbreeding depression in an ecologically important grass is revealed by examining germination, not seed production",https://europepmc.org/articles/PMC12964360,https://www.ebi.ac.uk/europepmc/webservices/rest/PMC12964360/fullTextXML,fetched,cc by,d20d62571be2bfc25e0fd7cc5459c98503544720ef3d42a2387ae0c4439c0e94,data\v2\staging\traits\direct_llm_pilot\20260807_europe_pmc_reproduction_scale\raw_xml\PMC12964360.xml.gz,2026-08-07T09:52:27.725500Z,3,
PMC12973370,10.1002/tpg2.70219,Unveiling the genetic determinants of germination efficiency in common bermudagrass: A genome‐wide association study,https://europepmc.org/articles/PMC12973370,https://www.ebi.ac.uk/europepmc/webservices/rest/PMC12973370/fullTextXML,fetched,cc by-nc-nd,610e554bbd666cb14283139e3e83d7817f4023dc8d1bfaf8080d0744716a59d1,data\v2\staging\traits\direct_llm_pilot\20260807_europe_pmc_reproduction_scale\raw_xml\PMC12973370.xml.gz,2026-08-07T09:52:27.744402Z,1,
PMC12975893,10.3389/fpls.2026.1694101,Does floral phenotyping reflect species integrity and natural hybridization of endangered,https://europepmc.org/articles/PMC12975893,https://www.ebi.ac.uk/europepmc/webservices/rest/PMC12975893/fullTextXML,fetched,cc by,d061090d87aa3763982c514b7555c80511672f1f53521e2325a70d4fabf5b826,data\v2\staging\traits\direct_llm_pilot\20260807_europe_pmc_reproduction_scale\raw_xml\PMC12975893.xml.gz,2026-08-07T09:52:27.906874Z,2,
PMC12986874,10.3390/plants15050771,Diversity Analysis of Fruit Phenotypic Traits in,https://europepmc.org/articles/PMC12986874,https://www.ebi.ac.uk/europepmc/webservices/rest/PMC12986874/fullTextXML,fetched,cc by,6c0531491377793a62c3e659e44adb3c2dbc5ec9e0dbc6dfe69ab79e415d2093,data\v2\staging\traits\direct_llm_pilot\20260807_europe_pmc_reproduction_scale\raw_xml\PMC12986874.xml.gz,2026-08-07T09:52:28.302387Z,1,
PMC13025691,10.3390/genes17030337,Stage-Dependent Persistence of Nucleated Endosperm Cells in Seeds of,https://europepmc.org/articles/PMC13025691,https://www.ebi.ac.uk/europepmc/webservices/rest/PMC13025691/fullTextXML,fetched,cc by,522af27e8c7c53b65ea4fdaf6801f5f691cfe7859100004b9be6e24f896b5dd1,data\v2\staging\traits\direct_llm_pilot\20260807_europe_pmc_reproduction_scale\raw_xml\PMC13025691.xml.gz,2026-08-07T09:52:29.062544Z,1,
PMC13030848,10.3390/plants15060913,"Floral Traits, Pollination and Reproductive Differentiation in Gynodioecious",https://europepmc.org/articles/PMC13030848,https://www.ebi.ac.uk/europepmc/webservices/rest/PMC13030848/fullTextXML,fetched,cc by,47bfc89591f958b52e579c675ba4e40c9951fb06d934ce5b32707bf4e509760d,data\v2\staging\traits\direct_llm_pilot\20260807_europe_pmc_reproduction_scale\raw_xml\PMC13030848.xml.gz,2026-08-07T09:52:29.592080Z,1,
PMC13084218,10.1111/jipb.70236,Convergence and parallelism in the evolution of plant metabolism,https://europepmc.org/articles/PMC13084218,https://www.ebi.ac.uk/europepmc/webservices/rest/PMC13084218/fullTextXML,fetched,cc by,71ae667704c3c3e32030bcf040148ca3a59d6f17a438d8d2b423f334329e8050,data\v2\staging\traits\direct_llm_pilot\20260807_europe_pmc_reproduction_scale\raw_xml\PMC13084218.xml.gz,2026-08-07T09:52:30.659218Z,2,
PMC13103437,10.1111/nph.71026,Recombination suppression in plant adaptation and speciation,https://europepmc.org/articles/PMC13103437,https://www.ebi.ac.uk/europepmc/webservices/rest/PMC13103437/fullTextXML,fetched,cc by-nc,d28bcb271cac6cca7c5f2cbcfc325944b960518d7c31f8d28cce2bd565adfd8e,data\v2\staging\traits\direct_llm_pilot\20260807_europe_pmc_reproduction_scale\raw_xml\PMC13103437.xml.gz,2026-08-07T09:52:30.688863Z,1,
PMC13108222,10.3390/biotech15020030,Gene Flow and Hybridization Potential Between GM/NGT Crops and Conventional Varieties or Wild Relatives: A Scoping Literature Review with Emphasis on Oilseed Rape (,https://europepmc.org/articles/PMC13108222,https://www.ebi.ac.uk/europepmc/webservices/rest/PMC13108222/fullTextXML,fetched,cc by,7d4c4ab2e5ee94a2e818e6279e23f739a6b0aa02239a30f6c0bbd29aefe44df5,data\v2\staging\traits\direct_llm_pilot\20260807_europe_pmc_reproduction_scale\raw_xml\PMC13108222.xml.gz,2026-08-07T09:52:31.327883Z,1,
PMC13124939,10.3389/fpls.2026.1761150,Augmenting plant-pollinator interactions to promote biodiversity and global food security,https://europepmc.org/articles/PMC13124939,https://www.ebi.ac.uk/europepmc/webservices/rest/PMC13124939/fullTextXML,fetched,cc by,0efa2ca3a05eb78ddea9bc1b97c05ded2149a8c70cd951ef9ebc356a349b6cfe,data\v2\staging\traits\direct_llm_pilot\20260807_europe_pmc_reproduction_scale\raw_xml\PMC13124939.xml.gz,2026-08-07T09:52:31.644390Z,1,
PMC13164805,10.3390/plants15091331,&lt;i&gt;Ginkgo biloba DFR2&lt;/i&gt; Gene Remodels the Flavonoid Metabolic Network in Transgenic &lt;i&gt;Nicotiana benthamiana&lt;/i&gt;.,https://europepmc.org/articles/PMC13164805,https://www.ebi.ac.uk/europepmc/webservices/rest/PMC13164805/fullTextXML,fetched,cc by,b5b6929833ed561797d36043b2634c2c4bcb5ba6d1b0dae7b0722e5cce4d1db3,data\v2\staging\traits\direct_llm_pilot\20260807_europe_pmc_reproduction_scale\raw_xml\PMC13164805.xml.gz,2026-08-07T09:52:32.140048Z,1,
PMC13210875,10.3390/plants15101448,Genetic Variation for Autumn–Winter Forage Yield in a Segregating Tetraploid F,https://europepmc.org/articles/PMC13210875,https://www.ebi.ac.uk/europepmc/webservices/rest/PMC13210875/fullTextXML,fetched,cc by,ad1750d37a31d7a46715f428b7875ee2014b10b922c0a98fefb9cc9cde5df063,data\v2\staging\traits\direct_llm_pilot\20260807_europe_pmc_reproduction_scale\raw_xml\PMC13210875.xml.gz,2026-08-07T09:52:32.141151Z,1,
PMC13222284,10.1007/s00425-026-05030-x,Paradigm shift in apomixis research: Targeting mutants with elements of apomixis in sexual crops,https://europepmc.org/articles/PMC13222284,https://www.ebi.ac.uk/europepmc/webservices/rest/PMC13222284/fullTextXML,fetched,cc by,6bce1df1e8ce4f6835be03f3a7006712f815e92ea1054f6164878735b0c6a531,data\v2\staging\traits\direct_llm_pilot\20260807_europe_pmc_reproduction_scale\raw_xml\PMC13222284.xml.gz,2026-08-07T09:52:32.847353Z,1,
PMC13247505,10.1016/j.fmre.2025.07.016,Research progress of omics technologies in forage breeding,https://europepmc.org/articles/PMC13247505,https://www.ebi.ac.uk/europepmc/webservices/rest/PMC13247505/fullTextXML,fetched,cc by-nc-nd,ed80bab6d3cbb16b82a9c9d22d882e3b85a23964cca9640fa00ea7d922ee46cf,data\v2\staging\traits\direct_llm_pilot\20260807_europe_pmc_reproduction_scale\raw_xml\PMC13247505.xml.gz,2026-08-07T09:52:32.922362Z,2,
PMC13251838,10.1126/sciadv.aec1996,Distinct genomic architectures but the same gene underlie the convergent evolution of a plant supergene,https://europepmc.org/articles/PMC13251838,https://www.ebi.ac.uk/europepmc/webservices/rest/PMC13251838/fullTextXML,fetched,cc by,d978aff656ed986b4bc54dff0f497a3c09b15a6c3618c2be139ac876f79ff16b,data\v2\staging\traits\direct_llm_pilot\20260807_europe_pmc_reproduction_scale\raw_xml\PMC13251838.xml.gz,2026-08-07T09:52:33.645148Z,1,
PMC13299551,10.3390/genes17060607,Comparative Chloroplast Genomics Reveals the Maternal Origin and Evolutionary Relationships of Commercial Pluot Cultivars Within,https://europepmc.org/articles/PMC13299551,https://www.ebi.ac.uk/europepmc/webservices/rest/PMC13299551/fullTextXML,fetched,cc by,2b1964fe7a95df24d901ff9f0f43bed9f89be9179939ce11f8c7eb3631ac880b,data\v2\staging\traits\direct_llm_pilot\20260807_europe_pmc_reproduction_scale\raw_xml\PMC13299551.xml.gz,2026-08-07T09:52:33.688310Z,1,
PMC1540423,10.1186/1471-2229-6-12,A systematic search for positive selection in higher plants (Embryophytes),https://europepmc.org/articles/PMC1540423,https://www.ebi.ac.uk/europepmc/webservices/rest/PMC1540423/fullTextXML,fetched,cc by,2d7baa3e404f1418899b28ac8aa1579ecaa6dffd2aee2a7af1b9bc01bef858d9,data\v2\staging\traits\direct_llm_pilot\20260807_europe_pmc_reproduction_scale\raw_xml\PMC1540423.xml.gz,2026-08-07T09:52:34.369471Z,2,
PMC1609099,10.1186/1472-6785-6-13,Detecting local establishment strategies of wild cherry (,https://europepmc.org/articles/PMC1609099,https://www.ebi.ac.uk/europepmc/webservices/rest/PMC1609099/fullTextXML,fetched,cc by,55214acfd228b318454559ad02f99bef34515e1ec3e8d2c04c77b9d245d2cc42,data\v2\staging\traits\direct_llm_pilot\20260807_europe_pmc_reproduction_scale\raw_xml\PMC1609099.xml.gz,2026-08-07T09:52:34.575301Z,1,
PMC2358906,10.1186/1471-2229-8-37,In silico identification of conserved microRNAs in large number of diverse plant species.,https://europepmc.org/articles/PMC2358906,https://www.ebi.ac.uk/europepmc/webservices/rest/PMC2358906/fullTextXML,fetched,cc by,f232ad3a38daf4d07206f410c933128748535c2be6f5d261bf7f2e3c2adcd14a,data\v2\staging\traits\direct_llm_pilot\20260807_europe_pmc_reproduction_scale\raw_xml\PMC2358906.xml.gz,2026-08-07T09:52:35.213165Z,1,
PMC2386840,10.1371/journal.pbio.0060122,Resource Heterogeneity Moderates the Biodiversity-Function Relationship in Real World Ecosystems,https://europepmc.org/articles/PMC2386840,https://www.ebi.ac.uk/europepmc/webservices/rest/PMC2386840/fullTextXML,fetched,cc by,fc5a5ccc024643e54b5f3457d2749d51ed1b59321d78b624a3c91e89e3c9f8f9,data\v2\staging\traits\direct_llm_pilot\20260807_europe_pmc_reproduction_scale\raw_xml\PMC2386840.xml.gz,2026-08-07T09:52:35.261263Z,1,
PMC2447523,10.1002/cfg.469,Plant Reproductive Genomics at the Plant and Animal Genome Conference,https://europepmc.org/articles/PMC2447523,https://www.ebi.ac.uk/europepmc/webservices/rest/PMC2447523/fullTextXML,fetched,cc by,d7ef2905e1d61b7acf2df3dd39362c1c6a5171f020253aba43f63bc441972f8a,data\v2\staging\traits\direct_llm_pilot\20260807_europe_pmc_reproduction_scale\raw_xml\PMC2447523.xml.gz,2026-08-07T09:52:35.531515Z,1,
PMC2602971,10.1371/journal.pone.0004010,A Meta-Analysis of Local Adaptation in Plants,https://europepmc.org/articles/PMC2602971,https://www.ebi.ac.uk/europepmc/webservices/rest/PMC2602971/fullTextXML,fetched,cc by,7a32c403f2bab8664e61e05a81a60d3baa7bf210e1a9f350ff282f2a8eed3ba7,data\v2\staging\traits\direct_llm_pilot\20260807_europe_pmc_reproduction_scale\raw_xml\PMC2602971.xml.gz,2026-08-07T09:52:35.840047Z,2,
PMC2682495,10.1093/jxb/erp070,The mechanics of explosive seed dispersal in orange jewelweed (,https://europepmc.org/articles/PMC2682495,https://www.ebi.ac.uk/europepmc/webservices/rest/PMC2682495/fullTextXML,fetched,cc by-nc,276069ed6eda733b244877090203c4ffcc1b0550dc5f6ba9dfab02790815018c,data\v2\staging\traits\direct_llm_pilot\20260807_europe_pmc_reproduction_scale\raw_xml\PMC2682495.xml.gz,2026-08-07T09:52:36.106927Z,1,
PMC2757623,10.1007/s10126-007-9065-6,Comparative Analysis of Expressed Sequence Tag (EST) Libraries in the Seagrass,https://europepmc.org/articles/PMC2757623,https://www.ebi.ac.uk/europepmc/webservices/rest/PMC2757623/fullTextXML,fetched,cc by-nc,5e2d9b699a071d00f7fd465bf8b91baa264f92524af9b051a6c672e701cf1f76,data\v2\staging\traits\direct_llm_pilot\20260807_europe_pmc_reproduction_scale\raw_xml\PMC2757623.xml.gz,2026-08-07T09:52:36.318337Z,1,
PMC2814102,10.1093/jxb/erp330,Sporophytic control of pollen tube growth and guidance in maize,https://europepmc.org/articles/PMC2814102,https://www.ebi.ac.uk/europepmc/webservices/rest/PMC2814102/fullTextXML,fetched,cc by-nc,edb249557347b0256a479e717c24be77c7f972dcb7262a28f13c760d9be6127a,data\v2\staging\traits\direct_llm_pilot\20260807_europe_pmc_reproduction_scale\raw_xml\PMC2814102.xml.gz,2026-08-07T09:52:36.551966Z,1,
PMC2858744,10.1186/1471-2148-10-98,The evolutionary history of the,https://europepmc.org/articles/PMC2858744,https://www.ebi.ac.uk/europepmc/webservices/rest/PMC2858744/fullTextXML,fetched,cc by,44af4df83676abf1b6deed7d8bb9bd88b957127f4fe84d8626656da35477aecf,data\v2\staging\traits\direct_llm_pilot\20260807_europe_pmc_reproduction_scale\raw_xml\PMC2858744.xml.gz,2026-08-07T09:52:36.735910Z,1,
PMC2886098,10.3114/sim.2010.66.02,Multigene phylogeny and mating tests reveal three cryptic species related to,https://europepmc.org/articles/PMC2886098,https://www.ebi.ac.uk/europepmc/webservices/rest/PMC2886098/fullTextXML,fetched,cc by-nc-nd,c32a2ddef8eb2a83ffd0d275030e4b2824d889a96b1574b9b6b933556096454c,data\v2\staging\traits\direct_llm_pilot\20260807_europe_pmc_reproduction_scale\raw_xml\PMC2886098.xml.gz,2026-08-07T09:52:37.474300Z,1,
PMC2909234,10.1186/1471-2148-10-200,Evolutionary patterns at the,https://europepmc.org/articles/PMC2909234,https://www.ebi.ac.uk/europepmc/webservices/rest/PMC2909234/fullTextXML,fetched,cc by,dd9ef12e5f014a6c1a786e6c6ef0333eae59daea1deaeebc628f6e2bfcca809d,data\v2\staging\traits\direct_llm_pilot\20260807_europe_pmc_reproduction_scale\raw_xml\PMC2909234.xml.gz,2026-08-07T09:52:37.474763Z,1,
PMC2990325,10.1673/2006_06_32.1,"The sociometry and sociogenesis of reproduction in the Florida harvester ant,",https://europepmc.org/articles/PMC2990325,https://www.ebi.ac.uk/europepmc/webservices/rest/PMC2990325/fullTextXML,fetched,cc by,d4a4a9b3c3b68fb492e783d0f85fc98ca96636c6259d6164d1338aed4d4ee9bb,data\v2\staging\traits\direct_llm_pilot\20260807_europe_pmc_reproduction_scale\raw_xml\PMC2990325.xml.gz,2026-08-07T09:52:37.475359Z,1,
PMC3006357,10.1186/1746-4811-6-26,Investigations of barley stripe mosaic virus as a gene silencing vector in barley roots and in,https://europepmc.org/articles/PMC3006357,https://www.ebi.ac.uk/europepmc/webservices/rest/PMC3006357/fullTextXML,fetched,cc by,c32186f85c41a28da32a6e84ea55d10abd8e61ae34ad9a69639fb1d6e6fa1758,data\v2\staging\traits\direct_llm_pilot\20260807_europe_pmc_reproduction_scale\raw_xml\PMC3006357.xml.gz,2026-08-07T09:52:37.764832Z,1,
PMC3017824,10.1186/1471-2229-10-154,Genetic fine-mapping of,https://europepmc.org/articles/PMC3017824,https://www.ebi.ac.uk/europepmc/webservices/rest/PMC3017824/fullTextXML,fetched,cc by,7c94f6d1415fcf8ff1d118dcfa6117780c586da39e6d5b61c4bbff681b083c48,data\v2\staging\traits\direct_llm_pilot\20260807_europe_pmc_reproduction_scale\raw_xml\PMC3017824.xml.gz,2026-08-07T09:52:38.042418Z,2,
PMC3027159,10.1186/1471-2164-12-30,De novo sequencing and characterization of floral transcriptome in two species of buckwheat (Fagopyrum).,https://europepmc.org/articles/PMC3027159,https://www.ebi.ac.uk/europepmc/webservices/rest/PMC3027159/fullTextXML,fetched,cc by,0bd805629d9268d8cbfb833a559ed101019e9736b21f8e2d02d214796a6459d1,data\v2\staging\traits\direct_llm_pilot\20260807_europe_pmc_reproduction_scale\raw_xml\PMC3027159.xml.gz,2026-08-07T09:52:38.666874Z,1,
PMC3107240,10.1371/journal.pone.0020668,"Linking Self-Incompatibility, Dichogamy, and Flowering Synchrony in Two",https://europepmc.org/articles/PMC3107240,https://www.ebi.ac.uk/europepmc/webservices/rest/PMC3107240/fullTextXML,fetched,cc by,701cc7aa81bef25cb3592f3c3885055f430071c2596298c3b9df98cb3f696663,data\v2\staging\traits\direct_llm_pilot\20260807_europe_pmc_reproduction_scale\raw_xml\PMC3107240.xml.gz,2026-08-07T09:52:38.681653Z,1,
PMC3144237,10.1371/journal.pone.0022724,Mechanisms Underlying the Bioindicator Notion: Spatial Association between Individual Sexual Performance and Community Diversity,https://europepmc.org/articles/PMC3144237,https://www.ebi.ac.uk/europepmc/webservices/rest/PMC3144237/fullTextXML,fetched,cc by,2cb9c84a78bc15daccdda9f269fa252dc20940080162321b02766049e85ca0ac,data\v2\staging\traits\direct_llm_pilot\20260807_europe_pmc_reproduction_scale\raw_xml\PMC3144237.xml.gz,2026-08-07T09:52:38.957252Z,1,
PMC3150414,10.1371/journal.pone.0022903,Does Landscape Fragmentation Influence Sex Ratio of Dioecious Plants? A Case Study of,https://europepmc.org/articles/PMC3150414,https://www.ebi.ac.uk/europepmc/webservices/rest/PMC3150414/fullTextXML,fetched,cc by,90e9791eb7298ea4016c706191c5b95de74bcdc6f4e4a5803c0136ccf0ae3f56,data\v2\staging\traits\direct_llm_pilot\20260807_europe_pmc_reproduction_scale\raw_xml\PMC3150414.xml.gz,2026-08-07T09:52:39.349304Z,1,
PMC3155332,10.3390/ijerph8072828,Assessing Environmental Risks for Established Invasive Weeds: Dalmatian (Linaria dalmatica) and Yellow (L. vulgaris) Toadflax in North America,https://europepmc.org/articles/PMC3155332,https://www.ebi.ac.uk/europepmc/webservices/rest/PMC3155332/fullTextXML,fetched,cc by,b803b6e66c32587f66854389704980784259afbae71eb46612113105a8f7dbe2,data\v2\staging\traits\direct_llm_pilot\20260807_europe_pmc_reproduction_scale\raw_xml\PMC3155332.xml.gz,2026-08-07T09:52:39.686603Z,1,
PMC3160797,10.3767/003158511X557577,Multiple new,https://europepmc.org/articles/PMC3160797,https://www.ebi.ac.uk/europepmc/webservices/rest/PMC3160797/fullTextXML,fetched,cc by-nc-nd,1bc9bbcd1107dc3c3d47520a24275c29552e204ba7b388251ccaf47f67069e21,data\v2\staging\traits\direct_llm_pilot\20260807_europe_pmc_reproduction_scale\raw_xml\PMC3160797.xml.gz,2026-08-07T09:52:39.876543Z,1,
PMC3243738,10.1093/sysbio/syr096,Inferring Species Networks from Gene Trees in High-Polyploid North American and Hawaiian Violets (,https://europepmc.org/articles/PMC3243738,https://www.ebi.ac.uk/europepmc/webservices/rest/PMC3243738/fullTextXML,fetched,cc by-nc,7e910f8967d4bfcca9fdbc81590e5df2c36afd50b75f182b81dd7956d41442da,data\v2\staging\traits\direct_llm_pilot\20260807_europe_pmc_reproduction_scale\raw_xml\PMC3243738.xml.gz,2026-08-07T09:52:40.242523Z,2,
PMC3244905,10.1093/aobpla/plr029,Conservation genetics of the rare Pyreneo-Cantabrian endemic,https://europepmc.org/articles/PMC3244905,https://www.ebi.ac.uk/europepmc/webservices/rest/PMC3244905/fullTextXML,fetched,cc by-nc,d4fa0c4fcc6a5ab6d0c800521ff75a1d1375e0ad0308cd544e100b2db9fbad32,data\v2\staging\traits\direct_llm_pilot\20260807_europe_pmc_reproduction_scale\raw_xml\PMC3244905.xml.gz,2026-08-07T09:52:40.529120Z,1,
PMC3251324,10.3767/003158511X603719,Resolving the,https://europepmc.org/articles/PMC3251324,https://www.ebi.ac.uk/europepmc/webservices/rest/PMC3251324/fullTextXML,fetched,cc by-nc-nd,bdef973ff6d9f072f3c1c5cd5f92afe018f9431345b51d33c825a9982d7abbb6,data\v2\staging\traits\direct_llm_pilot\20260807_europe_pmc_reproduction_scale\raw_xml\PMC3251324.xml.gz,2026-08-07T09:52:40.914069Z,1,
PMC3270035,10.1371/journal.pone.0031264,S-LOCUS EARLY FLOWERING 3 is exclusively present in the genomes of short-styled buckwheat plants that exhibit heteromorphic self-incompatibility.,https://europepmc.org/articles/PMC3270035,https://www.ebi.ac.uk/europepmc/webservices/rest/PMC3270035/fullTextXML,fetched,cc by,62924911c350ae0a34be174502d450ba72e8168367746485dd8190582a317c30,data\v2\staging\traits\direct_llm_pilot\20260807_europe_pmc_reproduction_scale\raw_xml\PMC3270035.xml.gz,2026-08-07T09:52:40.967043Z,1,
PMC3291506,10.1534/g3.111.001503,A High-Density Simple Sequence Repeat-Based Genetic Linkage Map of Switchgrass,https://europepmc.org/articles/PMC3291506,https://www.ebi.ac.uk/europepmc/webservices/rest/PMC3291506/fullTextXML,fetched,cc by,d0eb6acddb4c87bd34d0930911a46214b16bbf36865c0cc92426f4db52819d31,data\v2\staging\traits\direct_llm_pilot\20260807_europe_pmc_reproduction_scale\raw_xml\PMC3291506.xml.gz,2026-08-07T09:52:41.188135Z,1,
PMC3342825,10.3410/B4-10,Development of feedstocks for cellulosic biofuels,https://europepmc.org/articles/PMC3342825,https://www.ebi.ac.uk/europepmc/webservices/rest/PMC3342825/fullTextXML,fetched,cc by-nc,64dff5a33e456778faf780bb6caffbc119b31fa3c16014797a0cd614f8af89e8,data\v2\staging\traits\direct_llm_pilot\20260807_europe_pmc_reproduction_scale\raw_xml\PMC3342825.xml.gz,2026-08-07T09:52:41.432178Z,1,
PMC3352511,10.1111/j.1752-4571.2010.00132.x,Missing domesticated plant forms: can artificial selection fill the gap?,https://europepmc.org/articles/PMC3352511,https://www.ebi.ac.uk/europepmc/webservices/rest/PMC3352511/fullTextXML,fetched,,a5db19d577149e0b861a741497db5ab96701aea219e4adcff9db5fc2dd57cfce,data\v2\staging\traits\direct_llm_pilot\20260807_europe_pmc_reproduction_scale\raw_xml\PMC3352511.xml.gz,2026-08-07T09:52:42.189737Z,3,
PMC3360611,10.1371/journal.pone.0037745,Lobelia siphilitica plants that escape herbivory in time also have reduced latex production.,https://europepmc.org/articles/PMC3360611,https://www.ebi.ac.uk/europepmc/webservices/rest/PMC3360611/fullTextXML,fetched,cc by,cdeaf2732fb434c4773ee84b46b2061b156e85cd47242dc3a5629e09fe448089,data\v2\staging\traits\direct_llm_pilot\20260807_europe_pmc_reproduction_scale\raw_xml\PMC3360611.xml.gz,2026-08-07T09:52:43.075641Z,1,
PMC3361249,10.1100/2012/381575,Morphofunctional Traits and Pollination Mechanisms of,https://europepmc.org/articles/PMC3361249,https://www.ebi.ac.uk/europepmc/webservices/rest/PMC3361249/fullTextXML,fetched,cc by,955282d5bd54d76c1b18762ad5aeeb1d8d85713b44febac8fc09aabb8a2afa8e,data\v2\staging\traits\direct_llm_pilot\20260807_europe_pmc_reproduction_scale\raw_xml\PMC3361249.xml.gz,2026-08-07T09:52:43.167280Z,1,
PMC3377691,10.1371/journal.pone.0038702,Five Nuclear Loci Resolve the Polyploid History of Switchgrass (,https://europepmc.org/articles/PMC3377691,https://www.ebi.ac.uk/europepmc/webservices/rest/PMC3377691/fullTextXML,fetched,cc by,b7801a61ac11a1e3d6013e9c72352c220bdcae7a17a4a212d7cb717df9989b31,data\v2\staging\traits\direct_llm_pilot\20260807_europe_pmc_reproduction_scale\raw_xml\PMC3377691.xml.gz,2026-08-07T09:52:43.440839Z,1,
PMC3404001,10.1371/journal.pone.0041887,"Invasibility of a Nutrient-Poor Pasture through Resident and Non-Resident Herbs Is Controlled by Litter, Gap Size and Propagule Pressure",https://europepmc.org/articles/PMC3404001,https://www.ebi.ac.uk/europepmc/webservices/rest/PMC3404001/fullTextXML,fetched,cc by,1991d40c73fd80e55dffab25d2f533106915a1a76f86e7e16d4d1f5fd200b9f2,data\v2\staging\traits\direct_llm_pilot\20260807_europe_pmc_reproduction_scale\raw_xml\PMC3404001.xml.gz,2026-08-07T09:52:43.655256Z,1,
PMC3411590,10.1371/journal.pone.0041608,Patterns of Genetic Variation across Altitude in Three Plant Species of Semi-Dry Grasslands,https://europepmc.org/articles/PMC3411590,https://www.ebi.ac.uk/europepmc/webservices/rest/PMC3411590/fullTextXML,fetched,cc by,cc0ed2a5efed09d229482f3602a83cf634c8becb86b85bc518863fec23ccd8c4,data\v2\staging\traits\direct_llm_pilot\20260807_europe_pmc_reproduction_scale\raw_xml\PMC3411590.xml.gz,2026-08-07T09:52:43.852516Z,2,
PMC3430612,10.1371/journal.pone.0043869,Nectar Theft and Floral Ant-Repellence: A Link between Nectar Volume and Ant-Repellent Traits?,https://europepmc.org/articles/PMC3430612,https://www.ebi.ac.uk/europepmc/webservices/rest/PMC3430612/fullTextXML,fetched,cc by,f8b61a53bb5dffa7788e83bde3796c2fb169ec17c2cd65ab45ed471e472dbd5d,data\v2\staging\traits\direct_llm_pilot\20260807_europe_pmc_reproduction_scale\raw_xml\PMC3430612.xml.gz,2026-08-07T09:52:43.857557Z,1,
PMC3458416,10.3114/sim0010,The,https://europepmc.org/articles/PMC3458416,https://www.ebi.ac.uk/europepmc/webservices/rest/PMC3458416/fullTextXML,fetched,cc by-nc-nd,de8988cecfb395040daa298778895107fa681b3922daa70130422099ef3d89ac,data\v2\staging\traits\direct_llm_pilot\20260807_europe_pmc_reproduction_scale\raw_xml\PMC3458416.xml.gz,2026-08-07T09:52:43.961017Z,2,
PMC3467251,10.1371/journal.pone.0047034,"The Role of Late-Acting Self-Incompatibility and Early-Acting Inbreeding Depression in Governing Female Fertility in Monkshood,",https://europepmc.org/articles/PMC3467251,https://www.ebi.ac.uk/europepmc/webservices/rest/PMC3467251/fullTextXML,fetched,cc by,2319050565820b606ea482cc478a05c18f3157baad2de862c392f4c32b8f8c10,data\v2\staging\traits\direct_llm_pilot\20260807_europe_pmc_reproduction_scale\raw_xml\PMC3467251.xml.gz,2026-08-07T09:52:44.916406Z,1,
PMC3471074,10.1093/aobpla/pls026,Manipulation of plant architecture to enhance lignocellulosic biomass,https://europepmc.org/articles/PMC3471074,https://www.ebi.ac.uk/europepmc/webservices/rest/PMC3471074/fullTextXML,fetched,cc by-nc,7186a7e2ece37d4e501485f6845d4a986c856150e0d91531b7f48fc71df45148,data\v2\staging\traits\direct_llm_pilot\20260807_europe_pmc_reproduction_scale\raw_xml\PMC3471074.xml.gz,2026-08-07T09:52:45.204725Z,1,
PMC3478041,10.1093/aob/mcs027,"Is genetic engineering ever going to take off in forage, turf and bioenergy crop breeding?",https://europepmc.org/articles/PMC3478041,https://www.ebi.ac.uk/europepmc/webservices/rest/PMC3478041/fullTextXML,fetched,cc by-nc,c2e2226bb6feb66f89e16b2f51c11b1efbeb0c5c34d142db4fc42c407f34080d,data\v2\staging\traits\direct_llm_pilot\20260807_europe_pmc_reproduction_scale\raw_xml\PMC3478041.xml.gz,2026-08-07T09:52:45.314850Z,2,
PMC3492167,10.1186/1471-2229-12-117,Karyotype variation is indicative of subgenomic and ecotypic differentiation in switchgrass,https://europepmc.org/articles/PMC3492167,https://www.ebi.ac.uk/europepmc/webservices/rest/PMC3492167/fullTextXML,fetched,cc by,1df57a3529af810cae2624eba06e3f7e2d6ac176ddc3e1a92544879f21d53d70,data\v2\staging\traits\direct_llm_pilot\20260807_europe_pmc_reproduction_scale\raw_xml\PMC3492167.xml.gz,2026-08-07T09:52:45.889878Z,1,
PMC3509159,10.1371/journal.pone.0050076,How to Handle Speciose Clades? Mass Taxon-Sampling as a Strategy towards Illuminating the Natural History of,https://europepmc.org/articles/PMC3509159,https://www.ebi.ac.uk/europepmc/webservices/rest/PMC3509159/fullTextXML,fetched,cc by,b5a18aaa373e9475cc6fe4f31607b0aff707ead8764d1a61c4539affa4e19976,data\v2\staging\traits\direct_llm_pilot\20260807_europe_pmc_reproduction_scale\raw_xml\PMC3509159.xml.gz,2026-08-07T09:52:46.104395Z,2,
PMC3513731,10.1155/2012/313545,"Advances towards a Marker-Assisted Selection Breeding Program in Prairie Cordgrass, a Biomass Crop",https://europepmc.org/articles/PMC3513731,https://www.ebi.ac.uk/europepmc/webservices/rest/PMC3513731/fullTextXML,fetched,cc by,888992d74429da1fda105b4e8b26b4a8403f1c40aade5e886b59ffab09d2508f,data\v2\staging\traits\direct_llm_pilot\20260807_europe_pmc_reproduction_scale\raw_xml\PMC3513731.xml.gz,2026-08-07T09:52:46.168262Z,1,
PMC3521742,10.1371/journal.pone.0049718,Cloning of a Conserved Receptor-Like Protein Kinase Gene and Its Use as a Functional Marker for Homoeologous Group-2 Chromosomes of the,https://europepmc.org/articles/PMC3521742,https://www.ebi.ac.uk/europepmc/webservices/rest/PMC3521742/fullTextXML,fetched,cc by,169f100bf90c1fab2ef140cd1fed5dcfc361080d4c10569f7cfccae20eb7b5f5,data\v2\staging\traits\direct_llm_pilot\20260807_europe_pmc_reproduction_scale\raw_xml\PMC3521742.xml.gz,2026-08-07T09:52:46.302590Z,1,
PMC3530547,10.1371/journal.pone.0047399,Overexpression of,https://europepmc.org/articles/PMC3530547,https://www.ebi.ac.uk/europepmc/webservices/rest/PMC3530547/fullTextXML,fetched,cc by,3b6121b6c0b92dd3bfb66302475ad4dea3b3c3255bdcb44451da842aa6c07120,data\v2\staging\traits\direct_llm_pilot\20260807_europe_pmc_reproduction_scale\raw_xml\PMC3530547.xml.gz,2026-08-07T09:52:46.736947Z,1,
PMC3533973,10.1186/1471-2164-13-522,Development of a genome-wide multiple duplex-SSR protocol and its applications for the identification of selfed progeny in switchgrass,https://europepmc.org/articles/PMC3533973,https://www.ebi.ac.uk/europepmc/webservices/rest/PMC3533973/fullTextXML,fetched,cc by,63a817b8db0da6dd46338f8063556a1cfb28ed6cb5167bef06791b25734c6bc3,data\v2\staging\traits\direct_llm_pilot\20260807_europe_pmc_reproduction_scale\raw_xml\PMC3533973.xml.gz,2026-08-07T09:52:47.640391Z,1,
PMC3538729,10.1371/journal.pone.0053695,Adding Perches for Cross-Pollination Ensures the Reproduction of a Self-Incompatible Orchid,https://europepmc.org/articles/PMC3538729,https://www.ebi.ac.uk/europepmc/webservices/rest/PMC3538729/fullTextXML,fetched,cc by,9602fc419fb3576aa49c8dbb80249edcb369074aabf9a2a1cab0defa7d6bfdbd,data\v2\staging\traits\direct_llm_pilot\20260807_europe_pmc_reproduction_scale\raw_xml\PMC3538729.xml.gz,2026-08-07T09:52:47.715874Z,1,
PMC3547862,10.1371/journal.pgen.1003215,"Switchgrass Genomic Diversity, Ploidy, and Evolution: Novel Insights from a Network-Based SNP Discovery Protocol",https://europepmc.org/articles/PMC3547862,https://www.ebi.ac.uk/europepmc/webservices/rest/PMC3547862/fullTextXML,fetched,cc0,7428dafe60136594986b76ab7fec803183c5c2e9afd9f0ad1b33d682f7799df1,data\v2\staging\traits\direct_llm_pilot\20260807_europe_pmc_reproduction_scale\raw_xml\PMC3547862.xml.gz,2026-08-07T09:52:48.437064Z,1,
PMC3617828,10.1093/jxb/ert018,Association of candidate genes with drought tolerance traits in diverse perennial ryegrass accessions,https://europepmc.org/articles/PMC3617828,https://www.ebi.ac.uk/europepmc/webservices/rest/PMC3617828/fullTextXML,fetched,cc by-nc,0575aa5016ac6bc8a187c632945e32d766ccad0399ef9396950dbcbe5c486802,data\v2\staging\traits\direct_llm_pilot\20260807_europe_pmc_reproduction_scale\raw_xml\PMC3617828.xml.gz,2026-08-07T09:52:48.469172Z,1,
PMC3632553,10.1371/journal.pone.0062575,Nectar Sugar Production across Floral Phases in the,https://europepmc.org/articles/PMC3632553,https://www.ebi.ac.uk/europepmc/webservices/rest/PMC3632553/fullTextXML,fetched,cc by,5526dbba5c52fa023e3f5681ab6b0ea8fd8e262c2334accdc8609663069f1958,data\v2\staging\traits\direct_llm_pilot\20260807_europe_pmc_reproduction_scale\raw_xml\PMC3632553.xml.gz,2026-08-07T09:52:48.656023Z,1,
PMC3633782,10.1007/s10265-012-0529-z,"Anagenetic speciation in Ullung Island, Korea: genetic diversity and structure in the island endemic species,",https://europepmc.org/articles/PMC3633782,https://www.ebi.ac.uk/europepmc/webservices/rest/PMC3633782/fullTextXML,fetched,cc by,be38d8d0d792b2af5134dd116558033b8b80d896b8006d80110f1df21e4131be,data\v2\staging\traits\direct_llm_pilot\20260807_europe_pmc_reproduction_scale\raw_xml\PMC3633782.xml.gz,2026-08-07T09:52:48.968916Z,1,
PMC3641107,10.1371/journal.pone.0063117,Evidence for Cross-Tolerance to Nutrient Deficiency in Three Disjunct Populations of,https://europepmc.org/articles/PMC3641107,https://www.ebi.ac.uk/europepmc/webservices/rest/PMC3641107/fullTextXML,fetched,cc by,93b0bf05a9621a0e392853333af94d0fe4b49772e739bab6ae4f8d4d5bf03999,data\v2\staging\traits\direct_llm_pilot\20260807_europe_pmc_reproduction_scale\raw_xml\PMC3641107.xml.gz,2026-08-07T09:52:49.161878Z,1,
PMC3642498,10.3389/fpls.2013.00107,The potential of C4 grasses for cellulosic biofuel production,https://europepmc.org/articles/PMC3642498,https://www.ebi.ac.uk/europepmc/webservices/rest/PMC3642498/fullTextXML,fetched,cc by,dd1dfbd179660e9bf0adad77340ff8c505912e4bfc71141ab948c0b83d1102a8,data\v2\staging\traits\direct_llm_pilot\20260807_europe_pmc_reproduction_scale\raw_xml\PMC3642498.xml.gz,2026-08-07T09:52:49.385590Z,1,
PMC3654429,10.1093/jxb/ert098,Patterns of evolution at the gametophytic self-incompatibility,https://europepmc.org/articles/PMC3654429,https://www.ebi.ac.uk/europepmc/webservices/rest/PMC3654429/fullTextXML,fetched,cc by-nc,394dcc478ef7bf45b52c4f5cd42af45058efc945a72200d126ecec84e9b95e0e,data\v2\staging\traits\direct_llm_pilot\20260807_europe_pmc_reproduction_scale\raw_xml\PMC3654429.xml.gz,2026-08-07T09:52:49.861674Z,1,
PMC3662616,10.1186/1754-6834-6-77,Advances in biotechnology and genomics of switchgrass,https://europepmc.org/articles/PMC3662616,https://www.ebi.ac.uk/europepmc/webservices/rest/PMC3662616/fullTextXML,fetched,cc by,1d09a4f7167b18a2974fc65c2f9d2178f22af267ad2a41ea69146b435dcefaa8,data\v2\staging\traits\direct_llm_pilot\20260807_europe_pmc_reproduction_scale\raw_xml\PMC3662616.xml.gz,2026-08-07T09:52:50.213183Z,1,
PMC3670206,10.1186/1472-6785-13-10,Pollen flow and effects of population structure on selfing rates and female and male reproductive success in fragmented,https://europepmc.org/articles/PMC3670206,https://www.ebi.ac.uk/europepmc/webservices/rest/PMC3670206/fullTextXML,fetched,cc by,05dd1b8b97a2e9a66fbd51e91d52eea78a4a5b2b11137202787cc0d28f1113f6,data\v2\staging\traits\direct_llm_pilot\20260807_europe_pmc_reproduction_scale\raw_xml\PMC3670206.xml.gz,2026-08-07T09:52:50.627860Z,1,
PMC3685855,10.3389/fpls.2013.00181,Comparative feedstock analysis in,https://europepmc.org/articles/PMC3685855,https://www.ebi.ac.uk/europepmc/webservices/rest/PMC3685855/fullTextXML,fetched,cc by,272f4a0ed1cf78c15d4e5fd970a34274db54976d2b80dea9d86e182b9f58a2d2,data\v2\staging\traits\direct_llm_pilot\20260807_europe_pmc_reproduction_scale\raw_xml\PMC3685855.xml.gz,2026-08-07T09:52:50.997377Z,1,
PMC3702518,10.1186/1746-4269-9-39,"Ecological and socio-cultural factors influencing plant management in Náhuatl communities of the Tehuacán Valley, Mexico",https://europepmc.org/articles/PMC3702518,https://www.ebi.ac.uk/europepmc/webservices/rest/PMC3702518/fullTextXML,fetched,cc by,83d188c22d3aa82dacc066899b3ec3e7f6aaab79b2ea240eff482b6ccb0129b1,data\v2\staging\traits\direct_llm_pilot\20260807_europe_pmc_reproduction_scale\raw_xml\PMC3702518.xml.gz,2026-08-07T09:52:51.342354Z,1,
PMC3707879,10.1371/journal.pone.0068514,European Invasion of North American,https://europepmc.org/articles/PMC3707879,https://www.ebi.ac.uk/europepmc/webservices/rest/PMC3707879/fullTextXML,fetched,cc by,7b3b4844d81c8d71efb2f57eb37bfc0d9ec52f6040d37dd3f6e5f5bdb6efde7b,data\v2\staging\traits\direct_llm_pilot\20260807_europe_pmc_reproduction_scale\raw_xml\PMC3707879.xml.gz,2026-08-07T09:52:51.436929Z,1,
PMC3742538,10.1371/journal.pone.0072688,Histological and Micro-CT Evidence of Stigmatic Rostellum Receptivity Promoting Auto-Pollination in the Madagascan Orchid,https://europepmc.org/articles/PMC3742538,https://www.ebi.ac.uk/europepmc/webservices/rest/PMC3742538/fullTextXML,fetched,cc by,aa7b7bffdcc20fc4946d4a8cc1b89829ecfb2c1577cb9842bf590b541551a2e1,data\v2\staging\traits\direct_llm_pilot\20260807_europe_pmc_reproduction_scale\raw_xml\PMC3742538.xml.gz,2026-08-07T09:52:51.447452Z,2,
PMC3783232,10.1093/aob/mct167,Reproductive differentiation into sexual and apomictic polyploid cytotypes in,https://europepmc.org/articles/PMC3783232,https://www.ebi.ac.uk/europepmc/webservices/rest/PMC3783232/fullTextXML,fetched,cc by,4fe7f5f66f939666d3ed0c4ef9503f5d3cfb62020783d73f19b44c8fd251ca12,data\v2\staging\traits\direct_llm_pilot\20260807_europe_pmc_reproduction_scale\raw_xml\PMC3783232.xml.gz,2026-08-07T09:52:51.922758Z,1,
PMC3797877,10.1371/journal.pone.0073854,"Glacial History Affected Phenotypic Differentiation in the Alpine Plant,",https://europepmc.org/articles/PMC3797877,https://www.ebi.ac.uk/europepmc/webservices/rest/PMC3797877/fullTextXML,fetched,cc by,469bd3920b95f03576427e809b7853e6b63f347378462d3e3ded2a148b69335f,data\v2\staging\traits\direct_llm_pilot\20260807_europe_pmc_reproduction_scale\raw_xml\PMC3797877.xml.gz,2026-08-07T09:52:52.220534Z,1,
PMC3806244,10.1111/ele.12135,Herbarium specimens reveal the footprint of climate change on flowering trends across north-central North America,https://europepmc.org/articles/PMC3806244,https://www.ebi.ac.uk/europepmc/webservices/rest/PMC3806244/fullTextXML,fetched,cc by,86bbad96be3c80765dd9515051ca024fb873b5dbb1bf9b7f07f4a0e0c2bdb4ef,data\v2\staging\traits\direct_llm_pilot\20260807_europe_pmc_reproduction_scale\raw_xml\PMC3806244.xml.gz,2026-08-07T09:52:52.445949Z,1,
PMC3821621,10.3390/ijms141020399,Genetic Diversity and Population Differentiation of,https://europepmc.org/articles/PMC3821621,https://www.ebi.ac.uk/europepmc/webservices/rest/PMC3821621/fullTextXML,fetched,cc by,a25a5cb7a6fa2bee328950486b69a169958d9ae2491fa9c3d612606724a7e3ef,data\v2\staging\traits\direct_llm_pilot\20260807_europe_pmc_reproduction_scale\raw_xml\PMC3821621.xml.gz,2026-08-07T09:52:52.954165Z,1,
PMC3823605,10.1371/journal.pone.0079425,Comparative Genome Analysis between,https://europepmc.org/articles/PMC3823605,https://www.ebi.ac.uk/europepmc/webservices/rest/PMC3823605/fullTextXML,fetched,cc0,e3689c19f5abdcdbbdb6c4258b22c6b9ed7e0f971b65ca996b4971470e683ce9,data\v2\staging\traits\direct_llm_pilot\20260807_europe_pmc_reproduction_scale\raw_xml\PMC3823605.xml.gz,2026-08-07T09:52:53.212361Z,1,
PMC3866105,10.1371/journal.pone.0082281,Invasive and Non-Invasive Congeners Show Similar Trait Shifts between Their Same Native and Non-Native Ranges,https://europepmc.org/articles/PMC3866105,https://www.ebi.ac.uk/europepmc/webservices/rest/PMC3866105/fullTextXML,fetched,cc by,d716ee188ed4182f16925cd52fe7c29723e9db892fc269d9349e47a40353e24e,data\v2\staging\traits\direct_llm_pilot\20260807_europe_pmc_reproduction_scale\raw_xml\PMC3866105.xml.gz,2026-08-07T09:52:53.475485Z,1,
PMC3869205,10.7717/peerj.218,Systematic revision of,https://europepmc.org/articles/PMC3869205,https://www.ebi.ac.uk/europepmc/webservices/rest/PMC3869205/fullTextXML,fetched,cc by,1b03068dde5a8cc4b752f07c558a6912417e6c896b6da07ec32c927fc4326287,data\v2\staging\traits\direct_llm_pilot\20260807_europe_pmc_reproduction_scale\raw_xml\PMC3869205.xml.gz,2026-08-07T09:52:54.122225Z,1,
PMC3880010,10.1186/2041-2223-5-1,"DNA fingerprinting in botany: past, present, future",https://europepmc.org/articles/PMC3880010,https://www.ebi.ac.uk/europepmc/webservices/rest/PMC3880010/fullTextXML,fetched,cc by,9d5cff2cbcf369f4479d816e650a5b4420c4664af7e134b53ef91a977b7e8d2c,data\v2\staging\traits\direct_llm_pilot\20260807_europe_pmc_reproduction_scale\raw_xml\PMC3880010.xml.gz,2026-08-07T09:52:54.241747Z,2,
PMC3906971,10.1093/aob/mct278,"Inflorescence dimorphism, heterodichogamy and thrips pollination in",https://europepmc.org/articles/PMC3906971,https://www.ebi.ac.uk/europepmc/webservices/rest/PMC3906971/fullTextXML,fetched,cc by,f3984283b5604027e565c6f79bad3dddff74cc9823e161476c7e98fb52aefda1,data\v2\staging\traits\direct_llm_pilot\20260807_europe_pmc_reproduction_scale\raw_xml\PMC3906971.xml.gz,2026-08-07T09:52:54.452030Z,1,
PMC3965482,10.1371/journal.pone.0092976,Microsatellite Marker Analysis Reveals the Complex Phylogeographic History of,https://europepmc.org/articles/PMC3965482,https://www.ebi.ac.uk/europepmc/webservices/rest/PMC3965482/fullTextXML,fetched,cc by,3915b492d90e1ca1b0c96ed3391a025616c4860610a131cb54ee4159edd5b6b3,data\v2\staging\traits\direct_llm_pilot\20260807_europe_pmc_reproduction_scale\raw_xml\PMC3965482.xml.gz,2026-08-07T09:52:54.509888Z,1,
PMC4020776,10.1371/journal.pone.0096596,Wild European Apple (Malus sylvestris (L.) Mill.) Population Dynamics: Insight from Genetics and Ecology in the Rhine Valley. Priorities for a Future Conservation Programme,https://europepmc.org/articles/PMC4020776,https://www.ebi.ac.uk/europepmc/webservices/rest/PMC4020776/fullTextXML,fetched,cc by,c549ffcced7541d605c2531e2f3a280b2a78e50f2447fe3725a4ad60bca20b49,data\v2\staging\traits\direct_llm_pilot\20260807_europe_pmc_reproduction_scale\raw_xml\PMC4020776.xml.gz,2026-08-07T09:52:54.936309Z,1,
PMC4025490,10.1534/g3.113.010165,Genetic Linkage Mapping and Transmission Ratio Distortion in a Three-Generation Four-Founder Population of,https://europepmc.org/articles/PMC4025490,https://www.ebi.ac.uk/europepmc/webservices/rest/PMC4025490/fullTextXML,fetched,cc by,5c7a312e2f4616525f850ad57279da1271fee36f136e1e2a23125971f354259f,data\v2\staging\traits\direct_llm_pilot\20260807_europe_pmc_reproduction_scale\raw_xml\PMC4025490.xml.gz,2026-08-07T09:52:55.140031Z,1,
PMC4086209,10.3897/phytokeys.38.7609,Revision of endemic Marquesas Islands,https://europepmc.org/articles/PMC4086209,https://www.ebi.ac.uk/europepmc/webservices/rest/PMC4086209/fullTextXML,fetched,cc by,cc6bb1185296147d977bda8acfe646f7fb8ffd4e9a333b8e9fda1ba1a2875873,data\v2\staging\traits\direct_llm_pilot\20260807_europe_pmc_reproduction_scale\raw_xml\PMC4086209.xml.gz,2026-08-07T09:52:55.610238Z,1,
PMC4103474,10.3732/apps.1400017,Sequence-related amplified polymorphism (SRAP) markers: A potential resource for studies in plant molecular biology,https://europepmc.org/articles/PMC4103474,https://www.ebi.ac.uk/europepmc/webservices/rest/PMC4103474/fullTextXML,fetched,cc by-nc,0237fa331d6c2223798573fb58b2ec0040e4b0d458e93b22f0960f10ea72c774,data\v2\staging\traits\direct_llm_pilot\20260807_europe_pmc_reproduction_scale\raw_xml\PMC4103474.xml.gz,2026-08-07T09:52:55.610797Z,1,
PMC4103497,10.5256/f1000research.4691.r5191,Ecological implications of reduced pollen deposition in alpine plants: a case study using a dominant cushion plant species,https://europepmc.org/articles/PMC4103497,https://www.ebi.ac.uk/europepmc/webservices/rest/PMC4103497/fullTextXML,fetched,cc by,187890b5dbc6e2a3ce2dec074deb37252a04bc59ddbffe190fb9d2f80a1a5778,data\v2\staging\traits\direct_llm_pilot\20260807_europe_pmc_reproduction_scale\raw_xml\PMC4103497.xml.gz,2026-08-07T09:52:56.485318Z,1,
PMC4139801,10.3390/ijms150711578,Conservation Genetics of an Endangered Lady’s Slipper Orchid:,https://europepmc.org/articles/PMC4139801,https://www.ebi.ac.uk/europepmc/webservices/rest/PMC4139801/fullTextXML,fetched,cc by,1bc044c5d15da7b28ce9bd4337b9434efec0be300e2d2f3c97b4457a5783396e,data\v2\staging\traits\direct_llm_pilot\20260807_europe_pmc_reproduction_scale\raw_xml\PMC4139801.xml.gz,2026-08-07T09:52:56.896031Z,1,
PMC4142443,10.1111/mec.12845,"Population genomic variation reveals roles of history, adaptation and ploidy in switchgrass",https://europepmc.org/articles/PMC4142443,https://www.ebi.ac.uk/europepmc/webservices/rest/PMC4142443/fullTextXML,fetched,cc by,cccc14a05792c5ae00224b67e7ad8a34aa375b23712bfe279f96f13618e9201e,data\v2\staging\traits\direct_llm_pilot\20260807_europe_pmc_reproduction_scale\raw_xml\PMC4142443.xml.gz,2026-08-07T09:52:56.898829Z,1,
PMC4148497,10.1186/1472-6750-14-79,Transgene autoexcision in switchgrass pollen mediated by the Bxb1 recombinase,https://europepmc.org/articles/PMC4148497,https://www.ebi.ac.uk/europepmc/webservices/rest/PMC4148497/fullTextXML,fetched,cc by,53d05ee594907d0b2c402ad2880d360485c7b9e00c703c376aa3d72480dfb680,data\v2\staging\traits\direct_llm_pilot\20260807_europe_pmc_reproduction_scale\raw_xml\PMC4148497.xml.gz,2026-08-07T09:52:57.484435Z,1,
PMC4156326,10.1371/journal.pone.0106595,Archaeological Evidence for Peach (,https://europepmc.org/articles/PMC4156326,https://www.ebi.ac.uk/europepmc/webservices/rest/PMC4156326/fullTextXML,fetched,cc by,ef42a31e2e96f8d7d1f59220f05c428d14cb6178e5bc53637c7019a485ba62a8,data\v2\staging\traits\direct_llm_pilot\20260807_europe_pmc_reproduction_scale\raw_xml\PMC4156326.xml.gz,2026-08-07T09:52:57.591858Z,3,
PMC4231346,10.1186/1471-2156-14-102,Genetic diversity of natural orchardgrass (,https://europepmc.org/articles/PMC4231346,https://www.ebi.ac.uk/europepmc/webservices/rest/PMC4231346/fullTextXML,fetched,cc by,7fc11bddd956e872f9b4ad35875fc64b0f40658933243f319335b0df34171799,data\v2\staging\traits\direct_llm_pilot\20260807_europe_pmc_reproduction_scale\raw_xml\PMC4231346.xml.gz,2026-08-07T09:52:57.736412Z,1,
PMC4233402,10.3897/zookeys.450.7452,A taxonomic monograph of Nearctic,https://europepmc.org/articles/PMC4233402,https://www.ebi.ac.uk/europepmc/webservices/rest/PMC4233402/fullTextXML,fetched,cc by,189d60c98041b95167ea62278b73dd75853b6467acaf795c238bbf35003e42a4,data\v2\staging\traits\direct_llm_pilot\20260807_europe_pmc_reproduction_scale\raw_xml\PMC4233402.xml.gz,2026-08-07T09:52:58.114301Z,1,
PMC4243328,10.1186/s12870-014-0297-0,PnTgs1-like expression during reproductive development supports a role for RNA methyltransferases in the aposporous pathway.,https://europepmc.org/articles/PMC4243328,https://www.ebi.ac.uk/europepmc/webservices/rest/PMC4243328/fullTextXML,fetched,cc by,2092d88207500071265e89be27e069566d2dfc0418e32bef4950f7cf3838410c,data\v2\staging\traits\direct_llm_pilot\20260807_europe_pmc_reproduction_scale\raw_xml\PMC4243328.xml.gz,2026-08-07T09:52:58.298148Z,2,
PMC4260133,10.1111/nph.12954,Emergence of apospory and bypass of meiosis via apomixis after sexual hybridisation and polyploidisation,https://europepmc.org/articles/PMC4260133,https://www.ebi.ac.uk/europepmc/webservices/rest/PMC4260133/fullTextXML,fetched,cc by,a573dc80dec1b9cbd63cc602f3b9b848cb0a88c3a6c30da7b1ca8c5ad9b73808,data\v2\staging\traits\direct_llm_pilot\20260807_europe_pmc_reproduction_scale\raw_xml\PMC4260133.xml.gz,2026-08-07T09:52:58.722349Z,2,
PMC4270420,10.1080/21501203.2014.963720,"<i>Hymenoscyphus fraxineus</i> vs. <i>Hymenoscyphus albidus</i> - A comparative light microscopic study on the causal agent of European ash dieback and related foliicolous, stroma-forming species.",https://europepmc.org/articles/PMC4270420,https://www.ebi.ac.uk/europepmc/webservices/rest/PMC4270420/fullTextXML,fetched,cc by,2a5d0f126aa575a36d71737670bb06e9f3312400911b119d19978b7219515463,data\v2\staging\traits\direct_llm_pilot\20260807_europe_pmc_reproduction_scale\raw_xml\PMC4270420.xml.gz,2026-08-07T09:52:59.085484Z,1,
PMC4309430,10.1111/tpj.12601,Nucleotide polymorphism and copy number variant detection using exome capture and next-generation sequencing in the polyploid grass,https://europepmc.org/articles/PMC4309430,https://www.ebi.ac.uk/europepmc/webservices/rest/PMC4309430/fullTextXML,fetched,cc by-nc-nd,9c4de81fa04f829ba305f818075d93d7d1c6cb050abbbff051fb0879b3eb3ed1,data\v2\staging\traits\direct_llm_pilot\20260807_europe_pmc_reproduction_scale\raw_xml\PMC4309430.xml.gz,2026-08-07T09:52:59.217862Z,1,
PMC4323518,10.1093/aobpla/plu087,Genetic diversity and floral width variation in introduced and native populations of a long-lived woody perennial,https://europepmc.org/articles/PMC4323518,https://www.ebi.ac.uk/europepmc/webservices/rest/PMC4323518/fullTextXML,fetched,cc by,db2ae0d859c1f1970fc9942d6ce8f36e2e4a9241b7bfba160b5960f9ead1976e,data\v2\staging\traits\direct_llm_pilot\20260807_europe_pmc_reproduction_scale\raw_xml\PMC4323518.xml.gz,2026-08-07T09:52:59.655848Z,2,
PMC4342888,10.1186/s12864-014-1193-6,A search for protein biomarkers links olfactory signal transduction to social immunity,https://europepmc.org/articles/PMC4342888,https://www.ebi.ac.uk/europepmc/webservices/rest/PMC4342888/fullTextXML,fetched,cc by,cdadcf74f6447ca7b27df95d05034b308e8853b22f56845819c437b570f21fe6,data\v2\staging\traits\direct_llm_pilot\20260807_europe_pmc_reproduction_scale\raw_xml\PMC4342888.xml.gz,2026-08-07T09:52:59.734456Z,1,
PMC4352264,10.1186/s12864-015-1328-4,Comprehensive analysis of CCCH-type zinc finger family genes facilitates functional gene discovery and reflects recent allopolyploidization event in tetraploid switchgrass,https://europepmc.org/articles/PMC4352264,https://www.ebi.ac.uk/europepmc/webservices/rest/PMC4352264/fullTextXML,fetched,cc by,c1447862f4dd164601e10da61511b272d37d487475cc923bde0af3c1237e6ea7,data\v2\staging\traits\direct_llm_pilot\20260807_europe_pmc_reproduction_scale\raw_xml\PMC4352264.xml.gz,2026-08-07T09:53:00.253717Z,1,
PMC4373168,10.1111/boj.12168,Recurrent polymorphic mating type variation in Madagascan,https://europepmc.org/articles/PMC4373168,https://www.ebi.ac.uk/europepmc/webservices/rest/PMC4373168/fullTextXML,fetched,cc by,5c21029c547998c0665d7a24028aafbe632f34136e6eb1ab46d11b208dd3bc83,data\v2\staging\traits\direct_llm_pilot\20260807_europe_pmc_reproduction_scale\raw_xml\PMC4373168.xml.gz,2026-08-07T09:53:00.485539Z,1,
PMC4377512,10.1155/2015/482161,Pollinator Behaviour on a Food-Deceptive Orchid,https://europepmc.org/articles/PMC4377512,https://www.ebi.ac.uk/europepmc/webservices/rest/PMC4377512/fullTextXML,fetched,cc by,98924e4ea04166f747fd208b524b0175ce288a1428d6ea6f9160bb8954da1ffe,data\v2\staging\traits\direct_llm_pilot\20260807_europe_pmc_reproduction_scale\raw_xml\PMC4377512.xml.gz,2026-08-07T09:53:01.319105Z,1,
PMC4423849,10.1371/journal.pone.0125719,"Nest Suitability, Fine-Scale Population Structure and Male-Mediated Dispersal of a Solitary Ground Nesting Bee in an Urban Landscape",https://europepmc.org/articles/PMC4423849,https://www.ebi.ac.uk/europepmc/webservices/rest/PMC4423849/fullTextXML,fetched,cc by,9d5cedb1e5a9e1f6725d00afcc9a8ada7948f7a357cd8b7d0bc4c6f2dd1567f5,data\v2\staging\traits\direct_llm_pilot\20260807_europe_pmc_reproduction_scale\raw_xml\PMC4423849.xml.gz,2026-08-07T09:53:01.973155Z,1,
PMC4425909,10.1186/s12870-015-0494-5,Association of SSR markers with functional traits from heat stress in diverse tall fescue accessions,https://europepmc.org/articles/PMC4425909,https://www.ebi.ac.uk/europepmc/webservices/rest/PMC4425909/fullTextXML,fetched,cc by,af129e272fa580149f5d69218bdfa68dc14779bdd1c3e8026e75b496932f1348,data\v2\staging\traits\direct_llm_pilot\20260807_europe_pmc_reproduction_scale\raw_xml\PMC4425909.xml.gz,2026-08-07T09:53:02.347442Z,1,
PMC4432000,10.1093/aobpla/plv036,Long-distance plant dispersal to North Atlantic islands: colonization routes and founder effect,https://europepmc.org/articles/PMC4432000,https://www.ebi.ac.uk/europepmc/webservices/rest/PMC4432000/fullTextXML,fetched,cc by,eef97850dcdd473d2b14b866266fc8aa3753ec6b457ec49e89d804373e101fd1,data\v2\staging\traits\direct_llm_pilot\20260807_europe_pmc_reproduction_scale\raw_xml\PMC4432000.xml.gz,2026-08-07T09:53:02.531290Z,1,
PMC4437050,10.3389/fgene.2015.00183,Variable mating behaviors and the maintenance of tropical biodiversity,https://europepmc.org/articles/PMC4437050,https://www.ebi.ac.uk/europepmc/webservices/rest/PMC4437050/fullTextXML,fetched,cc by,c7c3e074a46cf238558fc83cb4c3df9ac65b0ab70d0b432565b45fc25603f716,data\v2\staging\traits\direct_llm_pilot\20260807_europe_pmc_reproduction_scale\raw_xml\PMC4437050.xml.gz,2026-08-07T09:53:02.589239Z,1,
PMC4459035,10.1111/boj.12088,Interpretation of patterns of genetic variation in endemic plant species of oceanic islands,https://europepmc.org/articles/PMC4459035,https://www.ebi.ac.uk/europepmc/webservices/rest/PMC4459035/fullTextXML,fetched,cc by-nc-nd,e482a0d804bebf79cd6cf9e0de35badd3d2715ff5486a9f6897e47b23aa0fee6,data\v2\staging\traits\direct_llm_pilot\20260807_europe_pmc_reproduction_scale\raw_xml\PMC4459035.xml.gz,2026-08-07T09:53:03.061995Z,1,
PMC4477885,10.1371/journal.pone.0130456,Accelerated Growth Rate and Increased Drought Stress Resilience of the Model Grass,https://europepmc.org/articles/PMC4477885,https://www.ebi.ac.uk/europepmc/webservices/rest/PMC4477885/fullTextXML,fetched,cc by,d3876018031401896b14b91f8be6411ebf8b9ba99c9171110abed1681a80d4a8,data\v2\staging\traits\direct_llm_pilot\20260807_europe_pmc_reproduction_scale\raw_xml\PMC4477885.xml.gz,2026-08-07T09:53:03.093081Z,1,
PMC4481123,10.1186/s12870-015-0529-y,Tc-MYBPA an Arabidopsis TT2-like transcription factor and functions in the regulation of proanthocyanidin synthesis in Theobroma cacao.,https://europepmc.org/articles/PMC4481123,https://www.ebi.ac.uk/europepmc/webservices/rest/PMC4481123/fullTextXML,fetched,cc by,eb8bcb5548fad343ab7c6601bdc348debdf7b6c7085a30db82d9822ba34b699f,data\v2\staging\traits\direct_llm_pilot\20260807_europe_pmc_reproduction_scale\raw_xml\PMC4481123.xml.gz,2026-08-07T09:53:03.191586Z,1,
PMC4485972,10.1002/ece3.1501,Elevation as a barrier: genetic structure for an Atlantic rain forest tree (,https://europepmc.org/articles/PMC4485972,https://www.ebi.ac.uk/europepmc/webservices/rest/PMC4485972/fullTextXML,fetched,cc by,3b9d00de43774349ad3e510dcd02f603d20647246aa7f42c5efdbadee6895262,data\v2\staging\traits\direct_llm_pilot\20260807_europe_pmc_reproduction_scale\raw_xml\PMC4485972.xml.gz,2026-08-07T09:53:03.456323Z,1,
PMC4488600,10.3389/fpls.2015.00497,Development of schizogenous intercellular spaces in plants,https://europepmc.org/articles/PMC4488600,https://www.ebi.ac.uk/europepmc/webservices/rest/PMC4488600/fullTextXML,fetched,cc by,9dc3125f7321ab977cd2348e14e9ef901625c8508394b5620f521549520dce57,data\v2\staging\traits\direct_llm_pilot\20260807_europe_pmc_reproduction_scale\raw_xml\PMC4488600.xml.gz,2026-08-07T09:53:04.457879Z,1,
PMC4514876,10.1371/journal.pone.0132545,Elevated Genetic Diversity in the Emerging Blueberry Pathogen,https://europepmc.org/articles/PMC4514876,https://www.ebi.ac.uk/europepmc/webservices/rest/PMC4514876/fullTextXML,fetched,cc by,bc6843ceca9023f2d5e2cf82cbc2ab93e8a3e098ac0b638ee4d536dab0fbfeef,data\v2\staging\traits\direct_llm_pilot\20260807_europe_pmc_reproduction_scale\raw_xml\PMC4514876.xml.gz,2026-08-07T09:53:04.680660Z,1,
PMC4583772,10.1093/aobpla/plv095,Patterns in floral traits and plant breeding systems on Southern Ocean Islands,https://europepmc.org/articles/PMC4583772,https://www.ebi.ac.uk/europepmc/webservices/rest/PMC4583772/fullTextXML,fetched,cc by,bb5dd63a035e9a244659d05e12a4e0c594e5329456e75aea4ab4c9c89a90be6a,data\v2\staging\traits\direct_llm_pilot\20260807_europe_pmc_reproduction_scale\raw_xml\PMC4583772.xml.gz,2026-08-07T09:53:05.015450Z,1,
PMC4592572,10.1186/s12870-015-0624-0,Genetics and physiology of cell wall polysaccharides in the model C,https://europepmc.org/articles/PMC4592572,https://www.ebi.ac.uk/europepmc/webservices/rest/PMC4592572/fullTextXML,fetched,cc by,749830d8b9fbbecf11578cc5d91c863bc763082a606d8bb8e7eecef5a4b509e8,data\v2\staging\traits\direct_llm_pilot\20260807_europe_pmc_reproduction_scale\raw_xml\PMC4592572.xml.gz,2026-08-07T09:53:05.057193Z,1,
PMC4657272,10.1186/s12906-015-0928-5,Antisickling and toxicological evaluation of the leaves of,https://europepmc.org/articles/PMC4657272,https://www.ebi.ac.uk/europepmc/webservices/rest/PMC4657272/fullTextXML,fetched,cc by,8c66bbfbb6ccd97b2b89b8abf9258589accdfc5a9d01117f212bdc49705e283f,data\v2\staging\traits\direct_llm_pilot\20260807_europe_pmc_reproduction_scale\raw_xml\PMC4657272.xml.gz,2026-08-07T09:53:05.393087Z,1,
PMC4662731,10.1093/aobpla/plv117,Genetic diversity and population structure of an important wild berry crop,https://europepmc.org/articles/PMC4662731,https://www.ebi.ac.uk/europepmc/webservices/rest/PMC4662731/fullTextXML,fetched,cc by,2883ad68ca7d13f3ff09f1ede22a2e86f509ad14a5bce19defa92ec0c24e7613,data\v2\staging\traits\direct_llm_pilot\20260807_europe_pmc_reproduction_scale\raw_xml\PMC4662731.xml.gz,2026-08-07T09:53:05.443540Z,1,
PMC4672212,10.1093/jisesa/iev090,Pollination Services of Mango Flower Pollinators,https://europepmc.org/articles/PMC4672212,https://www.ebi.ac.uk/europepmc/webservices/rest/PMC4672212/fullTextXML,fetched,cc by-nc,78fc357d4cda2854261dd1e887fa2f807986e5e9de7c51ec28a5d52233138ed4,data\v2\staging\traits\direct_llm_pilot\20260807_europe_pmc_reproduction_scale\raw_xml\PMC4672212.xml.gz,2026-08-07T09:53:05.536204Z,2,
PMC4674107,10.1371/journal.pone.0143234,Diversity of,https://europepmc.org/articles/PMC4674107,https://www.ebi.ac.uk/europepmc/webservices/rest/PMC4674107/fullTextXML,fetched,cc by,4db2a1eee81f8ff8f0315cbd2f1b5042cc36ab3b11b23bf552858dca354d6a2f,data\v2\staging\traits\direct_llm_pilot\20260807_europe_pmc_reproduction_scale\raw_xml\PMC4674107.xml.gz,2026-08-07T09:53:05.854731Z,1,
PMC4678371,10.1038/srep18213,Comparative study of diversity based on heat tolerant-related morpho-physiological traits and molecular markers in tall fescue accessions,https://europepmc.org/articles/PMC4678371,https://www.ebi.ac.uk/europepmc/webservices/rest/PMC4678371/fullTextXML,fetched,cc by,22fc14bb18872256a9b167c1173041decdcf48cc0e3036ee58f15e942e6ea91f,data\v2\staging\traits\direct_llm_pilot\20260807_europe_pmc_reproduction_scale\raw_xml\PMC4678371.xml.gz,2026-08-07T09:53:06.257333Z,1,
PMC4683044,10.3732/apps.1500088,Characterization of nuclear microsatellite markers for,https://europepmc.org/articles/PMC4683044,https://www.ebi.ac.uk/europepmc/webservices/rest/PMC4683044/fullTextXML,fetched,cc by-nc,5ecc2f79982ac0f29d9b0a709836d04680089e3d9946e302c67bcb519853cbf4,data\v2\staging\traits\direct_llm_pilot\20260807_europe_pmc_reproduction_scale\raw_xml\PMC4683044.xml.gz,2026-08-07T09:53:06.848106Z,1,
PMC4683647,10.1534/g3.115.023358,"Multilocus Sex Determination Revealed in Two Populations of Gynodioecious Wild Strawberry,",https://europepmc.org/articles/PMC4683647,https://www.ebi.ac.uk/europepmc/webservices/rest/PMC4683647/fullTextXML,fetched,cc by,c54468595575c4a2fd2e9b2755b920973765adeb3f485df2498d447b66418676,data\v2\staging\traits\direct_llm_pilot\20260807_europe_pmc_reproduction_scale\raw_xml\PMC4683647.xml.gz,2026-08-07T09:53:07.255851Z,1,
PMC4708094,10.1093/aobpla/plv139,"Influence of plant size on female-biased sex allocation in a single-flowered, nectarless herb",https://europepmc.org/articles/PMC4708094,https://www.ebi.ac.uk/europepmc/webservices/rest/PMC4708094/fullTextXML,fetched,cc by,99d4b970c4756c33cdee22f815c8210994268f9adc657724a224972b26967442,data\v2\staging\traits\direct_llm_pilot\20260807_europe_pmc_reproduction_scale\raw_xml\PMC4708094.xml.gz,2026-08-07T09:53:07.340584Z,1,
PMC4755535,10.1371/journal.pone.0148982,Linking Genetic Variation in Adaptive Plant Traits to Climate in Tetraploid and Octoploid Basin Wildrye [,https://europepmc.org/articles/PMC4755535,https://www.ebi.ac.uk/europepmc/webservices/rest/PMC4755535/fullTextXML,fetched,cc0,3f4379fe0aaad6317f98c2e26e5a61427d0f3264f4519a8fbed9e45f6f8cd93b,data\v2\staging\traits\direct_llm_pilot\20260807_europe_pmc_reproduction_scale\raw_xml\PMC4755535.xml.gz,2026-08-07T09:53:07.733482Z,1,
PMC4764885,10.1038/hortres.2016.3,Isolation of prostrate turfgrass mutants via screening of dwarf phenotype and characterization of a perennial ryegrass prostrate mutant,https://europepmc.org/articles/PMC4764885,https://www.ebi.ac.uk/europepmc/webservices/rest/PMC4764885/fullTextXML,fetched,cc by,41a4db96c35d60510676305ec5f2278d411f46a4f5db0d9d0db6b52a1cd9e6d4,data\v2\staging\traits\direct_llm_pilot\20260807_europe_pmc_reproduction_scale\raw_xml\PMC4764885.xml.gz,2026-08-07T09:53:07.819060Z,1,
PMC4764900,10.1038/srep21435,Different pollinator assemblages ensure reproductive success of,https://europepmc.org/articles/PMC4764900,https://www.ebi.ac.uk/europepmc/webservices/rest/PMC4764900/fullTextXML,fetched,cc by,c8962d32efc7f0e4fd2e797eb30e962157b0806905d699b00709348198c542f7,data\v2\staging\traits\direct_llm_pilot\20260807_europe_pmc_reproduction_scale\raw_xml\PMC4764900.xml.gz,2026-08-07T09:53:07.941644Z,1,
PMC4774270,10.1016/j.simyco.2015.07.001,"Alternaria section Alternaria: Species, formae speciales or pathotypes?",https://europepmc.org/articles/PMC4774270,https://www.ebi.ac.uk/europepmc/webservices/rest/PMC4774270/fullTextXML,fetched,cc by-nc-nd,c843aabaa16acdca2417a7f93f50dc5690028c461b92241986d8cbb77045fff2,data\v2\staging\traits\direct_llm_pilot\20260807_europe_pmc_reproduction_scale\raw_xml\PMC4774270.xml.gz,2026-08-07T09:53:08.284416Z,1,
PMC4780387,10.1111/eva.12291,The status of supergenes in the 21st century: recombination suppression in Batesian mimicry and sex chromosomes and other complex adaptations,https://europepmc.org/articles/PMC4780387,https://www.ebi.ac.uk/europepmc/webservices/rest/PMC4780387/fullTextXML,fetched,cc by,00b3b6557736486abc5ae0b333ac2769495957e03c361637f0112e62e9760903,data\v2\staging\traits\direct_llm_pilot\20260807_europe_pmc_reproduction_scale\raw_xml\PMC4780387.xml.gz,2026-08-07T09:53:08.628822Z,1,
PMC4780793,10.1270/jsbbs.66.1,"Breeding, genetics, and genomics of fruit trees",https://europepmc.org/articles/PMC4780793,https://www.ebi.ac.uk/europepmc/webservices/rest/PMC4780793/fullTextXML,fetched,cc by-nc-nd,162d8d83490351e0255ff122574be343dfcc11638a0d20fcddd14e26c6b176de,data\v2\staging\traits\direct_llm_pilot\20260807_europe_pmc_reproduction_scale\raw_xml\PMC4780793.xml.gz,2026-08-07T09:53:08.881658Z,1,
PMC4793561,10.1093/aobpla/plw007,Effects of flowering phenology and synchrony on the reproductive success of a long-flowering shrub,https://europepmc.org/articles/PMC4793561,https://www.ebi.ac.uk/europepmc/webservices/rest/PMC4793561/fullTextXML,fetched,cc by,591a89844a95d2697f1b83065b2cded863066362cd7bf1abc725b17d50d3e294,data\v2\staging\traits\direct_llm_pilot\20260807_europe_pmc_reproduction_scale\raw_xml\PMC4793561.xml.gz,2026-08-07T09:53:09.401522Z,1,
PMC4807391,10.1590/1678-4685-GMB-2015-0167,"Multiple introductions and gene flow in subtropical South American populations of the fireweed,",https://europepmc.org/articles/PMC4807391,https://www.ebi.ac.uk/europepmc/webservices/rest/PMC4807391/fullTextXML,fetched,cc by,db5ed4963996ca8c9cc81809c2ffdfa51ddbcddd3023b768802f178c2964d02a,data\v2\staging\traits\direct_llm_pilot\20260807_europe_pmc_reproduction_scale\raw_xml\PMC4807391.xml.gz,2026-08-07T09:53:09.638299Z,1,
PMC4807393,10.1590/1678-4685-GMB-2014-0300,The,https://europepmc.org/articles/PMC4807393,https://www.ebi.ac.uk/europepmc/webservices/rest/PMC4807393/fullTextXML,fetched,cc by,b5b95bed8acc4958bd88e14f2667ed58467314f204a917e590603ee7c8279521,data\v2\staging\traits\direct_llm_pilot\20260807_europe_pmc_reproduction_scale\raw_xml\PMC4807393.xml.gz,2026-08-07T09:53:09.786105Z,1,
PMC4828838,10.1186/s12870-016-0772-x,De novo transcriptome sequencing and gene expression analysis reveal potential mechanisms of seed abortion in dove tree (Davidia involucrata Baill.).,https://europepmc.org/articles/PMC4828838,https://www.ebi.ac.uk/europepmc/webservices/rest/PMC4828838/fullTextXML,fetched,cc by,09ad66fdfe605f697836bd61e76da980f2720de7fbf0a6b6dd2c664fb131d6c8,data\v2\staging\traits\direct_llm_pilot\20260807_europe_pmc_reproduction_scale\raw_xml\PMC4828838.xml.gz,2026-08-07T09:53:09.919867Z,1,
PMC4833501,10.1002/ece3.2118,Contrasting genetic patterns between two coexisting,https://europepmc.org/articles/PMC4833501,https://www.ebi.ac.uk/europepmc/webservices/rest/PMC4833501/fullTextXML,fetched,cc by,ddc843319e46acd8194dc7589bf8d6885ae6b9a7cf6e3ac3de48e2bd76ed7261,data\v2\staging\traits\direct_llm_pilot\20260807_europe_pmc_reproduction_scale\raw_xml\PMC4833501.xml.gz,2026-08-07T09:53:10.181496Z,1,
PMC4844268,10.3390/plants4040773,Molecular Mechanisms of Phosphorus Metabolism and Transport during Leaf Senescence,https://europepmc.org/articles/PMC4844268,https://www.ebi.ac.uk/europepmc/webservices/rest/PMC4844268/fullTextXML,fetched,cc by,2dbc50fd90c99a421c5714dae881083c07c29ef9caf7b854541e96dcb8322265,data\v2\staging\traits\direct_llm_pilot\20260807_europe_pmc_reproduction_scale\raw_xml\PMC4844268.xml.gz,2026-08-07T09:53:10.363349Z,1,
PMC4922633,10.1371/journal.pone.0155638,Detection of Self Incompatibility Genotypes in,https://europepmc.org/articles/PMC4922633,https://www.ebi.ac.uk/europepmc/webservices/rest/PMC4922633/fullTextXML,fetched,cc by,1ee18a0d960fc234f9f6add5b898572b0141178cb4cd4de7328e2713cdbd0d8a,data\v2\staging\traits\direct_llm_pilot\20260807_europe_pmc_reproduction_scale\raw_xml\PMC4922633.xml.gz,2026-08-07T09:53:10.871429Z,1,
PMC4937464,10.1534/genetics.116.190314,A Parthenogenesis Gene Candidate and Evidence for Segmental Allopolyploidy in Apomictic,https://europepmc.org/articles/PMC4937464,https://www.ebi.ac.uk/europepmc/webservices/rest/PMC4937464/fullTextXML,fetched,,f4305d846639703578e547099287adc9743b00d97ac7bffae3546e1bac71f7b9,data\v2\staging\traits\direct_llm_pilot\20260807_europe_pmc_reproduction_scale\raw_xml\PMC4937464.xml.gz,2026-08-07T09:53:11.039842Z,1,
PMC4950116,10.1111/nph.13694,Niche dynamics of alien species do not differ among sexual and apomictic flowering plants,https://europepmc.org/articles/PMC4950116,https://www.ebi.ac.uk/europepmc/webservices/rest/PMC4950116/fullTextXML,fetched,cc by,48b1efd6417f18799f2167449b771156df0120d7ca0c99373524803d321090a3,data\v2\staging\traits\direct_llm_pilot\20260807_europe_pmc_reproduction_scale\raw_xml\PMC4950116.xml.gz,2026-08-07T09:53:11.421325Z,1,
PMC4970369,10.1093/aob/mcw108,Breeding system diversification and evolution in American,https://europepmc.org/articles/PMC4970369,https://www.ebi.ac.uk/europepmc/webservices/rest/PMC4970369/fullTextXML,fetched,cc by,936c9e66c5bb9669a7129cc8b32cef7441477e422d881d1f1ff20e099e5e0470,data\v2\staging\traits\direct_llm_pilot\20260807_europe_pmc_reproduction_scale\raw_xml\PMC4970369.xml.gz,2026-08-07T09:53:11.721054Z,2,
PMC4988368,10.3767/003158516X688027,Redefining,https://europepmc.org/articles/PMC4988368,https://www.ebi.ac.uk/europepmc/webservices/rest/PMC4988368/fullTextXML,fetched,cc by-nc-nd,81bd69a0bd8231cda9719c2a7d29fe77372c056c4d97864efeef38102d7b8ae2,data\v2\staging\traits\direct_llm_pilot\20260807_europe_pmc_reproduction_scale\raw_xml\PMC4988368.xml.gz,2026-08-07T09:53:12.108388Z,1,
PMC4996327,10.1111/1365-2664.12608,Modest enhancements to conventional grassland diversity improve the provision of pollination services,https://europepmc.org/articles/PMC4996327,https://www.ebi.ac.uk/europepmc/webservices/rest/PMC4996327/fullTextXML,fetched,cc by,8bb58ea9bc6653e75879b9e54070ad8a29c4f7e26e8b2f7b83e0ff42ed6f5803,data\v2\staging\traits\direct_llm_pilot\20260807_europe_pmc_reproduction_scale\raw_xml\PMC4996327.xml.gz,2026-08-07T09:53:12.299233Z,1,
PMC4999525,10.1111/eva.12398,Spatial pattern of invasion and the evolutionary responses of native plant species,https://europepmc.org/articles/PMC4999525,https://www.ebi.ac.uk/europepmc/webservices/rest/PMC4999525/fullTextXML,fetched,cc by,27677d40f1c1d52ce322f13a1db5c41cb2cf6297ee4354f1a5f88af7e2945cc3,data\v2\staging\traits\direct_llm_pilot\20260807_europe_pmc_reproduction_scale\raw_xml\PMC4999525.xml.gz,2026-08-07T09:53:12.522447Z,1,
PMC5018386,10.1093/aobpla/plw056,An ecological and evolutionary perspective on the parallel invasion of two cross-compatible trees,https://europepmc.org/articles/PMC5018386,https://www.ebi.ac.uk/europepmc/webservices/rest/PMC5018386/fullTextXML,fetched,cc by,958e9b38879a99162032bbb39d11e8770098979a55914d6eb064efe65d301c7a,data\v2\staging\traits\direct_llm_pilot\20260807_europe_pmc_reproduction_scale\raw_xml\PMC5018386.xml.gz,2026-08-07T09:53:12.618414Z,1,
PMC5045876,10.7717/peerj.2491,Reproductive ecology and isolation of,https://europepmc.org/articles/PMC5045876,https://www.ebi.ac.uk/europepmc/webservices/rest/PMC5045876/fullTextXML,fetched,cc by,c341b0eca48309fcd3a991165fa9623f8bb7561119adeb504d00d4d92240decb,data\v2\staging\traits\direct_llm_pilot\20260807_europe_pmc_reproduction_scale\raw_xml\PMC5045876.xml.gz,2026-08-07T09:53:13.235867Z,3,
PMC5077106,10.1371/journal.pone.0164844,Biological Interactions and Simulated Climate Change Modulates the Ecophysiological Performance of,https://europepmc.org/articles/PMC5077106,https://www.ebi.ac.uk/europepmc/webservices/rest/PMC5077106/fullTextXML,fetched,cc by,1d0c249fc3dc447d0ad6bc8ee386b4063561c4de06e4d7a6260bbf581e93c98b,data\v2\staging\traits\direct_llm_pilot\20260807_europe_pmc_reproduction_scale\raw_xml\PMC5077106.xml.gz,2026-08-07T09:53:13.573145Z,1,
PMC5091893,10.1093/aobpla/plw064,Correlations of polyploidy and apomixis with elevation and associated environmental gradients in an alpine plant,https://europepmc.org/articles/PMC5091893,https://www.ebi.ac.uk/europepmc/webservices/rest/PMC5091893/fullTextXML,fetched,cc by,319b9e19074208f6a555df1da0e22e06029e2f248794f4de3e1ff1b9fb4855a3,data\v2\staging\traits\direct_llm_pilot\20260807_europe_pmc_reproduction_scale\raw_xml\PMC5091893.xml.gz,2026-08-07T09:53:13.586980Z,1,
PMC5109026,10.3389/fgene.2016.00198,Application of Genomic Technologies to the Breeding of Trees,https://europepmc.org/articles/PMC5109026,https://www.ebi.ac.uk/europepmc/webservices/rest/PMC5109026/fullTextXML,fetched,cc by,6ee541af5aa61b4a4c90c42569fe7cceea89a562ca2e35a9a07daf88ce9289a5,data\v2\staging\traits\direct_llm_pilot\20260807_europe_pmc_reproduction_scale\raw_xml\PMC5109026.xml.gz,2026-08-07T09:53:14.306804Z,1,
PMC5109901,10.3897/phytokeys.73.10135,Checklist for the crop weeds of Paraguay,https://europepmc.org/articles/PMC5109901,https://www.ebi.ac.uk/europepmc/webservices/rest/PMC5109901/fullTextXML,fetched,cc by,e11154667a7e62ad543a501d5b5a5451e37f501439697d0076b8895162cfa9bf,data\v2\staging\traits\direct_llm_pilot\20260807_europe_pmc_reproduction_scale\raw_xml\PMC5109901.xml.gz,2026-08-07T09:53:14.590087Z,4,
PMC5121183,10.1007/s00122-016-2788-x,Seeds of doubt: Mendel’s choice of,https://europepmc.org/articles/PMC5121183,https://www.ebi.ac.uk/europepmc/webservices/rest/PMC5121183/fullTextXML,fetched,cc by,13b87704bdab3d634585bb3237394108c1c910ed0371f975baa3fd98e57c9d40,data\v2\staging\traits\direct_llm_pilot\20260807_europe_pmc_reproduction_scale\raw_xml\PMC5121183.xml.gz,2026-08-07T09:53:14.905876Z,2,
PMC5155402,10.1038/srep08646,The role of seedling recruitment from juvenile populations of,https://europepmc.org/articles/PMC5155402,https://www.ebi.ac.uk/europepmc/webservices/rest/PMC5155402/fullTextXML,fetched,cc by,b102438c066b472951cd1b53634d1ba0a4578bc8b8c11b03306cd027a44d8dd4,data\v2\staging\traits\direct_llm_pilot\20260807_europe_pmc_reproduction_scale\raw_xml\PMC5155402.xml.gz,2026-08-07T09:53:15.152666Z,1,
PMC5234542,10.3897/phytokeys.75.10328,Systematics of,https://europepmc.org/articles/PMC5234542,https://www.ebi.ac.uk/europepmc/webservices/rest/PMC5234542/fullTextXML,fetched,cc by,68d1d4f39fd4329d3b494ace1835a38af6fb97007bda9c4fd7b6174b3d313a71,data\v2\staging\traits\direct_llm_pilot\20260807_europe_pmc_reproduction_scale\raw_xml\PMC5234542.xml.gz,2026-08-07T09:53:15.290134Z,1,
PMC5244474,10.3389/fpls.2017.00003,A Review of Perennial Ryegrass Endophytes and Their Potential Use in the Management of African Black Beetle in Perennial Grazing Systems in Australia,https://europepmc.org/articles/PMC5244474,https://www.ebi.ac.uk/europepmc/webservices/rest/PMC5244474/fullTextXML,fetched,cc by,f87fde42260b15b30b38b14b62bd51434edc29f0e021f6657a756f22c3ebf157,data\v2\staging\traits\direct_llm_pilot\20260807_europe_pmc_reproduction_scale\raw_xml\PMC5244474.xml.gz,2026-08-07T09:53:15.586997Z,1,
PMC5322403,10.1111/eva.12445,Genetic admixture and heterosis may enhance the invasiveness of common ragweed,https://europepmc.org/articles/PMC5322403,https://www.ebi.ac.uk/europepmc/webservices/rest/PMC5322403/fullTextXML,fetched,cc by,d5ec649c14bab4fb87d03995513a5ffd13e8d7169dcbd828846d705ed14635e1,data\v2\staging\traits\direct_llm_pilot\20260807_europe_pmc_reproduction_scale\raw_xml\PMC5322403.xml.gz,2026-08-07T09:53:15.840557Z,1,
PMC5364565,10.1186/s12864-017-3634-5,Allelic incompatibility can explain female biased sex ratios in dioecious plants,https://europepmc.org/articles/PMC5364565,https://www.ebi.ac.uk/europepmc/webservices/rest/PMC5364565/fullTextXML,fetched,cc by,701239331e387bcc153a1fc3e868b8b7aaa372124226f7d63ee3ec6a875490af,data\v2\staging\traits\direct_llm_pilot\20260807_europe_pmc_reproduction_scale\raw_xml\PMC5364565.xml.gz,2026-08-07T09:53:15.845438Z,1,
PMC5378323,10.1371/journal.pone.0173221,Poa secunda local collections and commercial releases: A genotypic evaluation.,https://europepmc.org/articles/PMC5378323,https://www.ebi.ac.uk/europepmc/webservices/rest/PMC5378323/fullTextXML,fetched,cc by,05f13b1846aadaec34a7c62ccaa393bad475d2a898045d236c6dfbcef26bff3f,data\v2\staging\traits\direct_llm_pilot\20260807_europe_pmc_reproduction_scale\raw_xml\PMC5378323.xml.gz,2026-08-07T09:53:16.595384Z,1,
PMC5391696,10.1093/aobpla/plx001,Living on the edge: conservation genetics of seven thermophilous plant species in a high Arctic archipelago,https://europepmc.org/articles/PMC5391696,https://www.ebi.ac.uk/europepmc/webservices/rest/PMC5391696/fullTextXML,fetched,cc by,189083fe046bfde926784692d3a8618284d265c362bb2635b6da7ee124d47b5d,data\v2\staging\traits\direct_llm_pilot\20260807_europe_pmc_reproduction_scale\raw_xml\PMC5391696.xml.gz,2026-08-07T09:53:17.354748Z,1,
PMC5397496,10.3389/fpls.2017.00530,Biotechnological Advancements for Improving Floral Attributes in Ornamental Plants,https://europepmc.org/articles/PMC5397496,https://www.ebi.ac.uk/europepmc/webservices/rest/PMC5397496/fullTextXML,fetched,cc by,4be432e0ddf98673c07514ecf51de27c40ac58d441351f545560c704a5f94c59,data\v2\staging\traits\direct_llm_pilot\20260807_europe_pmc_reproduction_scale\raw_xml\PMC5397496.xml.gz,2026-08-07T09:53:17.361910Z,1,
PMC540044,10.1093/nar/gki090,The Adaptive Evolution Database (TAED): a phylogeny based tool for comparative genomics,https://europepmc.org/articles/PMC540044,https://www.ebi.ac.uk/europepmc/webservices/rest/PMC540044/fullTextXML,fetched,,44ce95d98b67f2664167cf87b4ed99251deb64e072eac77496b35ad8d370eab8,data\v2\staging\traits\direct_llm_pilot\20260807_europe_pmc_reproduction_scale\raw_xml\PMC540044.xml.gz,2026-08-07T09:53:18.105645Z,1,
PMC5408410,10.1186/s12896-017-0359-0,Improved tissue culture conditions for the emerging C,https://europepmc.org/articles/PMC5408410,https://www.ebi.ac.uk/europepmc/webservices/rest/PMC5408410/fullTextXML,fetched,cc by,0d4b55ab3e9adb5fe1fb65cfbab85c26765cc2144f0747dc5eecdb11d24c871d,data\v2\staging\traits\direct_llm_pilot\20260807_europe_pmc_reproduction_scale\raw_xml\PMC5408410.xml.gz,2026-08-07T09:53:18.257297Z,2,
PMC5413844,10.1111/evo.13203,Embracing discordance: Phylogenomic analyses provide evidence for allopolyploidy leading to cryptic diversity in a Mediterranean,https://europepmc.org/articles/PMC5413844,https://www.ebi.ac.uk/europepmc/webservices/rest/PMC5413844/fullTextXML,fetched,cc by,900039196e2ca7e2a1c57aed33e99bf63039ab26d85ec96d80b00ac4d6369c4a,data\v2\staging\traits\direct_llm_pilot\20260807_europe_pmc_reproduction_scale\raw_xml\PMC5413844.xml.gz,2026-08-07T09:53:18.367846Z,1,
PMC5414321,10.1186/s12896-017-0363-4,Pollen-mediated gene flow from transgenic to non-transgenic switchgrass (,https://europepmc.org/articles/PMC5414321,https://www.ebi.ac.uk/europepmc/webservices/rest/PMC5414321/fullTextXML,fetched,cc by,792b5bcb1276a17964c97d31039cad8653a821428ec215b4b0a537feddb97198,data\v2\staging\traits\direct_llm_pilot\20260807_europe_pmc_reproduction_scale\raw_xml\PMC5414321.xml.gz,2026-08-07T09:53:18.604472Z,1,
PMC5426801,10.1371/journal.pone.0177508,Genetic diversity and population structure of Chinese natural bermudagrass [,https://europepmc.org/articles/PMC5426801,https://www.ebi.ac.uk/europepmc/webservices/rest/PMC5426801/fullTextXML,fetched,cc by,401ee59cdb36af776d6acb867670deebea8cb1c6f69eead17b9de3c18174fc49,data\v2\staging\traits\direct_llm_pilot\20260807_europe_pmc_reproduction_scale\raw_xml\PMC5426801.xml.gz,2026-08-07T09:53:18.796858Z,1,
PMC5432576,10.3389/fpls.2017.00792,Differential Responses of Polyamines and Antioxidants to Drought in a Centipedegrass Mutant in Comparison to Its Wild Type Plants,https://europepmc.org/articles/PMC5432576,https://www.ebi.ac.uk/europepmc/webservices/rest/PMC5432576/fullTextXML,fetched,cc by,3f5d04821fda38c4e4a9c88adb4e58fb864893ccdef2e9cb0c61f1cbd56cf98c,data\v2\staging\traits\direct_llm_pilot\20260807_europe_pmc_reproduction_scale\raw_xml\PMC5432576.xml.gz,2026-08-07T09:53:18.865500Z,1,
PMC5460339,10.1186/s12864-017-3783-6,Integrated QTL detection for key breeding traits in multiple peach progenies,https://europepmc.org/articles/PMC5460339,https://www.ebi.ac.uk/europepmc/webservices/rest/PMC5460339/fullTextXML,fetched,cc by,a3ca21e4f78e609b583c12ea8f8a009658ab33647b18b6598d424e9b5ec5cf05,data\v2\staging\traits\direct_llm_pilot\20260807_europe_pmc_reproduction_scale\raw_xml\PMC5460339.xml.gz,2026-08-07T09:53:19.933029Z,1,
PMC5465074,10.1038/s41598-017-03435-z,Genome-wide survey of switchgrass NACs family provides new insights into motif and structure arrangements and reveals stress-related and tissue-specific NACs,https://europepmc.org/articles/PMC5465074,https://www.ebi.ac.uk/europepmc/webservices/rest/PMC5465074/fullTextXML,fetched,cc by,02bcbb2258b256216874cae05de3eff23ed217d2fa41c8ea7fe822557f06a407,data\v2\staging\traits\direct_llm_pilot\20260807_europe_pmc_reproduction_scale\raw_xml\PMC5465074.xml.gz,2026-08-07T09:53:20.046230Z,1,
PMC553978,10.1186/1472-6785-5-2,Life history traits in selfing versus outcrossing annuals: exploring the 'time-limitation' hypothesis for the fitness benefit of self-pollination,https://europepmc.org/articles/PMC553978,https://www.ebi.ac.uk/europepmc/webservices/rest/PMC553978/fullTextXML,fetched,cc by,737683aceadd8e10275f6641b0450ebc4c6c7c84c3da92446ead04cbfe10c9cb,data\v2\staging\traits\direct_llm_pilot\20260807_europe_pmc_reproduction_scale\raw_xml\PMC553978.xml.gz,2026-08-07T09:53:20.160396Z,2,
PMC5543266,10.3897/phytokeys.82.12106,"<i>Solanum jobsonii</i>, a novel andromonoecious bush tomato species from a new Australian national park.",https://europepmc.org/articles/PMC5543266,https://www.ebi.ac.uk/europepmc/webservices/rest/PMC5543266/fullTextXML,fetched,cc by,89d981cfe790267d0b154e4a4bb45068451303a0b8988171f0b39dcec60c954d,data\v2\staging\traits\direct_llm_pilot\20260807_europe_pmc_reproduction_scale\raw_xml\PMC5543266.xml.gz,2026-08-07T09:53:20.330960Z,1,
PMC5551102,10.1002/ece3.3117,Dioecious plants are more precocious than cosexual plants: A comparative study of relative sizes at the onset of sexual reproduction in woody species,https://europepmc.org/articles/PMC5551102,https://www.ebi.ac.uk/europepmc/webservices/rest/PMC5551102/fullTextXML,fetched,cc by,1c79c354c618e2c9f2dada80f4ba576fd4e1a051f34ea0e40137f34b7f9eeec8,data\v2\staging\traits\direct_llm_pilot\20260807_europe_pmc_reproduction_scale\raw_xml\PMC5551102.xml.gz,2026-08-07T09:53:20.529838Z,2,
PMC5557727,10.3389/fpls.2017.01388,Perspective Research Progress in Cold Responses of,https://europepmc.org/articles/PMC5557727,https://www.ebi.ac.uk/europepmc/webservices/rest/PMC5557727/fullTextXML,fetched,cc by,903c71b2516f00c67e9587b9b061aa326db208eb95fd229d2ebf143885f02cdd,data\v2\staging\traits\direct_llm_pilot\20260807_europe_pmc_reproduction_scale\raw_xml\PMC5557727.xml.gz,2026-08-07T09:53:20.715053Z,1,
PMC5604576,10.1093/aob/mcw262,Genetic analyses of the inheritance and expressivity of autonomous endosperm formation in,https://europepmc.org/articles/PMC5604576,https://www.ebi.ac.uk/europepmc/webservices/rest/PMC5604576/fullTextXML,fetched,cc by,2b29d1d6322ef2506c36f52966be62a6a1e3c1a17b125555404f05c7b5c7da4f,data\v2\staging\traits\direct_llm_pilot\20260807_europe_pmc_reproduction_scale\raw_xml\PMC5604576.xml.gz,2026-08-07T09:53:21.140884Z,1,
PMC5606857,10.1002/ece3.3264,Functional differentiation in pollination processes among floral traits in,https://europepmc.org/articles/PMC5606857,https://www.ebi.ac.uk/europepmc/webservices/rest/PMC5606857/fullTextXML,fetched,cc by,91ce1f785a07bfa0a245b714153437a205a63e0ddcb298480b3eca829373d423,data\v2\staging\traits\direct_llm_pilot\20260807_europe_pmc_reproduction_scale\raw_xml\PMC5606857.xml.gz,2026-08-07T09:53:21.148847Z,1,
PMC5632635,10.1002/ece3.3187,Insights into the,https://europepmc.org/articles/PMC5632635,https://www.ebi.ac.uk/europepmc/webservices/rest/PMC5632635/fullTextXML,fetched,cc by,e8a7c37e78d2653efa88fc658e033aade71fe1cf9fb82a4aec8879a43a1e70b4,data\v2\staging\traits\direct_llm_pilot\20260807_europe_pmc_reproduction_scale\raw_xml\PMC5632635.xml.gz,2026-08-07T09:53:22.115490Z,1,
PMC5640686,10.1038/s41598-017-13340-0,Pollinator-mediated selection on flowering phenology and floral display in a distylous herb,https://europepmc.org/articles/PMC5640686,https://www.ebi.ac.uk/europepmc/webservices/rest/PMC5640686/fullTextXML,fetched,cc by,f29a8f8b1b99049655adafa31b91b19e04f43ccca99c3904c34f95407ea00eee,data\v2\staging\traits\direct_llm_pilot\20260807_europe_pmc_reproduction_scale\raw_xml\PMC5640686.xml.gz,2026-08-07T09:53:22.388729Z,1,
PMC5665984,10.1038/s41467-017-01064-8,The asparagus genome sheds light on the origin and evolution of a young Y chromosome,https://europepmc.org/articles/PMC5665984,https://www.ebi.ac.uk/europepmc/webservices/rest/PMC5665984/fullTextXML,fetched,cc by,d34207496ed360c4f9215834e1a38375325dcf1355148453a06cb696956fa857,data\v2\staging\traits\direct_llm_pilot\20260807_europe_pmc_reproduction_scale\raw_xml\PMC5665984.xml.gz,2026-08-07T09:53:22.425105Z,1,
PMC5697652,10.1111/1365-2664.12860,Sweat bees on hot chillies: provision of pollination services by native bees in traditional slash‐and‐burn agriculture in the Yucatán Peninsula of tropical Mexico,https://europepmc.org/articles/PMC5697652,https://www.ebi.ac.uk/europepmc/webservices/rest/PMC5697652/fullTextXML,fetched,cc by,7b46c1686ac0c9409d004e299d92b44486f503ff0683c2535698356caa93fdf1,data\v2\staging\traits\direct_llm_pilot\20260807_europe_pmc_reproduction_scale\raw_xml\PMC5697652.xml.gz,2026-08-07T09:53:22.701274Z,1,
PMC5735814,10.1186/s13007-017-0263-6,Evaluation of parameters affecting switchgrass tissue culture: toward a consolidated procedure for,https://europepmc.org/articles/PMC5735814,https://www.ebi.ac.uk/europepmc/webservices/rest/PMC5735814/fullTextXML,fetched,cc by,d48a9bf3a78ccd1d5da93df381256b51ae78c3f7e448bf4b552ec01f03ab1156,data\v2\staging\traits\direct_llm_pilot\20260807_europe_pmc_reproduction_scale\raw_xml\PMC5735814.xml.gz,2026-08-07T09:53:23.103771Z,1,
PMC5756837,10.1002/ece3.3684,Asymmetric reproductive interference: The consequences of cross‐pollination on reproductive success in sexual–apomictic populations of,https://europepmc.org/articles/PMC5756837,https://www.ebi.ac.uk/europepmc/webservices/rest/PMC5756837/fullTextXML,fetched,cc by,37a11f145829cf53c7e68e5009778d6d61ee26e7c76fc6dd76caef7cc878ad9f,data\v2\staging\traits\direct_llm_pilot\20260807_europe_pmc_reproduction_scale\raw_xml\PMC5756837.xml.gz,2026-08-07T09:53:23.117015Z,3,
PMC5759280,10.1186/s13068-017-1004-9,Construction of an ultrahigh-density genetic linkage map for,https://europepmc.org/articles/PMC5759280,https://www.ebi.ac.uk/europepmc/webservices/rest/PMC5759280/fullTextXML,fetched,cc by,d2f3e24e9f530a10efde1d4ddc2a4697d6def6e965f9f298eee2ed67f5cbfef8,data\v2\staging\traits\direct_llm_pilot\20260807_europe_pmc_reproduction_scale\raw_xml\PMC5759280.xml.gz,2026-08-07T09:53:23.468716Z,1,
PMC5773293,10.1002/ece3.3722,Size advantage for male function and size‐dependent sex allocation in,https://europepmc.org/articles/PMC5773293,https://www.ebi.ac.uk/europepmc/webservices/rest/PMC5773293/fullTextXML,fetched,cc by,2f8b32eeaef296578beb0d89938dc2e5dbe4e15f4976cc86803cbb9f93b46506,data\v2\staging\traits\direct_llm_pilot\20260807_europe_pmc_reproduction_scale\raw_xml\PMC5773293.xml.gz,2026-08-07T09:53:23.520699Z,1,
PMC5778186,10.1007/s11103-017-0679-4,"Structure, target-specificity and expression of",https://europepmc.org/articles/PMC5778186,https://www.ebi.ac.uk/europepmc/webservices/rest/PMC5778186/fullTextXML,fetched,cc by,9453321aaf22b0497305dc98cffbe0db4ab195f8e7f0f959bf2b9d97cae3b290,data\v2\staging\traits\direct_llm_pilot\20260807_europe_pmc_reproduction_scale\raw_xml\PMC5778186.xml.gz,2026-08-07T09:53:24.181667Z,1,
PMC5787850,10.1111/pbi.12778,Targeted mutagenesis in tetraploid switchgrass (,https://europepmc.org/articles/PMC5787850,https://www.ebi.ac.uk/europepmc/webservices/rest/PMC5787850/fullTextXML,fetched,cc by,ada6cb8e47289f8f2076400211a6f2bf304a45ef1f78dd1c2b481a58cd33b0e7,data\v2\staging\traits\direct_llm_pilot\20260807_europe_pmc_reproduction_scale\raw_xml\PMC5787850.xml.gz,2026-08-07T09:53:24.484567Z,1,
PMC5792577,10.1002/ece3.3793,Genet dynamics of a regenerating dwarf bamboo population across heterogeneous light environments in a temperate forest understorey,https://europepmc.org/articles/PMC5792577,https://www.ebi.ac.uk/europepmc/webservices/rest/PMC5792577/fullTextXML,fetched,cc by,36bf5e1afaaa947a2ebb5fb5956759a78fc85ccf22a92d42798997e724a350e4,data\v2\staging\traits\direct_llm_pilot\20260807_europe_pmc_reproduction_scale\raw_xml\PMC5792577.xml.gz,2026-08-07T09:53:24.674886Z,1,
PMC5797396,10.1186/s13068-018-1033-z,Quantitative trait loci for cell wall composition traits measured using near-infrared spectroscopy in the model C4 perennial grass,https://europepmc.org/articles/PMC5797396,https://www.ebi.ac.uk/europepmc/webservices/rest/PMC5797396/fullTextXML,fetched,cc by,b3ea29c74d0d1f98eaa56a997f9d70d79273435480c4ed69e0f1c3897a8759ce,data\v2\staging\traits\direct_llm_pilot\20260807_europe_pmc_reproduction_scale\raw_xml\PMC5797396.xml.gz,2026-08-07T09:53:24.966219Z,1,
PMC5834931,10.7717/peerj.4448,Investigating the molecular basis for heterophylly in the aquatic plant,https://europepmc.org/articles/PMC5834931,https://www.ebi.ac.uk/europepmc/webservices/rest/PMC5834931/fullTextXML,fetched,cc by,6d1dcd2d5e1f4db3da00a9fee0ff9e8d5f8579e42bcc4b1170e602bfbb10c13d,data\v2\staging\traits\direct_llm_pilot\20260807_europe_pmc_reproduction_scale\raw_xml\PMC5834931.xml.gz,2026-08-07T09:53:25.593738Z,1,
PMC5879616,10.1186/s13068-018-1088-x,Transcriptional and physiological data reveal the dehydration memory behavior in switchgrass (,https://europepmc.org/articles/PMC5879616,https://www.ebi.ac.uk/europepmc/webservices/rest/PMC5879616/fullTextXML,fetched,cc by,a44d99e578edb247c683322c8bdafaf5abfa291b59be3c9a629ceb45953aa0d3,data\v2\staging\traits\direct_llm_pilot\20260807_europe_pmc_reproduction_scale\raw_xml\PMC5879616.xml.gz,2026-08-07T09:53:25.624338Z,1,
PMC5892150,10.1093/gbe/evy039,Genetic Diversity on the Sex Chromosomes,https://europepmc.org/articles/PMC5892150,https://www.ebi.ac.uk/europepmc/webservices/rest/PMC5892150/fullTextXML,fetched,cc by-nc,898994041eeace781a6d194a98b07a67fa4d0a6ac2ffc6416c3a6a6808047ad1,data\v2\staging\traits\direct_llm_pilot\20260807_europe_pmc_reproduction_scale\raw_xml\PMC5892150.xml.gz,2026-08-07T09:53:25.764981Z,1,
PMC5904372,10.3897/CompCytogen.v12i1.21554,Variation in chromosome number and breeding systems: implications for diversification in,https://europepmc.org/articles/PMC5904372,https://www.ebi.ac.uk/europepmc/webservices/rest/PMC5904372/fullTextXML,fetched,cc by,cf01e481f349475d097947fed98a683e98bfc0f5c9473422748ee8af50f05a48,data\v2\staging\traits\direct_llm_pilot\20260807_europe_pmc_reproduction_scale\raw_xml\PMC5904372.xml.gz,2026-08-07T09:53:26.059033Z,1,
PMC5936019,10.1186/s12870-018-1288-3,Long non-coding RNAs of switchgrass (,https://europepmc.org/articles/PMC5936019,https://www.ebi.ac.uk/europepmc/webservices/rest/PMC5936019/fullTextXML,fetched,cc by,7518f7c8f728dda9b52e91ab2df40159f94ddf98beac9f2dacc963657e5393f5,data\v2\staging\traits\direct_llm_pilot\20260807_europe_pmc_reproduction_scale\raw_xml\PMC5936019.xml.gz,2026-08-07T09:53:26.482168Z,1,
PMC5994013,10.1186/s12870-018-1328-z,Identification of novel superoxide dismutase isoenzymes in the olive (,https://europepmc.org/articles/PMC5994013,https://www.ebi.ac.uk/europepmc/webservices/rest/PMC5994013/fullTextXML,fetched,cc by,7bf319602d5d95bd4c6e6bdaa57b956d5a6c616bbbb02f9e55cf04edf6dc7075,data\v2\staging\traits\direct_llm_pilot\20260807_europe_pmc_reproduction_scale\raw_xml\PMC5994013.xml.gz,2026-08-07T09:53:26.790075Z,1,
PMC6003393,10.7717/peerj.4985,The restoration of the endangered,https://europepmc.org/articles/PMC6003393,https://www.ebi.ac.uk/europepmc/webservices/rest/PMC6003393/fullTextXML,fetched,cc by,ff3ae465350b228b3879a7ffdf1d531295f46b8b485bbf15c9ff923a6803296e,data\v2\staging\traits\direct_llm_pilot\20260807_europe_pmc_reproduction_scale\raw_xml\PMC6003393.xml.gz,2026-08-07T09:53:27.159250Z,1,
PMC6019460,10.3389/fpls.2018.00840,Nectar-Secreting and Nectarless,https://europepmc.org/articles/PMC6019460,https://www.ebi.ac.uk/europepmc/webservices/rest/PMC6019460/fullTextXML,fetched,cc by,093d12c9c19aebaebaa8e47ae2f2612797dcbdc867852f27a50bdc95be292095,data\v2\staging\traits\direct_llm_pilot\20260807_europe_pmc_reproduction_scale\raw_xml\PMC6019460.xml.gz,2026-08-07T09:53:27.179903Z,1,
PMC6034602,10.7717/peerj.5209,Distribution and ecological segregation on regional and microgeographic scales of the diploid,https://europepmc.org/articles/PMC6034602,https://www.ebi.ac.uk/europepmc/webservices/rest/PMC6034602/fullTextXML,fetched,cc by,6dc2f6dfa67b8d69ef81eb06f27a1ff5eda07a34c2984b4e66bf80539fd3ad85,data\v2\staging\traits\direct_llm_pilot\20260807_europe_pmc_reproduction_scale\raw_xml\PMC6034602.xml.gz,2026-08-07T09:53:27.832955Z,1,
PMC6038187,10.1186/s12870-018-1360-z,Genomic prediction accuracy for switchgrass traits related to bioenergy within differentiated populations,https://europepmc.org/articles/PMC6038187,https://www.ebi.ac.uk/europepmc/webservices/rest/PMC6038187/fullTextXML,fetched,cc by,70466959fc70ab16d1e8f24992076b6517f239569ea5ada6994bca50e7e27f69,data\v2\staging\traits\direct_llm_pilot\20260807_europe_pmc_reproduction_scale\raw_xml\PMC6038187.xml.gz,2026-08-07T09:53:28.112611Z,1,
PMC6046048,10.1038/s41438-018-0062-x,Attention sports fans! The far-reaching contributions of bud sport mutants to horticulture and plant biology,https://europepmc.org/articles/PMC6046048,https://www.ebi.ac.uk/europepmc/webservices/rest/PMC6046048/fullTextXML,fetched,cc by,34bf838574c1b528f6c33e32085a895f2d3c7a749162caae3eb3aebdf0b174b8,data\v2\staging\traits\direct_llm_pilot\20260807_europe_pmc_reproduction_scale\raw_xml\PMC6046048.xml.gz,2026-08-07T09:53:28.180946Z,1,
PMC6053804,10.1186/s12864-018-4911-7,Analysis of Brachypodium miRNA targets: evidence for diverse control during stress and conservation in bioenergy crops,https://europepmc.org/articles/PMC6053804,https://www.ebi.ac.uk/europepmc/webservices/rest/PMC6053804/fullTextXML,fetched,cc by,eabc16dd3cdb1a27225d3e1f453274028189590ad1f0a46ade5f3befab96bea7,data\v2\staging\traits\direct_llm_pilot\20260807_europe_pmc_reproduction_scale\raw_xml\PMC6053804.xml.gz,2026-08-07T09:53:28.475460Z,1,
PMC6058383,10.1186/s13068-018-1202-0,siRNAs regulate DNA methylation and interfere with gene and lncRNA expression in the heterozygous polyploid switchgrass,https://europepmc.org/articles/PMC6058383,https://www.ebi.ac.uk/europepmc/webservices/rest/PMC6058383/fullTextXML,fetched,cc by,e2bd38d42e0fd5cc49963170842af5b56e95a7c95ba5871e63ccfb0acf70647b,data\v2\staging\traits\direct_llm_pilot\20260807_europe_pmc_reproduction_scale\raw_xml\PMC6058383.xml.gz,2026-08-07T09:53:28.849446Z,1,
PMC6085428,10.3389/fpls.2018.01111,Establishment of Apomixis in Diploid F,https://europepmc.org/articles/PMC6085428,https://www.ebi.ac.uk/europepmc/webservices/rest/PMC6085428/fullTextXML,fetched,cc by,2921a0ac341ed63695ba67c676c920ad453fe9c7beb194250a3de32eb643850f,data\v2\staging\traits\direct_llm_pilot\20260807_europe_pmc_reproduction_scale\raw_xml\PMC6085428.xml.gz,2026-08-07T09:53:29.223938Z,1,
PMC6099587,10.3390/molecules23071740,Characterization of the Chloroplast Genome Sequence of,https://europepmc.org/articles/PMC6099587,https://www.ebi.ac.uk/europepmc/webservices/rest/PMC6099587/fullTextXML,fetched,cc by,1aaae9aa7a159e088e850d5ce03b1b3bd87e07a004a636181411db1e7e73720d,data\v2\staging\traits\direct_llm_pilot\20260807_europe_pmc_reproduction_scale\raw_xml\PMC6099587.xml.gz,2026-08-07T09:53:29.633152Z,1,
PMC6102519,10.1002/ece3.1784,Out of Africa: evidence of the obligate mutualism between long corolla tubed plant and long‐tongued fly in the Himalayas,https://europepmc.org/articles/PMC6102519,https://www.ebi.ac.uk/europepmc/webservices/rest/PMC6102519/fullTextXML,fetched,cc by,38bc421b641ae1abfc46461d9b1fd05019f70a044e1f452e1386b3341ce28e9b,data\v2\staging\traits\direct_llm_pilot\20260807_europe_pmc_reproduction_scale\raw_xml\PMC6102519.xml.gz,2026-08-07T09:53:29.686745Z,1,
PMC6106188,10.1002/ece3.4080,Traits correlate with invasive success more than plasticity: A comparison of three,https://europepmc.org/articles/PMC6106188,https://www.ebi.ac.uk/europepmc/webservices/rest/PMC6106188/fullTextXML,fetched,cc by,eaa87d55b71391c2284b42befb5583bb749c33153f7f201295a6ba4121993ab2,data\v2\staging\traits\direct_llm_pilot\20260807_europe_pmc_reproduction_scale\raw_xml\PMC6106188.xml.gz,2026-08-07T09:53:30.396276Z,1,
PMC6112302,10.1016/j.pld.2017.09.002,Iran supports a great share of biodiversity and floristic endemism for,https://europepmc.org/articles/PMC6112302,https://www.ebi.ac.uk/europepmc/webservices/rest/PMC6112302/fullTextXML,fetched,cc by-nc-nd,f2ae9c8beb0b9675047ca6a8bd243c2dd0d9df4bd75f9f8c109b20b087140a25,data\v2\staging\traits\direct_llm_pilot\20260807_europe_pmc_reproduction_scale\raw_xml\PMC6112302.xml.gz,2026-08-07T09:53:30.484478Z,2,
PMC6115403,10.1038/s41598-018-31330-8,A gene-rich fraction analysis of the,https://europepmc.org/articles/PMC6115403,https://www.ebi.ac.uk/europepmc/webservices/rest/PMC6115403/fullTextXML,fetched,cc by,e2e9fe29d8fa53f69a8971058b29858829955e832c737aa5da67f29811dc2d6f,data\v2\staging\traits\direct_llm_pilot\20260807_europe_pmc_reproduction_scale\raw_xml\PMC6115403.xml.gz,2026-08-07T09:53:31.113708Z,1,
PMC6152947,10.1093/gbe/evy162,Draft Genome Sequence for the Tree Pathogen,https://europepmc.org/articles/PMC6152947,https://www.ebi.ac.uk/europepmc/webservices/rest/PMC6152947/fullTextXML,fetched,cc by-nc,b6a9c11584e8f350a2a2444b301747fdaeff42135cc1d9c6883eac893f805941,data\v2\staging\traits\direct_llm_pilot\20260807_europe_pmc_reproduction_scale\raw_xml\PMC6152947.xml.gz,2026-08-07T09:53:31.134972Z,1,
PMC6159865,10.1371/journal.pone.0203990,Local and landscape factors affect sunflower pollination in a Mediterranean agroecosystem,https://europepmc.org/articles/PMC6159865,https://www.ebi.ac.uk/europepmc/webservices/rest/PMC6159865/fullTextXML,fetched,cc by,ac4d8d8b14d2532c6da2d1333301ee49a2e3aafe85a7c06f129d41cb951ee865,data\v2\staging\traits\direct_llm_pilot\20260807_europe_pmc_reproduction_scale\raw_xml\PMC6159865.xml.gz,2026-08-07T09:53:31.705828Z,2,
PMC6161889,10.1371/journal.pone.0204728,Investigating the potential of novel non-woven fabrics for efficient pollination control in plant breeding,https://europepmc.org/articles/PMC6161889,https://www.ebi.ac.uk/europepmc/webservices/rest/PMC6161889/fullTextXML,fetched,cc by,7072f13e098a4d4a8461e3652d7f88683dc7da2043c733c12a5f8ce9e8bfd56a,data\v2\staging\traits\direct_llm_pilot\20260807_europe_pmc_reproduction_scale\raw_xml\PMC6161889.xml.gz,2026-08-07T09:53:31.784820Z,1,
PMC6183504,10.1111/eva.12677,Crop‐to‐wild hybridization in cherries—Empirical evidence from,https://europepmc.org/articles/PMC6183504,https://www.ebi.ac.uk/europepmc/webservices/rest/PMC6183504/fullTextXML,fetched,cc by,45ea3e9562c499d73d089f25e0c48b58885936424cd94923a5f9e9ba7a1411a2,data\v2\staging\traits\direct_llm_pilot\20260807_europe_pmc_reproduction_scale\raw_xml\PMC6183504.xml.gz,2026-08-07T09:53:32.084626Z,2,
PMC6203791,10.1038/s41598-018-34207-y,GBS-derived SNP catalogue unveiled wide genetic variability and geographical relationships of Italian olive cultivars,https://europepmc.org/articles/PMC6203791,https://www.ebi.ac.uk/europepmc/webservices/rest/PMC6203791/fullTextXML,fetched,cc by,249b45d227d0741a84e0814ebf405cfc2e3c13535389ce9f41484b4d82acd741,data\v2\staging\traits\direct_llm_pilot\20260807_europe_pmc_reproduction_scale\raw_xml\PMC6203791.xml.gz,2026-08-07T09:53:32.182102Z,1,
PMC6205801,10.1186/s13007-018-0365-9,Simple protoplast isolation system for gene expression and protein interaction studies in pineapple (,https://europepmc.org/articles/PMC6205801,https://www.ebi.ac.uk/europepmc/webservices/rest/PMC6205801/fullTextXML,fetched,cc by,c4dc543c0eb9eda10cc3fd4bb3573379c8fe25966652d3b78526fd2ae3097f1e,data\v2\staging\traits\direct_llm_pilot\20260807_europe_pmc_reproduction_scale\raw_xml\PMC6205801.xml.gz,2026-08-07T09:53:32.451675Z,1,
PMC6278120,10.1186/s12870-018-1549-1,Precocious genotypes and homozygous tendency generated by self-pollination in walnut,https://europepmc.org/articles/PMC6278120,https://www.ebi.ac.uk/europepmc/webservices/rest/PMC6278120/fullTextXML,fetched,cc by,2a864057ae02d51a4695fe1f757ea30963759a5ef7016a3fa6f204af78c8e125,data\v2\staging\traits\direct_llm_pilot\20260807_europe_pmc_reproduction_scale\raw_xml\PMC6278120.xml.gz,2026-08-07T09:53:33.151493Z,1,
PMC6300497,10.3389/fpls.2018.01796,Apomixis and Hybridization Drives Reticulate Evolution and Phyletic Differentiation in,https://europepmc.org/articles/PMC6300497,https://www.ebi.ac.uk/europepmc/webservices/rest/PMC6300497/fullTextXML,fetched,cc by,4982abbcfcb4464f2181a19ad45d38afa13bd6ffc5be06d8fc7aa60bad4dacb4,data\v2\staging\traits\direct_llm_pilot\20260807_europe_pmc_reproduction_scale\raw_xml\PMC6300497.xml.gz,2026-08-07T09:53:33.364903Z,1,
PMC6308869,10.1002/ece3.4657,Influence of fruit dispersal on genotypic diversity and migration rates of a clonal cactus from the Chihuahuan Desert,https://europepmc.org/articles/PMC6308869,https://www.ebi.ac.uk/europepmc/webservices/rest/PMC6308869/fullTextXML,fetched,cc by,0c9454ec9788c5d960a651c11ae7b8d00b0a477dafb7572a40a12af2bf729dee,data\v2\staging\traits\direct_llm_pilot\20260807_europe_pmc_reproduction_scale\raw_xml\PMC6308869.xml.gz,2026-08-07T09:53:33.786466Z,1,
PMC6323114,10.3897/phytokeys.114.28799,Revision of,https://europepmc.org/articles/PMC6323114,https://www.ebi.ac.uk/europepmc/webservices/rest/PMC6323114/fullTextXML,fetched,cc0,d1e8a445c99e1da6983723ef8af0d0de0d93482eef6d4bd3035f546a852412b1,data\v2\staging\traits\direct_llm_pilot\20260807_europe_pmc_reproduction_scale\raw_xml\PMC6323114.xml.gz,2026-08-07T09:53:33.875566Z,1,
PMC6332668,10.1186/s12864-018-5392-4,Translocation of a parthenogenesis gene candidate to an alternate carrier chromosome in apomictic,https://europepmc.org/articles/PMC6332668,https://www.ebi.ac.uk/europepmc/webservices/rest/PMC6332668/fullTextXML,fetched,cc by,415dcff758e994c9bf1f63a85e40df3642caf414395a43572abe95b8d27b19ea,data\v2\staging\traits\direct_llm_pilot\20260807_europe_pmc_reproduction_scale\raw_xml\PMC6332668.xml.gz,2026-08-07T09:53:34.119320Z,1,
PMC6358086,10.1371/journal.pone.0211471,Genetic diversity and population structure of,https://europepmc.org/articles/PMC6358086,https://www.ebi.ac.uk/europepmc/webservices/rest/PMC6358086/fullTextXML,fetched,cc by,1dabc3996f3f122589703522e07424eb6eb4c2f14a8345e9b90233d83828e53e,data\v2\staging\traits\direct_llm_pilot\20260807_europe_pmc_reproduction_scale\raw_xml\PMC6358086.xml.gz,2026-08-07T09:53:34.530302Z,1,
PMC6359331,10.3390/molecules24020216,The Plastid Genome of,https://europepmc.org/articles/PMC6359331,https://www.ebi.ac.uk/europepmc/webservices/rest/PMC6359331/fullTextXML,fetched,cc by,963d7764291e12023078bbd70326b95f677f141633e95cf090cde837ec38e9ff,data\v2\staging\traits\direct_llm_pilot\20260807_europe_pmc_reproduction_scale\raw_xml\PMC6359331.xml.gz,2026-08-07T09:53:34.636595Z,1,
PMC6382066,10.12705/676.8,Sexual intraspecific recombination but not,https://europepmc.org/articles/PMC6382066,https://www.ebi.ac.uk/europepmc/webservices/rest/PMC6382066/fullTextXML,fetched,cc by,cd65b9b8c0b0ca3d3107738f526dce8a24b6a717025dac1184eba43cc7087595,data\v2\staging\traits\direct_llm_pilot\20260807_europe_pmc_reproduction_scale\raw_xml\PMC6382066.xml.gz,2026-08-07T09:53:34.640700Z,1,
PMC6392185,10.1111/gcbb.12566,"Breeding progress and preparedness for mass‐scale deployment of perennial lignocellulosic biomass crops switchgrass, miscanthus, willow and poplar",https://europepmc.org/articles/PMC6392185,https://www.ebi.ac.uk/europepmc/webservices/rest/PMC6392185/fullTextXML,fetched,cc by,9b8c71654e7f2e21d84192d32aa3276f971b6d3137665a74d517cb794814712f,data\v2\staging\traits\direct_llm_pilot\20260807_europe_pmc_reproduction_scale\raw_xml\PMC6392185.xml.gz,2026-08-07T09:53:35.098023Z,1,
PMC6404664,10.1007/s10265-018-1023-z,Factors driving adaptive radiation in plants of oceanic islands: a case study from the Juan Fernández Archipelago,https://europepmc.org/articles/PMC6404664,https://www.ebi.ac.uk/europepmc/webservices/rest/PMC6404664/fullTextXML,fetched,cc by,428e83357d462248da62d015ff682934f2ac655f1d409111d0e0b862e9e2707b,data\v2\staging\traits\direct_llm_pilot\20260807_europe_pmc_reproduction_scale\raw_xml\PMC6404664.xml.gz,2026-08-07T09:53:35.485706Z,2,
PMC6434561,10.1002/ece3.4992,Difference in reproductive mode rather than ploidy explains niche differentiation in sympatric sexual and apomictic populations of,https://europepmc.org/articles/PMC6434561,https://www.ebi.ac.uk/europepmc/webservices/rest/PMC6434561/fullTextXML,fetched,cc by,ba1a771ae964a81d6e1339bf1f1313b69eb4cdb7425d0e9dc23563f2e280b827,data\v2\staging\traits\direct_llm_pilot\20260807_europe_pmc_reproduction_scale\raw_xml\PMC6434561.xml.gz,2026-08-07T09:53:36.260783Z,1,
PMC6454013,10.3389/fpls.2019.00358,The Rise of Apomixis in Natural Plant Populations,https://europepmc.org/articles/PMC6454013,https://www.ebi.ac.uk/europepmc/webservices/rest/PMC6454013/fullTextXML,fetched,cc by,ecff0f71b44deffc46f560df050b9e18ef025f97d5f78b3f3129640f317e515a,data\v2\staging\traits\direct_llm_pilot\20260807_europe_pmc_reproduction_scale\raw_xml\PMC6454013.xml.gz,2026-08-07T09:53:36.624925Z,1,
PMC6454215,10.3389/fpls.2019.00392,The,https://europepmc.org/articles/PMC6454215,https://www.ebi.ac.uk/europepmc/webservices/rest/PMC6454215/fullTextXML,fetched,cc by,0ce0bb85428e72ba0df4ce3fcd617a5a8d024492e62009f5a8d20af76f0b5f8c,data\v2\staging\traits\direct_llm_pilot\20260807_europe_pmc_reproduction_scale\raw_xml\PMC6454215.xml.gz,2026-08-07T09:53:36.685517Z,1,
PMC6468057,10.1002/ece3.4998,High throughput measure of diversity in cytoplasmic and nuclear traits for unravelling geographic distribution of rosemary,https://europepmc.org/articles/PMC6468057,https://www.ebi.ac.uk/europepmc/webservices/rest/PMC6468057/fullTextXML,fetched,cc by,9d1d7e7aa6dbdb4d1d202e93c47109d625ba063f39282fc35474d6903af2541f,data\v2\staging\traits\direct_llm_pilot\20260807_europe_pmc_reproduction_scale\raw_xml\PMC6468057.xml.gz,2026-08-07T09:53:37.168287Z,1,
PMC6471471,10.3390/ijms20061289,"Biosynthesis and Signal Transduction of ABA, JA, and BRs in Response to Drought Stress of Kentucky Bluegrass",https://europepmc.org/articles/PMC6471471,https://www.ebi.ac.uk/europepmc/webservices/rest/PMC6471471/fullTextXML,fetched,cc by,1ac9f101630b9246625826921c7ee56c220d91bd9068f0d78b2bd83b0d4fc91d,data\v2\staging\traits\direct_llm_pilot\20260807_europe_pmc_reproduction_scale\raw_xml\PMC6471471.xml.gz,2026-08-07T09:53:37.568114Z,1,
PMC6494794,10.3897/phytokeys.121.33573,"<i>Asclepiasspeciosa</i> (Apocynaceae, Asclepiadoideae): a rare or unrecognized alien species in Europe?",https://europepmc.org/articles/PMC6494794,https://www.ebi.ac.uk/europepmc/webservices/rest/PMC6494794/fullTextXML,fetched,cc by,e6f4e096f1e8b2f1aee421f77d6042d7b6c175a65413cf0daa9e95ff30e84ab4,data\v2\staging\traits\direct_llm_pilot\20260807_europe_pmc_reproduction_scale\raw_xml\PMC6494794.xml.gz,2026-08-07T09:53:37.573118Z,1,
PMC6494815,10.1038/s41598-019-43226-2,Molecular and environmental analysis of Campania (Italy) sweet cherry (,https://europepmc.org/articles/PMC6494815,https://www.ebi.ac.uk/europepmc/webservices/rest/PMC6494815/fullTextXML,fetched,cc by,a28df9bc9fdfb0dcfa9c0dc444ede470f95bcfd7a4f471d92f4ce4b78c9ab66f,data\v2\staging\traits\direct_llm_pilot\20260807_europe_pmc_reproduction_scale\raw_xml\PMC6494815.xml.gz,2026-08-07T09:53:38.346780Z,1,
PMC6517588,10.1038/s41598-019-43753-y,A comparison of coffee floral traits under two different agricultural practices,https://europepmc.org/articles/PMC6517588,https://www.ebi.ac.uk/europepmc/webservices/rest/PMC6517588/fullTextXML,fetched,cc by,59ccb2796dc3d9501058a4ffdfea4838adf7fbd855eb666d012fe9175d5e7ee8,data\v2\staging\traits\direct_llm_pilot\20260807_europe_pmc_reproduction_scale\raw_xml\PMC6517588.xml.gz,2026-08-07T09:53:38.391337Z,1,
PMC6532368,10.3389/fpls.2019.00613,The Repetitive DNA Composition in the Natural Pesticide Producer,https://europepmc.org/articles/PMC6532368,https://www.ebi.ac.uk/europepmc/webservices/rest/PMC6532368/fullTextXML,fetched,cc by,ea014c9f32b5ae6b1874fe4443722be39e1415a57aed0500c923eb9e0915560b,data\v2\staging\traits\direct_llm_pilot\20260807_europe_pmc_reproduction_scale\raw_xml\PMC6532368.xml.gz,2026-08-07T09:53:38.646831Z,1,
PMC6545323,10.3389/fpls.2019.00617,Origins of the Apple: The Role of Megafaunal Mutualism in the Domestication of,https://europepmc.org/articles/PMC6545323,https://www.ebi.ac.uk/europepmc/webservices/rest/PMC6545323/fullTextXML,fetched,cc by,83894afc01f441330548ed422b30de8f3b853cc9c29d6eaa17c8e8cd825f683a,data\v2\staging\traits\direct_llm_pilot\20260807_europe_pmc_reproduction_scale\raw_xml\PMC6545323.xml.gz,2026-08-07T09:53:39.129312Z,2,
PMC6553529,10.1534/g3.119.400242,Little Evidence of Antagonistic Selection in the Evolutionary Strata of Fungal Mating-Type Chromosomes (,https://europepmc.org/articles/PMC6553529,https://www.ebi.ac.uk/europepmc/webservices/rest/PMC6553529/fullTextXML,fetched,cc by,a2331ce95735d0f64ebc30ceba069daac2bb188f6c8e3f70c5d0259929965253,data\v2\staging\traits\direct_llm_pilot\20260807_europe_pmc_reproduction_scale\raw_xml\PMC6553529.xml.gz,2026-08-07T09:53:39.280316Z,1,
PMC6560938,10.1007/s00334-017-0649-4,"Buckwheat: a crop from outside the major Chinese domestication centres? A review of the archaeobotanical, palynological and genetic evidence",https://europepmc.org/articles/PMC6560938,https://www.ebi.ac.uk/europepmc/webservices/rest/PMC6560938/fullTextXML,fetched,cc by,ec83f1f658c28c4deb9d023e7f13c4923b32f58933b098ab011f5cc1d96f1109,data\v2\staging\traits\direct_llm_pilot\20260807_europe_pmc_reproduction_scale\raw_xml\PMC6560938.xml.gz,2026-08-07T09:53:39.509848Z,1,
PMC6589510,10.1093/aob/mcz007,Comparison of mechanisms of reproductive interference in,https://europepmc.org/articles/PMC6589510,https://www.ebi.ac.uk/europepmc/webservices/rest/PMC6589510/fullTextXML,fetched,cc by,6ba923f97bbf9196d6ba098c4330aa8dd37a46a8ce76644f9ac75353f587037e,data\v2\staging\traits\direct_llm_pilot\20260807_europe_pmc_reproduction_scale\raw_xml\PMC6589510.xml.gz,2026-08-07T09:53:39.923535Z,1,
PMC6597543,10.1038/s42003-019-0490-7,Endangered island endemic plants have vulnerable genomes,https://europepmc.org/articles/PMC6597543,https://www.ebi.ac.uk/europepmc/webservices/rest/PMC6597543/fullTextXML,fetched,cc by,f63d3870f4c5a4b3c0c4569a51135a65ca1a5f0914c48d9d4663317cf165472d,data\v2\staging\traits\direct_llm_pilot\20260807_europe_pmc_reproduction_scale\raw_xml\PMC6597543.xml.gz,2026-08-07T09:53:40.212835Z,1,
PMC6621913,10.1093/aobpla/plz032,Outbreeding and inbreeding strategies in herbaceous-shrubby communities in the Venezuelan Gran Sabana Plateau,https://europepmc.org/articles/PMC6621913,https://www.ebi.ac.uk/europepmc/webservices/rest/PMC6621913/fullTextXML,fetched,cc by,dc0629f1d035c5c4aa725a20956d66475862c56e1db8d798ddeaa9ad6e652910,data\v2\staging\traits\direct_llm_pilot\20260807_europe_pmc_reproduction_scale\raw_xml\PMC6621913.xml.gz,2026-08-07T09:53:40.474621Z,1,
PMC6629639,10.1038/s41598-019-46610-0,A high-quality genome of,https://europepmc.org/articles/PMC6629639,https://www.ebi.ac.uk/europepmc/webservices/rest/PMC6629639/fullTextXML,fetched,cc by,91664af49aa1d74a3cbad43dff4d9dab74a8ee6f0cac12f31c210b0882fc409a,data\v2\staging\traits\direct_llm_pilot\20260807_europe_pmc_reproduction_scale\raw_xml\PMC6629639.xml.gz,2026-08-07T09:53:40.566893Z,1,
PMC6662425,10.1002/ece3.5239,Multiple introductions and population structure during the rapid expansion of the invasive Sahara mustard (,https://europepmc.org/articles/PMC6662425,https://www.ebi.ac.uk/europepmc/webservices/rest/PMC6662425/fullTextXML,fetched,cc by,04caf522fec3ac9d327e35e1c67dea5f36c850cb96032932eb7a3970092d0ecd,data\v2\staging\traits\direct_llm_pilot\20260807_europe_pmc_reproduction_scale\raw_xml\PMC6662425.xml.gz,2026-08-07T09:53:40.876108Z,1,
PMC6711733,10.1270/jsbbs.19005,Diversity and dynamics of DNA methylation: epigenomic resources and tools for crop breeding,https://europepmc.org/articles/PMC6711733,https://www.ebi.ac.uk/europepmc/webservices/rest/PMC6711733/fullTextXML,fetched,cc by-nc-nd,04729798e2e7b43e5ceabc71befee5ae6a12b7f1eaae722603bc4aa4f7a0e569,data\v2\staging\traits\direct_llm_pilot\20260807_europe_pmc_reproduction_scale\raw_xml\PMC6711733.xml.gz,2026-08-07T09:53:41.493621Z,1,
PMC6753611,10.1186/s13068-019-1564-y,"Improved cold tolerance in switchgrass by a novel CCCH-type zinc finger transcription factor gene,",https://europepmc.org/articles/PMC6753611,https://www.ebi.ac.uk/europepmc/webservices/rest/PMC6753611/fullTextXML,fetched,cc by,1c46c4b356245481cef6f311d5d309288e9260a0e6cff8e5f89459981c3f96ea,data\v2\staging\traits\direct_llm_pilot\20260807_europe_pmc_reproduction_scale\raw_xml\PMC6753611.xml.gz,2026-08-07T09:53:41.495557Z,1,
PMC6779868,10.1038/s41598-019-50907-5,Plant apomixis is rare in Himalayan high-alpine flora,https://europepmc.org/articles/PMC6779868,https://www.ebi.ac.uk/europepmc/webservices/rest/PMC6779868/fullTextXML,fetched,cc by,d2075ab44f63700b8badd2182ac1613ad0048e5c8c66678f82dabcd865708942,data\v2\staging\traits\direct_llm_pilot\20260807_europe_pmc_reproduction_scale\raw_xml\PMC6779868.xml.gz,2026-08-07T09:53:41.759332Z,1,
PMC6783936,10.3390/plants8090354,Population Genomic Approaches for Weed Science,https://europepmc.org/articles/PMC6783936,https://www.ebi.ac.uk/europepmc/webservices/rest/PMC6783936/fullTextXML,fetched,cc by,8de97e241b6af94c9a6e152f30582bbf5bc8f178ea3bab62aa818f79807b34e3,data\v2\staging\traits\direct_llm_pilot\20260807_europe_pmc_reproduction_scale\raw_xml\PMC6783936.xml.gz,2026-08-07T09:53:42.044714Z,1,
PMC6805397,10.1186/s12870-019-2061-y,"Genetic diversity and population structure of the sweet leaf herb,",https://europepmc.org/articles/PMC6805397,https://www.ebi.ac.uk/europepmc/webservices/rest/PMC6805397/fullTextXML,fetched,cc by,389e73de442171795e4a57dac5d8199d42db82a917bc16035d80ffce8ce825ab,data\v2\staging\traits\direct_llm_pilot\20260807_europe_pmc_reproduction_scale\raw_xml\PMC6805397.xml.gz,2026-08-07T09:53:42.418758Z,1,
PMC6813929,10.3389/fpls.2019.01315,Pollinator Behavior Drives Sexual Specializations in the Hermaphrodite Flowers of a Heterodichogamous Tree,https://europepmc.org/articles/PMC6813929,https://www.ebi.ac.uk/europepmc/webservices/rest/PMC6813929/fullTextXML,fetched,cc by,a177d9b279cd03e28872d989bd20a2dd2b83ec5c9d8850ffcaf8bdb18d98bea9,data\v2\staging\traits\direct_llm_pilot\20260807_europe_pmc_reproduction_scale\raw_xml\PMC6813929.xml.gz,2026-08-07T09:53:42.991996Z,1,
PMC6843356,10.3390/plants8100394,Evaluation of Switchgrass Genotypes for Cold-Tolerant Seed Germination from Native Populations in the Northeast USA,https://europepmc.org/articles/PMC6843356,https://www.ebi.ac.uk/europepmc/webservices/rest/PMC6843356/fullTextXML,fetched,cc by,5e69f7c01974b793ccf0978fc831d6db6aa8772bf09071bb76244260bada233a,data\v2\staging\traits\direct_llm_pilot\20260807_europe_pmc_reproduction_scale\raw_xml\PMC6843356.xml.gz,2026-08-07T09:53:43.391706Z,1,
PMC6850911,10.1016/j.flora.2017.07.012,Fitness and growth of the ephemeral mudflat species,https://europepmc.org/articles/PMC6850911,https://www.ebi.ac.uk/europepmc/webservices/rest/PMC6850911/fullTextXML,fetched,cc by-nc-nd,7cdb8973cb13daf76c2250af3b03c94652b65cd4c3ea5f608d38f335caa6cd05,data\v2\staging\traits\direct_llm_pilot\20260807_europe_pmc_reproduction_scale\raw_xml\PMC6850911.xml.gz,2026-08-07T09:53:43.409776Z,1,
PMC6856794,10.1111/nph.16180,"Mating system variation in hybrid zones: facilitation, barriers and asymmetries to gene flow",https://europepmc.org/articles/PMC6856794,https://www.ebi.ac.uk/europepmc/webservices/rest/PMC6856794/fullTextXML,fetched,cc by,d6fe0ea6017e13a515d5d9a087ad7f8ed11b4ab908a6a261489fd47b00d9fb99,data\v2\staging\traits\direct_llm_pilot\20260807_europe_pmc_reproduction_scale\raw_xml\PMC6856794.xml.gz,2026-08-07T09:53:43.641843Z,1,
PMC6873660,10.3389/fpls.2019.01364,Boosting Genetic Gain in Allogamous Crops,https://europepmc.org/articles/PMC6873660,https://www.ebi.ac.uk/europepmc/webservices/rest/PMC6873660/fullTextXML,fetched,cc by,e6f6dcc7a3f09fa9d05d68b88649c216661432dee538ec0a6d4ebf4d3ad16905,data\v2\staging\traits\direct_llm_pilot\20260807_europe_pmc_reproduction_scale\raw_xml\PMC6873660.xml.gz,2026-08-07T09:53:43.819476Z,1,
PMC6933008,10.3389/fgene.2019.01289,Thinking Outside of the Cereal Box: Breeding Underutilized (Pseudo)Cereals for Improved Human Nutrition,https://europepmc.org/articles/PMC6933008,https://www.ebi.ac.uk/europepmc/webservices/rest/PMC6933008/fullTextXML,fetched,cc by,cf4e50821d8a56854be248d7f8efe452eb5d1d87eaf03a2aa7579fb3c41d38c5,data\v2\staging\traits\direct_llm_pilot\20260807_europe_pmc_reproduction_scale\raw_xml\PMC6933008.xml.gz,2026-08-07T09:53:44.129160Z,1,
PMC6951273,10.1016/j.pld.2019.06.002,The coexistence of hermaphroditic and dioecious plants is associated with polyploidy and gender dimorphism in,https://europepmc.org/articles/PMC6951273,https://www.ebi.ac.uk/europepmc/webservices/rest/PMC6951273/fullTextXML,fetched,cc by-nc-nd,d2727625e9f145e9fb6abf68d0fc5590c564769d11d960cca211b8e875142039,data\v2\staging\traits\direct_llm_pilot\20260807_europe_pmc_reproduction_scale\raw_xml\PMC6951273.xml.gz,2026-08-07T09:53:44.438853Z,1,
PMC6973031,10.1111/ele.13442,From theory to experiments for testing the proximate mechanisms of mast seeding: an agenda for an experimental ecology,https://europepmc.org/articles/PMC6973031,https://www.ebi.ac.uk/europepmc/webservices/rest/PMC6973031/fullTextXML,fetched,cc by,78619b57c9978238ab66fbec3742dfcbb764e59cf19b8f2da2973f62994e0f70,data\v2\staging\traits\direct_llm_pilot\20260807_europe_pmc_reproduction_scale\raw_xml\PMC6973031.xml.gz,2026-08-07T09:53:44.798707Z,1,
PMC6976890,10.1002/aps3.11314,Considerations in adapting CRISPR/Cas9 in nongenetic model plant systems,https://europepmc.org/articles/PMC6976890,https://www.ebi.ac.uk/europepmc/webservices/rest/PMC6976890/fullTextXML,fetched,cc by,886bd3eb89b141a26f6246b00ff6f2cd7c90c185c77d525df1f55500b18e9fd6,data\v2\staging\traits\direct_llm_pilot\20260807_europe_pmc_reproduction_scale\raw_xml\PMC6976890.xml.gz,2026-08-07T09:53:45.259500Z,2,
PMC7003921,10.1111/mec.15312,An analysis of mating biases in trees,https://europepmc.org/articles/PMC7003921,https://www.ebi.ac.uk/europepmc/webservices/rest/PMC7003921/fullTextXML,fetched,cc by-nc,bae850597d59d4d913001dfe3835e268b4445ddce5b927fcc5c20c169145dbff,data\v2\staging\traits\direct_llm_pilot\20260807_europe_pmc_reproduction_scale\raw_xml\PMC7003921.xml.gz,2026-08-07T09:53:45.594182Z,1,
PMC7056906,10.3389/fgene.2020.00049,Healthy and Resilient Cereals and Pseudo-Cereals for Marginal Agriculture: Molecular Advances for Improving Nutrient Bioavailability,https://europepmc.org/articles/PMC7056906,https://www.ebi.ac.uk/europepmc/webservices/rest/PMC7056906/fullTextXML,fetched,cc by,c8bf1a8ed602d4fc4e5908c12de7692b85830850d01f941cc950a82d425cac64,data\v2\staging\traits\direct_llm_pilot\20260807_europe_pmc_reproduction_scale\raw_xml\PMC7056906.xml.gz,2026-08-07T09:53:45.809549Z,1,
PMC7098457,10.3389/fpls.2020.00195,"Self-(In)compatibility Systems: Target Traits for Crop-Production, Plant Breeding, and Biotechnology",https://europepmc.org/articles/PMC7098457,https://www.ebi.ac.uk/europepmc/webservices/rest/PMC7098457/fullTextXML,fetched,cc by,e0bfa03ada490af59187b6f2f88c8148614f29b3d2734c39fddf88dc1fb863d2,data\v2\staging\traits\direct_llm_pilot\20260807_europe_pmc_reproduction_scale\raw_xml\PMC7098457.xml.gz,2026-08-07T09:53:46.079186Z,2,
PMC7111279,10.1016/S0074-7696(08)61867-7,Subject Index,https://europepmc.org/articles/PMC7111279,https://www.ebi.ac.uk/europepmc/webservices/rest/PMC7111279/fullTextXML,fetched,,e64794bbd2d68ce377d490971dfac96bed7f535f3ceccb23ed52b2dc0ddb620b,data\v2\staging\traits\direct_llm_pilot\20260807_europe_pmc_reproduction_scale\raw_xml\PMC7111279.xml.gz,2026-08-07T09:53:46.134307Z,2,
PMC7118941,10.1186/s12870-020-02356-w,Phenological variation of flower longevity and duration of sex phases in a protandrous alpine plant: potential causes and fitness significance,https://europepmc.org/articles/PMC7118941,https://www.ebi.ac.uk/europepmc/webservices/rest/PMC7118941/fullTextXML,fetched,cc by,a7d0c5fbc3a3ef0cf00f5102468fc4811ad8784d8b54d5cab1ebdebedd739ff7,data\v2\staging\traits\direct_llm_pilot\20260807_europe_pmc_reproduction_scale\raw_xml\PMC7118941.xml.gz,2026-08-07T09:53:46.217405Z,1,
PMC7147800,10.1371/journal.pone.0231425,"Genomics, molecular and evolutionary perspective of NAC transcription factors",https://europepmc.org/articles/PMC7147800,https://www.ebi.ac.uk/europepmc/webservices/rest/PMC7147800/fullTextXML,fetched,cc by,407274a784694fcd390b88e658c88ce361622de7167ee2313eaf8294ecdbbba4,data\v2\staging\traits\direct_llm_pilot\20260807_europe_pmc_reproduction_scale\raw_xml\PMC7147800.xml.gz,2026-08-07T09:53:46.581514Z,1,
PMC7148975,10.1016/S1572-5995(05)80099-7,Cumulative general subject index volumes 1-30,https://europepmc.org/articles/PMC7148975,https://www.ebi.ac.uk/europepmc/webservices/rest/PMC7148975/fullTextXML,fetched,,f5f0c0dacadeee02634826a4ba176b4882a34bf2544545ae4a4b7806c52b3fd1,data\v2\staging\traits\direct_llm_pilot\20260807_europe_pmc_reproduction_scale\raw_xml\PMC7148975.xml.gz,2026-08-07T09:53:46.999160Z,9,
PMC7154904,10.3390/plants9030338,Genetic Diversity and Population Structure of,https://europepmc.org/articles/PMC7154904,https://www.ebi.ac.uk/europepmc/webservices/rest/PMC7154904/fullTextXML,fetched,cc by,c13e464454780fff09e8ea7ec8d69da6b2ab8f0a9ff623c2e764dec8d81e5c3c,data\v2\staging\traits\direct_llm_pilot\20260807_europe_pmc_reproduction_scale\raw_xml\PMC7154904.xml.gz,2026-08-07T09:53:47.476281Z,1,
PMC7180149,10.1270/jsbbs.19028,Classification and systematics of the,https://europepmc.org/articles/PMC7180149,https://www.ebi.ac.uk/europepmc/webservices/rest/PMC7180149/fullTextXML,fetched,cc by-nc-nd,9bbb399fbbc140db2c7c01d90127132d0d067ae7367518a7328be6a11c40200c,data\v2\staging\traits\direct_llm_pilot\20260807_europe_pmc_reproduction_scale\raw_xml\PMC7180149.xml.gz,2026-08-07T09:53:47.632757Z,1,
PMC7215508,10.3390/ijms21082931,Long Tandem Arrays of,https://europepmc.org/articles/PMC7215508,https://www.ebi.ac.uk/europepmc/webservices/rest/PMC7215508/fullTextXML,fetched,cc by,47e05964e3bf42029df77f78ecc462652ac9c1778d67d25d5b061612d0aa40e0,data\v2\staging\traits\direct_llm_pilot\20260807_europe_pmc_reproduction_scale\raw_xml\PMC7215508.xml.gz,2026-08-07T09:53:48.180364Z,2,
PMC7229217,10.1038/s41598-020-64964-8,Pollinator divergence and pollination isolation between hybrids with different floral color and morphology in two sympatric,https://europepmc.org/articles/PMC7229217,https://www.ebi.ac.uk/europepmc/webservices/rest/PMC7229217/fullTextXML,fetched,cc by,0594ee997ea6dc357250a96aa44af10ba970a0c9d236db09ab95df4676486f90,data\v2\staging\traits\direct_llm_pilot\20260807_europe_pmc_reproduction_scale\raw_xml\PMC7229217.xml.gz,2026-08-07T09:53:48.436888Z,1,
PMC7238044,10.3390/plants9040446,"Progress and Challenges in Ex Situ Conservation of Forage Germplasm: Grasses, Herbaceous Legumes and Fodder Trees",https://europepmc.org/articles/PMC7238044,https://www.ebi.ac.uk/europepmc/webservices/rest/PMC7238044/fullTextXML,fetched,cc by,79c16595ad15d3eca352c23da6a32f30b4f06fe953ba67a37488bc4e1e4c8ea4,data\v2\staging\traits\direct_llm_pilot\20260807_europe_pmc_reproduction_scale\raw_xml\PMC7238044.xml.gz,2026-08-07T09:53:48.621629Z,2,
PMC7238192,10.3390/plants9040487,Cytonuclear Genetic Incompatibilities in Plant Speciation,https://europepmc.org/articles/PMC7238192,https://www.ebi.ac.uk/europepmc/webservices/rest/PMC7238192/fullTextXML,fetched,cc by,6290c29bf0fc5c196c0478e60e1ee5a1766b959a4d50a47f972ddb23aba1836a,data\v2\staging\traits\direct_llm_pilot\20260807_europe_pmc_reproduction_scale\raw_xml\PMC7238192.xml.gz,2026-08-07T09:53:48.656050Z,1,
PMC7271181,10.1016/B978-0-12-384931-1.00019-2,S,https://europepmc.org/articles/PMC7271181,https://www.ebi.ac.uk/europepmc/webservices/rest/PMC7271181/fullTextXML,fetched,,42a03f0c119d89d32109eae7b1c7d81b8994b15d23921fb6990e3fbaf0f809a2,data\v2\staging\traits\direct_llm_pilot\20260807_europe_pmc_reproduction_scale\raw_xml\PMC7271181.xml.gz,2026-08-07T09:53:48.994381Z,1,
PMC7282103,10.1186/s12870-020-02466-5,Complete plastome sequencing resolves taxonomic relationships among species of,https://europepmc.org/articles/PMC7282103,https://www.ebi.ac.uk/europepmc/webservices/rest/PMC7282103/fullTextXML,fetched,cc by,4694d29e93e5cf6d7c2dd605872a8df4639221066c2f4b4c2c7b230090bbb15b,data\v2\staging\traits\direct_llm_pilot\20260807_europe_pmc_reproduction_scale\raw_xml\PMC7282103.xml.gz,2026-08-07T09:53:49.461490Z,2,
PMC7300247,10.3389/fpls.2020.00789,"New Food Crop Domestication in the Age of Gene Editing: Genetic, Agronomic and Cultural Change Remain Co-evolutionarily Entangled",https://europepmc.org/articles/PMC7300247,https://www.ebi.ac.uk/europepmc/webservices/rest/PMC7300247/fullTextXML,fetched,cc by,fad8a7432b1f848b87941d5217d4758d7eb8532fabab8e127acaa1ca81d97c23,data\v2\staging\traits\direct_llm_pilot\20260807_europe_pmc_reproduction_scale\raw_xml\PMC7300247.xml.gz,2026-08-07T09:53:49.796882Z,1,
PMC7302004,10.1186/s12915-020-00795-3,Tandem gene duplications drive divergent evolution of caffeine and crocin biosynthetic pathways in plants,https://europepmc.org/articles/PMC7302004,https://www.ebi.ac.uk/europepmc/webservices/rest/PMC7302004/fullTextXML,fetched,cc by,fe26c3ec789b787a42ce1da675ef1cfe8bdef1895cbacdd1d3c49ac92061616d,data\v2\staging\traits\direct_llm_pilot\20260807_europe_pmc_reproduction_scale\raw_xml\PMC7302004.xml.gz,2026-08-07T09:53:50.243995Z,1,
PMC7302502,10.1371/journal.pone.0234317,Comparative physiological and proteomic analysis indicates lower shock response to drought stress conditions in a self-pollinating perennial ryegrass,https://europepmc.org/articles/PMC7302502,https://www.ebi.ac.uk/europepmc/webservices/rest/PMC7302502/fullTextXML,fetched,cc by,41de7f0ce30cc32019e4b4ef2a21953f692afa355bb9b3be0f2793a6937579cc,data\v2\staging\traits\direct_llm_pilot\20260807_europe_pmc_reproduction_scale\raw_xml\PMC7302502.xml.gz,2026-08-07T09:53:50.647279Z,1,
PMC7308548,10.3389/fpls.2020.00847,"Climate Predicts UV Floral Pattern Size, Anthocyanin Concentration, and Pollen Performance in",https://europepmc.org/articles/PMC7308548,https://www.ebi.ac.uk/europepmc/webservices/rest/PMC7308548/fullTextXML,fetched,cc by,f193802147bf5f1cd9b95069352447f10741cbcde9259b3c69af4be92fc8f2d1,data\v2\staging\traits\direct_llm_pilot\20260807_europe_pmc_reproduction_scale\raw_xml\PMC7308548.xml.gz,2026-08-07T09:53:50.868526Z,1,
PMC7319237,10.1002/ece3.6312,Divergent selection on flowering phenology but not on floral morphology between two closely related orchids,https://europepmc.org/articles/PMC7319237,https://www.ebi.ac.uk/europepmc/webservices/rest/PMC7319237/fullTextXML,fetched,cc by,c0eef8560b22cb396167d88f35a275879faf4310ae153870d9c8db490792bdac,data\v2\staging\traits\direct_llm_pilot\20260807_europe_pmc_reproduction_scale\raw_xml\PMC7319237.xml.gz,2026-08-07T09:53:51.268027Z,1,
PMC7347099,10.1371/journal.pone.0230464.r004,Green fabricated zinc oxide nanoformulated media enhanced callus induction and regeneration dynamics of,https://europepmc.org/articles/PMC7347099,https://www.ebi.ac.uk/europepmc/webservices/rest/PMC7347099/fullTextXML,fetched,cc by,b682ae82acd2d6c334507fc583effa9d3ef87f6e0ea335b0abcb8b17cc3a44e2,data\v2\staging\traits\direct_llm_pilot\20260807_europe_pmc_reproduction_scale\raw_xml\PMC7347099.xml.gz,2026-08-07T09:53:51.293274Z,1,
PMC7347563,10.1038/s42003-020-1086-y,Sequence-based genetic mapping of,https://europepmc.org/articles/PMC7347563,https://www.ebi.ac.uk/europepmc/webservices/rest/PMC7347563/fullTextXML,fetched,cc by,4cd0ee1c0ec657404e9ba857eeaf5f789f8a9452c81aebef0b5dd10f5cb28d54,data\v2\staging\traits\direct_llm_pilot\20260807_europe_pmc_reproduction_scale\raw_xml\PMC7347563.xml.gz,2026-08-07T09:53:52.007572Z,1,
PMC7356498,10.3390/plants9060715,Biology and Management of,https://europepmc.org/articles/PMC7356498,https://www.ebi.ac.uk/europepmc/webservices/rest/PMC7356498/fullTextXML,fetched,cc by,03045a333e814af75e547a6a24a9b9e3d3828699941e5beb2001e11f0a509e62,data\v2\staging\traits\direct_llm_pilot\20260807_europe_pmc_reproduction_scale\raw_xml\PMC7356498.xml.gz,2026-08-07T09:53:52.563036Z,1,
PMC7417249,10.1002/ece3.6550,Pollen limitation in the endangered Chinese endemic species,https://europepmc.org/articles/PMC7417249,https://www.ebi.ac.uk/europepmc/webservices/rest/PMC7417249/fullTextXML,fetched,cc by,fcd2e61cb9a07ea5a3d0f9dc690fe5dad097afd98dda0a108fbbb6014c10be11,data\v2\staging\traits\direct_llm_pilot\20260807_europe_pmc_reproduction_scale\raw_xml\PMC7417249.xml.gz,2026-08-07T09:53:52.868383Z,1,
PMC7432733,10.3390/ijms21155247,Phylogenomic proof of Recurrent Demipolyploidization and Evolutionary Stalling of the “Triploid Bridge” in,https://europepmc.org/articles/PMC7432733,https://www.ebi.ac.uk/europepmc/webservices/rest/PMC7432733/fullTextXML,fetched,cc by,f03cc7f87f7df82a82ddf8f673c0adcb78760579c9f4482a8b1e20107b179ad6,data\v2\staging\traits\direct_llm_pilot\20260807_europe_pmc_reproduction_scale\raw_xml\PMC7432733.xml.gz,2026-08-07T09:53:52.917934Z,1,
PMC7445794,10.1093/synbio/ysaa005,Genomics-enabled analysis of specialized metabolism in bioenergy crops: current progress and challenges,https://europepmc.org/articles/PMC7445794,https://www.ebi.ac.uk/europepmc/webservices/rest/PMC7445794/fullTextXML,fetched,cc by,3000c0ee23ef9959ca1b0c77ca4306b9b2103408bb1a086e81a39ba13748d213,data\v2\staging\traits\direct_llm_pilot\20260807_europe_pmc_reproduction_scale\raw_xml\PMC7445794.xml.gz,2026-08-07T09:53:53.328140Z,1,
PMC7496244,10.1002/ajb2.1504,"Fine‐scale spatial genetic structure, mating, and gene dispersal patterns in",https://europepmc.org/articles/PMC7496244,https://www.ebi.ac.uk/europepmc/webservices/rest/PMC7496244/fullTextXML,fetched,cc by,6f5ea2170ce2435c44e9c8c19c078fba3cd19d95c3c4b6fd77163a176b126568,data\v2\staging\traits\direct_llm_pilot\20260807_europe_pmc_reproduction_scale\raw_xml\PMC7496244.xml.gz,2026-08-07T09:53:53.335848Z,1,
PMC7544028,10.1371/journal.pone.0239609,Advancing crested wheatgrass [,https://europepmc.org/articles/PMC7544028,https://www.ebi.ac.uk/europepmc/webservices/rest/PMC7544028/fullTextXML,fetched,cc by,923c346cb3e6e491757d113e31397b0c3c74b32b92685b6b41e4f2882fb6fc26,data\v2\staging\traits\direct_llm_pilot\20260807_europe_pmc_reproduction_scale\raw_xml\PMC7544028.xml.gz,2026-08-07T09:53:53.469572Z,1,
PMC7546813,10.3389/fpls.2020.572193,Functional Analysis of the,https://europepmc.org/articles/PMC7546813,https://www.ebi.ac.uk/europepmc/webservices/rest/PMC7546813/fullTextXML,fetched,cc by,c4312182eb1997e85dbf7b57a386a686c95c43d9261442bcb54d70bc56d3d7ae,data\v2\staging\traits\direct_llm_pilot\20260807_europe_pmc_reproduction_scale\raw_xml\PMC7546813.xml.gz,2026-08-07T09:53:53.651469Z,1,
PMC7558484,10.3390/jof6030167,<i>Phytophthora palmivora</i>-Cocoa Interaction.,https://europepmc.org/articles/PMC7558484,https://www.ebi.ac.uk/europepmc/webservices/rest/PMC7558484/fullTextXML,fetched,cc by,a58555aac2cbcc5fb083552945cebb3c9ad7de16a405c4b4dcadbca9e1bcea9b,data\v2\staging\traits\direct_llm_pilot\20260807_europe_pmc_reproduction_scale\raw_xml\PMC7558484.xml.gz,2026-08-07T09:53:54.208847Z,1,
PMC7583606,10.7717/peerj.10102,Insect pollination is important in a smallholder bean farming system,https://europepmc.org/articles/PMC7583606,https://www.ebi.ac.uk/europepmc/webservices/rest/PMC7583606/fullTextXML,fetched,cc by,112f8297fef361e18eb3d08748d2cb4dd4771f49bb9b1f0d6849a2a05bdc77a9,data\v2\staging\traits\direct_llm_pilot\20260807_europe_pmc_reproduction_scale\raw_xml\PMC7583606.xml.gz,2026-08-07T09:53:54.666953Z,1,
PMC7606849,10.3389/fpls.2020.574073,High-Throughput Switchgrass Phenotyping and Biomass Modeling by UAV,https://europepmc.org/articles/PMC7606849,https://www.ebi.ac.uk/europepmc/webservices/rest/PMC7606849/fullTextXML,fetched,cc by,c4cab6910d0ed69cce73d674f4d8354c2649a3c8cffd73f2756c51b2491d3e83,data\v2\staging\traits\direct_llm_pilot\20260807_europe_pmc_reproduction_scale\raw_xml\PMC7606849.xml.gz,2026-08-07T09:53:55.009964Z,1,
PMC7642159,10.3897/phytokeys.165.55948,New records and key to,https://europepmc.org/articles/PMC7642159,https://www.ebi.ac.uk/europepmc/webservices/rest/PMC7642159/fullTextXML,fetched,cc by,c416f5a922029aad228abb9ba5190fcc14990cc7183647748f3ae099b5378854,data\v2\staging\traits\direct_llm_pilot\20260807_europe_pmc_reproduction_scale\raw_xml\PMC7642159.xml.gz,2026-08-07T09:53:55.243637Z,2,
PMC7694992,10.3390/plants9111509,Intraspecific Seasonal Variation of Flowering Synchronization in a Heterodichogamous Tree,https://europepmc.org/articles/PMC7694992,https://www.ebi.ac.uk/europepmc/webservices/rest/PMC7694992/fullTextXML,fetched,cc by,3b046b851a49e4e887322077ac478723493cef721b45625b64f20b179c9213a8,data\v2\staging\traits\direct_llm_pilot\20260807_europe_pmc_reproduction_scale\raw_xml\PMC7694992.xml.gz,2026-08-07T09:53:55.655353Z,1,
PMC7708163,10.1186/s12870-020-02714-8,QTL mapping of winter dormancy and associated traits in two switchgrass pseudo-F1 populations: lowland x lowland and lowland x upland,https://europepmc.org/articles/PMC7708163,https://www.ebi.ac.uk/europepmc/webservices/rest/PMC7708163/fullTextXML,fetched,cc by,9d0076f6cffef6a5dc3ecc5d1983465e680e15bf32c50f510d50fc51d7dc90be,data\v2\staging\traits\direct_llm_pilot\20260807_europe_pmc_reproduction_scale\raw_xml\PMC7708163.xml.gz,2026-08-07T09:53:55.687061Z,1,
PMC7732820,10.3897/phytokeys.169.57996,Revisiting the taxonomy of the Neotropical,https://europepmc.org/articles/PMC7732820,https://www.ebi.ac.uk/europepmc/webservices/rest/PMC7732820/fullTextXML,fetched,cc by,33eba99b9a8c229638ff11b5915cc27e8b39d1d908b193963dcb8ebc57bf417a,data\v2\staging\traits\direct_llm_pilot\20260807_europe_pmc_reproduction_scale\raw_xml\PMC7732820.xml.gz,2026-08-07T09:53:55.772657Z,1,
PMC7748008,10.1016/j.xplc.2020.100115,Evolutionary Genomics of Plant Gametophytic Selection,https://europepmc.org/articles/PMC7748008,https://www.ebi.ac.uk/europepmc/webservices/rest/PMC7748008/fullTextXML,fetched,cc by-nc-nd,780db785de8359ff6bff19b97fd9c63b61a1d59c9d987b1d1c4af3425abdaf29,data\v2\staging\traits\direct_llm_pilot\20260807_europe_pmc_reproduction_scale\raw_xml\PMC7748008.xml.gz,2026-08-07T09:53:56.028275Z,2,
PMC7753158,10.3389/fpls.2020.615922,Hazelnut Pollen Phenotyping Using Label-Free Impedance Flow Cytometry,https://europepmc.org/articles/PMC7753158,https://www.ebi.ac.uk/europepmc/webservices/rest/PMC7753158/fullTextXML,fetched,cc by,a12219a5276c7e691bc23024dd4018994557053d8655e82d0c897c80f405b39f,data\v2\staging\traits\direct_llm_pilot\20260807_europe_pmc_reproduction_scale\raw_xml\PMC7753158.xml.gz,2026-08-07T09:53:56.871139Z,1,
PMC7756372,10.1111/gcbb.12755,Linkage mapping evidence for a syntenic QTL associated with flowering time in perennial C,https://europepmc.org/articles/PMC7756372,https://www.ebi.ac.uk/europepmc/webservices/rest/PMC7756372/fullTextXML,fetched,cc by,da9a874b6aa8010091d2294ac6a4da0bb9daaa823c351d02e12312ad9f653723,data\v2\staging\traits\direct_llm_pilot\20260807_europe_pmc_reproduction_scale\raw_xml\PMC7756372.xml.gz,2026-08-07T09:53:56.976535Z,1,
PMC7771129,10.1002/ece3.6884,Pollinator dependence but no pollen limitation for eight plants occurring north of the Arctic Circle,https://europepmc.org/articles/PMC7771129,https://www.ebi.ac.uk/europepmc/webservices/rest/PMC7771129/fullTextXML,fetched,cc by,1130909db9d9d154b7c22ff01d28d37ac2723e9aff1393a398411b1148146a60,data\v2\staging\traits\direct_llm_pilot\20260807_europe_pmc_reproduction_scale\raw_xml\PMC7771129.xml.gz,2026-08-07T09:53:57.222506Z,1,
PMC7771175,10.1002/ece3.7073,Breeding system of diploid sexuals within the,https://europepmc.org/articles/PMC7771175,https://www.ebi.ac.uk/europepmc/webservices/rest/PMC7771175/fullTextXML,fetched,cc by,53ffc3269eeaab722f059d7c483bffcacbaf8d9c3108cfdcc30d27ff87d89db7,data\v2\staging\traits\direct_llm_pilot\20260807_europe_pmc_reproduction_scale\raw_xml\PMC7771175.xml.gz,2026-08-07T09:53:57.548909Z,2,
PMC7775447,10.1038/s41438-020-00445-3,Molecular investigation of Tuscan sweet cherries sampled over three years: gene expression analysis coupled to metabolomics and proteomics,https://europepmc.org/articles/PMC7775447,https://www.ebi.ac.uk/europepmc/webservices/rest/PMC7775447/fullTextXML,fetched,cc by,b6c2e878a2b92542be8f472650ff80f295c5d9aeed011fcb42d8e95a3e8ad927,data\v2\staging\traits\direct_llm_pilot\20260807_europe_pmc_reproduction_scale\raw_xml\PMC7775447.xml.gz,2026-08-07T09:53:57.748855Z,1,
PMC7790655,10.1002/ece3.7095,Retrotransposon‐based genetic diversity of,https://europepmc.org/articles/PMC7790655,https://www.ebi.ac.uk/europepmc/webservices/rest/PMC7790655/fullTextXML,fetched,cc by,f6eceae0fc42f739eb4d3b3f5c80a53008b2ac59089426cad2f1cf67a4bc945d,data\v2\staging\traits\direct_llm_pilot\20260807_europe_pmc_reproduction_scale\raw_xml\PMC7790655.xml.gz,2026-08-07T09:53:57.881460Z,1,
PMC7821259,10.1111/1755-0998.13271,The elephant grass (,https://europepmc.org/articles/PMC7821259,https://www.ebi.ac.uk/europepmc/webservices/rest/PMC7821259/fullTextXML,fetched,cc by-nc-nd,9496a3df9308247c16f566536b11265b8cc7d4cc74785c2032804821a017a800,data\v2\staging\traits\direct_llm_pilot\20260807_europe_pmc_reproduction_scale\raw_xml\PMC7821259.xml.gz,2026-08-07T09:53:58.429384Z,1,
PMC7835932,10.3390/plants10010182,Possible Role of Peroxynitrite in the Responses Induced by Fusicoccin in Plant Cultured Cells,https://europepmc.org/articles/PMC7835932,https://www.ebi.ac.uk/europepmc/webservices/rest/PMC7835932/fullTextXML,fetched,cc by,9584f106ccd3234d45a7770f181cc3f371b867b70b18ae7e942ebba3af2c959f,data\v2\staging\traits\direct_llm_pilot\20260807_europe_pmc_reproduction_scale\raw_xml\PMC7835932.xml.gz,2026-08-07T09:53:58.775661Z,1,
PMC7840529,10.3389/fpls.2020.575462,Genome-Wide Analysis of Transposable Elements and Satellite DNAs in,https://europepmc.org/articles/PMC7840529,https://www.ebi.ac.uk/europepmc/webservices/rest/PMC7840529/fullTextXML,fetched,cc by,0314b232260d32ec6922b2eb62072647bb0fbb2fc3fd849dc5b00572f3cdd108,data\v2\staging\traits\direct_llm_pilot\20260807_europe_pmc_reproduction_scale\raw_xml\PMC7840529.xml.gz,2026-08-07T09:53:59.110549Z,1,
PMC7899018,10.7717/peerj.10732,"Higher bee abundance, but not pest abundance, in landscapes with more agriculture on a late-flowering legume crop in tropical smallholder farms",https://europepmc.org/articles/PMC7899018,https://www.ebi.ac.uk/europepmc/webservices/rest/PMC7899018/fullTextXML,fetched,cc by,c21223fc57699da044db0f8e7a885ff615734bf7be204a4933df2c91aa5335f9,data\v2\staging\traits\direct_llm_pilot\20260807_europe_pmc_reproduction_scale\raw_xml\PMC7899018.xml.gz,2026-08-07T09:53:59.224254Z,1,
PMC7913245,10.3390/plants10020284,Effect of Herbicides on the Management of the Invasive Weed,https://europepmc.org/articles/PMC7913245,https://www.ebi.ac.uk/europepmc/webservices/rest/PMC7913245/fullTextXML,fetched,cc by,f9f27339ab70cd6b3ba01e4c4f4fc864bcd27ed5e18407a3dfa02b6be0db3c36,data\v2\staging\traits\direct_llm_pilot\20260807_europe_pmc_reproduction_scale\raw_xml\PMC7913245.xml.gz,2026-08-07T09:53:59.478410Z,1,
PMC7921972,10.3390/plants10020396,Effect of Cryopreservation on the Ex Vitro Establishment of Olive Plants Regenerated via Somatic Embryogenesis,https://europepmc.org/articles/PMC7921972,https://www.ebi.ac.uk/europepmc/webservices/rest/PMC7921972/fullTextXML,fetched,cc by,17c40e18befc86908a7ad13edddc43e8d55e2c4b756b4ed9f2c20c80a03bffe1,data\v2\staging\traits\direct_llm_pilot\20260807_europe_pmc_reproduction_scale\raw_xml\PMC7921972.xml.gz,2026-08-07T09:53:59.844081Z,1,
PMC7922028,10.3390/genes12020288,Characterization of the,https://europepmc.org/articles/PMC7922028,https://www.ebi.ac.uk/europepmc/webservices/rest/PMC7922028/fullTextXML,fetched,cc by,ab2640ebe5b92d4ee808e3033093f6be81b683e6b422f04f591bf830efa4d4af,data\v2\staging\traits\direct_llm_pilot\20260807_europe_pmc_reproduction_scale\raw_xml\PMC7922028.xml.gz,2026-08-07T09:54:00.662295Z,1,
PMC7926561,10.3390/plants10020415,Recent Large-Scale Genotyping and Phenotyping of Plant Genetic Resources of Vegetatively Propagated Crops,https://europepmc.org/articles/PMC7926561,https://www.ebi.ac.uk/europepmc/webservices/rest/PMC7926561/fullTextXML,fetched,cc by,3cb9c8852f795d5db984255d087f5ca8116d757953a588244c438c6c5d162d2a,data\v2\staging\traits\direct_llm_pilot\20260807_europe_pmc_reproduction_scale\raw_xml\PMC7926561.xml.gz,2026-08-07T09:54:00.726180Z,2,
PMC7926835,10.3390/ijms22042214,How Are the Flower Structure and Nectar Composition of the Generalistic Orchid,https://europepmc.org/articles/PMC7926835,https://www.ebi.ac.uk/europepmc/webservices/rest/PMC7926835/fullTextXML,fetched,cc by,118213af1ef1c3aedca0216ec0dba640d7df236274ceb24156ed11cd3cf92e6b,data\v2\staging\traits\direct_llm_pilot\20260807_europe_pmc_reproduction_scale\raw_xml\PMC7926835.xml.gz,2026-08-07T09:54:01.046401Z,1,
PMC7931346,10.1186/s13068-021-01891-4,Iron incorporation both intra- and extra-cellularly improves the yield and saccharification of switchgrass (,https://europepmc.org/articles/PMC7931346,https://www.ebi.ac.uk/europepmc/webservices/rest/PMC7931346/fullTextXML,fetched,cc by,edaea070ea01f6fe1669a270b274901a7e6eccfde6748142b67d41ebade2730b,data\v2\staging\traits\direct_llm_pilot\20260807_europe_pmc_reproduction_scale\raw_xml\PMC7931346.xml.gz,2026-08-07T09:54:01.085571Z,1,
PMC7931530,10.1186/s12870-021-02903-z,Improved node culture methods for rapid vegetative propagation of switchgrass (,https://europepmc.org/articles/PMC7931530,https://www.ebi.ac.uk/europepmc/webservices/rest/PMC7931530/fullTextXML,fetched,cc by,9696e63757aa677ad9cd7f463174c7e6d18400092f393528d839e27a33f434e1,data\v2\staging\traits\direct_llm_pilot\20260807_europe_pmc_reproduction_scale\raw_xml\PMC7931530.xml.gz,2026-08-07T09:54:01.393229Z,1,
PMC7937184,10.1093/aobpla/plab002,Geographic patterns of genomic diversity and structure in the C,https://europepmc.org/articles/PMC7937184,https://www.ebi.ac.uk/europepmc/webservices/rest/PMC7937184/fullTextXML,fetched,cc by,e50c1553ea37e1ad53b6bbfe43dd5b0ef4bb54a66de9b9184d78e8f3ab460098,data\v2\staging\traits\direct_llm_pilot\20260807_europe_pmc_reproduction_scale\raw_xml\PMC7937184.xml.gz,2026-08-07T09:54:01.461014Z,1,
PMC7947811,10.1093/molbev/msaa271,Widespread Recombination Suppression Facilitates Plant Sex Chromosome Evolution,https://europepmc.org/articles/PMC7947811,https://www.ebi.ac.uk/europepmc/webservices/rest/PMC7947811/fullTextXML,fetched,cc by,df5738588156900e71a3f3ef2b1174979d9fe2426d8dffc5e31c930dc5201971,data\v2\staging\traits\direct_llm_pilot\20260807_europe_pmc_reproduction_scale\raw_xml\PMC7947811.xml.gz,2026-08-07T09:54:01.670253Z,1,
PMC7962388,10.1186/s12864-021-07450-3,A study of the heterochronic sense/antisense RNA representation in florets of sexual and apomictic,https://europepmc.org/articles/PMC7962388,https://www.ebi.ac.uk/europepmc/webservices/rest/PMC7962388/fullTextXML,fetched,cc by,a3700ecb3fdf64ac30f81661805d0fbacdd0fd57a78e88604143ace6354159fd,data\v2\staging\traits\direct_llm_pilot\20260807_europe_pmc_reproduction_scale\raw_xml\PMC7962388.xml.gz,2026-08-07T09:54:02.101613Z,2,
PMC7981216,10.1002/ece3.7242,The pollination of,https://europepmc.org/articles/PMC7981216,https://www.ebi.ac.uk/europepmc/webservices/rest/PMC7981216/fullTextXML,fetched,cc by,b565ac7f3a8a7e5ae58442e8665714f4e61ee512a6646b5fb532c55a8d72f360,data\v2\staging\traits\direct_llm_pilot\20260807_europe_pmc_reproduction_scale\raw_xml\PMC7981216.xml.gz,2026-08-07T09:54:02.940681Z,2,
PMC7994888,10.3389/fpls.2021.647375,"Molecular Evolution and Organization of Ribosomal DNA in the Hawkweed Tribe Hieraciinae (Cichorieae, Asteraceae)",https://europepmc.org/articles/PMC7994888,https://www.ebi.ac.uk/europepmc/webservices/rest/PMC7994888/fullTextXML,fetched,cc by,adcecdb738362f0c2b9679e6f954f985d727d2a68a884bcc2241c676f6e42fde,data\v2\staging\traits\direct_llm_pilot\20260807_europe_pmc_reproduction_scale\raw_xml\PMC7994888.xml.gz,2026-08-07T09:54:03.546292Z,1,
PMC8000587,10.3390/genes12030381,The Diversity of Plant Sex Chromosomes Highlighted through Advances in Genome Sequencing,https://europepmc.org/articles/PMC8000587,https://www.ebi.ac.uk/europepmc/webservices/rest/PMC8000587/fullTextXML,fetched,cc by,87ae1b646f94fa4408d28550ceeb77e6a14cedb28664ad89f404ebb7b1caf0ba,data\v2\staging\traits\direct_llm_pilot\20260807_europe_pmc_reproduction_scale\raw_xml\PMC8000587.xml.gz,2026-08-07T09:54:03.595341Z,2,
PMC8002402,10.3390/plants10030565,Proceedings of the 7th Series of Seminars on Advances in Apomixis Research,https://europepmc.org/articles/PMC8002402,https://www.ebi.ac.uk/europepmc/webservices/rest/PMC8002402/fullTextXML,fetched,cc by,06e42356d50ea04aa2355e9d895be8a01c745a569398d10fa131c63d07dde1d7,data\v2\staging\traits\direct_llm_pilot\20260807_europe_pmc_reproduction_scale\raw_xml\PMC8002402.xml.gz,2026-08-07T09:54:03.596100Z,1,
PMC8022955,10.1093/g3journal/jkaa064,Performing parentage analysis for polysomic inheritances based on allelic phenotypes,https://europepmc.org/articles/PMC8022955,https://www.ebi.ac.uk/europepmc/webservices/rest/PMC8022955/fullTextXML,fetched,cc by-nc-nd,9af7dd0b5649e10520f65531a6aa2fe93fe9610ee96d63ecf175473291a79578,data\v2\staging\traits\direct_llm_pilot\20260807_europe_pmc_reproduction_scale\raw_xml\PMC8022955.xml.gz,2026-08-07T09:54:03.963446Z,1,
PMC8022979,10.1093/g3journal/jkaa052,Genome sequence of,https://europepmc.org/articles/PMC8022979,https://www.ebi.ac.uk/europepmc/webservices/rest/PMC8022979/fullTextXML,fetched,cc by,353c9f3ddbf79e2aff77e98162f97f58c0b36bcdd1d0042652c637ca45a41268,data\v2\staging\traits\direct_llm_pilot\20260807_europe_pmc_reproduction_scale\raw_xml\PMC8022979.xml.gz,2026-08-07T09:54:04.335962Z,1,
PMC8024633,10.3389/fpls.2021.649394,Exaptation Traits for Megafaunal Mutualisms as a Factor in Plant Domestication,https://europepmc.org/articles/PMC8024633,https://www.ebi.ac.uk/europepmc/webservices/rest/PMC8024633/fullTextXML,fetched,cc by,62418e8944891d9c1ee90dac93718312ae1aad3a91fdc63a162061d73bc6923e,data\v2\staging\traits\direct_llm_pilot\20260807_europe_pmc_reproduction_scale\raw_xml\PMC8024633.xml.gz,2026-08-07T09:54:04.336255Z,2,
PMC8042731,10.1093/jee/toab009,Buzz-Pollinated Crops: A Global Review and Meta-analysis of the Effects of Supplemental Bee Pollination in Tomato,https://europepmc.org/articles/PMC8042731,https://www.ebi.ac.uk/europepmc/webservices/rest/PMC8042731/fullTextXML,fetched,cc by,e6c45337e0a98f0b6fe45f93952063dede082d31806afdf203f774e1b77177f3,data\v2\staging\traits\direct_llm_pilot\20260807_europe_pmc_reproduction_scale\raw_xml\PMC8042731.xml.gz,2026-08-07T09:54:04.679616Z,1,
PMC8045754,10.3389/fpls.2021.640141,Cross-Species Metabolic Profiling of Floral Specialized Metabolism Facilitates Understanding of Evolutional Aspects of Metabolism Among Brassicaceae Species,https://europepmc.org/articles/PMC8045754,https://www.ebi.ac.uk/europepmc/webservices/rest/PMC8045754/fullTextXML,fetched,cc by,12c8a93d9ec6f01f97aafde09ea538da2037edf6320246b940b5b773a9486751,data\v2\staging\traits\direct_llm_pilot\20260807_europe_pmc_reproduction_scale\raw_xml\PMC8045754.xml.gz,2026-08-07T09:54:05.179741Z,1,
PMC8072285,10.3389/fpls.2021.589093,"Eunuchs or Females? Causes and Consequences of Gynodioecy on Morphology, Ploidy, and Ecology of",https://europepmc.org/articles/PMC8072285,https://www.ebi.ac.uk/europepmc/webservices/rest/PMC8072285/fullTextXML,fetched,cc by,976446861e9e50ae7024ff384a60a882431c55a0b6818dd7c421d317079c65ea,data\v2\staging\traits\direct_llm_pilot\20260807_europe_pmc_reproduction_scale\raw_xml\PMC8072285.xml.gz,2026-08-07T09:54:05.738727Z,1,
PMC8103805,10.1093/aob/mcaa140,A new genetic locus for self-compatibility in the outcrossing grass species perennial ryegrass (,https://europepmc.org/articles/PMC8103805,https://www.ebi.ac.uk/europepmc/webservices/rest/PMC8103805/fullTextXML,fetched,cc by,1c1750e2671f60c79209a442c59cd559b6f8740d27f8c91645da43a7d2c35efe,data\v2\staging\traits\direct_llm_pilot\20260807_europe_pmc_reproduction_scale\raw_xml\PMC8103805.xml.gz,2026-08-07T09:54:06.336729Z,1,
PMC8114225,10.1093/aobpla/plab015,Ecotypic differentiation of a circumpolar Arctic-alpine species at mid-latitudes: variations in the ploidy level and reproductive system of,https://europepmc.org/articles/PMC8114225,https://www.ebi.ac.uk/europepmc/webservices/rest/PMC8114225/fullTextXML,fetched,cc by,3774dbf3414433ad609de67fbe5f5068b61db0835308b7e3b6e82caafb48c21b,data\v2\staging\traits\direct_llm_pilot\20260807_europe_pmc_reproduction_scale\raw_xml\PMC8114225.xml.gz,2026-08-07T09:54:06.701260Z,1,
PMC8151366,10.3390/insects12050421,"Landscape Enhancements in Apple Orchards: Higher Bumble Bee Queen Species Richness, but No Effect on Apple Quality",https://europepmc.org/articles/PMC8151366,https://www.ebi.ac.uk/europepmc/webservices/rest/PMC8151366/fullTextXML,fetched,cc by,7f4841232d2e0612b1a5193d4495b178b07f4819df6e213ea19d3c55afa6eb8b,data\v2\staging\traits\direct_llm_pilot\20260807_europe_pmc_reproduction_scale\raw_xml\PMC8151366.xml.gz,2026-08-07T09:54:06.785828Z,1,
PMC8158104,10.3390/biom11050756,Sweet Modifications Modulate Plant Development,https://europepmc.org/articles/PMC8158104,https://www.ebi.ac.uk/europepmc/webservices/rest/PMC8158104/fullTextXML,fetched,cc by,698366edbfd265d33f5a28b8fbaf1d6af86b1839b0035864707b4f8f8abb45c0,data\v2\staging\traits\direct_llm_pilot\20260807_europe_pmc_reproduction_scale\raw_xml\PMC8158104.xml.gz,2026-08-07T09:54:06.810364Z,1,
PMC8216985,10.1002/ece3.7613,Small‐scale genetic structure and mating patterns in an extensive sessile oak forest (,https://europepmc.org/articles/PMC8216985,https://www.ebi.ac.uk/europepmc/webservices/rest/PMC8216985/fullTextXML,fetched,cc by,c55fd06948c48f985a0942bdbf67c8b8d03ffdaa59a15bde4dbb901c1fa70ee3,data\v2\staging\traits\direct_llm_pilot\20260807_europe_pmc_reproduction_scale\raw_xml\PMC8216985.xml.gz,2026-08-07T09:54:07.120303Z,1,
PMC8222791,10.3389/fpls.2021.657813,Latitudinal and Longitudinal Trends of Seed Traits Indicate Adaptive Strategies of an Invasive Plant,https://europepmc.org/articles/PMC8222791,https://www.ebi.ac.uk/europepmc/webservices/rest/PMC8222791/fullTextXML,fetched,cc by,0cf88b579d6f7b61fb5faa7375e08553f764031705f7b0efd7cf45811e91e3cb,data\v2\staging\traits\direct_llm_pilot\20260807_europe_pmc_reproduction_scale\raw_xml\PMC8222791.xml.gz,2026-08-07T09:54:07.218217Z,1,
PMC8225281,10.1093/aob/mcab043,Characterization and practical use of self-compatibility in outcrossing grass species,https://europepmc.org/articles/PMC8225281,https://www.ebi.ac.uk/europepmc/webservices/rest/PMC8225281/fullTextXML,fetched,cc by,7ee6c81ba4218c7838eda15256a30812444f067a63f6836effd15e2e1f73f855,data\v2\staging\traits\direct_llm_pilot\20260807_europe_pmc_reproduction_scale\raw_xml\PMC8225281.xml.gz,2026-08-07T09:54:07.458997Z,1,
PMC8226646,10.3390/life11060531,Microsatellite Loci Reveal Genetic Diversity of Asian Callery Pear (,https://europepmc.org/articles/PMC8226646,https://www.ebi.ac.uk/europepmc/webservices/rest/PMC8226646/fullTextXML,fetched,cc by,70a917f16d87ddb5cca4ae30bdcc48d0e410d2c29ed14dc642f38e2e108afd1a,data\v2\staging\traits\direct_llm_pilot\20260807_europe_pmc_reproduction_scale\raw_xml\PMC8226646.xml.gz,2026-08-07T09:54:08.632166Z,1,
PMC8255076,10.1093/aobpla/plab029,Do flowers removed of either nectar or pollen attract fewer bumblebee pollinators? An experimental test in,https://europepmc.org/articles/PMC8255076,https://www.ebi.ac.uk/europepmc/webservices/rest/PMC8255076/fullTextXML,fetched,cc by,26e4cb76eba7866210ed0f8dd59b6dcf853445b7562ff066ebcf2535a8bd8499,data\v2\staging\traits\direct_llm_pilot\20260807_europe_pmc_reproduction_scale\raw_xml\PMC8255076.xml.gz,2026-08-07T09:54:08.641495Z,1,
PMC8309350,10.3390/plants10071471,Genetic Diversity and Structure of Rear Edge Populations of,https://europepmc.org/articles/PMC8309350,https://www.ebi.ac.uk/europepmc/webservices/rest/PMC8309350/fullTextXML,fetched,cc by,de59ced98ed9ec2236d737e4cdbd52d995fc9f4d8f0c6ebce5c71386a86035fb,data\v2\staging\traits\direct_llm_pilot\20260807_europe_pmc_reproduction_scale\raw_xml\PMC8309350.xml.gz,2026-08-07T09:54:09.052733Z,1,
PMC8317631,10.1093/aobpla/plab038,Breeding systems of naturalized versus indigenous species provide support for Baker’s law on Pohnpei island,https://europepmc.org/articles/PMC8317631,https://www.ebi.ac.uk/europepmc/webservices/rest/PMC8317631/fullTextXML,fetched,cc by,1acaf6d2afdae80bda63b4cb5219a397ac4788bc7343703e0c243b5c01a15030,data\v2\staging\traits\direct_llm_pilot\20260807_europe_pmc_reproduction_scale\raw_xml\PMC8317631.xml.gz,2026-08-07T09:54:09.195622Z,1,
PMC8343232,10.3389/fpls.2021.710707,Wheat Blast: A Disease Spreading by Intercontinental Jumps and Its Management Strategies,https://europepmc.org/articles/PMC8343232,https://www.ebi.ac.uk/europepmc/webservices/rest/PMC8343232/fullTextXML,fetched,cc by,7c85a24db44b83abb141cb13eb62b0e0943eceff92a5864d285f72b147930947,data\v2\staging\traits\direct_llm_pilot\20260807_europe_pmc_reproduction_scale\raw_xml\PMC8343232.xml.gz,2026-08-07T09:54:09.578794Z,1,
PMC8362108,10.1111/jeb.13794,Niche divergence contributes to geographical parthenogenesis in two dandelion taxa,https://europepmc.org/articles/PMC8362108,https://www.ebi.ac.uk/europepmc/webservices/rest/PMC8362108/fullTextXML,fetched,cc by-nc-nd,6e5b1c3657a64b8eff5944dc8218d181a70b1c30692829b3e8985bab4195d88b,data\v2\staging\traits\direct_llm_pilot\20260807_europe_pmc_reproduction_scale\raw_xml\PMC8362108.xml.gz,2026-08-07T09:54:09.602105Z,1,
PMC8363108,10.1016/j.jsps.2021.07.003,Herbal drugs and natural bioactive products as potential therapeutics: A review on pro-cognitives and brain boosters perspectives,https://europepmc.org/articles/PMC8363108,https://www.ebi.ac.uk/europepmc/webservices/rest/PMC8363108/fullTextXML,fetched,cc by-nc-nd,07c9d96da0f97508cc4ca0d55a5423c32562f3a27d34f033a92bb2ac3c13e322,data\v2\staging\traits\direct_llm_pilot\20260807_europe_pmc_reproduction_scale\raw_xml\PMC8363108.xml.gz,2026-08-07T09:54:10.204618Z,1,
PMC8378333,10.7717/peerj.11953,Non-linear genetic diversity and notable population differentiation caused by low gene flow of bermudagrass [,https://europepmc.org/articles/PMC8378333,https://www.ebi.ac.uk/europepmc/webservices/rest/PMC8378333/fullTextXML,fetched,cc by,96598a667ab186b794d90ceba9cb3928c34bf06aae8cbfabaa31f650684bb5bb,data\v2\staging\traits\direct_llm_pilot\20260807_europe_pmc_reproduction_scale\raw_xml\PMC8378333.xml.gz,2026-08-07T09:54:10.222294Z,1,
PMC8381356,10.3389/fcimb.2021.695087,Fungal Pathogens in Grasslands,https://europepmc.org/articles/PMC8381356,https://www.ebi.ac.uk/europepmc/webservices/rest/PMC8381356/fullTextXML,fetched,cc by,4b42298b32990d166709603dce6d5d80661aeaae5caadcf145f49ea2b696957f,data\v2\staging\traits\direct_llm_pilot\20260807_europe_pmc_reproduction_scale\raw_xml\PMC8381356.xml.gz,2026-08-07T09:54:10.515362Z,1,
PMC8398726,10.3390/plants10081538,The Dynamics of Flower Development in,https://europepmc.org/articles/PMC8398726,https://www.ebi.ac.uk/europepmc/webservices/rest/PMC8398726/fullTextXML,fetched,cc by,ac40f8f956fab4322c4b5ac7241a2017ebed250d7ac51c006277ab9ed4322800,data\v2\staging\traits\direct_llm_pilot\20260807_europe_pmc_reproduction_scale\raw_xml\PMC8398726.xml.gz,2026-08-07T09:54:11.160607Z,1,
PMC8416669,10.3389/fpls.2021.681962,Why More Leaflets? The Role of Natural Selection in Shaping the Spatial Pattern of Leaf-Shape Variation in,https://europepmc.org/articles/PMC8416669,https://www.ebi.ac.uk/europepmc/webservices/rest/PMC8416669/fullTextXML,fetched,cc by,adf9b2ff99a818a3ffbee662e5ef09d6f666715c9db9e4c6ecb48956be904d7f,data\v2\staging\traits\direct_llm_pilot\20260807_europe_pmc_reproduction_scale\raw_xml\PMC8416669.xml.gz,2026-08-07T09:54:11.371121Z,1,
PMC8459517,10.1186/s12864-021-07971-x,Unveiling the transcriptomic complexity of,https://europepmc.org/articles/PMC8459517,https://www.ebi.ac.uk/europepmc/webservices/rest/PMC8459517/fullTextXML,fetched,cc by,acfe081e2e046a4b43121f18f90c0f88bc7010753af6d75a9b7d684f8b2edb9c,data\v2\staging\traits\direct_llm_pilot\20260807_europe_pmc_reproduction_scale\raw_xml\PMC8459517.xml.gz,2026-08-07T09:54:11.763396Z,1,
PMC8478953,10.1038/s41437-021-00454-5,Stresses affect inbreeding depression in complex ways: disentangling stress-specific genetic effects from effects of initial size in plants,https://europepmc.org/articles/PMC8478953,https://www.ebi.ac.uk/europepmc/webservices/rest/PMC8478953/fullTextXML,fetched,cc by,7dfd6eeec142c3b1067954008ffa947a66cb74f7fd375e63e4775d92e6e3be8c,data\v2\staging\traits\direct_llm_pilot\20260807_europe_pmc_reproduction_scale\raw_xml\PMC8478953.xml.gz,2026-08-07T09:54:12.227065Z,1,
PMC8496210,10.1093/g3journal/jkab249,Genomic prediction in family bulks using different traits and cross-validations in pine,https://europepmc.org/articles/PMC8496210,https://www.ebi.ac.uk/europepmc/webservices/rest/PMC8496210/fullTextXML,fetched,cc by-nc-nd,299b6310af241562f74bd0b94dd7aeba1ba427f049cca3c92f113a65ea10a1ff,data\v2\staging\traits\direct_llm_pilot\20260807_europe_pmc_reproduction_scale\raw_xml\PMC8496210.xml.gz,2026-08-07T09:54:12.232541Z,1,
PMC8497461,10.1038/s42003-021-02704-y,A chromosome-level genome sequence of,https://europepmc.org/articles/PMC8497461,https://www.ebi.ac.uk/europepmc/webservices/rest/PMC8497461/fullTextXML,fetched,cc by,957e5d4a432f424a6053b68713d51650ffe727c06cb796116b34db64803dd96e,data\v2\staging\traits\direct_llm_pilot\20260807_europe_pmc_reproduction_scale\raw_xml\PMC8497461.xml.gz,2026-08-07T09:54:12.511905Z,1,
PMC8520786,10.1098/rstb.2020.0371,By wind or wing: pollination syndromes and alternate bearing in horticultural systems,https://europepmc.org/articles/PMC8520786,https://www.ebi.ac.uk/europepmc/webservices/rest/PMC8520786/fullTextXML,fetched,cc by,fa83dae8e336e066bdc61b81ade7ed5f391b818eb92f582f20b40bc9aaeff31b,data\v2\staging\traits\direct_llm_pilot\20260807_europe_pmc_reproduction_scale\raw_xml\PMC8520786.xml.gz,2026-08-07T09:54:13.367776Z,1,
PMC8538322,10.3390/plants10102195,Characterization of the Insect Assemblage and Associated Floral Volatiles of Black Cherry (,https://europepmc.org/articles/PMC8538322,https://www.ebi.ac.uk/europepmc/webservices/rest/PMC8538322/fullTextXML,fetched,cc by,b96de59685748818b620276db4be34e4cc97409f20dad05795a26eb7a9667755,data\v2\staging\traits\direct_llm_pilot\20260807_europe_pmc_reproduction_scale\raw_xml\PMC8538322.xml.gz,2026-08-07T09:54:13.605102Z,2,
PMC8538420,10.3390/insects12100856,Pollination in the Rainforest: Scarce Visitors and Low Effective Pollinators Limit the Fruiting Success of Tropical Orchids,https://europepmc.org/articles/PMC8538420,https://www.ebi.ac.uk/europepmc/webservices/rest/PMC8538420/fullTextXML,fetched,cc by,bf0f59f74295bfe07987e464a487727fa106f3cf1398b73afe23d5a336300c54,data\v2\staging\traits\direct_llm_pilot\20260807_europe_pmc_reproduction_scale\raw_xml\PMC8538420.xml.gz,2026-08-07T09:54:13.726369Z,2,
PMC8569613,10.3389/fpls.2021.737919,A Semi-Automated SNP-Based Approach for Contaminant Identification in Biparental Polyploid Populations of Tropical Forage Grasses,https://europepmc.org/articles/PMC8569613,https://www.ebi.ac.uk/europepmc/webservices/rest/PMC8569613/fullTextXML,fetched,cc by,bedfdd9a2e0833fb6ab1a698c33a8b4002d9e9428d5d0004e03b1a6eb6b9f5cb,data\v2\staging\traits\direct_llm_pilot\20260807_europe_pmc_reproduction_scale\raw_xml\PMC8569613.xml.gz,2026-08-07T09:54:13.965899Z,1,
PMC8576035,10.1038/s41598-021-01020-z,Genetic diversity in North American,https://europepmc.org/articles/PMC8576035,https://www.ebi.ac.uk/europepmc/webservices/rest/PMC8576035/fullTextXML,fetched,cc by,145f517a93cdd15db5aa6b2668f11c86ccb2ef8737f4bdeaf0bf92253bdac6fb,data\v2\staging\traits\direct_llm_pilot\20260807_europe_pmc_reproduction_scale\raw_xml\PMC8576035.xml.gz,2026-08-07T09:54:14.155679Z,1,
PMC8594725,10.3390/epigenomes4040025,Quantitative Epigenetics: A New Avenue for Crop Improvement,https://europepmc.org/articles/PMC8594725,https://www.ebi.ac.uk/europepmc/webservices/rest/PMC8594725/fullTextXML,fetched,cc by,8a14f6e35d3790299177635ac62e6a959a61bd76bc98732b8cf65d30daccd97a,data\v2\staging\traits\direct_llm_pilot\20260807_europe_pmc_reproduction_scale\raw_xml\PMC8594725.xml.gz,2026-08-07T09:54:14.550870Z,1,
PMC8602796,10.3389/fpls.2021.768393,Genetic Transformation of Apomictic Grasses: Progress and Constraints,https://europepmc.org/articles/PMC8602796,https://www.ebi.ac.uk/europepmc/webservices/rest/PMC8602796/fullTextXML,fetched,cc by,3ceddc48506cca15c1c8ecea04f462f832080503077d66a2d5975379721aa096,data\v2\staging\traits\direct_llm_pilot\20260807_europe_pmc_reproduction_scale\raw_xml\PMC8602796.xml.gz,2026-08-07T09:54:14.579013Z,2,
PMC8604298,10.1371/journal.pone.0260097,Selection of a core collection of,https://europepmc.org/articles/PMC8604298,https://www.ebi.ac.uk/europepmc/webservices/rest/PMC8604298/fullTextXML,fetched,cc by,d6647f0cdebdbc34bf0d9d7b8dd148dee42ffc56ea9768f20e69c1f3256b468f,data\v2\staging\traits\direct_llm_pilot\20260807_europe_pmc_reproduction_scale\raw_xml\PMC8604298.xml.gz,2026-08-07T09:54:14.826882Z,1,
PMC8621252,10.3390/plants10112247,Transcriptome Analysis of,https://europepmc.org/articles/PMC8621252,https://www.ebi.ac.uk/europepmc/webservices/rest/PMC8621252/fullTextXML,fetched,cc by,3bb3d8aacb6d60b4230648269ee57585e7e460004c528c0afd7d88365da6df04,data\v2\staging\traits\direct_llm_pilot\20260807_europe_pmc_reproduction_scale\raw_xml\PMC8621252.xml.gz,2026-08-07T09:54:15.464555Z,1,
PMC8622783,10.3390/plants10112344,Medlar—A Comprehensive and Integrative Review,https://europepmc.org/articles/PMC8622783,https://www.ebi.ac.uk/europepmc/webservices/rest/PMC8622783/fullTextXML,fetched,cc by,bbb0df8d651ea2a20e9f214aee02dc19470cd71a5c1d83626fb90655f3250cda,data\v2\staging\traits\direct_llm_pilot\20260807_europe_pmc_reproduction_scale\raw_xml\PMC8622783.xml.gz,2026-08-07T09:54:15.840219Z,1,
PMC8632994,10.1038/s41467-021-27259-8,VviPLATZ1 is a major factor that controls female flower morphology determination in grapevine,https://europepmc.org/articles/PMC8632994,https://www.ebi.ac.uk/europepmc/webservices/rest/PMC8632994/fullTextXML,fetched,cc by,730edd615faea0c01ae9023242c38fcb30a6e9ae580d0ed1cd3b00a8a2a3b9e1,data\v2\staging\traits\direct_llm_pilot\20260807_europe_pmc_reproduction_scale\raw_xml\PMC8632994.xml.gz,2026-08-07T09:54:16.061451Z,1,
PMC8668734,10.1002/ece3.8389,Life in the desert: The impact of geographic and environmental gradients on genetic diversity and population structure of,https://europepmc.org/articles/PMC8668734,https://www.ebi.ac.uk/europepmc/webservices/rest/PMC8668734/fullTextXML,fetched,cc by,15179629bd54cc1e5824bea40d93cefcb9342653b5398568e03c49231d721c49,data\v2\staging\traits\direct_llm_pilot\20260807_europe_pmc_reproduction_scale\raw_xml\PMC8668734.xml.gz,2026-08-07T09:54:16.360746Z,1,
PMC8685505,10.3389/fgene.2021.780793,"<i>S-RNase</i> Alleles Associated With Self-Compatibility in the Tomato Clade: Structure, Origins, and Expression Plasticity.",https://europepmc.org/articles/PMC8685505,https://www.ebi.ac.uk/europepmc/webservices/rest/PMC8685505/fullTextXML,fetched,cc by,10ad6db226d050f42f525be0b2333c718f198c9433cee714a892ce0478d8eef2,data\v2\staging\traits\direct_llm_pilot\20260807_europe_pmc_reproduction_scale\raw_xml\PMC8685505.xml.gz,2026-08-07T09:54:16.667346Z,1,
PMC8701279,10.3390/genes12121907,"Diversity, Dispersal and Mode of Reproduction of",https://europepmc.org/articles/PMC8701279,https://www.ebi.ac.uk/europepmc/webservices/rest/PMC8701279/fullTextXML,fetched,cc by,40c5a4845ce930e004d9d4a62b756cefe170c669b184aee0dd6182f978db7210,data\v2\staging\traits\direct_llm_pilot\20260807_europe_pmc_reproduction_scale\raw_xml\PMC8701279.xml.gz,2026-08-07T09:54:17.219813Z,1,
PMC8704917,10.3390/insects12121096,Oilseed Rape Shares Abundant and Generalized Pollinators with Its Co-Flowering Plant Species,https://europepmc.org/articles/PMC8704917,https://www.ebi.ac.uk/europepmc/webservices/rest/PMC8704917/fullTextXML,fetched,cc by,08721e0dc207c630722fd91bad9b6bca906e99e504f31ded133a0396261c6cf0,data\v2\staging\traits\direct_llm_pilot\20260807_europe_pmc_reproduction_scale\raw_xml\PMC8704917.xml.gz,2026-08-07T09:54:17.319224Z,1,
PMC8708406,10.3390/plants10122798,"Genome Size, Cytotype Diversity and Reproductive Mode Variation of",https://europepmc.org/articles/PMC8708406,https://www.ebi.ac.uk/europepmc/webservices/rest/PMC8708406/fullTextXML,fetched,cc by,a46920396b946c07ed59e713773a23b85720a348a22720f8c9475e95b5bd9bdd,data\v2\staging\traits\direct_llm_pilot\20260807_europe_pmc_reproduction_scale\raw_xml\PMC8708406.xml.gz,2026-08-07T09:54:17.364012Z,1,
PMC8710810,10.3389/fpls.2021.770461,An Overview of the Genetics and Genomics of the,https://europepmc.org/articles/PMC8710810,https://www.ebi.ac.uk/europepmc/webservices/rest/PMC8710810/fullTextXML,fetched,cc by,84d5f327b30203363031cee46ac5b74e482f89f5bbab06a1544d1f24e52986f2,data\v2\staging\traits\direct_llm_pilot\20260807_europe_pmc_reproduction_scale\raw_xml\PMC8710810.xml.gz,2026-08-07T09:54:18.042347Z,1,
PMC8715082,10.3389/fpls.2021.799904,The Complete Chloroplast Genome Sequences of Eight,https://europepmc.org/articles/PMC8715082,https://www.ebi.ac.uk/europepmc/webservices/rest/PMC8715082/fullTextXML,fetched,cc by,7ab006114f0d58bd7549489b7c590b9ce9ec257be85304f9ce192c5ec0f68b8c,data\v2\staging\traits\direct_llm_pilot\20260807_europe_pmc_reproduction_scale\raw_xml\PMC8715082.xml.gz,2026-08-07T09:54:18.410958Z,1,
PMC8764391,10.3389/fmicb.2021.795354,<i>Epichloë</i> Fungal Endophytes Influence Seed-Associated Bacterial Communities.,https://europepmc.org/articles/PMC8764391,https://www.ebi.ac.uk/europepmc/webservices/rest/PMC8764391/fullTextXML,fetched,cc by,055f817bf32d3e9dfb9a9a990a2110cd005302769f4ce82ebde6a610990650fb,data\v2\staging\traits\direct_llm_pilot\20260807_europe_pmc_reproduction_scale\raw_xml\PMC8764391.xml.gz,2026-08-07T09:54:18.782035Z,1,
PMC8796670,10.1093/aob/mcab128,Rapid evolution of post-zygotic reproductive isolation is widespread in Arctic plant lineages,https://europepmc.org/articles/PMC8796670,https://www.ebi.ac.uk/europepmc/webservices/rest/PMC8796670/fullTextXML,fetched,cc by,6bd97ece033266fef734dddc20f438893c642630337ac2f8a2336820de838988,data\v2\staging\traits\direct_llm_pilot\20260807_europe_pmc_reproduction_scale\raw_xml\PMC8796670.xml.gz,2026-08-07T09:54:19.358600Z,1,
PMC8840183,10.3390/plants11030285,"Pollen Production of Selected Grass Species in Russia and India at the Levels of Anther, Flower and Inflorescence",https://europepmc.org/articles/PMC8840183,https://www.ebi.ac.uk/europepmc/webservices/rest/PMC8840183/fullTextXML,fetched,cc by,2dcfc2112cad14b62b37319d2d0f72d97fc26a26afbbbf17704c6af521126944,data\v2\staging\traits\direct_llm_pilot\20260807_europe_pmc_reproduction_scale\raw_xml\PMC8840183.xml.gz,2026-08-07T09:54:19.406812Z,1,
PMC8848470,10.1002/ece3.8563,Drought exposure leads to rapid acquisition and inheritance of herbicide resistance in the weed,https://europepmc.org/articles/PMC8848470,https://www.ebi.ac.uk/europepmc/webservices/rest/PMC8848470/fullTextXML,fetched,cc by,a7bb882769c01d6c4769d3617bc453a9c6383e2a49ff382d9dad97b6ae22b459,data\v2\staging\traits\direct_llm_pilot\20260807_europe_pmc_reproduction_scale\raw_xml\PMC8848470.xml.gz,2026-08-07T09:54:19.681482Z,1,
PMC8853967,10.1002/ece3.8621,Influence of plant reproductive systems on the evolution of hummingbird pollination,https://europepmc.org/articles/PMC8853967,https://www.ebi.ac.uk/europepmc/webservices/rest/PMC8853967/fullTextXML,fetched,cc by,22b0a931a8f1132f857c0ca7c92c1594ed5a2e16bac249239fa6c2043a0c2656,data\v2\staging\traits\direct_llm_pilot\20260807_europe_pmc_reproduction_scale\raw_xml\PMC8853967.xml.gz,2026-08-07T09:54:19.864479Z,1,
PMC8859637,10.1093/molbev/msac035,Comparative Genomics Elucidates the Origin of a Supergene Controlling Floral Heteromorphism,https://europepmc.org/articles/PMC8859637,https://www.ebi.ac.uk/europepmc/webservices/rest/PMC8859637/fullTextXML,fetched,cc by-nc,30c6f685ae8503ccd9eeb04a56d9cef6bd1e78439cf8016ae507e4d5b41170f9,data\v2\staging\traits\direct_llm_pilot\20260807_europe_pmc_reproduction_scale\raw_xml\PMC8859637.xml.gz,2026-08-07T09:54:19.940801Z,1,
PMC8861204,10.3389/fpls.2021.781565,Genetic Transformation of Recalcitrant Upland Switchgrass Using Morphogenic Genes,https://europepmc.org/articles/PMC8861204,https://www.ebi.ac.uk/europepmc/webservices/rest/PMC8861204/fullTextXML,fetched,cc by,6e77def217d42778283343f0f9676ac012fd43075e2cb518889fd7b02159b45f,data\v2\staging\traits\direct_llm_pilot\20260807_europe_pmc_reproduction_scale\raw_xml\PMC8861204.xml.gz,2026-08-07T09:54:20.583512Z,1,
PMC8901128,10.1371/journal.pone.0264966,"Contrasting a reference cranberry genome to a crop wild relative provides insights into adaptation, domestication, and breeding",https://europepmc.org/articles/PMC8901128,https://www.ebi.ac.uk/europepmc/webservices/rest/PMC8901128/fullTextXML,fetched,cc0,38f442a152c8358de63b800eefeef4a816db0d97e16b1bac21769556b9acd466,data\v2\staging\traits\direct_llm_pilot\20260807_europe_pmc_reproduction_scale\raw_xml\PMC8901128.xml.gz,2026-08-07T09:54:20.963410Z,1,
PMC8920513,10.1093/gbe/evac017,Chromosome-Scale Genome Assembly of,https://europepmc.org/articles/PMC8920513,https://www.ebi.ac.uk/europepmc/webservices/rest/PMC8920513/fullTextXML,fetched,cc by-nc,5d861f7f9de1e8b4ecead1db78eeec2dfbadbe4e9b6b634662e8e93f95334a09,data\v2\staging\traits\direct_llm_pilot\20260807_europe_pmc_reproduction_scale\raw_xml\PMC8920513.xml.gz,2026-08-07T09:54:21.246618Z,1,
PMC8935306,10.1098/rstb.2021.0224,"Recurrent allopolyploidization, Y-chromosome introgression and the evolution of sexual systems in the plant genus",https://europepmc.org/articles/PMC8935306,https://www.ebi.ac.uk/europepmc/webservices/rest/PMC8935306/fullTextXML,fetched,cc by,4839723fd556cef6433461665d9e117a929459e9b2bd7b336a5fc17b488ec4b1,data\v2\staging\traits\direct_llm_pilot\20260807_europe_pmc_reproduction_scale\raw_xml\PMC8935306.xml.gz,2026-08-07T09:54:21.586970Z,1,
PMC8950786,10.3390/plants11060825,Do Genetic Drift and Gene Flow Affect the Geographic Distribution of Female Plants in Gynodioecious,https://europepmc.org/articles/PMC8950786,https://www.ebi.ac.uk/europepmc/webservices/rest/PMC8950786/fullTextXML,fetched,cc by,38d574255e8f034b2dc2cd23a1fafdca11317782ce2294205f11002e9f8835d2,data\v2\staging\traits\direct_llm_pilot\20260807_europe_pmc_reproduction_scale\raw_xml\PMC8950786.xml.gz,2026-08-07T09:54:21.778894Z,1,
PMC9024485,10.3390/insects13040386,Seed Dispersal by Ants in Three Early-Flowering Plants,https://europepmc.org/articles/PMC9024485,https://www.ebi.ac.uk/europepmc/webservices/rest/PMC9024485/fullTextXML,fetched,cc by,f33b484da409baa074cde05d6dfaba4dad3650544d2afcc6b78fdfbefafbb4e1,data\v2\staging\traits\direct_llm_pilot\20260807_europe_pmc_reproduction_scale\raw_xml\PMC9024485.xml.gz,2026-08-07T09:54:21.887914Z,1,
PMC9055826,10.1111/pbi.13784,Genetic control of compatibility in crosses between wheat and its wild or cultivated relatives,https://europepmc.org/articles/PMC9055826,https://www.ebi.ac.uk/europepmc/webservices/rest/PMC9055826/fullTextXML,fetched,cc by-nc-nd,a1d5b63a095e1cffd33c25cbdac45d7e86014eb7235c570ac89d31e4c8b8a175,data\v2\staging\traits\direct_llm_pilot\20260807_europe_pmc_reproduction_scale\raw_xml\PMC9055826.xml.gz,2026-08-07T09:54:21.964459Z,1,
PMC9059460,10.1007/s42965-022-00239-9,A mini-review on the impact of common gorse in its introduced ranges,https://europepmc.org/articles/PMC9059460,https://www.ebi.ac.uk/europepmc/webservices/rest/PMC9059460/fullTextXML,fetched,cc by,96bc4ca98c02d30a16d950ac560426a8dcfcb6d42732a605307313ab6742a27a,data\v2\staging\traits\direct_llm_pilot\20260807_europe_pmc_reproduction_scale\raw_xml\PMC9059460.xml.gz,2026-08-07T09:54:22.437578Z,1,
PMC9096613,10.3389/fpls.2022.871130,"Influence of Pollen Dispersal and Mating Pattern in Domestication of Intermediate Wheatgrass, a Novel Perennial Food Crop",https://europepmc.org/articles/PMC9096613,https://www.ebi.ac.uk/europepmc/webservices/rest/PMC9096613/fullTextXML,fetched,cc by,3247ec804d66645a517f6f68182c1c61f7cd9fa547444972c252ceb6e893c63c,data\v2\staging\traits\direct_llm_pilot\20260807_europe_pmc_reproduction_scale\raw_xml\PMC9096613.xml.gz,2026-08-07T09:54:22.688152Z,2,
PMC9096882,10.2903/j.efsa.2022.7298,Commodity risk assessment of,https://europepmc.org/articles/PMC9096882,https://www.ebi.ac.uk/europepmc/webservices/rest/PMC9096882/fullTextXML,fetched,cc by-nd,066e7d5b51494979446606abfb1e993670df4c3ec485f0959af91c9f698c423a,data\v2\staging\traits\direct_llm_pilot\20260807_europe_pmc_reproduction_scale\raw_xml\PMC9096882.xml.gz,2026-08-07T09:54:23.311532Z,1,
PMC9105555,10.3390/cells11091529,"Plant Transglutaminases: New Insights in Biochemistry, Genetics, and Physiology",https://europepmc.org/articles/PMC9105555,https://www.ebi.ac.uk/europepmc/webservices/rest/PMC9105555/fullTextXML,fetched,cc by,bf425b018dfcf141c3e3afd42704b1bacb11a07a43497e43a2d4e71df175d1ad,data\v2\staging\traits\direct_llm_pilot\20260807_europe_pmc_reproduction_scale\raw_xml\PMC9105555.xml.gz,2026-08-07T09:54:23.566737Z,1,
PMC9122849,10.1007/s10980-022-01448-2,Effects of temporal floral resource availability and non-crop habitats on broad bean pollination,https://europepmc.org/articles/PMC9122849,https://www.ebi.ac.uk/europepmc/webservices/rest/PMC9122849/fullTextXML,fetched,cc by,0517d5db3be8f1be135191272f25f2ebfb69a7dac98ea6d5a5119d13e5efd52d,data\v2\staging\traits\direct_llm_pilot\20260807_europe_pmc_reproduction_scale\raw_xml\PMC9122849.xml.gz,2026-08-07T09:54:23.632208Z,2,
PMC9126989,10.1002/ece3.8910,Climate influence on plant–pollinator interactions in the keystone species,https://europepmc.org/articles/PMC9126989,https://www.ebi.ac.uk/europepmc/webservices/rest/PMC9126989/fullTextXML,fetched,cc by,8eaf49c5da5a3c4c206cdaf3b52e31ec8262bd193cad638970fb3449e0a6bef8,data\v2\staging\traits\direct_llm_pilot\20260807_europe_pmc_reproduction_scale\raw_xml\PMC9126989.xml.gz,2026-08-07T09:54:23.962853Z,1,
PMC9150325,10.1186/s13007-022-00903-0,Foxtail mosaic virus-induced gene silencing (VIGS) in switchgrass (,https://europepmc.org/articles/PMC9150325,https://www.ebi.ac.uk/europepmc/webservices/rest/PMC9150325/fullTextXML,fetched,cc by,9441853bb2ea1a2f6132792973f44160f1c9ce89e30206bbc4c2ecc62bd7f7f0,data\v2\staging\traits\direct_llm_pilot\20260807_europe_pmc_reproduction_scale\raw_xml\PMC9150325.xml.gz,2026-08-07T09:54:23.969040Z,1,
PMC9157773,10.47371/mycosci.2020.11.007,Successes and challenges in the sustainable cultivation of edible mycorrhizal fungi – furthering the dream,https://europepmc.org/articles/PMC9157773,https://www.ebi.ac.uk/europepmc/webservices/rest/PMC9157773/fullTextXML,fetched,cc by-nc-nd,87d7f9b6363317610d5ca031fa2b20f235337b9a8a00ca97493cfdd8d30c15b0,data\v2\staging\traits\direct_llm_pilot\20260807_europe_pmc_reproduction_scale\raw_xml\PMC9157773.xml.gz,2026-08-07T09:54:24.549311Z,1,
PMC9162799,10.3389/fpls.2022.739133,Genotyping-by-Sequencing and QTL Mapping of Biomass Yield in Two Switchgrass F,https://europepmc.org/articles/PMC9162799,https://www.ebi.ac.uk/europepmc/webservices/rest/PMC9162799/fullTextXML,fetched,cc by,26dea2f0ee5a68927e57e042b95d3c8bb03d1e88c3d98f76aadb8d8b5c74c79f,data\v2\staging\traits\direct_llm_pilot\20260807_europe_pmc_reproduction_scale\raw_xml\PMC9162799.xml.gz,2026-08-07T09:54:24.870847Z,1,
PMC9164504,10.1186/s12870-022-03659-w,Ancillary polymorphic floral traits between two morphs adaptive to hawkmoth pollination in distylous plant,https://europepmc.org/articles/PMC9164504,https://www.ebi.ac.uk/europepmc/webservices/rest/PMC9164504/fullTextXML,fetched,cc by,a75186a4fb8003d340aa70c5b40e6459f96c5a3125986ba4b7d01b1611733f8b,data\v2\staging\traits\direct_llm_pilot\20260807_europe_pmc_reproduction_scale\raw_xml\PMC9164504.xml.gz,2026-08-07T09:54:24.951083Z,1,
PMC9223766,10.3389/fpls.2022.899079,Phylogenetic Analysis of,https://europepmc.org/articles/PMC9223766,https://www.ebi.ac.uk/europepmc/webservices/rest/PMC9223766/fullTextXML,fetched,cc by,33aed657bd639bdadc66d5c09c3e40cbfdb86e1706ca12570e04f069ab1ef252,data\v2\staging\traits\direct_llm_pilot\20260807_europe_pmc_reproduction_scale\raw_xml\PMC9223766.xml.gz,2026-08-07T09:54:25.826693Z,1,
PMC9224976,10.3390/life12060860,Insights into the Response of Perennial Ryegrass to Abiotic Stress: Underlying Survival Strategies and Adaptation Mechanisms,https://europepmc.org/articles/PMC9224976,https://www.ebi.ac.uk/europepmc/webservices/rest/PMC9224976/fullTextXML,fetched,cc by,60c22569d5bd77ef39a5be99dea618b5b722032ccc55c3f5333056ea37dffc08,data\v2\staging\traits\direct_llm_pilot\20260807_europe_pmc_reproduction_scale\raw_xml\PMC9224976.xml.gz,2026-08-07T09:54:25.870677Z,1,
PMC9235178,10.1186/s43008-022-00097-z,"Phytophthora: an ancient, historic, biologically and structurally cohesive and evolutionarily successful generic concept in need of preservation.",https://europepmc.org/articles/PMC9235178,https://www.ebi.ac.uk/europepmc/webservices/rest/PMC9235178/fullTextXML,fetched,cc by,f9818251f1bea4e1c8d20dad774aaca654a30ddd9cf3bb8630d4483ef16e015d,data\v2\staging\traits\direct_llm_pilot\20260807_europe_pmc_reproduction_scale\raw_xml\PMC9235178.xml.gz,2026-08-07T09:54:26.192162Z,1,
PMC9250077,10.1093/gbe/evac093,The Origin and Evolution of RNase T2 Family and Gametophytic Self-incompatibility System in Plants,https://europepmc.org/articles/PMC9250077,https://www.ebi.ac.uk/europepmc/webservices/rest/PMC9250077/fullTextXML,fetched,cc by,9f0a44fee2b4bd92f19eae64043550534a291cd909a18642e061c0e89001176c,data\v2\staging\traits\direct_llm_pilot\20260807_europe_pmc_reproduction_scale\raw_xml\PMC9250077.xml.gz,2026-08-07T09:54:26.204714Z,1,
PMC9287324,10.1038/s41598-022-16224-0,Extensive hybridization in,https://europepmc.org/articles/PMC9287324,https://www.ebi.ac.uk/europepmc/webservices/rest/PMC9287324/fullTextXML,fetched,cc by,f6539bea6a0c43ae98cd792e17fbfe0a64a075ac43c7add0230fc9fc51387b8f,data\v2\staging\traits\direct_llm_pilot\20260807_europe_pmc_reproduction_scale\raw_xml\PMC9287324.xml.gz,2026-08-07T09:54:27.455730Z,1,
PMC9290700,10.1111/mec.16020,"Whole‐genome sequencing and genome regions of special interest: Lessons from major histocompatibility complex, sex determination, and plant self‐incompatibility",https://europepmc.org/articles/PMC9290700,https://www.ebi.ac.uk/europepmc/webservices/rest/PMC9290700/fullTextXML,fetched,cc by-nc,696485bbe226a33570e34c8b3e14a544406091d1a6359c14da06ebb98f6708d8,data\v2\staging\traits\direct_llm_pilot\20260807_europe_pmc_reproduction_scale\raw_xml\PMC9290700.xml.gz,2026-08-07T09:54:27.493973Z,1,
PMC9291961,10.1111/1749-4877.12583,Matrilinear hierarchy in the American black bear (,https://europepmc.org/articles/PMC9291961,https://www.ebi.ac.uk/europepmc/webservices/rest/PMC9291961/fullTextXML,fetched,cc by-nc-nd,8fbac0c1bfcc8204c90f5919499a76e48bc33be5c4ed37001e8d028ec7b182be,data\v2\staging\traits\direct_llm_pilot\20260807_europe_pmc_reproduction_scale\raw_xml\PMC9291961.xml.gz,2026-08-07T09:54:27.811118Z,1,
PMC9292114,10.1371/journal.pgen.1010226,Dioecy and chromosomal sex determination are maintained through allopolyploid speciation in the plant genus,https://europepmc.org/articles/PMC9292114,https://www.ebi.ac.uk/europepmc/webservices/rest/PMC9292114/fullTextXML,fetched,cc by,e848e1d8fe0ea2dd3e7928276be60542b8be613c2d90ace4bc371ac9da349b0e,data\v2\staging\traits\direct_llm_pilot\20260807_europe_pmc_reproduction_scale\raw_xml\PMC9292114.xml.gz,2026-08-07T09:54:28.603858Z,1,
PMC9305562,10.1111/1755-0998.13577,A multispecies amplicon sequencing approach for genetic diversity assessments in grassland plant species,https://europepmc.org/articles/PMC9305562,https://www.ebi.ac.uk/europepmc/webservices/rest/PMC9305562/fullTextXML,fetched,cc by-nc,ea8f929c48ffbe4af1600ca7dae60cc8d54dd0376dfd847c9a981f2785045ca8,data\v2\staging\traits\direct_llm_pilot\20260807_europe_pmc_reproduction_scale\raw_xml\PMC9305562.xml.gz,2026-08-07T09:54:28.926580Z,1,
PMC9305701,10.3389/fpls.2022.947129,Research Advances and Prospects of Orphan Genes in Plants,https://europepmc.org/articles/PMC9305701,https://www.ebi.ac.uk/europepmc/webservices/rest/PMC9305701/fullTextXML,fetched,cc by,b963db0d69d64db870927a22a4f9c7a35a1348ea51efacc61bf5efae56dd3b0a,data\v2\staging\traits\direct_llm_pilot\20260807_europe_pmc_reproduction_scale\raw_xml\PMC9305701.xml.gz,2026-08-07T09:54:29.211664Z,1,
PMC9371367,10.1007/s11627-022-10281-w,"2022 In Vitro Biology Meeting, June 4 – 7, San Diego, California",https://europepmc.org/articles/PMC9371367,https://www.ebi.ac.uk/europepmc/webservices/rest/PMC9371367/fullTextXML,fetched,,bfa13d61fbbcb682c4698927290b45bc5bc2011e821a40eaba82fe407d9e7303,data\v2\staging\traits\direct_llm_pilot\20260807_europe_pmc_reproduction_scale\raw_xml\PMC9371367.xml.gz,2026-08-07T09:54:29.827260Z,1,
PMC9372509,10.3389/fpls.2022.898769,Perennials as Future Grain Crops: Opportunities and Challenges,https://europepmc.org/articles/PMC9372509,https://www.ebi.ac.uk/europepmc/webservices/rest/PMC9372509/fullTextXML,fetched,cc by,149ffd737a059d19d6a89591951967f63e7042098e168137d024f1c3c0499a30,data\v2\staging\traits\direct_llm_pilot\20260807_europe_pmc_reproduction_scale\raw_xml\PMC9372509.xml.gz,2026-08-07T09:54:30.532817Z,1,
PMC9441798,10.3389/fgeed.2022.937853,Natural and artificial sources of genetic variation used in crop breeding: A baseline comparator for genome editing,https://europepmc.org/articles/PMC9441798,https://www.ebi.ac.uk/europepmc/webservices/rest/PMC9441798/fullTextXML,fetched,cc by,77c0115d3d9ef3d56306163d688964d694d26d2a3c30632a432e6ced335a861c,data\v2\staging\traits\direct_llm_pilot\20260807_europe_pmc_reproduction_scale\raw_xml\PMC9441798.xml.gz,2026-08-07T09:54:30.626245Z,1,
PMC9460890,10.3390/plants11172224,A Revised Phylogenetic Classification for,https://europepmc.org/articles/PMC9460890,https://www.ebi.ac.uk/europepmc/webservices/rest/PMC9460890/fullTextXML,fetched,cc by,fdc23d78e777cc354f55928cd19c9d047b4a1538cf4387a7c6407d64a95f4dfd,data\v2\staging\traits\direct_llm_pilot\20260807_europe_pmc_reproduction_scale\raw_xml\PMC9460890.xml.gz,2026-08-07T09:54:30.999570Z,2,
PMC9470529,10.1002/pld3.447,SNP discovery in proso millet (,https://europepmc.org/articles/PMC9470529,https://www.ebi.ac.uk/europepmc/webservices/rest/PMC9470529/fullTextXML,fetched,cc by,daf1b94a06dbc4ebcec721b1fdebee6b250534c2b13989b1d04dd3c661335734,data\v2\staging\traits\direct_llm_pilot\20260807_europe_pmc_reproduction_scale\raw_xml\PMC9470529.xml.gz,2026-08-07T09:54:31.408052Z,1,
PMC9477484,10.1080/13880209.2022.2085753,"A comprehensive review of the ethnomedicine, phytochemistry, pharmacological activities of the genus",https://europepmc.org/articles/PMC9477484,https://www.ebi.ac.uk/europepmc/webservices/rest/PMC9477484/fullTextXML,fetched,cc by,67cbac7dedad423bc7fc9016cd71826694411047f3782bb8ef112c30252ca750,data\v2\staging\traits\direct_llm_pilot\20260807_europe_pmc_reproduction_scale\raw_xml\PMC9477484.xml.gz,2026-08-07T09:54:31.815532Z,2,
PMC9498545,10.3390/genes13091506,"Reproductive Strategies and Population Genetic Structure in Two Dryland River Floodplain Plants,",https://europepmc.org/articles/PMC9498545,https://www.ebi.ac.uk/europepmc/webservices/rest/PMC9498545/fullTextXML,fetched,cc by,2a6ebdaea23a3be57d8c522a6b102ca0c5ba0b68cbc97aa65dec5bfd15e6caf4,data\v2\staging\traits\direct_llm_pilot\20260807_europe_pmc_reproduction_scale\raw_xml\PMC9498545.xml.gz,2026-08-07T09:54:32.110809Z,1,
PMC9506550,10.3390/molecules27185956,Targeted and Untargeted Metabolomic Analyses Reveal Organ Specificity of Specialized Metabolites in the Model Grass,https://europepmc.org/articles/PMC9506550,https://www.ebi.ac.uk/europepmc/webservices/rest/PMC9506550/fullTextXML,fetched,cc by,b9a9a8cf6db81c04aca33e57ad2eec913de6a1b9af529de944d743ec39bf056b,data\v2\staging\traits\direct_llm_pilot\20260807_europe_pmc_reproduction_scale\raw_xml\PMC9506550.xml.gz,2026-08-07T09:54:32.215675Z,1,
PMC9516744,10.1093/plphys/kiac276,Core circadian clock and light signaling genes brought into genetic linkage across the green lineage,https://europepmc.org/articles/PMC9516744,https://www.ebi.ac.uk/europepmc/webservices/rest/PMC9516744/fullTextXML,fetched,cc by,fdeeabc9cdedb7202020e6f333c1571c6e66c95ae72ee5f283660d919a40ff4b,data\v2\staging\traits\direct_llm_pilot\20260807_europe_pmc_reproduction_scale\raw_xml\PMC9516744.xml.gz,2026-08-07T09:54:32.859502Z,1,
PMC9539832,10.3389/fpls.2022.1018029,In-depth analysis of genomes and functional genomics of orchid using cutting-edge high-throughput sequencing,https://europepmc.org/articles/PMC9539832,https://www.ebi.ac.uk/europepmc/webservices/rest/PMC9539832/fullTextXML,fetched,cc by,37deb6b02bc48356c20aca1f0ebf2448deb1128d8262e37faaff94bb2adf3c98,data\v2\staging\traits\direct_llm_pilot\20260807_europe_pmc_reproduction_scale\raw_xml\PMC9539832.xml.gz,2026-08-07T09:54:33.265023Z,2,
PMC9545086,10.1002/ajb2.16036,Why honeybees are poor pollinators of a mass‐flowering plant: Experimental support for the low pollen quality hypothesis,https://europepmc.org/articles/PMC9545086,https://www.ebi.ac.uk/europepmc/webservices/rest/PMC9545086/fullTextXML,fetched,cc by-nc,1bfaa29dd724f249242989609d2540053dc7d6a87ce83155d9f6ab4f46eccfa0,data\v2\staging\traits\direct_llm_pilot\20260807_europe_pmc_reproduction_scale\raw_xml\PMC9545086.xml.gz,2026-08-07T09:54:33.267439Z,1,
PMC9572608,10.3390/plants11192535,Phenology and Floral Biology of,https://europepmc.org/articles/PMC9572608,https://www.ebi.ac.uk/europepmc/webservices/rest/PMC9572608/fullTextXML,fetched,cc by,394cb1283052aab1d7fadd5f427e184aab8695d8fbabe560b2a584ab24b0cd52,data\v2\staging\traits\direct_llm_pilot\20260807_europe_pmc_reproduction_scale\raw_xml\PMC9572608.xml.gz,2026-08-07T09:54:33.476650Z,1,
PMC9572697,10.3390/plants11192596,Effects of Forest Management on the Insect Assemblage of Black Cherry (,https://europepmc.org/articles/PMC9572697,https://www.ebi.ac.uk/europepmc/webservices/rest/PMC9572697/fullTextXML,fetched,cc by,d101a6893edc6140c1d0393cc5c0a878650c6ae07f2902962644e4763f73c27c,data\v2\staging\traits\direct_llm_pilot\20260807_europe_pmc_reproduction_scale\raw_xml\PMC9572697.xml.gz,2026-08-07T09:54:34.629779Z,1,
PMC9604372,10.3390/ijms232012315,Genome-Wide SNP Markers Accelerate Perennial Forest Tree Breeding Rate for Disease Resistance through Marker-Assisted and Genome-Wide Selection,https://europepmc.org/articles/PMC9604372,https://www.ebi.ac.uk/europepmc/webservices/rest/PMC9604372/fullTextXML,fetched,cc by,93cbb2c0341dc6539ca7fe6ec41d750bc25c841f46fb8503b742b2653dab60b2,data\v2\staging\traits\direct_llm_pilot\20260807_europe_pmc_reproduction_scale\raw_xml\PMC9604372.xml.gz,2026-08-07T09:54:35.407509Z,1,
PMC9616527,10.1111/pbi.13897,Host genetic determinants drive compartment‐specific assembly of tea plant microbiomes,https://europepmc.org/articles/PMC9616527,https://www.ebi.ac.uk/europepmc/webservices/rest/PMC9616527/fullTextXML,fetched,cc by-nc,3c888822ff462d53dcb8c3fa0f3a5e4aac63bf59917ad597fb124397e6dca01b,data\v2\staging\traits\direct_llm_pilot\20260807_europe_pmc_reproduction_scale\raw_xml\PMC9616527.xml.gz,2026-08-07T09:54:35.690458Z,1,
PMC9623065,10.3389/fpls.2022.1011299,Identification of the genes at,https://europepmc.org/articles/PMC9623065,https://www.ebi.ac.uk/europepmc/webservices/rest/PMC9623065/fullTextXML,fetched,cc by,41c9b9fc896290a7a28e969a9542c39482ea2da91651aeb23eab7588114434a6,data\v2\staging\traits\direct_llm_pilot\20260807_europe_pmc_reproduction_scale\raw_xml\PMC9623065.xml.gz,2026-08-07T09:54:36.361330Z,1,
PMC9670755,10.1093/aob/mcac115,Diverged subpopulations in tropical,https://europepmc.org/articles/PMC9670755,https://www.ebi.ac.uk/europepmc/webservices/rest/PMC9670755/fullTextXML,fetched,cc by,de971569b38c60961c48452883c95b7ebaceffe648f71a63a8af4250634af56d,data\v2\staging\traits\direct_llm_pilot\20260807_europe_pmc_reproduction_scale\raw_xml\PMC9670755.xml.gz,2026-08-07T09:54:36.596625Z,1,
PMC9674452,10.1002/ece3.9462,Molecular and quantitative genetic variation within and between populations of the declining grassland species,https://europepmc.org/articles/PMC9674452,https://www.ebi.ac.uk/europepmc/webservices/rest/PMC9674452/fullTextXML,fetched,cc by,32387d266df46af83c6fef7478f4f06a3262b753d6b3ea548cfdef6d42ee224e,data\v2\staging\traits\direct_llm_pilot\20260807_europe_pmc_reproduction_scale\raw_xml\PMC9674452.xml.gz,2026-08-07T09:54:36.616136Z,1,
PMC9683110,10.1093/aobpla/plac052,Temporal stability of spatial cytotype structure in mixed-ploidy populations of,https://europepmc.org/articles/PMC9683110,https://www.ebi.ac.uk/europepmc/webservices/rest/PMC9683110/fullTextXML,fetched,cc by,cdef110ae3214cc60cb39a32700a59e9705efb7fae9e6e33ad46309b14ee0585,data\v2\staging\traits\direct_llm_pilot\20260807_europe_pmc_reproduction_scale\raw_xml\PMC9683110.xml.gz,2026-08-07T09:54:37.161279Z,1,
PMC9712635,10.1101/gr.276358.121,The western redcedar genome reveals low genetic diversity in a self-compatible conifer,https://europepmc.org/articles/PMC9712635,https://www.ebi.ac.uk/europepmc/webservices/rest/PMC9712635/fullTextXML,fetched,cc by,07c4fcaded385fdb0bd5e58c45d5d7ee9aa47c1ce3defee1a38551b9f51f1a73,data\v2\staging\traits\direct_llm_pilot\20260807_europe_pmc_reproduction_scale\raw_xml\PMC9712635.xml.gz,2026-08-07T09:54:37.410312Z,1,
PMC9747981,10.1038/s41467-022-35507-8,Genome of,https://europepmc.org/articles/PMC9747981,https://www.ebi.ac.uk/europepmc/webservices/rest/PMC9747981/fullTextXML,fetched,cc by,3f4f9b6eb703c41b9ee0833c7493add650aa365d250f9d6fc5a54fa49082cec7,data\v2\staging\traits\direct_llm_pilot\20260807_europe_pmc_reproduction_scale\raw_xml\PMC9747981.xml.gz,2026-08-07T09:54:38.258598Z,3,
PMC9781194,10.3390/jof8121270,Does the Degree of Mutualism between,https://europepmc.org/articles/PMC9781194,https://www.ebi.ac.uk/europepmc/webservices/rest/PMC9781194/fullTextXML,fetched,cc by,62f4fe6d6522f8050ff00fcc0f19e567e875cadadc5f94dc52dbb117c96a2223,data\v2\staging\traits\direct_llm_pilot\20260807_europe_pmc_reproduction_scale\raw_xml\PMC9781194.xml.gz,2026-08-07T09:54:38.512657Z,1,
PMC9781956,10.3390/ijms232415932,The Current Developments in Medicinal Plant Genomics Enabled the Diversification of Secondary Metabolites’ Biosynthesis,https://europepmc.org/articles/PMC9781956,https://www.ebi.ac.uk/europepmc/webservices/rest/PMC9781956/fullTextXML,fetched,cc by,9a5e97d1632a0acd4637cede2199accc4caeeeb6f56e881ae33ab789701005a3,data\v2\staging\traits\direct_llm_pilot\20260807_europe_pmc_reproduction_scale\raw_xml\PMC9781956.xml.gz,2026-08-07T09:54:38.517886Z,2,
PMC9786806,10.3390/plants11243497,Variability of Reproduction Pathways in the Central-European Populations of Hawthorns with Emphasis on Triploids,https://europepmc.org/articles/PMC9786806,https://www.ebi.ac.uk/europepmc/webservices/rest/PMC9786806/fullTextXML,fetched,cc by,4989b5a6bbe96a88dd2298987146bd45196bf49f5a650089b0ec58ec525472ed,data\v2\staging\traits\direct_llm_pilot\20260807_europe_pmc_reproduction_scale\raw_xml\PMC9786806.xml.gz,2026-08-07T09:54:38.744645Z,1,
PMC9798709,10.1186/s13068-022-02241-8,Transformation and gene editing in the bioenergy grass,https://europepmc.org/articles/PMC9798709,https://www.ebi.ac.uk/europepmc/webservices/rest/PMC9798709/fullTextXML,fetched,cc by,131a378e0a15c7ffcde5d89851e5906ccc4b4b0d857d7665018a5a8e4832b465,data\v2\staging\traits\direct_llm_pilot\20260807_europe_pmc_reproduction_scale\raw_xml\PMC9798709.xml.gz,2026-08-07T09:54:38.822816Z,1,
PMC9804982,10.1111/tpj.15938,Distinct composition and amplification dynamics of transposable elements in sacred lotus (,https://europepmc.org/articles/PMC9804982,https://www.ebi.ac.uk/europepmc/webservices/rest/PMC9804982/fullTextXML,fetched,cc by-nc,5ae84736ee65381f14d1c92d11bf09f424f294d14b7dae8189a59c0b30feb4f0,data\v2\staging\traits\direct_llm_pilot\20260807_europe_pmc_reproduction_scale\raw_xml\PMC9804982.xml.gz,2026-08-07T09:54:39.077308Z,1,
PMC9825253,10.1093/molbev/msac259,Fine-Mapping and Comparative Genomic Analysis Reveal the Gene Composition at the,https://europepmc.org/articles/PMC9825253,https://www.ebi.ac.uk/europepmc/webservices/rest/PMC9825253/fullTextXML,fetched,cc by,e12c8f0b1ae59fb9255fd48730a6cb77c98d80badb364755692be586e5bab263,data\v2\staging\traits\direct_llm_pilot\20260807_europe_pmc_reproduction_scale\raw_xml\PMC9825253.xml.gz,2026-08-07T09:54:39.371660Z,1,
PMC9828686,10.1111/mec.16691,Hybridisation and chloroplast capture between distinct,https://europepmc.org/articles/PMC9828686,https://www.ebi.ac.uk/europepmc/webservices/rest/PMC9828686/fullTextXML,fetched,cc by,1c6af0a6519580cb776e9b0e9416a0f9fc7772e029f34bcbc5c46482b00c2dde,data\v2\staging\traits\direct_llm_pilot\20260807_europe_pmc_reproduction_scale\raw_xml\PMC9828686.xml.gz,2026-08-07T09:54:39.864966Z,1,
PMC9840598,10.1007/s10886-022-01393-z,"Water Deficit, Nitrogen Availability, and Their Combination Differently Affect Floral Scent Emission in Three Brassicaceae Species",https://europepmc.org/articles/PMC9840598,https://www.ebi.ac.uk/europepmc/webservices/rest/PMC9840598/fullTextXML,fetched,cc by,86e7cc250ad80969fde2b7d0ccfffb8d792e8d952da62285b7e7651e58a3ccc0,data\v2\staging\traits\direct_llm_pilot\20260807_europe_pmc_reproduction_scale\raw_xml\PMC9840598.xml.gz,2026-08-07T09:54:40.425589Z,1,
PMC9843154,10.1007/s11427-022-2233-x,Molecular mechanisms of adaptive evolution in wild animals and plants,https://europepmc.org/articles/PMC9843154,https://www.ebi.ac.uk/europepmc/webservices/rest/PMC9843154/fullTextXML,fetched,,85314388120c20fabf82b7a5bdb83efc45d6784fce3fa6ab81ee0e6514c502d1,data\v2\staging\traits\direct_llm_pilot\20260807_europe_pmc_reproduction_scale\raw_xml\PMC9843154.xml.gz,2026-08-07T09:54:40.897058Z,1,
PMC9849045,10.3897/phytokeys.203.83529,﻿A monograph of the genus,https://europepmc.org/articles/PMC9849045,https://www.ebi.ac.uk/europepmc/webservices/rest/PMC9849045/fullTextXML,fetched,cc by,f0ddd810c4d0fe7eca2078a2ee36af5afc506e0daf589a2e98fe8171324a5f6b,data\v2\staging\traits\direct_llm_pilot\20260807_europe_pmc_reproduction_scale\raw_xml\PMC9849045.xml.gz,2026-08-07T09:54:41.089126Z,2,
PMC9861506,10.3390/plants12020328,Crop Wild Relatives: A Valuable Source of Tolerance to Various Abiotic Stresses,https://europepmc.org/articles/PMC9861506,https://www.ebi.ac.uk/europepmc/webservices/rest/PMC9861506/fullTextXML,fetched,cc by,e9a94a97c2c13b99b2a14bdc453a754407de028f7a915c1e2b33dee67ffd2500,data\v2\staging\traits\direct_llm_pilot\20260807_europe_pmc_reproduction_scale\raw_xml\PMC9861506.xml.gz,2026-08-07T09:54:41.332547Z,1,
PMC9861864,10.3390/ijms24020977,The Role of Italy in the Use of Advanced Plant Genomic Techniques on Fruit Trees: State of the Art and Future Perspectives,https://europepmc.org/articles/PMC9861864,https://www.ebi.ac.uk/europepmc/webservices/rest/PMC9861864/fullTextXML,fetched,cc by,fea5d33140dbd4cab21efa6807c33516026605d3f0e3c3577557ed11208ddab6,data\v2\staging\traits\direct_llm_pilot\20260807_europe_pmc_reproduction_scale\raw_xml\PMC9861864.xml.gz,2026-08-07T09:54:41.405053Z,1,
PMC9863969,10.3390/plants12020373,Reproduction Modes and Conservation Implications in Three Polyploid,https://europepmc.org/articles/PMC9863969,https://www.ebi.ac.uk/europepmc/webservices/rest/PMC9863969/fullTextXML,fetched,cc by,6b00a676454e30032176bc3bd4a3ba139cae6495dc2a492f9429e42c55dbf5b5,data\v2\staging\traits\direct_llm_pilot\20260807_europe_pmc_reproduction_scale\raw_xml\PMC9863969.xml.gz,2026-08-07T09:54:42.011952Z,1,
PMC9877541,10.3389/fpls.2022.1081981,Reproductive development of common buckwheat (,https://europepmc.org/articles/PMC9877541,https://www.ebi.ac.uk/europepmc/webservices/rest/PMC9877541/fullTextXML,fetched,cc by,c4122bea6eb7f6c21036c0e3969c7076007ed37387d9e9a765482e19f977ebe5,data\v2\staging\traits\direct_llm_pilot\20260807_europe_pmc_reproduction_scale\raw_xml\PMC9877541.xml.gz,2026-08-07T09:54:42.102237Z,1,
PMC9910613,10.1073/pnas.2203228120,Evolvability and trait function predict phenotypic divergence of plant populations,https://europepmc.org/articles/PMC9910613,https://www.ebi.ac.uk/europepmc/webservices/rest/PMC9910613/fullTextXML,fetched,cc by,b1ad12fa9e9083b3c798671dac68fc7999e135afd7dc82df711d0cf3aef91a7d,data\v2\staging\traits\direct_llm_pilot\20260807_europe_pmc_reproduction_scale\raw_xml\PMC9910613.xml.gz,2026-08-07T09:54:42.343698Z,1,
PMC9931397,10.3389/fpls.2022.1095644,Combined analysis of multi-omics reveals the potential mechanism of flower color and aroma formation in,https://europepmc.org/articles/PMC9931397,https://www.ebi.ac.uk/europepmc/webservices/rest/PMC9931397/fullTextXML,fetched,cc by,cc84a0d73e33a7fa10085045aeda17853bd63432ccb0b7aea8117ca6831038a2,data\v2\staging\traits\direct_llm_pilot\20260807_europe_pmc_reproduction_scale\raw_xml\PMC9931397.xml.gz,2026-08-07T09:54:42.725681Z,1,
PMC9941169,10.3389/fpls.2023.1127532,Improving abiotic stress tolerance of forage grasses – prospects of using genome editing,https://europepmc.org/articles/PMC9941169,https://www.ebi.ac.uk/europepmc/webservices/rest/PMC9941169/fullTextXML,fetched,cc by,2c69483206264a786864210dabdd8ac8342513487bf47a6bac3e51720ac552ea,data\v2\staging\traits\direct_llm_pilot\20260807_europe_pmc_reproduction_scale\raw_xml\PMC9941169.xml.gz,2026-08-07T09:54:43.429734Z,2,
PMC9959270,10.3390/plants12040844,Geographical Parthenogenesis in Alpine and Arctic Plants,https://europepmc.org/articles/PMC9959270,https://www.ebi.ac.uk/europepmc/webservices/rest/PMC9959270/fullTextXML,fetched,cc by,ae21e4ef917468c8886bbadeea97b860e659cc8d5a889bec5cdb10530fff5491,data\v2\staging\traits\direct_llm_pilot\20260807_europe_pmc_reproduction_scale\raw_xml\PMC9959270.xml.gz,2026-08-07T09:54:44.061326Z,2,
PMC9960344,10.3390/insects14020208,Do Patches of Flowering Plants Enhance Insect Pollinators in Apple Orchards?,https://europepmc.org/articles/PMC9960344,https://www.ebi.ac.uk/europepmc/webservices/rest/PMC9960344/fullTextXML,fetched,cc by,2ca3d5cc065e4ed9f9d9db8cb433755df03bb1178096d30367b71ab0899dcd1b,data\v2\staging\traits\direct_llm_pilot\20260807_europe_pmc_reproduction_scale\raw_xml\PMC9960344.xml.gz,2026-08-07T09:54:44.136945Z,1,
