candidate_id,accepted_species,trait_name,normalized_value,source_url,page_title,source_citation,source_tier,source_type,domain,language,supporting_excerpt,normalized_excerpt_sha256,content_fingerprint,name_match_method,wild_cultivated_cultivar_status,decision,species_identity_correct,value_correct,provenance_complete,cultivar_contamination,false_positive_reason,decision_reason,reviewer,reviewed_at_utc
3b5eb2c9f5586abceec7e0c8,Acaena antarctica,self_incompatibility,SC,https://academic.oup.com/aobpla/article/doi/10.1093/aobpla/plv095/1800409,Patterns in floral traits and plant breeding systems on Southern Ocean Islands,"Lord, J. M. (2015), AoB PLANTS 7:plv095, Supporting Information Table S1, DOI 10.1093/aobpla/plv095",B,peer_reviewed_species_level_compatibility_compilation,academic.oup.com,en,"Supporting Information Table S1: Acaena antarctica; compatibility and reference-number cell: SC; 5, 16. The table defines SC as fully self-compatible, SCp as partially self-compatible, and SI as self-incompatible.",60cafccf370c0e909530a84dc83278174e5b43b6ee10a02440b565b5eab7da19,276750e9f7b92a7dfbc9f6d9b3790e05024cddeb2480a108417fc5d5f2c6c3bb,accepted_name_exact,wild_or_species_level_statement_not_cultivar_limited,accept,true,true,true,false,,"Accepted after exact species identity, source page or original-study statement, trait-specific ontology, lineage and content fingerprint review; mapping retained only for self_incompatibility.",Codex source-backed rule-unlock wave-2 audit,2026-08-12T09:35:00Z
112c9f0d9555e995df6a133b,Acaena lucida,self_incompatibility,SC,https://academic.oup.com/aobpla/article/doi/10.1093/aobpla/plv095/1800409,Patterns in floral traits and plant breeding systems on Southern Ocean Islands,"Lord, J. M. (2015), AoB PLANTS 7:plv095, Supporting Information Table S1, DOI 10.1093/aobpla/plv095",B,peer_reviewed_species_level_compatibility_compilation,academic.oup.com,en,"Supporting Information Table S1: Acaena lucida; compatibility and reference-number cell: SC; 5. The table defines SC as fully self-compatible, SCp as partially self-compatible, and SI as self-incompatible.",a52558df896f6f1188e930a5332618995e124c1d705d3555ea892aab9c90d899,27f049691cd52cf1974afce9ce4946fa7a9cf253bf7813ddcd6e53df718c58af,accepted_name_exact,wild_or_species_level_statement_not_cultivar_limited,accept,true,true,true,false,,"Accepted after exact species identity, source page or original-study statement, trait-specific ontology, lineage and content fingerprint review; mapping retained only for self_incompatibility.",Codex source-backed rule-unlock wave-2 audit,2026-08-12T09:35:00Z
988f6ef86fd3f2a68cf9e64c,Acaena magellanica,self_incompatibility,SC,https://academic.oup.com/aobpla/article/doi/10.1093/aobpla/plv095/1800409,Patterns in floral traits and plant breeding systems on Southern Ocean Islands,"Lord, J. M. (2015), AoB PLANTS 7:plv095, Supporting Information Table S1, DOI 10.1093/aobpla/plv095",B,peer_reviewed_species_level_compatibility_compilation,academic.oup.com,en,"Supporting Information Table S1: Acaena magellanica; compatibility and reference-number cell: SC; 2, 5, 9, 10. The table defines SC as fully self-compatible, SCp as partially self-compatible, and SI as self-incompatible.",66dd2a8e5ae2f837ae5f30d79b2a15ac38e875f1247344654f7c892ad3cc7df3,07e52ae863fa826778d9b5600b2b6df20db5acf6dd3190a06ed3509b50412724,accepted_name_exact,wild_or_species_level_statement_not_cultivar_limited,accept,true,true,true,false,,"Accepted after exact species identity, source page or original-study statement, trait-specific ontology, lineage and content fingerprint review; mapping retained only for self_incompatibility.",Codex source-backed rule-unlock wave-2 audit,2026-08-12T09:35:00Z
0ff82ca937bde2a3da8374fb,Acaena tenera,self_incompatibility,SC,https://academic.oup.com/aobpla/article/doi/10.1093/aobpla/plv095/1800409,Patterns in floral traits and plant breeding systems on Southern Ocean Islands,"Lord, J. M. (2015), AoB PLANTS 7:plv095, Supporting Information Table S1, DOI 10.1093/aobpla/plv095",B,peer_reviewed_species_level_compatibility_compilation,academic.oup.com,en,"Supporting Information Table S1: Acaena tenera; compatibility and reference-number cell: SC; 10. The table defines SC as fully self-compatible, SCp as partially self-compatible, and SI as self-incompatible.",cfc4934c9261e1e22b0bafb39176c1b38d50bf10c265d07569650feea0f3fd29,dea8440f8aacd6704d57c02951d680e3da7b5bb631b59ec8a26a103690afb621,accepted_name_exact,wild_or_species_level_statement_not_cultivar_limited,accept,true,true,true,false,,"Accepted after exact species identity, source page or original-study statement, trait-specific ontology, lineage and content fingerprint review; mapping retained only for self_incompatibility.",Codex source-backed rule-unlock wave-2 audit,2026-08-12T09:35:00Z
fb38fee3d4cdedb99338276a,Acalypha fruticosa,flower_primary_color,white,https://plantuse.plantnet.org/en/Acalypha_fruticosa_(PROTA),Acalypha fruticosa (PROTA),"Schmelzer, G.H., 2007. Acalypha fruticosa Forssk. In: Schmelzer, G.H. & Gurib-Fakim, A. (Editors). PROTA (Plant Resources of Tropical Africa / Ressources végétales de l’Afrique tropicale), Wageningen, Netherlands.",A,expert_botanical_monograph_species_description,plantuse.plantnet.org,en,"male flowers with 4-lobed, minute, densely white hairy calyx, stamens 8",5b6e2d8df8be3b768e6b90bf5e98bd14a9dcc4bcf2c786fa2939cb7accd676d9,5a52476c7c47ee0060b085f1ff1e93a5f7dde10f11a8ff1faadfa8c047aad7ae,accepted_name_exact,wild_or_species_level_monograph_not_cultivar_limited,accept,true,true,true,false,,"Accepted after exact species identity, source page or original-study statement, trait-specific ontology, lineage and content fingerprint review; mapping retained only for flower_primary_color.",Codex source-backed rule-unlock wave-2 audit,2026-08-12T09:35:00Z
a5c9d6f075aa85f21ab5d876,Acalypha integrifolia,flower_primary_color,red_pink|green_brown_inconspicuous,https://plantuse.plantnet.org/en/Acalypha_integrifolia_(PROTA),Acalypha integrifolia (PROTA),"Schmelzer, G.H., 2007. Acalypha integrifolia Willd. In: Schmelzer, G.H. & Gurib-Fakim, A. (Editors). PROTA (Plant Resources of Tropical Africa / Ressources végétales de l’Afrique tropicale), Wageningen, Netherlands.",A,expert_botanical_monograph_species_description,plantuse.plantnet.org,en,"male flowers with 4-lobed, minute, almost glabrous calyx, green to reddish, stamens 8, free, anthers curled ; female flowers with 3 minute sepals, ovary superior, covered with fleshy spines, 3-celled, styles 3, fused at base, deeply fringed, red.",50ab1b5d83f2a2e91b9fab65815251a759adb63bd70eb84b08d361de4453af35,40d1e375ac0a15eed2b2ed99180310ad26b902d977d039045d09703a2b882b6d,accepted_name_exact,wild_or_species_level_monograph_not_cultivar_limited,accept,true,true,true,false,,"Accepted after exact species identity, source page or original-study statement, trait-specific ontology, lineage and content fingerprint review; mapping retained only for flower_primary_color.",Codex source-backed rule-unlock wave-2 audit,2026-08-12T09:35:00Z
a2f10ec40574fb7b14ee3140,Acanthophippium striatum,flower_primary_color,blue_purple|white|yellow_orange,https://indiaflora-ces.iisc.ac.in/herbsheet.php?id=13254&cat=13,India Flora Online - Acanthophippium striatum,"Sankara Rao, K. and Deepak Kumar (2026). India Flora Online, species treatment: Acanthophippium striatum.",A,university_herbarium_regional_flora_species_treatment,indiaflora-ces.iisc.ac.in,en,"Key identification features: Terrestrial herbs with ovoid pseudobulbs; Leaves subcoriaceous, plicate, elliptic; Flowers dull white, suffused and blotched with yellow, the apices of sepals and petals purplish.",aa8e5b8fcce3543be216794a41a69ed1194432e3a1cc1449826c0c751fd870a5,d9f9ef61f3d2dc9a37483085beb57c9069cb423a40a5c8c83f27dd0869a7d75e,accepted_name_exact,wild_or_species_level_statement_not_cultivar_limited,accept,true,true,true,false,,"Accepted after exact species identity, source page or original-study statement, trait-specific ontology, lineage and content fingerprint review; mapping retained only for flower_primary_color.",Codex source-backed rule-unlock wave-2 audit,2026-08-12T09:35:00Z
2e113cb11b51fe26655da085,Acanthophippium sylhetense,flower_primary_color,red_pink|yellow_orange,https://indiaflora-ces.iisc.ac.in/herbsheet.php?id=13255&cat=13,India Flora Online - Acanthophippium sylhetense,"Sankara Rao, K. and Deepak Kumar (2026). India Flora Online, species treatment: Acanthophippium sylhetense.",A,university_herbarium_regional_flora_species_treatment,indiaflora-ces.iisc.ac.in,en,"Key identification features: Terrestrial herbs with elongate - obpyriform pseudobulbs; Leaves elliptic; Flowers pale pink with bold red lines, lip yellow tinged.",713e7f7c385f2cb28c02c08b873d6a2e70d271086488f6e7dee6f6e633c016ed,9e49bb8879debe8c23dc4e72df33569e2cbd54311ed0e66e35fac0dcb36db4ce,accepted_name_exact,wild_or_species_level_statement_not_cultivar_limited,accept,true,true,true,false,,"Accepted after exact species identity, source page or original-study statement, trait-specific ontology, lineage and content fingerprint review; mapping retained only for flower_primary_color.",Codex source-backed rule-unlock wave-2 audit,2026-08-12T09:35:00Z
ae24884d297fe82490e17265,Acanthophoenix rubra,flower_primary_color,white,https://plantuse.plantnet.org/en/Acanthophoenix_rubra_(PROTA),Acanthophoenix rubra (PROTA),"van der Burg, W.J., 2004. Acanthophoenix rubra (Bory) H.Wendl. [Internet] Record from PROTA4U. Grubben, G.J.H. & Denton, O.A. (Editors). PROTA (Plant Resources of Tropical Africa / Ressources végétales de l’Afrique tropicale), Wageningen, Netherlands.",A,expert_botanical_monograph_species_description,plantuse.plantnet.org,en,"*Flowers unisexual, 3-merous, white or cream-coloured, arranged in triads of 2 male flowers and 1 female flower",875c4209fb16867f55049d8be488d6178dd2957cb8fdbec85f0bd0ce2c15c176,ea6fdb99ddb8addb7a939f19d2a6d09556c23b91ad1f07585c80dec731579705,accepted_name_exact,wild_or_species_level_monograph_not_cultivar_limited,accept,true,true,true,false,,"Accepted after exact species identity, source page or original-study statement, trait-specific ontology, lineage and content fingerprint review; mapping retained only for flower_primary_color.",Codex source-backed rule-unlock wave-2 audit,2026-08-12T09:35:00Z
42c1f4b416d3ebf90c132b39,Acridocarpus excelsus,floral_symmetry,zygomorphic,https://plantuse.plantnet.org/en/Acridocarpus_excelsus_(PROTA),Acridocarpus excelsus (PROTA),"Jansen, P.C.M., 2005. Acridocarpus excelsus A.Juss. In: Jansen, P.C.M. & Cardon, D. (Editors). PROTA (Plant Resources of Tropical Africa / Ressources végétales de l’Afrique tropicale), Wageningen, Netherlands.",A,expert_botanical_monograph_species_description,plantuse.plantnet.org,en,"*Flowers bisexual, zygomorphic, 5-merous",51b667c90c5ba113a1b928af3a5541dffe7555ecec429a035c3d2e95429e14a2,8d33b2ec13e3a91d9f315cef8a296e3c37a6a203e98f9e7dc91b57fe15b73be0,accepted_name_exact,wild_or_species_level_monograph_not_cultivar_limited,accept,true,true,true,false,,"Accepted after exact species identity, source page or original-study statement, trait-specific ontology, lineage and content fingerprint review; mapping retained only for floral_symmetry.",Codex source-backed rule-unlock wave-2 audit,2026-08-12T09:35:00Z
ec27555d3d544f16cb69f9d1,Acridocarpus excelsus,inflorescence_display,raceme_spike_panicle,https://plantuse.plantnet.org/en/Acridocarpus_excelsus_(PROTA),Acridocarpus excelsus (PROTA),"Jansen, P.C.M., 2005. Acridocarpus excelsus A.Juss. In: Jansen, P.C.M. & Cardon, D. (Editors). PROTA (Plant Resources of Tropical Africa / Ressources végétales de l’Afrique tropicale), Wageningen, Netherlands.",A,expert_botanical_monograph_species_description,plantuse.plantnet.org,en,"*Inflorescence a terminal raceme 2–7 cm long, 8–15-flowered.",723b8598b365c1785f069a4782a37fbd8c557259ebd13264d44022bcc3983a6a,0314a25c86b17cf84cc7de40ff5f1541c05e809fe34e31fdb62128190c0b5a18,accepted_name_exact,wild_or_species_level_monograph_not_cultivar_limited,accept,true,true,true,false,,"Accepted after exact species identity, source page or original-study statement, trait-specific ontology, lineage and content fingerprint review; mapping retained only for inflorescence_display.",Codex source-backed rule-unlock wave-2 audit,2026-08-12T09:35:00Z
ee1dc8783209efc809036fe3,Acropogon bullatus,flower_primary_color,red_pink|yellow_orange,https://horizon.documentation.ird.fr/exl-doc/pleins_textes/divers17-07/010070247.pdf,"Novitates neocaledonicae VI: Acropogon mesophilus (Malvaceae, Sterculioideae), a rare and threatened new species from the mesic forest of New Caledonia","Munzinger, J. & Gâteblé, G. (2017), Phytotaxa 307(3):183-190, p. 188, DOI 10.11646/phytotaxa.307.3.2",A,peer_reviewed_primary_taxonomic_comparison,horizon.documentation.ird.fr,en,"Flower color of this new species is intermediate between A. veillonii, which has yellow flowers with sometimes some red at the base of the calyx, and A. bullatus, which has red flowers with some yellow at the edges. Table 1: Flower (calyx) inside color - A. bullatus: Red with some yellow at the edges; A. mesophilus: Yellow with 2-4 grayish-purple stripes per lobe; A. veillonii: Yellow with some red at the base.",692ab1afa5a4ed59485d262f20116c34a3ff4e1e805cca10e7c3f9ab377a11f1,9a4d2735b5f3340913bf251b72ca68351b7287be79464b624990c5e07d215bc7,accepted_name_exact,wild_or_species_level_statement_not_cultivar_limited,accept,true,true,true,false,,"Accepted after exact species identity, source page or original-study statement, trait-specific ontology, lineage and content fingerprint review; mapping retained only for flower_primary_color.",Codex source-backed rule-unlock wave-2 audit,2026-08-12T09:35:00Z
ba5e17a72dd66f9c207fd530,Acropogon mesophilus,flower_primary_color,blue_purple|yellow_orange,https://horizon.documentation.ird.fr/exl-doc/pleins_textes/divers17-07/010070247.pdf,"Novitates neocaledonicae VI: Acropogon mesophilus (Malvaceae, Sterculioideae), a rare and threatened new species from the mesic forest of New Caledonia","Munzinger, J. & Gâteblé, G. (2017), Phytotaxa 307(3):183-190, p. 188, DOI 10.11646/phytotaxa.307.3.2",A,peer_reviewed_primary_taxonomic_comparison,horizon.documentation.ird.fr,en,"Flower color of this new species is intermediate between A. veillonii, which has yellow flowers with sometimes some red at the base of the calyx, and A. bullatus, which has red flowers with some yellow at the edges. Table 1: Flower (calyx) inside color - A. bullatus: Red with some yellow at the edges; A. mesophilus: Yellow with 2-4 grayish-purple stripes per lobe; A. veillonii: Yellow with some red at the base.",692ab1afa5a4ed59485d262f20116c34a3ff4e1e805cca10e7c3f9ab377a11f1,9a4d2735b5f3340913bf251b72ca68351b7287be79464b624990c5e07d215bc7,accepted_name_exact,wild_or_species_level_statement_not_cultivar_limited,accept,true,true,true,false,,"Accepted after exact species identity, source page or original-study statement, trait-specific ontology, lineage and content fingerprint review; mapping retained only for flower_primary_color.",Codex source-backed rule-unlock wave-2 audit,2026-08-12T09:35:00Z
d7ac5ce08580b44146342bd7,Acropogon veillonii,flower_primary_color,red_pink|yellow_orange,https://horizon.documentation.ird.fr/exl-doc/pleins_textes/divers17-07/010070247.pdf,"Novitates neocaledonicae VI: Acropogon mesophilus (Malvaceae, Sterculioideae), a rare and threatened new species from the mesic forest of New Caledonia","Munzinger, J. & Gâteblé, G. (2017), Phytotaxa 307(3):183-190, p. 188, DOI 10.11646/phytotaxa.307.3.2",A,peer_reviewed_primary_taxonomic_comparison,horizon.documentation.ird.fr,en,"Flower color of this new species is intermediate between A. veillonii, which has yellow flowers with sometimes some red at the base of the calyx, and A. bullatus, which has red flowers with some yellow at the edges. Table 1: Flower (calyx) inside color - A. bullatus: Red with some yellow at the edges; A. mesophilus: Yellow with 2-4 grayish-purple stripes per lobe; A. veillonii: Yellow with some red at the base.",692ab1afa5a4ed59485d262f20116c34a3ff4e1e805cca10e7c3f9ab377a11f1,9a4d2735b5f3340913bf251b72ca68351b7287be79464b624990c5e07d215bc7,accepted_name_exact,wild_or_species_level_statement_not_cultivar_limited,accept,true,true,true,false,,"Accepted after exact species identity, source page or original-study statement, trait-specific ontology, lineage and content fingerprint review; mapping retained only for flower_primary_color.",Codex source-backed rule-unlock wave-2 audit,2026-08-12T09:35:00Z
d2c9ff80bac2671a296b4ff4,Actephila excelsa,floral_symmetry,actinomorphic,https://bfis.bforest.gov.bd/nef/index.php/data/dataSpecies/40,Forest Emission Factor Database - Actephila excelsa,"Bangladesh Forest Information System, Forest Emission Factor Database species record: Actephila excelsa",A,government_forest_database_species_record,bfis.bforest.gov.bd,en,Tree Species Details: Family Name: Euphorbiaceae; Genus: Actephila; Species: Actephila excelsa; floral symmetry: actinomorphic.,fdc74c8591fdb9ac4254bc55bc2ac0880a58474ff3afb083d7a9646a794cdc64,96d9218c8c650e74b4b2797822ae37e9517398c8d99d799dbf5a1ffa2e7c18a4,accepted_name_exact,wild_or_species_level_statement_not_cultivar_limited,accept,true,true,true,false,,"Accepted after exact species identity, source page or original-study statement, trait-specific ontology, lineage and content fingerprint review; mapping retained only for floral_symmetry.",Codex source-backed rule-unlock wave-2 audit,2026-08-12T09:35:00Z
676c9b4d6eb49b7b2f239973,Adansonia grandidieri,floral_symmetry,actinomorphic,https://plantuse.plantnet.org/en/Adansonia_grandidieri_(PROTA),Adansonia grandidieri (PROTA),"Ambrose-Oji, B. & Mughogho, N., 2007. Adansonia grandidieri Baill. [Internet] Record from PROTA4U. van der Vossen, H.A.M. & Mkamilo, G.S. (Editors). PROTA (Plant Resources of Tropical Africa / Ressources végétales de l’Afrique tropicale), Wageningen, Netherlands.",A,expert_botanical_monograph_species_description,plantuse.plantnet.org,en,"Flowers solitary in leaf axils at end of branches, bisexual, regular, 5-merous, large, showy and fragrant",38d9830c19877af3fdf6abcfd4b5f2165259d88cc9e8edb2ac45501dd279a9f2,28b56771f8076c067eb0b7c22829a0c56b6e3fc96576a62d035cf63f019657d2,accepted_name_exact,wild_or_species_level_monograph_not_cultivar_limited,accept,true,true,true,false,,"Accepted after exact species identity, source page or original-study statement, trait-specific ontology, lineage and content fingerprint review; mapping retained only for floral_symmetry.",Codex source-backed rule-unlock wave-2 audit,2026-08-12T09:35:00Z
36887ccc6a4e80bb0c84c38b,Adansonia grandidieri,inflorescence_display,solitary,https://plantuse.plantnet.org/en/Adansonia_grandidieri_(PROTA),Adansonia grandidieri (PROTA),"Ambrose-Oji, B. & Mughogho, N., 2007. Adansonia grandidieri Baill. [Internet] Record from PROTA4U. van der Vossen, H.A.M. & Mkamilo, G.S. (Editors). PROTA (Plant Resources of Tropical Africa / Ressources végétales de l’Afrique tropicale), Wageningen, Netherlands.",A,expert_botanical_monograph_species_description,plantuse.plantnet.org,en,"Flowers solitary in leaf axils at end of branches, bisexual, regular, 5-merous, large, showy and fragrant",38d9830c19877af3fdf6abcfd4b5f2165259d88cc9e8edb2ac45501dd279a9f2,28b56771f8076c067eb0b7c22829a0c56b6e3fc96576a62d035cf63f019657d2,accepted_name_exact,wild_or_species_level_monograph_not_cultivar_limited,accept,true,true,true,false,,"Accepted after exact species identity, source page or original-study statement, trait-specific ontology, lineage and content fingerprint review; mapping retained only for inflorescence_display.",Codex source-backed rule-unlock wave-2 audit,2026-08-12T09:35:00Z
b73f588463e2c2b9f00a096b,Adansonia rubrostipa,floral_symmetry,actinomorphic,https://plantuse.plantnet.org/en/Adansonia_rubrostipa_(PROTA),Adansonia rubrostipa (PROTA),"Ambrose-Oji, B. & Mughogho, N., 2007. Adansonia rubrostipa Jum. & H.Perrier. [Internet] Record from PROTA4U. van der Vossen, H.A.M. & Mkamilo, G.S. (Editors). PROTA (Plant Resources of Tropical Africa / Ressources végétales de l’Afrique tropicale), Wageningen, Netherlands.",A,expert_botanical_monograph_species_description,plantuse.plantnet.org,en,"Flowers solitary in leaf axils at end of branches, bisexual, regular, 5-merous, large, showy and fragrant",38d9830c19877af3fdf6abcfd4b5f2165259d88cc9e8edb2ac45501dd279a9f2,1a8e03a6ff121873a0e5a1e9b449b99029aa591fbedf945d8030d67ceec36787,accepted_name_exact,wild_or_species_level_monograph_not_cultivar_limited,accept,true,true,true,false,,"Accepted after exact species identity, source page or original-study statement, trait-specific ontology, lineage and content fingerprint review; mapping retained only for floral_symmetry.",Codex source-backed rule-unlock wave-2 audit,2026-08-12T09:35:00Z
f15fc03b11f44144568e4a8c,Adansonia rubrostipa,inflorescence_display,solitary,https://plantuse.plantnet.org/en/Adansonia_rubrostipa_(PROTA),Adansonia rubrostipa (PROTA),"Ambrose-Oji, B. & Mughogho, N., 2007. Adansonia rubrostipa Jum. & H.Perrier. [Internet] Record from PROTA4U. van der Vossen, H.A.M. & Mkamilo, G.S. (Editors). PROTA (Plant Resources of Tropical Africa / Ressources végétales de l’Afrique tropicale), Wageningen, Netherlands.",A,expert_botanical_monograph_species_description,plantuse.plantnet.org,en,"Flowers solitary in leaf axils at end of branches, bisexual, regular, 5-merous, large, showy and fragrant",38d9830c19877af3fdf6abcfd4b5f2165259d88cc9e8edb2ac45501dd279a9f2,1a8e03a6ff121873a0e5a1e9b449b99029aa591fbedf945d8030d67ceec36787,accepted_name_exact,wild_or_species_level_monograph_not_cultivar_limited,accept,true,true,true,false,,"Accepted after exact species identity, source page or original-study statement, trait-specific ontology, lineage and content fingerprint review; mapping retained only for inflorescence_display.",Codex source-backed rule-unlock wave-2 audit,2026-08-12T09:35:00Z
1927d4b2caaca8b6da4e7b2e,Adansonia za,floral_form,tubular,https://plantuse.plantnet.org/en/Adansonia_za_(PROTA),Adansonia za (PROTA),"Ambrose-Oji, B. & Mughogho, N., 2007. Adansonia za Baill. [Internet] Record from PROTA4U. van der Vossen, H.A.M. & Mkamilo, G.S. (Editors). PROTA (Plant Resources of Tropical Africa / Ressources végétales de l’Afrique tropicale), Wageningen, Netherlands.",A,expert_botanical_monograph_species_description,plantuse.plantnet.org,en,"calyx tubular, tube fitting tightly around the petal bases, with a marked annular swelling at base, c.",1b4779f78c0cfe0a8caccf6b1046dc3ba0b5f2e446ffe53bd69e85fcc067212d,4d23aeac4dad3836193f757c93b8745699f759d1b874db38cf04d645079c3e31,accepted_name_exact,wild_or_species_level_monograph_not_cultivar_limited,accept,true,true,true,false,,"Accepted after exact species identity, source page or original-study statement, trait-specific ontology, lineage and content fingerprint review; mapping retained only for floral_form.",Codex source-backed rule-unlock wave-2 audit,2026-08-12T09:35:00Z
f811117c3cc5f327d6023a6c,Adansonia za,floral_symmetry,actinomorphic,https://plantuse.plantnet.org/en/Adansonia_za_(PROTA),Adansonia za (PROTA),"Ambrose-Oji, B. & Mughogho, N., 2007. Adansonia za Baill. [Internet] Record from PROTA4U. van der Vossen, H.A.M. & Mkamilo, G.S. (Editors). PROTA (Plant Resources of Tropical Africa / Ressources végétales de l’Afrique tropicale), Wageningen, Netherlands.",A,expert_botanical_monograph_species_description,plantuse.plantnet.org,en,"Flowers solitary in leaf axils at end of branches, bisexual, regular, 5-merous, large, showy, fragrant",59d0d46fb66668c86faa87d6e59d3a2f4210b1b90058da01230e2ae568ed8709,dacb656ab64b1a31bd784815e47550d817576d4c692225ae9fe52847c2419bc3,accepted_name_exact,wild_or_species_level_monograph_not_cultivar_limited,accept,true,true,true,false,,"Accepted after exact species identity, source page or original-study statement, trait-specific ontology, lineage and content fingerprint review; mapping retained only for floral_symmetry.",Codex source-backed rule-unlock wave-2 audit,2026-08-12T09:35:00Z
624b346a2f47b7ab8e66dd48,Adansonia za,inflorescence_display,solitary,https://plantuse.plantnet.org/en/Adansonia_za_(PROTA),Adansonia za (PROTA),"Ambrose-Oji, B. & Mughogho, N., 2007. Adansonia za Baill. [Internet] Record from PROTA4U. van der Vossen, H.A.M. & Mkamilo, G.S. (Editors). PROTA (Plant Resources of Tropical Africa / Ressources végétales de l’Afrique tropicale), Wageningen, Netherlands.",A,expert_botanical_monograph_species_description,plantuse.plantnet.org,en,"Flowers solitary in leaf axils at end of branches, bisexual, regular, 5-merous, large, showy, fragrant",59d0d46fb66668c86faa87d6e59d3a2f4210b1b90058da01230e2ae568ed8709,dacb656ab64b1a31bd784815e47550d817576d4c692225ae9fe52847c2419bc3,accepted_name_exact,wild_or_species_level_monograph_not_cultivar_limited,accept,true,true,true,false,,"Accepted after exact species identity, source page or original-study statement, trait-specific ontology, lineage and content fingerprint review; mapping retained only for inflorescence_display.",Codex source-backed rule-unlock wave-2 audit,2026-08-12T09:35:00Z
c26531c5137806f97f11a0a8,Adenanthera mantaroa,flower_primary_color,yellow_orange,https://plantuse.plantnet.org/en/Adenanthera_mantaroa_(PROTA),Adenanthera mantaroa (PROTA),"Lemmens, R.H.M.J., 2006. Adenanthera mantaroaVilliers. In: Louppe, D., Oteng-Amoako, A.A. & Brink, M. (Editors). PROTA (Plant Resources of Tropical Africa / Ressources végétales de l’Afrique tropicale), Wageningen, Netherlands.",A,expert_botanical_monograph_species_description,plantuse.plantnet.org,en,"*Flowers bisexual, regular, 5-merous, yellow",30064362ef6b10c714878372b317803c034ffe3149aa118701d011c2db482997,016ff39d775e9645f876e8a21c907f971fe49cfd627038afe1b5ab1db44713d4,accepted_name_exact,wild_or_species_level_monograph_not_cultivar_limited,accept,true,true,true,false,,"Accepted after exact species identity, source page or original-study statement, trait-specific ontology, lineage and content fingerprint review; mapping retained only for flower_primary_color.",Codex source-backed rule-unlock wave-2 audit,2026-08-12T09:35:00Z
2b0b2d197c4d7ca3d647f334,Adenia cissampeloides,floral_symmetry,actinomorphic,https://plantuse.plantnet.org/en/Adenia_cissampeloides_%28PROTA%29,Adenia cissampeloides (PROTA),"Grace, O.M. & Fowler, D.G. (2007), Adenia cissampeloides, Plant Resources of Tropical Africa 11(1): Medicinal Plants 1",A,expert_botanical_monograph_species_description,plantuse.plantnet.org,en,"Adenia cissampeloides (Planch. ex Hook.) Harms. Flowers unisexual, regular, 5-merous, pale greenish; pedicel 2-10(-15) mm long in male flowers, slightly shorter in female ones.",1924a16925c66117424052e71783f104daf8e10e1cc405de09b6c250212ae9f1,1ba75b72069e9463acef8d571c2e1d677bd15406ff6f2d7353d5a5be54a6e2a6,accepted_name_exact,wild_or_species_level_statement_not_cultivar_limited,accept,true,true,true,false,,"Accepted after exact species identity, source page or original-study statement, trait-specific ontology, lineage and content fingerprint review; mapping retained only for floral_symmetry.",Codex source-backed rule-unlock wave-2 audit,2026-08-12T09:35:00Z
c83e8a3041d9f098cea787c5,Adenia cissampeloides,flower_primary_color,green_brown_inconspicuous,https://plantuse.plantnet.org/en/Adenia_cissampeloides_(PROTA),Adenia cissampeloides (PROTA),"Grace, O.M. & Fowler, D., 2007. Adenia cissampeloides (Planch. ex Hook.) Harms. In: Schmelzer, G.H. & Gurib-Fakim, A. (Editors). PROTA (Plant Resources of Tropical Africa / Ressources végétales de l’Afrique tropicale), Wageningen, Netherlands.",A,expert_botanical_monograph_species_description,plantuse.plantnet.org,en,"Flowers unisexual, regular, 5-merous, pale greenish",7f9dee5f96381f4162e5e4bf052d97c20fe84b55408d223d230ade16579ea34b,ba8f28e630476340a6b40fafd1ad9d3581424b8fb33b4d4bd80832d2266f9e0e,accepted_name_exact,wild_or_species_level_monograph_not_cultivar_limited,accept,true,true,true,false,,"Accepted after exact species identity, source page or original-study statement, trait-specific ontology, lineage and content fingerprint review; mapping retained only for flower_primary_color.",Codex source-backed rule-unlock wave-2 audit,2026-08-12T09:35:00Z
29319cb41638a4caf2fe701a,Adenia lobata,flower_primary_color,yellow_orange,https://plantuse.plantnet.org/en/Adenia_lobata_(PROTA),Adenia lobata (PROTA),"Zimudzi, C., 2007. Adenia lobata (Jacq.) Engl. In: Schmelzer, G.H. & Gurib-Fakim, A. (Editors). PROTA (Plant Resources of Tropical Africa / Ressources végétales de l’Afrique tropicale), Wageningen, Netherlands.",A,expert_botanical_monograph_species_description,plantuse.plantnet.org,en,"Flowers unisexual, regular, 5-merous, yellowish",a43f80815226994a25a875095f5691666b04f227fd1589f9af33cf96a1f2e79b,4470a84ed388b91406c71b64b4d15d1ff05010b74b27f332196d7157e724f2b1,accepted_name_exact,wild_or_species_level_monograph_not_cultivar_limited,accept,true,true,true,false,,"Accepted after exact species identity, source page or original-study statement, trait-specific ontology, lineage and content fingerprint review; mapping retained only for flower_primary_color.",Codex source-backed rule-unlock wave-2 audit,2026-08-12T09:35:00Z
15cd350d2a29dd72de054b8b,Adina cordifolia,flower_primary_color,yellow_orange,https://indiaflora-ces.iisc.ac.in/herbsheet.php?id=5655&cat=13,India Flora Online - Haldina cordifolia,"Sankara Rao, K. and Deepak Kumar (2026). India Flora Online, species treatment: Haldina cordifolia.",A,university_herbarium_regional_flora_species_treatment,indiaflora-ces.iisc.ac.in,en,Key identification features: Flowers are small and yellow and aggregated in heads.,979af3c054442234fcebfd77812f8b8ba8fa93b035f219424f60d8a2ea3fd7c3,8ef6b4dcd299834452e26f1c50b3c665af25e7e7bc2b7bb726b5ce971cae5241,exact_synonym,wild_or_species_level_statement_not_cultivar_limited,accept,true,true,true,false,,"Accepted after exact species identity, source page or original-study statement, trait-specific ontology, lineage and content fingerprint review; mapping retained only for flower_primary_color.",Codex source-backed rule-unlock wave-2 audit,2026-08-12T09:35:00Z
24741d986256b78dc0119d8b,Aglaia oligophylla,flower_primary_color,yellow_orange,https://indiaflora-ces.iisc.ac.in/herbsheet.php?id=312&cat=13,India Flora Online - Aglaia glaucescens,"Sankara Rao, K. and Deepak Kumar (2026). India Flora Online, species treatment: Aglaia glaucescens.",A,university_herbarium_regional_flora_species_treatment,indiaflora-ces.iisc.ac.in,en,"Key identification features: Flowers small, orange-yellowish, globular, in kax axillary panicles; petals 4-5; staminal tube globular with 4 anthers.",29385e9dd47997e2dcb1aae7e3b2c80c6c4f4c43e137730646b7af475ebe9171,535f74bcd480e6b6783e45cc63ebc7ff26065cec726cdd88a89c5b56d4a48db2,exact_synonym,wild_or_species_level_statement_not_cultivar_limited,accept,true,true,true,false,,"Accepted after exact species identity, source page or original-study statement, trait-specific ontology, lineage and content fingerprint review; mapping retained only for flower_primary_color.",Codex source-backed rule-unlock wave-2 audit,2026-08-12T09:35:00Z
274d9a5415d7cc5cb8f4b28c,Agoseris coronopifolia,self_incompatibility,SC,https://academic.oup.com/aobpla/article/doi/10.1093/aobpla/plv095/1800409,Patterns in floral traits and plant breeding systems on Southern Ocean Islands,"Lord, J. M. (2015), AoB PLANTS 7:plv095, Supporting Information Table S1, DOI 10.1093/aobpla/plv095",B,peer_reviewed_species_level_compatibility_compilation,academic.oup.com,en,"Supporting Information Table S1: Agoseris coronopifolia; compatibility and reference-number cell: SC; 5. The table defines SC as fully self-compatible, SCp as partially self-compatible, and SI as self-incompatible.",d6296105907fd4eec28c4ddae4463db349dc4304cb95e6b3d150eaae431cb98e,fda79c5b0594a5e17435a8339d5543e2e0f694cd95ca37fb916634dfe7c7c222,accepted_name_exact,wild_or_species_level_statement_not_cultivar_limited,accept,true,true,true,false,,"Accepted after exact species identity, source page or original-study statement, trait-specific ontology, lineage and content fingerprint review; mapping retained only for self_incompatibility.",Codex source-backed rule-unlock wave-2 audit,2026-08-12T09:35:00Z
92db5118e55508a410b38d88,Alafia nigrescens,flower_primary_color,white,https://plantuse.plantnet.org/en/Alafia_nigrescens_(PROTA),Alafia nigrescens (PROTA),"Oyen, L.P.A., 2010. Alafia nigrescens Pichon. [Internet] Record from PROTA4U. Brink, M. & Achigan-Dako, E.G. (Editors). PROTA (Plant Resources of Tropical Africa / Ressources végétales de l’Afrique tropicale), Wageningen, Netherlands.",A,expert_botanical_monograph_species_description,plantuse.plantnet.org,en,"corolla white, tube cylindrical, 5.4–6.7 mm × 1.5 mm, base swollen, narrower at the throat, with 5 thickened bands from throat to base of lobes, lobes linear-oblong, 6–8 mm × 1.5–3 mm",3bc6fa1dd3868b5acac21660ffc4805045e52b74b78390de4224ebb6bf05db53,310ce931142258a4b6e96ce5ac91f125035825875c35140b4cb3dd4ed4247f26,accepted_name_exact,wild_or_species_level_monograph_not_cultivar_limited,accept,true,true,true,false,,"Accepted after exact species identity, source page or original-study statement, trait-specific ontology, lineage and content fingerprint review; mapping retained only for flower_primary_color.",Codex source-backed rule-unlock wave-2 audit,2026-08-12T09:35:00Z
bacbfe885046fee1be506aa6,Alangium barbatum,flower_primary_color,white,https://indiaflora-ces.iisc.ac.in/herbsheet.php?id=13125&cat=13,India Flora Online - Alangium barbatum,"Sankara Rao, K. and Deepak Kumar (2026). India Flora Online, species treatment: Alangium barbatum.",A,university_herbarium_regional_flora_species_treatment,indiaflora-ces.iisc.ac.in,en,"Key identification features: Shrubs or small trees, 3-6 m high; branchlets usually hirsute; Leaves ovate to oblong, lobed or toothed; Flowers in dichotomous cymes, white; Fruits deeply grooved, I-seeded, bluish when ripe.",b9b9406efba1ab7ba281f8ca2c730740e7fbc433a328368e292376dac9978f7f,4978ab313f598f754844e86fab7175ed976f0ed2bac80f49222a1eb25c57aabe,accepted_name_exact,wild_or_species_level_statement_not_cultivar_limited,accept,true,true,true,false,,"Accepted after exact species identity, source page or original-study statement, trait-specific ontology, lineage and content fingerprint review; mapping retained only for flower_primary_color.",Codex source-backed rule-unlock wave-2 audit,2026-08-12T09:35:00Z
79f2b6914a6262f6a32ff32d,Alangium salviifolium,floral_symmetry,actinomorphic,https://bfis.bforest.gov.bd/nef/index.php/data/dataSpecies#my43,Forest Emission Factor Database - Alangium salviifolium,"Bangladesh Forest Information System, Forest Emission Factor Database species record: Alangium salviifolium",A,government_forest_species_database,bfis.bforest.gov.bd,en,Tree Species Details: Family Name Alangiaceae; Genus Alangium; Species Alangium salviifolium; Key character: floral symmetry: actinomorphic.,e35eef0bbdefc6abe789b9ed6388891ef7940d3e43b72e126813505cb47f5cf7,e78401cb5543ea4921531a16897a68006e10e6bb6be43ae66f79a3566289f108,accepted_name_exact,wild_or_species_level_statement_not_cultivar_limited,accept,true,true,true,false,,"Accepted after exact species identity, source page or original-study statement, trait-specific ontology, lineage and content fingerprint review; mapping retained only for floral_symmetry.",Codex source-backed rule-unlock wave-2 audit,2026-08-12T09:35:00Z
78603b48d44276bd9578a097,Alantsilodendron villosum,flower_primary_color,white,https://plantuse.plantnet.org/en/Alantsilodendron_villosum_(PROTA),Alantsilodendron villosum (PROTA),"Lemmens, R.H.M.J., 2006. Alantsilodendron villosum (R.Vig.) Villiers. In: Louppe, D., Oteng-Amoako, A.A. & Brink, M. (Editors). PROTA (Plant Resources of Tropical Africa / Ressources végétales de l’Afrique tropicale), Wageningen, Netherlands.",A,expert_botanical_monograph_species_description,plantuse.plantnet.org,en,"*Flowers bisexual, regular, 5-merous, sessile, white",2cb62d2c7a1886c40d4beb50f9653f73a1ff52db3d6d59bcd863fed7bba335c1,eb3a97097dfe2e0febe0eb14aa9043098d1ef48663f79ea05956415bc30683b8,accepted_name_exact,wild_or_species_level_monograph_not_cultivar_limited,accept,true,true,true,false,,"Accepted after exact species identity, source page or original-study statement, trait-specific ontology, lineage and content fingerprint review; mapping retained only for flower_primary_color.",Codex source-backed rule-unlock wave-2 audit,2026-08-12T09:35:00Z
8ba718ab69cf7c0687aa3687,Albizia arenicola,flower_primary_color,white|green_brown_inconspicuous,https://plantuse.plantnet.org/en/Albizia_arenicola_(PROTA),Albizia arenicola (PROTA),"Lemmens, R.H.M.J., 2007. Albizia arenicola R.Vig. In: Louppe, D., Oteng-Amoako, A.A. & Brink, M. (Editors). PROTA (Plant Resources of Tropical Africa / Ressources végétales de l’Afrique tropicale), Wageningen, Netherlands.",A,expert_botanical_monograph_species_description,plantuse.plantnet.org,en,"*Flowers bisexual, regular, 5-merous, greenish white, almost sessile",6842a9cb477a26c4d9acd5cda262461557eb411f36e29d8ee61b633d9b57109d,3441f37ee0a773116e8ca514c5d1051e4d2b53d0947d7239d1ecac2ceb01c5cd,accepted_name_exact,wild_or_species_level_monograph_not_cultivar_limited,accept,true,true,true,false,,"Accepted after exact species identity, source page or original-study statement, trait-specific ontology, lineage and content fingerprint review; mapping retained only for flower_primary_color.",Codex source-backed rule-unlock wave-2 audit,2026-08-12T09:35:00Z
46a2cca5ccf04038a05169f5,Albizia bernieri,flower_primary_color,white|green_brown_inconspicuous,https://plantuse.plantnet.org/en/Albizia_bernieri_(PROTA),Albizia bernieri (PROTA),"Lemmens, R.H.M.J., 2007. Albizia bernieri E.Fourn. ex Villiers. In: Louppe, D., Oteng-Amoako, A.A. & Brink, M. (Editors). PROTA (Plant Resources of Tropical Africa / Ressources végétales de l’Afrique tropicale), Wageningen, Netherlands.",A,expert_botanical_monograph_species_description,plantuse.plantnet.org,en,"*Flowers bisexual, regular, 5-merous, greenish white, almost sessile",6842a9cb477a26c4d9acd5cda262461557eb411f36e29d8ee61b633d9b57109d,9146a301eb6af05211bddce43c1386e54fac37d79264fb2358195786d5cb9e9a,accepted_name_exact,wild_or_species_level_monograph_not_cultivar_limited,accept,true,true,true,false,,"Accepted after exact species identity, source page or original-study statement, trait-specific ontology, lineage and content fingerprint review; mapping retained only for flower_primary_color.",Codex source-backed rule-unlock wave-2 audit,2026-08-12T09:35:00Z
22c44cf5738b992cde4e9d29,Albizia boivinii,flower_primary_color,white|green_brown_inconspicuous,https://plantuse.plantnet.org/en/Albizia_boivinii_(PROTA),Albizia boivinii (PROTA),"Lemmens, R.H.M.J., 2007. Albizia boivinii E.Fourn. In: Louppe, D., Oteng-Amoako, A.A. & Brink, M. (Editors). PROTA (Plant Resources of Tropical Africa / Ressources végétales de l’Afrique tropicale), Wageningen, Netherlands.",A,expert_botanical_monograph_species_description,plantuse.plantnet.org,en,"*Flowers bisexual, regular, 5-merous, greenish white, sessile",e075ca2fd8c280f7dedbccf9c4a82b2bd047937d966b5a05bc60eba0acb7527d,98fbaed9e5a393c0ed41e644f45617063e5b33bf3bdf062ddb197f13447ce499,accepted_name_exact,wild_or_species_level_monograph_not_cultivar_limited,accept,true,true,true,false,,"Accepted after exact species identity, source page or original-study statement, trait-specific ontology, lineage and content fingerprint review; mapping retained only for flower_primary_color.",Codex source-backed rule-unlock wave-2 audit,2026-08-12T09:35:00Z
ecc5011b7a9c95c3dec44d62,Alchornea tiliifolia,floral_symmetry,actinomorphic,https://bfis.bforest.gov.bd/nef/index.php/data/dataSpecies/40,Forest Emission Factor Database - Alchornea tiliifolia,"Bangladesh Forest Information System, Forest Emission Factor Database species record: Alchornea tiliifolia",A,government_forest_database_species_record,bfis.bforest.gov.bd,en,Tree Species Details: Family Name: Euphorbiaceae; Genus: Alchornea; Species: Alchornea tiliifolia; floral symmetry: actinomorphic.,b243b9a507c0e73ae6fb4ad646f5add7af329479e363a46e4fc36af80a562f77,db128ece88ce04f7485fe377b7c78065086815143762a090c6a2b21fd67a735c,accepted_name_exact,wild_or_species_level_statement_not_cultivar_limited,accept,true,true,true,false,,"Accepted after exact species identity, source page or original-study statement, trait-specific ontology, lineage and content fingerprint review; mapping retained only for floral_symmetry.",Codex source-backed rule-unlock wave-2 audit,2026-08-12T09:35:00Z
a79a194df6a53e35a6c02047,Allanblackia stuhlmannii,floral_symmetry,actinomorphic,https://plantuse.plantnet.org/en/Allanblackia_stuhlmannii_(PROTA),Allanblackia stuhlmannii (PROTA),"Mwaura, L. & Munjuga, M., 2007. Allanblackia stuhlmannii (Engl.) Engl. [Internet] Record from PROTA4U. van der Vossen, H.A.M. & Mkamilo, G.S. (Editors). PROTA (Plant Resources of Tropical Africa / Ressources végétales de l’Afrique tropicale), Wageningen, Netherlands.",A,expert_botanical_monograph_species_description,plantuse.plantnet.org,en,"Flowers solitary in leaf axils or crowded at the end of branches, unisexual, regular, 5-merous, cream to reddish, fragrant",9ce1ca5ed8c7a982edc7db57176c53a7f27f67428c5cba277822473f2f4028ed,6af1831074f3033478471a1c0d6fc0fd56b2dcc975b44a0c773bb8924ec84066,accepted_name_exact,wild_or_species_level_monograph_not_cultivar_limited,accept,true,true,true,false,,"Accepted after exact species identity, source page or original-study statement, trait-specific ontology, lineage and content fingerprint review; mapping retained only for floral_symmetry.",Codex source-backed rule-unlock wave-2 audit,2026-08-12T09:35:00Z
1ed0cbd50e24278337e03020,Allanblackia stuhlmannii,inflorescence_display,solitary,https://plantuse.plantnet.org/en/Allanblackia_stuhlmannii_(PROTA),Allanblackia stuhlmannii (PROTA),"Mwaura, L. & Munjuga, M., 2007. Allanblackia stuhlmannii (Engl.) Engl. [Internet] Record from PROTA4U. van der Vossen, H.A.M. & Mkamilo, G.S. (Editors). PROTA (Plant Resources of Tropical Africa / Ressources végétales de l’Afrique tropicale), Wageningen, Netherlands.",A,expert_botanical_monograph_species_description,plantuse.plantnet.org,en,"Flowers solitary in leaf axils or crowded at the end of branches, unisexual, regular, 5-merous, cream to reddish, fragrant",9ce1ca5ed8c7a982edc7db57176c53a7f27f67428c5cba277822473f2f4028ed,6af1831074f3033478471a1c0d6fc0fd56b2dcc975b44a0c773bb8924ec84066,accepted_name_exact,wild_or_species_level_monograph_not_cultivar_limited,accept,true,true,true,false,,"Accepted after exact species identity, source page or original-study statement, trait-specific ontology, lineage and content fingerprint review; mapping retained only for inflorescence_display.",Codex source-backed rule-unlock wave-2 audit,2026-08-12T09:35:00Z
c1bc5e3033bd517b000623cf,Allium ascalonicum,flower_primary_color,white,https://indiaflora-ces.iisc.ac.in/herbsheet.php?id=14368&cat=13,India Flora Online - Allium ascalonicum,"Sankara Rao, K. and Deepak Kumar (2026). India Flora Online, species treatment: Allium ascalonicum.",A,university_herbarium_regional_flora_species_treatment,indiaflora-ces.iisc.ac.in,en,"Key identification features: Inflorescence many flowered globose head; Flowers white stellate hairy; Capsules small, loculicidal.",6a2c5d7de010db121d24d9487e2d2c393f35b5046fb4d2623d0e6839eec06d19,ba3ef1f90f26ebecfb0cbfbaab2f5c2298b0e9eb8f2cc784586d36dfdf3832e3,accepted_name_exact,wild_or_species_level_statement_not_cultivar_limited,accept,true,true,true,false,,"Accepted after exact species identity, source page or original-study statement, trait-specific ontology, lineage and content fingerprint review; mapping retained only for flower_primary_color.",Codex source-backed rule-unlock wave-2 audit,2026-08-12T09:35:00Z
54f2b9f3a4e3d1c0e192a969,Allophylus triphyllus,flower_primary_color,white|yellow_orange,https://indiaflora-ces.iisc.ac.in/herbsheet.php?id=12862&cat=13,India Flora Online - Allophylus triphyllus,"Sankara Rao, K. and Deepak Kumar (2026). India Flora Online, species treatment: Allophylus triphyllus.",A,university_herbarium_regional_flora_species_treatment,indiaflora-ces.iisc.ac.in,en,"Key identification features: Shrubs or small trees; Leaflets oval-oblong or lanceolate-acuminate, subentire or sellUlate; Flowers in axillary racemes, yellowish or white; Fruit globose, red when ripe.",9e16972b04e0be592471abaeccfc7109aa3fb2ae12cdaf6f363b433bd505b1c4,89edaad6441e7f43843f2e1ed06af49b350c333a4a9829aa84fd6fa2742a92fc,accepted_name_exact,wild_or_species_level_statement_not_cultivar_limited,accept,true,true,true,false,,"Accepted after exact species identity, source page or original-study statement, trait-specific ontology, lineage and content fingerprint review; mapping retained only for flower_primary_color.",Codex source-backed rule-unlock wave-2 audit,2026-08-12T09:35:00Z
d5188be8771b49c3950e97d4,Alniphyllum fortunei,flower_primary_color,white,https://indiaflora-ces.iisc.ac.in/herbsheet.php?id=14232&cat=13,India Flora Online - Alniphyllum fortunei,"Sankara Rao, K. and Deepak Kumar (2026). India Flora Online, species treatment: Alniphyllum fortunei.",A,university_herbarium_regional_flora_species_treatment,indiaflora-ces.iisc.ac.in,en,"Key identification features: Trees, about 10m high; younger branches densely stellate tomentose, older glabrous; Leaves elliptic to oblong-elliptic, shortly cordate at apex, callose-denticulate at margin; Flowers in 6-13-flowered, axillary or tenninal, stellate hairy lax panicles, white stellate hairy without; Capsules oblong; Seeds 2-winged.",e595c5f2f2ae1ee8a8941adf648b7069b42123de4c37f7e5afc42e82f4232127,39cda4e0eff2bcebe64af7925a7d18f45a397303a7d453808d57eba58509e879,accepted_name_exact,wild_or_species_level_statement_not_cultivar_limited,accept,true,true,true,false,,"Accepted after exact species identity, source page or original-study statement, trait-specific ontology, lineage and content fingerprint review; mapping retained only for flower_primary_color.",Codex source-backed rule-unlock wave-2 audit,2026-08-12T09:35:00Z
6ea023e3418001009285aa09,Aloe divaricata,flower_primary_color,red_pink,https://plantuse.plantnet.org/en/Aloe_divaricata_(PROTA),Aloe divaricata (PROTA),"Bosch, C.H., 2006. Aloe divaricata A.Berger. In: Schmelzer, G.H. & Gurib-Fakim, A. (Editors). PROTA (Plant Resources of Tropical Africa / Ressources végétales de l’Afrique tropicale), Wageningen, Netherlands.",A,expert_botanical_monograph_species_description,plantuse.plantnet.org,en,"perianth tubular, 2.5–3 cm long, up to 7 mm in diameter, lobes 6, free to base, scarlet or pale pink",b622eff9416c1d7a5f0c5c86a82c02a240eb39aab19d49081e0493aef74ca147,7cc958ee198e3d3099018c98ff6787ed2b40de38e6cdeb6fdc6424e93b190d47,accepted_name_exact,wild_or_species_level_monograph_not_cultivar_limited,accept,true,true,true,false,,"Accepted after exact species identity, source page or original-study statement, trait-specific ontology, lineage and content fingerprint review; mapping retained only for flower_primary_color.",Codex source-backed rule-unlock wave-2 audit,2026-08-12T09:35:00Z
da4d0507ec150293b3cd3fae,Alpinia nigra,flower_primary_color,red_pink|white,https://indiaflora-ces.iisc.ac.in/herbsheet.php?id=451&cat=13,India Flora Online - Alpinia nigra,"Sankara Rao, K. and Deepak Kumar (2026). India Flora Online, species treatment: Alpinia nigra.",A,university_herbarium_regional_flora_species_treatment,indiaflora-ces.iisc.ac.in,en,"Key identification features: Erect, perennial, Tuberous herbs; Leaves oblong- lanceolate, glabrous; Flowers in terminal, racemose panicle; corolla white with radiating pink lines on lip; Capsules black.",85bc82ac8f5e877292d983a2e4301c1e854f8f2f1b5df726d8ca925779250073,6fcf3bf22e0d98a48fb7bc55efaa2b95a63ab063c3eb6a3cc1c3076844019b9d,accepted_name_exact,wild_or_species_level_statement_not_cultivar_limited,accept,true,true,true,false,,"Accepted after exact species identity, source page or original-study statement, trait-specific ontology, lineage and content fingerprint review; mapping retained only for flower_primary_color.",Codex source-backed rule-unlock wave-2 audit,2026-08-12T09:35:00Z
da87ae074ae1c7f3198a317a,Alternanthera echinocephala,autonomous_selfing_capacity,autonomous,https://pmc.ncbi.nlm.nih.gov/articles/PMC3489146/,Pollination patterns and plant breeding systems in the Galapagos: a review,"Traveset et al. (2013), Annals of Botany 111:391-404, Table 1, DOI 10.1093/aob/mcs132",B,peer_reviewed_species_level_breeding_system_compilation,pmc.ncbi.nlm.nih.gov,en,"Table 1, Alternanthera echinocephala: Autonomously self-pollinates: Yes; Self-compatible: Yes; References: 4, 6. The table footnote identifies the numbered original studies used for each species.",8e28d2ef37071e9705c0547b2a4066ebf2cc4f0bda72c7209496ad7ec839c334,7ed900a65214c91c69d5be8f923464da4d0dd819116929deeeeb2941485b4d11,accepted_name_exact,wild_or_species_level_statement_not_cultivar_limited,accept,true,true,true,false,,"Accepted after exact species identity, source page or original-study statement, trait-specific ontology, lineage and content fingerprint review; mapping retained only for autonomous_selfing_capacity.",Codex source-backed rule-unlock wave-2 audit,2026-08-12T09:35:00Z
489de617a85938f4c38ce750,Alternanthera littoralis,flower_primary_color,white,https://plantuse.plantnet.org/en/Alternanthera_littoralis_(PROTA),Alternanthera littoralis (PROTA),"Jansen, P.C.M., 2004. Alternanthera littoralis P.Beauv. [Internet] Record from PROTA4U. Grubben, G.J.H. & Denton, O.A. (Editors). PROTA (Plant Resources of Tropical Africa / Ressources végétales de l’Afrique tropicale), Wageningen, Netherlands.",A,expert_botanical_monograph_species_description,plantuse.plantnet.org,en,"*Flowers bisexual, regular, 5-merous, white",252ad5f4f36df81f7b7c634a0edb059a1a47e7872ccc910c8085184217b3d305,ed23c3e10977e39e22ee8a696e2a3c05d5defe7cb4db1c7b35b064f7be11765f,accepted_name_exact,wild_or_species_level_monograph_not_cultivar_limited,accept,true,true,true,false,,"Accepted after exact species identity, source page or original-study statement, trait-specific ontology, lineage and content fingerprint review; mapping retained only for flower_primary_color.",Codex source-backed rule-unlock wave-2 audit,2026-08-12T09:35:00Z
205b9d339fc795c2e97fc040,Alysicarpus racemosus,flower_primary_color,blue_purple,https://indiaflora-ces.iisc.ac.in/herbsheet.php?id=497&cat=13,India Flora Online - Alysicarpus racemosus,"Sankara Rao, K. and Deepak Kumar (2026). India Flora Online, species treatment: Alysicarpus racemosus.",A,university_herbarium_regional_flora_species_treatment,indiaflora-ces.iisc.ac.in,en,Key identification features: Erect viscid herb; flowers purple,3a44283e8e67cde090145e1373cfcf256536be9ad4614bd20aa2655817973c62,86b6f7c100e1a45e474b230e70ca7c956832eb74c6e8e5fb5e12335ea036c5f3,accepted_name_exact,wild_or_species_level_statement_not_cultivar_limited,accept,true,true,true,false,,"Accepted after exact species identity, source page or original-study statement, trait-specific ontology, lineage and content fingerprint review; mapping retained only for flower_primary_color.",Codex source-backed rule-unlock wave-2 audit,2026-08-12T09:35:00Z
5374a1bb7af86733b25c85d0,Amischotolype mollissima,flower_primary_color,blue_purple|red_pink|white,https://indiaflora-ces.iisc.ac.in/herbsheet.php?id=532&cat=13,India Flora Online - Amischotolype mollissima,"Sankara Rao, K. and Deepak Kumar (2026). India Flora Online, species treatment: Amischotolype mollissima.",A,university_herbarium_regional_flora_species_treatment,indiaflora-ces.iisc.ac.in,en,"Key identification features: Perennial, robust herbs; Leaves elliptic, obovate-oblong, sparsely hairy beneath; Flowers red-violet, rarely whitish, in sessile, globose clusters; Capsules ellipsoid, 3-valved.",a56fa49b386f0e6ae2fd186a49e14fcf3d16637d55f5a47a3f87caaaef5843a1,324df3df45b30dfea0260b422b11c35e20db045a10b7d9ed51f92544589af820,accepted_name_exact,wild_or_species_level_statement_not_cultivar_limited,accept,true,true,true,false,,"Accepted after exact species identity, source page or original-study statement, trait-specific ontology, lineage and content fingerprint review; mapping retained only for flower_primary_color.",Codex source-backed rule-unlock wave-2 audit,2026-08-12T09:35:00Z
0eb785b143e1217172a6183b,Anamirta cocculus,inflorescence_display,raceme_spike_panicle,https://indiaflora-ces.iisc.ac.in/herbsheet.php?id=588&cat=13,India Flora Online - Anamirta cocculus,"Sankara Rao, K. and Deepak Kumar (2026). India Flora Online, species treatment: Anamirta cocculus.",A,university_herbarium_regional_flora_species_treatment,indiaflora-ces.iisc.ac.in,en,Key identification features: Flowers in panicles on old stems,d78c6058c97a054585357f66d206328e7e7a3ffd5f31b74dbcd9426f3ade42ab,2cc2456a9e2e0b7b48e2f770dd54e67b69c48cd8fddf6cd2b3bc59b607f7931e,accepted_name_exact,wild_or_species_level_statement_not_cultivar_limited,accept,true,true,true,false,,"Accepted after exact species identity, source page or original-study statement, trait-specific ontology, lineage and content fingerprint review; mapping retained only for inflorescence_display.",Codex source-backed rule-unlock wave-2 audit,2026-08-12T09:35:00Z
75ba2a3fb9b0d4fad7380876,Anaphalioides bellidioides,self_incompatibility,SI,https://academic.oup.com/aobpla/article/doi/10.1093/aobpla/plv095/1800409,Patterns in floral traits and plant breeding systems on Southern Ocean Islands,"Lord, J. M. (2015), AoB PLANTS 7:plv095, Supporting Information Table S1, DOI 10.1093/aobpla/plv095",B,peer_reviewed_species_level_compatibility_compilation,academic.oup.com,en,"Supporting Information Table S1: Anaphalioides bellidioides; compatibility and reference-number cell: SI; 32. The table defines SC as fully self-compatible, SCp as partially self-compatible, and SI as self-incompatible.",849a83a8132fe7f9f957774d4e75a2719b46a9a1df0e5b8ba54322a95904fae2,82766f10383d42eced8a609f49779ac91708e77f25ac0c34b541bc634e24ace4,accepted_name_exact,wild_or_species_level_statement_not_cultivar_limited,accept,true,true,true,false,,"Accepted after exact species identity, source page or original-study statement, trait-specific ontology, lineage and content fingerprint review; mapping retained only for self_incompatibility.",Codex source-backed rule-unlock wave-2 audit,2026-08-12T09:35:00Z
639816f6771c336d58d16662,Andrachne aspera,floral_symmetry,actinomorphic,https://plantuse.plantnet.org/en/Andrachne_aspera_(PROTA),Andrachne aspera (PROTA),"Schmelzer, G.H., 2008. Andrachne aspera Spreng. In: Schmelzer, G.H. & Gurib-Fakim, A. (Editors). PROTA (Plant Resources of Tropical Africa / Ressources végétales de l’Afrique tropicale), Wageningen, Netherlands.",A,expert_botanical_monograph_species_description,plantuse.plantnet.org,en,"Flowers unisexual, regular, 5(–6)-merous",639d4b2a98786e159be9ed452be2ae12da2511fe5e2c7c19f229b5e11d14a585,7263441b2b56468f5c4c9cd79664f59ef9c07dbb9645c92e522f6b1ac25cb8dd,accepted_name_exact,wild_or_species_level_monograph_not_cultivar_limited,accept,true,true,true,false,,"Accepted after exact species identity, source page or original-study statement, trait-specific ontology, lineage and content fingerprint review; mapping retained only for floral_symmetry.",Codex source-backed rule-unlock wave-2 audit,2026-08-12T09:35:00Z
e0c8dba86a07da59fbb3c96c,Andrachne aspera,inflorescence_display,umbel_corymb|solitary,https://plantuse.plantnet.org/en/Andrachne_aspera_(PROTA),Andrachne aspera (PROTA),"Schmelzer, G.H., 2008. Andrachne aspera Spreng. In: Schmelzer, G.H. & Gurib-Fakim, A. (Editors). PROTA (Plant Resources of Tropical Africa / Ressources végétales de l’Afrique tropicale), Wageningen, Netherlands.",A,expert_botanical_monograph_species_description,plantuse.plantnet.org,en,"male inflorescence a few-flowered fascicle, female flowers solitary.",87dab4fa3e6f79bdd7cbe9c7edd182b5e8ffe4a06a48c91db8db18acd08e0398,5b14529142b1fe623fa0b11e2a27142b19268151b773a15396ae85113629c316,accepted_name_exact,wild_or_species_level_monograph_not_cultivar_limited,accept,true,true,true,false,,"Accepted after exact species identity, source page or original-study statement, trait-specific ontology, lineage and content fingerprint review; mapping retained only for inflorescence_display.",Codex source-backed rule-unlock wave-2 audit,2026-08-12T09:35:00Z
a1d43c1aaeaee372716a3e32,Andrographis macrobotrys,flower_primary_color,blue_purple|red_pink,https://indiaflora-ces.iisc.ac.in/herbsheet.php?id=641&cat=13,India Flora Online - Andrographis macrobotrys,"Sankara Rao, K. and Deepak Kumar (2026). India Flora Online, species treatment: Andrographis macrobotrys.",A,university_herbarium_regional_flora_species_treatment,indiaflora-ces.iisc.ac.in,en,Key identification features: Corolla pink with dark purple-red blotches on lower lip,eef37dee63d2d5d67c4d7d699e55cc611a12c19dd0122b7498a31be9e8e63e6f,52543a84b1b4704cbf24008cb3043516adbc15eb4782d740a6e496788bc5d50a,accepted_name_exact,wild_or_species_level_statement_not_cultivar_limited,accept,true,true,true,false,,"Accepted after exact species identity, source page or original-study statement, trait-specific ontology, lineage and content fingerprint review; mapping retained only for flower_primary_color.",Codex source-backed rule-unlock wave-2 audit,2026-08-12T09:35:00Z
88bdb51a3ab8dc61fed227ed,Anthocleista amplexicaulis,floral_symmetry,actinomorphic,https://plantuse.plantnet.org/en/Anthocleista_amplexicaulis_(PROTA),Anthocleista amplexicaulis (PROTA),"de Ruijter, A., 2007. Anthocleista amplexicaulis Baker. In: Schmelzer, G.H. & Gurib-Fakim, A. (Editors). PROTA (Plant Resources of Tropical Africa / Ressources végétales de l’Afrique tropicale), Wageningen, Netherlands.",A,expert_botanical_monograph_species_description,plantuse.plantnet.org,en,"Flowers bisexual, regular",66a17760a31a38c843289dbe2b321d872a75c3367f46692d373fb47fb87b41f3,15370f8ea3fe137b9717c32a2e7e191aed087c7fa75f6f10ed755d0fe5a35fa6,accepted_name_exact,wild_or_species_level_monograph_not_cultivar_limited,accept,true,true,true,false,,"Accepted after exact species identity, source page or original-study statement, trait-specific ontology, lineage and content fingerprint review; mapping retained only for floral_symmetry.",Codex source-backed rule-unlock wave-2 audit,2026-08-12T09:35:00Z
81278f198037cd510ed88bbd,Anthocleista amplexicaulis,flower_primary_color,blue_purple,https://plantuse.plantnet.org/en/Anthocleista_amplexicaulis_(PROTA),Anthocleista amplexicaulis (PROTA),"de Ruijter, A., 2007. Anthocleista amplexicaulis Baker. In: Schmelzer, G.H. & Gurib-Fakim, A. (Editors). PROTA (Plant Resources of Tropical Africa / Ressources végétales de l’Afrique tropicale), Wageningen, Netherlands.",A,expert_botanical_monograph_species_description,plantuse.plantnet.org,en,"corolla with cylindrical tube 5–9 mm long, lobes 8–12, orbicular, broadly ovate or elliptical, 5–10 mm long, apex obtuse or rounded, spreading, violet or mauve",b59f398bdb9e53abb24ed3bf924ac9fff2341b685c63f4724d5a1a8603b1a10c,ae3014ab0449f0c1b0a8db622450ba9eca79faba1166f7e3a986fed0611645b9,accepted_name_exact,wild_or_species_level_monograph_not_cultivar_limited,accept,true,true,true,false,,"Accepted after exact species identity, source page or original-study statement, trait-specific ontology, lineage and content fingerprint review; mapping retained only for flower_primary_color.",Codex source-backed rule-unlock wave-2 audit,2026-08-12T09:35:00Z
523309792dd271e00c5b234f,Anthocleista amplexicaulis,inflorescence_display,umbel_corymb,https://plantuse.plantnet.org/en/Anthocleista_amplexicaulis_(PROTA),Anthocleista amplexicaulis (PROTA),"de Ruijter, A., 2007. Anthocleista amplexicaulis Baker. In: Schmelzer, G.H. & Gurib-Fakim, A. (Editors). PROTA (Plant Resources of Tropical Africa / Ressources végétales de l’Afrique tropicale), Wageningen, Netherlands.",A,expert_botanical_monograph_species_description,plantuse.plantnet.org,en,"Inflorescence an erect terminal dichasial cyme 15–30 cm long, many-flowered",8b93f28001a3b17ed9899fe781592b5b5cb5c550cb77651c8e9bf22b60b7eb9d,80fc39cbe01677431d87b9d5360f6f78655784296fa96a411ca5a1d0724a7354,accepted_name_exact,wild_or_species_level_monograph_not_cultivar_limited,accept,true,true,true,false,,"Accepted after exact species identity, source page or original-study statement, trait-specific ontology, lineage and content fingerprint review; mapping retained only for inflorescence_display.",Codex source-backed rule-unlock wave-2 audit,2026-08-12T09:35:00Z
f2253c71b3879fe0dd33c343,Anthocleista madagascariensis,floral_symmetry,actinomorphic,https://plantuse.plantnet.org/en/Anthocleista_madagascariensis_(PROTA),Anthocleista madagascariensis (PROTA),"de Ruijter, A., 2007. Anthocleista madagascariensis Baker. în: Schmelzer, G.H. & Gurib-Fakim, A. (Editors). PROTA (Plant Resources of Tropical Africa / Ressources végétales de l’Afrique tropicale), Wageningen, Netherlands.",A,expert_botanical_monograph_species_description,plantuse.plantnet.org,en,"Flowers bisexual, regular",66a17760a31a38c843289dbe2b321d872a75c3367f46692d373fb47fb87b41f3,c15ad4b2cba373b852c386858d722f76f86c80c2e5fd6e96922073c9b4247199,accepted_name_exact,wild_or_species_level_monograph_not_cultivar_limited,accept,true,true,true,false,,"Accepted after exact species identity, source page or original-study statement, trait-specific ontology, lineage and content fingerprint review; mapping retained only for floral_symmetry.",Codex source-backed rule-unlock wave-2 audit,2026-08-12T09:35:00Z
15e7db4b29518bf8bd73ad06,Anthocleista madagascariensis,inflorescence_display,umbel_corymb,https://plantuse.plantnet.org/en/Anthocleista_madagascariensis_(PROTA),Anthocleista madagascariensis (PROTA),"de Ruijter, A., 2007. Anthocleista madagascariensis Baker. în: Schmelzer, G.H. & Gurib-Fakim, A. (Editors). PROTA (Plant Resources of Tropical Africa / Ressources végétales de l’Afrique tropicale), Wageningen, Netherlands.",A,expert_botanical_monograph_species_description,plantuse.plantnet.org,en,"Inflorescence an erect terminal dichasial cyme, 5–20 cm long, many-flowered",c06082b5043aa0597fae9af1f0c07e9b6d52f66b146d0a6145fa1c90cfa90d33,12c49aa158bd16313b372d7bbdb5fe2eff6fb656e55bcd221142cff1d877fdbd,accepted_name_exact,wild_or_species_level_monograph_not_cultivar_limited,accept,true,true,true,false,,"Accepted after exact species identity, source page or original-study statement, trait-specific ontology, lineage and content fingerprint review; mapping retained only for inflorescence_display.",Codex source-backed rule-unlock wave-2 audit,2026-08-12T09:35:00Z
a9949b4b25f53ae98ca6b240,Anthocleista nobilis,floral_symmetry,actinomorphic,https://plantuse.plantnet.org/en/Anthocleista_nobilis_(PROTA),Anthocleista nobilis (PROTA),"Mosango, D.M., 2007. Anthocleista nobilis G.Don. In: Schmelzer, G.H. & Gurib-Fakim, A. (Editors). PROTA (Plant Resources of Tropical Africa / Ressources végétales de l’Afrique tropicale), Wageningen, Netherlands.",A,expert_botanical_monograph_species_description,plantuse.plantnet.org,en,"Flowers bisexual, regular",66a17760a31a38c843289dbe2b321d872a75c3367f46692d373fb47fb87b41f3,831415d329cde7ef98965fb7ee65eeeb2e1cb27d7db1364f692dcde59706a84c,accepted_name_exact,wild_or_species_level_monograph_not_cultivar_limited,accept,true,true,true,false,,"Accepted after exact species identity, source page or original-study statement, trait-specific ontology, lineage and content fingerprint review; mapping retained only for floral_symmetry.",Codex source-backed rule-unlock wave-2 audit,2026-08-12T09:35:00Z
ef22c6285bcb2cf775cd6b42,Anthocleista nobilis,inflorescence_display,umbel_corymb,https://plantuse.plantnet.org/en/Anthocleista_nobilis_(PROTA),Anthocleista nobilis (PROTA),"Mosango, D.M., 2007. Anthocleista nobilis G.Don. In: Schmelzer, G.H. & Gurib-Fakim, A. (Editors). PROTA (Plant Resources of Tropical Africa / Ressources végétales de l’Afrique tropicale), Wageningen, Netherlands.",A,expert_botanical_monograph_species_description,plantuse.plantnet.org,en,"Inflorescence an erect terminal dichasial cyme 12–60 cm long, many-flowered",15ec79110871b3d79c9273c21621d73a0c84f289a72e5f28c0d18aa4650150ed,2b940bf7ae9976683f86b1765e390e47ad5726f1bdcdbffbbf70b4cde86999d4,accepted_name_exact,wild_or_species_level_monograph_not_cultivar_limited,accept,true,true,true,false,,"Accepted after exact species identity, source page or original-study statement, trait-specific ontology, lineage and content fingerprint review; mapping retained only for inflorescence_display.",Codex source-backed rule-unlock wave-2 audit,2026-08-12T09:35:00Z
c8c65b0ef572b70dfd0eedfe,Anthocleista procera,floral_symmetry,actinomorphic,https://plantuse.plantnet.org/en/Anthocleista_procera_(PROTA),Anthocleista procera (PROTA),"de Ruijter, A., 2007. Anthocleista procera Lepr. ex Bureau. In: Schmelzer, G.H. & Gurib-Fakim, A. (Editors). PROTA (Plant Resources of Tropical Africa / Ressources végétales de l’Afrique tropicale), Wageningen, Netherlands.",A,expert_botanical_monograph_species_description,plantuse.plantnet.org,en,"Flowers bisexual, regular",66a17760a31a38c843289dbe2b321d872a75c3367f46692d373fb47fb87b41f3,92340e6667087ada6b13e1632753d895fb2eaa55e1c4bbfaf17ceb1d2b50d57d,accepted_name_exact,wild_or_species_level_monograph_not_cultivar_limited,accept,true,true,true,false,,"Accepted after exact species identity, source page or original-study statement, trait-specific ontology, lineage and content fingerprint review; mapping retained only for floral_symmetry.",Codex source-backed rule-unlock wave-2 audit,2026-08-12T09:35:00Z
e56e999ca82fd13a1f6d516f,Anthocleista procera,inflorescence_display,umbel_corymb,https://plantuse.plantnet.org/en/Anthocleista_procera_(PROTA),Anthocleista procera (PROTA),"de Ruijter, A., 2007. Anthocleista procera Lepr. ex Bureau. In: Schmelzer, G.H. & Gurib-Fakim, A. (Editors). PROTA (Plant Resources of Tropical Africa / Ressources végétales de l’Afrique tropicale), Wageningen, Netherlands.",A,expert_botanical_monograph_species_description,plantuse.plantnet.org,en,"Inflorescence an erect terminal dichasial cyme 30–60 cm long, many-flowered",855864cfa26586425c1aa574d5374a90dcd6590c1f23434462d22283f2388aae,5ab68557b7d0700ddef5140e2b2793f370f21c6558558f1328f9248c9693ac79,accepted_name_exact,wild_or_species_level_monograph_not_cultivar_limited,accept,true,true,true,false,,"Accepted after exact species identity, source page or original-study statement, trait-specific ontology, lineage and content fingerprint review; mapping retained only for inflorescence_display.",Codex source-backed rule-unlock wave-2 audit,2026-08-12T09:35:00Z
e8012851b70053763f14fc6d,Anthocleista vogelii,floral_symmetry,actinomorphic,https://plantuse.plantnet.org/en/Anthocleista_vogelii_(PROTA),Anthocleista vogelii (PROTA),"de Ruijter, A., 2007. Anthocleista vogelii Planch. In: Schmelzer, G.H. & Gurib-Fakim, A. (Editors). PROTA (Plant Resources of Tropical Africa / Ressources végétales de l’Afrique tropicale), Wageningen, Netherlands.",A,expert_botanical_monograph_species_description,plantuse.plantnet.org,en,"Flowers bisexual, regular",66a17760a31a38c843289dbe2b321d872a75c3367f46692d373fb47fb87b41f3,22640059b77196f19d2dbbb9dabecf4bbb32cf37908f49bd19d76464d776cce7,accepted_name_exact,wild_or_species_level_monograph_not_cultivar_limited,accept,true,true,true,false,,"Accepted after exact species identity, source page or original-study statement, trait-specific ontology, lineage and content fingerprint review; mapping retained only for floral_symmetry.",Codex source-backed rule-unlock wave-2 audit,2026-08-12T09:35:00Z
ce06e610a82b23f4611de114,Anthocleista vogelii,inflorescence_display,umbel_corymb,https://plantuse.plantnet.org/en/Anthocleista_vogelii_(PROTA),Anthocleista vogelii (PROTA),"de Ruijter, A., 2007. Anthocleista vogelii Planch. In: Schmelzer, G.H. & Gurib-Fakim, A. (Editors). PROTA (Plant Resources of Tropical Africa / Ressources végétales de l’Afrique tropicale), Wageningen, Netherlands.",A,expert_botanical_monograph_species_description,plantuse.plantnet.org,en,"Inflorescence an erect terminal dichasial cyme 30–50 cm long, many-flowered",46d3b007f040bcfe7e67b84b475f0bb3c210d12056043f3ce90c2192aec679de,66401bc7383c8bb2f2444064345cb963708f181ac5c4e47ad631c813d891c434,accepted_name_exact,wild_or_species_level_monograph_not_cultivar_limited,accept,true,true,true,false,,"Accepted after exact species identity, source page or original-study statement, trait-specific ontology, lineage and content fingerprint review; mapping retained only for inflorescence_display.",Codex source-backed rule-unlock wave-2 audit,2026-08-12T09:35:00Z
5e70270817c8afe5f7fc15d4,Anthostema madagascariense,inflorescence_display,umbel_corymb,https://plantuse.plantnet.org/en/Anthostema_madagascariense_(PROTA),Anthostema madagascariense (PROTA),"Oyen, L.P.A. & Louppe, D., 2011. Anthostema madagascariense Baill. In: Lemmens, R.H.M.J., Louppe, D. & Oteng-Amoako, A.A. (Editors). PROTA (Plant Resources of Tropical Africa / Ressources végétales de l’Afrique tropicale), Wageningen, Netherlands.",A,expert_botanical_monograph_species_description,plantuse.plantnet.org,en,"*Inflorescence an axillary cyme with at apex of each cyme-branch a common involucre composed of 4 small partly fused bracts with glandular margins, enclosing a female flower surrounded by involucres, each containing several male flowers.",2f183fd0781a974a8ce13320d6f41ec98d57966ae930e81050ba78f5e5a9af8f,3bf852f86a78a552d8bca746a32443c0b982d895470094d8492f4ebd8d1ca871,accepted_name_exact,wild_or_species_level_monograph_not_cultivar_limited,accept,true,true,true,false,,"Accepted after exact species identity, source page or original-study statement, trait-specific ontology, lineage and content fingerprint review; mapping retained only for inflorescence_display.",Codex source-backed rule-unlock wave-2 audit,2026-08-12T09:35:00Z
1fa5b024910159e8b2a6fcd9,Anthostema senegalense,inflorescence_display,umbel_corymb,https://plantuse.plantnet.org/en/Anthostema_senegalense_(PROTA),Anthostema senegalense (PROTA),"Schmelzer, G.H., 2008. Anthostema senegalense A.Juss. In: Schmelzer, G.H. & Gurib-Fakim, A. (Editors). PROTA (Plant Resources of Tropical Africa / Ressources végétales de l’Afrique tropicale), Wageningen, Netherlands.",A,expert_botanical_monograph_species_description,plantuse.plantnet.org,en,"Inflorescence an axillary, dense, much-branched sessile cyme with at apex of each cyme-branch a common involucre composed of 4 small partly fused bracts with glandular margins, enclosing 4 involucres each containing c.",59495be643aa1e4d793798b926563faac749c67b2b712fff073ad502b1d1cd39,d67bd24b9b5fb6b3a48ac66610c7a1309eb9143a7a872ed0771b4fb2f7f04725,accepted_name_exact,wild_or_species_level_monograph_not_cultivar_limited,accept,true,true,true,false,,"Accepted after exact species identity, source page or original-study statement, trait-specific ontology, lineage and content fingerprint review; mapping retained only for inflorescence_display.",Codex source-backed rule-unlock wave-2 audit,2026-08-12T09:35:00Z
6339a00a3749068a090b5b5a,Antidesma acidum,floral_symmetry,actinomorphic,https://bfis.bforest.gov.bd/nef/index.php/data/dataSpecies/40,Forest Emission Factor Database - Antidesma acidum,"Bangladesh Forest Information System, Forest Emission Factor Database species record: Antidesma acidum",A,government_forest_database_species_record,bfis.bforest.gov.bd,en,Tree Species Details: Family Name: Euphorbiaceae; Genus: Antidesma; Species: Antidesma acidum; floral symmetry: actinomorphic.,0567a93479a0063ffa4aa961a54b05a2d3ba4a5ac5adbbabf7ff7ebf18a1b0a7,75f5db5f6bae8eb0330b08fc39cf69331bd107622f7f987e664de9f4ce8c1f8d,accepted_name_exact,wild_or_species_level_statement_not_cultivar_limited,accept,true,true,true,false,,"Accepted after exact species identity, source page or original-study statement, trait-specific ontology, lineage and content fingerprint review; mapping retained only for floral_symmetry.",Codex source-backed rule-unlock wave-2 audit,2026-08-12T09:35:00Z
d411c36438237c17526b47d3,Antidesma ghaesembilla,floral_symmetry,actinomorphic,https://bfis.bforest.gov.bd/nef/index.php/data/dataSpecies/40,Forest Emission Factor Database - Antidesma ghaesembilla,"Bangladesh Forest Information System, Forest Emission Factor Database species record: Antidesma ghaesembilla",A,government_forest_database_species_record,bfis.bforest.gov.bd,en,Tree Species Details: Family Name: Euphorbiaceae; Genus: Antidesma; Species: Antidesma ghaesembilla; floral symmetry: actinomorphic.,28f60f80d6744f829577b9f1ccd14236ee804c4945fa2aed2a2ce29e628ce034,ba26edf5168c7f4fbec35a780f091594d952a4e56e8748f232f23430311031a2,accepted_name_exact,wild_or_species_level_statement_not_cultivar_limited,accept,true,true,true,false,,"Accepted after exact species identity, source page or original-study statement, trait-specific ontology, lineage and content fingerprint review; mapping retained only for floral_symmetry.",Codex source-backed rule-unlock wave-2 audit,2026-08-12T09:35:00Z
ffe2f3f7f914e6f65fd55a9d,Antidesma laciniatum,flower_primary_color,blue_purple|red_pink|green_brown_inconspicuous,https://plantuse.plantnet.org/en/Antidesma_laciniatum_(PROTA),Antidesma laciniatum (PROTA),"Schmelzer, G.H., 2007. Antidesma laciniatum Müll.Arg. In: Schmelzer, G.H. & Gurib-Fakim, A. (Editors). PROTA (Plant Resources of Tropical Africa / Ressources végétales de l’Afrique tropicale), Wageningen, Netherlands.",A,expert_botanical_monograph_species_description,plantuse.plantnet.org,en,"male flowers with cup-shaped calyx up to 1 mm long, 3-toothed, ciliate, reddish pink to reddish purple, stamens 3, 1.5–2 mm long ; female flowers with cup-shaped calyx up to 1.5 mm long, 3-toothed, brownish, ovary superior, ellipsoid, c.",d5314d884eef60bf4e89f34ae7a581130c9f7f9fc24f67a82297b4791382c3b6,251ea599b5db545974e7ce14747c284f817b2431e83acdf4bc4549bad99b3bdb,accepted_name_exact,wild_or_species_level_monograph_not_cultivar_limited,accept,true,true,true,false,,"Accepted after exact species identity, source page or original-study statement, trait-specific ontology, lineage and content fingerprint review; mapping retained only for flower_primary_color.",Codex source-backed rule-unlock wave-2 audit,2026-08-12T09:35:00Z
ea52d596c10533e3bf35770e,Antidesma montanum,floral_symmetry,actinomorphic,https://bfis.bforest.gov.bd/nef/index.php/data/dataSpecies/40,Forest Emission Factor Database - Antidesma montanum,"Bangladesh Forest Information System, Forest Emission Factor Database species record: Antidesma montanum",A,government_forest_database_species_record,bfis.bforest.gov.bd,en,Tree Species Details: Family Name: Euphorbiaceae; Genus: Antidesma; Species: Antidesma montanum; floral symmetry: actinomorphic.,a89c6a6c40210a58e84ac908807bc13010459b6dd7751121acb08ea7a7d0e538,ce3c73c0176fa63f0e378a757b5e378c68ee9abb597b55edd3f869795686c983,accepted_name_exact,wild_or_species_level_statement_not_cultivar_limited,accept,true,true,true,false,,"Accepted after exact species identity, source page or original-study statement, trait-specific ontology, lineage and content fingerprint review; mapping retained only for floral_symmetry.",Codex source-backed rule-unlock wave-2 audit,2026-08-12T09:35:00Z
218eff95035e203258f1f541,Antidesma roxburghii,floral_symmetry,actinomorphic,https://bfis.bforest.gov.bd/nef/index.php/data/dataSpecies/40,Forest Emission Factor Database - Antidesma roxburghii,"Bangladesh Forest Information System, Forest Emission Factor Database species record: Antidesma roxburghii",A,government_forest_database_species_record,bfis.bforest.gov.bd,en,Tree Species Details: Family Name: Euphorbiaceae; Genus: Antidesma; Species: Antidesma roxburghii; floral symmetry: actinomorphic.,79a0a57fc201bf649b1567b53329ee961c769c034aac5eef1a322d9e4c11b4ce,c2bd8932cdddaa1fca8949f8ad2f4bf17f692ace80979c63a9ab69018ed16d48,accepted_name_exact,wild_or_species_level_statement_not_cultivar_limited,accept,true,true,true,false,,"Accepted after exact species identity, source page or original-study statement, trait-specific ontology, lineage and content fingerprint review; mapping retained only for floral_symmetry.",Codex source-backed rule-unlock wave-2 audit,2026-08-12T09:35:00Z
60cec4ec1e09dbb0caa818b1,Antidesma roxburghii,flower_primary_color,green_brown_inconspicuous,https://indiaflora-ces.iisc.ac.in/herbsheet.php?id=14372&cat=13,India Flora Online - Antidesma roxburghii,"Sankara Rao, K. and Deepak Kumar (2026). India Flora Online, species treatment: Antidesma roxburghii.",A,university_herbarium_regional_flora_species_treatment,indiaflora-ces.iisc.ac.in,en,"Key identification features: Shrubs or small trees, 2-10 cm high; young branches densely rusty villous; Leaves obovate, obovate-elliptic or oblong, densely tomentose beneath; Flowers in stout, decurved spikes, greenish; Fruits ovoid- ellipsoid, bright red.",4ae349c42352f5bc316a2dc77459b52c86a3b027db774feda81b0ed0065bf68f,27ca0b3be539ffa4c44d3a48a392cec3f1a6a6012885b4582520a2a82181e602,accepted_name_exact,wild_or_species_level_statement_not_cultivar_limited,accept,true,true,true,false,,"Accepted after exact species identity, source page or original-study statement, trait-specific ontology, lineage and content fingerprint review; mapping retained only for flower_primary_color.",Codex source-backed rule-unlock wave-2 audit,2026-08-12T09:35:00Z
bf35f5692f34fdb525a695a6,Antidesma velutinum,floral_symmetry,actinomorphic,https://bfis.bforest.gov.bd/nef/index.php/data/dataSpecies/40,Forest Emission Factor Database - Antidesma velutinum,"Bangladesh Forest Information System, Forest Emission Factor Database species record: Antidesma velutinum",A,government_forest_database_species_record,bfis.bforest.gov.bd,en,Tree Species Details: Family Name: Euphorbiaceae; Genus: Antidesma; Species: Antidesma velutinum; floral symmetry: actinomorphic.,73fe4cea4fe8a475d7529a2566cf9271072e1474667b478c8d172a05a5adad78,381d4723902736adea466b169f6344a6d21cde2c4b367d68be6531e9f043825a,accepted_name_exact,wild_or_species_level_statement_not_cultivar_limited,accept,true,true,true,false,,"Accepted after exact species identity, source page or original-study statement, trait-specific ontology, lineage and content fingerprint review; mapping retained only for floral_symmetry.",Codex source-backed rule-unlock wave-2 audit,2026-08-12T09:35:00Z
1ce8d8301f71ce1004878aaf,Apodocephala pauciflora,floral_form,tubular,https://plantuse.plantnet.org/en/Apodocephala_pauciflora_(PROTA),Apodocephala pauciflora (PROTA),"Lemmens, R.H.M.J., 2010. Apodocephala pauciflora Baker. In: Lemmens, R.H.M.J., Louppe, D. & Oteng-Amoako, A.A. (Editors). PROTA (Plant Resources of Tropical Africa / Ressources végétales de l’Afrique tropicale), Wageningen, Netherlands.",A,expert_botanical_monograph_species_description,plantuse.plantnet.org,en,"*Flowers in the axils of bracts, 3–4 per head, bisexual, all tubular, scented",c8a87f43d8319a7f242ce7c95599223d71f0fda3b9d94dbac76555ac6dfe5b9d,9e48caf45d30bf77cba73877222764446befe37d7967f8f2ace86daf1e811288,accepted_name_exact,wild_or_species_level_monograph_not_cultivar_limited,accept,true,true,true,false,,"Accepted after exact species identity, source page or original-study statement, trait-specific ontology, lineage and content fingerprint review; mapping retained only for floral_form.",Codex source-backed rule-unlock wave-2 audit,2026-08-12T09:35:00Z
e09f1241337588c7e0f2932a,Apodocephala pauciflora,flower_primary_color,white,https://plantuse.plantnet.org/en/Apodocephala_pauciflora_(PROTA),Apodocephala pauciflora (PROTA),"Lemmens, R.H.M.J., 2010. Apodocephala pauciflora Baker. In: Lemmens, R.H.M.J., Louppe, D. & Oteng-Amoako, A.A. (Editors). PROTA (Plant Resources of Tropical Africa / Ressources végétales de l’Afrique tropicale), Wageningen, Netherlands.",A,expert_botanical_monograph_species_description,plantuse.plantnet.org,en,"corolla white, with cylindrical tube slightly inflated at base and 5 spreading lobes",5990bdcae3eccfef9735db475f3f90224288610cd8614cf94b9330a60daefe1d,aa5ffcd2fd43d3856124d6cdfef14cc3960e44a78728a63341d9c92e1022f02b,accepted_name_exact,wild_or_species_level_monograph_not_cultivar_limited,accept,true,true,true,false,,"Accepted after exact species identity, source page or original-study statement, trait-specific ontology, lineage and content fingerprint review; mapping retained only for flower_primary_color.",Codex source-backed rule-unlock wave-2 audit,2026-08-12T09:35:00Z
0457563b11dba027f810430b,Apodocephala pauciflora,inflorescence_display,composite_display,https://plantuse.plantnet.org/en/Apodocephala_pauciflora_(PROTA),Apodocephala pauciflora (PROTA),"Lemmens, R.H.M.J., 2010. Apodocephala pauciflora Baker. In: Lemmens, R.H.M.J., Louppe, D. & Oteng-Amoako, A.A. (Editors). PROTA (Plant Resources of Tropical Africa / Ressources végétales de l’Afrique tropicale), Wageningen, Netherlands.",A,expert_botanical_monograph_species_description,plantuse.plantnet.org,en,"*Inflorescence a head c. ; *Flowers in the axils of bracts, 3–4 per head, bisexual, all tubular, scented",9418b6bc7960cdd5193458d9e25da0876673801c3e82a79b09af3d0cbcd42425,d646583a516a86d618ddabda95b95f602a7d0f194b8e0e903eda69dd55635bd2,accepted_name_exact,wild_or_species_level_monograph_not_cultivar_limited,accept,true,true,true,false,,"Accepted after exact species identity, source page or original-study statement, trait-specific ontology, lineage and content fingerprint review; mapping retained only for inflorescence_display.",Codex source-backed rule-unlock wave-2 audit,2026-08-12T09:35:00Z
ee9a9d854d0e294c4f68b3c7,Aporosa aurea,floral_symmetry,actinomorphic,https://bfis.bforest.gov.bd/nef/index.php/data/dataSpecies/40,Forest Emission Factor Database - Aporosa aurea,"Bangladesh Forest Information System, Forest Emission Factor Database species record: Aporosa aurea",A,government_forest_database_species_record,bfis.bforest.gov.bd,en,Tree Species Details: Family Name: Euphorbiaceae; Genus: Aporosa; Species: Aporosa aurea; floral symmetry: actinomorphic.,42976a1e9159fdb78dc68341424888c0753b220cb2cd0cacb027307b0818cd85,4c2edd02f96b58825c286bd5a991a92d718132c45a3c3b119e0ae572e6c81ab5,accepted_name_exact,wild_or_species_level_statement_not_cultivar_limited,accept,true,true,true,false,,"Accepted after exact species identity, source page or original-study statement, trait-specific ontology, lineage and content fingerprint review; mapping retained only for floral_symmetry.",Codex source-backed rule-unlock wave-2 audit,2026-08-12T09:35:00Z
485d75a617775ef950dcdc8b,Arachnis clarkei,flower_primary_color,green_brown_inconspicuous|red_pink|yellow_orange,https://indiaflora-ces.iisc.ac.in/herbsheet.php?id=4598&cat=13,India Flora Online - Esmeralda clarkei,"Sankara Rao, K. and Deepak Kumar (2026). India Flora Online, species treatment: Esmeralda clarkei.",A,university_herbarium_regional_flora_species_treatment,indiaflora-ces.iisc.ac.in,en,"Key identification features: Flowers slightly fragrant, opening widely, pale yellow with reddish brown transverse stripes",927187c7532d26469c925c251e77da5f08ed027385c5d6a1389191182b3b8cbb,1766385408f5d40f2fa575099ac741ed27fc64e58de45f07affdd627ff9cba5f,exact_synonym,wild_or_species_level_statement_not_cultivar_limited,accept,true,true,true,false,,"Accepted after exact species identity, source page or original-study statement, trait-specific ontology, lineage and content fingerprint review; mapping retained only for flower_primary_color.",Codex source-backed rule-unlock wave-2 audit,2026-08-12T09:35:00Z
78f4674f5b00f64202d767e7,Arachnis flos-aeris,flower_primary_color,green_brown_inconspicuous|red_pink|yellow_orange,https://indiaflora-ces.iisc.ac.in/herbsheet.php?id=13746&cat=13,India Flora Online - Arachnis flos-aeris,"Sankara Rao, K. and Deepak Kumar (2026). India Flora Online, species treatment: Arachnis flos-aeris.",A,university_herbarium_regional_flora_species_treatment,indiaflora-ces.iisc.ac.in,en,"Key identification features: Epiphytic herbs; Leaves loriform or linear-oblong, obliquely notched at apex; Flowers in panicle, green or yellow with maroon dashes; Lip 3-lobed, shortly spurred below",6e08dd331bbacda75a769e52eb661bd99d6e7e7ae5e43d7317ec6e36bdc40d6a,78d472bb425ebf1899a5175bc87a08d08f3f82017cc728d63815dc3c8b757ac1,accepted_name_exact,wild_or_species_level_statement_not_cultivar_limited,accept,true,true,true,false,,"Accepted after exact species identity, source page or original-study statement, trait-specific ontology, lineage and content fingerprint review; mapping retained only for flower_primary_color.",Codex source-backed rule-unlock wave-2 audit,2026-08-12T09:35:00Z
77f961516eac8a2f88db6b70,Aralia armata,flower_primary_color,green_brown_inconspicuous|white|yellow_orange,https://indiaflora-ces.iisc.ac.in/herbsheet.php?id=13707&cat=13,India Flora Online - Aralia armata,"Sankara Rao, K. and Deepak Kumar (2026). India Flora Online, species treatment: Aralia armata.",A,university_herbarium_regional_flora_species_treatment,indiaflora-ces.iisc.ac.in,en,"Key identification features: Prickly shrubs or small trees, 4-7 m tall; Leaves very large, 3-4 pinnate; rachis prickly, with a pair of leaflets at each division; leaflets ovate-lanceolate, rounded or cordate at base, acuminate at apex, bristly serrualte along margins, pilose or hairy on both the surfaces; petioles hairy, short; Umbels in terminal panicles; Flowers whitish or greenish yellow; Fruits subglobose, conspicuously 5-angled, glabrous, purplish-black when ripe.",8cd9adfe0c3402c4972f57ff8dd74a43d01a6ebf03a8c1f5a14a2b561258533b,81dfd39b287b66f9f284bf99060578df66c46163f91e0b7b2319b741087fa3e4,accepted_name_exact,wild_or_species_level_statement_not_cultivar_limited,accept,true,true,true,false,,"Accepted after exact species identity, source page or original-study statement, trait-specific ontology, lineage and content fingerprint review; mapping retained only for flower_primary_color.",Codex source-backed rule-unlock wave-2 audit,2026-08-12T09:35:00Z
ff5b6ffcdbbceadebde3fc78,Archidendron bigeminum,flower_primary_color,white,https://indiaflora-ces.iisc.ac.in/herbsheet.php?id=823&cat=13,India Flora Online - Archidendron monadelphum,"Sankara Rao, K. and Deepak Kumar (2026). India Flora Online, species treatment: Archidendron monadelphum.",A,university_herbarium_regional_flora_species_treatment,indiaflora-ces.iisc.ac.in,en,"Key identification features: An unarmed tree, leaves bipinnate, petiole 3-4 cm long with gland above the middle, pinnae 1-2 pairs, up to 15 cm long, glands between all leaflets, leaflets 3-4 pairs, 15cm long, 5 cm broad, flowers white, pod circinate, brown outside, orange red within",75d8dc51950e3c3f6548451c810339ac8056eb54a0b0c86f9050ebdd16c417ee,2d0d1b05d48a626bd23898c1e28a4c29e4440731f8780daccb0f5d5c04fda1d1,exact_synonym,wild_or_species_level_statement_not_cultivar_limited,accept,true,true,true,false,,"Accepted after exact species identity, source page or original-study statement, trait-specific ontology, lineage and content fingerprint review; mapping retained only for flower_primary_color.",Codex source-backed rule-unlock wave-2 audit,2026-08-12T09:35:00Z
d37b8e9707caf7cfb467cbec,Ardisia colorata,flower_primary_color,white,https://indiaflora-ces.iisc.ac.in/herbsheet.php?id=14195&cat=13,India Flora Online - Ardisia colorata,"Sankara Rao, K. and Deepak Kumar (2026). India Flora Online, species treatment: Ardisia colorata.",A,university_herbarium_regional_flora_species_treatment,indiaflora-ces.iisc.ac.in,en,"Key identification features: Shrubs or small trees, 1-2 m high, ferruginously tomentose; Leaves oblong -lanceolate or lanceolate, entire, glabrous; Flowers in terminal pyramidal panicles, white; Fruits globose, pink or red.",5bc33fb998ac09783125317b3d486dab3314853dbdb3826de3784fc75c3eeb30,89ce653007ec40618cee33c17f5bcbd11098fbf653444a62966a7a3066c69bbe,accepted_name_exact,wild_or_species_level_statement_not_cultivar_limited,accept,true,true,true,false,,"Accepted after exact species identity, source page or original-study statement, trait-specific ontology, lineage and content fingerprint review; mapping retained only for flower_primary_color.",Codex source-backed rule-unlock wave-2 audit,2026-08-12T09:35:00Z
192ca491d8903ba2d45cfca0,Ardisia rothii,flower_primary_color,red_pink,https://indiaflora-ces.iisc.ac.in/herbsheet.php?id=841&cat=13,India Flora Online - Ardisia missionis,"Sankara Rao, K. and Deepak Kumar (2026). India Flora Online, species treatment: Ardisia missionis.",A,university_herbarium_regional_flora_species_treatment,indiaflora-ces.iisc.ac.in,en,Key identification features: Corolla pink; lobes with resinous dots.,8a27608a4f2941daf8f2e719910a016df2fab73df73d6cddf8ea68316ffa87a5,dfda698c7c3ef7488020ce9e4d05d75792baadb5dbc31208506651ffa73def60,exact_synonym,wild_or_species_level_statement_not_cultivar_limited,accept,true,true,true,false,,"Accepted after exact species identity, source page or original-study statement, trait-specific ontology, lineage and content fingerprint review; mapping retained only for flower_primary_color.",Codex source-backed rule-unlock wave-2 audit,2026-08-12T09:35:00Z
00ad5ca5a517103e8cf93e76,Argyreia bracteata,flower_primary_color,blue_purple,https://indiaflora-ces.iisc.ac.in/herbsheet.php?id=885&cat=13,India Flora Online - Argyreia bracteata,"Sankara Rao, K. and Deepak Kumar (2026). India Flora Online, species treatment: Argyreia bracteata.",A,university_herbarium_regional_flora_species_treatment,indiaflora-ces.iisc.ac.in,en,Key identification features: Corolla purple funnel shaped.,fa4a3983450c3109ab6e4d1d52291751f0f8121d8dc90229966887ad4eb2b168,141bf8c805903bfe161787b97314e42485efdab987fcf1e2240000a6adf3180c,accepted_name_exact,wild_or_species_level_statement_not_cultivar_limited,accept,true,true,true,false,,"Accepted after exact species identity, source page or original-study statement, trait-specific ontology, lineage and content fingerprint review; mapping retained only for flower_primary_color.",Codex source-backed rule-unlock wave-2 audit,2026-08-12T09:35:00Z
a5a455f3e225e4a1a864e4d1,Artanema longifolium,floral_symmetry,zygomorphic,https://plantuse.plantnet.org/en/Artanema_longifolium_(PROTA),Artanema longifolium (PROTA),"Jansen, P.C.M., 2004. Artanema longifolium (L.) Vatke. [Internet] Record from PROTA4U. Grubben, G.J.H. & Denton, O.A. (Editors). PROTA (Plant Resources of Tropical Africa / Ressources végétales de l’Afrique tropicale), Wageningen, Netherlands.",A,expert_botanical_monograph_species_description,plantuse.plantnet.org,en,"*Flowers bisexual, zygomorphic",2166e421fcdf2f53dc67944e8ab95c385e074c2a5bca81ea33bcd54c11416157,6a531a63b663d1ca53c5f53f96d1d936582e8fac190dbff6533f3e26f96e8142,accepted_name_exact,wild_or_species_level_monograph_not_cultivar_limited,accept,true,true,true,false,,"Accepted after exact species identity, source page or original-study statement, trait-specific ontology, lineage and content fingerprint review; mapping retained only for floral_symmetry.",Codex source-backed rule-unlock wave-2 audit,2026-08-12T09:35:00Z
a02f16f0b882f9380885a7a7,Artanema longifolium,inflorescence_display,raceme_spike_panicle,https://plantuse.plantnet.org/en/Artanema_longifolium_(PROTA),Artanema longifolium (PROTA),"Jansen, P.C.M., 2004. Artanema longifolium (L.) Vatke. [Internet] Record from PROTA4U. Grubben, G.J.H. & Denton, O.A. (Editors). PROTA (Plant Resources of Tropical Africa / Ressources végétales de l’Afrique tropicale), Wageningen, Netherlands.",A,expert_botanical_monograph_species_description,plantuse.plantnet.org,en,"*Inflorescence a terminal, erect, many-flowered, peduncled raceme up to 40 cm long.",cda61bedf0b18f87df95828c9700894b0090cd7a3238e7a6bc1dd17e49887fe0,d24c02f8750868ee5d871ef44123c265b3d83c0a432098068f87996bebd1f030,accepted_name_exact,wild_or_species_level_monograph_not_cultivar_limited,accept,true,true,true,false,,"Accepted after exact species identity, source page or original-study statement, trait-specific ontology, lineage and content fingerprint review; mapping retained only for inflorescence_display.",Codex source-backed rule-unlock wave-2 audit,2026-08-12T09:35:00Z
f53814cb70c7bab3688e4677,Artocarpus lacucha,flower_primary_color,yellow_orange,https://indiaflora-ces.iisc.ac.in/herbsheet.php?id=1047&cat=13,India Flora Online - Artocarpus lacucha,"Sankara Rao, K. and Deepak Kumar (2026). India Flora Online, species treatment: Artocarpus lacucha.",A,university_herbarium_regional_flora_species_treatment,indiaflora-ces.iisc.ac.in,en,"Key identification features: Trees, 30-40 m high; bark dark brown with milky latex; Leaves broadly oblong-elliptic, entire, acuminate, coriaceous, pubescent beneath; Flowers in axillary, globose heads, short peduncled, yellow; Fruits globose, convoluted; Seeds oblong.",48029f561ba1e899e2f5fab3077634e3e13b32dd020c58eb94410618ea88a1ce,af9a00ab1f616b8707232cf4d50beb294e9ae741675db1fd67b800d6ec65e9d7,accepted_name_exact,wild_or_species_level_statement_not_cultivar_limited,accept,true,true,true,false,,"Accepted after exact species identity, source page or original-study statement, trait-specific ontology, lineage and content fingerprint review; mapping retained only for flower_primary_color.",Codex source-backed rule-unlock wave-2 audit,2026-08-12T09:35:00Z
b68c594c7a5e655d0b54c4c1,Aspidopterys glabriuscula,flower_primary_color,yellow_orange,https://indiaflora-ces.iisc.ac.in/herbsheet.php?id=12794&cat=13,India Flora Online - Aspidopterys glabriuscula,"Sankara Rao, K. and Deepak Kumar (2026). India Flora Online, species treatment: Aspidopterys glabriuscula.",A,university_herbarium_regional_flora_species_treatment,indiaflora-ces.iisc.ac.in,en,"Key identification features: Woody climbers; Leaves elliptic, elliptic-Ianceolate or ovate, cordate at base; Flowers in axillary or terminal, lax panicles, pubescent, yellowish;Samaras ovate-oblong or peltate, finely veined.",78647b69f4f4232190bc64d7b5d55aa9163957fe662196c7b73ddbf12fa62b9b,3dc95170190ac5ff108b1bfbd6f05156ab3224a7f65dee2412d8c9a5a0c8339f,accepted_name_exact,wild_or_species_level_statement_not_cultivar_limited,accept,true,true,true,false,,"Accepted after exact species identity, source page or original-study statement, trait-specific ontology, lineage and content fingerprint review; mapping retained only for flower_primary_color.",Codex source-backed rule-unlock wave-2 audit,2026-08-12T09:35:00Z
eeed06c3c02fe7567ca12dbe,Asteropeia rhopaloides,floral_symmetry,actinomorphic,https://plantuse.plantnet.org/en/Asteropeia_rhopaloides_(PROTA),Asteropeia rhopaloides (PROTA),"Lemmens, R.H.M.J., 2009. Asteropeia rhopaloides (Baker) Baill. In: Lemmens, R.H.M.J., Louppe, D. & Oteng-Amoako, A.A. (Editors). PROTA (Plant Resources of Tropical Africa / Ressources végétales de l’Afrique tropicale), Wageningen, Netherlands.",A,expert_botanical_monograph_species_description,plantuse.plantnet.org,en,"*Flowers bisexual, regular, 5-merous",2a50b18e650933ea2abdc0e5f54a6617119449e9ffe6267bb11f4fd62710b2c5,dd88960bf3e78c385a44be3413c17c8660a63a7cec57a6395ae686e22e333e07,accepted_name_exact,wild_or_species_level_monograph_not_cultivar_limited,accept,true,true,true,false,,"Accepted after exact species identity, source page or original-study statement, trait-specific ontology, lineage and content fingerprint review; mapping retained only for floral_symmetry.",Codex source-backed rule-unlock wave-2 audit,2026-08-12T09:35:00Z
1bd0e7a83a3a782ec3b6ff59,Asteropeia rhopaloides,inflorescence_display,raceme_spike_panicle,https://plantuse.plantnet.org/en/Asteropeia_rhopaloides_(PROTA),Asteropeia rhopaloides (PROTA),"Lemmens, R.H.M.J., 2009. Asteropeia rhopaloides (Baker) Baill. In: Lemmens, R.H.M.J., Louppe, D. & Oteng-Amoako, A.A. (Editors). PROTA (Plant Resources of Tropical Africa / Ressources végétales de l’Afrique tropicale), Wageningen, Netherlands.",A,expert_botanical_monograph_species_description,plantuse.plantnet.org,en,"*Inflorescence a terminal, deltoid panicle up to 9 cm long, rusty brown short-hairy.",2630cdf20052f43e97e254e417494426f36d73171f5d3c5a968dd0bbfd99f494,0c5893a9ee3cbd77a064b7538aeb63693cb79faf262d182da51374a4fcd8ac25,accepted_name_exact,wild_or_species_level_monograph_not_cultivar_limited,accept,true,true,true,false,,"Accepted after exact species identity, source page or original-study statement, trait-specific ontology, lineage and content fingerprint review; mapping retained only for inflorescence_display.",Codex source-backed rule-unlock wave-2 audit,2026-08-12T09:35:00Z
8c48d829f9ffe5a05082275b,Asystasia variabilis,flower_primary_color,blue_purple|red_pink,https://indiaflora-ces.iisc.ac.in/herbsheet.php?id=1184&cat=13,India Flora Online - Asystasia variabilis,"Sankara Rao, K. and Deepak Kumar (2026). India Flora Online, species treatment: Asystasia variabilis.",A,university_herbarium_regional_flora_species_treatment,indiaflora-ces.iisc.ac.in,en,"Key identification features: Corolla pale pinkish-violet, dotted red.",ef8071ee05bd8017ddcef9c953744da088bb7d20ba0057111c7fe304133233b2,b552d7985cc0c62f84dba96519031f3168e087b3bd6e5e999f585347fd9698f5,accepted_name_exact,wild_or_species_level_statement_not_cultivar_limited,accept,true,true,true,false,,"Accepted after exact species identity, source page or original-study statement, trait-specific ontology, lineage and content fingerprint review; mapping retained only for flower_primary_color.",Codex source-backed rule-unlock wave-2 audit,2026-08-12T09:35:00Z
c29bc57f9e3731642cabd9b9,Aucoumea klaineana,flower_primary_color,white,https://plantuse.plantnet.org/en/Aucoumea_klaineana_(PROTA),Aucoumea klaineana (PROTA),"van Valkenburg, J.L.C.H., 2005. Aucoumea klaineana Pierre. In: Louppe, D., Oteng-Amoako, A.A. & Brink, M. (Editors). PROTA (Plant Resources of Tropical Africa / Ressources végétales de l’Afrique tropicale), Wageningen, Netherlands.",A,expert_botanical_monograph_species_description,plantuse.plantnet.org,en,"petals spatulate, 5–6 mm long, hairy on both sides, whitish",ed2c9b99414e81af7dd77202b57e89bedc4ab602bc9956a7098bf6065d2859ac,f83c38fdd8ccf9801c455a7627c2d0d06af4a6b9bfddf1cd6713a5bc0568f296,accepted_name_exact,wild_or_species_level_monograph_not_cultivar_limited,accept,true,true,true,false,,"Accepted after exact species identity, source page or original-study statement, trait-specific ontology, lineage and content fingerprint review; mapping retained only for flower_primary_color.",Codex source-backed rule-unlock wave-2 audit,2026-08-12T09:35:00Z
b2113c22c392eb4697462243,Baccaurea courtallensis,inflorescence_display,raceme_spike_panicle,https://indiaflora-ces.iisc.ac.in/herbsheet.php?id=1224&cat=13,India Flora Online - Baccaurea courtallensis,"Sankara Rao, K. and Deepak Kumar (2026). India Flora Online, species treatment: Baccaurea courtallensis.",A,university_herbarium_regional_flora_species_treatment,indiaflora-ces.iisc.ac.in,en,Key identification features: Remarkable for their flowers growing in long racemose spikes in tufts on tubercles on the older stems.,b4485b1e2f2a6b9c6a08085119ef3f329f8600646239792dec9a339dc1124a8a,40ffd572d8c19973eb390e8c375fbeaabad7cc45556dbb697463ed9a5ff316cc,accepted_name_exact,wild_or_species_level_statement_not_cultivar_limited,accept,true,true,true,false,,"Accepted after exact species identity, source page or original-study statement, trait-specific ontology, lineage and content fingerprint review; mapping retained only for inflorescence_display.",Codex source-backed rule-unlock wave-2 audit,2026-08-12T09:35:00Z
48969134875814db2a5019eb,Baccaurea ramiflora,floral_symmetry,actinomorphic,https://bfis.bforest.gov.bd/nef/index.php/data/dataSpecies/40,Forest Emission Factor Database - Baccaurea ramiflora,"Bangladesh Forest Information System, Forest Emission Factor Database species record: Baccaurea ramiflora",A,government_forest_database_species_record,bfis.bforest.gov.bd,en,Tree Species Details: Family Name: Euphorbiaceae; Genus: Baccaurea; Species: Baccaurea ramiflora; floral symmetry: actinomorphic.,455449a9bb7a6f7cb5ad05e890e06a73721dc98756ff33d7c6631556ba7aa4c6,2d07c56da18a23f58508f8e5aeecc246acd25090f4899e3d7114bfe2733a55b0,accepted_name_exact,wild_or_species_level_statement_not_cultivar_limited,accept,true,true,true,false,,"Accepted after exact species identity, source page or original-study statement, trait-specific ontology, lineage and content fingerprint review; mapping retained only for floral_symmetry.",Codex source-backed rule-unlock wave-2 audit,2026-08-12T09:35:00Z
9ed72366f5374e93aae8123a,Baccaurea ramiflora,flower_primary_color,yellow_orange,https://indiaflora-ces.iisc.ac.in/herbsheet.php?id=1226&cat=13,India Flora Online - Baccaurea ramiflora,"Sankara Rao, K. and Deepak Kumar (2026). India Flora Online, species treatment: Baccaurea ramiflora.",A,university_herbarium_regional_flora_species_treatment,indiaflora-ces.iisc.ac.in,en,"Key identification features: Medium sized trees, 8-12 m high with compact oval crown; Leaves elliptic-oblong, elliptic-Ianceolate or obovate, glabrous; Flowers apetalous in axillary, short spikes or fascicles, yellow; Fruits ovoid, yellow with rose coloured pulp.",d66f7c8146e14bd5dfa9b8e4d8da984180d9d42829183069ebf51f86effcd12e,11f2650741de84b7ee7c7a3b3954179f701103b95731b37dbe41e643aaaaab6e,accepted_name_exact,wild_or_species_level_statement_not_cultivar_limited,accept,true,true,true,false,,"Accepted after exact species identity, source page or original-study statement, trait-specific ontology, lineage and content fingerprint review; mapping retained only for flower_primary_color.",Codex source-backed rule-unlock wave-2 audit,2026-08-12T09:35:00Z
20f1623873a4fda015ca82ef,Balakata baccata,flower_primary_color,blue_purple|red_pink|yellow_orange,https://indiaflora-ces.iisc.ac.in/herbsheet.php?id=10412&cat=13,India Flora Online - Sapium baccatum,"Sankara Rao, K. and Deepak Kumar (2026). India Flora Online, species treatment: Sapium baccatum.",A,university_herbarium_regional_flora_species_treatment,indiaflora-ces.iisc.ac.in,en,"Key identification features: Trees, 10-35 m high with dense crown; Leaves ovate or ovate-lanceolate, young ones orange coloured; petioles eglandular, reddish; Flowers in terminal racemes, red-purple or yellowish; Fruits globose, purplish.",8fc1cd357fb1d744bdb0f24dd5c95b70672993d9b9ac2fa747873896bb14acac,d2317de3d152bcef5f1d855400b0eaee3b1b4a44398f0264009d426ec4d489d9,exact_synonym,wild_or_species_level_statement_not_cultivar_limited,accept,true,true,true,false,,"Accepted after exact species identity, source page or original-study statement, trait-specific ontology, lineage and content fingerprint review; mapping retained only for flower_primary_color.",Codex source-backed rule-unlock wave-2 audit,2026-08-12T09:35:00Z
a12e2a3e877d86d43aaad411,Balakata baccata,inflorescence_display,raceme_spike_panicle,https://indiaflora-ces.iisc.ac.in/herbsheet.php?id=10412&cat=13,India Flora Online - Sapium baccatum,"Sankara Rao, K. and Deepak Kumar (2026). India Flora Online, species treatment: Sapium baccatum.",A,university_herbarium_regional_flora_species_treatment,indiaflora-ces.iisc.ac.in,en,"Key identification features: Trees, 10-35 m high with dense crown; Leaves ovate or ovate-lanceolate, young ones orange coloured; petioles eglandular, reddish; Flowers in terminal racemes, red-purple or yellowish; Fruits globose, purplish.",8fc1cd357fb1d744bdb0f24dd5c95b70672993d9b9ac2fa747873896bb14acac,d2317de3d152bcef5f1d855400b0eaee3b1b4a44398f0264009d426ec4d489d9,exact_synonym,wild_or_species_level_statement_not_cultivar_limited,accept,true,true,true,false,,"Accepted after exact species identity, source page or original-study statement, trait-specific ontology, lineage and content fingerprint review; mapping retained only for inflorescence_display.",Codex source-backed rule-unlock wave-2 audit,2026-08-12T09:35:00Z
abec53dc436a57ca5ca299d2,Balanophora dioica,flower_primary_color,green_brown_inconspicuous|white,https://indiaflora-ces.iisc.ac.in/herbsheet.php?id=1236&cat=13,India Flora Online - Balanophora dioica,"Sankara Rao, K. and Deepak Kumar (2026). India Flora Online, species treatment: Balanophora dioica.",A,university_herbarium_regional_flora_species_treatment,indiaflora-ces.iisc.ac.in,en,"Key identification features: Rootstocks tuberous; stems covered with imbricate sessile scales; Flowers in fleshy, club shaped receptacle; perianth white, brownish when old, surrounded by linear, truncate, reddish bracts; Fruits minute, drupaceous.",d9d29fe117af40e6b04903cb20507db9592e0f5ef89ac1952ddc1b16a865a8c1,ec9cbdf1903d8f4bfb844d715713b525b7396ece95ac73bf359e5251860e72a4,accepted_name_exact,wild_or_species_level_statement_not_cultivar_limited,accept,true,true,true,false,,"Accepted after exact species identity, source page or original-study statement, trait-specific ontology, lineage and content fingerprint review; mapping retained only for flower_primary_color.",Codex source-backed rule-unlock wave-2 audit,2026-08-12T09:35:00Z
59d2d76077128c1f993260d4,Baliospermum solanifolium,flower_primary_color,red_pink|white,https://indiaflora-ces.iisc.ac.in/herbsheet.php?id=1241&cat=13,India Flora Online - Baliospermum montanum,"Sankara Rao, K. and Deepak Kumar (2026). India Flora Online, species treatment: Baliospermum montanum.",A,university_herbarium_regional_flora_species_treatment,indiaflora-ces.iisc.ac.in,en,"Key identification features: Undershrubs, up to 2 m high; sparingly branched; Leaves lanceolate, ovate or ovate-oblong, biglandular at base, sinuate-dentate; Flowers in axillary racemes or panicles, creamy white with pinkish tinge; Fruits obovoid.",bc54cc27f817885ce646401c93ede9c99e59acb772a74ad332b67905d7d2cd81,2067922b585a8122f4a1bce559b939f7e034a85878e61ed2d07a3f285a4a7682,exact_synonym,wild_or_species_level_statement_not_cultivar_limited,accept,true,true,true,false,,"Accepted after exact species identity, source page or original-study statement, trait-specific ontology, lineage and content fingerprint review; mapping retained only for flower_primary_color.",Codex source-backed rule-unlock wave-2 audit,2026-08-12T09:35:00Z
486b82733e3c36daf15aa07c,Bambusa vulgaris,inflorescence_display,raceme_spike_panicle,https://plantuse.plantnet.org/en/Bambusa_vulgaris_(PROTA),Bambusa vulgaris (PROTA),"Brink, M., 2008. Bambusa vulgaris Schrad. ex J.C.Wendl. In: Louppe, D., Oteng-Amoako, A.A. & Brink, M. (Editors). PROTA (Plant Resources of Tropical Africa / Ressources végétales de l’Afrique tropicale), Wageningen, Netherlands.",A,expert_botanical_monograph_species_description,plantuse.plantnet.org,en,"*Inflorescence a large panicle 2–3 m long, on leafless branches, bearing small groups of spikelets at the nodes.",204800ed66595d410a08eae388ff97e8a3c9169ce10aed05e010152405c258df,6aa5258e4db6381a30b2837d89b26c69587008013fb7c4e00634955af9862816,accepted_name_exact,wild_or_species_level_monograph_not_cultivar_limited,accept,true,true,true,false,,"Accepted after exact species identity, source page or original-study statement, trait-specific ontology, lineage and content fingerprint review; mapping retained only for inflorescence_display.",Codex source-backed rule-unlock wave-2 audit,2026-08-12T09:35:00Z
4e6c4acb37837fd74262c2d6,Baroniella acuminata,flower_primary_color,blue_purple,https://plantuse.plantnet.org/en/Baroniella_acuminata_(PROTA),Baroniella acuminata (PROTA),"Schmelzer, G.H., 2010. Baroniella acuminata (Choux) Bullock. In: Schmelzer, G.H. & Gurib-Fakim, A. (Editors). PROTA (Plant Resources of Tropical Africa / Ressources végétales de l’Afrique tropicale), Wageningen, Netherlands.",A,expert_botanical_monograph_species_description,plantuse.plantnet.org,en,"Flowers bisexual, regular, 5-merous, violet",c8ab36f25cfbbf53847333fb9165d58eac29a7613a9bf6e48eed3429b29ad2cf,d1ee3effa0814afad64b91110912860f1ca7bf279636bf97da4f8bb6a4718eee,accepted_name_exact,wild_or_species_level_monograph_not_cultivar_limited,accept,true,true,true,false,,"Accepted after exact species identity, source page or original-study statement, trait-specific ontology, lineage and content fingerprint review; mapping retained only for flower_primary_color.",Codex source-backed rule-unlock wave-2 audit,2026-08-12T09:35:00Z
3ba14e6aad1076a32bb19280,Barringtonia acutangula,floral_symmetry,actinomorphic,https://bfis.bforest.gov.bd/nef/index.php/data/dataSpecies/40,Forest Emission Factor Database - Barringtonia acutangula,"Bangladesh Forest Information System, Forest Emission Factor Database species record: Barringtonia acutangula",A,government_forest_database_species_record,bfis.bforest.gov.bd,en,Tree Species Details: Family Name: Lecythidaceae; Genus: Barringtonia; Species: Barringtonia acutangula; floral symmetry: actinomorphic.,0f24e04df011d4c2f9842931663a81f2a9457da0e1039252affd74b5dce2672b,609edffc944286c8ffa6aca90a558bbf9a17ff7ca1fffc5eb390e4eeb825d609,accepted_name_exact,wild_or_species_level_statement_not_cultivar_limited,accept,true,true,true,false,,"Accepted after exact species identity, source page or original-study statement, trait-specific ontology, lineage and content fingerprint review; mapping retained only for floral_symmetry.",Codex source-backed rule-unlock wave-2 audit,2026-08-12T09:35:00Z
48ca50427e864b16629e886b,Barteria fistulosa,floral_symmetry,actinomorphic,https://plantuse.plantnet.org/en/Barteria_fistulosa_(PROTA),Barteria fistulosa (PROTA),"de Ruijter, A., 2007. Barteria fistulosa Mast. In: Schmelzer, G.H. & Gurib-Fakim, A. (Editors). PROTA (Plant Resources of Tropical Africa / Ressources végétales de l’Afrique tropicale), Wageningen, Netherlands.",A,expert_botanical_monograph_species_description,plantuse.plantnet.org,en,"Flowers bisexual, regular, 5-merous",8e7970a89ffc0e94351d257649259d2df4b43ef7f397aee717ac72a0cadf484d,c85301b888c8780273effd560596afece4181e6b9cdafef101ce888095f005a3,accepted_name_exact,wild_or_species_level_monograph_not_cultivar_limited,accept,true,true,true,false,,"Accepted after exact species identity, source page or original-study statement, trait-specific ontology, lineage and content fingerprint review; mapping retained only for floral_symmetry.",Codex source-backed rule-unlock wave-2 audit,2026-08-12T09:35:00Z
dc623c93b1c0d483660cb2b9,Barteria fistulosa,inflorescence_display,umbel_corymb,https://plantuse.plantnet.org/en/Barteria_fistulosa_(PROTA),Barteria fistulosa (PROTA),"de Ruijter, A., 2007. Barteria fistulosa Mast. In: Schmelzer, G.H. & Gurib-Fakim, A. (Editors). PROTA (Plant Resources of Tropical Africa / Ressources végétales de l’Afrique tropicale), Wageningen, Netherlands.",A,expert_botanical_monograph_species_description,plantuse.plantnet.org,en,"Inflorescence an axillary fascicle, often horseshoe-shaped, (2–)6–9-flowered",6c74c5aeefb72c7390daccd356d38f2349a05e50050c924f4c5028a7fd8f7e03,813982c829c049c3e4fc27d23c4c0d056d12bca61fa532f8eebf1e4fb3a9e776,accepted_name_exact,wild_or_species_level_monograph_not_cultivar_limited,accept,true,true,true,false,,"Accepted after exact species identity, source page or original-study statement, trait-specific ontology, lineage and content fingerprint review; mapping retained only for inflorescence_display.",Codex source-backed rule-unlock wave-2 audit,2026-08-12T09:35:00Z
6e529aae038bdf4eae05171f,Baudouinia fluggeiformis,flower_primary_color,yellow_orange,https://plantuse.plantnet.org/en/Baudouinia_fluggeiformis_(PROTA),Baudouinia fluggeiformis (PROTA),"Lemmens, R.H.M.J., 2010. Baudouinia fluggeiformis Baill. [Internet] Record from PROTA4U. Lemmens, R.H.M.J., Louppe, D. & Oteng-Amoako, A.A. (Editors). PROTA (Plant Resources of Tropical Africa / Ressources végétales de l’Afrique tropicale), Wageningen, Netherlands.",A,expert_botanical_monograph_species_description,plantuse.plantnet.org,en,"*Flowers bisexual, regular, 5-merous, yellow, scented",c7cc353a8c1cf19e3ed178feedcd12089e1ce2d1d7d3b3800c747bdba0f896bd,ebf7f7abe1b49a993d15db5bb56426a900af751e365d63e82c855f7c1ee82991,accepted_name_exact,wild_or_species_level_monograph_not_cultivar_limited,accept,true,true,true,false,,"Accepted after exact species identity, source page or original-study statement, trait-specific ontology, lineage and content fingerprint review; mapping retained only for flower_primary_color.",Codex source-backed rule-unlock wave-2 audit,2026-08-12T09:35:00Z
97e9a14dadfdc875bc8d6ffb,Bauhinia podopetala,flower_primary_color,red_pink|yellow_orange|green_brown_inconspicuous,https://plantuse.plantnet.org/en/Bauhinia_podopetala_(PROTA),Bauhinia podopetala (PROTA),"Lemmens, R.H.M.J., 2010. Bauhinia podopetala Baker. [Internet] Record from PROTA4U. Lemmens, R.H.M.J., Louppe, D. & Oteng-Amoako, A.A. (Editors). PROTA (Plant Resources of Tropical Africa / Ressources végétales de l’Afrique tropicale), Wageningen, Netherlands.",A,expert_botanical_monograph_species_description,plantuse.plantnet.org,en,"petals free, 5–8 cm long, with long greenish claw and ovate to elliptical, pale salmon-pink blade, upper petal slightly longer and narrower than other ones and with a large pale yellow blotch at base",1a81678785b426bc0535d931496347e17dbfae4f6cd103fb397c0c1b19fd855c,75800298698041149ddf91774cf28e7341ac9d30bc17c0d01f415161cc135a9d,accepted_name_exact,wild_or_species_level_monograph_not_cultivar_limited,accept,true,true,true,false,,"Accepted after exact species identity, source page or original-study statement, trait-specific ontology, lineage and content fingerprint review; mapping retained only for flower_primary_color.",Codex source-backed rule-unlock wave-2 audit,2026-08-12T09:35:00Z
55d410a306e6820cd9b9268f,Beccarinda cordifolia,flower_primary_color,red_pink|white|yellow_orange,https://indiaflora-ces.iisc.ac.in/herbsheet.php?id=14386&cat=13,India Flora Online - Beccarinda cordifolia,"Sankara Rao, K. and Deepak Kumar (2026). India Flora Online, species treatment: Beccarinda cordifolia.",A,university_herbarium_regional_flora_species_treatment,indiaflora-ces.iisc.ac.in,en,"Key identification features: Perennial, scapigerous herbs, hairy; Leaves radical, ovate-cordate, crenate, densely rufous tomentose; Flowers in scapes, pink to creamy yellow; Fruits follicular, brownish.",28f3fe1f7fe7a781b740e6c0286951a4f1e7712c123cfd1391eee0098d43e087,f7073903ff05bc41573bbc1730dc346b270c409ec327893eae835ced7dfd0b7f,accepted_name_exact,wild_or_species_level_statement_not_cultivar_limited,accept,true,true,true,false,,"Accepted after exact species identity, source page or original-study statement, trait-specific ontology, lineage and content fingerprint review; mapping retained only for flower_primary_color.",Codex source-backed rule-unlock wave-2 audit,2026-08-12T09:35:00Z
76e147232130c1d2fc1c85c3,Beguea apetala,floral_symmetry,actinomorphic,https://plantuse.plantnet.org/en/Beguea_apetala_(PROTA),Beguea apetala (PROTA),"Bosch, C.H., 2011. Beguea apetala Capuron. [Internet] Record from PROTA4U. Lemmens, R.H.M.J., Louppe, D. & Oteng-Amoako, A.A. (Editors). PROTA (Plant Resources of Tropical Africa / Ressources végétales de l’Afrique tropicale), Wageningen, Netherlands.",A,expert_botanical_monograph_species_description,plantuse.plantnet.org,en,"*Flowers unisexual, regular",628ea34ccc457980cd8cf905664a72169a1f3d691e7e0eab3b1d39f9584e6433,bcdb9310a451fc9d5acdcd6545b8c3cfbca57f049ae9cbd35f1f62e65f7fcf09,accepted_name_exact,wild_or_species_level_monograph_not_cultivar_limited,accept,true,true,true,false,,"Accepted after exact species identity, source page or original-study statement, trait-specific ontology, lineage and content fingerprint review; mapping retained only for floral_symmetry.",Codex source-backed rule-unlock wave-2 audit,2026-08-12T09:35:00Z
ddd3cc60b91435d5f84eac8b,Beguea apetala,inflorescence_display,raceme_spike_panicle,https://plantuse.plantnet.org/en/Beguea_apetala_(PROTA),Beguea apetala (PROTA),"Bosch, C.H., 2011. Beguea apetala Capuron. [Internet] Record from PROTA4U. Lemmens, R.H.M.J., Louppe, D. & Oteng-Amoako, A.A. (Editors). PROTA (Plant Resources of Tropical Africa / Ressources végétales de l’Afrique tropicale), Wageningen, Netherlands.",A,expert_botanical_monograph_species_description,plantuse.plantnet.org,en,"*Inflorescence a slender, axillary raceme up to 25 cm long, densely short-hairy.",f9c3f2deff846a6a2ff42e7cdd10e5a9acaf26af1212fa5f482e7fa0856f09e8,6ce2e7ae4c3345ac172e668022d3c74460661122a65d393aa87c8aa99b23dddf,accepted_name_exact,wild_or_species_level_monograph_not_cultivar_limited,accept,true,true,true,false,,"Accepted after exact species identity, source page or original-study statement, trait-specific ontology, lineage and content fingerprint review; mapping retained only for inflorescence_display.",Codex source-backed rule-unlock wave-2 audit,2026-08-12T09:35:00Z
6006487ad34720ff5265cd4d,Beilschmiedia assamica,flower_primary_color,yellow_orange,https://indiaflora-ces.iisc.ac.in/herbsheet.php?id=12763&cat=13,India Flora Online - Beilschmiedia assamica,"Sankara Rao, K. and Deepak Kumar (2026). India Flora Online, species treatment: Beilschmiedia assamica.",A,university_herbarium_regional_flora_species_treatment,indiaflora-ces.iisc.ac.in,en,"Key identification features: Large trees, up to 20 m high; bark brownish wpite; Leaves elliptic or elliptic-oblong, often pellucid-punctate; Flowers in large, subterminal, pubescent panicles, pale yellow; Fruits subglobose to ellipsoid, black when ripe.",f8d33598e2445c1f17365037f29e33c2f05a28d417a19ade657003cca2c76152,79b470dae6aa62ed1369e2bfe6457617d2878d419b4cdbd24cf0ab9510588d4e,accepted_name_exact,wild_or_species_level_statement_not_cultivar_limited,accept,true,true,true,false,,"Accepted after exact species identity, source page or original-study statement, trait-specific ontology, lineage and content fingerprint review; mapping retained only for flower_primary_color.",Codex source-backed rule-unlock wave-2 audit,2026-08-12T09:35:00Z
9576a7921ca782f8ac2c7355,Beilschmiedia roxburghiana,flower_primary_color,white|yellow_orange,https://indiaflora-ces.iisc.ac.in/herbsheet.php?id=1356&cat=13,India Flora Online - Beilschmiedia roxburghiana,"Sankara Rao, K. and Deepak Kumar (2026). India Flora Online, species treatment: Beilschmiedia roxburghiana.",A,university_herbarium_regional_flora_species_treatment,indiaflora-ces.iisc.ac.in,en,"Key identification features: Medium sized trees, up to 10m high with oval crown; bark grey; Leaves crowded at branch apices, elliptic-oblong to elliptic, lanceolate, coriaceous; Flowers usually in axillary panicles, yellow or creamy yellow; Fruits oblong-ellipsoid, dark purple when ripe.",127d960cb8d0b5792531ca1a9a9371e223ce95d355b2ad3a0847e7e6a847d671,b94629209cd29597dc85f4effa9e994daf9d0adee688403d8dcd83cff389ecc1,accepted_name_exact,wild_or_species_level_statement_not_cultivar_limited,accept,true,true,true,false,,"Accepted after exact species identity, source page or original-study statement, trait-specific ontology, lineage and content fingerprint review; mapping retained only for flower_primary_color.",Codex source-backed rule-unlock wave-2 audit,2026-08-12T09:35:00Z
07cbfe3535aba67d29f5cc84,Beilschmiedia velutina,flower_primary_color,green_brown_inconspicuous,https://plantuse.plantnet.org/en/Beilschmiedia_velutina_(PROTA),Beilschmiedia velutina (PROTA),"Brink, M., 2008. Beilschmiedia velutina (Kosterm.) Kosterm. In: Louppe, D., Oteng-Amoako, A.A. & Brink, M. (Editors). PROTA (Plant Resources of Tropical Africa / Ressources végétales de l’Afrique tropicale), Wageningen, Netherlands.",A,expert_botanical_monograph_species_description,plantuse.plantnet.org,en,"*Flowers bisexual, regular, greenish ; perianth with 2 series of 3 tepals, up to 4 mm long, brown-hairy on both surfaces",eeea6f8b449a445a89de12293d1eeb6879c9cc1ebe398b6523971c554ef50c8b,1cdf4540f13ddcceb53ca613863b480866f281a8afc9474f3650ad0b191b5ada,accepted_name_exact,wild_or_species_level_monograph_not_cultivar_limited,accept,true,true,true,false,,"Accepted after exact species identity, source page or original-study statement, trait-specific ontology, lineage and content fingerprint review; mapping retained only for flower_primary_color.",Codex source-backed rule-unlock wave-2 audit,2026-08-12T09:35:00Z
03eb4714a87e0d596234e9d2,Benincasa hispida,floral_symmetry,actinomorphic,https://plantuse.plantnet.org/en/Benincasa_hispida_(PROTA),Benincasa hispida (PROTA),"Grubben, G.J.H., 2004. Benincasa hispida (Thunb. ex Murray) Cogn. [Internet] Record from PROTA4U. Grubben, G.J.H. & Denton, O.A. (Editors). PROTA (Plant Resources of Tropical Africa / Ressources végétales de l’Afrique tropicale), Wageningen, Netherlands.",A,expert_botanical_monograph_species_description,plantuse.plantnet.org,en,"*Flowers solitary in leaf axils, unisexual, regular, 5-merous, 6–12 cm in diameter",1470f92d5fe91d7d42a655c7fdd727402a3ab050387a5a8c8ba5e15e57eb3df5,e2e2fa6ca6df1216ce0c4827453a1520f7425840b5e61e1ccf04ec7b98a7acdc,accepted_name_exact,wild_or_species_level_monograph_not_cultivar_limited,accept,true,true,true,false,,"Accepted after exact species identity, source page or original-study statement, trait-specific ontology, lineage and content fingerprint review; mapping retained only for floral_symmetry.",Codex source-backed rule-unlock wave-2 audit,2026-08-12T09:35:00Z
f5d6464bf360596d9ab42852,Benincasa hispida,inflorescence_display,solitary,https://plantuse.plantnet.org/en/Benincasa_hispida_(PROTA),Benincasa hispida (PROTA),"Grubben, G.J.H., 2004. Benincasa hispida (Thunb. ex Murray) Cogn. [Internet] Record from PROTA4U. Grubben, G.J.H. & Denton, O.A. (Editors). PROTA (Plant Resources of Tropical Africa / Ressources végétales de l’Afrique tropicale), Wageningen, Netherlands.",A,expert_botanical_monograph_species_description,plantuse.plantnet.org,en,"*Flowers solitary in leaf axils, unisexual, regular, 5-merous, 6–12 cm in diameter",1470f92d5fe91d7d42a655c7fdd727402a3ab050387a5a8c8ba5e15e57eb3df5,e2e2fa6ca6df1216ce0c4827453a1520f7425840b5e61e1ccf04ec7b98a7acdc,accepted_name_exact,wild_or_species_level_monograph_not_cultivar_limited,accept,true,true,true,false,,"Accepted after exact species identity, source page or original-study statement, trait-specific ontology, lineage and content fingerprint review; mapping retained only for inflorescence_display.",Codex source-backed rule-unlock wave-2 audit,2026-08-12T09:35:00Z
b92267194beeb915defcbc13,Benkara griffithii,flower_primary_color,white|yellow_orange,https://indiaflora-ces.iisc.ac.in/herbsheet.php?id=13201&cat=13,India Flora Online - Randia griffithii,"Sankara Rao, K. and Deepak Kumar (2026). India Flora Online, species treatment: Randia griffithii.",A,university_herbarium_regional_flora_species_treatment,indiaflora-ces.iisc.ac.in,en,"Key identification features: Shrubs or small trees with ascending spines; branches straggling; Leaves ovate or ovate-Ianceolate, glabrous; Flowers in terminal or axillary, few flowered cymes, white or pale yellow; Berries globose, black.",4c90b1b201014e1e327316f07d8094406b6c0125a86186eb89e60820e6aa04b1,ddccc4c9d61c45cfb9f722f053bf380e1e89ee8ece90012edbb5f706fcfcc58e,exact_synonym,wild_or_species_level_statement_not_cultivar_limited,accept,true,true,true,false,,"Accepted after exact species identity, source page or original-study statement, trait-specific ontology, lineage and content fingerprint review; mapping retained only for flower_primary_color.",Codex source-backed rule-unlock wave-2 audit,2026-08-12T09:35:00Z
1bc8536de3f91a3b782b1480,Benstonea foetida,inflorescence_display,raceme_spike_panicle,https://efloraofindia.com/efi/pandanus-foetidus/,Benstonea foetida - eFlora of India,"eFlora of India species account for Benstonea foetida; description attributed to Dr. N. Sasidharan, Kerala Forest Research Institute, via India Biodiversity Portal",B,specialist_regional_flora_species_description,efloraofindia.com,en,"Benstonea foetida (Roxb.) Callm. & Buerki. Shrubs with stilt roots. Leaves spirally arranged; linear-lanceolate, acuminate, spiny along the margins and midrib below, glabrous, to 1.5 m long. Spadix branched, spathe ovate, acute. Male flowers in 5-6 cm long catkins; filaments 1 cm long.",7bc9c855d74d04c5aab542f0d88aaa7a320284cdda9b0eb49c06b3ee12b82f65,33e68e3776f5ca87e8941637392645a8d1497ad3ac1722c8d3a6a12add20c0bd,accepted_name_exact,wild_or_species_level_statement_not_cultivar_limited,accept,true,true,true,false,,"Accepted after exact species identity, source page or original-study statement, trait-specific ontology, lineage and content fingerprint review; mapping retained only for inflorescence_display.",Codex source-backed rule-unlock wave-2 audit,2026-08-12T09:35:00Z
bb7e32b1d9082d31a620bfeb,Berberis corymbosa,self_incompatibility,SI,https://ri.conicet.gov.ar/bitstream/handle/11336/38527/CONICET_Digital_Nro.2a109d53-78cd-4bee-83fb-c7cfd6b3faab_A.pdf?isAllowed=y&sequence=2,Breeding system and pollination of selected plants endemic to Juan Fernandez Islands,"Anderson et al. (2001), American Journal of Botany 88:220-233, DOI 10.2307/2657013",A,peer_reviewed_primary_bagging_and_controlled_cross_experiment,ri.conicet.gov.ar,en,"Table 1 reports self crosses with fruit set 0% (n=6) and pollen tubes 0% (n=8). In Berberis corymbosa pollen grains germinate on the stigmata, but pollen tubes do not grow beyond the stigmatic level. The authors classify it as SI.",10ad714e25e4afdc2ae8faf9412d285417a4d0b416572326424649afe2819ad0,af6e60d87a176a18e934f24124bd9d0397a3af914d687cf57d7eeca94344bb9c,accepted_name_exact,wild_or_species_level_statement_not_cultivar_limited,accept,true,true,true,false,,"Accepted after exact species identity, source page or original-study statement, trait-specific ontology, lineage and content fingerprint review; mapping retained only for self_incompatibility.",Codex source-backed rule-unlock wave-2 audit,2026-08-12T09:35:00Z
302c577f2b18f6bb6e76e23d,Berberis macrosepala,flower_primary_color,yellow_orange,https://indiaflora-ces.iisc.ac.in/herbsheet.php?id=12672&cat=13,India Flora Online - Berberis macrosepala,"Sankara Rao, K. and Deepak Kumar (2026). India Flora Online, species treatment: Berberis macrosepala.",A,university_herbarium_regional_flora_species_treatment,indiaflora-ces.iisc.ac.in,en,"Key identification features: Erect or prostrate Shrub up to 2 m high with spreading branches; Leaves obovate-oblong, spinulose toothed, glaucous beneath; Flowers solitary, yellow; Berries ovoid, red.",d35d547de64300f2474232b1fe6b1a9e93868ee59e7385d7cddb77c2a9d439bf,13b1ef6efdf1deaa7d1ee18be34361f3d0a9964113eb984c136642209c0b0149,accepted_name_exact,wild_or_species_level_statement_not_cultivar_limited,accept,true,true,true,false,,"Accepted after exact species identity, source page or original-study statement, trait-specific ontology, lineage and content fingerprint review; mapping retained only for flower_primary_color.",Codex source-backed rule-unlock wave-2 audit,2026-08-12T09:35:00Z
68ae8d5f784ce336a296d2aa,Bersama abyssinica,floral_symmetry,zygomorphic,https://plantuse.plantnet.org/en/Bersama_abyssinica_(PROTA),Bersama abyssinica (PROTA),"Bosch, C.H., 2008. Bersama abyssinica Fresen. In: Schmelzer, G.H. & Gurib-Fakim, A. (Editors). PROTA (Plant Resources of Tropical Africa / Ressources végétales de l’Afrique tropicale), Wageningen, Netherlands.",A,expert_botanical_monograph_species_description,plantuse.plantnet.org,en,"Flowers bisexual or often functionally unisexual, zygomorphic, 4–5(–6)-merous, scented",dfc520183f3801e56dd7cd4e5357a2974faa7f1eeeae8f43879f33e7a363c2ac,8884537b383938a0dc5ca622f670843ef37addfcd89df05819c370993f052169,accepted_name_exact,wild_or_species_level_monograph_not_cultivar_limited,accept,true,true,true,false,,"Accepted after exact species identity, source page or original-study statement, trait-specific ontology, lineage and content fingerprint review; mapping retained only for floral_symmetry.",Codex source-backed rule-unlock wave-2 audit,2026-08-12T09:35:00Z
7d8881541c542eaf828f14b4,Bersama abyssinica,flower_primary_color,blue_purple|red_pink|white|yellow_orange,https://plantuse.plantnet.org/en/Bersama_abyssinica_(PROTA),Bersama abyssinica (PROTA),"Bosch, C.H., 2008. Bersama abyssinica Fresen. In: Schmelzer, G.H. & Gurib-Fakim, A. (Editors). PROTA (Plant Resources of Tropical Africa / Ressources végétales de l’Afrique tropicale), Wageningen, Netherlands.",A,expert_botanical_monograph_species_description,plantuse.plantnet.org,en,"petals 5, free, narrowly oblong, 10–20 mm long, white, yellowish or purple-pink, stamens 4–6, free or fused at base",b6ed8fab49855374251bff80685f212ef1252902f13021a8490774cfcd3cf154,2b0219f499d9011ac0b348d8af94fa9f6357f1eb54f998345760c3c136987e5a,accepted_name_exact,wild_or_species_level_monograph_not_cultivar_limited,accept,true,true,true,false,,"Accepted after exact species identity, source page or original-study statement, trait-specific ontology, lineage and content fingerprint review; mapping retained only for flower_primary_color.",Codex source-backed rule-unlock wave-2 audit,2026-08-12T09:35:00Z
e3a6fbfccd5177aa73eb6b0c,Bersama abyssinica,inflorescence_display,raceme_spike_panicle,https://plantuse.plantnet.org/en/Bersama_abyssinica_(PROTA),Bersama abyssinica (PROTA),"Bosch, C.H., 2008. Bersama abyssinica Fresen. In: Schmelzer, G.H. & Gurib-Fakim, A. (Editors). PROTA (Plant Resources of Tropical Africa / Ressources végétales de l’Afrique tropicale), Wageningen, Netherlands.",A,expert_botanical_monograph_species_description,plantuse.plantnet.org,en,"Inflorescence an upright, dense, axillary raceme up to 35 cm long.",e06941b9ffe0364a56925ae6b0ac92727d49013a738a36f7190f0b14c5ca01ec,5d70991cdf3bd3b46e6675a18931a12f57ebed424c8f9be38e560fe2db3efc73,accepted_name_exact,wild_or_species_level_monograph_not_cultivar_limited,accept,true,true,true,false,,"Accepted after exact species identity, source page or original-study statement, trait-specific ontology, lineage and content fingerprint review; mapping retained only for inflorescence_display.",Codex source-backed rule-unlock wave-2 audit,2026-08-12T09:35:00Z
20ecc8e7840f88691d1abfc0,Bidens pilosa,self_incompatibility,SC,https://pmc.ncbi.nlm.nih.gov/articles/PMC3489146/,Pollination patterns and plant breeding systems in the Galapagos: a review,"Traveset et al. (2013), Annals of Botany 111:391-404, Table 1, DOI 10.1093/aob/mcs132",B,peer_reviewed_species_level_breeding_system_compilation,pmc.ncbi.nlm.nih.gov,en,"Table 1, Bidens pilosa: Autonomously self-pollinates: Yes; Self-compatible: Yes; References: 4, 6. The table footnote identifies the numbered original studies used for each species.",ad3e29221726f756f67a7f4b4901a9abc83829a99424cb161fa5d1a052f7ca13,3117d00b5ae4b1219bdb7f85a3b7bd0c64ec0d0909be7e582fadbced90fb0aaa,accepted_name_exact,wild_or_species_level_statement_not_cultivar_limited,accept,true,true,true,false,,"Accepted after exact species identity, source page or original-study statement, trait-specific ontology, lineage and content fingerprint review; mapping retained only for self_incompatibility.",Codex source-backed rule-unlock wave-2 audit,2026-08-12T09:35:00Z
c02c01efd2b63d5ba58bb63f,Bivinia jalbertii,floral_symmetry,actinomorphic,https://plantuse.plantnet.org/en/Bivinia_jalbertii_(PROTA),Bivinia jalbertii (PROTA),"Louppe, D. & Oyen, L.P.A., 2011. Bivinia jalbertii Tul. [Internet] Record from PROTA4U. Lemmens, R.H.M.J., Louppe, D. & Oteng-Amoako, A.A. (Editors). PROTA (Plant Resources of Tropical Africa / Ressources végétales de l’Afrique tropicale), Wageningen, Netherlands.",A,expert_botanical_monograph_species_description,plantuse.plantnet.org,en,"*Flowers bisexual, regular, greenish yellow",f52c2ac0473a629359c0435b83647f0bf0ba6b9a5f167bb2119882992f789ac4,f363d17aad2d2667118577e034882d56cae6bbc5e389a3aa63ebed4a8a569f6d,accepted_name_exact,wild_or_species_level_monograph_not_cultivar_limited,accept,true,true,true,false,,"Accepted after exact species identity, source page or original-study statement, trait-specific ontology, lineage and content fingerprint review; mapping retained only for floral_symmetry.",Codex source-backed rule-unlock wave-2 audit,2026-08-12T09:35:00Z
1b7f58a3b9ce856b63701e85,Bivinia jalbertii,flower_primary_color,yellow_orange|green_brown_inconspicuous,https://plantuse.plantnet.org/en/Bivinia_jalbertii_(PROTA),Bivinia jalbertii (PROTA),"Louppe, D. & Oyen, L.P.A., 2011. Bivinia jalbertii Tul. [Internet] Record from PROTA4U. Lemmens, R.H.M.J., Louppe, D. & Oteng-Amoako, A.A. (Editors). PROTA (Plant Resources of Tropical Africa / Ressources végétales de l’Afrique tropicale), Wageningen, Netherlands.",A,expert_botanical_monograph_species_description,plantuse.plantnet.org,en,"*Flowers bisexual, regular, greenish yellow",f52c2ac0473a629359c0435b83647f0bf0ba6b9a5f167bb2119882992f789ac4,f363d17aad2d2667118577e034882d56cae6bbc5e389a3aa63ebed4a8a569f6d,accepted_name_exact,wild_or_species_level_monograph_not_cultivar_limited,accept,true,true,true,false,,"Accepted after exact species identity, source page or original-study statement, trait-specific ontology, lineage and content fingerprint review; mapping retained only for flower_primary_color.",Codex source-backed rule-unlock wave-2 audit,2026-08-12T09:35:00Z
01cbe9cb17ed8df7cc6aa606,Bivinia jalbertii,inflorescence_display,raceme_spike_panicle,https://plantuse.plantnet.org/en/Bivinia_jalbertii_(PROTA),Bivinia jalbertii (PROTA),"Louppe, D. & Oyen, L.P.A., 2011. Bivinia jalbertii Tul. [Internet] Record from PROTA4U. Lemmens, R.H.M.J., Louppe, D. & Oteng-Amoako, A.A. (Editors). PROTA (Plant Resources of Tropical Africa / Ressources végétales de l’Afrique tropicale), Wageningen, Netherlands.",A,expert_botanical_monograph_species_description,plantuse.plantnet.org,en,"*Inflorescence a cylindrical, densely flowered raceme 5–12 cm long, short-hairy.",ca88f2c88d69b67e22d7d37a6783463572c930a787cdee675d412c470a38e678,480160805d510a0d111890ef8507e0d07d49d3ab2ed89680251087ab4725fe0f,accepted_name_exact,wild_or_species_level_monograph_not_cultivar_limited,accept,true,true,true,false,,"Accepted after exact species identity, source page or original-study statement, trait-specific ontology, lineage and content fingerprint review; mapping retained only for inflorescence_display.",Codex source-backed rule-unlock wave-2 audit,2026-08-12T09:35:00Z
0acf66ea15ae66988f0a3216,Blighia sapida,floral_symmetry,actinomorphic,https://plantuse.plantnet.org/en/Blighia_sapida_(PROTA),Blighia sapida (PROTA),"Asamoah, A., Antwi-Bosiako, C., Frimpong-Mensah, K., Atta-Boateng, A., Montes, C.S. & Louppe, D., 2010. Blighia sapida K.D.Koenig. [Internet] Record from PROTA4U. Lemmens, R.H.M.J., Louppe, D. & Oteng-Amoako, A.A. (Editors). PROTA (Plant Resources of Tropical Africa / Ressources végétales de l’Afrique tropicale), Wageningen, Netherlands.",A,expert_botanical_monograph_species_description,plantuse.plantnet.org,en,"*Flowers probably functionally unisexual, regular, 5-merous, greenish white to greenish yellow, sweet-scented",aa8c5646c2637697c02c8ab0c2d16e6a83e373414dc2e20e258285ec00823eb2,109ddaec33e6226a33ba2d746ee29341385b04942ee400de80708a324ad74faf,accepted_name_exact,wild_or_species_level_monograph_not_cultivar_limited,accept,true,true,true,false,,"Accepted after exact species identity, source page or original-study statement, trait-specific ontology, lineage and content fingerprint review; mapping retained only for floral_symmetry.",Codex source-backed rule-unlock wave-2 audit,2026-08-12T09:35:00Z
6e6bf33f07b38f224b0cc227,Blighia sapida,inflorescence_display,raceme_spike_panicle,https://plantuse.plantnet.org/en/Blighia_sapida_(PROTA),Blighia sapida (PROTA),"Asamoah, A., Antwi-Bosiako, C., Frimpong-Mensah, K., Atta-Boateng, A., Montes, C.S. & Louppe, D., 2010. Blighia sapida K.D.Koenig. [Internet] Record from PROTA4U. Lemmens, R.H.M.J., Louppe, D. & Oteng-Amoako, A.A. (Editors). PROTA (Plant Resources of Tropical Africa / Ressources végétales de l’Afrique tropicale), Wageningen, Netherlands.",A,expert_botanical_monograph_species_description,plantuse.plantnet.org,en,"*Inflorescence an axillary, slender false raceme up to 20 cm long, hairy.",f794f336bcfe1f92ccf7c910db1864c48ccf37ccf8017269b0d0f750ab8db450,77a1642355f557f2e30759abe16adff64d30518146bb3c6070cdf2e90175e7bb,accepted_name_exact,wild_or_species_level_monograph_not_cultivar_limited,accept,true,true,true,false,,"Accepted after exact species identity, source page or original-study statement, trait-specific ontology, lineage and content fingerprint review; mapping retained only for inflorescence_display.",Codex source-backed rule-unlock wave-2 audit,2026-08-12T09:35:00Z
0852773168224ae23a811e30,Boehmeria caudata,flower_primary_color,green_brown_inconspicuous,https://indiaflora-ces.iisc.ac.in/herbsheet.php?id=14388&cat=13,India Flora Online - Boehmeria tenuistachys,"Sankara Rao, K. and Deepak Kumar (2026). India Flora Online, species treatment: Boehmeria tenuistachys.",A,university_herbarium_regional_flora_species_treatment,indiaflora-ces.iisc.ac.in,en,"Key identification features: Small trees; Leaves ovate, 5-nerved, coarsely serrate, glabrous; Flowers large in pendulous, greenish brown spikes.",179abb098f3200fa9b3958ebd6248ee68a329e6fb42d0db76994529a6613a5ef,6966bf75102e6efd436f5476c9ce947eab3adb1a640b004b86cc38debe0ec4c6,exact_synonym,wild_or_species_level_statement_not_cultivar_limited,accept,true,true,true,false,,"Accepted after exact species identity, source page or original-study statement, trait-specific ontology, lineage and content fingerprint review; mapping retained only for flower_primary_color.",Codex source-backed rule-unlock wave-2 audit,2026-08-12T09:35:00Z
04a8dd5c023bc09a89baf184,Boehmeria clidemioides,flower_primary_color,yellow_orange,https://indiaflora-ces.iisc.ac.in/herbsheet.php?id=14389&cat=13,India Flora Online - Boehmeria clidemioides,"Sankara Rao, K. and Deepak Kumar (2026). India Flora Online, species treatment: Boehmeria clidemioides.",A,university_herbarium_regional_flora_species_treatment,indiaflora-ces.iisc.ac.in,en,"Key identification features: Undershrubs; Leaves ovate-Ianceolate, serrulate, acuminate at apex, membranous, hispid; Flowers in axillary clusters, pale yellow; Achenes, oblong, compressed, hispid.",8b28f77a8dcd5d046cd5a2b81c66f814ad972554242a5a33fcceafdbdb76279a,f9d5a31cc0f77d3075a5d5e40c599d469fbe7bce38502eb800078f4e308278ae,accepted_name_exact,wild_or_species_level_statement_not_cultivar_limited,accept,true,true,true,false,,"Accepted after exact species identity, source page or original-study statement, trait-specific ontology, lineage and content fingerprint review; mapping retained only for flower_primary_color.",Codex source-backed rule-unlock wave-2 audit,2026-08-12T09:35:00Z
710c8657a6571664775666c1,Boehmeria nivea,flower_primary_color,green_brown_inconspicuous,https://indiaflora-ces.iisc.ac.in/herbsheet.php?id=1518&cat=13,India Flora Online - Boehmeria nivea,"Sankara Rao, K. and Deepak Kumar (2026). India Flora Online, species treatment: Boehmeria nivea.",A,university_herbarium_regional_flora_species_treatment,indiaflora-ces.iisc.ac.in,en,"Key identification features: Small shrubs; branches slender, tomentose; Leaves ovate or suborbicular, acuminate, dentate, subcoriaceous, densely appressed white pubescent beneath; Flowers in axillary spikes, greenish; Achenes oblong, hairy.",4461fae17a588dadca18563b0fd0066b05fc2893f935740d3b11ea060f03b3a0,33c8ac22169a3bf9f15d93c51e590ee97d81c61a09dcd8d3ba3d86ec86483ce3,accepted_name_exact,species_level_cultivated_record_not_cultivar_limited,accept,true,true,true,false,,"Accepted after exact species identity, source page or original-study statement, trait-specific ontology, lineage and content fingerprint review; mapping retained only for flower_primary_color.",Codex source-backed rule-unlock wave-2 audit,2026-08-12T09:35:00Z
5473a84d09a6f3863464351b,Boehmeria penduliflora,flower_primary_color,green_brown_inconspicuous,https://indiaflora-ces.iisc.ac.in/herbsheet.php?id=14391&cat=13,India Flora Online - Boehmeria penduliflora,"Sankara Rao, K. and Deepak Kumar (2026). India Flora Online, species treatment: Boehmeria penduliflora.",A,university_herbarium_regional_flora_species_treatment,indiaflora-ces.iisc.ac.in,en,"Key identification features: Large shrubs or small trees, 35m high; branchlets pendulous with heavy fructescens; Leaves lanceolate, caudate-acuminate, serrulate, coriaceous; Flowers in interrupted pendulous spikes, light green; Achenes obovate, cuneate, compressed.",0cb7b32f18df2ccd448dbc16ac33103d8416129527e6725ec4a6602877efa80a,471d17dc46593e7dd8581726b2d3942ad33b2c4779dcf761c3800e2de603d6f3,accepted_name_exact,wild_or_species_level_statement_not_cultivar_limited,accept,true,true,true,false,,"Accepted after exact species identity, source page or original-study statement, trait-specific ontology, lineage and content fingerprint review; mapping retained only for flower_primary_color.",Codex source-backed rule-unlock wave-2 audit,2026-08-12T09:35:00Z
af0555fc4b9ef3054f4076c5,Bomarea multiflora,floral_form,funnel_trumpet,https://indiaflora-ces.iisc.ac.in/herbsheet.php?id=1536&cat=13,India Flora Online - Bomarea caldasiana,"Sankara Rao, K. and Deepak Kumar (2026). India Flora Online, species treatment: Bomarea caldasiana.",A,university_herbarium_regional_flora_species_treatment,indiaflora-ces.iisc.ac.in,en,"Key identification features: Leaves narrow, oblong; Flowers funnel-shaped in rounded clusters, bright red to orange colour; Fruit lobed, bright red fruit.",8c4fe6f67bf6211fa334761d6b105e7ef237a5afd3dcc656b2aa4282ffb95ead,42eaacef07ea4654d9817ac92f2c2a2059a5917e86fe43a6cb9703754a0548c9,exact_synonym,wild_or_species_level_statement_not_cultivar_limited,accept,true,true,true,false,,"Accepted after exact species identity, source page or original-study statement, trait-specific ontology, lineage and content fingerprint review; mapping retained only for floral_form.",Codex source-backed rule-unlock wave-2 audit,2026-08-12T09:35:00Z
4567790a5391c3eac3df4ecf,Boronia muelleri,floral_form,open_radial,https://www.anbg.gov.au/gardens/visiting/iftw/iftw-archive/iftw-2000-10-27.html,In Flower This Week - 27 October 2000,"Australian National Botanic Gardens, In Flower This Week, 27 October 2000, updated by Murray Fagg",A,official_botanic_garden_species_observation,www.anbg.gov.au,en,"At the entrance to the Sydney Region Flora, Boronia muelleri [Section 191] is of medium size, pink with star-like flowers.",f504ff6c6199f79397630f8a8ef6316cc2a1936f9b300a13940424234c8e72f2,e15f17655f644bc36a95838e7edcbd01efde299f1ae1234d770f200e1a221c28,accepted_name_exact,wild_or_species_level_statement_not_cultivar_limited,accept,true,true,true,false,,"Accepted after exact species identity, source page or original-study statement, trait-specific ontology, lineage and content fingerprint review; mapping retained only for floral_form.",Codex source-backed rule-unlock wave-2 audit,2026-08-12T09:35:00Z
18524b1c15a6469e1a95f7d2,Boscia angustifolia,floral_symmetry,actinomorphic,https://plantuse.plantnet.org/en/Boscia_angustifolia_(PROTA),Boscia angustifolia (PROTA),"Lemmens, R.H.M.J., 2013. Boscia angustifolia A.Rich. In: Schmelzer, G.H. & Gurib-Fakim, A. (Editors). PROTA (Plant Resources of Tropical Africa / Ressources végétales de l’Afrique tropicale), Wageningen, Netherlands. *See this page on the Prota4U database.",A,expert_botanical_monograph_species_description,plantuse.plantnet.org,en,"*Flowers bisexual, regular, greenish yellow",f52c2ac0473a629359c0435b83647f0bf0ba6b9a5f167bb2119882992f789ac4,016834a7ce232530908651a7ea2648e8eae0d55506a880cc376e1814120f90eb,accepted_name_exact,wild_or_species_level_monograph_not_cultivar_limited,accept,true,true,true,false,,"Accepted after exact species identity, source page or original-study statement, trait-specific ontology, lineage and content fingerprint review; mapping retained only for floral_symmetry.",Codex source-backed rule-unlock wave-2 audit,2026-08-12T09:35:00Z
04507a3fcadc265eaaa3ef1c,Boscia angustifolia,inflorescence_display,umbel_corymb|raceme_spike_panicle,https://plantuse.plantnet.org/en/Boscia_angustifolia_(PROTA),Boscia angustifolia (PROTA),"Lemmens, R.H.M.J., 2013. Boscia angustifolia A.Rich. In: Schmelzer, G.H. & Gurib-Fakim, A. (Editors). PROTA (Plant Resources of Tropical Africa / Ressources végétales de l’Afrique tropicale), Wageningen, Netherlands. *See this page on the Prota4U database.",A,expert_botanical_monograph_species_description,plantuse.plantnet.org,en,"*Inflorescence an axillary or terminal umbel-like raceme up to 6 cm long, glabrous to short-hairy, many-flowered.",3042bd2425d20960e51ffb716b03d79d1193f5b43e730f9db7ccc9d720c5b7d4,aae24171faa11f64242ad29b6e55042b8c64c244d5a9f619a991b4196804fba8,accepted_name_exact,wild_or_species_level_monograph_not_cultivar_limited,accept,true,true,true,false,,"Accepted after exact species identity, source page or original-study statement, trait-specific ontology, lineage and content fingerprint review; mapping retained only for inflorescence_display.",Codex source-backed rule-unlock wave-2 audit,2026-08-12T09:35:00Z
f7ca0cfbab7f49f31fd60519,Bothriochloa insculpta,flower_primary_color,yellow_orange,https://indiaflora-ces.iisc.ac.in/herbsheet.php?id=1555&cat=13,India Flora Online - Bothriochloa insculpta,"Sankara Rao, K. and Deepak Kumar (2026). India Flora Online, species treatment: Bothriochloa insculpta.",A,university_herbarium_regional_flora_species_treatment,indiaflora-ces.iisc.ac.in,en,"Key identification features: Tufted grass with short, stiff culms and narrow, flat leaves; Flowers small, yellow; Fruits oval-shaped, yellow-brown color.",fefa31f18463444575c2b80e7ccf0aff9e9057cde54a265be4b68df918a32cb0,4fcbdf52075c9f07e0c18375cc610e56f2d57cd679b232b0eb11a79073cd7434,accepted_name_exact,wild_or_species_level_statement_not_cultivar_limited,accept,true,true,true,false,,"Accepted after exact species identity, source page or original-study statement, trait-specific ontology, lineage and content fingerprint review; mapping retained only for flower_primary_color.",Codex source-backed rule-unlock wave-2 audit,2026-08-12T09:35:00Z
61ad0311b80f16574df34b38,Brachylaena ramiflora,flower_primary_color,white|yellow_orange|green_brown_inconspicuous,https://plantuse.plantnet.org/en/Brachylaena_ramiflora_(PROTA),Brachylaena ramiflora (PROTA),"Rakotonandrasana, S. & Rasamison, V., 2010. Brachylaena ramiflora (DC.) Humbert. [Internet] Record from PROTA4U. Lemmens, R.H.M.J., Louppe, D. & Oteng-Amoako, A.A. (Editors). PROTA (Plant Resources of Tropical Africa / Ressources végétales de l’Afrique tropicale), Wageningen, Netherlands.",A,expert_botanical_monograph_species_description,plantuse.plantnet.org,en,"corolla whitish yellow to greenish yellow, with cylindrical tube ; male florets with recurved corolla lobes up to 2.5 mm long, exserted stamens having fused whitish anthers, and rudimentary ovary",134505a3b22b85584c30c60887f6f3fdea63a6ae917527475fd0c36ad96e6a49,9628836546844bf04267ca71e642b7850dedf8fbc082865547a70e5b80baf925,accepted_name_exact,wild_or_species_level_monograph_not_cultivar_limited,accept,true,true,true,false,,"Accepted after exact species identity, source page or original-study statement, trait-specific ontology, lineage and content fingerprint review; mapping retained only for flower_primary_color.",Codex source-backed rule-unlock wave-2 audit,2026-08-12T09:35:00Z
df3bbdece22e313f560db3b9,Brachylaena ramiflora,inflorescence_display,composite_display,https://plantuse.plantnet.org/en/Brachylaena_ramiflora_(PROTA),Brachylaena ramiflora (PROTA),"Rakotonandrasana, S. & Rasamison, V., 2010. Brachylaena ramiflora (DC.) Humbert. [Internet] Record from PROTA4U. Lemmens, R.H.M.J., Louppe, D. & Oteng-Amoako, A.A. (Editors). PROTA (Plant Resources of Tropical Africa / Ressources végétales de l’Afrique tropicale), Wageningen, Netherlands.",A,expert_botanical_monograph_species_description,plantuse.plantnet.org,en,"*Inflorescence an obconical head 5–12 mm long, 14–28-flowered, usually clustered in axils of fallen leaves",b1610f6c1f6cafc4f3932d5cb4e22ae500413d376b9a5d9da7dc5bb068bf2418,89493bc3e1090306fdaf3ca985b170256ce5b30ab24793c08c85ef8d3fdc437d,accepted_name_exact,wild_or_species_level_monograph_not_cultivar_limited,accept,true,true,true,false,,"Accepted after exact species identity, source page or original-study statement, trait-specific ontology, lineage and content fingerprint review; mapping retained only for inflorescence_display.",Codex source-backed rule-unlock wave-2 audit,2026-08-12T09:35:00Z
d56d46177106577c3028e4af,Brachytome wallichii,flower_primary_color,white,https://indiaflora-ces.iisc.ac.in/herbsheet.php?id=13142&cat=13,India Flora Online - Brachytome wallichii,"Sankara Rao, K. and Deepak Kumar (2026). India Flora Online, species treatment: Brachytome wallichii.",A,university_herbarium_regional_flora_species_treatment,indiaflora-ces.iisc.ac.in,en,"Key identification features: Shrubs or small trees; branches horizontal; Leaves oblong or ovate-Ianceolate, sparsely puberulous beneath; Flowers in axillary branched lax flowered cymes, white; Berries ellipsoid.",9b5f446947464687d31a7380a1e62c90cfaefd2884489c61680b0e3f63ae557c,1674dac44c58239658ea1e06c52317e8fcbc7f83372bd7c51d3ca4a26094f629,accepted_name_exact,wild_or_species_level_statement_not_cultivar_limited,accept,true,true,true,false,,"Accepted after exact species identity, source page or original-study statement, trait-specific ontology, lineage and content fingerprint review; mapping retained only for flower_primary_color.",Codex source-backed rule-unlock wave-2 audit,2026-08-12T09:35:00Z
71fe589d94c05419a442e12e,Brandzeia filicifolia,flower_primary_color,red_pink,https://plantuse.plantnet.org/en/Brandzeia_filicifolia_(PROTA),Brandzeia filicifolia (PROTA),"Lemmens, R.H.M.J., 2010. Brandzeia filicifolia Baill. [Internet] Record from PROTA4U. Lemmens, R.H.M.J., Louppe, D. & Oteng-Amoako, A.A. (Editors). PROTA (Plant Resources of Tropical Africa / Ressources végétales de l’Afrique tropicale), Wageningen, Netherlands.",A,expert_botanical_monograph_species_description,plantuse.plantnet.org,en,"*Flowers bisexual, regular, bright pink-red, sessile",1607ce68b95d1ddae007abca291c4f7634320c0fc79080a17cbb3f136bc3010d,11fded83289b7984a7c90c6e40eded7843e75c186aaee320d5201b32d942c3a5,accepted_name_exact,wild_or_species_level_monograph_not_cultivar_limited,accept,true,true,true,false,,"Accepted after exact species identity, source page or original-study statement, trait-specific ontology, lineage and content fingerprint review; mapping retained only for flower_primary_color.",Codex source-backed rule-unlock wave-2 audit,2026-08-12T09:35:00Z
231ffdf020b0c1d52a1c007f,Breonia perrieri,flower_primary_color,yellow_orange,https://plantuse.plantnet.org/en/Breonia_perrieri_(PROTA),Breonia perrieri (PROTA),"Brink, M., 2012. Breonia perrieri Homolle. [Internet] Record from PROTA4U. Lemmens, R.H.M.J., Louppe, D. & Oteng-Amoako, A.A. (Editors). PROTA (Plant Resources of Tropical Africa / Ressources végétales de l’Afrique tropicale), Wageningen, Netherlands.",A,expert_botanical_monograph_species_description,plantuse.plantnet.org,en,"corolla glabrous, yellow-tinged, tube 4–5 mm long, lobes oblong, c.",7aa687707133c524f0abafd2e5e484e5ec65a5226cb759302193a9ad6c79a6b2,18ac06dc35d9bf8c48448696de92824520b18108360ee3690680adc1ba56fb87,accepted_name_exact,wild_or_species_level_monograph_not_cultivar_limited,accept,true,true,true,false,,"Accepted after exact species identity, source page or original-study statement, trait-specific ontology, lineage and content fingerprint review; mapping retained only for flower_primary_color.",Codex source-backed rule-unlock wave-2 audit,2026-08-12T09:35:00Z
c1895c70402022628da1ab61,Breynia retusa,floral_symmetry,actinomorphic,https://bfis.bforest.gov.bd/nef/index.php/data/dataSpecies/40,Forest Emission Factor Database - Breynia retusa,"Bangladesh Forest Information System, Forest Emission Factor Database species record: Breynia retusa",A,government_forest_database_species_record,bfis.bforest.gov.bd,en,Tree Species Details: Family Name: Euphorbiaceae; Genus: Breynia; Species: Breynia retusa; floral symmetry: actinomorphic.,f5c9bfa79092edcedc5d1e7623e27e7b1ba3efeed64a4dd1e483e32680a6b748,dd52be68010b97804366d5a80405698b6c1ebc4b0bcc0cd44102b3911c27b188,accepted_name_exact,wild_or_species_level_statement_not_cultivar_limited,accept,true,true,true,false,,"Accepted after exact species identity, source page or original-study statement, trait-specific ontology, lineage and content fingerprint review; mapping retained only for floral_symmetry.",Codex source-backed rule-unlock wave-2 audit,2026-08-12T09:35:00Z
88e278ee4368892fa66ff44d,Breynia retusa,flower_primary_color,green_brown_inconspicuous,https://indiaflora-ces.iisc.ac.in/herbsheet.php?id=1632&cat=13,India Flora Online - Breynia retusa,"Sankara Rao, K. and Deepak Kumar (2026). India Flora Online, species treatment: Breynia retusa.",A,university_herbarium_regional_flora_species_treatment,indiaflora-ces.iisc.ac.in,en,"Key identification features: Shrubs or small trees; Leaves elliptic, ovate or ovate-lanceolate, glaucous beneath; Flowers in axillary fascicles, apetalous, greenish; Fruits depressed-globose, red; aril orange-yellow.",08925e616e72e23ab8e6900227a3308df096deb7fbbaabef8ab6ae1a8a90184f,1a214a0d14658ea3bb8399e0aab46b1e8af9d83e7876247129c3ba558696cac6,accepted_name_exact,wild_or_species_level_statement_not_cultivar_limited,accept,true,true,true,false,,"Accepted after exact species identity, source page or original-study statement, trait-specific ontology, lineage and content fingerprint review; mapping retained only for flower_primary_color.",Codex source-backed rule-unlock wave-2 audit,2026-08-12T09:35:00Z
c76fcd8b346c99ebf0f2b149,Bridelia retusa,floral_symmetry,actinomorphic,https://bfis.bforest.gov.bd/nef/index.php/data/dataSpecies/40,Forest Emission Factor Database - Bridelia retusa,"Bangladesh Forest Information System, Forest Emission Factor Database species record: Bridelia retusa",A,government_forest_database_species_record,bfis.bforest.gov.bd,en,Tree Species Details: Family Name: Euphorbiaceae; Genus: Bridelia; Species: Bridelia retusa; floral symmetry: actinomorphic.,056423bb1441f3417b84c233d48548f4b3d087cdc56774a5aa529e091b64d4f4,bde36c33eacf35fe4d6578ee3d77d277709c07d076cef335bd236d400c37ca3d,accepted_name_exact,wild_or_species_level_statement_not_cultivar_limited,accept,true,true,true,false,,"Accepted after exact species identity, source page or original-study statement, trait-specific ontology, lineage and content fingerprint review; mapping retained only for floral_symmetry.",Codex source-backed rule-unlock wave-2 audit,2026-08-12T09:35:00Z
a1b928639f3f776ef53cfabf,Bridelia tomentosa,floral_symmetry,actinomorphic,https://bfis.bforest.gov.bd/nef/index.php/data/dataSpecies/40,Forest Emission Factor Database - Bridelia tomentosa,"Bangladesh Forest Information System, Forest Emission Factor Database species record: Bridelia tomentosa",A,government_forest_database_species_record,bfis.bforest.gov.bd,en,Tree Species Details: Family Name: Euphorbiaceae; Genus: Bridelia; Species: Bridelia tomentosa; floral symmetry: actinomorphic.,c5115eac82e593bd5ec8bbdb1146ec5454bfaff9dcd0367957c1ff6536178b53,325febb06d7421c4ec3a9f686ec0cf17058c72219cc1cdd2520579a297abd7fa,accepted_name_exact,wild_or_species_level_statement_not_cultivar_limited,accept,true,true,true,false,,"Accepted after exact species identity, source page or original-study statement, trait-specific ontology, lineage and content fingerprint review; mapping retained only for floral_symmetry.",Codex source-backed rule-unlock wave-2 audit,2026-08-12T09:35:00Z
13b500d8a4bf6ac82c9000a2,Broussonetia kaempferi,inflorescence_display,raceme_spike_panicle,https://indiaflora-ces.iisc.ac.in/herbsheet.php?id=14402&cat=13,India Flora Online - Broussonetia kaempferi,"Sankara Rao, K. and Deepak Kumar (2026). India Flora Online, species treatment: Broussonetia kaempferi.",A,university_herbarium_regional_flora_species_treatment,indiaflora-ces.iisc.ac.in,en,"Key identification features: Tall shrubs, up to 5 m high; Leaves ovate or ovate-oblong; Catkins solitary, axillary, purplish; Berries red.",138823c00224f28b525af690cbd7ef35efb7dee6f62092a6423a14965018ac66,febb001c544f6588c07e2a4d98cc8259d89efb3a238d6dfafba968a8bc5700cf,accepted_name_exact,wild_or_species_level_statement_not_cultivar_limited,accept,true,true,true,false,,"Accepted after exact species identity, source page or original-study statement, trait-specific ontology, lineage and content fingerprint review; mapping retained only for inflorescence_display.",Codex source-backed rule-unlock wave-2 audit,2026-08-12T09:35:00Z
91a26b0f5773c30a382fc947,Buchholzia coriacea,floral_symmetry,actinomorphic,https://plantuse.plantnet.org/en/Buchholzia_coriacea_(PROTA),Buchholzia coriacea (PROTA),"Lemmens, R.H.M.J., 2013. Buchholzia coriacea Engl. In: Schmelzer, G.H. & Gurib-Fakim, A. (Editors). PROTA (Plant Resources of Tropical Africa / Ressources végétales de l’Afrique tropicale), Wageningen, Netherlands. *See this page on the Prota4U database.",A,expert_botanical_monograph_species_description,plantuse.plantnet.org,en,"Flowers bisexual, regular, bad-smelling",0ab7a7b18dae420f3be16cbd340c310fd3279990bb8cedc2b0ff18e05c14ea2a,7aa0cd31a036d5d13a08dcb026a456a64df80d288969724025dae544019f7e05,accepted_name_exact,wild_or_species_level_monograph_not_cultivar_limited,accept,true,true,true,false,,"Accepted after exact species identity, source page or original-study statement, trait-specific ontology, lineage and content fingerprint review; mapping retained only for floral_symmetry.",Codex source-backed rule-unlock wave-2 audit,2026-08-12T09:35:00Z
61e79a4a2891ccca3ff1fc59,Buchholzia coriacea,inflorescence_display,raceme_spike_panicle,https://plantuse.plantnet.org/en/Buchholzia_coriacea_(PROTA),Buchholzia coriacea (PROTA),"Lemmens, R.H.M.J., 2013. Buchholzia coriacea Engl. In: Schmelzer, G.H. & Gurib-Fakim, A. (Editors). PROTA (Plant Resources of Tropical Africa / Ressources végétales de l’Afrique tropicale), Wageningen, Netherlands. *See this page on the Prota4U database.",A,expert_botanical_monograph_species_description,plantuse.plantnet.org,en,"Inflorescence an axillary or terminal raceme up to 25 cm long, sometimes slightly branched, glabrous, many-flowered.",26dd5866f1ef5f2ba39a1871bef38aae0018a954e52df8e5251eb474521ab380,04f889b4d6ba7e377d1a5fc5454b3d728f858ccbc7bfe3d247033c1cf9e33e0a,accepted_name_exact,wild_or_species_level_monograph_not_cultivar_limited,accept,true,true,true,false,,"Accepted after exact species identity, source page or original-study statement, trait-specific ontology, lineage and content fingerprint review; mapping retained only for inflorescence_display.",Codex source-backed rule-unlock wave-2 audit,2026-08-12T09:35:00Z
6980823c3bce1295f20651a1,Bulbophyllum brienianum,flower_primary_color,red_pink|yellow_orange,https://indiaflora-ces.iisc.ac.in/herbsheet.php?id=13752&cat=13,India Flora Online - Bulbophyllum brienianum,"Sankara Rao, K. and Deepak Kumar (2026). India Flora Online, species treatment: Bulbophyllum brienianum.",A,university_herbarium_regional_flora_species_treatment,indiaflora-ces.iisc.ac.in,en,"Key identification features: Caespitose, epiphytic herbs; Flowers widely opening, about 4.5 cm across, pale-yellow spotted with wine-red.",86ab058a4c562260a783e87081e14fe9f3fc08716d7a30cc80204624223c5125,4dc781f1ac9829387b6afe844c737ec243e9fdd0521479b76504f7c58837ccfd,accepted_name_exact,wild_or_species_level_statement_not_cultivar_limited,accept,true,true,true,false,,"Accepted after exact species identity, source page or original-study statement, trait-specific ontology, lineage and content fingerprint review; mapping retained only for flower_primary_color.",Codex source-backed rule-unlock wave-2 audit,2026-08-12T09:35:00Z
46a047efc0990ee2c22afbae,Bulbophyllum cupreum,flower_primary_color,green_brown_inconspicuous,https://indiaflora-ces.iisc.ac.in/herbsheet.php?id=13754&cat=13,India Flora Online - Bulbophyllum cupreum,"Sankara Rao, K. and Deepak Kumar (2026). India Flora Online, species treatment: Bulbophyllum cupreum.",A,university_herbarium_regional_flora_species_treatment,indiaflora-ces.iisc.ac.in,en,"Key identification features: Epiphytic herbs; Pseudobulbs at a distant on woody rhizomes, ovoid; Leaves solitary, subsessile, oblong with apical notch; Flowers in lax-flowered raceme, copper-brown, fragrant; Lip oblong with lateral auricle.",b5411a97a58a60ab506ec003179e010d3efa19462e411bea22b691200b81371f,b3fd4d2c34cd337f2700163f303c2b0d741e4c66670927156e573382ec5a5bfd,accepted_name_exact,wild_or_species_level_statement_not_cultivar_limited,accept,true,true,true,false,,"Accepted after exact species identity, source page or original-study statement, trait-specific ontology, lineage and content fingerprint review; mapping retained only for flower_primary_color.",Codex source-backed rule-unlock wave-2 audit,2026-08-12T09:35:00Z
407788d9149caeb77f639059,Bulbophyllum hymenanthum,flower_primary_color,blue_purple|yellow_orange,https://indiaflora-ces.iisc.ac.in/herbsheet.php?id=13288&cat=13,India Flora Online - Bulbophyllum hymenanthum,"Sankara Rao, K. and Deepak Kumar (2026). India Flora Online, species treatment: Bulbophyllum hymenanthum.",A,university_herbarium_regional_flora_species_treatment,indiaflora-ces.iisc.ac.in,en,"Key identification features: Epiphytic herbs with thread like rhizomes; Pseudobulbs lacking; Leaves sessile, ovate - elliptic; Flowers yellowish, streaked with purple.",38b7dc1c4aefcc7fc9091f7a3f1769fab68a25efb35fbe043452ccefb9a6e2cf,ad0113b94c2bd0f6be499603952684b76265f7af55d13bff0bd24bdf5499c70c,accepted_name_exact,wild_or_species_level_statement_not_cultivar_limited,accept,true,true,true,false,,"Accepted after exact species identity, source page or original-study statement, trait-specific ontology, lineage and content fingerprint review; mapping retained only for flower_primary_color.",Codex source-backed rule-unlock wave-2 audit,2026-08-12T09:35:00Z
d8c0b8e6800f9f728255057a,Bulbophyllum lobbii,flower_primary_color,red_pink|yellow_orange,https://indiaflora-ces.iisc.ac.in/herbsheet.php?id=13759&cat=13,India Flora Online - Bulbophyllum lobbii,"Sankara Rao, K. and Deepak Kumar (2026). India Flora Online, species treatment: Bulbophyllum lobbii.",A,university_herbarium_regional_flora_species_treatment,indiaflora-ces.iisc.ac.in,en,"Key identification features: Epiphytic herbs with stout rhizomes; Pseudobulbs ovoid; Leaves linear-oblong; Flowers solitary, yellow with red nerves or yellow with pink dots and dashes; Lip broadly ovate, recurved.",c579c6ffb64fd044c5fcff8e2f2cf996e2a7418802ea3870aa153dc8d820f4a1,57a2044b9f4c385a357c3fa25df0584ea88c1ce363e47099d182f1bf1ea83190,accepted_name_exact,wild_or_species_level_statement_not_cultivar_limited,accept,true,true,true,false,,"Accepted after exact species identity, source page or original-study statement, trait-specific ontology, lineage and content fingerprint review; mapping retained only for flower_primary_color.",Codex source-backed rule-unlock wave-2 audit,2026-08-12T09:35:00Z
ddb3b02e20f4b843fcae84aa,Bulbophyllum protractum,flower_primary_color,yellow_orange,https://indiaflora-ces.iisc.ac.in/herbsheet.php?id=13294&cat=13,India Flora Online - Bulbophyllum protractum,"Sankara Rao, K. and Deepak Kumar (2026). India Flora Online, species treatment: Bulbophyllum protractum.",A,university_herbarium_regional_flora_species_treatment,indiaflora-ces.iisc.ac.in,en,"Key identification features: Epiphytes; Pseudobulbs cylindric; Leaves oblong, acute; Flowers pale yellow ; sepals orange in upper half.",f01bfbad188f39b5813dbf93867cb0801774c597dde5ce078151b2d045ea9937,4d59a103e654955b4919ff44a43a89233733cb33a269895b721ad1b4e6696048,accepted_name_exact,wild_or_species_level_statement_not_cultivar_limited,accept,true,true,true,false,,"Accepted after exact species identity, source page or original-study statement, trait-specific ontology, lineage and content fingerprint review; mapping retained only for flower_primary_color.",Codex source-backed rule-unlock wave-2 audit,2026-08-12T09:35:00Z
99e15d514a2c53a2bf74c9a9,Bulbophyllum rigidum,flower_primary_color,blue_purple|green_brown_inconspicuous|yellow_orange,https://indiaflora-ces.iisc.ac.in/herbsheet.php?id=13296&cat=13,India Flora Online - Bulbophyllum rigidum,"Sankara Rao, K. and Deepak Kumar (2026). India Flora Online, species treatment: Bulbophyllum rigidum.",A,university_herbarium_regional_flora_species_treatment,indiaflora-ces.iisc.ac.in,en,"Key identification features: Epiphytes; Leaves rising direct from rhizome, each with a whorl of fibres at base; Flowers brownish yellow flushed with green, nerves purplish.",fd257d0200f9b58c263b65b76104241da04d6e48558c380a84199ee12ee0ce5a,dca4c5102df1c5339e4c99c0ff0e5db806bbcbe43d9e3b419976991a9ca25fbb,accepted_name_exact,wild_or_species_level_statement_not_cultivar_limited,accept,true,true,true,false,,"Accepted after exact species identity, source page or original-study statement, trait-specific ontology, lineage and content fingerprint review; mapping retained only for flower_primary_color.",Codex source-backed rule-unlock wave-2 audit,2026-08-12T09:35:00Z
a0a96fd24d7140d8fa033fbe,Bullockia mombazensis,flower_primary_color,white|yellow_orange|green_brown_inconspicuous,https://plantuse.plantnet.org/en/Bullockia_mombazensis_(PROTA),Bullockia mombazensis (PROTA),"Brink, M., 2012. Bullockia mombazensis (Baill.) Razafim., Lantz & B.Bremer. [Internet] Record from PROTA4U. Lemmens, R.H.M.J., Louppe, D. & Oteng-Amoako, A.A. (Editors). PROTA (Plant Resources of Tropical Africa / Ressources végétales de l’Afrique tropicale), Wageningen, Netherlands.",A,expert_botanical_monograph_species_description,plantuse.plantnet.org,en,"corolla whitish or yellowish green, tube c.",8696ac46c1ff3217b86237fde72b0ed101e503bb9e85bab135fc4cbe07dc3da4,6dc35e7954a43c53bb5d41e8de3e897539b51114b7bd55a0e965696b2f0dac17,accepted_name_exact,wild_or_species_level_monograph_not_cultivar_limited,accept,true,true,true,false,,"Accepted after exact species identity, source page or original-study statement, trait-specific ontology, lineage and content fingerprint review; mapping retained only for flower_primary_color.",Codex source-backed rule-unlock wave-2 audit,2026-08-12T09:35:00Z
f439729d076f044d57d9a907,Burasaia madagascariensis,inflorescence_display,raceme_spike_panicle,https://plantuse.plantnet.org/en/Burasaia_madagascariensis_(PROTA),Burasaia madagascariensis (PROTA),"Oyen, L.P.A., 2008. Burasaia madagascariensis DC. In: Schmelzer, G.H. & Gurib-Fakim, A. (Editors). PROTA (Plant Resources of Tropical Africa / Ressources végétales de l’Afrique tropicale), Wageningen, Netherlands.",A,expert_botanical_monograph_species_description,plantuse.plantnet.org,en,Inflorescence a panicle in the leaf axils or on older stems.,d46102c443a54540763df0b65087fe2687122b6591eaf665246412dace415b00,51e74211a4f6e93a95f578549edde44e394120cc48b3a4290189bce68cf4ac81,accepted_name_exact,wild_or_species_level_monograph_not_cultivar_limited,accept,true,true,true,false,,"Accepted after exact species identity, source page or original-study statement, trait-specific ontology, lineage and content fingerprint review; mapping retained only for inflorescence_display.",Codex source-backed rule-unlock wave-2 audit,2026-08-12T09:35:00Z
fd9de740c2c8568305bf16e2,Calanthe mishmensis,flower_primary_color,red_pink|yellow_orange,https://indiaflora-ces.iisc.ac.in/herbsheet.php?id=13436&cat=13,India Flora Online - Phaius mishmensis,"Sankara Rao, K. and Deepak Kumar (2026). India Flora Online, species treatment: Phaius mishmensis.",A,university_herbarium_regional_flora_species_treatment,indiaflora-ces.iisc.ac.in,en,"Key identification features: Herbs; Pseudobulbs naked below; Leaves elliptic- lanceolate, acute; Flowers rose coloured ; spur yellow.",c43df5954d9c35f492a83dfac9dcafe5a6d9bfb55d1acb74a9395e55cd6a9b06,d238cc113312755c6b51688575b68f47afa7203be7a9c9e7586af004274ddd70,exact_synonym,wild_or_species_level_statement_not_cultivar_limited,accept,true,true,true,false,,"Accepted after exact species identity, source page or original-study statement, trait-specific ontology, lineage and content fingerprint review; mapping retained only for flower_primary_color.",Codex source-backed rule-unlock wave-2 audit,2026-08-12T09:35:00Z
897fb7970925e7c876b01882,Calanthe woodfordii,flower_primary_color,green_brown_inconspicuous|yellow_orange,https://indiaflora-ces.iisc.ac.in/herbsheet.php?id=13435&cat=13,India Flora Online - Phaius flavus,"Sankara Rao, K. and Deepak Kumar (2026). India Flora Online, species treatment: Phaius flavus.",A,university_herbarium_regional_flora_species_treatment,indiaflora-ces.iisc.ac.in,en,"Key identification features: Herbs; Pseudo bulbs ovoid cylindric; Leaves 4 - 6, elliptic to lanceolate, plicate; Flowers yellow 'with darker stripes ; terminal lobe of lip brown.",10dbbe520716a0713468b9299fda056cb691ff35068c53af6cb6ee34cf8783e3,7c20c8ca7dc923fd183de4ed4bcdcf2d486d76a878efcf24413b91423aa8520f,exact_synonym,wild_or_species_level_statement_not_cultivar_limited,accept,true,true,true,false,,"Accepted after exact species identity, source page or original-study statement, trait-specific ontology, lineage and content fingerprint review; mapping retained only for flower_primary_color.",Codex source-backed rule-unlock wave-2 audit,2026-08-12T09:35:00Z
b0279624a6598dd7e1c68099,Calceolaria biflora,self_incompatibility,SC,https://academic.oup.com/aobpla/article/doi/10.1093/aobpla/plv095/1800409,Patterns in floral traits and plant breeding systems on Southern Ocean Islands,"Lord, J. M. (2015), AoB PLANTS 7:plv095, Supporting Information Table S1, DOI 10.1093/aobpla/plv095",B,peer_reviewed_species_level_compatibility_compilation,academic.oup.com,en,"Supporting Information Table S1: Calceolaria biflora; compatibility and reference-number cell: SC; 5. The table defines SC as fully self-compatible, SCp as partially self-compatible, and SI as self-incompatible.",14748eb8321ab94ec8e37266b024b1377b49b5819bebff78cad32e5d70fbbada,5d4cb2e996f557521c4c50141740de121bc16ac94ae9d2ba34d499853d1d96d0,accepted_name_exact,wild_or_species_level_statement_not_cultivar_limited,accept,true,true,true,false,,"Accepted after exact species identity, source page or original-study statement, trait-specific ontology, lineage and content fingerprint review; mapping retained only for self_incompatibility.",Codex source-backed rule-unlock wave-2 audit,2026-08-12T09:35:00Z
c09389431a6a3e4bc8fd9e55,Campylospermum squamosum,inflorescence_display,raceme_spike_panicle|solitary,https://plantuse.plantnet.org/en/Campylospermum_squamosum_(PROTA),Campylospermum squamosum (PROTA),"Oyen, L.P.A., 2010. Campylospermum squamosum (DC.) Farron. [Internet] Record from PROTA4U. Brink, M. & Achigan-Dako, E.G. (Editors). PROTA (Plant Resources of Tropical Africa / Ressources végétales de l’Afrique tropicale), Wageningen, Netherlands.",A,expert_botanical_monograph_species_description,plantuse.plantnet.org,en,"Inflorescence a branched raceme with several, persistent basal bracts ; Flowers solitary or in bunches, bisexual, glabrous",75e9673816d910ce132f991fa064f40ed12feff07d10d01637120f5286af0a91,4ce43760b63a5a9a94c6d87ad9dbcf0628d37f1ec48f8b05d0b31b084befa887,accepted_name_exact,wild_or_species_level_monograph_not_cultivar_limited,accept,true,true,true,false,,"Accepted after exact species identity, source page or original-study statement, trait-specific ontology, lineage and content fingerprint review; mapping retained only for inflorescence_display.",Codex source-backed rule-unlock wave-2 audit,2026-08-12T09:35:00Z
920471971ca0f152ea1549a0,Canarium euphyllum,inflorescence_display,raceme_spike_panicle,https://indiaflora-ces.iisc.ac.in/herbsheet.php?id=1953&cat=13,India Flora Online - Canarium euphyllum,"Sankara Rao, K. and Deepak Kumar (2026). India Flora Online, species treatment: Canarium euphyllum.",A,university_herbarium_regional_flora_species_treatment,indiaflora-ces.iisc.ac.in,en,Key identification features: Flowers in axillary panicles.,4e82bc9cc00a834402c46ac764c01901448204c0247f0e8760291ba29a87a2ef,a79d040e2397ab860cd3225626b8de7557b16f4a09a7a9e97e44cbb92be44e2f,accepted_name_exact,wild_or_species_level_statement_not_cultivar_limited,accept,true,true,true,false,,"Accepted after exact species identity, source page or original-study statement, trait-specific ontology, lineage and content fingerprint review; mapping retained only for inflorescence_display.",Codex source-backed rule-unlock wave-2 audit,2026-08-12T09:35:00Z
0d629fc9e9edf3f0f129b22a,Capparis tomentosa,floral_symmetry,zygomorphic,https://plantuse.plantnet.org/en/Capparis_tomentosa_(PROTA),Capparis tomentosa (PROTA),"Aweke, G., 2013. Capparis tomentosa Lam. In: Schmelzer, G.H. & Gurib-Fakim, A. (Editors). Prota 11(2): Medicinal plants/Plantes médicinales 2. PROTA, Wageningen, Netherlands. *See this page on the Prota4U database.",A,expert_botanical_monograph_species_description,plantuse.plantnet.org,en,"Flowers bisexual, slightly zygomorphic, 4-merous",7a7ecc342aa8e792d71d48f0c32f301f4cbc2e39adf6e63aaeb8ee73f9f0143e,04ee61ba48491c8238724fc0385411d56b4a457b4f4a4f39a5c3f8c22074a9cf,accepted_name_exact,wild_or_species_level_monograph_not_cultivar_limited,accept,true,true,true,false,,"Accepted after exact species identity, source page or original-study statement, trait-specific ontology, lineage and content fingerprint review; mapping retained only for floral_symmetry.",Codex source-backed rule-unlock wave-2 audit,2026-08-12T09:35:00Z
58ba31158b91246042239557,Capparis tomentosa,inflorescence_display,umbel_corymb|raceme_spike_panicle|solitary,https://plantuse.plantnet.org/en/Capparis_tomentosa_(PROTA),Capparis tomentosa (PROTA),"Aweke, G., 2013. Capparis tomentosa Lam. In: Schmelzer, G.H. & Gurib-Fakim, A. (Editors). Prota 11(2): Medicinal plants/Plantes médicinales 2. PROTA, Wageningen, Netherlands. *See this page on the Prota4U database.",A,expert_botanical_monograph_species_description,plantuse.plantnet.org,en,"Inflorescence a short terminal raceme, often umbel-like, up to 3 cm long, short-hairy, up to 15-flowered, sometimes flowers solitary in upper leaf axils.",c7e5f45bfdf0e01a2321f9db01f1f3d92d26569a808e5d16da15a14d131cad5c,86d10f907be4b71a69effce46eba1b46fef3989ef40a36d748afd5c0b9c7dd2a,accepted_name_exact,wild_or_species_level_monograph_not_cultivar_limited,accept,true,true,true,false,,"Accepted after exact species identity, source page or original-study statement, trait-specific ontology, lineage and content fingerprint review; mapping retained only for inflorescence_display.",Codex source-backed rule-unlock wave-2 audit,2026-08-12T09:35:00Z
c8631cebf74b26b266ceefd2,Cardamine trichocarpa,flower_primary_color,white|green_brown_inconspicuous,https://plantuse.plantnet.org/en/Cardamine_trichocarpa_(PROTA),Cardamine trichocarpa (PROTA),"Jansen, P.C.M., 2004. Cardamine trichocarpa Hochst. ex A.Rich. [Internet] Record from PROTA4U. Grubben, G.J.H. & Denton, O.A. (Editors). PROTA (Plant Resources of Tropical Africa / Ressources végétales de l’Afrique tropicale), Wageningen, Netherlands.",A,expert_botanical_monograph_species_description,plantuse.plantnet.org,en,"*Flowers bisexual, regular, 4-merous, small, greenish, often cleistogamous ; petals white, shorter than sepals or absent",ce3d01917bec2141ab4f850a2f378b2f1cea9f33903997691f7b48eebe5ddb23,e285f01ef0bca8f4efaea961bf42a203884d27e78cfab21d94f54276ed7c6344,accepted_name_exact,wild_or_species_level_monograph_not_cultivar_limited,accept,true,true,true,false,,"Accepted after exact species identity, source page or original-study statement, trait-specific ontology, lineage and content fingerprint review; mapping retained only for flower_primary_color.",Codex source-backed rule-unlock wave-2 audit,2026-08-12T09:35:00Z
3c34c72cf6fe749860f1d3e0,Careya arborea,floral_symmetry,actinomorphic,https://bfis.bforest.gov.bd/nef/index.php/data/dataSpecies/40,Forest Emission Factor Database - Careya arborea,"Bangladesh Forest Information System, Forest Emission Factor Database species record: Careya arborea",A,government_forest_database_species_record,bfis.bforest.gov.bd,en,Tree Species Details: Family Name: Lecythidaceae; Genus: Careya; Species: Careya arborea; floral symmetry: actinomorphic.,e2989cf00fdf8799e30c56936459a007dac4c9161318d75e88bc3df6e36c262b,4eaa28a90717cfec98a821a9b6b87f65fcc22a4802d43fca147fb14b0729576d,accepted_name_exact,wild_or_species_level_statement_not_cultivar_limited,accept,true,true,true,false,,"Accepted after exact species identity, source page or original-study statement, trait-specific ontology, lineage and content fingerprint review; mapping retained only for floral_symmetry.",Codex source-backed rule-unlock wave-2 audit,2026-08-12T09:35:00Z
4d9c83ec6faf91e7e505ea7c,Carpinus laxiflora,inflorescence_display,raceme_spike_panicle,https://www.nibr.go.kr/aiibook/access/ecatalogt.jsp?Dir=824&callmode=admin&catimage=&eclang=ko&start=86&um=s,"Flora of Korea, volume 2b - Hamamelidae","Flora of Korea Editorial Committee, Flora of Korea vol. 2b, Betulaceae, pp. 73-74, National Institute of Biological Resources",A,official_national_flora_species_treatment,www.nibr.go.kr,en,"2. Carpinus laxiflora (Siebold & Zucc.) Blume, Mus. Bot. 1: 309, 1851. Pistillate catkins 5-16 cm long; peduncle slender, sparsely pubescent; bracts 14-72 per catkin.",2b01f0cf2a8ccfe229b90e9a0b715a03117c7153ff73125d35dbe7d527f2f9b9,87e1e4f088358dfcfe25d6a010586affe61d22f0ebbc1a6705edde770a8e2229,accepted_name_exact,wild_or_species_level_statement_not_cultivar_limited,accept,true,true,true,false,,"Accepted after exact species identity, source page or original-study statement, trait-specific ontology, lineage and content fingerprint review; mapping retained only for inflorescence_display.",Codex source-backed rule-unlock wave-2 audit,2026-08-12T09:35:00Z
67cb41d7c0e594a374a5391e,Casearia elliptica,flower_primary_color,green_brown_inconspicuous|yellow_orange,https://indiaflora-ces.iisc.ac.in/herbsheet.php?id=2200&cat=13,India Flora Online - Casearia elliptica,"Sankara Rao, K. and Deepak Kumar (2026). India Flora Online, species treatment: Casearia elliptica.",A,university_herbarium_regional_flora_species_treatment,indiaflora-ces.iisc.ac.in,en,Key identification features: Flowers greenish yellow; Capsule more or less succulent.,c541298d482b14d31d53d4928db2439849c38704598c655a9ab78613ea3dc309,2058bfd569c27668411e32feea8adeeefb5e05701e8811a0a65f32928d86ef05,accepted_name_exact,wild_or_species_level_statement_not_cultivar_limited,accept,true,true,true,false,,"Accepted after exact species identity, source page or original-study statement, trait-specific ontology, lineage and content fingerprint review; mapping retained only for flower_primary_color.",Codex source-backed rule-unlock wave-2 audit,2026-08-12T09:35:00Z
a4b9f926fac266e7c2ec73ff,Casearia tomentosa,floral_symmetry,actinomorphic,https://bfis.bforest.gov.bd/nef/index.php/data/dataSpecies/40,Forest Emission Factor Database - Casearia tomentosa,"Bangladesh Forest Information System, Forest Emission Factor Database species record: Casearia tomentosa",A,government_forest_database_species_record,bfis.bforest.gov.bd,en,Tree Species Details: Family Name: Flacourtiaceae; Genus: Casearia; Species: Casearia tomentosa; floral symmetry: actinomorphic.,48ef46397d3d24d0e8e212475a728cc84a6a961f0c249aa7d71b5e6ae78826a8,a089ad3f9ec6944e674370f35e10099a5318c5265f320467653a1f0f8903cdd3,accepted_name_exact,wild_or_species_level_statement_not_cultivar_limited,accept,true,true,true,false,,"Accepted after exact species identity, source page or original-study statement, trait-specific ontology, lineage and content fingerprint review; mapping retained only for floral_symmetry.",Codex source-backed rule-unlock wave-2 audit,2026-08-12T09:35:00Z
02f009794e5dc900b0a85be5,Cassia hippophallus,flower_primary_color,yellow_orange,https://plantuse.plantnet.org/en/Cassia_hippophallus_(PROTA),Cassia hippophallus (PROTA),"Lemmens, R.H.M.J., 2010. Cassia hippophallus Capuron. [Internet] Record from PROTA4U. Lemmens, R.H.M.J., Louppe, D. & Oteng-Amoako, A.A. (Editors). PROTA (Plant Resources of Tropical Africa / Ressources végétales de l’Afrique tropicale), Wageningen, Netherlands.",A,expert_botanical_monograph_species_description,plantuse.plantnet.org,en,"petals free, oblong-elliptical, 1.5–2 cm long, bright yellow, the upper petal slightly smaller than the other ones",8fbb4fd4583d7b968447da77296e66c56e9fd8fa9c91bfb2143c15ae3015106b,57d228e507cf3cf32a8ada5bb7e2a0513b1b85368eee2e10a97beecbeac6c5b4,accepted_name_exact,wild_or_species_level_monograph_not_cultivar_limited,accept,true,true,true,false,,"Accepted after exact species identity, source page or original-study statement, trait-specific ontology, lineage and content fingerprint review; mapping retained only for flower_primary_color.",Codex source-backed rule-unlock wave-2 audit,2026-08-12T09:35:00Z
3671c476c68b17d9e7a4f593,Cassipourea gummiflua,floral_symmetry,actinomorphic,https://plantuse.plantnet.org/en/Cassipourea_gummiflua_(PROTA),Cassipourea gummiflua (PROTA),"Brink, M., 2006. Cassipourea gummiflua Tul. In: Louppe, D., Oteng-Amoako, A.A. & Brink, M. (Editors). PROTA (Plant Resources of Tropical Africa / Ressources végétales de l’Afrique tropicale), Wageningen, Netherlands.",A,expert_botanical_monograph_species_description,plantuse.plantnet.org,en,"*Flowers bisexual, regular, 4–6-merous",d07cf34be2e14195eda00df939bd9767f5dec21025a28d9e899d689fb1962930,08b24735f964b2c518ea015cbbabbc62a38a356d169bb9a91bd43b37a506c37d,accepted_name_exact,wild_or_species_level_monograph_not_cultivar_limited,accept,true,true,true,false,,"Accepted after exact species identity, source page or original-study statement, trait-specific ontology, lineage and content fingerprint review; mapping retained only for floral_symmetry.",Codex source-backed rule-unlock wave-2 audit,2026-08-12T09:35:00Z
2c221247c16596a27c09da2c,Cassipourea gummiflua,inflorescence_display,umbel_corymb,https://plantuse.plantnet.org/en/Cassipourea_gummiflua_(PROTA),Cassipourea gummiflua (PROTA),"Brink, M., 2006. Cassipourea gummiflua Tul. In: Louppe, D., Oteng-Amoako, A.A. & Brink, M. (Editors). PROTA (Plant Resources of Tropical Africa / Ressources végétales de l’Afrique tropicale), Wageningen, Netherlands.",A,expert_botanical_monograph_species_description,plantuse.plantnet.org,en,"*Inflorescence an axillary fascicle, dense and congested, many-flowered.",f8d0ebb234a610ec8532feeb2ac14eb121ef3332a462496a8d83b4abd1a58105,c2b9f2b52eb49fc3c101f27b7d9415f88cb24472a1147226d23695fe279cfe3a,accepted_name_exact,wild_or_species_level_monograph_not_cultivar_limited,accept,true,true,true,false,,"Accepted after exact species identity, source page or original-study statement, trait-specific ontology, lineage and content fingerprint review; mapping retained only for inflorescence_display.",Codex source-backed rule-unlock wave-2 audit,2026-08-12T09:35:00Z
aeed13da32b143fa95d6b1de,Cassipourea malosana,floral_symmetry,actinomorphic,https://plantuse.plantnet.org/en/Cassipourea_malosana_(PROTA),Cassipourea malosana (PROTA),"Brink, M., 2006. Cassipourea malosana (Baker) Alston. In: Louppe, D., Oteng-Amoako, A.A. & Brink, M. (Editors). PROTA (Plant Resources of Tropical Africa / Ressources végétales de l’Afrique tropicale), Wageningen, Netherlands.",A,expert_botanical_monograph_species_description,plantuse.plantnet.org,en,"*Flowers bisexual, regular, 4–5(–6)-merous",1703f6e1e75415c836e85f0632debcaf7a286890cf618f7373a4c21c90d2e14e,e2b77aeb83cb4a7fcc3dc98920efcde5c04a0202103fb1ef4028c2b05a5e0aae,accepted_name_exact,wild_or_species_level_monograph_not_cultivar_limited,accept,true,true,true,false,,"Accepted after exact species identity, source page or original-study statement, trait-specific ontology, lineage and content fingerprint review; mapping retained only for floral_symmetry.",Codex source-backed rule-unlock wave-2 audit,2026-08-12T09:35:00Z
13e5824d016c46e9a195e97a,Cassipourea malosana,inflorescence_display,umbel_corymb,https://plantuse.plantnet.org/en/Cassipourea_malosana_(PROTA),Cassipourea malosana (PROTA),"Brink, M., 2006. Cassipourea malosana (Baker) Alston. In: Louppe, D., Oteng-Amoako, A.A. & Brink, M. (Editors). PROTA (Plant Resources of Tropical Africa / Ressources végétales de l’Afrique tropicale), Wageningen, Netherlands.",A,expert_botanical_monograph_species_description,plantuse.plantnet.org,en,"*Inflorescence an axillary fascicle, lax to congested, 1–5(–8)-flowered.",12c681b878e7db71d7c3c7afe16e467e17cb029bffd8fd3393abe4f67e36b373,977bfc5e05cb55de6cc6044be24147cb06857dfaf91198d5bbc97e8821b5b98d,accepted_name_exact,wild_or_species_level_monograph_not_cultivar_limited,accept,true,true,true,false,,"Accepted after exact species identity, source page or original-study statement, trait-specific ontology, lineage and content fingerprint review; mapping retained only for inflorescence_display.",Codex source-backed rule-unlock wave-2 audit,2026-08-12T09:35:00Z
84cd449ea8a977cf956e1c80,Castanopsis echinocarpa,flower_primary_color,green_brown_inconspicuous,https://indiaflora-ces.iisc.ac.in/herbsheet.php?id=14418&cat=13,India Flora Online - Castanopsis echinocarpa,"Sankara Rao, K. and Deepak Kumar (2026). India Flora Online, species treatment: Castanopsis echinocarpa.",A,university_herbarium_regional_flora_species_treatment,indiaflora-ces.iisc.ac.in,en,"Key identification features: Tall trees; bark dark grey; Male flowers in paniculate or fascicled spikes, minute; Female flowers in solitary spikes, greenish; Fruits spiny, nut solitary.",ab0a4fbb607260831350d5f0b33d4791a47a0ac00aabb9f69e8fe0e8cddd5503,73a0e4c0eaf56fdf176d1b44ce0cb8401bf61b09356c9e2ae03c837f8e5f2858,accepted_name_exact,wild_or_species_level_statement_not_cultivar_limited,accept,true,true,true,false,,"Accepted after exact species identity, source page or original-study statement, trait-specific ontology, lineage and content fingerprint review; mapping retained only for flower_primary_color.",Codex source-backed rule-unlock wave-2 audit,2026-08-12T09:35:00Z
bdd673ec37e34b8d62baa63a,Castanopsis indica,flower_primary_color,white,https://indiaflora-ces.iisc.ac.in/herbsheet.php?id=2230&cat=13,India Flora Online - Castanopsis indica,"Sankara Rao, K. and Deepak Kumar (2026). India Flora Online, species treatment: Castanopsis indica.",A,university_herbarium_regional_flora_species_treatment,indiaflora-ces.iisc.ac.in,en,"Key identification features: Trees, 13-20 m high; Leaves elliptic-oblong or lanceolate, acuminate; Flowers solitary or in axillary spikes, creamy white; Nuts ovoid, brown.",44a12c5c3e506dff254f8d281ef3f40995faf773abb64c3002201a25ce22870e,878bfead28e464594363ad6f097c76820ff3469f9b5f55c26ac2c05b8cedb184,accepted_name_exact,species_level_cultivated_record_not_cultivar_limited,accept,true,true,true,false,,"Accepted after exact species identity, source page or original-study statement, trait-specific ontology, lineage and content fingerprint review; mapping retained only for flower_primary_color.",Codex source-backed rule-unlock wave-2 audit,2026-08-12T09:35:00Z
d051bcd4e64d155b426ce08e,Catunaregam nutans,flower_primary_color,green_brown_inconspicuous|white|yellow_orange,https://indiaflora-ces.iisc.ac.in/herbsheet.php?id=13143&cat=13,India Flora Online - Catunaregam nutans,"Sankara Rao, K. and Deepak Kumar (2026). India Flora Online, species treatment: Catunaregam nutans.",A,university_herbarium_regional_flora_species_treatment,indiaflora-ces.iisc.ac.in,en,"Key identification features: Rigid surubs; spines stout, horizontal; Leaves obovate, glabrous or softly puberulous; stipules ovate; Flowers solitary or rarely 2-3 together, greenish yellow or white; Berries globose, yellow, crowned with persistent calyx-limb.",fa3f3ca6b9b23ad7e78f4d6457ac038641789f754621b1eecad4c9d519b3bb55,f9abe5d55ace2905f84e4747f072507dee86c385c92c132d96912c15bf9e7646,accepted_name_exact,wild_or_species_level_statement_not_cultivar_limited,accept,true,true,true,false,,"Accepted after exact species identity, source page or original-study statement, trait-specific ontology, lineage and content fingerprint review; mapping retained only for flower_primary_color.",Codex source-backed rule-unlock wave-2 audit,2026-08-12T09:35:00Z
4ced8a0bb86d9737a103612d,Cavacoa quintasii,floral_symmetry,actinomorphic,https://plantuse.plantnet.org/en/Cavacoa_quintasii_(PROTA),Cavacoa quintasii (PROTA),"Oyen, L.P.A., 2011. Cavacoa quintasii (Pax & K.Hoffm.) J.Léonard. [Internet] Record from PROTA4U. Lemmens, R.H.M.J., Louppe, D. & Oteng-Amoako, A.A. (Editors). PROTA (Plant Resources of Tropical Africa / Ressources végétales de l’Afrique tropicale), Wageningen, Netherlands.",A,expert_botanical_monograph_species_description,plantuse.plantnet.org,en,"*Flowers unisexual, regular, (4–)5-merous",a8a23613eb0f14fbfd054db7714bb5e97bcfa0ea4a19eb7cce374747c0374fd1,6b9ac031f375f7b2e48fb5ed7b28d50c94060c5bea2b74b259eb084a9fae401c,accepted_name_exact,wild_or_species_level_monograph_not_cultivar_limited,accept,true,true,true,false,,"Accepted after exact species identity, source page or original-study statement, trait-specific ontology, lineage and content fingerprint review; mapping retained only for floral_symmetry.",Codex source-backed rule-unlock wave-2 audit,2026-08-12T09:35:00Z
5aea0aeca20cb4dbacfc4045,Cavacoa quintasii,flower_primary_color,white|yellow_orange|green_brown_inconspicuous,https://plantuse.plantnet.org/en/Cavacoa_quintasii_(PROTA),Cavacoa quintasii (PROTA),"Oyen, L.P.A., 2011. Cavacoa quintasii (Pax & K.Hoffm.) J.Léonard. [Internet] Record from PROTA4U. Lemmens, R.H.M.J., Louppe, D. & Oteng-Amoako, A.A. (Editors). PROTA (Plant Resources of Tropical Africa / Ressources végétales de l’Afrique tropicale), Wageningen, Netherlands.",A,expert_botanical_monograph_species_description,plantuse.plantnet.org,en,"male flowers with 1–2 cm long, yellowish pedicel jointed near base, calyx splitting into 2 broadly ovate lobes c. ; 5 mm long, whitish, petals free, elliptical to oblong, 6–9 mm long, yellowish, stamens many, disk glands whitish ; female flowers with stout, 5–8 mm long pedicel, sepals free, ovate to oblong, 4–7 mm long, thin, yellowish green, soon falling, petals free, elliptical, 7–12 mm long, yellow, disk cupule-shaped, ovary superior, 3-lobed, styles 3, 3–4 mm long, 2-branched.",fdb946fff34ffb141e0af6330ac1f67a712443e4cb9be6c1a4a33622b879d996,eb4745336237ce1928014177975993a94e772571d89fd6fd6fa9c0ca940f4199,accepted_name_exact,wild_or_species_level_monograph_not_cultivar_limited,accept,true,true,true,false,,"Accepted after exact species identity, source page or original-study statement, trait-specific ontology, lineage and content fingerprint review; mapping retained only for flower_primary_color.",Codex source-backed rule-unlock wave-2 audit,2026-08-12T09:35:00Z
e735887707f9bed798503e8b,Cavacoa quintasii,inflorescence_display,raceme_spike_panicle,https://plantuse.plantnet.org/en/Cavacoa_quintasii_(PROTA),Cavacoa quintasii (PROTA),"Oyen, L.P.A., 2011. Cavacoa quintasii (Pax & K.Hoffm.) J.Léonard. [Internet] Record from PROTA4U. Lemmens, R.H.M.J., Louppe, D. & Oteng-Amoako, A.A. (Editors). PROTA (Plant Resources of Tropical Africa / Ressources végétales de l’Afrique tropicale), Wageningen, Netherlands.",A,expert_botanical_monograph_species_description,plantuse.plantnet.org,en,"*Inflorescence a terminal raceme up to 10 cm long, short-hairy to glabrous",f9e458e45da73248d0a47996d6f4da2b2c23e005a09239e92c15dfdaaefa8dac,65abe8d33ec9c7d886485f95bbf7b804d7dad9d4a772e17b2ccaf4a2499c1885,accepted_name_exact,wild_or_species_level_monograph_not_cultivar_limited,accept,true,true,true,false,,"Accepted after exact species identity, source page or original-study statement, trait-specific ontology, lineage and content fingerprint review; mapping retained only for inflorescence_display.",Codex source-backed rule-unlock wave-2 audit,2026-08-12T09:35:00Z
c404b4ba9bdceeec9167dfb4,Cedrelopsis grevei,floral_symmetry,actinomorphic,https://plantuse.plantnet.org/en/Cedrelopsis_grevei_(PROTA),Cedrelopsis grevei (PROTA),"Dongock Nguemo, D., 2008. Cedrelopsis grevei Baill. In: Louppe, D., Oteng-Amoako, A.A. & Brink, M. (Editors). PROTA (Plant Resources of Tropical Africa / Ressources végétales de l’Afrique tropicale), Wageningen, Netherlands.",A,expert_botanical_monograph_species_description,plantuse.plantnet.org,en,"*Flowers unisexual or bisexual, regular, 5-merous, aromatic",2b2b1218a4db98ff785ad525cf8e494e3027a61a72568143005f6d7d923e8b23,0155cbd53598a28ee4ad8db5a0420572fca072bfe29e6bb2671622eff4ce8d81,accepted_name_exact,wild_or_species_level_monograph_not_cultivar_limited,accept,true,true,true,false,,"Accepted after exact species identity, source page or original-study statement, trait-specific ontology, lineage and content fingerprint review; mapping retained only for floral_symmetry.",Codex source-backed rule-unlock wave-2 audit,2026-08-12T09:35:00Z
b99a1341e918b2b28658aff3,Cedrelopsis grevei,flower_primary_color,red_pink|yellow_orange,https://plantuse.plantnet.org/en/Cedrelopsis_grevei_(PROTA),Cedrelopsis grevei (PROTA),"Dongock Nguemo, D., 2008. Cedrelopsis grevei Baill. In: Louppe, D., Oteng-Amoako, A.A. & Brink, M. (Editors). PROTA (Plant Resources of Tropical Africa / Ressources végétales de l’Afrique tropicale), Wageningen, Netherlands.",A,expert_botanical_monograph_species_description,plantuse.plantnet.org,en,"petals free, elliptical-oblong, 8–10 mm long, apex pointed and curled inwards, pink to yellowish, outside short-hairy",89a062d6349a87b1d885b3dd63d41259f99c67a73c0692ccea3259cfa283e86b,d5f4ce8850cf347d85f56433dbec0e90f4340a683017989e4917182e7562851f,accepted_name_exact,wild_or_species_level_monograph_not_cultivar_limited,accept,true,true,true,false,,"Accepted after exact species identity, source page or original-study statement, trait-specific ontology, lineage and content fingerprint review; mapping retained only for flower_primary_color.",Codex source-backed rule-unlock wave-2 audit,2026-08-12T09:35:00Z
49cfe4ec27a086cc97f4e82e,Cedrelopsis grevei,inflorescence_display,raceme_spike_panicle,https://plantuse.plantnet.org/en/Cedrelopsis_grevei_(PROTA),Cedrelopsis grevei (PROTA),"Dongock Nguemo, D., 2008. Cedrelopsis grevei Baill. In: Louppe, D., Oteng-Amoako, A.A. & Brink, M. (Editors). PROTA (Plant Resources of Tropical Africa / Ressources végétales de l’Afrique tropicale), Wageningen, Netherlands.",A,expert_botanical_monograph_species_description,plantuse.plantnet.org,en,"*Inflorescence an axillary panicle, short-hairy.",39f74a3f8e4ddd045e584ae856a2f2dd37e5496d5838ae562c37fd9cf41de8af,e5fdcceb1609cbb0f442edf324ba67a9b388ff740854d18f602df588fbf11a7d,accepted_name_exact,wild_or_species_level_monograph_not_cultivar_limited,accept,true,true,true,false,,"Accepted after exact species identity, source page or original-study statement, trait-specific ontology, lineage and content fingerprint review; mapping retained only for inflorescence_display.",Codex source-backed rule-unlock wave-2 audit,2026-08-12T09:35:00Z
a4f16a949d2e59ef3f8ab42f,Celastrus hookeri,flower_primary_color,green_brown_inconspicuous|white,https://indiaflora-ces.iisc.ac.in/herbsheet.php?id=12848&cat=13,India Flora Online - Celastrus hookeri,"Sankara Rao, K. and Deepak Kumar (2026). India Flora Online, species treatment: Celastrus hookeri.",A,university_herbarium_regional_flora_species_treatment,indiaflora-ces.iisc.ac.in,en,"Key identification features: Trees, 15-20 m high; Leaves elliptic or oblong, margin wavy; Flowers small, whitish green; Capsules yellow.",64ddcec5d9230f7238c47d6fc414bb0334890a80eade90d0f2def01d68df0daa,7bbd2e062f597ca79c580e942f3abd4fd09a805ddd68c94fde52211ccd82d199,accepted_name_exact,wild_or_species_level_statement_not_cultivar_limited,accept,true,true,true,false,,"Accepted after exact species identity, source page or original-study statement, trait-specific ontology, lineage and content fingerprint review; mapping retained only for flower_primary_color.",Codex source-backed rule-unlock wave-2 audit,2026-08-12T09:35:00Z
1d4503598de8e62fa88c4aae,Celtis mildbraedii,flower_primary_color,green_brown_inconspicuous,https://plantuse.plantnet.org/en/Celtis_mildbraedii_(PROTA),Celtis mildbraedii (PROTA),"Oyen, L.P.A., 2012. Celtis mildbraedii Engl. [Internet] Record from PROTA4U. Lemmens, R.H.M.J., Louppe, D. & Oteng-Amoako, A.A. (Editors). PROTA (Plant Resources of Tropical Africa / Ressources végétales de l’Afrique tropicale), Wageningen, Netherlands.",A,expert_botanical_monograph_species_description,plantuse.plantnet.org,en,"*Flowers unisexual or bisexual, regular, usually 5-merous, small, greenish",248c28e2ca6133158f338389a22f280532e8a0124d29f9a3aef625d54b038bb7,88b1511b7436b0f07e00f127c372891820d554bab8f6187b0019bf98e3cdc9ba,accepted_name_exact,wild_or_species_level_monograph_not_cultivar_limited,accept,true,true,true,false,,"Accepted after exact species identity, source page or original-study statement, trait-specific ontology, lineage and content fingerprint review; mapping retained only for flower_primary_color.",Codex source-backed rule-unlock wave-2 audit,2026-08-12T09:35:00Z
2d080f80bef925aa65d0bc72,Celtis sinensis,floral_symmetry,actinomorphic,https://syhuherbarium.sls.cuhk.edu.hk/collections/factsheet-pro/celtis-sinensis/,Celtis sinensis Pers. | Shiu Ying Hu Herbarium Collections,"Shiu Ying Hu Herbarium Pro-Factsheet, Chinese University of Hong Kong (retrieved 2026-08-12)",B,university_herbarium_species_factsheet,syhuherbarium.sls.cuhk.edu.hk,en,Celtis sinensis Pers. Flower symmetry: Radial (Actinomorphic) 多方向對稱的.,410e390bcc62f1b886ab7e98969221433328d38500b7a9d3f369816cbf74bb11,e5d4ef07d0f3a4b1a2f13412c24ba535160ee8062a08e8dfe7fa1d406b556541,accepted_name_exact,wild_or_species_level_statement_not_cultivar_limited,accept,true,true,true,false,,"Accepted after exact species identity, source page or original-study statement, trait-specific ontology, lineage and content fingerprint review; mapping retained only for floral_symmetry.",Codex source-backed rule-unlock wave-2 audit,2026-08-12T09:35:00Z
7c04b7f27ed09afd99e63c3b,Celtis zenkeri,flower_primary_color,green_brown_inconspicuous,https://plantuse.plantnet.org/en/Celtis_zenkeri_(PROTA),Celtis zenkeri (PROTA),"Essien, C. & Oteng-Amoako, A.A., 2012. Celtis zenkeri Engl. [Internet] Record from PROTA4U. Lemmens, R.H.M.J., Louppe, D. & Oteng-Amoako, A.A. (Editors). PROTA (Plant Resources of Tropical Africa / Ressources végétales de l’Afrique tropicale), Wageningen, Netherlands.",A,expert_botanical_monograph_species_description,plantuse.plantnet.org,en,"*Flowers unisexual or bisexual, regular, usually 5-merous, small, greenish, nearly sessile",07b34c679e9768904cb4257db25712d874a68978d13f3703a7db3a8a2e5f004e,95992dcbc7f4400c3fd17f3ae062e7fa484b805dddc84fc8eeaf4de41727b630,accepted_name_exact,wild_or_species_level_monograph_not_cultivar_limited,accept,true,true,true,false,,"Accepted after exact species identity, source page or original-study statement, trait-specific ontology, lineage and content fingerprint review; mapping retained only for flower_primary_color.",Codex source-backed rule-unlock wave-2 audit,2026-08-12T09:35:00Z
3ee889fbff97388e520e647d,Cephalanthus tetrandrus,inflorescence_display,composite_display,https://indiaflora-ces.iisc.ac.in/herbsheet.php?id=13144&cat=13,India Flora Online - Cephalanthus tetrandrus,"Sankara Rao, K. and Deepak Kumar (2026). India Flora Online, species treatment: Cephalanthus tetrandrus.",A,university_herbarium_regional_flora_species_treatment,indiaflora-ces.iisc.ac.in,en,"Key identification features: Small evergreen trees; Leaves opposite or in whorl of 3-4, elliptic to ovate-Ianceolate, pubescent beneath; stipules often glandtipped; Flowers in globose heads, sessile, yellowish, fragrant; Fruits compressed of several 1- seeded cocci.",37936de77da0a1ae11980158fd1bf14e63dd741b80b2cbd26d27fcc1f2ae0d2b,5e402c8bc792ce99dc7530c7f5a561bec1be2ee5e7a1fe73404c3ef638855590,accepted_name_exact,wild_or_species_level_statement_not_cultivar_limited,accept,true,true,true,false,,"Accepted after exact species identity, source page or original-study statement, trait-specific ontology, lineage and content fingerprint review; mapping retained only for inflorescence_display.",Codex source-backed rule-unlock wave-2 audit,2026-08-12T09:35:00Z
27b39920c9429fde89779c40,Cercestis afzelii,flower_primary_color,blue_purple|white,https://plantuse.plantnet.org/en/Cercestis_afzelii_(PROTA),Cercestis afzelii (PROTA),"Oyen, L.P.A., 2010. Cercestis afzelii Schott. [Internet] Record from PROTA4U. Brink, M. & Achigan-Dako, E.G. (Editors). PROTA (Plant Resources of Tropical Africa / Ressources végétales de l’Afrique tropicale), Wageningen, Netherlands.",A,expert_botanical_monograph_species_description,plantuse.plantnet.org,en,"female flowers purple, ovary globose or ellipsoid, 1-locular, stigma discoid, large, translucent white.",a8eac24a4c5cfef594d9534a0736ecaed72c987fa25c57db65f01611f6a8e8ba,a7bc4ddd3823087299331ac10e78285c2ce41e6d3d87bb7ad0b4100c1198d1b6,accepted_name_exact,wild_or_species_level_monograph_not_cultivar_limited,accept,true,true,true,false,,"Accepted after exact species identity, source page or original-study statement, trait-specific ontology, lineage and content fingerprint review; mapping retained only for flower_primary_color.",Codex source-backed rule-unlock wave-2 audit,2026-08-12T09:35:00Z
8f95eec2d331ff20fc09b3c6,Cercestis afzelii,inflorescence_display,raceme_spike_panicle,https://plantuse.plantnet.org/en/Cercestis_afzelii_(PROTA),Cercestis afzelii (PROTA),"Oyen, L.P.A., 2010. Cercestis afzelii Schott. [Internet] Record from PROTA4U. Brink, M. & Achigan-Dako, E.G. (Editors). PROTA (Plant Resources of Tropical Africa / Ressources végétales de l’Afrique tropicale), Wageningen, Netherlands.",A,expert_botanical_monograph_species_description,plantuse.plantnet.org,en,"Inflorescence a spadix 5–6 cm long, basal part female, covering one-third to half of the axis, apical part male, covering half to two-thirds and creamy white",a3593831f176d33734c5a831e946d75b029e054a9ad5465724bae203d1f3f463,34cdabba3f502c40421a599058d3d02eadb060eb66b60ff6da6679d9b13de113,accepted_name_exact,wild_or_species_level_monograph_not_cultivar_limited,accept,true,true,true,false,,"Accepted after exact species identity, source page or original-study statement, trait-specific ontology, lineage and content fingerprint review; mapping retained only for inflorescence_display.",Codex source-backed rule-unlock wave-2 audit,2026-08-12T09:35:00Z
fcc914d277eb1bdd0669efc7,Cercestis mirabilis,inflorescence_display,raceme_spike_panicle,https://plantuse.plantnet.org/en/Cercestis_mirabilis_(PROTA),Cercestis mirabilis (PROTA),"van der Burg, W.J., 2004. Cercestis mirabilis (N.E.Br.) Bogner. [Internet] Record from PROTA4U. Grubben, G.J.H. & Denton, O.A. (Editors). PROTA (Plant Resources of Tropical Africa / Ressources végétales de l’Afrique tropicale), Wageningen, Netherlands.",A,expert_botanical_monograph_species_description,plantuse.plantnet.org,en,"*Inflorescence a spadix 7–17 cm × 1–2 cm, enclosed by a spathe 6–15 cm × 2–3 cm in diameter, dull green outside with reddish tinge at base, whitish green inside, 2–8 together in leaf axils",a8b0dc4dcca68659533fdb6454a32fbbab698f696333332c5fb431950cdd031a,5bbe98aa1839cd58bdd376e64dc3c0489fcd87644a1cfa467a97745368bf4d3e,accepted_name_exact,wild_or_species_level_monograph_not_cultivar_limited,accept,true,true,true,false,,"Accepted after exact species identity, source page or original-study statement, trait-specific ontology, lineage and content fingerprint review; mapping retained only for inflorescence_display.",Codex source-backed rule-unlock wave-2 audit,2026-08-12T09:35:00Z
45cce67fa1cd8ef33fe4ce79,Chaetocarpus castanocarpus,floral_symmetry,actinomorphic,https://bfis.bforest.gov.bd/nef/index.php/data/dataSpecies/40,Forest Emission Factor Database - Chaetocarpus castanocarpus,"Bangladesh Forest Information System, Forest Emission Factor Database species record: Chaetocarpus castanocarpus",A,government_forest_database_species_record,bfis.bforest.gov.bd,en,Tree Species Details: Family Name: Euphorbiaceae; Genus: Chaetocarpus; Species: Chaetocarpus castanocarpus; floral symmetry: actinomorphic.,331c0b9eb5f4d64da7461da297f2340cb63a139cb3faee1d9c06017d21dd1f7a,bc865f50648b3801cba8f1a200ad4ec499409a6f9fcddcbbd88fae3c05ced52a,accepted_name_exact,wild_or_species_level_statement_not_cultivar_limited,accept,true,true,true,false,,"Accepted after exact species identity, source page or original-study statement, trait-specific ontology, lineage and content fingerprint review; mapping retained only for floral_symmetry.",Codex source-backed rule-unlock wave-2 audit,2026-08-12T09:35:00Z
09c42457fc604d14d04355f7,Chamabainia cuspidata,flower_primary_color,red_pink,https://indiaflora-ces.iisc.ac.in/herbsheet.php?id=2382&cat=13,India Flora Online - Chamabainia cuspidata,"Sankara Rao, K. and Deepak Kumar (2026). India Flora Online, species treatment: Chamabainia cuspidata.",A,university_herbarium_regional_flora_species_treatment,indiaflora-ces.iisc.ac.in,en,"Key identification features: Perennial, gregarious, creeping herbs or shrubs; Leaves ovate, acute, serrate-dentate, membranous; Flowers in axillary clusters, small, pinkish; anthers white; Achenes ellipsoid, compressed.",ae4eb93f412fa171f50e678131e3a38b60ee59ea9e7d12150b2e91d2926060d9,5ea8faf36376900d75aa828d8b04dcdbd585fcf447e39b139dad154a78f51233,accepted_name_exact,wild_or_species_level_statement_not_cultivar_limited,accept,true,true,true,false,,"Accepted after exact species identity, source page or original-study statement, trait-specific ontology, lineage and content fingerprint review; mapping retained only for flower_primary_color.",Codex source-backed rule-unlock wave-2 audit,2026-08-12T09:35:00Z
b662bdc6cf03bcc61892022c,Chasmanthera dependens,floral_symmetry,actinomorphic,https://plantuse.plantnet.org/en/Chasmanthera_dependens_(PROTA),Chasmanthera dependens (PROTA),"Mosango, D.M., 2008. Chasmanthera dependens Hochst. In: Schmelzer, G.H. & Gurib-Fakim, A. (Editors). PROTA (Plant Resources of Tropical Africa / Ressources végétales de l’Afrique tropicale), Wageningen, Netherlands.",A,expert_botanical_monograph_species_description,plantuse.plantnet.org,en,"Flowers unisexual, regular",2275708adcf428cd8245d7f18c019fede3c71db632550bbadf9c216daab5a75b,99593454991136d77cbe57f36acee11899208d1eb3e7ab8b256df567b3a50501,accepted_name_exact,wild_or_species_level_monograph_not_cultivar_limited,accept,true,true,true,false,,"Accepted after exact species identity, source page or original-study statement, trait-specific ontology, lineage and content fingerprint review; mapping retained only for floral_symmetry.",Codex source-backed rule-unlock wave-2 audit,2026-08-12T09:35:00Z
7de6b63cddb11aaff941099e,Chasmanthera dependens,inflorescence_display,umbel_corymb|raceme_spike_panicle,https://plantuse.plantnet.org/en/Chasmanthera_dependens_(PROTA),Chasmanthera dependens (PROTA),"Mosango, D.M., 2008. Chasmanthera dependens Hochst. In: Schmelzer, G.H. & Gurib-Fakim, A. (Editors). PROTA (Plant Resources of Tropical Africa / Ressources végétales de l’Afrique tropicale), Wageningen, Netherlands.",A,expert_botanical_monograph_species_description,plantuse.plantnet.org,en,"Inflorescence a pendulous, axillary raceme or false raceme ; male inflorescence a false raceme 10–30 cm long, composed of 3–5-flowered clusters ; female inflorescence a raceme 10–18 cm long",05e78f69127dff1360f0ee013ae528c9bb347e524ae0c4ffe0eba7d5e88c43e3,639cba0e209c3542da601b14ab046d05a6dffd9d37f5d2c79463186c4d100e42,accepted_name_exact,wild_or_species_level_monograph_not_cultivar_limited,accept,true,true,true,false,,"Accepted after exact species identity, source page or original-study statement, trait-specific ontology, lineage and content fingerprint review; mapping retained only for inflorescence_display.",Codex source-backed rule-unlock wave-2 audit,2026-08-12T09:35:00Z
128f5f863840012ad7346044,Chiloglottis cornuta,self_incompatibility,SC,https://academic.oup.com/aobpla/article/doi/10.1093/aobpla/plv095/1800409,Patterns in floral traits and plant breeding systems on Southern Ocean Islands,"Lord, J. M. (2015), AoB PLANTS 7:plv095, Supporting Information Table S1, DOI 10.1093/aobpla/plv095",B,peer_reviewed_species_level_compatibility_compilation,academic.oup.com,en,"Supporting Information Table S1: Chiloglottis cornuta; compatibility and reference-number cell: SC; 14. The table defines SC as fully self-compatible, SCp as partially self-compatible, and SI as self-incompatible.",b087ce6fec9a6226472f8600dd3baa0b55e7192a753d2c6cb3884587f2a62cbf,22ef72e223ae9c5ca8513349f5d7fd8329c594f893785fa040568837c9bb410f,accepted_name_exact,wild_or_species_level_statement_not_cultivar_limited,accept,true,true,true,false,,"Accepted after exact species identity, source page or original-study statement, trait-specific ontology, lineage and content fingerprint review; mapping retained only for self_incompatibility.",Codex source-backed rule-unlock wave-2 audit,2026-08-12T09:35:00Z
62dc2c6524d5cd3206a3df11,Chloroxylon faho,floral_symmetry,actinomorphic,https://plantuse.plantnet.org/en/Chloroxylon_faho_(PROTA),Chloroxylon faho (PROTA),"Schmelzer, G.H., 2008. Chloroxylon faho Capuron. In: Louppe, D., Oteng-Amoako, A.A. & Brink, M. (Editors). PROTA (Plant Resources of Tropical Africa / Ressources végétales de l’Afrique tropicale), Wageningen, Netherlands.",A,expert_botanical_monograph_species_description,plantuse.plantnet.org,en,"*Flowers bisexual, regular, 5-merous, small",4a4f3e757161dfebf0e0433ca38ed3a616fa662bb8f69fd28eefeeacec6b7ab7,6e1897dc54355df96955543fff30f1c213132999dd451e771afd2df8c2e2dad0,accepted_name_exact,wild_or_species_level_monograph_not_cultivar_limited,accept,true,true,true,false,,"Accepted after exact species identity, source page or original-study statement, trait-specific ontology, lineage and content fingerprint review; mapping retained only for floral_symmetry.",Codex source-backed rule-unlock wave-2 audit,2026-08-12T09:35:00Z
a30d6354bff80f3afe2d7990,Chloroxylon faho,flower_primary_color,white,https://plantuse.plantnet.org/en/Chloroxylon_faho_(PROTA),Chloroxylon faho (PROTA),"Schmelzer, G.H., 2008. Chloroxylon faho Capuron. In: Louppe, D., Oteng-Amoako, A.A. & Brink, M. (Editors). PROTA (Plant Resources of Tropical Africa / Ressources végétales de l’Afrique tropicale), Wageningen, Netherlands.",A,expert_botanical_monograph_species_description,plantuse.plantnet.org,en,"petals free, narrowly lanceolate, 2–3.5 mm long, pointed, whitish, reflexed, inside slightly short-hairy",a6cc64b0edd91dc1c2ea667aa2c3b7703ed48d0a09c558af6831f1677d820032,d41ea6bb28ca84934622428dcf99037cc5c167f1789d23d068d8ebaac1e3ac10,accepted_name_exact,wild_or_species_level_monograph_not_cultivar_limited,accept,true,true,true,false,,"Accepted after exact species identity, source page or original-study statement, trait-specific ontology, lineage and content fingerprint review; mapping retained only for flower_primary_color.",Codex source-backed rule-unlock wave-2 audit,2026-08-12T09:35:00Z
a4fef3384f99d702e710a70b,Chloroxylon faho,inflorescence_display,raceme_spike_panicle,https://plantuse.plantnet.org/en/Chloroxylon_faho_(PROTA),Chloroxylon faho (PROTA),"Schmelzer, G.H., 2008. Chloroxylon faho Capuron. In: Louppe, D., Oteng-Amoako, A.A. & Brink, M. (Editors). PROTA (Plant Resources of Tropical Africa / Ressources végétales de l’Afrique tropicale), Wageningen, Netherlands.",A,expert_botanical_monograph_species_description,plantuse.plantnet.org,en,"*Inflorescence a terminal pyramid-shaped panicle up to 30 cm long, short-hairy.",df245228eedaafd89588f6bac09e92daf6a889af1d87b215917fa815bd136c8e,6b134528a9391204f3f6080c016011f01c19e36276d94d94c7e02ca45bedc6bb,accepted_name_exact,wild_or_species_level_monograph_not_cultivar_limited,accept,true,true,true,false,,"Accepted after exact species identity, source page or original-study statement, trait-specific ontology, lineage and content fingerprint review; mapping retained only for inflorescence_display.",Codex source-backed rule-unlock wave-2 audit,2026-08-12T09:35:00Z
b8670366446a4cb276d8ae47,Chrozophora plicata,floral_symmetry,actinomorphic,https://plantuse.plantnet.org/en/Chrozophora_plicata_(PROTA),Chrozophora plicata (PROTA),"Schmelzer, G.H., 2007. Chrozophora plicata (Vahl) A.Juss. ex Spreng. In: Schmelzer, G.H. & Gurib-Fakim, A. (Editors). PROTA (Plant Resources of Tropical Africa / Ressources végétales de l’Afrique tropicale), Wageningen, Netherlands.",A,expert_botanical_monograph_species_description,plantuse.plantnet.org,en,"Flowers unisexual, regular, 5-merous",fb4b63c12e5af2cb478de3978b57b6f3e20f99fc575876529493662f526e7022,ba15eb1c1ea5aac1a82c22e897016fb57c82bf02ca86b43608cc080cb27d34ad,accepted_name_exact,wild_or_species_level_monograph_not_cultivar_limited,accept,true,true,true,false,,"Accepted after exact species identity, source page or original-study statement, trait-specific ontology, lineage and content fingerprint review; mapping retained only for floral_symmetry.",Codex source-backed rule-unlock wave-2 audit,2026-08-12T09:35:00Z
d848a9809a101fc428a49097,Chrozophora plicata,inflorescence_display,raceme_spike_panicle,https://plantuse.plantnet.org/en/Chrozophora_plicata_(PROTA),Chrozophora plicata (PROTA),"Schmelzer, G.H., 2007. Chrozophora plicata (Vahl) A.Juss. ex Spreng. In: Schmelzer, G.H. & Gurib-Fakim, A. (Editors). PROTA (Plant Resources of Tropical Africa / Ressources végétales de l’Afrique tropicale), Wageningen, Netherlands.",A,expert_botanical_monograph_species_description,plantuse.plantnet.org,en,"Inflorescence a condensed axillary raceme 1.5–4 cm long, with male flowers at the top and female flowers at base",bf2e707f3be50e4b7edf4ddf09da02be398fc65180ec4f47b4ddbb31c662f3c3,d0401a6ae0c5b3f6c1ee35eafa13916517328d68856e47e7166c384986b24c46,accepted_name_exact,wild_or_species_level_monograph_not_cultivar_limited,accept,true,true,true,false,,"Accepted after exact species identity, source page or original-study statement, trait-specific ontology, lineage and content fingerprint review; mapping retained only for inflorescence_display.",Codex source-backed rule-unlock wave-2 audit,2026-08-12T09:35:00Z
0b8aaab424a4e8847e1f05b2,Cinnamomum iners,floral_symmetry,actinomorphic,https://bfis.bforest.gov.bd/nef/index.php/data/dataSpecies/40,Forest Emission Factor Database - Cinnamomum iners,"Bangladesh Forest Information System, Forest Emission Factor Database species record: Cinnamomum iners",A,government_forest_database_species_record,bfis.bforest.gov.bd,en,Tree Species Details: Family Name: Lauraceae; Genus: Cinnamomum; Species: Cinnamomum iners; floral symmetry: actinomorphic.,36ad1961848d4d222be51c15ae052e44922ff9734b3ef27a37989c09c41b99be,a8b9ddc0cc50b15f16bb30ca7d9fd478c42d59f965af9684b65d888d6c25d96f,accepted_name_exact,wild_or_species_level_statement_not_cultivar_limited,accept,true,true,true,false,,"Accepted after exact species identity, source page or original-study statement, trait-specific ontology, lineage and content fingerprint review; mapping retained only for floral_symmetry.",Codex source-backed rule-unlock wave-2 audit,2026-08-12T09:35:00Z
0eb1088a2217fc64450ccd46,Cissampelos capensis,inflorescence_display,umbel_corymb|raceme_spike_panicle|solitary,https://plantuse.plantnet.org/en/Cissampelos_capensis_(PROTA),Cissampelos capensis (PROTA),"Oyen, L.P.A., 2008. Cissampelos capensis L.f. In: Schmelzer, G.H. & Gurib-Fakim, A. (Editors). PROTA (Plant Resources of Tropical Africa / Ressources végétales de l’Afrique tropicale), Wageningen, Netherlands.",A,expert_botanical_monograph_species_description,plantuse.plantnet.org,en,"Inflorescence an axillary, umbel-like cyme, solitary or clustered ; male inflorescence solitary or paired, female inflorescence arranged in a short false raceme",87fa9b9007fe41ee049bc61b251c64ee254021ce942ec53ba3b7792b765bd851,a2e84a72ff1058b5d82843a8bdc6367d6b9e11c056c951cd093c2d1db79d958b,accepted_name_exact,wild_or_species_level_monograph_not_cultivar_limited,accept,true,true,true,false,,"Accepted after exact species identity, source page or original-study statement, trait-specific ontology, lineage and content fingerprint review; mapping retained only for inflorescence_display.",Codex source-backed rule-unlock wave-2 audit,2026-08-12T09:35:00Z
d19abeb5d11b6d68c7e4ce68,Cissampelos owariensis,inflorescence_display,umbel_corymb|raceme_spike_panicle|solitary,https://plantuse.plantnet.org/en/Cissampelos_owariensis_(PROTA),Cissampelos owariensis (PROTA),"Mosango, D.M., 2008. Cissampelos owariensis P.Beauv. ex DC. In: Schmelzer, G.H. & Gurib-Fakim, A. (Editors). PROTA (Plant Resources of Tropical Africa / Ressources végétales de l’Afrique tropicale), Wageningen, Netherlands.",A,expert_botanical_monograph_species_description,plantuse.plantnet.org,en,"Inflorescence an axillary, umbel-like cyme, solitary or clustered ; male inflorescence arranged in a false raceme up to 40 cm long, female inflorescence arranged in a false raceme up to 35 cm long",f7de328c0b55ae8f7d4e7890877fd58e45edcd40de1a18e211d3ba8d4f23d7a8,af2b6c2342c6e9a598daac5aa49d4ce0745dddae3e7604cf74377b29ccc0b2d4,accepted_name_exact,wild_or_species_level_monograph_not_cultivar_limited,accept,true,true,true,false,,"Accepted after exact species identity, source page or original-study statement, trait-specific ontology, lineage and content fingerprint review; mapping retained only for inflorescence_display.",Codex source-backed rule-unlock wave-2 audit,2026-08-12T09:35:00Z
df782317319be10742b595b9,Citharexylum myrianthum,inflorescence_display,raceme_spike_panicle,https://agris.fao.org/search/en/providers/122535/records/65de55f70f3e94b9e5cdae7a,"The dioecious, sphingophilous species Citharexylum myrianthum (Verbenaceae): Pollination and visitor diversity","Rocca & Sazima (2006), Flora 201(6):440-450, DOI 10.1016/j.flora.2006.02.001",A,peer_reviewed_primary_article_abstract_official_fao_record,agris.fao.org,en,"Citharexylum myrianthum is an example of cryptic dioecy in morphologically perfect flowers. Flowers are small, tubular, white-colored, and crepuscular, with a sweet, pleasant scent and occur in raceme-like inflorescences.",a0b221501441195ca789c4faafc5d2b4cbbc845444f8ac1b2faecb7cc4a9c481,c329c66bc0806528c7a5b2ca83d1a343a87cdb899c82b4be1acc880b9134ab0d,accepted_name_exact,wild_or_species_level_statement_not_cultivar_limited,accept,true,true,true,false,,"Accepted after exact species identity, source page or original-study statement, trait-specific ontology, lineage and content fingerprint review; mapping retained only for inflorescence_display.",Codex source-backed rule-unlock wave-2 audit,2026-08-12T09:35:00Z
df0d0f6d935dc12032cbbb0f,Cleidion javanicum,floral_symmetry,actinomorphic,https://bfis.bforest.gov.bd/nef/index.php/data/dataSpecies/40,Forest Emission Factor Database - Cleidion javanicum,"Bangladesh Forest Information System, Forest Emission Factor Database species record: Cleidion javanicum",A,government_forest_database_species_record,bfis.bforest.gov.bd,en,Tree Species Details: Family Name: Euphorbiaceae; Genus: Cleidion; Species: Cleidion javanicum; floral symmetry: actinomorphic.,54f27604d1e0bd439de24bf29663412f172777f62ebfc408e5303ebcc762ec44,b60a1132308db0c892c07c2db6237fbdceea2acbd93197b61183cbe3ebf08ce7,accepted_name_exact,wild_or_species_level_statement_not_cultivar_limited,accept,true,true,true,false,,"Accepted after exact species identity, source page or original-study statement, trait-specific ontology, lineage and content fingerprint review; mapping retained only for floral_symmetry.",Codex source-backed rule-unlock wave-2 audit,2026-08-12T09:35:00Z
36504279e48fd5f132fb0574,Cleidion spiciflorum,flower_primary_color,white,https://indiaflora-ces.iisc.ac.in/herbsheet.php?id=2643&cat=13,India Flora Online - Cleidion spiciflorum,"Sankara Rao, K. and Deepak Kumar (2026). India Flora Online, species treatment: Cleidion spiciflorum.",A,university_herbarium_regional_flora_species_treatment,indiaflora-ces.iisc.ac.in,en,"Key identification features: Medium sized trees, up to 20 m high with ovoid crown; Leaves elliptic-Ianceolate, elliptic-oblong or oblanceolate, glabrous; Male flowers in axillary racemes; female flowers axillary, solitary, white; Capsules large, didymous.",723b6b333bfbb33786cc99ef05dfc223240c6b9943eb5e96f91f24f839c48a33,4cb1ef5172cdbd2c3464642b23c94c6983aed9740b6710deb1adec2b84198850,accepted_name_exact,wild_or_species_level_statement_not_cultivar_limited,accept,true,true,true,false,,"Accepted after exact species identity, source page or original-study statement, trait-specific ontology, lineage and content fingerprint review; mapping retained only for flower_primary_color.",Codex source-backed rule-unlock wave-2 audit,2026-08-12T09:35:00Z
085243519b386b542a972ab6,Cleisostoma discolor,flower_primary_color,green_brown_inconspicuous|white|yellow_orange,https://indiaflora-ces.iisc.ac.in/herbsheet.php?id=13776&cat=13,India Flora Online - Cleisostoma discolor,"Sankara Rao, K. and Deepak Kumar (2026). India Flora Online, species treatment: Cleisostoma discolor.",A,university_herbarium_regional_flora_species_treatment,indiaflora-ces.iisc.ac.in,en,"Key identification features: Epiphytic herbs upto 30 cm high; Leaves oblong, obliquely truncate at apex; Flowers in raceme, pale-yellow with greenish tinge, peduncles purplish; Lip 3-lobed with spur, white; lateral lobes plicate.",bf53e129a762fc180b80ef64fa11d10133b2640135d6bcc4015f549061e36022,890058798d80563fa58387ae674605221eb4241923c252d27e3c6d671a4a6d08,accepted_name_exact,wild_or_species_level_statement_not_cultivar_limited,accept,true,true,true,false,,"Accepted after exact species identity, source page or original-study statement, trait-specific ontology, lineage and content fingerprint review; mapping retained only for flower_primary_color.",Codex source-backed rule-unlock wave-2 audit,2026-08-12T09:35:00Z
cd0952dd2827aabc5f26ebf2,Cleisostoma subulatum,flower_primary_color,green_brown_inconspicuous|yellow_orange,https://indiaflora-ces.iisc.ac.in/herbsheet.php?id=13318&cat=13,India Flora Online - Cleisostoma subulatum,"Sankara Rao, K. and Deepak Kumar (2026). India Flora Online, species treatment: Cleisostoma subulatum.",A,university_herbarium_regional_flora_species_treatment,indiaflora-ces.iisc.ac.in,en,"Key identification features: Pendulous epiphytic herbs, 15-30 cm long; Leaves linear lanceolate; Flowers yellow with intramarginal brown bands.",02eba5f86a3c367d28059931cf90f2268d1f49b4bca6900ea1fd2ac3d2239059,10a561c954935639b15c9a0b2ce4e1d7b2ecb54544e64a79be9ae1f75c0ee8f7,accepted_name_exact,wild_or_species_level_statement_not_cultivar_limited,accept,true,true,true,false,,"Accepted after exact species identity, source page or original-study statement, trait-specific ontology, lineage and content fingerprint review; mapping retained only for flower_primary_color.",Codex source-backed rule-unlock wave-2 audit,2026-08-12T09:35:00Z
86bb7785e3f6efd8eb7cea53,Cleisostomopsis filiformis,flower_primary_color,red_pink|yellow_orange,https://indiaflora-ces.iisc.ac.in/herbsheet.php?id=10709&cat=13,India Flora Online - Seidenfadeniella filiformis,"Sankara Rao, K. and Deepak Kumar (2026). India Flora Online, species treatment: Seidenfadeniella filiformis.",A,university_herbarium_regional_flora_species_treatment,indiaflora-ces.iisc.ac.in,en,Key identification features: Flowers orange with red striations,7ff2d3559063286d83ccf4c0bb4a0991ab9d466af24852a1c5f75703426d8b8c,71a39dad2fdcfe745d488164ddfeedd86a92a22174087b7a966650f32d73f0cc,exact_synonym,wild_or_species_level_statement_not_cultivar_limited,accept,true,true,true,false,,"Accepted after exact species identity, source page or original-study statement, trait-specific ontology, lineage and content fingerprint review; mapping retained only for flower_primary_color.",Codex source-backed rule-unlock wave-2 audit,2026-08-12T09:35:00Z
c79f4a2e0a2d947c06947786,Cleome amblyocarpa,floral_symmetry,zygomorphic,https://plantuse.plantnet.org/en/Cleome_amblyocarpa_(PROTA),Cleome amblyocarpa (PROTA),"Nana, P. & Foyet, H.S., 2013. Cleome amblyocarpa Barratte & Murb. In: Schmelzer, G.H. & Gurib-Fakim, A. (Editors). Prota 11(2): Medicinal plants/Plantes médicinales 2. PROTA, Wageningen, Netherlands. *See this page on the Prota4U database.",A,expert_botanical_monograph_species_description,plantuse.plantnet.org,en,"Flowers bisexual, irregular",3bf92befd689f74cf5b80629a0bd0226132d7ffa9ad40b4c36eeeb6bc4e532c3,3141bc8091b2c6ca2910a7815b36b838481ba8e230ee5827bf159483e18ce0b8,accepted_name_exact,wild_or_species_level_monograph_not_cultivar_limited,accept,true,true,true,false,,"Accepted after exact species identity, source page or original-study statement, trait-specific ontology, lineage and content fingerprint review; mapping retained only for floral_symmetry.",Codex source-backed rule-unlock wave-2 audit,2026-08-12T09:35:00Z
067b37a4cbcbc80932915281,Cleome amblyocarpa,flower_primary_color,blue_purple|white|yellow_orange,https://plantuse.plantnet.org/en/Cleome_amblyocarpa_(PROTA),Cleome amblyocarpa (PROTA),"Nana, P. & Foyet, H.S., 2013. Cleome amblyocarpa Barratte & Murb. In: Schmelzer, G.H. & Gurib-Fakim, A. (Editors). Prota 11(2): Medicinal plants/Plantes médicinales 2. PROTA, Wageningen, Netherlands. *See this page on the Prota4U database.",A,expert_botanical_monograph_species_description,plantuse.plantnet.org,en,"petals 4, narrowly oblong to obovate, 3–4 mm × 1–2 mm, yellow fading to white, deep purple at apex",d35c3838075de620feaacab92dc8b037e1bf9940273f8505e0689aab12f97e9b,affa64308b1d5098f44ec02df65feee8af72339985c2e0fa1169a07b36bcce26,accepted_name_exact,wild_or_species_level_monograph_not_cultivar_limited,accept,true,true,true,false,,"Accepted after exact species identity, source page or original-study statement, trait-specific ontology, lineage and content fingerprint review; mapping retained only for flower_primary_color.",Codex source-backed rule-unlock wave-2 audit,2026-08-12T09:35:00Z
093609fe3cb5a56b9381396a,Cleome amblyocarpa,inflorescence_display,raceme_spike_panicle,https://plantuse.plantnet.org/en/Cleome_amblyocarpa_(PROTA),Cleome amblyocarpa (PROTA),"Nana, P. & Foyet, H.S., 2013. Cleome amblyocarpa Barratte & Murb. In: Schmelzer, G.H. & Gurib-Fakim, A. (Editors). Prota 11(2): Medicinal plants/Plantes médicinales 2. PROTA, Wageningen, Netherlands. *See this page on the Prota4U database.",A,expert_botanical_monograph_species_description,plantuse.plantnet.org,en,"Inflorescence a terminal, lax raceme with leaf-like bracts.",2a634808f40b04dab66eb6dc4d6280f9f40e9aa0bcba8309de9c46176864151e,fdb8b7568dcf717acfe237e827aa437e6cc9ec7276fea6c486a8d1ca5cb193f4,accepted_name_exact,wild_or_species_level_monograph_not_cultivar_limited,accept,true,true,true,false,,"Accepted after exact species identity, source page or original-study statement, trait-specific ontology, lineage and content fingerprint review; mapping retained only for inflorescence_display.",Codex source-backed rule-unlock wave-2 audit,2026-08-12T09:35:00Z
771c717661290140b66aafb1,Clerodendrum schmidtii,flower_primary_color,white,https://indiaflora-ces.iisc.ac.in/herbsheet.php?id=14349&cat=13,India Flora Online - Clerodendrum schmidtii,"Sankara Rao, K. and Deepak Kumar (2026). India Flora Online, species treatment: Clerodendrum schmidtii.",A,university_herbarium_regional_flora_species_treatment,indiaflora-ces.iisc.ac.in,en,"Key identification features: shrub to small tree, multi-stemmed, with hanging branches; Inflorescence long, pendent, dark red racemes; Flowers white, fragrant, in loose hanging clusters, white flowers on long dark red flower stalks",3e57d4eaebae2a6f46daab1e2051abf5d117cb13394370003ecea874fe7964b2,c6391b0d2d4aba8484760dffb0155c753e2e593dfb6904ff0da534c14d704aff,accepted_name_exact,wild_or_species_level_statement_not_cultivar_limited,accept,true,true,true,false,,"Accepted after exact species identity, source page or original-study statement, trait-specific ontology, lineage and content fingerprint review; mapping retained only for flower_primary_color.",Codex source-backed rule-unlock wave-2 audit,2026-08-12T09:35:00Z
c611faf3f400c8d8ec7952aa,Clerodendrum umbratile,flower_primary_color,red_pink|white|yellow_orange,https://indiaflora-ces.iisc.ac.in/herbsheet.php?id=14433&cat=13,India Flora Online - Clerodendrum umbratile,"Sankara Rao, K. and Deepak Kumar (2026). India Flora Online, species treatment: Clerodendrum umbratile.",A,university_herbarium_regional_flora_species_treatment,indiaflora-ces.iisc.ac.in,en,"Key identification features: Annual herbs, up to 1 m high; branches fistulose; Leaves oblong, obovate-oblong or oblanceolate, entire, glabrous; Flowers in axillary, elongate, lax panicles, white with reddish tinge or yellowish; Drupes globose, flesh coloured.",5c5ea44680da4d28030ea33e727dd4df7f7192cff507c26d064ae4a8c87ee29c,b8ac3166d02571c4b87a7c3d9328074a1f762b16e5a8b4033ca832dd5808f9dd,accepted_name_exact,wild_or_species_level_statement_not_cultivar_limited,accept,true,true,true,false,,"Accepted after exact species identity, source page or original-study statement, trait-specific ontology, lineage and content fingerprint review; mapping retained only for flower_primary_color.",Codex source-backed rule-unlock wave-2 audit,2026-08-12T09:35:00Z
f7aa2d1183bcb860a74eb378,Clerodendrum urticifolium,flower_primary_color,red_pink,https://indiaflora-ces.iisc.ac.in/herbsheet.php?id=14434&cat=13,India Flora Online - Clerodendrum urticifolium,"Sankara Rao, K. and Deepak Kumar (2026). India Flora Online, species treatment: Clerodendrum urticifolium.",A,university_herbarium_regional_flora_species_treatment,indiaflora-ces.iisc.ac.in,en,"Key identification features: Perennial shrubs, up to 3 m high, glabrous; Leaves ovate, shortly acuminate, denticulate, patent hairy throughout; Inflorescence panicle; Flowers scarlet or bright red; Drupes blue-black with enlarged calyx.",eb59547ae57ec28107c39aa9efe4d2904fbac436d86f79f33db18ad62a64cc45,24f213697c89217788512b2a11cdf6eefef9faa60cfa35c08cfe9643894ac7da,accepted_name_exact,wild_or_species_level_statement_not_cultivar_limited,accept,true,true,true,false,,"Accepted after exact species identity, source page or original-study statement, trait-specific ontology, lineage and content fingerprint review; mapping retained only for flower_primary_color.",Codex source-backed rule-unlock wave-2 audit,2026-08-12T09:35:00Z
e957501eac38361ee51d99c6,Cocculus hirsutus,inflorescence_display,umbel_corymb|solitary,https://plantuse.plantnet.org/en/Cocculus_hirsutus_(PROTA),Cocculus hirsutus (PROTA),"Oyen, L.P.A., 2008. Cocculus hirsutus (L.) Theob. In: Schmelzer, G.H. & Gurib-Fakim, A. (Editors). PROTA (Plant Resources of Tropical Africa / Ressources végétales de l’Afrique tropicale), Wageningen, Netherlands.",A,expert_botanical_monograph_species_description,plantuse.plantnet.org,en,"Inflorescence a small axillary cyme, solitary or 2–3 together, few- to many-flowered, 1–2.5 cm long",1a61326dd592f1764dc169d8660e0f0c143f808ed24875de409d7815e0cac277,1dbb4a22968b9a5ccdbf9f191b9d9469098b4c1ddcc775aea424480d81a48ad7,accepted_name_exact,wild_or_species_level_monograph_not_cultivar_limited,accept,true,true,true,false,,"Accepted after exact species identity, source page or original-study statement, trait-specific ontology, lineage and content fingerprint review; mapping retained only for inflorescence_display.",Codex source-backed rule-unlock wave-2 audit,2026-08-12T09:35:00Z
d5385fbc62ca0d3cc37a6da7,Cocculus pendulus,inflorescence_display,umbel_corymb|solitary,https://plantuse.plantnet.org/en/Cocculus_pendulus_(PROTA),Cocculus pendulus (PROTA),"Oudhia, P., 2008. Cocculus pendulus (J.R.Forst. & G.Forst.) Diels. In: Schmelzer, G.H. & Gurib-Fakim, A. (Editors). PROTA (Plant Resources of Tropical Africa / Ressources végétales de l’Afrique tropicale), Wageningen, Netherlands.",A,expert_botanical_monograph_species_description,plantuse.plantnet.org,en,"Inflorescence a small axillary cyme, solitary or clustered",2191e9e2447348235b9ef258dac55da105988841065d93da8be1639a2da78bc8,b122d7f9122a89ec7ca33d2b6e545160b2164ee195162a7b9eb0930c67113412,accepted_name_exact,wild_or_species_level_monograph_not_cultivar_limited,accept,true,true,true,false,,"Accepted after exact species identity, source page or original-study statement, trait-specific ontology, lineage and content fingerprint review; mapping retained only for inflorescence_display.",Codex source-backed rule-unlock wave-2 audit,2026-08-12T09:35:00Z
35db45ac5f32b8b00f7e8410,Codiocarpus andamanicus,flower_primary_color,white,https://indiaflora-ces.iisc.ac.in/herbsheet.php?id=5444&cat=13,India Flora Online - Gomphandra andamanica,"Sankara Rao, K. and Deepak Kumar (2026). India Flora Online, species treatment: Gomphandra andamanica.",A,university_herbarium_regional_flora_species_treatment,indiaflora-ces.iisc.ac.in,en,"Key identification features: Flowers white , in compact cymes, axillary or form the scars of the fallen leaves; petals 5 lanceolate; stamens glabrous.",e5cd43d011944be89dfcd4320a5db5f7783cabacfba4a3477c4baae6829542f8,cb6f8f68ebc4e311bb380efa58f727818840fd269f8c26fa6082c7da6a4317ff,exact_synonym,wild_or_species_level_statement_not_cultivar_limited,accept,true,true,true,false,,"Accepted after exact species identity, source page or original-study statement, trait-specific ontology, lineage and content fingerprint review; mapping retained only for flower_primary_color.",Codex source-backed rule-unlock wave-2 audit,2026-08-12T09:35:00Z
6268228259ee666794d48579,Codiocarpus andamanicus,inflorescence_display,umbel_corymb,https://indiaflora-ces.iisc.ac.in/herbsheet.php?id=5444&cat=13,India Flora Online - Gomphandra andamanica,"Sankara Rao, K. and Deepak Kumar (2026). India Flora Online, species treatment: Gomphandra andamanica.",A,university_herbarium_regional_flora_species_treatment,indiaflora-ces.iisc.ac.in,en,"Key identification features: Flowers white , in compact cymes, axillary or form the scars of the fallen leaves; petals 5 lanceolate; stamens glabrous.",e5cd43d011944be89dfcd4320a5db5f7783cabacfba4a3477c4baae6829542f8,cb6f8f68ebc4e311bb380efa58f727818840fd269f8c26fa6082c7da6a4317ff,exact_synonym,wild_or_species_level_statement_not_cultivar_limited,accept,true,true,true,false,,"Accepted after exact species identity, source page or original-study statement, trait-specific ontology, lineage and content fingerprint review; mapping retained only for inflorescence_display.",Codex source-backed rule-unlock wave-2 audit,2026-08-12T09:35:00Z
515094a7ce76da4633d9750f,Coelocaryon preussii,flower_primary_color,red_pink|yellow_orange|green_brown_inconspicuous,https://plantuse.plantnet.org/en/Coelocaryon_preussii_(PROTA),Coelocaryon preussii (PROTA),"Jiofack Tafokou, R.B., 2011. Coelocaryon preussii Warb. [Internet] Record from PROTA4U. Lemmens, R.H.M.J., Louppe, D. & Oteng-Amoako, A.A. (Editors). PROTA (Plant Resources of Tropical Africa / Ressources végétales de l’Afrique tropicale), Wageningen, Netherlands.",A,expert_botanical_monograph_species_description,plantuse.plantnet.org,en,"*Flowers unisexual, regular, up to 3 mm long, yellowish, with short pedicel, perianth cup-shaped, 3–4-lobed, reddish brown short-hairy",d36344f8b705235985b5de1cbced582e91bf565fd4306d9170004f2212253df2,029d8e915e9b02a327bdbd66c7020edc8845eb51aa5cc549da689634fbf92727,accepted_name_exact,wild_or_species_level_monograph_not_cultivar_limited,accept,true,true,true,false,,"Accepted after exact species identity, source page or original-study statement, trait-specific ontology, lineage and content fingerprint review; mapping retained only for flower_primary_color.",Codex source-backed rule-unlock wave-2 audit,2026-08-12T09:35:00Z
0311478de088312548a4a23f,Coelogyne tricallosa,flower_primary_color,yellow_orange,https://indiaflora-ces.iisc.ac.in/herbsheet.php?id=13994&cat=13,India Flora Online - Panisea tricallosa,"Sankara Rao, K. and Deepak Kumar (2026). India Flora Online, species treatment: Panisea tricallosa.",A,university_herbarium_regional_flora_species_treatment,indiaflora-ces.iisc.ac.in,en,"Key identification features: Epiphytic herbs; Pseudobulbs oblique, adpressed to rhizomes; Leaves elliptic-lanceolate, puberulous in both surfaces; Scapes shorter than leaves; Flowers solitary, pale-yellow.",1614d0cfe8ed36f851555029a73bd8676974e84847dbd62850a7a11af83ef071,0c99dd99c8400514918a1c637f3b96d9c965c1c7dce63e52e154587a290cb2bf,exact_synonym,wild_or_species_level_statement_not_cultivar_limited,accept,true,true,true,false,,"Accepted after exact species identity, source page or original-study statement, trait-specific ontology, lineage and content fingerprint review; mapping retained only for flower_primary_color.",Codex source-backed rule-unlock wave-2 audit,2026-08-12T09:35:00Z
36e0971159ed89809a2d3617,Coffea eugenioides,flower_primary_color,white,https://plantuse.plantnet.org/en/Coffea_eugenioides_(PROTA),Coffea eugenioides (PROTA),"Charrier, A., 2002. Coffea eugenioides S.Moore. [Internet] Record from PROTA4U. Oyen, L.P.A. & Lemmens, R.H.M.J. (Editors). PROTA (Plant Resources of Tropical Africa / Ressources végétales de l’Afrique tropicale), Wageningen, Netherlands.",A,expert_botanical_monograph_species_description,plantuse.plantnet.org,en,"corolla white, with cylindrical tube 5.5–10 mm long and oblong-lanceolate lobes 5–12 mm × 2–4 mm, acute to obtuse",fece9b810fedba7e6aecd79783e7727ca2046a8316786018ed5a85f8b2f60a62,e20c3c41bc1a2aea9d935b51465d461b658ecea7410c5c98932ab17b7baf7d3a,accepted_name_exact,wild_or_species_level_monograph_not_cultivar_limited,accept,true,true,true,false,,"Accepted after exact species identity, source page or original-study statement, trait-specific ontology, lineage and content fingerprint review; mapping retained only for flower_primary_color.",Codex source-backed rule-unlock wave-2 audit,2026-08-12T09:35:00Z
b1f006531d05f60279ec81a1,Coix lacryma-jobi,mating_system,mixed_mating,https://plantuse.plantnet.org/en/Coix_lacryma-jobi_(PROTA),Coix lacryma-jobi (PROTA),"Jansen, P.C.M., 2006. Coix lacryma-jobi L. In: Brink, M. & Belay, G. (Editors). PROTA (Plant Resources of Tropical Africa / Ressources végétales de l’Afrique tropicale), Wageningen, Netherlands.",A,expert_botanical_monograph_species_description,plantuse.plantnet.org,en,"Both self-pollination and cross-pollination are possible, with the latter usually being predominant.",7df2c31220db042cf9d64ef880962b8d35a6d6cf20a83586046792988e5037d0,7dae7e763c2dd878a296adf874f51dfe59a8924c802cc8fdaf8fcd7486eb7a7a,accepted_name_exact,wild_or_species_level_monograph_not_cultivar_limited,accept,true,true,true,false,,"Accepted after exact species identity, source page or original-study statement, trait-specific ontology, lineage and content fingerprint review; mapping retained only for mating_system.",Codex source-backed rule-unlock wave-2 audit,2026-08-12T09:35:00Z
f12b7aaf0120e5f9e8fc9ea3,Colobanthus affinis,self_incompatibility,mixed_or_variable,https://academic.oup.com/aobpla/article/doi/10.1093/aobpla/plv095/1800409,Patterns in floral traits and plant breeding systems on Southern Ocean Islands,"Lord, J. M. (2015), AoB PLANTS 7:plv095, Supporting Information Table S1, DOI 10.1093/aobpla/plv095",B,peer_reviewed_species_level_compatibility_compilation,academic.oup.com,en,"Supporting Information Table S1: Colobanthus affinis; compatibility and reference-number cell: SCp; 1, 18. The table defines SC as fully self-compatible, SCp as partially self-compatible, and SI as self-incompatible.",d6d1b6f476c3dde6121d79e7c84f917f78cafae37a93b36721ca0bd4c0e71619,2151c98e035402bde2ed2607d22111c742323fdd8c8a55cab73db6089db01391,accepted_name_exact,wild_or_species_level_statement_not_cultivar_limited,accept,true,true,true,false,,"Accepted after exact species identity, source page or original-study statement, trait-specific ontology, lineage and content fingerprint review; mapping retained only for self_incompatibility.",Codex source-backed rule-unlock wave-2 audit,2026-08-12T09:35:00Z
bf289f304923244cf171f1da,Colubrina decipiens,floral_symmetry,actinomorphic,https://plantuse.plantnet.org/en/Colubrina_decipiens_(PROTA),Colubrina decipiens (PROTA),"Lemmens, R.H.M.J., 2011. Colubrina decipiens (Baill.) Capuron. [Internet] Record from PROTA4U. Lemmens, R.H.M.J., Louppe, D. & Oteng-Amoako, A.A. (Editors). PROTA (Plant Resources of Tropical Africa / Ressources végétales de l’Afrique tropicale), Wageningen, Netherlands.",A,expert_botanical_monograph_species_description,plantuse.plantnet.org,en,"*Flowers bisexual, regular, 5-merous",2a50b18e650933ea2abdc0e5f54a6617119449e9ffe6267bb11f4fd62710b2c5,88900e6d091f893b10ab91f113027b13ae9487a99b6ce670c30d48cc86e46ce2,accepted_name_exact,wild_or_species_level_monograph_not_cultivar_limited,accept,true,true,true,false,,"Accepted after exact species identity, source page or original-study statement, trait-specific ontology, lineage and content fingerprint review; mapping retained only for floral_symmetry.",Codex source-backed rule-unlock wave-2 audit,2026-08-12T09:35:00Z
52dac34c478987dd4fafbebf,Colubrina decipiens,inflorescence_display,umbel_corymb,https://plantuse.plantnet.org/en/Colubrina_decipiens_(PROTA),Colubrina decipiens (PROTA),"Lemmens, R.H.M.J., 2011. Colubrina decipiens (Baill.) Capuron. [Internet] Record from PROTA4U. Lemmens, R.H.M.J., Louppe, D. & Oteng-Amoako, A.A. (Editors). PROTA (Plant Resources of Tropical Africa / Ressources végétales de l’Afrique tropicale), Wageningen, Netherlands.",A,expert_botanical_monograph_species_description,plantuse.plantnet.org,en,"*Inflorescence a short, axillary cyme, with short peduncle, densely reddish brown hairy.",dbbe2827ecc231aa96319c9c6512f2fc3bdbe7d516bdff48ad021a70e51d018f,7a543afa8ef3b337ac26e6f89542ed5a6fd21f2a76462d85fda5e4ad6520f781,accepted_name_exact,wild_or_species_level_monograph_not_cultivar_limited,accept,true,true,true,false,,"Accepted after exact species identity, source page or original-study statement, trait-specific ontology, lineage and content fingerprint review; mapping retained only for inflorescence_display.",Codex source-backed rule-unlock wave-2 audit,2026-08-12T09:35:00Z
0236358442f87d26bd58616b,Colubrina faralaotra,floral_symmetry,actinomorphic,https://plantuse.plantnet.org/en/Colubrina_faralaotra_(PROTA),Colubrina faralaotra (PROTA),"Oyen, L.P.A., 2011. Colubrina faralaotra (H.Perrier) Capuron. [Internet] Record from PROTA4U. Lemmens, R.H.M.J., Louppe, D. & Oteng-Amoako, A.A. (Editors). PROTA (Plant Resources of Tropical Africa / Ressources végétales de l’Afrique tropicale), Wageningen, Netherlands.",A,expert_botanical_monograph_species_description,plantuse.plantnet.org,en,"*Flowers bisexual, regular, 5-merous, white, fragrant",44955795437ab366cd410ca8f6e5e1bd08e092be6e7064868018cd3c186261fc,5cdd343414ed5619b5f563b195791dc2894443c37d5d48952fc622f60486652d,accepted_name_exact,wild_or_species_level_monograph_not_cultivar_limited,accept,true,true,true,false,,"Accepted after exact species identity, source page or original-study statement, trait-specific ontology, lineage and content fingerprint review; mapping retained only for floral_symmetry.",Codex source-backed rule-unlock wave-2 audit,2026-08-12T09:35:00Z
9c94bf70ef71d65c53146d7a,Colubrina faralaotra,flower_primary_color,white,https://plantuse.plantnet.org/en/Colubrina_faralaotra_(PROTA),Colubrina faralaotra (PROTA),"Oyen, L.P.A., 2011. Colubrina faralaotra (H.Perrier) Capuron. [Internet] Record from PROTA4U. Lemmens, R.H.M.J., Louppe, D. & Oteng-Amoako, A.A. (Editors). PROTA (Plant Resources of Tropical Africa / Ressources végétales de l’Afrique tropicale), Wageningen, Netherlands.",A,expert_botanical_monograph_species_description,plantuse.plantnet.org,en,"*Flowers bisexual, regular, 5-merous, white, fragrant",44955795437ab366cd410ca8f6e5e1bd08e092be6e7064868018cd3c186261fc,5cdd343414ed5619b5f563b195791dc2894443c37d5d48952fc622f60486652d,accepted_name_exact,wild_or_species_level_monograph_not_cultivar_limited,accept,true,true,true,false,,"Accepted after exact species identity, source page or original-study statement, trait-specific ontology, lineage and content fingerprint review; mapping retained only for flower_primary_color.",Codex source-backed rule-unlock wave-2 audit,2026-08-12T09:35:00Z
a50279240e35035a771b166a,Colubrina faralaotra,inflorescence_display,umbel_corymb,https://plantuse.plantnet.org/en/Colubrina_faralaotra_(PROTA),Colubrina faralaotra (PROTA),"Oyen, L.P.A., 2011. Colubrina faralaotra (H.Perrier) Capuron. [Internet] Record from PROTA4U. Lemmens, R.H.M.J., Louppe, D. & Oteng-Amoako, A.A. (Editors). PROTA (Plant Resources of Tropical Africa / Ressources végétales de l’Afrique tropicale), Wageningen, Netherlands.",A,expert_botanical_monograph_species_description,plantuse.plantnet.org,en,"*Inflorescence a short, axillary cyme, with very short to fairly long peduncle, densely reddish brown hairy, 3–40-flowered.",f0871cd7c3fde23f16a9d2d427890dbff95d36e81920eac003eb8e14c37784b1,6a0de2ef949679f16890c0c809b367eebf464d96016354e799a82b8684e74a17,accepted_name_exact,wild_or_species_level_monograph_not_cultivar_limited,accept,true,true,true,false,,"Accepted after exact species identity, source page or original-study statement, trait-specific ontology, lineage and content fingerprint review; mapping retained only for inflorescence_display.",Codex source-backed rule-unlock wave-2 audit,2026-08-12T09:35:00Z
9148f71f049cf791cdba1001,Combretum mucronatum,flower_primary_color,white,https://plantuse.plantnet.org/en/Combretum_mucronatum_(PROTA),Combretum mucronatum (PROTA),"Bagué Serrano, A.J., 2011. Combretum mucronatum Schumach. & Thonn. In: Schmelzer, G.H. & Gurib-Fakim, A. (Editors). PROTA (Plant Resources of Tropical Africa / Ressources végétales de l’Afrique tropicale), Wageningen, Netherlands.",A,expert_botanical_monograph_species_description,plantuse.plantnet.org,en,"Flowers bisexual, regular, 4-merous, white",97d4f98df89ef3e2afe5436c99e3949bceb8a41bdb3f30f183ae3191b0c8e4c2,e27b6a6118aebd44ec7597660c9ae975f48455e5ff46771ad5ed8c8a14b55958,accepted_name_exact,wild_or_species_level_monograph_not_cultivar_limited,accept,true,true,true,false,,"Accepted after exact species identity, source page or original-study statement, trait-specific ontology, lineage and content fingerprint review; mapping retained only for flower_primary_color.",Codex source-backed rule-unlock wave-2 audit,2026-08-12T09:35:00Z
a7b5299aa709f38add40c613,Commelina appendiculata,flower_primary_color,blue_purple|white,https://indiaflora-ces.iisc.ac.in/herbsheet.php?id=2832&cat=13,India Flora Online - Commelina appendiculata,"Sankara Rao, K. and Deepak Kumar (2026). India Flora Online, species treatment: Commelina appendiculata.",A,university_herbarium_regional_flora_species_treatment,indiaflora-ces.iisc.ac.in,en,"Key identification features: Leaves linear-Ianceolate, glabrescent; spathes long peduncled, lanceolate, caudate-acuminate; Flowers blue or white in bifid raceme; Capsules 2-or 3-celled; Seeds flattened, black with whitish appendages.",882e7b87c1cb92124f0b4eb5becd67382f735eb7414f4ff274c9a2eccc77c10e,4e1e8b00eeb027c6d77e3c3f5bf4983e296a71816f4e02d2e7793a10cf4c4746,accepted_name_exact,wild_or_species_level_statement_not_cultivar_limited,accept,true,true,true,false,,"Accepted after exact species identity, source page or original-study statement, trait-specific ontology, lineage and content fingerprint review; mapping retained only for flower_primary_color.",Codex source-backed rule-unlock wave-2 audit,2026-08-12T09:35:00Z
d5a5412235e2d0832410380a,Commelina diffusa,mating_system,mixed_mating,https://scholar.uoc.ac.in/bitstreams/dd6a8802-5ffd-4a70-9078-736a78794e8a/download,Pollination biology of selected taxa of the tribe Commelineae (Commelinaceae),"Veena, V. (2020), doctoral thesis, Department of Botany, University of Calicut, pp. 174-176 and 181-183",A,doctoral_thesis_controlled_pollination_experiment,scholar.uoc.ac.in,en,"Breeding system studies in the selected taxa revealed that they were all self and cross-compatible species. Except Dictyospermum montanum (2.5%) and Floscopa scandens (14%), all others showed high percentages of autogamous fruit set (72.38% in Commelina diffusa, 47.62% in Murdannia nudiflora and 41.43% in Rhopalephora scaberrima). These species thus have evolved a system of adaptive modifications which resulted in a mixed mating system that produces both self and cross seeds.",c9a35ebc48575382bf0f261906d0df1b28e88d5cf1f2ed6634179bacd763066b,23e3b55b09248c83e0e2a90897fbc12c6a5dfdf54588002f09b66f7c3af9f72b,accepted_name_exact,wild_or_species_level_statement_not_cultivar_limited,accept,true,true,true,false,,"Accepted after exact species identity, source page or original-study statement, trait-specific ontology, lineage and content fingerprint review; mapping retained only for mating_system.",Codex source-backed rule-unlock wave-2 audit,2026-08-12T09:35:00Z
879c33a18db094c002af5796,Commelina diffusa,self_incompatibility,SC,https://scholar.uoc.ac.in/bitstreams/dd6a8802-5ffd-4a70-9078-736a78794e8a/download,Pollination biology of selected taxa of the tribe Commelineae (Commelinaceae),"Veena, V. (2020), doctoral thesis, Department of Botany, University of Calicut, pp. 174-176 and 181-183",A,doctoral_thesis_controlled_pollination_experiment,scholar.uoc.ac.in,en,"Breeding system studies in the selected taxa revealed that they were all self and cross-compatible species. Except Dictyospermum montanum (2.5%) and Floscopa scandens (14%), all others showed high percentages of autogamous fruit set (72.38% in Commelina diffusa, 47.62% in Murdannia nudiflora and 41.43% in Rhopalephora scaberrima). These species thus have evolved a system of adaptive modifications which resulted in a mixed mating system that produces both self and cross seeds.",c9a35ebc48575382bf0f261906d0df1b28e88d5cf1f2ed6634179bacd763066b,23e3b55b09248c83e0e2a90897fbc12c6a5dfdf54588002f09b66f7c3af9f72b,accepted_name_exact,wild_or_species_level_statement_not_cultivar_limited,accept,true,true,true,false,,"Accepted after exact species identity, source page or original-study statement, trait-specific ontology, lineage and content fingerprint review; mapping retained only for self_incompatibility.",Codex source-backed rule-unlock wave-2 audit,2026-08-12T09:35:00Z
0f329338ae44c0148deabe48,Commiphora pterocarpa,floral_symmetry,actinomorphic,https://plantuse.plantnet.org/en/Commiphora_pterocarpa_(PROTA),Commiphora pterocarpa (PROTA),"Brink, M., 2008. Commiphora pterocarpa H.Perrier. In: Louppe, D., Oteng-Amoako, A.A. & Brink, M. (Editors). PROTA (Plant Resources of Tropical Africa / Ressources végétales de l’Afrique tropicale), Wageningen, Netherlands.",A,expert_botanical_monograph_species_description,plantuse.plantnet.org,en,"*Flowers unisexual, regular, small.",4378b65ac7ee7b6f7cd78aa9a6a15bdabe816752fdad4c2e045bcd2bf6bad8ae,ef45efb67fe2c70a199aa9de9d1f68f68734f4a0df70edaa4d63cfce7c6c8bcd,accepted_name_exact,wild_or_species_level_monograph_not_cultivar_limited,accept,true,true,true,false,,"Accepted after exact species identity, source page or original-study statement, trait-specific ontology, lineage and content fingerprint review; mapping retained only for floral_symmetry.",Codex source-backed rule-unlock wave-2 audit,2026-08-12T09:35:00Z
7ab9c7b4a995dadbe8f8b573,Commiphora pterocarpa,inflorescence_display,umbel_corymb|raceme_spike_panicle,https://plantuse.plantnet.org/en/Commiphora_pterocarpa_(PROTA),Commiphora pterocarpa (PROTA),"Brink, M., 2008. Commiphora pterocarpa H.Perrier. In: Louppe, D., Oteng-Amoako, A.A. & Brink, M. (Editors). PROTA (Plant Resources of Tropical Africa / Ressources végétales de l’Afrique tropicale), Wageningen, Netherlands.",A,expert_botanical_monograph_species_description,plantuse.plantnet.org,en,*Inflorescence an axillary spike with flowers in fascicles.,4322473fec08214828ed8695dc689470319590340620ef5845527b5b95fb328e,b901c9437c20ecb599132caf44f3356c3746224ff21e64eedf8833a0d8649624,accepted_name_exact,wild_or_species_level_monograph_not_cultivar_limited,accept,true,true,true,false,,"Accepted after exact species identity, source page or original-study statement, trait-specific ontology, lineage and content fingerprint review; mapping retained only for inflorescence_display.",Codex source-backed rule-unlock wave-2 audit,2026-08-12T09:35:00Z
d05a22b6588bac229280991d,Corallocarpus epigaeus,flower_primary_color,yellow_orange,https://indiaflora-ces.iisc.ac.in/herbsheet.php?id=2891&cat=13,India Flora Online - Corallocarpus epigaeus,"Sankara Rao, K. and Deepak Kumar (2026). India Flora Online, species treatment: Corallocarpus epigaeus.",A,university_herbarium_regional_flora_species_treatment,indiaflora-ces.iisc.ac.in,en,"Key identification features: Prostrate herb; leaves trilobed, suborbicular; Male flowers 4-9, corolla yellow; female flowers solitary; Fruit ovoid-oblong.",e79cc2849d7e28c715731f62473530f78d8c5062f2a53f6e67471ef4bbaac1b1,f8d360a4b5bffaa014720e891abe0b0c12eb891fe59d32246a7ea9710388609c,accepted_name_exact,wild_or_species_level_statement_not_cultivar_limited,accept,true,true,true,false,,"Accepted after exact species identity, source page or original-study statement, trait-specific ontology, lineage and content fingerprint review; mapping retained only for flower_primary_color.",Codex source-backed rule-unlock wave-2 audit,2026-08-12T09:35:00Z
7070fcc5301d89bd1bae188c,Corallocarpus epigaeus,inflorescence_display,solitary,https://indiaflora-ces.iisc.ac.in/herbsheet.php?id=2891&cat=13,India Flora Online - Corallocarpus epigaeus,"Sankara Rao, K. and Deepak Kumar (2026). India Flora Online, species treatment: Corallocarpus epigaeus.",A,university_herbarium_regional_flora_species_treatment,indiaflora-ces.iisc.ac.in,en,"Key identification features: Prostrate herb; leaves trilobed, suborbicular; Male flowers 4-9, corolla yellow; female flowers solitary; Fruit ovoid-oblong.",e79cc2849d7e28c715731f62473530f78d8c5062f2a53f6e67471ef4bbaac1b1,f8d360a4b5bffaa014720e891abe0b0c12eb891fe59d32246a7ea9710388609c,accepted_name_exact,wild_or_species_level_statement_not_cultivar_limited,accept,true,true,true,false,,"Accepted after exact species identity, source page or original-study statement, trait-specific ontology, lineage and content fingerprint review; mapping retained only for inflorescence_display.",Codex source-backed rule-unlock wave-2 audit,2026-08-12T09:35:00Z
9e3d6ff6377ddb7e59af97b0,Corchorus olitorius,floral_symmetry,actinomorphic,https://www.phytojournal.com/archives/2023/vol12issue2/PartB/12-2-16-171.pdf,Morphological and pharmacological study of herbal medicine: Corchorus olitorius L.,"Gupta et al. (2023), Journal of Pharmacognosy and Phytochemistry 12(2):84-87, p. 85",B,published_species_morphology_review,www.phytojournal.com,en,"Corchorus olitorius L. Taxonomy: Family Malvaceae; Genus Corchorus; Species Corchorus olitorius. Flowers: Complete, pedicellate, bracteate, small, bisexual, dichlamydeous, actinomorphic, regular, pentamerous, hypogynous, yellow in color.",4a35f0106a46ad9b3fc1a162538733022d0eba14fb06892ee7bbf63cf3e64fb2,459f82315d51a2e461535531be4be8a932840cb55f5b830d0f151fcdaf8d353c,accepted_name_exact,wild_or_species_level_statement_not_cultivar_limited,accept,true,true,true,false,,"Accepted after exact species identity, source page or original-study statement, trait-specific ontology, lineage and content fingerprint review; mapping retained only for floral_symmetry.",Codex source-backed rule-unlock wave-2 audit,2026-08-12T09:35:00Z
c2291b92a529c05442480ed0,Cordia myxa,floral_form,tubular|bell_campanulate,https://plantuse.plantnet.org/en/Cordia_myxa_(PROTA),Cordia myxa (PROTA),"Oudhia, P., 2007. Cordia myxa L. In: Schmelzer, G.H. & Gurib-Fakim, A. (Editors). PROTA (Plant Resources of Tropical Africa / Ressources végétales de l’Afrique tropicale), Wageningen, Netherlands.",A,expert_botanical_monograph_species_description,plantuse.plantnet.org,en,"male flowers with campanulate calyx 4.5–5.5 mm long, 3-lobed, shortly hairy inside, glabrous outside, corolla tube 3.5–4.5 mm long, lobes 5, elliptical, c. ; female flower with tubular-campanulate calyx 6–8.5 mm long, irregularly 3–4-toothed, densely hairy inside, glabrous outside, corolla tube 4.5–6.5 mm long, lobes 4–6, elliptical to obovate, 5–7 mm long, reflexed and rolled up, staminodes with sterile anthers, ovary superior, ellipsoid to obovoid, 4-celled, style 8–9 mm long, with 4 stigmatic branches 4–5 mm long.",0b618057aad27b291c85440a2478bb45a8665d37d1e3aa5b64e45bb125dad283,aef2f676d917e74619a76255c4b3404cb673a05f80adede6c5cd584606bb2803,accepted_name_exact,wild_or_species_level_monograph_not_cultivar_limited,accept,true,true,true,false,,"Accepted after exact species identity, source page or original-study statement, trait-specific ontology, lineage and content fingerprint review; mapping retained only for floral_form.",Codex source-backed rule-unlock wave-2 audit,2026-08-12T09:35:00Z
ecb6d330cbfa359ade0a5ffd,Cordia myxa,floral_symmetry,actinomorphic,https://plantuse.plantnet.org/en/Cordia_myxa_(PROTA),Cordia myxa (PROTA),"Oudhia, P., 2007. Cordia myxa L. In: Schmelzer, G.H. & Gurib-Fakim, A. (Editors). PROTA (Plant Resources of Tropical Africa / Ressources végétales de l’Afrique tropicale), Wageningen, Netherlands.",A,expert_botanical_monograph_species_description,plantuse.plantnet.org,en,"*Flowers unisexual, regular, white to creamy",573ec60c5519a10b1693f31ec80130d55316c0a4840d0f8f1b5428901c2c5389,93c70d40af959d8e9f387aaa20f41ff8e8eb649d0137e6f37881837c7c48c1e3,accepted_name_exact,wild_or_species_level_monograph_not_cultivar_limited,accept,true,true,true,false,,"Accepted after exact species identity, source page or original-study statement, trait-specific ontology, lineage and content fingerprint review; mapping retained only for floral_symmetry.",Codex source-backed rule-unlock wave-2 audit,2026-08-12T09:35:00Z
80a772129c23d31775e494ed,Cordia myxa,inflorescence_display,raceme_spike_panicle,https://plantuse.plantnet.org/en/Cordia_myxa_(PROTA),Cordia myxa (PROTA),"Oudhia, P., 2007. Cordia myxa L. In: Schmelzer, G.H. & Gurib-Fakim, A. (Editors). PROTA (Plant Resources of Tropical Africa / Ressources végétales de l’Afrique tropicale), Wageningen, Netherlands.",A,expert_botanical_monograph_species_description,plantuse.plantnet.org,en,"*Inflorescence a lax terminal or short lateral panicle, 3–8.5 cm long, many-flowered",eeed04b30bcb316f3c950f560304662af0c35b8bb25ca3e882547f08efd3f30d,d4aa93cdfc41641fa9990413bbe1b771e3e8d2bbf7ab79dc1722642df5e622ec,accepted_name_exact,wild_or_species_level_monograph_not_cultivar_limited,accept,true,true,true,false,,"Accepted after exact species identity, source page or original-study statement, trait-specific ontology, lineage and content fingerprint review; mapping retained only for inflorescence_display.",Codex source-backed rule-unlock wave-2 audit,2026-08-12T09:35:00Z
9f1c10eef138bc9c9b75d002,Cornus sericea,autonomous_selfing_capacity,absent,https://research.fs.usda.gov/feis/species-reviews/corser,"Cornus sericea, redosier dogwood","Gucker, Corey (2012), Cornus sericea, redosier dogwood, Fire Effects Information System, USDA Forest Service; controlled pollination result cited as reference 92",A,official_agency_species_review_controlled_experiment,research.fs.usda.gov,en,"Cornus sericea, redosier dogwood. In experiments, redosier dogwood flowers that were bagged to prevent cross pollination did not produce fruits, suggesting that successful fruit production depends on cross pollination [92].",13c9593793a1ffdfbaef97035784a6182743f42c133398236bace9d568c0aa30,5885fbb239743fe9095ea6d3ffefb7a91c437d2f77800b4956822be82d45d221,accepted_name_exact,wild_or_species_level_statement_not_cultivar_limited,accept,true,true,true,false,,"Accepted after exact species identity, source page or original-study statement, trait-specific ontology, lineage and content fingerprint review; mapping retained only for autonomous_selfing_capacity.",Codex source-backed rule-unlock wave-2 audit,2026-08-12T09:35:00Z
1f53e63051c6e2da0fb66ce6,Corylopsis himalayana,flower_primary_color,yellow_orange,https://indiaflora-ces.iisc.ac.in/herbsheet.php?id=2967&cat=13,India Flora Online - Corylopsis himalayana,"Sankara Rao, K. and Deepak Kumar (2026). India Flora Online, species treatment: Corylopsis himalayana.",A,university_herbarium_regional_flora_species_treatment,indiaflora-ces.iisc.ac.in,en,Key identification features: Calyx lobes triangular and petals yellow,b7ede2ba837fde6f7085d1138d1f967fa3c4c97efa8e950a4a7a869a527936e8,4f393d44a77c5a15ab2537eb859a6952208ba45ec9e5d1530ab06d1dafc01295,accepted_name_exact,species_level_cultivated_record_not_cultivar_limited,accept,true,true,true,false,,"Accepted after exact species identity, source page or original-study statement, trait-specific ontology, lineage and content fingerprint review; mapping retained only for flower_primary_color.",Codex source-backed rule-unlock wave-2 audit,2026-08-12T09:35:00Z
d5f7470e4d2ea4faaace978c,Couroupita guianensis,floral_symmetry,actinomorphic,https://bfis.bforest.gov.bd/nef/index.php/data/dataSpecies/40,Forest Emission Factor Database - Couroupita guianensis,"Bangladesh Forest Information System, Forest Emission Factor Database species record: Couroupita guianensis",A,government_forest_database_species_record,bfis.bforest.gov.bd,en,Tree Species Details: Family Name: Lecythidaceae; Genus: Couroupita; Species: Couroupita guianensis; floral symmetry: actinomorphic.,b2fe309d358894ad3b0d61c6d765b5a22d30d9d0ceec33ebb4192136272eb487,2b0b8a83a2d3ac852796483cb455e93e2638ca98e7b5cefe3e4c1da9db3d0ea0,accepted_name_exact,wild_or_species_level_statement_not_cultivar_limited,accept,true,true,true,false,,"Accepted after exact species identity, source page or original-study statement, trait-specific ontology, lineage and content fingerprint review; mapping retained only for floral_symmetry.",Codex source-backed rule-unlock wave-2 audit,2026-08-12T09:35:00Z
d4b6710678c674618c391555,Crotalaria hirta,flower_primary_color,yellow_orange,https://indiaflora-ces.iisc.ac.in/herbsheet.php?id=3098&cat=13,India Flora Online - Crotalaria hirta,"Sankara Rao, K. and Deepak Kumar (2026). India Flora Online, species treatment: Crotalaria hirta.",A,university_herbarium_regional_flora_species_treatment,indiaflora-ces.iisc.ac.in,en,Key identification features: Flowers yellow; pods black when ripe,070f1a75325b684ac414e5e4a7b9a646b106b622bdfffe6794e957b7c72b150a,29fb822339f0f82c77d6e3889b3e7a9289bffe5e473f1f67091b67bef2da7c2a,accepted_name_exact,wild_or_species_level_statement_not_cultivar_limited,accept,true,true,true,false,,"Accepted after exact species identity, source page or original-study statement, trait-specific ontology, lineage and content fingerprint review; mapping retained only for flower_primary_color.",Codex source-backed rule-unlock wave-2 audit,2026-08-12T09:35:00Z
ca85e0259811aec0c1affbb0,Crotalaria laevigata,flower_primary_color,yellow_orange,https://indiaflora-ces.iisc.ac.in/herbsheet.php?id=3107&cat=13,India Flora Online - Crotalaria laevigata,"Sankara Rao, K. and Deepak Kumar (2026). India Flora Online, species treatment: Crotalaria laevigata.",A,university_herbarium_regional_flora_species_treatment,indiaflora-ces.iisc.ac.in,en,"Key identification features: Small erect undershrub; flowers yellow, axillary racemes; leaves elliptict-oblong",87b72627563efdd5ef0cbeab955a55a066d9e8f3845fd01a794c77ad0e3a4ac6,8e789108b0c2745d289fe097dd69fdba5474a5a80e6949498821c7c8542f6f6c,accepted_name_exact,wild_or_species_level_statement_not_cultivar_limited,accept,true,true,true,false,,"Accepted after exact species identity, source page or original-study statement, trait-specific ontology, lineage and content fingerprint review; mapping retained only for flower_primary_color.",Codex source-backed rule-unlock wave-2 audit,2026-08-12T09:35:00Z
4cd435616a77b0534193b37b,Crotalaria scabrella,flower_primary_color,yellow_orange,https://indiaflora-ces.iisc.ac.in/herbsheet.php?id=3150&cat=13,India Flora Online - Crotalaria scabrella,"Sankara Rao, K. and Deepak Kumar (2026). India Flora Online, species treatment: Crotalaria scabrella.",A,university_herbarium_regional_flora_species_treatment,indiaflora-ces.iisc.ac.in,en,"Key identification features: Spreading undershrub, densely grey pubescent; corolla yellow; pod stalked",8ccd5900be3f8ca8d3b3e2423c1f6328394aad960cdfb714b4a46aa86b119102,49774819e7a0e987542c3a22211aa2d0870a61c0e7becff83a7d4645d2c0de33,accepted_name_exact,wild_or_species_level_statement_not_cultivar_limited,accept,true,true,true,false,,"Accepted after exact species identity, source page or original-study statement, trait-specific ontology, lineage and content fingerprint review; mapping retained only for flower_primary_color.",Codex source-backed rule-unlock wave-2 audit,2026-08-12T09:35:00Z
f7cceae1231f198db84d9bdf,Croton antanosiensis,flower_primary_color,white|yellow_orange|green_brown_inconspicuous,https://plantuse.plantnet.org/en/Croton_antanosiensis_(PROTA),Croton antanosiensis (PROTA),"Schmelzer, G.H., 2007. Croton antanosiensis Leandri. In: Schmelzer, G.H. & Gurib-Fakim, A. (Editors). PROTA (Plant Resources of Tropical Africa / Ressources végétales de l’Afrique tropicale), Wageningen, Netherlands.",A,expert_botanical_monograph_species_description,plantuse.plantnet.org,en,"Flowers unisexual, 5-merous, regular, white ; male flowers with pedicel up to 1.5 mm long, sepals triangular, yellowish brown, petals obovate to spoon-shaped, stamens 10–11, free, white",36cb1932cb087785932b5ba8d1d09ec8f4ac1c7417156f1362c3a8acce5dddbb,227a2968af4e631d724dfe23e3bd36302255679b6805ecdc57ac8a70495943cd,accepted_name_exact,wild_or_species_level_monograph_not_cultivar_limited,accept,true,true,true,false,,"Accepted after exact species identity, source page or original-study statement, trait-specific ontology, lineage and content fingerprint review; mapping retained only for flower_primary_color.",Codex source-backed rule-unlock wave-2 audit,2026-08-12T09:35:00Z
d42177983e47ac8892a7ece2,Croton aromaticus,floral_symmetry,actinomorphic,https://bfis.bforest.gov.bd/nef/index.php/data/dataSpecies/40,Forest Emission Factor Database - Croton aromaticus,"Bangladesh Forest Information System, Forest Emission Factor Database species record: Croton aromaticus",A,government_forest_database_species_record,bfis.bforest.gov.bd,en,Tree Species Details: Family Name: Euphorbiaceae; Genus: Croton; Species: Croton aromaticus; floral symmetry: actinomorphic.,ec97cc5ab2c548701060463adc3a71cadff2b8f4801753ee6dde073dcee73c70,967b4cd926dc57d9914d23d9b1dfc58657ae8dc6967e85e0e3191507e6eb5aa6,accepted_name_exact,wild_or_species_level_statement_not_cultivar_limited,accept,true,true,true,false,,"Accepted after exact species identity, source page or original-study statement, trait-specific ontology, lineage and content fingerprint review; mapping retained only for floral_symmetry.",Codex source-backed rule-unlock wave-2 audit,2026-08-12T09:35:00Z
5c8f345ba6bb99a54e320d93,Croton barorum,flower_primary_color,white,https://plantuse.plantnet.org/en/Croton_barorum_(PROTA),Croton barorum (PROTA),"Schmelzer, G.H., 2007. Croton barorum Leandri. In: Schmelzer, G.H. & Gurib-Fakim, A. (Editors). PROTA (Plant Resources of Tropical Africa / Ressources végétales de l’Afrique tropicale), Wageningen, Netherlands.",A,expert_botanical_monograph_species_description,plantuse.plantnet.org,en,"Flowers unisexual, 5-merous, white",7980dd2e6e02a34dea6167cc75893b120bbe96ad4ec3d794b1f0b18664ab385c,9bd1a7de993801a24b38c4c6794d29e8c1c339583c32a8cfe6ecab46afe4dbbe,accepted_name_exact,wild_or_species_level_monograph_not_cultivar_limited,accept,true,true,true,false,,"Accepted after exact species identity, source page or original-study statement, trait-specific ontology, lineage and content fingerprint review; mapping retained only for flower_primary_color.",Codex source-backed rule-unlock wave-2 audit,2026-08-12T09:35:00Z
1faa297eeb6d3853a868caea,Croton decaryi,flower_primary_color,white,https://plantuse.plantnet.org/en/Croton_decaryi_(PROTA),Croton decaryi (PROTA),"Schmelzer, G.H., 2007. Croton decaryi Leandri. In: Schmelzer, G.H. & Gurib-Fakim, A. (Editors). PROTA (Plant Resources of Tropical Africa / Ressources végétales de l’Afrique tropicale), Wageningen, Netherlands.",A,expert_botanical_monograph_species_description,plantuse.plantnet.org,en,"Flowers unisexual, 5-merous, regular, white",64ba525afea4d205eefc0fc734c9e5152f723545e69ed725cd93d68d590eda15,2871cee9000c2586c53935f8944f7088f08b3473b09627e38ca27453443ec497,accepted_name_exact,wild_or_species_level_monograph_not_cultivar_limited,accept,true,true,true,false,,"Accepted after exact species identity, source page or original-study statement, trait-specific ontology, lineage and content fingerprint review; mapping retained only for flower_primary_color.",Codex source-backed rule-unlock wave-2 audit,2026-08-12T09:35:00Z
9f2edc7f156c9c4566a22089,Croton joufra,floral_symmetry,actinomorphic,https://bfis.bforest.gov.bd/nef/index.php/data/dataSpecies/40,Forest Emission Factor Database - Croton joufra,"Bangladesh Forest Information System, Forest Emission Factor Database species record: Croton joufra",A,government_forest_database_species_record,bfis.bforest.gov.bd,en,Tree Species Details: Family Name: Euphorbiaceae; Genus: Croton; Species: Croton joufra; floral symmetry: actinomorphic.,09adff5e01358a3ad0c30544bc207e61047e0521967307e6cb1292dfdd63993b,694717757d905e3b05b54b67b10a29b52af4cf2554e121cd53a4e74b699dd87c,accepted_name_exact,wild_or_species_level_statement_not_cultivar_limited,accept,true,true,true,false,,"Accepted after exact species identity, source page or original-study statement, trait-specific ontology, lineage and content fingerprint review; mapping retained only for floral_symmetry.",Codex source-backed rule-unlock wave-2 audit,2026-08-12T09:35:00Z
62116d91b001bd09dc7dcd29,Croton joufra,flower_primary_color,yellow_orange,https://indiaflora-ces.iisc.ac.in/herbsheet.php?id=14444&cat=13,India Flora Online - Croton joufra,"Sankara Rao, K. and Deepak Kumar (2026). India Flora Online, species treatment: Croton joufra.",A,university_herbarium_regional_flora_species_treatment,indiaflora-ces.iisc.ac.in,en,"Key identification features: Tall shrubs or small trees; bark white or grayish white; Flowers in axillary or terminal racemes, yellow; Fruits a capsuIe.",04d4e9cf6ddf791a4a564e23373c5e77669a754daef8f089830b32175f52614f,e83b877f69a32dda6a2f547051bbf99e44c1eff8d23b00cd43c0da45e96f132b,accepted_name_exact,wild_or_species_level_statement_not_cultivar_limited,accept,true,true,true,false,,"Accepted after exact species identity, source page or original-study statement, trait-specific ontology, lineage and content fingerprint review; mapping retained only for flower_primary_color.",Codex source-backed rule-unlock wave-2 audit,2026-08-12T09:35:00Z
294daa29c04202527c640594,Croton mauritianus,flower_primary_color,white,https://plantuse.plantnet.org/en/Croton_mauritianus_(PROTA),Croton mauritianus (PROTA),"Schmelzer, G.H., 2007. Croton mauritianus Lam. In: Schmelzer, G.H. & Gurib-Fakim, A. (Editors). PROTA (Plant Resources of Tropical Africa / Ressources végétales de l’Afrique tropicale), Wageningen, Netherlands.",A,expert_botanical_monograph_species_description,plantuse.plantnet.org,en,"Flowers unisexual, regular, 5-merous, white",4556845fd4a7d5ddfcea0cf7a8f52bbb468e009de566fd529c0bc1e7dfd4d685,9e1b617535fddfaf0527afb14f05ec221c760fb2b7f2c54d56aa62dcbaf0c7d4,accepted_name_exact,wild_or_species_level_monograph_not_cultivar_limited,accept,true,true,true,false,,"Accepted after exact species identity, source page or original-study statement, trait-specific ontology, lineage and content fingerprint review; mapping retained only for flower_primary_color.",Codex source-backed rule-unlock wave-2 audit,2026-08-12T09:35:00Z
aff7b68548760dd2cded95f0,Croton megalocarpus,flower_primary_color,yellow_orange,https://plantuse.plantnet.org/en/Croton_megalocarpus_(PROTA),Croton megalocarpus (PROTA),"Maroyi, A., 2010. Croton megalocarpus Hutch. [Internet] Record from PROTA4U. Lemmens, R.H.M.J., Louppe, D. & Oteng-Amoako, A.A. (Editors). PROTA (Plant Resources of Tropical Africa / Ressources végétales de l’Afrique tropicale), Wageningen, Netherlands.",A,expert_botanical_monograph_species_description,plantuse.plantnet.org,en,"*Flowers unisexual, regular, 5-merous, yellowish",7b17af15549a011237948be8e76f8378987dcfdb9904d61bd4aa194586e9b011,8153f4a7b62caa4e66d24189c607aafc79f4f592dd13edd6c25880bb9ac1ae90,accepted_name_exact,wild_or_species_level_monograph_not_cultivar_limited,accept,true,true,true,false,,"Accepted after exact species identity, source page or original-study statement, trait-specific ontology, lineage and content fingerprint review; mapping retained only for flower_primary_color.",Codex source-backed rule-unlock wave-2 audit,2026-08-12T09:35:00Z
f42d69cf3a6cb858eba8ee83,Croton mongue,flower_primary_color,white|yellow_orange,https://plantuse.plantnet.org/en/Croton_mongue_(PROTA),Croton mongue (PROTA),"Lemmens, R.H.M.J. & Louppe, D., 2010. Croton mongue Baill. [Internet] Record from PROTA4U. Lemmens, R.H.M.J., Louppe, D. & Oteng-Amoako, A.A. (Editors). PROTA (Plant Resources of Tropical Africa / Ressources végétales de l’Afrique tropicale), Wageningen, Netherlands.",A,expert_botanical_monograph_species_description,plantuse.plantnet.org,en,"*Flowers unisexual, regular, 5-merous, yellowish to creamy white, with valvate sepals, imbricate petals and free disk glands",1502a01ff8b88621c2889970f51983a375186a1e80480a0c4574d44eb320bb68,5486ebbbec9d7cc93f915a420e654c48cd44757c493c343292b1e6b651185a83,accepted_name_exact,wild_or_species_level_monograph_not_cultivar_limited,accept,true,true,true,false,,"Accepted after exact species identity, source page or original-study statement, trait-specific ontology, lineage and content fingerprint review; mapping retained only for flower_primary_color.",Codex source-backed rule-unlock wave-2 audit,2026-08-12T09:35:00Z
ff352538e6e490defd578f6e,Croton nitidulus,flower_primary_color,red_pink|white|yellow_orange|green_brown_inconspicuous,https://plantuse.plantnet.org/en/Croton_nitidulus_(PROTA),Croton nitidulus (PROTA),"Schmelzer, G.H., 2007. Croton nitidulus Baker. In: Schmelzer, G.H. & Gurib-Fakim, A. (Editors). PROTA (Plant Resources of Tropical Africa / Ressources végétales de l’Afrique tropicale), Wageningen, Netherlands.",A,expert_botanical_monograph_species_description,plantuse.plantnet.org,en,"Flowers unisexual, regular, 5-merous, white to pale yellow ; male flowers with short pedicel, sepals whitish green, stamens 13–16, free ; 2 cm long, sepals enlarging in fruit, petals tiny, linear, ovary superior, 3-lobed, with reddish scales, 3-celled, styles 3, several times 2-fid at apex, orange.",c6aac2da81b7e3c98e539e2e93cf29c6e5115f4125dd9f2f1c8e16bb9a8f7055,0e0dd7fe4538f1fb146045770b8309cdc55f519c16c515e9938dbf3e9ec4b377,accepted_name_exact,wild_or_species_level_monograph_not_cultivar_limited,accept,true,true,true,false,,"Accepted after exact species identity, source page or original-study statement, trait-specific ontology, lineage and content fingerprint review; mapping retained only for flower_primary_color.",Codex source-backed rule-unlock wave-2 audit,2026-08-12T09:35:00Z
a40bb5de6221fd78007e9897,Croton tiglium,floral_symmetry,actinomorphic,https://bfis.bforest.gov.bd/nef/index.php/data/dataSpecies/40,Forest Emission Factor Database - Croton tiglium,"Bangladesh Forest Information System, Forest Emission Factor Database species record: Croton tiglium",A,government_forest_database_species_record,bfis.bforest.gov.bd,en,Tree Species Details: Family Name: Euphorbiaceae; Genus: Croton; Species: Croton tiglium; floral symmetry: actinomorphic.,3424f1602de1399ccd59caee4e43b57e042cc7dd1841bfc529f04222d365d517,12ff2f6d6fe514bfed04f1d215dc61e17c17e54db38ff1dddd24cecfe7bb8732,accepted_name_exact,wild_or_species_level_statement_not_cultivar_limited,accept,true,true,true,false,,"Accepted after exact species identity, source page or original-study statement, trait-specific ontology, lineage and content fingerprint review; mapping retained only for floral_symmetry.",Codex source-backed rule-unlock wave-2 audit,2026-08-12T09:35:00Z
f7263aa8e3fb2a211850cca3,Cryptochilus strictus,flower_primary_color,red_pink|white|yellow_orange,https://indiaflora-ces.iisc.ac.in/herbsheet.php?id=13371&cat=13,India Flora Online - Eria stricta,"Sankara Rao, K. and Deepak Kumar (2026). India Flora Online, species treatment: Eria stricta.",A,university_herbarium_regional_flora_species_treatment,indiaflora-ces.iisc.ac.in,en,"Key identification features: Epiphytes; Pseudobulbs crowded, cylindric; Leaves 2, oblong-elliptic, sessile; Flowers white flushed with pink, column yellow.",e12404c5af958c256f37502f909c2f7161532f19ff6b4b24b2bad8a71f501529,c5333bdfba5613483fe517486d788263047b9237830df359e4ab11c902f70942,exact_synonym,wild_or_species_level_statement_not_cultivar_limited,accept,true,true,true,false,,"Accepted after exact species identity, source page or original-study statement, trait-specific ontology, lineage and content fingerprint review; mapping retained only for flower_primary_color.",Codex source-backed rule-unlock wave-2 audit,2026-08-12T09:35:00Z
8bc040116e841f72c81001be,Cryptolepis elegans,flower_primary_color,yellow_orange,https://indiaflora-ces.iisc.ac.in/herbsheet.php?id=3217&cat=13,India Flora Online - Cryptolepis elegans,"Sankara Rao, K. and Deepak Kumar (2026). India Flora Online, species treatment: Cryptolepis elegans.",A,university_herbarium_regional_flora_species_treatment,indiaflora-ces.iisc.ac.in,en,"Key identification features: Slender climbers, glabrous; Leaves oblong, linear-oblong or lanceolate, obtuse at both ends or acuminate, glaucous beneath; Inflorescence axillary or terminal, lax, few-flowered cyme; Flowers yellow or pale yellow; Follicles slender, nearly straight; Seeds comose.",b8b1c63c31e5ba6a75c740fa5f410bb345d5ead3f957d5082e020d1a7a377068,a73fdbe3f260cecd2223b8a4482b5be341c58e57cd110ded85837761002e4c6e,accepted_name_exact,wild_or_species_level_statement_not_cultivar_limited,accept,true,true,true,false,,"Accepted after exact species identity, source page or original-study statement, trait-specific ontology, lineage and content fingerprint review; mapping retained only for flower_primary_color.",Codex source-backed rule-unlock wave-2 audit,2026-08-12T09:35:00Z
db10b64d537c4b1bb820ba9c,Cryptosepalum staudtii,flower_primary_color,white,https://plantuse.plantnet.org/en/Cryptosepalum_staudtii_(PROTA),Cryptosepalum staudtii (PROTA),"Cobbinah, J.R. & Obeng, E.A., 2011. Cryptosepalum staudtii Harms. [Internet] Record from PROTA4U. Lemmens, R.H.M.J., Louppe, D. & Oteng-Amoako, A.A. (Editors). PROTA (Plant Resources of Tropical Africa / Ressources végétales de l’Afrique tropicale), Wageningen, Netherlands.",A,expert_botanical_monograph_species_description,plantuse.plantnet.org,en,"*Flowers bisexual, zygomorphic, whitish, with 2 concave bracteoles 5–6 mm long, enclosing bud, persistent",90dc715785fb18bfd39dd3a55b9025d0c639b0e72c5ad5586230ce1e7cc48ba0,7927614ccbb9af7e18bf1bb1ed9d4e9eaa59fda7375ffc7e24bb44c351f02586,accepted_name_exact,wild_or_species_level_monograph_not_cultivar_limited,accept,true,true,true,false,,"Accepted after exact species identity, source page or original-study statement, trait-specific ontology, lineage and content fingerprint review; mapping retained only for flower_primary_color.",Codex source-backed rule-unlock wave-2 audit,2026-08-12T09:35:00Z
f35f5c9150bb73a886465c56,Curcuma amada,flower_primary_color,white|yellow_orange,https://indiaflora-ces.iisc.ac.in/herbsheet.php?id=3253&cat=13,India Flora Online - Curcuma amada,"Sankara Rao, K. and Deepak Kumar (2026). India Flora Online, species treatment: Curcuma amada.",A,university_herbarium_regional_flora_species_treatment,indiaflora-ces.iisc.ac.in,en,"Key identification features: Rhizomatous herbs, rhizome yellow; Leaves oblong or oblanceolate, puberulous above, glabrous beneath; Flowers on terminal leafy shoots; plume bract pinkish; flowering bracts whitish; corolla tubular; lip cream coloured with deep yellow center.",387f68e88da3f892743ac22ef9ac5681d63a82ef385e3ef69f524bf9b3776007,3b0f679644015c5ccd1897ec38b790ba2c97c3c270dc032f5ee18b97215aa044,accepted_name_exact,species_level_cultivated_record_not_cultivar_limited,accept,true,true,true,false,,"Accepted after exact species identity, source page or original-study statement, trait-specific ontology, lineage and content fingerprint review; mapping retained only for flower_primary_color.",Codex source-backed rule-unlock wave-2 audit,2026-08-12T09:35:00Z
7c331e8bbc9bf860a29c4ebc,Cussonia zimmermannii,flower_primary_color,white|green_brown_inconspicuous,https://plantuse.plantnet.org/en/Cussonia_zimmermannii_(PROTA),Cussonia zimmermannii (PROTA),"Lemmens, R.H.M.J., 2009. Cussonia zimmermannii Harms. [Internet] Record from PROTA4U. Lemmens, R.H.M.J., Louppe, D. & Oteng-Amoako, A.A. (Editors). PROTA (Plant Resources of Tropical Africa / Ressources végétales de l’Afrique tropicale), Wageningen, Netherlands.",A,expert_botanical_monograph_species_description,plantuse.plantnet.org,en,"*Flowers bisexual, regular, usually 5-merous, 4–8 mm in diameter, greenish white",528d29e0372cef861f96a2ac3167ee4b17b45bc077acfc8841200a47fdb0ceb2,baabe6f9a655fdee4f23644672699d345cb35e19d0236ea09f3bb7c3f76e1a0a,accepted_name_exact,wild_or_species_level_monograph_not_cultivar_limited,accept,true,true,true,false,,"Accepted after exact species identity, source page or original-study statement, trait-specific ontology, lineage and content fingerprint review; mapping retained only for flower_primary_color.",Codex source-backed rule-unlock wave-2 audit,2026-08-12T09:35:00Z
cc7ff504b782c26f6b7c34ad,Cyanotis thwaitesii,flower_primary_color,white,https://indiaflora-ces.iisc.ac.in/herbsheet.php?id=3305&cat=13,India Flora Online - Cyanotis thwaitesii,"Sankara Rao, K. and Deepak Kumar (2026). India Flora Online, species treatment: Cyanotis thwaitesii.",A,university_herbarium_regional_flora_species_treatment,indiaflora-ces.iisc.ac.in,en,"Key identification features: Annual herb; Flowers small, white, fragrant; Seeds small, dark brown, oval-shaped.",7e15f6642f00524bc018f9bcfb5223e5ff6c6b9dd146f32c110aed774f9bdf36,50d33b32b18757d826ab7443b53a7ac5f8a34e90f80003128d0e0a38bb1df78d,accepted_name_exact,wild_or_species_level_statement_not_cultivar_limited,accept,true,true,true,false,,"Accepted after exact species identity, source page or original-study statement, trait-specific ontology, lineage and content fingerprint review; mapping retained only for flower_primary_color.",Codex source-backed rule-unlock wave-2 audit,2026-08-12T09:35:00Z
5c6b67c04857f1b36ccaf6ce,Cyanotis tuberosa,flower_primary_color,blue_purple,https://indiaflora-ces.iisc.ac.in/herbsheet.php?id=3306&cat=13,India Flora Online - Cyanotis tuberosa,"Sankara Rao, K. and Deepak Kumar (2026). India Flora Online, species treatment: Cyanotis tuberosa.",A,university_herbarium_regional_flora_species_treatment,indiaflora-ces.iisc.ac.in,en,"Key identification features: Succulent herb; Stalkless, sheathed leaves; Flowers bluish purple, in cymes, yellow anthers.",85141e3d46c55de9227373d1a6b03ea8d783aa7b05fb9a2e041ad5e816e5be2a,88a25c826fd0d5a2177fa2a147e6502423c4033e72c7949bc4ef1159af984053,accepted_name_exact,wild_or_species_level_statement_not_cultivar_limited,accept,true,true,true,false,,"Accepted after exact species identity, source page or original-study statement, trait-specific ontology, lineage and content fingerprint review; mapping retained only for flower_primary_color.",Codex source-backed rule-unlock wave-2 audit,2026-08-12T09:35:00Z
80f25ceb53c8d1d253d084a3,Cyanotis tuberosa,inflorescence_display,umbel_corymb,https://indiaflora-ces.iisc.ac.in/herbsheet.php?id=3306&cat=13,India Flora Online - Cyanotis tuberosa,"Sankara Rao, K. and Deepak Kumar (2026). India Flora Online, species treatment: Cyanotis tuberosa.",A,university_herbarium_regional_flora_species_treatment,indiaflora-ces.iisc.ac.in,en,"Key identification features: Succulent herb; Stalkless, sheathed leaves; Flowers bluish purple, in cymes, yellow anthers.",85141e3d46c55de9227373d1a6b03ea8d783aa7b05fb9a2e041ad5e816e5be2a,88a25c826fd0d5a2177fa2a147e6502423c4033e72c7949bc4ef1159af984053,accepted_name_exact,wild_or_species_level_statement_not_cultivar_limited,accept,true,true,true,false,,"Accepted after exact species identity, source page or original-study statement, trait-specific ontology, lineage and content fingerprint review; mapping retained only for inflorescence_display.",Codex source-backed rule-unlock wave-2 audit,2026-08-12T09:35:00Z
8a8c58bdd3d0046f37134ae5,Cyanotis vaga,inflorescence_display,umbel_corymb,https://indiaflora-ces.iisc.ac.in/herbsheet.php?id=3308&cat=13,India Flora Online - Cyanotis vaga,"Sankara Rao, K. and Deepak Kumar (2026). India Flora Online, species treatment: Cyanotis vaga.",A,university_herbarium_regional_flora_species_treatment,indiaflora-ces.iisc.ac.in,en,"Key identification features: Perennial, bulbiferous, creeping herbs; Stems floccosely silky; Leaves linear or oblong-lanceolate; Flowers blue in sessile, axillary and terminal cymes; Capsules subquadrate, oblong.",c33b2baada39ef06650666baaed5ea48579c50868a7c5c1c36d4714abe0a0d8c,f75839c875c00994bbfa7e7e695953cb381b3c5306a8c4e55767d0fd9a4f9a7e,accepted_name_exact,wild_or_species_level_statement_not_cultivar_limited,accept,true,true,true,false,,"Accepted after exact species identity, source page or original-study statement, trait-specific ontology, lineage and content fingerprint review; mapping retained only for inflorescence_display.",Codex source-backed rule-unlock wave-2 audit,2026-08-12T09:35:00Z
830ab6ba32b2c56290f9b3f6,Cynometra madagascariensis,flower_primary_color,white,https://plantuse.plantnet.org/en/Cynometra_madagascariensis_(PROTA),Cynometra madagascariensis (PROTA),"Lemmens, R.H.M.J., 2011. Cynometra madagascariensis Baill. [Internet] Record from PROTA4U. Lemmens, R.H.M.J., Louppe, D. & Oteng-Amoako, A.A. (Editors). PROTA (Plant Resources of Tropical Africa / Ressources végétales de l’Afrique tropicale), Wageningen, Netherlands.",A,expert_botanical_monograph_species_description,plantuse.plantnet.org,en,"*Flowers bisexual, nearly regular, whitish",241c5a4bec7d2a53a5539a3772f5b4033edc376cd1300286a1045115e8f26039,87b978195f31a37529493409984c72292fd0ba68032bd5f723240cca1527d4c6,accepted_name_exact,wild_or_species_level_monograph_not_cultivar_limited,accept,true,true,true,false,,"Accepted after exact species identity, source page or original-study statement, trait-specific ontology, lineage and content fingerprint review; mapping retained only for flower_primary_color.",Codex source-backed rule-unlock wave-2 audit,2026-08-12T09:35:00Z
b9e35e867445b92aee5c28e4,Cyperus elegans,autonomous_selfing_capacity,autonomous,https://pmc.ncbi.nlm.nih.gov/articles/PMC3489146/,Pollination patterns and plant breeding systems in the Galapagos: a review,"Traveset et al. (2013), Annals of Botany 111:391-404, Table 1, DOI 10.1093/aob/mcs132",B,peer_reviewed_species_level_breeding_system_compilation,pmc.ncbi.nlm.nih.gov,en,"Table 1, Cyperus elegans: Autonomously self-pollinates: Yes; Self-compatible: Yes; References: 4, 6. The table footnote identifies the numbered original studies used for each species.",7aea4f062f2a03241ba31a8525237668be782ab10f6bcafa1e468265d7477f7a,013166ce665bea004de3b59bacf98a1791080c0c3400c349b5563bb0ad49eece,accepted_name_exact,wild_or_species_level_statement_not_cultivar_limited,accept,true,true,true,false,,"Accepted after exact species identity, source page or original-study statement, trait-specific ontology, lineage and content fingerprint review; mapping retained only for autonomous_selfing_capacity.",Codex source-backed rule-unlock wave-2 audit,2026-08-12T09:35:00Z
db791e5aa76016d8c664008d,Dais cotinifolia,floral_symmetry,actinomorphic,https://plantuse.plantnet.org/en/Dais_cotinifolia_(PROTA),Dais cotinifolia (PROTA),"Brink, M., 2009. Dais cotinifolia L. [Internet] Record from PROTA4U. Brink, M. & Achigan-Dako, E.G. (Editors). PROTA (Plant Resources of Tropical Africa / Ressources végétales de l’Afrique tropicale), Wageningen, Netherlands.",A,expert_botanical_monograph_species_description,plantuse.plantnet.org,en,"Flowers bisexual, regular, lilac, pink or white, fragrant",a3420719b4e77020071a16bbb31e88af769c7b8696b8714b131e13467b43270a,980e066ef04c3050e241f97f23d7653bb90eefb4927ee35019c7e17034467adc,accepted_name_exact,wild_or_species_level_monograph_not_cultivar_limited,accept,true,true,true,false,,"Accepted after exact species identity, source page or original-study statement, trait-specific ontology, lineage and content fingerprint review; mapping retained only for floral_symmetry.",Codex source-backed rule-unlock wave-2 audit,2026-08-12T09:35:00Z
f3afe6ef20cd15db8f5e4fa0,Dais cotinifolia,inflorescence_display,composite_display,https://plantuse.plantnet.org/en/Dais_cotinifolia_(PROTA),Dais cotinifolia (PROTA),"Brink, M., 2009. Dais cotinifolia L. [Internet] Record from PROTA4U. Brink, M. & Achigan-Dako, E.G. (Editors). PROTA (Plant Resources of Tropical Africa / Ressources végétales de l’Afrique tropicale), Wageningen, Netherlands.",A,expert_botanical_monograph_species_description,plantuse.plantnet.org,en,"Inflorescence a dense terminal head up to 4 cm in diameter, 20–60-flowered",06ecb0ed473bb9782acb087270c20a9d429b701c688f3a175f9bf4dcfe61cb01,092bb33a63fc7004ed365803d44bed286ab6a98ae8396d82b48a7af8dbf27766,accepted_name_exact,wild_or_species_level_monograph_not_cultivar_limited,accept,true,true,true,false,,"Accepted after exact species identity, source page or original-study statement, trait-specific ontology, lineage and content fingerprint review; mapping retained only for inflorescence_display.",Codex source-backed rule-unlock wave-2 audit,2026-08-12T09:35:00Z
9a07dfffb581cefabaa03bba,Dais glaucescens,floral_symmetry,actinomorphic,https://plantuse.plantnet.org/en/Dais_glaucescens_(PROTA),Dais glaucescens (PROTA),"Brink, M., 2009. Dais glaucescens Decne. ex C.A.Mey. [Internet] Record from PROTA4U. Brink, M. & Achigan-Dako, E.G. (Editors). PROTA (Plant Resources of Tropical Africa / Ressources végétales de l’Afrique tropicale), Wageningen, Netherlands.",A,expert_botanical_monograph_species_description,plantuse.plantnet.org,en,"Flowers bisexual, regular, 15–18 mm long, white hairy, orange to yellow-orange",17379e40ac1349975f97a28095c965e0d04ba1213b8e785acfc4c083e3d9f5c5,d64393526c6c7a900e2457060fc5ffa5ef4512fdd7e7fc434769188288778ba2,accepted_name_exact,wild_or_species_level_monograph_not_cultivar_limited,accept,true,true,true,false,,"Accepted after exact species identity, source page or original-study statement, trait-specific ontology, lineage and content fingerprint review; mapping retained only for floral_symmetry.",Codex source-backed rule-unlock wave-2 audit,2026-08-12T09:35:00Z
8e17d00c098598c845a90fc2,Dais glaucescens,flower_primary_color,white|yellow_orange,https://plantuse.plantnet.org/en/Dais_glaucescens_(PROTA),Dais glaucescens (PROTA),"Brink, M., 2009. Dais glaucescens Decne. ex C.A.Mey. [Internet] Record from PROTA4U. Brink, M. & Achigan-Dako, E.G. (Editors). PROTA (Plant Resources of Tropical Africa / Ressources végétales de l’Afrique tropicale), Wageningen, Netherlands.",A,expert_botanical_monograph_species_description,plantuse.plantnet.org,en,"Flowers bisexual, regular, 15–18 mm long, white hairy, orange to yellow-orange",17379e40ac1349975f97a28095c965e0d04ba1213b8e785acfc4c083e3d9f5c5,d64393526c6c7a900e2457060fc5ffa5ef4512fdd7e7fc434769188288778ba2,accepted_name_exact,wild_or_species_level_monograph_not_cultivar_limited,accept,true,true,true,false,,"Accepted after exact species identity, source page or original-study statement, trait-specific ontology, lineage and content fingerprint review; mapping retained only for flower_primary_color.",Codex source-backed rule-unlock wave-2 audit,2026-08-12T09:35:00Z
ca8909f77de03cea456f463e,Dais glaucescens,inflorescence_display,composite_display,https://plantuse.plantnet.org/en/Dais_glaucescens_(PROTA),Dais glaucescens (PROTA),"Brink, M., 2009. Dais glaucescens Decne. ex C.A.Mey. [Internet] Record from PROTA4U. Brink, M. & Achigan-Dako, E.G. (Editors). PROTA (Plant Resources of Tropical Africa / Ressources végétales de l’Afrique tropicale), Wageningen, Netherlands.",A,expert_botanical_monograph_species_description,plantuse.plantnet.org,en,"Inflorescence a dense head, 10–12-flowered",0b9642e57eb4677ce0da6e90c228fb0fd9ce55d38741237b5f1997cf20840f2b,76c97e82361cf70115f1b7622578ffc37d83dfcf10192f9ae6e07b204cdb7b43,accepted_name_exact,wild_or_species_level_monograph_not_cultivar_limited,accept,true,true,true,false,,"Accepted after exact species identity, source page or original-study statement, trait-specific ontology, lineage and content fingerprint review; mapping retained only for inflorescence_display.",Codex source-backed rule-unlock wave-2 audit,2026-08-12T09:35:00Z
9e58c87566a74f2bfeb832d3,Dalbergia chapelieri,flower_primary_color,red_pink|white,https://plantuse.plantnet.org/en/Dalbergia_chapelieri_(PROTA),Dalbergia chapelieri (PROTA),"Lemmens, R.H.M.J., 2007. Dalbergia chapelieri Baill. In: Louppe, D., Oteng-Amoako, A.A. & Brink, M. (Editors). PROTA (Plant Resources of Tropical Africa / Ressources végétales de l’Afrique tropicale), Wageningen, Netherlands.",A,expert_botanical_monograph_species_description,plantuse.plantnet.org,en,"corolla whitish, often reddish tinged, with broadly elliptical standard and clawed wings and keel",8b48094ef71dd50d1d3e6d8f27af86aab6d8c8ab8554bf7c34b584a95d4fd2cf,3c340c3cf3ac15f2ef264d8197e13e9d44c046f15eb5b3e5d98e2c50fb682c95,accepted_name_exact,wild_or_species_level_monograph_not_cultivar_limited,accept,true,true,true,false,,"Accepted after exact species identity, source page or original-study statement, trait-specific ontology, lineage and content fingerprint review; mapping retained only for flower_primary_color.",Codex source-backed rule-unlock wave-2 audit,2026-08-12T09:35:00Z
c0c26ef7f9662776192065ec,Dalbergia chlorocarpa,flower_primary_color,white,https://plantuse.plantnet.org/en/Dalbergia_chlorocarpa_(PROTA),Dalbergia chlorocarpa (PROTA),"Lemmens, R.H.M.J., 2007. Dalbergia chlorocarpa R.Vig. In: Louppe, D., Oteng-Amoako, A.A. & Brink, M. (Editors). PROTA (Plant Resources of Tropical Africa / Ressources végétales de l’Afrique tropicale), Wageningen, Netherlands.",A,expert_botanical_monograph_species_description,plantuse.plantnet.org,en,"corolla whitish, with broadly obovate to violin-shaped standard and clawed wings and keel",6783804056f1bfce742b72ed3d293eb2af12ac8b2843823ab42b39e415e790ef,a47913d0d230d9f90a0ceff5049f1666cbb1aa758637e71ef4a910013430181d,accepted_name_exact,wild_or_species_level_monograph_not_cultivar_limited,accept,true,true,true,false,,"Accepted after exact species identity, source page or original-study statement, trait-specific ontology, lineage and content fingerprint review; mapping retained only for flower_primary_color.",Codex source-backed rule-unlock wave-2 audit,2026-08-12T09:35:00Z
4f2e4b09caa424ba002b6bc2,Dalbergia greveana,flower_primary_color,white,https://plantuse.plantnet.org/en/Dalbergia_greveana_(PROTA),Dalbergia greveana (PROTA),"Lemmens, R.H.M.J., 2007. Dalbergia greveana Baill. In: Louppe, D., Oteng-Amoako, A.A. & Brink, M. (Editors). PROTA (Plant Resources of Tropical Africa / Ressources végétales de l’Afrique tropicale), Wageningen, Netherlands.",A,expert_botanical_monograph_species_description,plantuse.plantnet.org,en,"corolla whitish becoming cream-coloured, with broadly obovate to violin-shaped standard and clawed wings and keel",207a5e5d9a4c5badae38f61c26c41b1f6597341aee00a0e7bda5fd69f50822e6,2878ca846521d6d3ff1520cf356f1cdec3bdb468bf258d015637dac22587c565,accepted_name_exact,wild_or_species_level_monograph_not_cultivar_limited,accept,true,true,true,false,,"Accepted after exact species identity, source page or original-study statement, trait-specific ontology, lineage and content fingerprint review; mapping retained only for flower_primary_color.",Codex source-backed rule-unlock wave-2 audit,2026-08-12T09:35:00Z
fa08619d5806f60f8cb1dc94,Dalbergia hildebrandtii,flower_primary_color,white,https://plantuse.plantnet.org/en/Dalbergia_hildebrandtii_(PROTA),Dalbergia hildebrandtii (PROTA),"Lemmens, R.H.M.J., 2007. Dalbergia hildebrandtii Vatke. In: Louppe, D., Oteng-Amoako, A.A. & Brink, M. (Editors). PROTA (Plant Resources of Tropical Africa / Ressources végétales de l’Afrique tropicale), Wageningen, Netherlands.",A,expert_botanical_monograph_species_description,plantuse.plantnet.org,en,"corolla whitish, with broadly obovate to violin-shaped standard and clawed wings and keel",6783804056f1bfce742b72ed3d293eb2af12ac8b2843823ab42b39e415e790ef,1cddce2b155d97fe260ff2a3b8db4054b6622a37294ddffc625580fbe5b0f603,accepted_name_exact,wild_or_species_level_monograph_not_cultivar_limited,accept,true,true,true,false,,"Accepted after exact species identity, source page or original-study statement, trait-specific ontology, lineage and content fingerprint review; mapping retained only for flower_primary_color.",Codex source-backed rule-unlock wave-2 audit,2026-08-12T09:35:00Z
37526b0a4cd8e6997fb07bd6,Dalbergia louvelii,flower_primary_color,white,https://plantuse.plantnet.org/en/Dalbergia_louvelii_(PROTA),Dalbergia louvelii (PROTA),"Lemmens, R.H.M.J., 2007. Dalbergia louvelii R.Vig. [Internet] Record from PROTA4U. Louppe, D., Oteng-Amoako, A.A. & Brink, M. (Editors). PROTA (Plant Resources of Tropical Africa / Ressources végétales de l’Afrique tropicale), Wageningen, Netherlands.",A,expert_botanical_monograph_species_description,plantuse.plantnet.org,en,"corolla whitish, with almost circular standard and clawed wings and keel",a85e6934dfcd819136bb608b387c635126b46ff1555acf68417eb651e1222d26,12af678b857a979de38c9f06e76b132522adfa2b1776049f93f6127a5c7e0cc7,accepted_name_exact,wild_or_species_level_monograph_not_cultivar_limited,accept,true,true,true,false,,"Accepted after exact species identity, source page or original-study statement, trait-specific ontology, lineage and content fingerprint review; mapping retained only for flower_primary_color.",Codex source-backed rule-unlock wave-2 audit,2026-08-12T09:35:00Z
6a727b58c2ca163544db2d80,Dalbergia madagascariensis,flower_primary_color,white,https://plantuse.plantnet.org/en/Dalbergia_madagascariensis_(PROTA),Dalbergia madagascariensis (PROTA),"Lemmens, R.H.M.J., 2007. Dalbergia madagascariensis Vatke. In: Louppe, D., Oteng-Amoako, A.A. & Brink, M. (Editors). PROTA (Plant Resources of Tropical Africa / Ressources végétales de l’Afrique tropicale), Wageningen, Netherlands.",A,expert_botanical_monograph_species_description,plantuse.plantnet.org,en,"corolla whitish, with broadly obovate to violin-shaped standard and clawed wings and keel",6783804056f1bfce742b72ed3d293eb2af12ac8b2843823ab42b39e415e790ef,1a5512e24480c5c6c423343b435c99cb6c3471b50ace60b6d96f19cb9048658f,accepted_name_exact,wild_or_species_level_monograph_not_cultivar_limited,accept,true,true,true,false,,"Accepted after exact species identity, source page or original-study statement, trait-specific ontology, lineage and content fingerprint review; mapping retained only for flower_primary_color.",Codex source-backed rule-unlock wave-2 audit,2026-08-12T09:35:00Z
cbd571b41551c50b563f27d6,Dalbergia purpurascens,flower_primary_color,white,https://plantuse.plantnet.org/en/Dalbergia_purpurascens_(PROTA),Dalbergia purpurascens (PROTA),"Lemmens, R.H.M.J., 2008. Dalbergia purpurascens Baill. In: Louppe, D., Oteng-Amoako, A.A. & Brink, M. (Editors). PROTA (Plant Resources of Tropical Africa / Ressources végétales de l’Afrique tropicale), Wageningen, Netherlands.",A,expert_botanical_monograph_species_description,plantuse.plantnet.org,en,"corolla whitish, with broadly obovate to violin-shaped standard and clawed wings and keel",6783804056f1bfce742b72ed3d293eb2af12ac8b2843823ab42b39e415e790ef,83874d62315d903123bee54cdea720875b3391b445a226b13544b7deba6e4150,accepted_name_exact,wild_or_species_level_monograph_not_cultivar_limited,accept,true,true,true,false,,"Accepted after exact species identity, source page or original-study statement, trait-specific ontology, lineage and content fingerprint review; mapping retained only for flower_primary_color.",Codex source-backed rule-unlock wave-2 audit,2026-08-12T09:35:00Z
c9a77d7f6687ceec60492bb9,Dalbergia trichocarpa,flower_primary_color,white|yellow_orange,https://plantuse.plantnet.org/en/Dalbergia_trichocarpa_(PROTA),Dalbergia trichocarpa (PROTA),"Lemmens, R.H.M.J., 2008. Dalbergia trichocarpa Baker. In: Louppe, D., Oteng-Amoako, A.A. & Brink, M. (Editors). PROTA (Plant Resources of Tropical Africa / Ressources végétales de l’Afrique tropicale), Wageningen, Netherlands.",A,expert_botanical_monograph_species_description,plantuse.plantnet.org,en,"corolla whitish to creamy-yellow, with broadly obovate to violin-shaped standard and slightly clawed wings and keel",478518290d9c8c5ff097003e9fb322699c9a74354710099ebe48e87b6df64477,516608b19d80cb7d01f5146027f14e975d5badabdeaa71cf6580d65788ce3d1c,accepted_name_exact,wild_or_species_level_monograph_not_cultivar_limited,accept,true,true,true,false,,"Accepted after exact species identity, source page or original-study statement, trait-specific ontology, lineage and content fingerprint review; mapping retained only for flower_primary_color.",Codex source-backed rule-unlock wave-2 audit,2026-08-12T09:35:00Z
58f741d788ea448d5682e703,Dalechampia indica,flower_primary_color,green_brown_inconspicuous|yellow_orange,https://indiaflora-ces.iisc.ac.in/herbsheet.php?id=3547&cat=13,India Flora Online - Dalechampia indica,"Sankara Rao, K. and Deepak Kumar (2026). India Flora Online, species treatment: Dalechampia indica.",A,university_herbarium_regional_flora_species_treatment,indiaflora-ces.iisc.ac.in,en,Key identification features: Flowers yellowish-green; Fruit with stinging hairs.,8a39015f87b02186b19013bc12988899b2adc5f6e9864709426022336133b49d,c7309819064e42e3bf0fe72864d24c2e0754a1f16c6addd41eb52d328cf37108,accepted_name_exact,wild_or_species_level_statement_not_cultivar_limited,accept,true,true,true,false,,"Accepted after exact species identity, source page or original-study statement, trait-specific ontology, lineage and content fingerprint review; mapping retained only for flower_primary_color.",Codex source-backed rule-unlock wave-2 audit,2026-08-12T09:35:00Z
6709ddfc5effb6bbba228ec8,Danais ligustrifolia,flower_primary_color,white|yellow_orange|green_brown_inconspicuous,https://plantuse.plantnet.org/en/Danais_ligustrifolia_(PROTA),Danais ligustrifolia (PROTA),"Jansen, P.C.M., 2005. Danais ligustrifolia Baker. In: Jansen, P.C.M. & Cardon, D. (Editors). PROTA (Plant Resources of Tropical Africa / Ressources végétales de l’Afrique tropicale), Wageningen, Netherlands.",A,expert_botanical_monograph_species_description,plantuse.plantnet.org,en,"corolla tubular, tube funnel-shaped, up to 4.5 mm long, greenish white, hairy in throat, lobes oblong, up to 2 mm long, yellow-orange",636366efdb66750d146c8f290bdaaf4c24662776a10d59a0b267b913007d2a6e,c77f8e4d83c760361a20d6a9e1427c5c13e9bb31f6631c99d15b6472f9d84ed6,accepted_name_exact,wild_or_species_level_monograph_not_cultivar_limited,accept,true,true,true,false,,"Accepted after exact species identity, source page or original-study statement, trait-specific ontology, lineage and content fingerprint review; mapping retained only for flower_primary_color.",Codex source-backed rule-unlock wave-2 audit,2026-08-12T09:35:00Z
a29cf57f7500db239a1b4a5e,Daphniphyllum neilgherrense,flower_primary_color,green_brown_inconspicuous|yellow_orange,https://indiaflora-ces.iisc.ac.in/herbsheet.php?id=3562&cat=13,India Flora Online - Daphniphyllum neilgherrense,"Sankara Rao, K. and Deepak Kumar (2026). India Flora Online, species treatment: Daphniphyllum neilgherrense.",A,university_herbarium_regional_flora_species_treatment,indiaflora-ces.iisc.ac.in,en,"Key identification features: Flowers yellowish-green; Fruit greenish-red, woody.",76846c13dcd0292fbd6fc0b64789c276b2cd9bf799296c75dfcac23741d8261d,aa830bc9abc349203a386f61bc2d15f9a50e3b4afb9367d6346ebfb51a085d72,accepted_name_exact,wild_or_species_level_statement_not_cultivar_limited,accept,true,true,true,false,,"Accepted after exact species identity, source page or original-study statement, trait-specific ontology, lineage and content fingerprint review; mapping retained only for flower_primary_color.",Codex source-backed rule-unlock wave-2 audit,2026-08-12T09:35:00Z
4a20ebeb55b288b709c9a493,Daucus montanus,autonomous_selfing_capacity,autonomous,https://ri.conicet.gov.ar/bitstream/handle/11336/101699/CONICET_Digital_Nro.1d9c31b9-4e1f-43ee-8b63-5314c600dc71_A.pdf?sequence=2,Reproductive behavior of the wild carrots Daucus pusillus and Daucus montanus from Argentina,"Ibañez, M.S. & Camadro, E.L. (2015), Botany 93:279-286, DOI 10.1139/cjb-2014-0243",A,peer_reviewed_primary_bagging_experiment,ri.conicet.gov.ar,en,"Daucus montanus. In all enclosed inflorescences of both wild species, normal seeds were formed in 90% to 100% of the individual flowers, an indication that they are self-compatible. Because pollinating insects were excluded, the authors postulated that D. montanus is autogamous as well.",67fb087dc2af213e0cfe044bf0f23cb66d9876f0e2a922aeaa52727a2950bdf7,5419f72e6b9a7a3772411243ecf58145d5da3b85964daf48a8fd3fe68011da2f,accepted_name_exact,wild_or_species_level_statement_not_cultivar_limited,accept,true,true,true,false,,"Accepted after exact species identity, source page or original-study statement, trait-specific ontology, lineage and content fingerprint review; mapping retained only for autonomous_selfing_capacity.",Codex source-backed rule-unlock wave-2 audit,2026-08-12T09:35:00Z
90fb14b213cb22e28df20926,Daucus montanus,self_incompatibility,SC,https://ri.conicet.gov.ar/bitstream/handle/11336/101699/CONICET_Digital_Nro.1d9c31b9-4e1f-43ee-8b63-5314c600dc71_A.pdf?sequence=2,Reproductive behavior of the wild carrots Daucus pusillus and Daucus montanus from Argentina,"Ibañez, M.S. & Camadro, E.L. (2015), Botany 93:279-286, DOI 10.1139/cjb-2014-0243",A,peer_reviewed_primary_bagging_experiment,ri.conicet.gov.ar,en,"Daucus montanus. In all enclosed inflorescences of both wild species, normal seeds were formed in 90% to 100% of the individual flowers, an indication that they are self-compatible. Because pollinating insects were excluded, the authors postulated that D. montanus is autogamous as well.",67fb087dc2af213e0cfe044bf0f23cb66d9876f0e2a922aeaa52727a2950bdf7,5419f72e6b9a7a3772411243ecf58145d5da3b85964daf48a8fd3fe68011da2f,accepted_name_exact,wild_or_species_level_statement_not_cultivar_limited,accept,true,true,true,false,,"Accepted after exact species identity, source page or original-study statement, trait-specific ontology, lineage and content fingerprint review; mapping retained only for self_incompatibility.",Codex source-backed rule-unlock wave-2 audit,2026-08-12T09:35:00Z
b6adf7f70dd72366f2fd6ded,Decalobanthus mammosus,flower_primary_color,white,https://indiaflora-ces.iisc.ac.in/herbsheet.php?id=14451&cat=13,India Flora Online - Merremia mammosa,"Sankara Rao, K. and Deepak Kumar (2026). India Flora Online, species treatment: Merremia mammosa.",A,university_herbarium_regional_flora_species_treatment,indiaflora-ces.iisc.ac.in,en,"Key identification features: Large twiners on tall trees; younger parts hairy; Leaves ovate, cordate; Flowers in axillary, corymbose cymes, white; Capsules globose.",c09f59b55af704ce90bcaf2cca9ae2a3befa39296fc66c84e41d46b0b98211d3,c8b6d0a28d98ac9d935f87d4bb77afbdcab62c796f844399a501bab0be9d8823,exact_synonym,wild_or_species_level_statement_not_cultivar_limited,accept,true,true,true,false,,"Accepted after exact species identity, source page or original-study statement, trait-specific ontology, lineage and content fingerprint review; mapping retained only for flower_primary_color.",Codex source-backed rule-unlock wave-2 audit,2026-08-12T09:35:00Z
150cfc25d4b7baf7708d12da,Decaneuropsis vagans,inflorescence_display,raceme_spike_panicle,https://indiaflora-ces.iisc.ac.in/herbsheet.php?id=13741&cat=13,India Flora Online - Vernonia vagans,"Sankara Rao, K. and Deepak Kumar (2026). India Flora Online, species treatment: Vernonia vagans.",A,university_herbarium_regional_flora_species_treatment,indiaflora-ces.iisc.ac.in,en,"Key identification features: Rambling, woody climbers, with terete-striate, angulate, sparsely pubescent branches; Leaves petioled, elliptic-lanceolate, ovate, acute, cuneate or acute at base, margins quite entire, glabrous or sparsely puberulous on both surfaces; Heads 5-10 flowered, in terminal, leafy panicles; Involucral bracts few-seriate, linear-lanceolate or ovate, acute, obtuse, glabrous outside, with scarious margins; Florets white; Achenes 10-ribbed, compressed, glandular-pilose or glabrous; Pappus red, outer hairs few, paleaceous, deciduous.",e04b797279ee63184a4e1a37c07104289373997cd1c5547ab29394703eaf7037,3336344a015417cfb8964c47e83b9e8389005f073fb0887ab85bea5583240f4d,exact_synonym,wild_or_species_level_statement_not_cultivar_limited,accept,true,true,true,false,,"Accepted after exact species identity, source page or original-study statement, trait-specific ontology, lineage and content fingerprint review; mapping retained only for inflorescence_display.",Codex source-backed rule-unlock wave-2 audit,2026-08-12T09:35:00Z
0f1c96843bc438a16a65889a,Decaspermum fruticosum,flower_primary_color,white,https://indiaflora-ces.iisc.ac.in/herbsheet.php?id=13048&cat=13,India Flora Online - Decaspermum fruticosum,"Sankara Rao, K. and Deepak Kumar (2026). India Flora Online, species treatment: Decaspermum fruticosum.",A,university_herbarium_regional_flora_species_treatment,indiaflora-ces.iisc.ac.in,en,"Key identification features: Trees or subscandent shrubs, 6-12 m high; younger parts silky pubescent; Leaves elliptic-Ianceolate or oblong, acuminate; Flowers white in paniculate cymes; Berries globose with persistent calyx.",4cad4c49871a6340adf379d48cbd6365b9c91f2bf1f4b45560e991b959dcaa50,fb75163416a72e2a0163abebf87a50bb367c38b9f76d6fe0b44db40e2e55b0b4,accepted_name_exact,wild_or_species_level_statement_not_cultivar_limited,accept,true,true,true,false,,"Accepted after exact species identity, source page or original-study statement, trait-specific ontology, lineage and content fingerprint review; mapping retained only for flower_primary_color.",Codex source-backed rule-unlock wave-2 audit,2026-08-12T09:35:00Z
9f61359f67a323b40427e520,Decaspermum fruticosum,inflorescence_display,raceme_spike_panicle|umbel_corymb,https://indiaflora-ces.iisc.ac.in/herbsheet.php?id=13048&cat=13,India Flora Online - Decaspermum fruticosum,"Sankara Rao, K. and Deepak Kumar (2026). India Flora Online, species treatment: Decaspermum fruticosum.",A,university_herbarium_regional_flora_species_treatment,indiaflora-ces.iisc.ac.in,en,"Key identification features: Trees or subscandent shrubs, 6-12 m high; younger parts silky pubescent; Leaves elliptic-Ianceolate or oblong, acuminate; Flowers white in paniculate cymes; Berries globose with persistent calyx.",4cad4c49871a6340adf379d48cbd6365b9c91f2bf1f4b45560e991b959dcaa50,fb75163416a72e2a0163abebf87a50bb367c38b9f76d6fe0b44db40e2e55b0b4,accepted_name_exact,wild_or_species_level_statement_not_cultivar_limited,accept,true,true,true,false,,"Accepted after exact species identity, source page or original-study statement, trait-specific ontology, lineage and content fingerprint review; mapping retained only for inflorescence_display.",Codex source-backed rule-unlock wave-2 audit,2026-08-12T09:35:00Z
6bd1fe213f3b63d634083926,Dendrobium acinaciforme,flower_primary_color,white|yellow_orange,https://indiaflora-ces.iisc.ac.in/herbsheet.php?id=13797&cat=13,India Flora Online - Dendrobium acinaciforme,"Sankara Rao, K. and Deepak Kumar (2026). India Flora Online, species treatment: Dendrobium acinaciforme.",A,university_herbarium_regional_flora_species_treatment,indiaflora-ces.iisc.ac.in,en,"Key identification features: Epiphytic herbs upto 1 m high; Leaves lanceolate; Flowers in raceme, yellowish-white; Lip cuneate.",cca102028ea9b441747c952e9a201674e34ddb41c01df8bc192807b57353e503,4bc03b77d417225328b870f9422f88c3d4da7acac59affd0efae24d30cfd9a0f,accepted_name_exact,wild_or_species_level_statement_not_cultivar_limited,accept,true,true,true,false,,"Accepted after exact species identity, source page or original-study statement, trait-specific ontology, lineage and content fingerprint review; mapping retained only for flower_primary_color.",Codex source-backed rule-unlock wave-2 audit,2026-08-12T09:35:00Z
3675c3f683b5b5c3631aec0a,Dendrobium cumulatum,flower_primary_color,blue_purple,https://indiaflora-ces.iisc.ac.in/herbsheet.php?id=13343&cat=13,India Flora Online - Dendrobium cumulatum,"Sankara Rao, K. and Deepak Kumar (2026). India Flora Online, species treatment: Dendrobium cumulatum.",A,university_herbarium_regional_flora_species_treatment,indiaflora-ces.iisc.ac.in,en,"Key identification features: Epiphytic herbs; Leaves oblong-Ianceolate, acuminate; Flowers pale purple.",242eb0aeeedc2073766c0da171229dd786a38e3cb9c388e8a8e67470c10a23a7,0a8d8ec3a8a74e62576ed17781526c96003ec760ef8e92ea1ec6c0c082dc9521,accepted_name_exact,wild_or_species_level_statement_not_cultivar_limited,accept,true,true,true,false,,"Accepted after exact species identity, source page or original-study statement, trait-specific ontology, lineage and content fingerprint review; mapping retained only for flower_primary_color.",Codex source-backed rule-unlock wave-2 audit,2026-08-12T09:35:00Z
ec0d1bfc75ca43209dd8b9f2,Dendrobium mannii,flower_primary_color,white|yellow_orange,https://indiaflora-ces.iisc.ac.in/herbsheet.php?id=13804&cat=13,India Flora Online - Dendrobium mannii,"Sankara Rao, K. and Deepak Kumar (2026). India Flora Online, species treatment: Dendrobium mannii.",A,university_herbarium_regional_flora_species_treatment,indiaflora-ces.iisc.ac.in,en,"Key identification features: Epiphytic, tufted, erect or pendent herbs; Stems 15-30 cm long, laterally compressed; Leaves oblong, deciduous before flowering; Flowers in terminal or axillary fascicles, 1-4, white or yellow; Lip oblanceolate.",27e845d887c6261e62a09b5b824993d3444aa3efe6b491f14737c1efd2e0d64c,0076f7e9471f29fbdbe8e56498aca3cc15c65878054cea8edea56a90a7487ab2,accepted_name_exact,wild_or_species_level_statement_not_cultivar_limited,accept,true,true,true,false,,"Accepted after exact species identity, source page or original-study statement, trait-specific ontology, lineage and content fingerprint review; mapping retained only for flower_primary_color.",Codex source-backed rule-unlock wave-2 audit,2026-08-12T09:35:00Z
4b315f0ea28793d7a3b0dc2b,Dendrocalamus asper,inflorescence_display,umbel_corymb|raceme_spike_panicle,https://plantuse.plantnet.org/en/Dendrocalamus_asper_(PROTA),Dendrocalamus asper (PROTA),"Brink, M., 2008. Dendrocalamus asper (Schult. & Schult.f.) Backer ex K.Heyne. In: Louppe, D., Oteng-Amoako, A.A. & Brink, M. (Editors). PROTA (Plant Resources of Tropical Africa / Ressources végétales de l’Afrique tropicale), Wageningen, Netherlands.",A,expert_botanical_monograph_species_description,plantuse.plantnet.org,en,"*Inflorescence a panicle on a leafless branch, with clusters of spikelets at the nodes.",b562eb71788e1c2bd17a1ca963628f7f45bd8d486f9a154cdd41634434c933c1,d5c75faedd448cf41a86d5a7c119639870f94bcc4020f438102967557048478f,accepted_name_exact,wild_or_species_level_monograph_not_cultivar_limited,accept,true,true,true,false,,"Accepted after exact species identity, source page or original-study statement, trait-specific ontology, lineage and content fingerprint review; mapping retained only for inflorescence_display.",Codex source-backed rule-unlock wave-2 audit,2026-08-12T09:35:00Z
4baf4a2b1c2ec4ee2a816bc4,Dendrocalamus giganteus,inflorescence_display,raceme_spike_panicle,https://indiaflora-ces.iisc.ac.in/herbsheet.php?id=3648&cat=13,India Flora Online - Dendrocalamus giganteus,"Sankara Rao, K. and Deepak Kumar (2026). India Flora Online, species treatment: Dendrocalamus giganteus.",A,university_herbarium_regional_flora_species_treatment,indiaflora-ces.iisc.ac.in,en,"Key identification features: Large bamboos; internodes drooping above; Culm sheaths covered with golden- brown hairs without; imperfect limb lanceolate, decurrent into two narrow wavy auricles; Inflorescence large panicle; spikelets in lax, small heads, ovate-acute, many flowered.",70e33740cbabbfe67c51ee548c70be699a899c8a1febc059681472b5d3b38652,063eeb30a56d10089e6fc1f0dbd9d8f427cbe1856848f85eea9b5572d0af5045,accepted_name_exact,species_level_cultivated_record_not_cultivar_limited,accept,true,true,true,false,,"Accepted after exact species identity, source page or original-study statement, trait-specific ontology, lineage and content fingerprint review; mapping retained only for inflorescence_display.",Codex source-backed rule-unlock wave-2 audit,2026-08-12T09:35:00Z
6baf0457cf9c63bbb05e8d61,Dendrolirium tomentosum,inflorescence_display,raceme_spike_panicle,https://indiaflora-ces.iisc.ac.in/herbsheet.php?id=13958&cat=13,India Flora Online - Eria tomentosa,"Sankara Rao, K. and Deepak Kumar (2026). India Flora Online, species treatment: Eria tomentosa.",A,university_herbarium_regional_flora_species_treatment,indiaflora-ces.iisc.ac.in,en,"Key identification features: Epiphytic herbs; Pseudobulbs ovoid; Leaves 3-4, elliptic-oblong; Flowers in terminal raceme, brown, tomentose; rachis brown villous; Lip oblong, 3-lobed, strongly nerved.",dca64c5a4f09d016f30f49926d34f8de6878ea3b0ba49c623be486c828cd1fd8,4336232a14a794b62e058b8ef6f15133aa66b55473048d6bb351399b8c860a0b,exact_synonym,wild_or_species_level_statement_not_cultivar_limited,accept,true,true,true,false,,"Accepted after exact species identity, source page or original-study statement, trait-specific ontology, lineage and content fingerprint review; mapping retained only for inflorescence_display.",Codex source-backed rule-unlock wave-2 audit,2026-08-12T09:35:00Z
d82ebd6aef2b7b1dd2b4bab0,Derris scandens,flower_primary_color,red_pink|white,https://indiaflora-ces.iisc.ac.in/herbsheet.php?id=3676&cat=13,India Flora Online - Derris scandens,"Sankara Rao, K. and Deepak Kumar (2026). India Flora Online, species treatment: Derris scandens.",A,university_herbarium_regional_flora_species_treatment,indiaflora-ces.iisc.ac.in,en,Key identification features: Woody climber with imparipinnate leaves and white or pale rose flowers,e59ba9f937c4e5f3846655b2057fe613cf7629c34718548f082deb1238791fc8,b6b8a1d62c312af271a342827d6bd65481dd1532fb50775f8ad4aeb74e1b07d1,accepted_name_exact,wild_or_species_level_statement_not_cultivar_limited,accept,true,true,true,false,,"Accepted after exact species identity, source page or original-study statement, trait-specific ontology, lineage and content fingerprint review; mapping retained only for flower_primary_color.",Codex source-backed rule-unlock wave-2 audit,2026-08-12T09:35:00Z
4a0e754c299f0136e66d8c24,Deschampsia antarctica,self_incompatibility,SC,https://academic.oup.com/aobpla/article/doi/10.1093/aobpla/plv095/1800409,Patterns in floral traits and plant breeding systems on Southern Ocean Islands,"Lord, J. M. (2015), AoB PLANTS 7:plv095, Supporting Information Table S1, DOI 10.1093/aobpla/plv095",B,peer_reviewed_species_level_compatibility_compilation,academic.oup.com,en,"Supporting Information Table S1: Deschampsia antarctica; compatibility and reference-number cell: SC; 2, 5, 10. The table defines SC as fully self-compatible, SCp as partially self-compatible, and SI as self-incompatible.",b769a8bc8cad711cd3d658330d859bb7b83fbc0d44428736df10bbd36f494591,39bc3f64799ddd385b160ec8dd7cd6dca265d7bbe2fdb772a6e20492c29f513a,accepted_name_exact,wild_or_species_level_statement_not_cultivar_limited,accept,true,true,true,false,,"Accepted after exact species identity, source page or original-study statement, trait-specific ontology, lineage and content fingerprint review; mapping retained only for self_incompatibility.",Codex source-backed rule-unlock wave-2 audit,2026-08-12T09:35:00Z
b18153b0650724e513a40ef8,Dianthera secunda,inflorescence_display,raceme_spike_panicle,https://indiaflora-ces.iisc.ac.in/herbsheet.php?id=3740&cat=13,India Flora Online - Dianthera secunda,"Sankara Rao, K. and Deepak Kumar (2026). India Flora Online, species treatment: Dianthera secunda.",A,university_herbarium_regional_flora_species_treatment,indiaflora-ces.iisc.ac.in,en,"Key identification features: Flowers pinkish-red in terminal 1-sides, loose, many flowered racemes.",e34bc0f38542131b34d8864f0d4c4186dcecd1c69d0ec9a34a85f52f99639dda,c51a634a8c7bd19525910f4d8752469bf73f7b9c8620e8b1798723be1655d126,accepted_name_exact,wild_or_species_level_statement_not_cultivar_limited,accept,true,true,true,false,,"Accepted after exact species identity, source page or original-study statement, trait-specific ontology, lineage and content fingerprint review; mapping retained only for inflorescence_display.",Codex source-backed rule-unlock wave-2 audit,2026-08-12T09:35:00Z
47f5f5c0cc43ce9a3ebe1749,Dichaetanthera rutenbergiana,flower_primary_color,green_brown_inconspicuous|yellow_orange,https://archive.org/details/abhandlungenhera09natu/page/116/mode/2up,"Reliquiae Rutenbergianae VI (Botanik, Fortsetzung)","Vatke, W. (1885), Reliquiae Rutenbergianae VI, Abhandlungen des Naturwissenschaftlichen Vereins zu Bremen 9:115-138, p. 116",A,original_taxonomic_species_description,archive.org,la+de,"D. rutenbergiana Baill. ms. [...] Ambalita? Mai 1878, fl. fr. jun. Flores lutei brunneique. Descriptio a cl. Baillon communicata.",7bddebe82286281ae2733366af74cb7ee7d5f140596c080e9f80ed49e6e2e27c,336b97c6f3d239f77e096b30233150191a0a2ba3e9c74ef9240337d4c57246db,accepted_name_exact,wild_or_species_level_statement_not_cultivar_limited,accept,true,true,true,false,,"Accepted after exact species identity, source page or original-study statement, trait-specific ontology, lineage and content fingerprint review; mapping retained only for flower_primary_color.",Codex source-backed rule-unlock wave-2 audit,2026-08-12T09:35:00Z
b5dbb65081e587e1b7d57866,Dichanthium foveolatum,flower_primary_color,green_brown_inconspicuous|yellow_orange,https://indiaflora-ces.iisc.ac.in/herbsheet.php?id=4419&cat=13,India Flora Online - Eremopogon foveolatus,"Sankara Rao, K. and Deepak Kumar (2026). India Flora Online, species treatment: Eremopogon foveolatus.",A,university_herbarium_regional_flora_species_treatment,indiaflora-ces.iisc.ac.in,en,"Key identification features: Perennial grass; Leaves long, slender; Flowers small, yellow-green spikelet with a single floret; Seed small, dark brown caryopsis.",f1721c18605fe5fdd94bb668f45036cbde791baecf8447f7928e058baf07521b,c70fe01d2fcc99b1f3834515ba2e7c479ee899ce291484df07fdfbc23a1f7c9d,exact_synonym,wild_or_species_level_statement_not_cultivar_limited,accept,true,true,true,false,,"Accepted after exact species identity, source page or original-study statement, trait-specific ontology, lineage and content fingerprint review; mapping retained only for flower_primary_color.",Codex source-backed rule-unlock wave-2 audit,2026-08-12T09:35:00Z
c5e68b2fb81a3e895e361413,Dichocarpum adiantifolium,flower_primary_color,white,https://indiaflora-ces.iisc.ac.in/herbsheet.php?id=6590&cat=13,India Flora Online - Isopyrum adiantifolium,"Sankara Rao, K. and Deepak Kumar (2026). India Flora Online, species treatment: Isopyrum adiantifolium.",A,university_herbarium_regional_flora_species_treatment,indiaflora-ces.iisc.ac.in,en,"Key identification features: Flowers in dichasium, actinomorphic, without spur, white; sepals pelaloid.",2666ccdeaf5c1cafdf50fbf17bf6b2adda94000839adbc1495838d289f58d47e,b6664faf53ac5350349e5bfd43a44da5e8e781954b773e590baa43178f08fcfd,exact_synonym,wild_or_species_level_statement_not_cultivar_limited,accept,true,true,true,false,,"Accepted after exact species identity, source page or original-study statement, trait-specific ontology, lineage and content fingerprint review; mapping retained only for flower_primary_color.",Codex source-backed rule-unlock wave-2 audit,2026-08-12T09:35:00Z
04eb9454e7b9bb04df86b2eb,Dichrostachys myriophylla,flower_primary_color,white,https://plantuse.plantnet.org/en/Dichrostachys_myriophylla_(PROTA),Dichrostachys myriophylla (PROTA),"Lemmens, R.H.M.J., 2007. Dichrostachys myriophylla Baker. In: Louppe, D., Oteng-Amoako, A.A. & Brink, M. (Editors). PROTA (Plant Resources of Tropical Africa / Ressources végétales de l’Afrique tropicale), Wageningen, Netherlands.",A,expert_botanical_monograph_species_description,plantuse.plantnet.org,en,"*Flowers regular, 5-merous, sessile, those in lower part of inflorescence sterile, white, with long staminodes, those in upper part of inflorescence bisexual, creamy",05ec24368e5148d415107008551656670d0afd660518669a2f8867a599274479,70a4ec449bdb8ee4c6803bbf7395e4f38e59d7928dba2bfe033879cc422ec277,accepted_name_exact,wild_or_species_level_monograph_not_cultivar_limited,accept,true,true,true,false,,"Accepted after exact species identity, source page or original-study statement, trait-specific ontology, lineage and content fingerprint review; mapping retained only for flower_primary_color.",Codex source-backed rule-unlock wave-2 audit,2026-08-12T09:35:00Z
6be306e732bfd6ba39ae3616,Dicliptera fera,flower_primary_color,blue_purple|red_pink,https://indiaflora-ces.iisc.ac.in/herbsheet.php?id=14453&cat=13,India Flora Online - Peristrophe fera,"Sankara Rao, K. and Deepak Kumar (2026). India Flora Online, species treatment: Peristrophe fera.",A,university_herbarium_regional_flora_species_treatment,indiaflora-ces.iisc.ac.in,en,"Key identification features: Erect, spreading herbs; Leaves ovate-lanceolate; petioles long, acuminate at apex, more or less pubescent; Flowers rose or purple; Capsules ellipsoid, stalked, 4-seeded.",e1ba44568266b6adbce8c9c6a635a4bd37b793cb9ea25b5188dac08441e0d1ca,dab7107e9539eca5264036d26595726c3e1d1f1cef611fc719c674ed77f2362b,exact_synonym,wild_or_species_level_statement_not_cultivar_limited,accept,true,true,true,false,,"Accepted after exact species identity, source page or original-study statement, trait-specific ontology, lineage and content fingerprint review; mapping retained only for flower_primary_color.",Codex source-backed rule-unlock wave-2 audit,2026-08-12T09:35:00Z
4d01a464b9c09b493d5657fc,Dicraeopetalum mahafaliense,flower_primary_color,white|yellow_orange,https://plantuse.plantnet.org/en/Dicraeopetalum_mahafaliense_(PROTA),Dicraeopetalum mahafaliense (PROTA),"Lemmens, R.H.M.J., 2007. Dicraeopetalum mahafaliense (M.Peltier) Yakovlev. In: Louppe, D., Oteng-Amoako, A.A. & Brink, M. (Editors). PROTA (Plant Resources of Tropical Africa / Ressources végétales de l’Afrique tropicale), Wageningen, Netherlands.",A,expert_botanical_monograph_species_description,plantuse.plantnet.org,en,"petals more or less equal, oblong-elliptical, 6–9 mm × 2–3 mm, with a slender claw at base, creamy white to yellowish",4b75bfa89ff8e690d0401feb1e5c094f3e3e57e72da26b9a1c81b24807c7d2cc,3223c62831613c3fe17ec2a13a1c0a6e2ba1b46d74aa4b1e3774d71a93b5bf8f,accepted_name_exact,wild_or_species_level_monograph_not_cultivar_limited,accept,true,true,true,false,,"Accepted after exact species identity, source page or original-study statement, trait-specific ontology, lineage and content fingerprint review; mapping retained only for flower_primary_color.",Codex source-backed rule-unlock wave-2 audit,2026-08-12T09:35:00Z
68a3b06edc7d4fa89d3ef297,Dictyospermum montanum,mating_system,mixed_mating,https://scholar.uoc.ac.in/bitstreams/dd6a8802-5ffd-4a70-9078-736a78794e8a/download,Pollination biology of selected taxa of the tribe Commelineae (Commelinaceae),"Veena, V. (2020), doctoral thesis, Department of Botany, University of Calicut, pp. 174-176 and 181-183",A,doctoral_thesis_controlled_pollination_experiment,scholar.uoc.ac.in,en,"Breeding system studies in the selected taxa revealed that they were all self and cross-compatible species. Except Dictyospermum montanum (2.5%) and Floscopa scandens (14%), all others showed high percentages of autogamous fruit set (72.38% in Commelina diffusa, 47.62% in Murdannia nudiflora and 41.43% in Rhopalephora scaberrima). These species thus have evolved a system of adaptive modifications which resulted in a mixed mating system that produces both self and cross seeds.",c9a35ebc48575382bf0f261906d0df1b28e88d5cf1f2ed6634179bacd763066b,23e3b55b09248c83e0e2a90897fbc12c6a5dfdf54588002f09b66f7c3af9f72b,accepted_name_exact,wild_or_species_level_statement_not_cultivar_limited,accept,true,true,true,false,,"Accepted after exact species identity, source page or original-study statement, trait-specific ontology, lineage and content fingerprint review; mapping retained only for mating_system.",Codex source-backed rule-unlock wave-2 audit,2026-08-12T09:35:00Z
756f2528d8f04bacdfcc65ed,Dictyospermum montanum,self_incompatibility,SC,https://scholar.uoc.ac.in/bitstreams/dd6a8802-5ffd-4a70-9078-736a78794e8a/download,Pollination biology of selected taxa of the tribe Commelineae (Commelinaceae),"Veena, V. (2020), doctoral thesis, Department of Botany, University of Calicut, pp. 174-176 and 181-183",A,doctoral_thesis_controlled_pollination_experiment,scholar.uoc.ac.in,en,"Breeding system studies in the selected taxa revealed that they were all self and cross-compatible species. Except Dictyospermum montanum (2.5%) and Floscopa scandens (14%), all others showed high percentages of autogamous fruit set (72.38% in Commelina diffusa, 47.62% in Murdannia nudiflora and 41.43% in Rhopalephora scaberrima). These species thus have evolved a system of adaptive modifications which resulted in a mixed mating system that produces both self and cross seeds.",c9a35ebc48575382bf0f261906d0df1b28e88d5cf1f2ed6634179bacd763066b,23e3b55b09248c83e0e2a90897fbc12c6a5dfdf54588002f09b66f7c3af9f72b,accepted_name_exact,wild_or_species_level_statement_not_cultivar_limited,accept,true,true,true,false,,"Accepted after exact species identity, source page or original-study statement, trait-specific ontology, lineage and content fingerprint review; mapping retained only for self_incompatibility.",Codex source-backed rule-unlock wave-2 audit,2026-08-12T09:35:00Z
dced9a85cd9908b018a4980b,Dilobeia thouarsii,floral_symmetry,actinomorphic,https://plantuse.plantnet.org/en/Dilobeia_thouarsii_(PROTA),Dilobeia thouarsii (PROTA),"Rakotonandrasana, S., 2011. Dilobeia thouarsii Roem. & Schult. [Internet] Record from PROTA4U. Lemmens, R.H.M.J., Louppe, D. & Oteng-Amoako, A.A. (Editors). PROTA (Plant Resources of Tropical Africa / Ressources végétales de l’Afrique tropicale), Wageningen, Netherlands.",A,expert_botanical_monograph_species_description,plantuse.plantnet.org,en,"*Flowers unisexual, regular, with 4 free elliptical-oblong tepals 4–6 mm long, hairy outside, caducous",54784af90c727f7ee4e6f5164a09e04c2d29db852a8c9c758c49648f51822fbd,1f367b83b4f7e45ca80978503c21094e5d901cc0173cade18cb50b27093e5af5,accepted_name_exact,wild_or_species_level_monograph_not_cultivar_limited,accept,true,true,true,false,,"Accepted after exact species identity, source page or original-study statement, trait-specific ontology, lineage and content fingerprint review; mapping retained only for floral_symmetry.",Codex source-backed rule-unlock wave-2 audit,2026-08-12T09:35:00Z
c0ab34f36227083995753881,Dilobeia thouarsii,inflorescence_display,raceme_spike_panicle,https://plantuse.plantnet.org/en/Dilobeia_thouarsii_(PROTA),Dilobeia thouarsii (PROTA),"Rakotonandrasana, S., 2011. Dilobeia thouarsii Roem. & Schult. [Internet] Record from PROTA4U. Lemmens, R.H.M.J., Louppe, D. & Oteng-Amoako, A.A. (Editors). PROTA (Plant Resources of Tropical Africa / Ressources végétales de l’Afrique tropicale), Wageningen, Netherlands.",A,expert_botanical_monograph_species_description,plantuse.plantnet.org,en,"*Inflorescence axillary, densely short-hairy, male one a many-flowered panicle up to 15 cm long, female one a short raceme up to 6 cm long.",50f38db06b550f946a70242be85500ae4c3527a0f9b8f2a93407a2aac187acf5,aed434073628a671496b3776f6c9d4b054a1504ad375864629497cf55c836de6,accepted_name_exact,wild_or_species_level_monograph_not_cultivar_limited,accept,true,true,true,false,,"Accepted after exact species identity, source page or original-study statement, trait-specific ontology, lineage and content fingerprint review; mapping retained only for inflorescence_display.",Codex source-backed rule-unlock wave-2 audit,2026-08-12T09:35:00Z
ff4c7524019d1b551fa3b6ad,Dinochloa andamanica,inflorescence_display,raceme_spike_panicle,https://indiaflora-ces.iisc.ac.in/herbsheet.php?id=3900&cat=13,India Flora Online - Dinochloa andamanica,"Sankara Rao, K. and Deepak Kumar (2026). India Flora Online, species treatment: Dinochloa andamanica.",A,university_herbarium_regional_flora_species_treatment,indiaflora-ces.iisc.ac.in,en,"Key identification features: Internodes 9-18 in. long, dark green, Flowers in narrow terminal panicles.",31da85a026228c0775a35494941fa27b69d76d8bdb51ee181c9de167e9dc0cef,f4f351bffed6f7474fafa17f99307565bed7f4ba01488d070bc0b5ec1fce9276,accepted_name_exact,wild_or_species_level_statement_not_cultivar_limited,accept,true,true,true,false,,"Accepted after exact species identity, source page or original-study statement, trait-specific ontology, lineage and content fingerprint review; mapping retained only for inflorescence_display.",Codex source-backed rule-unlock wave-2 audit,2026-08-12T09:35:00Z
20b323e0ebf6fc5fc3d6df3a,Diospyros toposia,flower_primary_color,white,https://indiaflora-ces.iisc.ac.in/herbsheet.php?id=3957&cat=13,India Flora Online - Diospyros racemosa,"Sankara Rao, K. and Deepak Kumar (2026). India Flora Online, species treatment: Diospyros racemosa.",A,university_herbarium_regional_flora_species_treatment,indiaflora-ces.iisc.ac.in,en,"Key identification features: Medium sized trees, much branched; Leaves oblong-acuminate, coriaceous, glabrous; Flowers in short peduncled cymes, white; calyx irregularly lobed, persistent; Fruits subsessile, ellipsoid or subglobose, villous, 1-4 -seeded.",6c3326af4da88b95663dba776d25b2275ea30868ae9e8428417c877f400dded4,7ba2a97e629904ca2006d101d027ab59fa425c497b1109e8c8e92941c3081601,exact_synonym,wild_or_species_level_statement_not_cultivar_limited,accept,true,true,true,false,,"Accepted after exact species identity, source page or original-study statement, trait-specific ontology, lineage and content fingerprint review; mapping retained only for flower_primary_color.",Codex source-backed rule-unlock wave-2 audit,2026-08-12T09:35:00Z
bd77555c1975e0252d934dab,Dipterocarpus alatus,flower_primary_color,red_pink|white|yellow_orange,https://indiaflora-ces.iisc.ac.in/herbsheet.php?id=4000&cat=13,India Flora Online - Dipterocarpus incanus,"Sankara Rao, K. and Deepak Kumar (2026). India Flora Online, species treatment: Dipterocarpus incanus.",A,university_herbarium_regional_flora_species_treatment,indiaflora-ces.iisc.ac.in,en,"Key identification features: Flowers white or yellowish-white, with a light crimson streak down the centre.",f1986ccf36faa7bfd5e5e7d0de5e43b238947b7e535f445bb63344aa13148b7c,fda39cd9693adb5aaa7fda3aa321d6927df6ed2b289a46c9a261dd155e77a9f9,exact_synonym,wild_or_species_level_statement_not_cultivar_limited,accept,true,true,true,false,,"Accepted after exact species identity, source page or original-study statement, trait-specific ontology, lineage and content fingerprint review; mapping retained only for flower_primary_color.",Codex source-backed rule-unlock wave-2 audit,2026-08-12T09:35:00Z
a8091d5d134245933569e9f4,Dipterocarpus grandiflorus,flower_primary_color,red_pink|white,https://indiaflora-ces.iisc.ac.in/herbsheet.php?id=3999&cat=13,India Flora Online - Dipterocarpus griffithii,"Sankara Rao, K. and Deepak Kumar (2026). India Flora Online, species treatment: Dipterocarpus griffithii.",A,university_herbarium_regional_flora_species_treatment,indiaflora-ces.iisc.ac.in,en,"Key identification features: Flowers handsome, petals 2 in. long, white with dark crimson down the centre.",96cbde265f1a0f72c06e558a4db5e3c0a6805ad8c012b8c328ef1b89b9d75482,c3e81fa1f6e8d48deb349d98ad8c766c74a0655f97bb207ef566679528db84b6,exact_synonym,wild_or_species_level_statement_not_cultivar_limited,accept,true,true,true,false,,"Accepted after exact species identity, source page or original-study statement, trait-specific ontology, lineage and content fingerprint review; mapping retained only for flower_primary_color.",Codex source-backed rule-unlock wave-2 audit,2026-08-12T09:35:00Z
d26833e263a8a37573e7ab13,Dipterygium glaucum,flower_primary_color,blue_purple|white|yellow_orange,https://indiaflora-ces.iisc.ac.in/herbsheet.php?id=14429&cat=13,India Flora Online - Dipterygium glaucum,"Sankara Rao, K. and Deepak Kumar (2026). India Flora Online, species treatment: Dipterygium glaucum.",A,university_herbarium_regional_flora_species_treatment,indiaflora-ces.iisc.ac.in,en,"Key identification features: Plant up to 0.6 m tall, from a woody base; stems slender, sparsely branched; Leaf-blades oblong or elliptic, with sessile or subsessile glands on both surfaces, midrib raised beneath; Sepals up to c. 1 mm long, petals pale yellow fading whitish, often tinged violet, 3-4 mm long; Fruit winged, rugose or crested fruit-body.",b26d61a20970cc602f067071586b4de734b3b7d6f49fdc26b11acb5e2428a135,95ac1ee42ad82aa5d170b6f2e034882c319d85aef0dfa93922e40efc8da45679,accepted_name_exact,wild_or_species_level_statement_not_cultivar_limited,accept,true,true,true,false,,"Accepted after exact species identity, source page or original-study statement, trait-specific ontology, lineage and content fingerprint review; mapping retained only for flower_primary_color.",Codex source-backed rule-unlock wave-2 audit,2026-08-12T09:35:00Z
9ec31e37e4e3b6f018d691dc,Discoclaoxylon hexandrum,inflorescence_display,raceme_spike_panicle,https://plantuse.plantnet.org/en/Discoclaoxylon_hexandrum_(PROTA),Discoclaoxylon hexandrum (PROTA),"Schmelzer, G.H., 2008. Discoclaoxylon hexandrum (Müll.Arg.) Pax & K.Hoffm. In: Schmelzer, G.H. & Gurib-Fakim, A. (Editors). PROTA (Plant Resources of Tropical Africa / Ressources végétales de l’Afrique tropicale), Wageningen, Netherlands.",A,expert_botanical_monograph_species_description,plantuse.plantnet.org,en,Inflorescence an axillary raceme up to 30(–50) cm long,0735c00b97b1e866b9846bb4b0797b3dddbcec9dcd20cfb7c1069e400ffbc62a,b34349e89ace89049994cb98a00688c115bad98dce8cc064f597e7835013ff23,accepted_name_exact,wild_or_species_level_monograph_not_cultivar_limited,accept,true,true,true,false,,"Accepted after exact species identity, source page or original-study statement, trait-specific ontology, lineage and content fingerprint review; mapping retained only for inflorescence_display.",Codex source-backed rule-unlock wave-2 audit,2026-08-12T09:35:00Z
169d24c87045990c24b04a35,Discoglypremna caloneura,inflorescence_display,raceme_spike_panicle,https://plantuse.plantnet.org/en/Discoglypremna_caloneura_(PROTA),Discoglypremna caloneura (PROTA),"Schmelzer, G.H., 2008. Discoglypremna caloneura (Pax) Prain. In: Schmelzer, G.H. & Gurib-Fakim, A. (Editors). PROTA (Plant Resources of Tropical Africa / Ressources végétales de l’Afrique tropicale), Wageningen, Netherlands.",A,expert_botanical_monograph_species_description,plantuse.plantnet.org,en,"Inflorescence a terminal panicle with racemose branches, some arising from the base",1e6c65dd83498a0b9a21a633f8181c3286129cc1bd5d9dc28c2a046f7731fbea,e43fb520fc92d7955e89d96545c25e002c8a662f05416f1710c59ddb34570eb0,accepted_name_exact,wild_or_species_level_monograph_not_cultivar_limited,accept,true,true,true,false,,"Accepted after exact species identity, source page or original-study statement, trait-specific ontology, lineage and content fingerprint review; mapping retained only for inflorescence_display.",Codex source-backed rule-unlock wave-2 audit,2026-08-12T09:35:00Z
be0379e2c5707a087cef1644,Dombeya cacuminum,floral_symmetry,actinomorphic,https://plantuse.plantnet.org/en/Dombeya_cacuminum_(PROTA),Dombeya cacuminum (PROTA),"Brink, M., 2010. Dombeya cacuminum Hochr. [Internet] Record from PROTA4U. Brink, M. & Achigan-Dako, E.G. (Editors). PROTA (Plant Resources of Tropical Africa / Ressources végétales de l’Afrique tropicale), Wageningen, Netherlands.",A,expert_botanical_monograph_species_description,plantuse.plantnet.org,en,"Flowers bisexual, regular, 5-merous",8e7970a89ffc0e94351d257649259d2df4b43ef7f397aee717ac72a0cadf484d,a47b70ad7a874d68828d7374e1d96586bce5e85fd388ff9b9673b36fea503f1d,accepted_name_exact,wild_or_species_level_monograph_not_cultivar_limited,accept,true,true,true,false,,"Accepted after exact species identity, source page or original-study statement, trait-specific ontology, lineage and content fingerprint review; mapping retained only for floral_symmetry.",Codex source-backed rule-unlock wave-2 audit,2026-08-12T09:35:00Z
b2cb7afaa2f97f2440091d3e,Dombeya cacuminum,flower_primary_color,blue_purple|red_pink,https://plantuse.plantnet.org/en/Dombeya_cacuminum_(PROTA),Dombeya cacuminum (PROTA),"Brink, M., 2010. Dombeya cacuminum Hochr. [Internet] Record from PROTA4U. Brink, M. & Achigan-Dako, E.G. (Editors). PROTA (Plant Resources of Tropical Africa / Ressources végétales de l’Afrique tropicale), Wageningen, Netherlands.",A,expert_botanical_monograph_species_description,plantuse.plantnet.org,en,"petals free, broadly and asymmetrically obovate, up to 45 mm × 35 mm, red to purple",d17f7895f228e7720b0740f506b9a70f5863cd4a9473c7c7133b0cbface34e9d,a68209a39a6f5dcd98f17fd85bcb26f85e6debd2e27f2810ad5c78ac88c62c9b,accepted_name_exact,wild_or_species_level_monograph_not_cultivar_limited,accept,true,true,true,false,,"Accepted after exact species identity, source page or original-study statement, trait-specific ontology, lineage and content fingerprint review; mapping retained only for flower_primary_color.",Codex source-backed rule-unlock wave-2 audit,2026-08-12T09:35:00Z
72a95c4032882f2dd743ae77,Dombeya cacuminum,inflorescence_display,umbel_corymb,https://plantuse.plantnet.org/en/Dombeya_cacuminum_(PROTA),Dombeya cacuminum (PROTA),"Brink, M., 2010. Dombeya cacuminum Hochr. [Internet] Record from PROTA4U. Brink, M. & Achigan-Dako, E.G. (Editors). PROTA (Plant Resources of Tropical Africa / Ressources végétales de l’Afrique tropicale), Wageningen, Netherlands.",A,expert_botanical_monograph_species_description,plantuse.plantnet.org,en,"Inflorescence an axillary umbellate cyme, grouped at the tops of branches, up to 15 cm long",229b46ca422ec63b1525b47caae62150b29b0158816ef7679b5313da3bc998d6,56470b86d288acafd69d2f7800107bfd83a611acf0efaa0616d259236db8a177,accepted_name_exact,wild_or_species_level_monograph_not_cultivar_limited,accept,true,true,true,false,,"Accepted after exact species identity, source page or original-study statement, trait-specific ontology, lineage and content fingerprint review; mapping retained only for inflorescence_display.",Codex source-backed rule-unlock wave-2 audit,2026-08-12T09:35:00Z
1788144485fb0bb41717e702,Dombeya coria,floral_symmetry,actinomorphic,https://plantuse.plantnet.org/en/Dombeya_coria_(PROTA),Dombeya coria (PROTA),"Brink, M., 2010. Dombeya coria Baill. [Internet] Record from PROTA4U. Brink, M. & Achigan-Dako, E.G. (Editors). PROTA (Plant Resources of Tropical Africa / Ressources végétales de l’Afrique tropicale), Wageningen, Netherlands.",A,expert_botanical_monograph_species_description,plantuse.plantnet.org,en,"Flowers bisexual, regular, 5-merous",8e7970a89ffc0e94351d257649259d2df4b43ef7f397aee717ac72a0cadf484d,656af5b0d63885de55e7f75125124c39027d846dcfd0b426052f41910fd700c1,accepted_name_exact,wild_or_species_level_monograph_not_cultivar_limited,accept,true,true,true,false,,"Accepted after exact species identity, source page or original-study statement, trait-specific ontology, lineage and content fingerprint review; mapping retained only for floral_symmetry.",Codex source-backed rule-unlock wave-2 audit,2026-08-12T09:35:00Z
6473c0ac98af21a44901eceb,Dombeya coria,flower_primary_color,red_pink,https://plantuse.plantnet.org/en/Dombeya_coria_(PROTA),Dombeya coria (PROTA),"Brink, M., 2010. Dombeya coria Baill. [Internet] Record from PROTA4U. Brink, M. & Achigan-Dako, E.G. (Editors). PROTA (Plant Resources of Tropical Africa / Ressources végétales de l’Afrique tropicale), Wageningen, Netherlands.",A,expert_botanical_monograph_species_description,plantuse.plantnet.org,en,"petals free, obovate, asymmetrical, 30 mm × 22 mm, pink",4f3a0d50be6d549d23d8654dd05134ea259ef85c65e1dfd1858a9c0041413a71,d748b289cb6302d47d4272fcdf930912bade932502158e472cb89450995ece60,accepted_name_exact,wild_or_species_level_monograph_not_cultivar_limited,accept,true,true,true,false,,"Accepted after exact species identity, source page or original-study statement, trait-specific ontology, lineage and content fingerprint review; mapping retained only for flower_primary_color.",Codex source-backed rule-unlock wave-2 audit,2026-08-12T09:35:00Z
05ecbaf1e678dc8f08418489,Dombeya coria,inflorescence_display,umbel_corymb,https://plantuse.plantnet.org/en/Dombeya_coria_(PROTA),Dombeya coria (PROTA),"Brink, M., 2010. Dombeya coria Baill. [Internet] Record from PROTA4U. Brink, M. & Achigan-Dako, E.G. (Editors). PROTA (Plant Resources of Tropical Africa / Ressources végétales de l’Afrique tropicale), Wageningen, Netherlands.",A,expert_botanical_monograph_species_description,plantuse.plantnet.org,en,"Inflorescence an axillary umbel, axis up to 18 cm long, lower part glabrous, upper part laxly hairy, many-flowered.",5adcf5bf0eecfb7ef3f1c2e216e95865f21318719bade2912508e52a761b4b93,baef245cd375c5937ae5a8934f85fdef6a72212704557aea5aa93b5c2cbaa1ca,accepted_name_exact,wild_or_species_level_monograph_not_cultivar_limited,accept,true,true,true,false,,"Accepted after exact species identity, source page or original-study statement, trait-specific ontology, lineage and content fingerprint review; mapping retained only for inflorescence_display.",Codex source-backed rule-unlock wave-2 audit,2026-08-12T09:35:00Z
20d06355b84675ae91af42cc,Dombeya elliptica,floral_symmetry,actinomorphic,https://plantuse.plantnet.org/en/Dombeya_elliptica_(PROTA),Dombeya elliptica (PROTA),"Brink, M., 2010. Dombeya elliptica Bojer. [Internet] Record from PROTA4U. Brink, M. & Achigan-Dako, E.G. (Editors). PROTA (Plant Resources of Tropical Africa / Ressources végétales de l’Afrique tropicale), Wageningen, Netherlands.",A,expert_botanical_monograph_species_description,plantuse.plantnet.org,en,"Flowers bisexual, regular, 5-merous",8e7970a89ffc0e94351d257649259d2df4b43ef7f397aee717ac72a0cadf484d,f79da3575ef5b605fc95b5adf65cb3c419debcf6b3f5161c3d4133cd8b7a57f8,accepted_name_exact,wild_or_species_level_monograph_not_cultivar_limited,accept,true,true,true,false,,"Accepted after exact species identity, source page or original-study statement, trait-specific ontology, lineage and content fingerprint review; mapping retained only for floral_symmetry.",Codex source-backed rule-unlock wave-2 audit,2026-08-12T09:35:00Z
d7edf818c12d1e1f72d1c948,Dombeya elliptica,flower_primary_color,white,https://plantuse.plantnet.org/en/Dombeya_elliptica_(PROTA),Dombeya elliptica (PROTA),"Brink, M., 2010. Dombeya elliptica Bojer. [Internet] Record from PROTA4U. Brink, M. & Achigan-Dako, E.G. (Editors). PROTA (Plant Resources of Tropical Africa / Ressources végétales de l’Afrique tropicale), Wageningen, Netherlands.",A,expert_botanical_monograph_species_description,plantuse.plantnet.org,en,"petals free, broadly obovate, 4.5 mm × 3 mm, white",d5c7846835b7dd45b36f2c0c12e4ec7901b51c0a7e74d51607a2807d02bd56cf,61d37d986ae16ab6668eac485b2a73cbdc53c9cdc2b87fec52798d48e7737e8f,accepted_name_exact,wild_or_species_level_monograph_not_cultivar_limited,accept,true,true,true,false,,"Accepted after exact species identity, source page or original-study statement, trait-specific ontology, lineage and content fingerprint review; mapping retained only for flower_primary_color.",Codex source-backed rule-unlock wave-2 audit,2026-08-12T09:35:00Z
15374bbe1401a264878a9000,Dombeya elliptica,inflorescence_display,umbel_corymb|raceme_spike_panicle|solitary,https://plantuse.plantnet.org/en/Dombeya_elliptica_(PROTA),Dombeya elliptica (PROTA),"Brink, M., 2010. Dombeya elliptica Bojer. [Internet] Record from PROTA4U. Brink, M. & Achigan-Dako, E.G. (Editors). PROTA (Plant Resources of Tropical Africa / Ressources végétales de l’Afrique tropicale), Wageningen, Netherlands.",A,expert_botanical_monograph_species_description,plantuse.plantnet.org,en,"Inflorescence an axillary, solitary cyme, corymbiform or paniculate, 3–16 cm long, hairy, many-flowered.",97cbac864e3eb7d4284cd8036dc6988f89e32196af4aa638fc0c8195483a9bee,93b4a843d7fb9f7fb8a626b50fc578619aab45a0ac8fb7ca97d641495b64a0c0,accepted_name_exact,wild_or_species_level_monograph_not_cultivar_limited,accept,true,true,true,false,,"Accepted after exact species identity, source page or original-study statement, trait-specific ontology, lineage and content fingerprint review; mapping retained only for inflorescence_display.",Codex source-backed rule-unlock wave-2 audit,2026-08-12T09:35:00Z
1ee298839c7d0e99ddfcf934,Dombeya hilsenbergii,floral_symmetry,actinomorphic,https://plantuse.plantnet.org/en/Dombeya_hilsenbergii_(PROTA),Dombeya hilsenbergii (PROTA),"Brink, M., 2010. Dombeya hilsenbergii Baill. [Internet] Record from PROTA4U. Brink, M. & Achigan-Dako, E.G. (Editors). PROTA (Plant Resources of Tropical Africa / Ressources végétales de l’Afrique tropicale), Wageningen, Netherlands.",A,expert_botanical_monograph_species_description,plantuse.plantnet.org,en,"Flowers bisexual, regular, 5-merous, fragrant",eea141fd9a33975269b781f40c0947612874121a8556f26d18ccbaf5d01d0d9c,b4082b1883b1ff005d4bb16e146e187872940f8d45d3924c33ef1f1ae4a71ea1,accepted_name_exact,wild_or_species_level_monograph_not_cultivar_limited,accept,true,true,true,false,,"Accepted after exact species identity, source page or original-study statement, trait-specific ontology, lineage and content fingerprint review; mapping retained only for floral_symmetry.",Codex source-backed rule-unlock wave-2 audit,2026-08-12T09:35:00Z
833b299da3ef8912c3d9b19e,Dombeya hilsenbergii,flower_primary_color,white,https://plantuse.plantnet.org/en/Dombeya_hilsenbergii_(PROTA),Dombeya hilsenbergii (PROTA),"Brink, M., 2010. Dombeya hilsenbergii Baill. [Internet] Record from PROTA4U. Brink, M. & Achigan-Dako, E.G. (Editors). PROTA (Plant Resources of Tropical Africa / Ressources végétales de l’Afrique tropicale), Wageningen, Netherlands.",A,expert_botanical_monograph_species_description,plantuse.plantnet.org,en,"petals free, elliptical, 8–12 mm × 4–5 mm, white to cream",ecdad6c0ce58a385ad2af8b420c8e2f816fa5add677f4c734d9a2d40bc6b0b6a,ac8b4f868cd6f699d211e2801291972929df3f6369d8c472ac4058013b5d8391,accepted_name_exact,wild_or_species_level_monograph_not_cultivar_limited,accept,true,true,true,false,,"Accepted after exact species identity, source page or original-study statement, trait-specific ontology, lineage and content fingerprint review; mapping retained only for flower_primary_color.",Codex source-backed rule-unlock wave-2 audit,2026-08-12T09:35:00Z
fe969a22844cb7a567715097,Dombeya hilsenbergii,inflorescence_display,umbel_corymb,https://plantuse.plantnet.org/en/Dombeya_hilsenbergii_(PROTA),Dombeya hilsenbergii (PROTA),"Brink, M., 2010. Dombeya hilsenbergii Baill. [Internet] Record from PROTA4U. Brink, M. & Achigan-Dako, E.G. (Editors). PROTA (Plant Resources of Tropical Africa / Ressources végétales de l’Afrique tropicale), Wageningen, Netherlands.",A,expert_botanical_monograph_species_description,plantuse.plantnet.org,en,"Inflorescence an axillary corymb, pendant, dense, many-flowered",c4d04ebee4d2467e2f72d25acbd0f61f5458eac25aec7b0466980c5ce187b862,6b28f5c5783e1c5c34a34dc229c775c66b36b581596ec744c2156171621d78b5,accepted_name_exact,wild_or_species_level_monograph_not_cultivar_limited,accept,true,true,true,false,,"Accepted after exact species identity, source page or original-study statement, trait-specific ontology, lineage and content fingerprint review; mapping retained only for inflorescence_display.",Codex source-backed rule-unlock wave-2 audit,2026-08-12T09:35:00Z
cb44278a3c2677679752ebc6,Dombeya laurifolia,floral_symmetry,actinomorphic,https://plantuse.plantnet.org/en/Dombeya_laurifolia_(PROTA),Dombeya laurifolia (PROTA),"Brink, M., 2010. Dombeya laurifolia (Bojer) Baill. [Internet] Record from PROTA4U. Brink, M. & Achigan-Dako, E.G. (Editors). PROTA (Plant Resources of Tropical Africa / Ressources végétales de l’Afrique tropicale), Wageningen, Netherlands.",A,expert_botanical_monograph_species_description,plantuse.plantnet.org,en,"Flowers bisexual, regular, 5-merous",8e7970a89ffc0e94351d257649259d2df4b43ef7f397aee717ac72a0cadf484d,8228700b888182c9eb63022cf9ced3678122a5143fa51df54915515887d83aed,accepted_name_exact,wild_or_species_level_monograph_not_cultivar_limited,accept,true,true,true,false,,"Accepted after exact species identity, source page or original-study statement, trait-specific ontology, lineage and content fingerprint review; mapping retained only for floral_symmetry.",Codex source-backed rule-unlock wave-2 audit,2026-08-12T09:35:00Z
9df27500631a67efbb896f14,Dombeya laurifolia,flower_primary_color,white,https://plantuse.plantnet.org/en/Dombeya_laurifolia_(PROTA),Dombeya laurifolia (PROTA),"Brink, M., 2010. Dombeya laurifolia (Bojer) Baill. [Internet] Record from PROTA4U. Brink, M. & Achigan-Dako, E.G. (Editors). PROTA (Plant Resources of Tropical Africa / Ressources végétales de l’Afrique tropicale), Wageningen, Netherlands.",A,expert_botanical_monograph_species_description,plantuse.plantnet.org,en,"petals free, broadly and obliquely obovate, 6–10 mm × 3–7 mm, white",93756b45788af822ffd9b13cfccad90c117bcb0cec23f7e5d4220287fa119234,d0949ae1e139777b380800e116d93fb7cf87d6b33a0db8169f9e5c94d48d9f29,accepted_name_exact,wild_or_species_level_monograph_not_cultivar_limited,accept,true,true,true,false,,"Accepted after exact species identity, source page or original-study statement, trait-specific ontology, lineage and content fingerprint review; mapping retained only for flower_primary_color.",Codex source-backed rule-unlock wave-2 audit,2026-08-12T09:35:00Z
26a771bd4dea8a32a59c3221,Dombeya laurifolia,inflorescence_display,umbel_corymb,https://plantuse.plantnet.org/en/Dombeya_laurifolia_(PROTA),Dombeya laurifolia (PROTA),"Brink, M., 2010. Dombeya laurifolia (Bojer) Baill. [Internet] Record from PROTA4U. Brink, M. & Achigan-Dako, E.G. (Editors). PROTA (Plant Resources of Tropical Africa / Ressources végétales de l’Afrique tropicale), Wageningen, Netherlands.",A,expert_botanical_monograph_species_description,plantuse.plantnet.org,en,"Inflorescence an axillary cyme 2–7 cm long, densely scaly.",474c5fac6508c119c1ebe4038037f06464085c6d149391b14c2a0a7d36f6d101,2936e5fefa106a5e9fb989ca30758e8c7e3920b4042a676c3349e02514c8451f,accepted_name_exact,wild_or_species_level_monograph_not_cultivar_limited,accept,true,true,true,false,,"Accepted after exact species identity, source page or original-study statement, trait-specific ontology, lineage and content fingerprint review; mapping retained only for inflorescence_display.",Codex source-backed rule-unlock wave-2 audit,2026-08-12T09:35:00Z
d69f1b047916646d4243b636,Dombeya lucida,floral_symmetry,actinomorphic,https://plantuse.plantnet.org/en/Dombeya_lucida_(PROTA),Dombeya lucida (PROTA),"Brink, M., 2010. Dombeya lucida Baill. [Internet] Record from PROTA4U. Brink, M. & Achigan-Dako, E.G. (Editors). PROTA (Plant Resources of Tropical Africa / Ressources végétales de l’Afrique tropicale), Wageningen, Netherlands.",A,expert_botanical_monograph_species_description,plantuse.plantnet.org,en,"Flowers bisexual, regular, 5-merous",8e7970a89ffc0e94351d257649259d2df4b43ef7f397aee717ac72a0cadf484d,6c0afa1592cb907b10c4b13dd2506b22258d22b9475630081323789b290e9412,accepted_name_exact,wild_or_species_level_monograph_not_cultivar_limited,accept,true,true,true,false,,"Accepted after exact species identity, source page or original-study statement, trait-specific ontology, lineage and content fingerprint review; mapping retained only for floral_symmetry.",Codex source-backed rule-unlock wave-2 audit,2026-08-12T09:35:00Z
110d31828bf57e25945db4bf,Dombeya lucida,flower_primary_color,white,https://plantuse.plantnet.org/en/Dombeya_lucida_(PROTA),Dombeya lucida (PROTA),"Brink, M., 2010. Dombeya lucida Baill. [Internet] Record from PROTA4U. Brink, M. & Achigan-Dako, E.G. (Editors). PROTA (Plant Resources of Tropical Africa / Ressources végétales de l’Afrique tropicale), Wageningen, Netherlands.",A,expert_botanical_monograph_species_description,plantuse.plantnet.org,en,"petals free, asymmetrical, broadly obovate or obovate-globose, 5–12 mm × 2–12 mm, white to cream",84a8488e5ba3c6ba877b69f06ebee88b0cfc206766b0eb72dc2566024279911a,51f47e3b66656330cff78c2786bf866e6b5c253bc050702ee837683f51c344a3,accepted_name_exact,wild_or_species_level_monograph_not_cultivar_limited,accept,true,true,true,false,,"Accepted after exact species identity, source page or original-study statement, trait-specific ontology, lineage and content fingerprint review; mapping retained only for flower_primary_color.",Codex source-backed rule-unlock wave-2 audit,2026-08-12T09:35:00Z
b3bc6a923867bd02507d5f07,Dombeya lucida,inflorescence_display,umbel_corymb|solitary,https://plantuse.plantnet.org/en/Dombeya_lucida_(PROTA),Dombeya lucida (PROTA),"Brink, M., 2010. Dombeya lucida Baill. [Internet] Record from PROTA4U. Brink, M. & Achigan-Dako, E.G. (Editors). PROTA (Plant Resources of Tropical Africa / Ressources végétales de l’Afrique tropicale), Wageningen, Netherlands.",A,expert_botanical_monograph_species_description,plantuse.plantnet.org,en,"Inflorescence an axillary, solitary cyme 8–20 cm long, often branched from the base, scaly, rust-coloured.",b80f92e46e972c1e236e8bdfc59c9ce715457a1026c9b407e9019014ae316f24,3ab254f10317e6806f8168a7e100907949ecba64e2f24a6f8e9d2d4d3ebc2652,accepted_name_exact,wild_or_species_level_monograph_not_cultivar_limited,accept,true,true,true,false,,"Accepted after exact species identity, source page or original-study statement, trait-specific ontology, lineage and content fingerprint review; mapping retained only for inflorescence_display.",Codex source-backed rule-unlock wave-2 audit,2026-08-12T09:35:00Z
368f01964070d9fcbe0a0ebf,Dombeya mollis,floral_symmetry,actinomorphic,https://plantuse.plantnet.org/en/Dombeya_mollis_(PROTA),Dombeya mollis (PROTA),"Brink, M., 2010. Dombeya mollis Hook. [Internet] Record from PROTA4U. Brink, M. & Achigan-Dako, E.G. (Editors). PROTA (Plant Resources of Tropical Africa / Ressources végétales de l’Afrique tropicale), Wageningen, Netherlands.",A,expert_botanical_monograph_species_description,plantuse.plantnet.org,en,"Flowers bisexual, regular, 5-merous",8e7970a89ffc0e94351d257649259d2df4b43ef7f397aee717ac72a0cadf484d,6dc23857e728c31234402840513182e0575ffbdacd0d17143774cf07667ab52a,accepted_name_exact,wild_or_species_level_monograph_not_cultivar_limited,accept,true,true,true,false,,"Accepted after exact species identity, source page or original-study statement, trait-specific ontology, lineage and content fingerprint review; mapping retained only for floral_symmetry.",Codex source-backed rule-unlock wave-2 audit,2026-08-12T09:35:00Z
9584525b44d1fa38edb6a8de,Dombeya mollis,inflorescence_display,umbel_corymb,https://plantuse.plantnet.org/en/Dombeya_mollis_(PROTA),Dombeya mollis (PROTA),"Brink, M., 2010. Dombeya mollis Hook. [Internet] Record from PROTA4U. Brink, M. & Achigan-Dako, E.G. (Editors). PROTA (Plant Resources of Tropical Africa / Ressources végétales de l’Afrique tropicale), Wageningen, Netherlands.",A,expert_botanical_monograph_species_description,plantuse.plantnet.org,en,Inflorescence an axillary umbel c.,e7b1120e39fea2ac678b55b848aae67b5f17a5312abb352dbd9c6fb0cab3f3a0,93851793780ed3b1161982ba3635a3085de045006e3a1479df57cf2bffbcc00a,accepted_name_exact,wild_or_species_level_monograph_not_cultivar_limited,accept,true,true,true,false,,"Accepted after exact species identity, source page or original-study statement, trait-specific ontology, lineage and content fingerprint review; mapping retained only for inflorescence_display.",Codex source-backed rule-unlock wave-2 audit,2026-08-12T09:35:00Z
43badcc36c113210ff6a9bb5,Dombeya montana,floral_symmetry,actinomorphic,https://plantuse.plantnet.org/en/Dombeya_montana_(PROTA),Dombeya montana (PROTA),"Brink, M., 2010. Dombeya montana (Hochr.) Arènes. [Internet] Record from PROTA4U. Brink, M. & Achigan-Dako, E.G. (Editors). PROTA (Plant Resources of Tropical Africa / Ressources végétales de l’Afrique tropicale), Wageningen, Netherlands.",A,expert_botanical_monograph_species_description,plantuse.plantnet.org,en,"Flowers bisexual, regular, 5-merous",8e7970a89ffc0e94351d257649259d2df4b43ef7f397aee717ac72a0cadf484d,564556bd599eb5dc625c575e7b809703a47530921f5ce6d78ae1e738504d10c0,accepted_name_exact,wild_or_species_level_monograph_not_cultivar_limited,accept,true,true,true,false,,"Accepted after exact species identity, source page or original-study statement, trait-specific ontology, lineage and content fingerprint review; mapping retained only for floral_symmetry.",Codex source-backed rule-unlock wave-2 audit,2026-08-12T09:35:00Z
eb84df605534aa0f7ce2eb0b,Dombeya montana,flower_primary_color,red_pink|white,https://plantuse.plantnet.org/en/Dombeya_montana_(PROTA),Dombeya montana (PROTA),"Brink, M., 2010. Dombeya montana (Hochr.) Arènes. [Internet] Record from PROTA4U. Brink, M. & Achigan-Dako, E.G. (Editors). PROTA (Plant Resources of Tropical Africa / Ressources végétales de l’Afrique tropicale), Wageningen, Netherlands.",A,expert_botanical_monograph_species_description,plantuse.plantnet.org,en,"petals free, asymmetrical, broadly obovate, 15–18 mm × 14–20 mm, white to pink",8927d91e0a28b1a29dad11c88dd538129d17b85275c9230f8286dd8a1e112834,d5e465e7c5337baf2821b4ea8c8eebdab5828901c108629042ed3da15d9c9aef,accepted_name_exact,wild_or_species_level_monograph_not_cultivar_limited,accept,true,true,true,false,,"Accepted after exact species identity, source page or original-study statement, trait-specific ontology, lineage and content fingerprint review; mapping retained only for flower_primary_color.",Codex source-backed rule-unlock wave-2 audit,2026-08-12T09:35:00Z
e33fb3541b84c3d2a98f40df,Dombeya montana,inflorescence_display,umbel_corymb,https://plantuse.plantnet.org/en/Dombeya_montana_(PROTA),Dombeya montana (PROTA),"Brink, M., 2010. Dombeya montana (Hochr.) Arènes. [Internet] Record from PROTA4U. Brink, M. & Achigan-Dako, E.G. (Editors). PROTA (Plant Resources of Tropical Africa / Ressources végétales de l’Afrique tropicale), Wageningen, Netherlands.",A,expert_botanical_monograph_species_description,plantuse.plantnet.org,en,"Inflorescence an axillary umbel, many-flowered",8d8a9d59488f2287fe5c214f5c25d3b80bd4cb26155181f539259d19d2bc5a0d,83ad07570387d3df3c9eab61a408cef2c658e415789639e57d3825b56fb6e2eb,accepted_name_exact,wild_or_species_level_monograph_not_cultivar_limited,accept,true,true,true,false,,"Accepted after exact species identity, source page or original-study statement, trait-specific ontology, lineage and content fingerprint review; mapping retained only for inflorescence_display.",Codex source-backed rule-unlock wave-2 audit,2026-08-12T09:35:00Z
f55fe9567222bca251623599,Dombeya pilosa,floral_symmetry,actinomorphic,https://plantuse.plantnet.org/en/Dombeya_pilosa_(PROTA),Dombeya pilosa (PROTA),"Brink, M., 2010. Dombeya pilosa Cordem. [Internet] Record from PROTA4U. Brink, M. & Achigan-Dako, E.G. (Editors). PROTA (Plant Resources of Tropical Africa / Ressources végétales de l’Afrique tropicale), Wageningen, Netherlands.",A,expert_botanical_monograph_species_description,plantuse.plantnet.org,en,"Flowers unisexual, regular, 5-merous",fb4b63c12e5af2cb478de3978b57b6f3e20f99fc575876529493662f526e7022,f5c895c4a193b7577d58baa393045b49b4e34fcbfeb8f2094cb64424e7e65df2,accepted_name_exact,wild_or_species_level_monograph_not_cultivar_limited,accept,true,true,true,false,,"Accepted after exact species identity, source page or original-study statement, trait-specific ontology, lineage and content fingerprint review; mapping retained only for floral_symmetry.",Codex source-backed rule-unlock wave-2 audit,2026-08-12T09:35:00Z
031214af93abd0e730d266a8,Dombeya pilosa,inflorescence_display,umbel_corymb,https://plantuse.plantnet.org/en/Dombeya_pilosa_(PROTA),Dombeya pilosa (PROTA),"Brink, M., 2010. Dombeya pilosa Cordem. [Internet] Record from PROTA4U. Brink, M. & Achigan-Dako, E.G. (Editors). PROTA (Plant Resources of Tropical Africa / Ressources végétales de l’Afrique tropicale), Wageningen, Netherlands.",A,expert_botanical_monograph_species_description,plantuse.plantnet.org,en,"Inflorescence an axillary, dense, umbelliform cyme, often completely spherical, 4–9 cm in diameter, the female ones smaller than the male, up to 50-flowered",3d4088aa7ef7fe948f4296e3d1cbaad69860b4208ce395514f4f51c30de97474,5a4124e4ca270857c6d0092ba6f11b7908186ec2a57360f6ef2c53ade46f2f5d,accepted_name_exact,wild_or_species_level_monograph_not_cultivar_limited,accept,true,true,true,false,,"Accepted after exact species identity, source page or original-study statement, trait-specific ontology, lineage and content fingerprint review; mapping retained only for inflorescence_display.",Codex source-backed rule-unlock wave-2 audit,2026-08-12T09:35:00Z
67f4cadc8ecc9f061a6dd6d1,Dombeya rotunda,floral_symmetry,actinomorphic,https://plantuse.plantnet.org/en/Dombeya_rotunda_(PROTA),Dombeya rotunda (PROTA),"Brink, M., 2010. Dombeya rotunda Arènes. [Internet] Record from PROTA4U. Brink, M. & Achigan-Dako, E.G. (Editors). PROTA (Plant Resources of Tropical Africa / Ressources végétales de l’Afrique tropicale), Wageningen, Netherlands.",A,expert_botanical_monograph_species_description,plantuse.plantnet.org,en,"Flowers bisexual, regular, 5-merous",8e7970a89ffc0e94351d257649259d2df4b43ef7f397aee717ac72a0cadf484d,11f7a7dafa6399984a79a07f94c43418ebe4554ba257d0464972a28320078352,accepted_name_exact,wild_or_species_level_monograph_not_cultivar_limited,accept,true,true,true,false,,"Accepted after exact species identity, source page or original-study statement, trait-specific ontology, lineage and content fingerprint review; mapping retained only for floral_symmetry.",Codex source-backed rule-unlock wave-2 audit,2026-08-12T09:35:00Z
88b7535eb9a024bc4946944c,Dombeya rotunda,inflorescence_display,umbel_corymb,https://plantuse.plantnet.org/en/Dombeya_rotunda_(PROTA),Dombeya rotunda (PROTA),"Brink, M., 2010. Dombeya rotunda Arènes. [Internet] Record from PROTA4U. Brink, M. & Achigan-Dako, E.G. (Editors). PROTA (Plant Resources of Tropical Africa / Ressources végétales de l’Afrique tropicale), Wageningen, Netherlands.",A,expert_botanical_monograph_species_description,plantuse.plantnet.org,en,"Inflorescence an axillary umbel, with ferruginous stellate hairs, 2–7-flowered",f9ce9b37ff183fbf5d02fb4c751ead7dd7f6c3c3f2322e9e2a13fff8674d89ed,c5b525177a68225f35da27cc518f5d7634ef34a1653668ca07505220c30cf1b4,accepted_name_exact,wild_or_species_level_monograph_not_cultivar_limited,accept,true,true,true,false,,"Accepted after exact species identity, source page or original-study statement, trait-specific ontology, lineage and content fingerprint review; mapping retained only for inflorescence_display.",Codex source-backed rule-unlock wave-2 audit,2026-08-12T09:35:00Z
a0a167a6164b146d09a6e456,Dombeya spectabilis,floral_symmetry,actinomorphic,https://plantuse.plantnet.org/en/Dombeya_spectabilis_(PROTA),Dombeya spectabilis (PROTA),"Brink, M., 2010. Dombeya spectabilis Bojer. [Internet] Record from PROTA4U. Brink, M. & Achigan-Dako, E.G. (Editors). PROTA (Plant Resources of Tropical Africa / Ressources végétales de l’Afrique tropicale), Wageningen, Netherlands.",A,expert_botanical_monograph_species_description,plantuse.plantnet.org,en,"Flowers bisexual, regular, 5-merous",8e7970a89ffc0e94351d257649259d2df4b43ef7f397aee717ac72a0cadf484d,4d41087f488f548e2eb5dc3e743d530e0e3ddb5bd5368a0a002a6f70ca6e10f1,accepted_name_exact,wild_or_species_level_monograph_not_cultivar_limited,accept,true,true,true,false,,"Accepted after exact species identity, source page or original-study statement, trait-specific ontology, lineage and content fingerprint review; mapping retained only for floral_symmetry.",Codex source-backed rule-unlock wave-2 audit,2026-08-12T09:35:00Z
53415e0dbe0f7ed1777ae6a4,Dombeya spectabilis,inflorescence_display,umbel_corymb,https://plantuse.plantnet.org/en/Dombeya_spectabilis_(PROTA),Dombeya spectabilis (PROTA),"Brink, M., 2010. Dombeya spectabilis Bojer. [Internet] Record from PROTA4U. Brink, M. & Achigan-Dako, E.G. (Editors). PROTA (Plant Resources of Tropical Africa / Ressources végétales de l’Afrique tropicale), Wageningen, Netherlands.",A,expert_botanical_monograph_species_description,plantuse.plantnet.org,en,"Inflorescence an axillary cyme 12–23 cm long, many-flowered.",9ee32f05f009235177efc4f11613112d9d2b0ab6512351a8c62e69a3a793d9f9,ea3001414104f99b75afdba3cbbbb559b135a42aedd905ad6a9f4f92054e1914,accepted_name_exact,wild_or_species_level_monograph_not_cultivar_limited,accept,true,true,true,false,,"Accepted after exact species identity, source page or original-study statement, trait-specific ontology, lineage and content fingerprint review; mapping retained only for inflorescence_display.",Codex source-backed rule-unlock wave-2 audit,2026-08-12T09:35:00Z
3cf76e2fbaebc8d4c2b3a883,Dombeya torrida,floral_symmetry,actinomorphic,https://plantuse.plantnet.org/en/Dombeya_torrida_(PROTA),Dombeya torrida (PROTA),"Brink, M., 2007. Dombeya torrida (J.F.Gmel.) Bamps. In: Louppe, D., Oteng-Amoako, A.A. & Brink, M. (Editors). PROTA (Plant Resources of Tropical Africa / Ressources végétales de l’Afrique tropicale), Wageningen, Netherlands.",A,expert_botanical_monograph_species_description,plantuse.plantnet.org,en,"*Flowers bisexual, regular, 5-merous",2a50b18e650933ea2abdc0e5f54a6617119449e9ffe6267bb11f4fd62710b2c5,4bff1a337e26b09db1f94dbe1744da4816c843acdedd87f7169944069eb1091d,accepted_name_exact,wild_or_species_level_monograph_not_cultivar_limited,accept,true,true,true,false,,"Accepted after exact species identity, source page or original-study statement, trait-specific ontology, lineage and content fingerprint review; mapping retained only for floral_symmetry.",Codex source-backed rule-unlock wave-2 audit,2026-08-12T09:35:00Z
732239b84c607f6c28103a4b,Dombeya torrida,flower_primary_color,red_pink|white,https://plantuse.plantnet.org/en/Dombeya_torrida_(PROTA),Dombeya torrida (PROTA),"Brink, M., 2007. Dombeya torrida (J.F.Gmel.) Bamps. In: Louppe, D., Oteng-Amoako, A.A. & Brink, M. (Editors). PROTA (Plant Resources of Tropical Africa / Ressources végétales de l’Afrique tropicale), Wageningen, Netherlands.",A,expert_botanical_monograph_species_description,plantuse.plantnet.org,en,"petals obliquely obovate, 8–21 mm × 7–20(–28) mm, white or pink, with or without red centre or red veins, persistent and papery in fruit",82e3e2588e865f021593c1fa30189e4a628da0b6e4a05c1d64080b54bb5c6038,deaf3b9099788dd8f17ead8c43a8fddb107a4199c72e7139145a7b04b16f784a,accepted_name_exact,wild_or_species_level_monograph_not_cultivar_limited,accept,true,true,true,false,,"Accepted after exact species identity, source page or original-study statement, trait-specific ontology, lineage and content fingerprint review; mapping retained only for flower_primary_color.",Codex source-backed rule-unlock wave-2 audit,2026-08-12T09:35:00Z
6393721146cc91b68a7705e4,Dombeya torrida,inflorescence_display,umbel_corymb,https://plantuse.plantnet.org/en/Dombeya_torrida_(PROTA),Dombeya torrida (PROTA),"Brink, M., 2007. Dombeya torrida (J.F.Gmel.) Bamps. In: Louppe, D., Oteng-Amoako, A.A. & Brink, M. (Editors). PROTA (Plant Resources of Tropical Africa / Ressources végétales de l’Afrique tropicale), Wageningen, Netherlands.",A,expert_botanical_monograph_species_description,plantuse.plantnet.org,en,"*Inflorescence an axillary, 5.5–21.5 cm long, umbel-like cyme or 1–2 times bifurcate with umbel-like branches, many-flowered",12669efffc11b8480f02a89f79aa4446ec38244ca7c06d8ca61bfcca164844eb,96c3348812e43d66df74873c3ff5d213952dac0e31f9f92c94780fb644d78bf9,accepted_name_exact,wild_or_species_level_monograph_not_cultivar_limited,accept,true,true,true,false,,"Accepted after exact species identity, source page or original-study statement, trait-specific ontology, lineage and content fingerprint review; mapping retained only for inflorescence_display.",Codex source-backed rule-unlock wave-2 audit,2026-08-12T09:35:00Z
7c730c4e098aaf79e40a9d90,Dombeya viburnifloropsis,floral_symmetry,actinomorphic,https://plantuse.plantnet.org/en/Dombeya_viburnifloropsis_(PROTA),Dombeya viburnifloropsis (PROTA),"Brink, M., 2010. Dombeya viburnifloropsis Arènes. [Internet] Record from PROTA4U. Brink, M. & Achigan-Dako, E.G. (Editors). PROTA (Plant Resources of Tropical Africa / Ressources végétales de l’Afrique tropicale), Wageningen, Netherlands.",A,expert_botanical_monograph_species_description,plantuse.plantnet.org,en,"Flowers bisexual, regular, 5-merous",8e7970a89ffc0e94351d257649259d2df4b43ef7f397aee717ac72a0cadf484d,ec4005cfe011f07cc940b17045c252a9ebf6d3738f39d17b118e6fbf887a3f2b,accepted_name_exact,wild_or_species_level_monograph_not_cultivar_limited,accept,true,true,true,false,,"Accepted after exact species identity, source page or original-study statement, trait-specific ontology, lineage and content fingerprint review; mapping retained only for floral_symmetry.",Codex source-backed rule-unlock wave-2 audit,2026-08-12T09:35:00Z
7a5bc4d6ec2a5487da1ac0b3,Dombeya viburnifloropsis,flower_primary_color,white,https://plantuse.plantnet.org/en/Dombeya_viburnifloropsis_(PROTA),Dombeya viburnifloropsis (PROTA),"Brink, M., 2010. Dombeya viburnifloropsis Arènes. [Internet] Record from PROTA4U. Brink, M. & Achigan-Dako, E.G. (Editors). PROTA (Plant Resources of Tropical Africa / Ressources végétales de l’Afrique tropicale), Wageningen, Netherlands.",A,expert_botanical_monograph_species_description,plantuse.plantnet.org,en,"petals free, narrowly obovate, 10–11 mm × 3–5 mm, white",2dda79d0ff0aa9832ddcb5ca141566a915f451f42df77925d96fce9f0ce2367d,927c3717d17d51f5996a9132c3aef32f8b2b0a5d257f0c74e57da0ff0900096c,accepted_name_exact,wild_or_species_level_monograph_not_cultivar_limited,accept,true,true,true,false,,"Accepted after exact species identity, source page or original-study statement, trait-specific ontology, lineage and content fingerprint review; mapping retained only for flower_primary_color.",Codex source-backed rule-unlock wave-2 audit,2026-08-12T09:35:00Z
fb1d19d07a6994ffb430b24f,Dombeya viburnifloropsis,inflorescence_display,umbel_corymb,https://plantuse.plantnet.org/en/Dombeya_viburnifloropsis_(PROTA),Dombeya viburnifloropsis (PROTA),"Brink, M., 2010. Dombeya viburnifloropsis Arènes. [Internet] Record from PROTA4U. Brink, M. & Achigan-Dako, E.G. (Editors). PROTA (Plant Resources of Tropical Africa / Ressources végétales de l’Afrique tropicale), Wageningen, Netherlands.",A,expert_botanical_monograph_species_description,plantuse.plantnet.org,en,"Inflorescence an axillary umbellate cyme, 10–15 cm long, hairy, many-flowered.",a9d2c6f491fcce2bd528dbf8eba45a8c7115116ec1a88f272ea0851ee22d1117,ac4c9c938bb31d7239ffa2e709c78d35b83d156b899f8084adc302bbb61a66ba,accepted_name_exact,wild_or_species_level_monograph_not_cultivar_limited,accept,true,true,true,false,,"Accepted after exact species identity, source page or original-study statement, trait-specific ontology, lineage and content fingerprint review; mapping retained only for inflorescence_display.",Codex source-backed rule-unlock wave-2 audit,2026-08-12T09:35:00Z
81d94a58296a138eace8d39e,Drosera stenopetala,self_incompatibility,SC,https://academic.oup.com/aobpla/article/doi/10.1093/aobpla/plv095/1800409,Patterns in floral traits and plant breeding systems on Southern Ocean Islands,"Lord, J. M. (2015), AoB PLANTS 7:plv095, Supporting Information Table S1, DOI 10.1093/aobpla/plv095",B,peer_reviewed_species_level_compatibility_compilation,academic.oup.com,en,"Supporting Information Table S1: Drosera stenopetala; compatibility and reference-number cell: SC; 1, 35. The table defines SC as fully self-compatible, SCp as partially self-compatible, and SI as self-incompatible.",43a066cc77c95e1bb5b581a44677c1fb2d888a8fd87fd990f16a77385fe79c86,ac4bda83121271a33677b58f0819ba5c2fe4326f2b7ca3f17a9dbe94c8028086,accepted_name_exact,wild_or_species_level_statement_not_cultivar_limited,accept,true,true,true,false,,"Accepted after exact species identity, source page or original-study statement, trait-specific ontology, lineage and content fingerprint review; mapping retained only for self_incompatibility.",Codex source-backed rule-unlock wave-2 audit,2026-08-12T09:35:00Z
1ed0360bd0896da26fa3c367,Drymaria diandra,flower_primary_color,green_brown_inconspicuous|white,https://indiaflora-ces.iisc.ac.in/herbsheet.php?id=4081&cat=13,India Flora Online - Drymaria diandra,"Sankara Rao, K. and Deepak Kumar (2026). India Flora Online, species treatment: Drymaria diandra.",A,university_herbarium_regional_flora_species_treatment,indiaflora-ces.iisc.ac.in,en,"Key identification features: Prostrate annual Herb, 20-150 cm high; Leaves deltoid-ovate; Flowers light green to white; Capsules ovoid.",662ad76806f1226ccc6acdae8f8e8c09d5a1ff6706b79c274b63a43678382608,245f260ec1c97b8cb555a7c151b28a1650f3fec702027447a1a03e2fc8444bda,accepted_name_exact,wild_or_species_level_statement_not_cultivar_limited,accept,true,true,true,false,,"Accepted after exact species identity, source page or original-study statement, trait-specific ontology, lineage and content fingerprint review; mapping retained only for flower_primary_color.",Codex source-backed rule-unlock wave-2 audit,2026-08-12T09:35:00Z
f5f9dae4ce6ef57845def35c,Drypetes assamica,floral_symmetry,actinomorphic,https://bfis.bforest.gov.bd/nef/index.php/data/dataSpecies/40,Forest Emission Factor Database - Drypetes assamica,"Bangladesh Forest Information System, Forest Emission Factor Database species record: Drypetes assamica",A,government_forest_species_database,bfis.bforest.gov.bd,en,Tree Species Details: Genus Drypetes; Species Drypetes assamica; floral symmetry: actinomorphic.,c2ee9c5a339b41af619c915a93f1bc2e858604f70c8596281f10d576e3737e8d,d0a43a1c622b0f6dab7c21eb417bea8784f65575e9ca95fe4910f2637f087899,accepted_name_exact,wild_or_species_level_statement_not_cultivar_limited,accept,true,true,true,false,,"Accepted after exact species identity, source page or original-study statement, trait-specific ontology, lineage and content fingerprint review; mapping retained only for floral_symmetry.",Codex source-backed rule-unlock wave-2 audit,2026-08-12T09:35:00Z
409678b975068417d8e9d945,Dyschoriste nagchana,floral_form,funnel_trumpet,https://indiaflora-ces.iisc.ac.in/herbsheet.php?id=4115&cat=13,India Flora Online - Dyschoriste nagchana,"Sankara Rao, K. and Deepak Kumar (2026). India Flora Online, species treatment: Dyschoriste nagchana.",A,university_herbarium_regional_flora_species_treatment,indiaflora-ces.iisc.ac.in,en,Key identification features: Corolla funnel-shaped.,9880a2a527ca1f184d88014490be5888c64501ea37b07b8c8455d62784d578ce,ae8b862d8af21dd4c0afba55f202fff28d383528f507f2180fd779128210dbc5,accepted_name_exact,wild_or_species_level_statement_not_cultivar_limited,accept,true,true,true,false,,"Accepted after exact species identity, source page or original-study statement, trait-specific ontology, lineage and content fingerprint review; mapping retained only for floral_form.",Codex source-backed rule-unlock wave-2 audit,2026-08-12T09:35:00Z
92d895754bfa2d95c05b0cc2,Dyschoriste nagchana,flower_primary_color,blue_purple,https://indiaflora-ces.iisc.ac.in/herbsheet.php?id=4115&cat=13,India Flora Online - Dyschoriste nagchana,"Sankara Rao, K. and Deepak Kumar (2026). India Flora Online, species treatment: Dyschoriste nagchana.",A,university_herbarium_regional_flora_species_treatment,indiaflora-ces.iisc.ac.in,en,Key identification features: Flowers blue in axillary clusters.,054035b96cc869eb124d4d04fdc6ae656cfff065efed648244a3fad61d2e05bf,0a7e3f7ef8fbb35dadb1d7a5a6bb5fe8eaad6d82fd058f3eba81fe1651917a58,accepted_name_exact,wild_or_species_level_statement_not_cultivar_limited,accept,true,true,true,false,,"Accepted after exact species identity, source page or original-study statement, trait-specific ontology, lineage and content fingerprint review; mapping retained only for flower_primary_color.",Codex source-backed rule-unlock wave-2 audit,2026-08-12T09:35:00Z
1965372546e84164c4adf1e4,Dyschoriste oblongifolia,inflorescence_display,umbel_corymb,https://indiaflora-ces.iisc.ac.in/herbsheet.php?id=4116&cat=13,India Flora Online - Dyschoriste oblongifolia,"Sankara Rao, K. and Deepak Kumar (2026). India Flora Online, species treatment: Dyschoriste oblongifolia.",A,university_herbarium_regional_flora_species_treatment,indiaflora-ces.iisc.ac.in,en,"Key identification features: A perrenial herb, woody at base, prostrate, rooting at nodes; Flowers axillary in cymes; Corolla trumpet shape.",0c926dbcd03ec183984423ac5108da015bc7a9ef9eec7c66d79057f33272f0c1,4063dfab4bcd7ef3e797717521aa2febce39caecec89aee34ac9aa8f3aa103d7,accepted_name_exact,wild_or_species_level_statement_not_cultivar_limited,accept,true,true,true,false,,"Accepted after exact species identity, source page or original-study statement, trait-specific ontology, lineage and content fingerprint review; mapping retained only for inflorescence_display.",Codex source-backed rule-unlock wave-2 audit,2026-08-12T09:35:00Z
701027ec33ac751c3906b3d4,Echinochloa stagnina,autonomous_selfing_capacity,autonomous,https://plantuse.plantnet.org/en/Echinochloa_stagnina_(PROTA),Echinochloa stagnina (PROTA),"Brink, M., 2006. Echinochloa stagnina (Retz.) P.Beauv. In: Brink, M. & Belay, G. (Editors). PROTA (Plant Resources of Tropical Africa / Ressources végétales de l’Afrique tropicale), Wageningen, Netherlands.",A,expert_botanical_monograph_species_description,plantuse.plantnet.org,en,Echinochloa stagnina is self-pollinating.,15de924002ac10f0c7233c7ad59c961c15632e877af953e69adf5821daebbe34,0e2a40136b6fac583f73c991a05b6038ec03863ae32792d36b12ae6eb837fd99,accepted_name_exact,wild_or_species_level_monograph_not_cultivar_limited,accept,true,true,true,false,,"Accepted after exact species identity, source page or original-study statement, trait-specific ontology, lineage and content fingerprint review; mapping retained only for autonomous_selfing_capacity.",Codex source-backed rule-unlock wave-2 audit,2026-08-12T09:35:00Z
7edca70c3f0f5c67b5f598e0,Echium stenosiphon,flower_primary_color,blue_purple,https://plantuse.plantnet.org/en/Echium_stenosiphon_(PROTA),Echium stenosiphon (PROTA),"Bosch, C.H., 2006. Echium stenosiphon Webb. In: Schmelzer, G.H. & Gurib-Fakim, A. (Editors). PROTA (Plant Resources of Tropical Africa / Ressources végétales de l’Afrique tropicale), Wageningen, Netherlands.",A,expert_botanical_monograph_species_description,plantuse.plantnet.org,en,"corolla lilac-blue, tube slightly curved, up to 2.5 cm long, lobes up to 2.5 mm long",4c0e43cd16b09c34a8bdb019fc608bafea35793b19ebdbacb9af2808c392fa1d,971b41c84f6f72edde309322919ceedebd0c14bbea0c675eb9f46cdc79f14fe7,accepted_name_exact,wild_or_species_level_monograph_not_cultivar_limited,accept,true,true,true,false,,"Accepted after exact species identity, source page or original-study statement, trait-specific ontology, lineage and content fingerprint review; mapping retained only for flower_primary_color.",Codex source-backed rule-unlock wave-2 audit,2026-08-12T09:35:00Z
246a6b7a26209ed568800e98,Ehretia cymosa,flower_primary_color,red_pink|white|yellow_orange,https://plantuse.plantnet.org/en/Ehretia_cymosa_(PROTA),Ehretia cymosa (PROTA),"Lemmens, R.H.M.J., 2009. Ehretia cymosa Thonn. [Internet] Record from PROTA4U. Lemmens, R.H.M.J., Louppe, D. & Oteng-Amoako, A.A. (Editors). PROTA (Plant Resources of Tropical Africa / Ressources végétales de l’Afrique tropicale), Wageningen, Netherlands.",A,expert_botanical_monograph_species_description,plantuse.plantnet.org,en,"corolla campanulate, 4–8 mm long, white to yellowish or pinkish white, lobes about as long as tube, often reflexed",8daaa9ebd7e16d65a2202154275df5b914ee26fff7b2a1c148ee5316c83020c7,dfb54833c5faaf4a6475673e8e79c0f407860e814bbda7c53f0e09362b542d89,accepted_name_exact,wild_or_species_level_monograph_not_cultivar_limited,accept,true,true,true,false,,"Accepted after exact species identity, source page or original-study statement, trait-specific ontology, lineage and content fingerprint review; mapping retained only for flower_primary_color.",Codex source-backed rule-unlock wave-2 audit,2026-08-12T09:35:00Z
1a36dcd255e6fd24c529fdab,Ehretia macrophylla,flower_primary_color,white,https://indiaflora-ces.iisc.ac.in/herbsheet.php?id=14303&cat=13,India Flora Online - Ehretia macrophylla,"Sankara Rao, K. and Deepak Kumar (2026). India Flora Online, species treatment: Ehretia macrophylla.",A,university_herbarium_regional_flora_species_treatment,indiaflora-ces.iisc.ac.in,en,"Key identification features: Trees, up to 15 m high; Leaves broadly elliptic, rhomboid, unequally serrate, rounded at base, pubescent beneath; Flowers in short, terminal panicles, white; Drupes globose, mucronate; pyrenes 2.",553a0f40a631201205852d3365f8463a5be8aa9b9c78e5fb4a645f1ef79b0064,cbc887d508d96ef0178840636c917803b3dfb4464f2d64e79cfa9a8f33b1a370,accepted_name_exact,wild_or_species_level_statement_not_cultivar_limited,accept,true,true,true,false,,"Accepted after exact species identity, source page or original-study statement, trait-specific ontology, lineage and content fingerprint review; mapping retained only for flower_primary_color.",Codex source-backed rule-unlock wave-2 audit,2026-08-12T09:35:00Z
1602c780987bed034a07a722,Elaeocarpus prunifolius,flower_primary_color,white,https://indiaflora-ces.iisc.ac.in/herbsheet.php?id=12788&cat=13,India Flora Online - Elaeocarpus prunifolius,"Sankara Rao, K. and Deepak Kumar (2026). India Flora Online, species treatment: Elaeocarpus prunifolius.",A,university_herbarium_regional_flora_species_treatment,indiaflora-ces.iisc.ac.in,en,"Key identification features: Trees up to 20 m high with lax crown, branchlets glabrous; Leaves oblong-Ianceolate, glabrous, swollen at apex; Flowers in crowded racemes, 5-10 cm across, whitish; Drupes oblong-ovoid, pyrenes abscurely angled, rugose.",f5279279b4036a1262a99c845896afca95ae3518429ff742410341e4e2246d80,cdd35f473555ba9bbae06e186de088f39fe64a6ee8b8280ab3c894de87f73219,accepted_name_exact,wild_or_species_level_statement_not_cultivar_limited,accept,true,true,true,false,,"Accepted after exact species identity, source page or original-study statement, trait-specific ontology, lineage and content fingerprint review; mapping retained only for flower_primary_color.",Codex source-backed rule-unlock wave-2 audit,2026-08-12T09:35:00Z
26f742b4bdfedb7b376890ad,Elaeodendron orientale,flower_primary_color,green_brown_inconspicuous|yellow_orange,https://indiaflora-ces.iisc.ac.in/herbsheet.php?id=14003&cat=13,India Flora Online - Elaeodendron orientale,"Sankara Rao, K. and Deepak Kumar (2026). India Flora Online, species treatment: Elaeodendron orientale.",A,university_herbarium_regional_flora_species_treatment,indiaflora-ces.iisc.ac.in,en,"Key identification features: Tree; regular branches, form more or less rounded; bark is fluted, altertion of ribs and grooves; leaves on young plants are long and thin with a thin red mid-rib, adult leaves are round and dark green with a toothed margin; small yellowish-green flowers, 5 stamens visible in the axils of the petals; Fruit size and shape of an olive.",c574b5247e12d4d0f9109b7aab37f0a876e8eb113d48e2ec8d17e6f608d08938,5fa3958a1984de84ed915170192a834162fbb2bc4281425095e4707bada6ffc7,accepted_name_exact,wild_or_species_level_statement_not_cultivar_limited,accept,true,true,true,false,,"Accepted after exact species identity, source page or original-study statement, trait-specific ontology, lineage and content fingerprint review; mapping retained only for flower_primary_color.",Codex source-backed rule-unlock wave-2 audit,2026-08-12T09:35:00Z
34b3e4040ed6b19b1d46cbad,Elaeodendron paniculatum,flower_primary_color,green_brown_inconspicuous|yellow_orange,https://indiaflora-ces.iisc.ac.in/herbsheet.php?id=2223&cat=13,India Flora Online - Cassine paniculata,"Sankara Rao, K. and Deepak Kumar (2026). India Flora Online, species treatment: Cassine paniculata.",A,university_herbarium_regional_flora_species_treatment,indiaflora-ces.iisc.ac.in,en,Key identification features: Flowers greenish-yellow; petals spathulate.,ad9649488f5bd15b7ce3cb028199086fbc77cca02d26281e52147c56a3e6cb8b,1b43735298e874649b2827ed0f3ba0a2eff5c8e36472b5dda2afb81d91e31b14,exact_synonym,wild_or_species_level_statement_not_cultivar_limited,accept,true,true,true,false,,"Accepted after exact species identity, source page or original-study statement, trait-specific ontology, lineage and content fingerprint review; mapping retained only for flower_primary_color.",Codex source-backed rule-unlock wave-2 audit,2026-08-12T09:35:00Z
e14566433c86f27fa7f88f3b,Elatostema hookerianum,flower_primary_color,red_pink|white|yellow_orange,https://indiaflora-ces.iisc.ac.in/herbsheet.php?id=12903&cat=13,India Flora Online - Elatostema hookerianum,"Sankara Rao, K. and Deepak Kumar (2026). India Flora Online, species treatment: Elatostema hookerianum.",A,university_herbarium_regional_flora_species_treatment,indiaflora-ces.iisc.ac.in,en,"Key identification features: Annual, fleshy herbs, 50 cm 1.5 m high; Leaves falcately oblong-lanceolate, auricled at base, caudate-acuminate, serrate; Flowers in clusters, pink, white or yellowish; Achenes ellipsoid, ribbed.",9083f6882879570aa28c3366de6c1a634f903979f340524a72e1df21ddbb5c29,930d2083975614957ba05b41962ccb0600236b46422a17bcf26a7c94a60ce52a,accepted_name_exact,wild_or_species_level_statement_not_cultivar_limited,accept,true,true,true,false,,"Accepted after exact species identity, source page or original-study statement, trait-specific ontology, lineage and content fingerprint review; mapping retained only for flower_primary_color.",Codex source-backed rule-unlock wave-2 audit,2026-08-12T09:35:00Z
570c368d56ae04b71a2ee291,Elatostema integrifolium,flower_primary_color,white,https://indiaflora-ces.iisc.ac.in/herbsheet.php?id=4204&cat=13,India Flora Online - Elatostema integrifolium,"Sankara Rao, K. and Deepak Kumar (2026). India Flora Online, species treatment: Elatostema integrifolium.",A,university_herbarium_regional_flora_species_treatment,indiaflora-ces.iisc.ac.in,en,"Key identification features: Herbs or undershrubs, up to 1 m high; stems woody, branching; Leaves oblong-elliptic, caudate-acuminate, entire, coriaceous; Flowers from each node, white; Achenes minute, turgid, ellipsoid, ribbed.",c2812362717bcece468e93c2b499c539a671b277c5e69e2a2e74dbe38673525b,0325537662b7e6e2fe11f9a9a0e64af9b6203186ac6184fddc326984620b40d6,accepted_name_exact,wild_or_species_level_statement_not_cultivar_limited,accept,true,true,true,false,,"Accepted after exact species identity, source page or original-study statement, trait-specific ontology, lineage and content fingerprint review; mapping retained only for flower_primary_color.",Codex source-backed rule-unlock wave-2 audit,2026-08-12T09:35:00Z
bf4494cbb69ea4fb84affd5f,Elatostema monandrum,flower_primary_color,green_brown_inconspicuous,https://indiaflora-ces.iisc.ac.in/herbsheet.php?id=4209&cat=13,India Flora Online - Elatostema monandrum,"Sankara Rao, K. and Deepak Kumar (2026). India Flora Online, species treatment: Elatostema monandrum.",A,university_herbarium_regional_flora_species_treatment,indiaflora-ces.iisc.ac.in,en,"Key identification features: Lithophytic herbs or undershrubs, 7.5-30 cm high; Leaves oblong, obtuse, entire, glabrous, membranous; cystoliths numerous; Flowers brown; Achenes slender, ribbed.",a540b7295c9d19e04f3d92765450b7b8c48718bbdf5bf906bea4fd8f58819222,0dfe3fcd9f001a40b7e59ab7f4dd189ec1d3c3db583b4073101f7e42e6b8ebed,accepted_name_exact,wild_or_species_level_statement_not_cultivar_limited,accept,true,true,true,false,,"Accepted after exact species identity, source page or original-study statement, trait-specific ontology, lineage and content fingerprint review; mapping retained only for flower_primary_color.",Codex source-backed rule-unlock wave-2 audit,2026-08-12T09:35:00Z
1058120650ede6770412fe61,Elatostema platyphyllum,flower_primary_color,green_brown_inconspicuous|white,https://indiaflora-ces.iisc.ac.in/herbsheet.php?id=4211&cat=13,India Flora Online - Elatostema platyphyllum,"Sankara Rao, K. and Deepak Kumar (2026). India Flora Online, species treatment: Elatostema platyphyllum.",A,university_herbarium_regional_flora_species_treatment,indiaflora-ces.iisc.ac.in,en,"Key identification features: Large herbs or undershrubs; Leaves obliquely elliptic-Ianceolate, caudate-acuminate, serrulate, subcoriaceous; Flowers greenish white; Achenes ovoid.",23cfd22678ebb8947f30d0d81c52904667a8dbbe99ae61567c52d500a7316766,09364f6eefc1772b6e1cb850474eada9b318b1e5e86fd73d76201be9a01dc530,accepted_name_exact,wild_or_species_level_statement_not_cultivar_limited,accept,true,true,true,false,,"Accepted after exact species identity, source page or original-study statement, trait-specific ontology, lineage and content fingerprint review; mapping retained only for flower_primary_color.",Codex source-backed rule-unlock wave-2 audit,2026-08-12T09:35:00Z
77ee9e9f2afb5191da09b092,Elatostema rupestre,flower_primary_color,green_brown_inconspicuous|yellow_orange,https://indiaflora-ces.iisc.ac.in/herbsheet.php?id=4213&cat=13,India Flora Online - Elatostema rupestre,"Sankara Rao, K. and Deepak Kumar (2026). India Flora Online, species treatment: Elatostema rupestre.",A,university_herbarium_regional_flora_species_treatment,indiaflora-ces.iisc.ac.in,en,"Key identification features: Shrubs, 13m high, often epiphytic; Leaves elliptic or linear-lanceolate, acuminate, crenate; Flowers pale yellowish green; Achenes small, warty or ribbed.",83e548e1b78e3b4b4367bfe27fbd55d31dd656b1e3d8bebc43e2b37f26bbaa1b,b325e26d56b4214c08affcfc2aae2b4e0bc67504a206b412ad20a1f185de20f7,accepted_name_exact,wild_or_species_level_statement_not_cultivar_limited,accept,true,true,true,false,,"Accepted after exact species identity, source page or original-study statement, trait-specific ontology, lineage and content fingerprint review; mapping retained only for flower_primary_color.",Codex source-backed rule-unlock wave-2 audit,2026-08-12T09:35:00Z
8d1c7152335897795669bd0c,Emilia lisowskiana,floral_form,tubular,https://plantuse.plantnet.org/en/Emilia_lisowskiana_(PROTA),Emilia lisowskiana (PROTA),"Bosch, C.H., 2004. Emilia lisowskiana C.Jeffrey. [Internet] Record from PROTA4U. Grubben, G.J.H. & Denton, O.A. (Editors). PROTA (Plant Resources of Tropical Africa / Ressources végétales de l’Afrique tropicale), Wageningen, Netherlands.",A,expert_botanical_monograph_species_description,plantuse.plantnet.org,en,"corolla tubular, 7–8(–10) mm long, orange-yellow to orange",c8a97f72ffe6e8b097bed170320c054929647f9edf49cd104c27308cab59425d,d9a9d4c0b8c29160064090d9a8c081023bcf5eafe50972bbb3e4120e320dc542,accepted_name_exact,wild_or_species_level_monograph_not_cultivar_limited,accept,true,true,true,false,,"Accepted after exact species identity, source page or original-study statement, trait-specific ontology, lineage and content fingerprint review; mapping retained only for floral_form.",Codex source-backed rule-unlock wave-2 audit,2026-08-12T09:35:00Z
9fa8b664c1eeb0ebe962a5de,Emilia lisowskiana,floral_symmetry,actinomorphic,https://plantuse.plantnet.org/en/Emilia_lisowskiana_(PROTA),Emilia lisowskiana (PROTA),"Bosch, C.H., 2004. Emilia lisowskiana C.Jeffrey. [Internet] Record from PROTA4U. Grubben, G.J.H. & Denton, O.A. (Editors). PROTA (Plant Resources of Tropical Africa / Ressources végétales de l’Afrique tropicale), Wageningen, Netherlands.",A,expert_botanical_monograph_species_description,plantuse.plantnet.org,en,"*Flowers bisexual, regular, 5-merous",2a50b18e650933ea2abdc0e5f54a6617119449e9ffe6267bb11f4fd62710b2c5,b9f4c93599a8c8f7d48a65caebadcc039909cfb0d28db43186cc88bb0343bb55,accepted_name_exact,wild_or_species_level_monograph_not_cultivar_limited,accept,true,true,true,false,,"Accepted after exact species identity, source page or original-study statement, trait-specific ontology, lineage and content fingerprint review; mapping retained only for floral_symmetry.",Codex source-backed rule-unlock wave-2 audit,2026-08-12T09:35:00Z
9210090869c52f84930d0e1c,Emilia lisowskiana,flower_primary_color,yellow_orange,https://plantuse.plantnet.org/en/Emilia_lisowskiana_(PROTA),Emilia lisowskiana (PROTA),"Bosch, C.H., 2004. Emilia lisowskiana C.Jeffrey. [Internet] Record from PROTA4U. Grubben, G.J.H. & Denton, O.A. (Editors). PROTA (Plant Resources of Tropical Africa / Ressources végétales de l’Afrique tropicale), Wageningen, Netherlands.",A,expert_botanical_monograph_species_description,plantuse.plantnet.org,en,"corolla tubular, 7–8(–10) mm long, orange-yellow to orange",c8a97f72ffe6e8b097bed170320c054929647f9edf49cd104c27308cab59425d,d9a9d4c0b8c29160064090d9a8c081023bcf5eafe50972bbb3e4120e320dc542,accepted_name_exact,wild_or_species_level_monograph_not_cultivar_limited,accept,true,true,true,false,,"Accepted after exact species identity, source page or original-study statement, trait-specific ontology, lineage and content fingerprint review; mapping retained only for flower_primary_color.",Codex source-backed rule-unlock wave-2 audit,2026-08-12T09:35:00Z
1afa83f7112e6bb24ca5ada2,Emilia lisowskiana,inflorescence_display,composite_display|umbel_corymb,https://plantuse.plantnet.org/en/Emilia_lisowskiana_(PROTA),Emilia lisowskiana (PROTA),"Bosch, C.H., 2004. Emilia lisowskiana C.Jeffrey. [Internet] Record from PROTA4U. Grubben, G.J.H. & Denton, O.A. (Editors). PROTA (Plant Resources of Tropical Africa / Ressources végétales de l’Afrique tropicale), Wageningen, Netherlands.",A,expert_botanical_monograph_species_description,plantuse.plantnet.org,en,"*Inflorescence a terminal, discoid head, 2–4 together in corymbs, 12–16-flowered",01498373d81d5ec72f9abf3b899387704a5694a933030d93dc972c8df3770e84,842d920f100705eaf7ea37eccde0a67ce9957602a326a515f6626d0e92789db0,accepted_name_exact,wild_or_species_level_monograph_not_cultivar_limited,accept,true,true,true,false,,"Accepted after exact species identity, source page or original-study statement, trait-specific ontology, lineage and content fingerprint review; mapping retained only for inflorescence_display.",Codex source-backed rule-unlock wave-2 audit,2026-08-12T09:35:00Z
fb673c8e40f287f21780dcb9,Encyclia phoenicea,self_incompatibility,SC,https://sco.org.co/wp-content/uploads/2018/07/Orquideologia-34.pdf,Artificial Self-pollination (Autofecundation) as a Taxonomic Tool - Encyclia tampensis (Lindl.) Small,"Sauleda, R. P. (2017), Orquideologia 34(2):181-197",B,orchid_society_journal_documented_artificial_selfing,sco.org.co,en,"This is the first paper of a series that reports the results of over 50 years of selfing (autofecundation) of species by Ruben In Orchids of Miami, Florida. In most cases usually only one plant was available of each species, therefore outcrossing was not possible. These included: Encyclia phoenicea (Lindl.) Neumann, Encyclia plicata (Lindl.) Schltr. Selﬁngs were made several times of each species. Accurate photographic records were kept.",cacdd852c1c0d2f5836d086fa51e0861fd34bada77196e9185c0a4b98bae1d09,ae0d982210e546b5eba5386fb0f5a2c948d76c49a8e1c765624a867b70c418dc,accepted_name_exact,living_species_accession_statement_not_cultivar_or_hybrid_limited,accept,true,true,true,false,,"Accepted after exact species identity, source page or original-study statement, trait-specific ontology, lineage and content fingerprint review; mapping retained only for self_incompatibility.",Codex source-backed rule-unlock wave-2 audit,2026-08-12T09:35:00Z
05fdc44f24391a2fac5f2621,Encyclia plicata,self_incompatibility,SC,https://sco.org.co/wp-content/uploads/2018/07/Orquideologia-34.pdf,Artificial Self-pollination (Autofecundation) as a Taxonomic Tool - Encyclia tampensis (Lindl.) Small,"Sauleda, R. P. (2017), Orquideologia 34(2):181-197",B,orchid_society_journal_documented_artificial_selfing,sco.org.co,en,"This is the first paper of a series that reports the results of over 50 years of selfing (autofecundation) of species by Ruben In Orchids of Miami, Florida. In most cases usually only one plant was available of each species, therefore outcrossing was not possible. These included: Encyclia phoenicea (Lindl.) Neumann, Encyclia plicata (Lindl.) Schltr. Selﬁngs were made several times of each species. Accurate photographic records were kept.",cacdd852c1c0d2f5836d086fa51e0861fd34bada77196e9185c0a4b98bae1d09,ae0d982210e546b5eba5386fb0f5a2c948d76c49a8e1c765624a867b70c418dc,accepted_name_exact,living_species_accession_statement_not_cultivar_or_hybrid_limited,accept,true,true,true,false,,"Accepted after exact species identity, source page or original-study statement, trait-specific ontology, lineage and content fingerprint review; mapping retained only for self_incompatibility.",Codex source-backed rule-unlock wave-2 audit,2026-08-12T09:35:00Z
d761d6d209f659e79836b1cc,Encyclia tampensis,autonomous_selfing_capacity,absent,https://www.ars.usda.gov/research/publications/publication/?seqNo115=349510,"Aspects of the pollination biology of Encyclia tampensis, the commercially exploited butterfly orchid, and Prosthechea cochleata, the endangered clamshell orchid, in south Florida","Ray et al. (2019), Florida Entomologist 102(1):154-160, DOI 10.1653/024.102.0125",A,peer_reviewed_primary_pollinator_exclusion_experiment,ars.usda.gov,en,Experiments using pollinator-exclusion bags revealed that this species is not capable of self-pollination and requires a pollen vector for seed capsule development.,bcbdd44aa8b7e28bb63d53a204097884d7a3f5a883decb683a77c759969892f5,f6013d53c840dd6a6e02b364c3a1d33179d9c718c2627d5609634031643ebcb1,accepted_name_exact,wild_or_species_level_statement_not_cultivar_limited,accept,true,true,true,false,,"Accepted after exact species identity, source page or original-study statement, trait-specific ontology, lineage and content fingerprint review; mapping retained only for autonomous_selfing_capacity.",Codex source-backed rule-unlock wave-2 audit,2026-08-12T09:35:00Z
67856c6d605cc39897ecbae4,Endiandra firma,flower_primary_color,yellow_orange,https://indiaflora-ces.iisc.ac.in/herbsheet.php?id=14481&cat=13,India Flora Online - Endiandra firma,"Sankara Rao, K. and Deepak Kumar (2026). India Flora Online, species treatment: Endiandra firma.",A,university_herbarium_regional_flora_species_treatment,indiaflora-ces.iisc.ac.in,en,"Key identification features: Evergreen trees up to 25 m tall; Leaves simple, alternate, elliptic-oblong, apex beaked, base narrowed, margin smooth; Flowers in axillary inflorescences, fragrant, bisexual, tepals 6, free, yellow; Fruits elliptic-ovoid, seated on inflated perianth, green when young, black when mature.",4407bae3a2ffaa51e8ae1133eebe35dae56966796ae02d5aa658808224ea6f52,21b38adda8e3dcd861e6f9ec7f2b5845575eaed02544a8cd0595be2d01ef55b9,accepted_name_exact,wild_or_species_level_statement_not_cultivar_limited,accept,true,true,true,false,,"Accepted after exact species identity, source page or original-study statement, trait-specific ontology, lineage and content fingerprint review; mapping retained only for flower_primary_color.",Codex source-backed rule-unlock wave-2 audit,2026-08-12T09:35:00Z
c4e5f5ed88b3262f788796b6,Endospermum chinense,floral_symmetry,actinomorphic,https://bfis.bforest.gov.bd/nef/index.php/data/dataSpecies/40,Forest Emission Factor Database - Endospermum chinense,"Bangladesh Forest Information System, Forest Emission Factor Database species record: Endospermum chinense",A,government_forest_database_species_record,bfis.bforest.gov.bd,en,Tree Species Details: Family Name: Euphorbiaceae; Genus: Endospermum; Species: Endospermum chinense; floral symmetry: actinomorphic.,700012a43a0d60dde1552a88e222d5cd21a082ed3ba68c5e642699f51d44ad22,a9ae2aa0bf3993791f9e65ee0e8642137cf7cbfec8efda305512631089ed27a4,accepted_name_exact,wild_or_species_level_statement_not_cultivar_limited,accept,true,true,true,false,,"Accepted after exact species identity, source page or original-study statement, trait-specific ontology, lineage and content fingerprint review; mapping retained only for floral_symmetry.",Codex source-backed rule-unlock wave-2 audit,2026-08-12T09:35:00Z
87b00a5a22469816e84e3bbb,Engelhardtia roxburghiana,floral_symmetry,actinomorphic,https://bfis.bforest.gov.bd/nef/index.php/data/dataSpecies/40,Forest Emission Factor Database - Engelhardtia roxburghiana,"Bangladesh Forest Information System, Forest Emission Factor Database species record: Engelhardtia roxburghiana",A,government_forest_database_species_record,bfis.bforest.gov.bd,en,Tree Species Details: Family Name: Juglandaceae; Genus: Engelhardtia; Species: Engelhardtia roxburghiana; floral symmetry: actinomorphic.,284762c3edf897e99c05f2d885bf97f100db65e7d2d88e81d1ce87f16f66b53d,97ff01e372199732a98fde3d1de6f350afda526a2a58f33e683bb98db0610384,accepted_name_exact,wild_or_species_level_statement_not_cultivar_limited,accept,true,true,true,false,,"Accepted after exact species identity, source page or original-study statement, trait-specific ontology, lineage and content fingerprint review; mapping retained only for floral_symmetry.",Codex source-backed rule-unlock wave-2 audit,2026-08-12T09:35:00Z
711214764c3c6b0737ff5508,Engelhardtia spicata,floral_symmetry,actinomorphic,https://bfis.bforest.gov.bd/nef/index.php/data/dataSpecies/40,Forest Emission Factor Database - Engelhardtia spicata,"Bangladesh Forest Information System, Forest Emission Factor Database species record: Engelhardtia spicata",A,government_forest_database_species_record,bfis.bforest.gov.bd,en,Tree Species Details: Family Name: Juglandaceae; Genus: Engelhardtia; Species: Engelhardtia spicata; floral symmetry: actinomorphic.,5a026a18e5e912523b22c6d207717b6f2369b1a0fe807a36e0ca1c3c6c32fb1e,2107da677dd4e92fabd7d169c199edd5082ccc48819a27f793871359e0eef46b,accepted_name_exact,wild_or_species_level_statement_not_cultivar_limited,accept,true,true,true,false,,"Accepted after exact species identity, source page or original-study statement, trait-specific ontology, lineage and content fingerprint review; mapping retained only for floral_symmetry.",Codex source-backed rule-unlock wave-2 audit,2026-08-12T09:35:00Z
8ff1c4b49993fc3b4617a890,Entandrophragma angolense,floral_symmetry,actinomorphic,https://plantuse.plantnet.org/en/Entandrophragma_angolense_(PROTA),Entandrophragma angolense (PROTA),"Tchinda, A.T., 2008. Entandrophragma angolense (Welw.) C.DC. In: Louppe, D., Oteng-Amoako, A.A. & Brink, M. (Editors). PROTA (Plant Resources of Tropical Africa / Ressources végétales de l’Afrique tropicale), Wageningen, Netherlands.",A,expert_botanical_monograph_species_description,plantuse.plantnet.org,en,"*Flowers unisexual, regular, 5-merous",23f460f3150afa7665a5f629ac42413569a12045ca8f87c5a746c6fcaf578371,592a502e63eaf5bbccd0d7a17caa2213d4da6d0bfdd67ab2bdbdd3d9b167cc77,accepted_name_exact,wild_or_species_level_monograph_not_cultivar_limited,accept,true,true,true,false,,"Accepted after exact species identity, source page or original-study statement, trait-specific ontology, lineage and content fingerprint review; mapping retained only for floral_symmetry.",Codex source-backed rule-unlock wave-2 audit,2026-08-12T09:35:00Z
4eb4b6c1a915f0a3fe618532,Entandrophragma angolense,inflorescence_display,raceme_spike_panicle,https://plantuse.plantnet.org/en/Entandrophragma_angolense_(PROTA),Entandrophragma angolense (PROTA),"Tchinda, A.T., 2008. Entandrophragma angolense (Welw.) C.DC. In: Louppe, D., Oteng-Amoako, A.A. & Brink, M. (Editors). PROTA (Plant Resources of Tropical Africa / Ressources végétales de l’Afrique tropicale), Wageningen, Netherlands.",A,expert_botanical_monograph_species_description,plantuse.plantnet.org,en,"*Inflorescence an axillary or terminal panicle up to 40 cm long, short-hairy to nearly glabrous.",5e199b4e33069f40a1ca5126423e288c7f876999a1fae5822356dff984d1c2c8,860e7ff683e292014d9b26de4f7b1b1eff540d3103ee1792c8dbdfbeab6bd792,accepted_name_exact,wild_or_species_level_monograph_not_cultivar_limited,accept,true,true,true,false,,"Accepted after exact species identity, source page or original-study statement, trait-specific ontology, lineage and content fingerprint review; mapping retained only for inflorescence_display.",Codex source-backed rule-unlock wave-2 audit,2026-08-12T09:35:00Z
e0a25ee2fc26fa107c839c38,Ephippiandra madagascariensis,floral_symmetry,actinomorphic,https://plantuse.plantnet.org/en/Ephippiandra_madagascariensis_(PROTA),Ephippiandra madagascariensis (PROTA),"Bosch, C.H., 2012. Ephippiandra madagascariensis (Danguy) Lorence. [Internet] Record from PROTA4U. Lemmens, R.H.M.J., Louppe, D. & Oteng-Amoako, A.A. (Editors). PROTA (Plant Resources of Tropical Africa / Ressources végétales de l’Afrique tropicale), Wageningen, Netherlands.",A,expert_botanical_monograph_species_description,plantuse.plantnet.org,en,"*Flowers unisexual, regular",628ea34ccc457980cd8cf905664a72169a1f3d691e7e0eab3b1d39f9584e6433,09f3131873fe1f57d715aa129a100194c49d90359abb997745b40167df8069c6,accepted_name_exact,wild_or_species_level_monograph_not_cultivar_limited,accept,true,true,true,false,,"Accepted after exact species identity, source page or original-study statement, trait-specific ontology, lineage and content fingerprint review; mapping retained only for floral_symmetry.",Codex source-backed rule-unlock wave-2 audit,2026-08-12T09:35:00Z
673fa481ec477364f4635b4e,Ephippiandra madagascariensis,inflorescence_display,umbel_corymb,https://plantuse.plantnet.org/en/Ephippiandra_madagascariensis_(PROTA),Ephippiandra madagascariensis (PROTA),"Bosch, C.H., 2012. Ephippiandra madagascariensis (Danguy) Lorence. [Internet] Record from PROTA4U. Lemmens, R.H.M.J., Louppe, D. & Oteng-Amoako, A.A. (Editors). PROTA (Plant Resources of Tropical Africa / Ressources végétales de l’Afrique tropicale), Wageningen, Netherlands.",A,expert_botanical_monograph_species_description,plantuse.plantnet.org,en,"*Inflorescence an axillary cyme up to 3 cm long, greyish short-hairy, 3–5-flowered with 1 terminal female flower subtended by 2–4 male flowers.",ca6a58ce113733584d4d6b4fea094482c18402216e33ec4434d309fd4e6b4405,cc76633e5abb0af8b8b1e21531c7b5d661685981a987b64c164e494cb79b2e83,accepted_name_exact,wild_or_species_level_monograph_not_cultivar_limited,accept,true,true,true,false,,"Accepted after exact species identity, source page or original-study statement, trait-specific ontology, lineage and content fingerprint review; mapping retained only for inflorescence_display.",Codex source-backed rule-unlock wave-2 audit,2026-08-12T09:35:00Z
2eaf84b37a150668ca1cd3dd,Epiprinus siletianus,floral_symmetry,actinomorphic,https://bfis.bforest.gov.bd/nef/index.php/data/dataSpecies/40,Forest Emission Factor Database - Epiprinus siletianus,"Bangladesh Forest Information System, Forest Emission Factor Database species record: Epiprinus siletianus",A,government_forest_database_species_record,bfis.bforest.gov.bd,en,Tree Species Details: Family Name: Euphorbiaceae; Genus: Epiprinus; Species: Epiprinus siletianus; floral symmetry: actinomorphic.,e33e31a3f0f918b6235b82f2f357a2b128a9ff8e9b15d507703ae9903a9c0682,6a713355558b3a85a02091a7e404fc6c7acf408c07ce102ccd4b0b2c3703af07,accepted_name_exact,wild_or_species_level_statement_not_cultivar_limited,accept,true,true,true,false,,"Accepted after exact species identity, source page or original-study statement, trait-specific ontology, lineage and content fingerprint review; mapping retained only for floral_symmetry.",Codex source-backed rule-unlock wave-2 audit,2026-08-12T09:35:00Z
6e866295d1dbf8c316a64679,Eremospatha macrocarpa,flower_primary_color,yellow_orange,https://plantuse.plantnet.org/en/Eremospatha_macrocarpa_(PROTA),Eremospatha macrocarpa (PROTA),"Opuni-Frimpong, E. & Acheampong Owusu, S. & Ebanyenle, E. & Sunderland, T.C.H., 2011. Eremospatha macrocarpa (G.Mann & H.Wendl.) H.Wendl. [Internet] Record from PROTA4U. Brink, M. & Achigan-Dako, E.G. (Editors). PROTA (Plant Resources of Tropical Africa / Ressources végétales de l’Afrique tropicale), Wageningen, Netherlands.",A,expert_botanical_monograph_species_description,plantuse.plantnet.org,en,"Flowers in pairs, bisexual, sessile, buff yellow, very fragrant",491426a72efe21e98dc3fcd9f819cbb55fc2038ecb4ed0380fab5f39ccb3a4d5,24b52fdc7dd556d985e4096fa6872b72b1a07d82255fe3c7bfa6db223f822672,accepted_name_exact,wild_or_species_level_monograph_not_cultivar_limited,accept,true,true,true,false,,"Accepted after exact species identity, source page or original-study statement, trait-specific ontology, lineage and content fingerprint review; mapping retained only for flower_primary_color.",Codex source-backed rule-unlock wave-2 audit,2026-08-12T09:35:00Z
8a9c1ab6ae272d70307b5a6e,Eriocapitella vitifolia,flower_primary_color,red_pink|white,https://indiaflora-ces.iisc.ac.in/herbsheet.php?id=689&cat=13,India Flora Online - Anemone vitifolia,"Sankara Rao, K. and Deepak Kumar (2026). India Flora Online, species treatment: Anemone vitifolia.",A,university_herbarium_regional_flora_species_treatment,indiaflora-ces.iisc.ac.in,en,"Key identification features: Flowers pinkish white, pubescent outside.",45c0cd30e85c4ad33742613ce263a699fff66c195acf19f10f482ef9f1cd49b5,01bda7280e09f1311c4fa1cd4e1b1fbc66aa24f2c0032a40316f73f77bab68db,exact_synonym,wild_or_species_level_statement_not_cultivar_limited,accept,true,true,true,false,,"Accepted after exact species identity, source page or original-study statement, trait-specific ontology, lineage and content fingerprint review; mapping retained only for flower_primary_color.",Codex source-backed rule-unlock wave-2 audit,2026-08-12T09:35:00Z
536a9a33a400d19a72e2d880,Erythranthe nepalensis,flower_primary_color,yellow_orange,https://indiaflora-ces.iisc.ac.in/herbsheet.php?id=7885&cat=13,India Flora Online - Mimulus nepalensis,"Sankara Rao, K. and Deepak Kumar (2026). India Flora Online, species treatment: Mimulus nepalensis.",A,university_herbarium_regional_flora_species_treatment,indiaflora-ces.iisc.ac.in,en,"Key identification features: Prostrate herbs, up to 25 cm long; Leaves ovate, coarsely serrate; Flowers axillary, solitary, yellow; pedicels usually longer than leaves; Capsules ovate-lanceolate.",05198716c9d85111d1c201b0e2a8f62097c52cb172641986e3b595c5294602e8,bd8e3c6181c7a9e8420cf2d0a59feef7febf453340e0d904e0738d937dcab379,exact_synonym,wild_or_species_level_statement_not_cultivar_limited,accept,true,true,true,false,,"Accepted after exact species identity, source page or original-study statement, trait-specific ontology, lineage and content fingerprint review; mapping retained only for flower_primary_color.",Codex source-backed rule-unlock wave-2 audit,2026-08-12T09:35:00Z
38c0cddfab13d32d3d94d559,Erythrina abyssinica,flower_primary_color,red_pink|yellow_orange,https://plantuse.plantnet.org/en/Erythrina_abyssinica_(PROTA),Erythrina abyssinica (PROTA),"Aerts, R., 2008. Erythrina abyssinica Lam. ex DC. In: Louppe, D., Oteng-Amoako, A.A. & Brink, M. (Editors). PROTA (Plant Resources of Tropical Africa / Ressources végétales de l’Afrique tropicale), Wageningen, Netherlands.",A,expert_botanical_monograph_species_description,plantuse.plantnet.org,en,"corolla orange-red to scarlet red, standard elliptical to obovate, 3–5 cm × 1–1.5 cm, wings 7–11 mm × 4–6 mm, keel petals free, 5–6 mm × 3–4 mm",41f6a1a16056483f55bb77d337ce552c2b8bebfd9e08eec887522ba0b5ab67f0,a8bcaa87c6463aa176ce6050ea9baa2e7bc7aa41d0555318a8623ea0405526b8,accepted_name_exact,wild_or_species_level_monograph_not_cultivar_limited,accept,true,true,true,false,,"Accepted after exact species identity, source page or original-study statement, trait-specific ontology, lineage and content fingerprint review; mapping retained only for flower_primary_color.",Codex source-backed rule-unlock wave-2 audit,2026-08-12T09:35:00Z
dd323bbc338790e45d275b20,Erythrococca anomala,flower_primary_color,white|yellow_orange,https://plantuse.plantnet.org/en/Erythrococca_anomala_(PROTA),Erythrococca anomala (PROTA),"Jiofack Tafokou, R.B., 2008. Erythrococca anomala (Juss. ex Poir.) Prain. [Internet] Record from PROTA4U. Schmelzer, G.H. & Gurib-Fakim, A. (Editors). PROTA (Plant Resources of Tropical Africa / Ressources végétales de l’Afrique tropicale), Wageningen, Netherlands.",A,expert_botanical_monograph_species_description,plantuse.plantnet.org,en,"Flowers unisexual, minute, whitish to pale yellow",d098ed8870432f508a9ed72b0aeb19d3d92430838435183dbc8849a2aaea301d,9306113ea6f31ff3b51bcf4926d365dc5a297f92a3d47e89fc54f9d6a80e734b,accepted_name_exact,wild_or_species_level_monograph_not_cultivar_limited,accept,true,true,true,false,,"Accepted after exact species identity, source page or original-study statement, trait-specific ontology, lineage and content fingerprint review; mapping retained only for flower_primary_color.",Codex source-backed rule-unlock wave-2 audit,2026-08-12T09:35:00Z
12eb659a29953957caff9d4f,Erythrococca anomala,inflorescence_display,raceme_spike_panicle,https://plantuse.plantnet.org/en/Erythrococca_anomala_(PROTA),Erythrococca anomala (PROTA),"Jiofack Tafokou, R.B., 2008. Erythrococca anomala (Juss. ex Poir.) Prain. [Internet] Record from PROTA4U. Schmelzer, G.H. & Gurib-Fakim, A. (Editors). PROTA (Plant Resources of Tropical Africa / Ressources végétales de l’Afrique tropicale), Wageningen, Netherlands.",A,expert_botanical_monograph_species_description,plantuse.plantnet.org,en,Inflorescence an axillary raceme.,b48e109f441a6daa0acf48bf1c512c87fe7149916ad121ab39ceb278b0070fb4,bcc1ae68c132cbd49e4adfd6161aff7ca7fc19eb49abee8ee20079b5975b5fe7,accepted_name_exact,wild_or_species_level_monograph_not_cultivar_limited,accept,true,true,true,false,,"Accepted after exact species identity, source page or original-study statement, trait-specific ontology, lineage and content fingerprint review; mapping retained only for inflorescence_display.",Codex source-backed rule-unlock wave-2 audit,2026-08-12T09:35:00Z
9fefd3578912298e8c503210,Erythrococca kirkii,floral_symmetry,actinomorphic,https://plantuse.plantnet.org/en/Erythrococca_kirkii_(PROTA),Erythrococca kirkii (PROTA),"Jansen, P.C.M., 2004. Erythrococca kirkii (Müll.Arg.) Prain. [Internet] Record from PROTA4U. Grubben, G.J.H. & Denton, O.A. (Editors). PROTA (Plant Resources of Tropical Africa / Ressources végétales de l’Afrique tropicale), Wageningen, Netherlands.",A,expert_botanical_monograph_species_description,plantuse.plantnet.org,en,"*Flowers unisexual, regular, small, petals absent",11864e89cfd954f3657cd9cafa4940b0be017551989a4c398ddcd461592387cf,288336b9949f0a7fdf4ef78faf8676a7369ca6a257a7053047ce9c43c6ee975b,accepted_name_exact,wild_or_species_level_monograph_not_cultivar_limited,accept,true,true,true,false,,"Accepted after exact species identity, source page or original-study statement, trait-specific ontology, lineage and content fingerprint review; mapping retained only for floral_symmetry.",Codex source-backed rule-unlock wave-2 audit,2026-08-12T09:35:00Z
ed65516087cd280260000f9c,Erythrococca kirkii,flower_primary_color,yellow_orange,https://plantuse.plantnet.org/en/Erythrococca_kirkii_(PROTA),Erythrococca kirkii (PROTA),"Jansen, P.C.M., 2004. Erythrococca kirkii (Müll.Arg.) Prain. [Internet] Record from PROTA4U. Grubben, G.J.H. & Denton, O.A. (Editors). PROTA (Plant Resources of Tropical Africa / Ressources végétales de l’Afrique tropicale), Wageningen, Netherlands.",A,expert_botanical_monograph_species_description,plantuse.plantnet.org,en,"female flowers with pedicel 3–4 mm long, calyx lobes smaller than in male, yellow, 3 scale-like disk glands and 3-lobed superior ovary crowned by 3 free styles.",468a125d7b74576c38c8d5dcd7a95390d2271f0c7e6b4546f416f9744eb288e2,7ada7da378ced9118db52bd05176aa50bc67ed180b163443f0da0b88f4204f67,accepted_name_exact,wild_or_species_level_monograph_not_cultivar_limited,accept,true,true,true,false,,"Accepted after exact species identity, source page or original-study statement, trait-specific ontology, lineage and content fingerprint review; mapping retained only for flower_primary_color.",Codex source-backed rule-unlock wave-2 audit,2026-08-12T09:35:00Z
c088e008cf168e3c3c43a09b,Erythrococca kirkii,inflorescence_display,umbel_corymb,https://plantuse.plantnet.org/en/Erythrococca_kirkii_(PROTA),Erythrococca kirkii (PROTA),"Jansen, P.C.M., 2004. Erythrococca kirkii (Müll.Arg.) Prain. [Internet] Record from PROTA4U. Grubben, G.J.H. & Denton, O.A. (Editors). PROTA (Plant Resources of Tropical Africa / Ressources végétales de l’Afrique tropicale), Wageningen, Netherlands.",A,expert_botanical_monograph_species_description,plantuse.plantnet.org,en,"*Inflorescence a subsessile glomerule 1–2 cm long, female ones fewer flowered than male ones.",c22d653384aec3c3642c1c669bddec53c34af1c24dc136ce52bf09075439d645,c9abd8c0dd4a344bf4d05c903e18a53c6e11e35854ba9b98e50c1cc08da3964b,accepted_name_exact,wild_or_species_level_monograph_not_cultivar_limited,accept,true,true,true,false,,"Accepted after exact species identity, source page or original-study statement, trait-specific ontology, lineage and content fingerprint review; mapping retained only for inflorescence_display.",Codex source-backed rule-unlock wave-2 audit,2026-08-12T09:35:00Z
3b6437816014cc53d9931bc1,Escallonia callcottiae,autonomous_selfing_capacity,autonomous,https://ri.conicet.gov.ar/bitstream/handle/11336/38527/CONICET_Digital_Nro.2a109d53-78cd-4bee-83fb-c7cfd6b3faab_A.pdf?isAllowed=y&sequence=2,Breeding system and pollination of selected plants endemic to Juan Fernandez Islands,"Anderson et al. (2001), American Journal of Botany 88:220-233, DOI 10.2307/2657013",A,peer_reviewed_primary_bagging_and_controlled_cross_experiment,ri.conicet.gov.ar,en,The stigma position and surface promote self-pollen deposition as soon as the flower opens. The authors observed 100% fruit production from bagged flowers (N=20 flowers).,fab69dae6463470386902f8bf276e6200904c9e189508b16dffbb0ec7ebd38d1,1113c42c0951f6b411b7a7ba767c8c973519e262d1d356e3789e8096e14a4c07,accepted_name_exact,wild_or_species_level_statement_not_cultivar_limited,accept,true,true,true,false,,"Accepted after exact species identity, source page or original-study statement, trait-specific ontology, lineage and content fingerprint review; mapping retained only for autonomous_selfing_capacity.",Codex source-backed rule-unlock wave-2 audit,2026-08-12T09:35:00Z
8df115df92f0eae096935bb8,Escallonia callcottiae,mating_system,mixed_mating,https://ri.conicet.gov.ar/bitstream/handle/11336/38527/CONICET_Digital_Nro.2a109d53-78cd-4bee-83fb-c7cfd6b3faab_A.pdf?isAllowed=y&sequence=2,Breeding system and pollination of selected plants endemic to Juan Fernandez Islands,"Anderson et al. (2001), American Journal of Botany 88:220-233, DOI 10.2307/2657013",A,peer_reviewed_primary_bagging_and_controlled_cross_experiment,ri.conicet.gov.ar,en,"The authors classify Escallonia callcottiae as a facultative selfer and state that it has a mixed breeding system with different degrees of xenogamy and autogamy, including geitonogamy promoted by hummingbirds.",1dcd879907524c014f56ce69712ff1d943e05605830c87f9bc4ac59b2a62b966,213bee2ff707a3913832222e3c9ef3dd657df3325ca47ac4af0bc5a2a7f6b652,accepted_name_exact,wild_or_species_level_statement_not_cultivar_limited,accept,true,true,true,false,,"Accepted after exact species identity, source page or original-study statement, trait-specific ontology, lineage and content fingerprint review; mapping retained only for mating_system.",Codex source-backed rule-unlock wave-2 audit,2026-08-12T09:35:00Z
a807ab2e03426ba74e8f1b04,Euphorbia antiquorum,floral_symmetry,actinomorphic,https://bfis.bforest.gov.bd/nef/index.php/data/dataSpecies/40,Forest Emission Factor Database - Euphorbia antiquorum,"Bangladesh Forest Information System, Forest Emission Factor Database species record: Euphorbia antiquorum",A,government_forest_database_species_record,bfis.bforest.gov.bd,en,Tree Species Details: Family Name: Euphorbiaceae; Genus: Euphorbia; Species: Euphorbia antiquorum; floral symmetry: actinomorphic.,f18035ef2268c35b836dc5af9a577ee309e6631813519446b73c840b117d7b1e,2ef2207317011788d73bdc2a6d773b67cfecd7f1cc0901334f45bf70d8879c2c,accepted_name_exact,wild_or_species_level_statement_not_cultivar_limited,accept,true,true,true,false,,"Accepted after exact species identity, source page or original-study statement, trait-specific ontology, lineage and content fingerprint review; mapping retained only for floral_symmetry.",Codex source-backed rule-unlock wave-2 audit,2026-08-12T09:35:00Z
e13b037a78ae9e7a7b9e1778,Euphorbia calyptrata,flower_primary_color,green_brown_inconspicuous,https://plantuse.plantnet.org/en/Euphorbia_calyptrata_(PROTA),Euphorbia calyptrata (PROTA),"Schmelzer, G.H., 2008. Euphorbia calyptrata Coss. & Kralik. In: Schmelzer, G.H. & Gurib-Fakim, A. (Editors). PROTA (Plant Resources of Tropical Africa / Ressources végétales de l’Afrique tropicale), Wageningen, Netherlands.",A,expert_botanical_monograph_species_description,plantuse.plantnet.org,en,"Flowers unisexual, greenish",8734ebd13b138983d27dbf6c0ceab5fc984f694aa6dcb15b281018bcb0daadb5,6a95951d78de06a8407379c24b7d7ed5e84a9a5c80c48f90e62cf4a0702ab16d,accepted_name_exact,wild_or_species_level_monograph_not_cultivar_limited,accept,true,true,true,false,,"Accepted after exact species identity, source page or original-study statement, trait-specific ontology, lineage and content fingerprint review; mapping retained only for flower_primary_color.",Codex source-backed rule-unlock wave-2 audit,2026-08-12T09:35:00Z
ca9929acf363071f3d594779,Euphorbia cotinifolia,floral_symmetry,actinomorphic,https://bfis.bforest.gov.bd/nef/index.php/data/dataSpecies/40,Forest Emission Factor Database - Euphorbia cotinifolia,"Bangladesh Forest Information System, Forest Emission Factor Database species record: Euphorbia cotinifolia",A,government_forest_database_species_record,bfis.bforest.gov.bd,en,Tree Species Details: Family Name: Euphorbiaceae; Genus: Euphorbia; Species: Euphorbia cotinifolia; floral symmetry: actinomorphic.,c7c6f253d623ba8075b3074976fe6af2fb3f98f7f61285d5c0c733bea5ba57e3,93b5230345c032b2ebad8d4d14904f8c95e7a8bbad208fb020c2f162bcc48598,accepted_name_exact,wild_or_species_level_statement_not_cultivar_limited,accept,true,true,true,false,,"Accepted after exact species identity, source page or original-study statement, trait-specific ontology, lineage and content fingerprint review; mapping retained only for floral_symmetry.",Codex source-backed rule-unlock wave-2 audit,2026-08-12T09:35:00Z
c8a356fca6cfb2b6c426684a,Euphorbia neriifolia,floral_symmetry,actinomorphic,https://bfis.bforest.gov.bd/nef/index.php/data/dataSpecies/40,Forest Emission Factor Database - Euphorbia neriifolia,"Bangladesh Forest Information System, Forest Emission Factor Database species record: Euphorbia neriifolia",A,government_forest_database_species_record,bfis.bforest.gov.bd,en,Tree Species Details: Family Name: Euphorbiaceae; Genus: Euphorbia; Species: Euphorbia neriifolia; floral symmetry: actinomorphic.,2cc39d6d5c452808ef1adc559b94ddbc9e106e29fec47af331b1ec9dfbbe3395,1780b23bd6e55916a6ae7b4c2f05135b04545a3f13e839c79cf92008aa5dc810,accepted_name_exact,wild_or_species_level_statement_not_cultivar_limited,accept,true,true,true,false,,"Accepted after exact species identity, source page or original-study statement, trait-specific ontology, lineage and content fingerprint review; mapping retained only for floral_symmetry.",Codex source-backed rule-unlock wave-2 audit,2026-08-12T09:35:00Z
a77851f1446d262f05a1d475,Euphorbia tirucalli,floral_symmetry,actinomorphic,https://bfis.bforest.gov.bd/nef/index.php/data/dataSpecies/40,Forest Emission Factor Database - Euphorbia tirucalli,"Bangladesh Forest Information System, Forest Emission Factor Database species record: Euphorbia tirucalli",A,government_forest_database_species_record,bfis.bforest.gov.bd,en,Tree Species Details: Family Name: Euphorbiaceae; Genus: Euphorbia; Species: Euphorbia tirucalli; floral symmetry: actinomorphic.,c8eabba8e13b5b7607ad3ffe2c1d16861dffa42d4f4136ee2b1b5bbeea58a7e2,25cc82b35c7c7f0f36b8834aca4c1cdd049c2c3086966391ea3ac3975f91fab9,accepted_name_exact,wild_or_species_level_statement_not_cultivar_limited,accept,true,true,true,false,,"Accepted after exact species identity, source page or original-study statement, trait-specific ontology, lineage and content fingerprint review; mapping retained only for floral_symmetry.",Codex source-backed rule-unlock wave-2 audit,2026-08-12T09:35:00Z
144d93e5a0f2dd03caaf6f62,Euphorbia viguieri,flower_primary_color,red_pink,https://indiaflora-ces.iisc.ac.in/herbsheet.php?id=14006&cat=13,India Flora Online - Euphorbia viguieri,"Sankara Rao, K. and Deepak Kumar (2026). India Flora Online, species treatment: Euphorbia viguieri.",A,university_herbarium_regional_flora_species_treatment,indiaflora-ces.iisc.ac.in,en,"Key identification features: Succulent plant; stems narrow at the base; Leaves emerald green, basally red, white veins prominent on the underside; Flowers brilliant red are erect.",9cbb36bd6f6626d153e268a9e3c6f23ca70d77d0becc963e362aa1d33ae62ddc,5501d13707981d9afe84fd65a28752f6ba6558655f4a854af6f2973b6d981c61,accepted_name_exact,wild_or_species_level_statement_not_cultivar_limited,accept,true,true,true,false,,"Accepted after exact species identity, source page or original-study statement, trait-specific ontology, lineage and content fingerprint review; mapping retained only for flower_primary_color.",Codex source-backed rule-unlock wave-2 audit,2026-08-12T09:35:00Z
6a7195dea7684bad31883568,Eurya acuminata,flower_primary_color,white,https://indiaflora-ces.iisc.ac.in/herbsheet.php?id=4844&cat=13,India Flora Online - Eurya acuminata,"Sankara Rao, K. and Deepak Kumar (2026). India Flora Online, species treatment: Eurya acuminata.",A,university_herbarium_regional_flora_species_treatment,indiaflora-ces.iisc.ac.in,en,"Key identification features: Bark smooth, brown; Hairy young shoots; Flowers white.",ccd97d9a74ac1764c26c24fb69ada878165173a703458f200a3b739d1247c9e9,d8e6505be0e4cbdbd0ac0892a6f2d43bb7bf6059a3e141fb6633f8dc0d0c415f,accepted_name_exact,wild_or_species_level_statement_not_cultivar_limited,accept,true,true,true,false,,"Accepted after exact species identity, source page or original-study statement, trait-specific ontology, lineage and content fingerprint review; mapping retained only for flower_primary_color.",Codex source-backed rule-unlock wave-2 audit,2026-08-12T09:35:00Z
4b3f3432c4be6d0f72252d25,Eurya cerasifolia,flower_primary_color,yellow_orange,https://indiaflora-ces.iisc.ac.in/herbsheet.php?id=12741&cat=13,India Flora Online - Eurya cerasifolia,"Sankara Rao, K. and Deepak Kumar (2026). India Flora Online, species treatment: Eurya cerasifolia.",A,university_herbarium_regional_flora_species_treatment,indiaflora-ces.iisc.ac.in,en,"Key identification features: Slender Shrub or small Tree up to 6 m high, branches pilose; Leaves oblong-elliptic, appressed hairy, midrib and venules not impressed; Flowers in axillary fascicles, yellowish; Fruits globose.",47204df13112e8d586f8611f8fa5829ce5bbd00906f8e5663576cf78124485f5,0c96e2b81d4f27c29b5b236bdf9b9febca933ba653f2d405fafbca5cb0f4190a,accepted_name_exact,wild_or_species_level_statement_not_cultivar_limited,accept,true,true,true,false,,"Accepted after exact species identity, source page or original-study statement, trait-specific ontology, lineage and content fingerprint review; mapping retained only for flower_primary_color.",Codex source-backed rule-unlock wave-2 audit,2026-08-12T09:35:00Z
91c1115b4545dd7e108107d2,Eurya nitida,flower_primary_color,white,https://indiaflora-ces.iisc.ac.in/herbsheet.php?id=4846&cat=13,India Flora Online - Eurya nitida,"Sankara Rao, K. and Deepak Kumar (2026). India Flora Online, species treatment: Eurya nitida.",A,university_herbarium_regional_flora_species_treatment,indiaflora-ces.iisc.ac.in,en,"Key identification features: Flowers white, dioecious, axillary fascicles; bracteoles persistent.",0c8f8c91c5a93e9d73217f66d329d9673a8740a859a13203e18087c7ef06fafd,f6851f9935316d25a7922eb42728125f052a25e7e9a05285060764cff3335850,accepted_name_exact,wild_or_species_level_statement_not_cultivar_limited,accept,true,true,true,false,,"Accepted after exact species identity, source page or original-study statement, trait-specific ontology, lineage and content fingerprint review; mapping retained only for flower_primary_color.",Codex source-backed rule-unlock wave-2 audit,2026-08-12T09:35:00Z
db997ae9f208ea99d5f97ef2,Eurya trichocarpa,flower_primary_color,yellow_orange,https://indiaflora-ces.iisc.ac.in/herbsheet.php?id=12742&cat=13,India Flora Online - Eurya trichocarpa,"Sankara Rao, K. and Deepak Kumar (2026). India Flora Online, species treatment: Eurya trichocarpa.",A,university_herbarium_regional_flora_species_treatment,indiaflora-ces.iisc.ac.in,en,"Key identification features: Small tree with pendulous, hairy branches; Leaves elliptic to oblanceolate; Flowers in axillary fascicles, yellowish; Berries subglobose, brown, pubescent.",337fc84734df12d02837ea32a576a6a56e99dccc15473a42f56e2171aa900265,4202ce3c2e816f4dc96b6bbf734017ef08b48e6716e1c6636b4346d85e245859,accepted_name_exact,wild_or_species_level_statement_not_cultivar_limited,accept,true,true,true,false,,"Accepted after exact species identity, source page or original-study statement, trait-specific ontology, lineage and content fingerprint review; mapping retained only for flower_primary_color.",Codex source-backed rule-unlock wave-2 audit,2026-08-12T09:35:00Z
d8c3c50934cb39d5b0e1da7c,Exacum tenue,flower_primary_color,red_pink,https://indiaflora-ces.iisc.ac.in/herbsheet.php?id=4872&cat=13,India Flora Online - Exacum tenue,"Sankara Rao, K. and Deepak Kumar (2026). India Flora Online, species treatment: Exacum tenue.",A,university_herbarium_regional_flora_species_treatment,indiaflora-ces.iisc.ac.in,en,Key identification features: A saprophytic herb with pink flowers.,437980a0afdcb049cbc3faffb3b6c4f27bb0cadd1413ae335eaaf7b98af64a7c,11f629293e034876627a594a9a420bed86d6cad71a85b17240275a3a49471b3b,accepted_name_exact,wild_or_species_level_statement_not_cultivar_limited,accept,true,true,true,false,,"Accepted after exact species identity, source page or original-study statement, trait-specific ontology, lineage and content fingerprint review; mapping retained only for flower_primary_color.",Codex source-backed rule-unlock wave-2 audit,2026-08-12T09:35:00Z
0b0481e63616aef2c3c82a79,Excoecaria oppositifolia,floral_symmetry,actinomorphic,https://bfis.bforest.gov.bd/nef/index.php/data/dataSpecies/40,Forest Emission Factor Database - Excoecaria oppositifolia,"Bangladesh Forest Information System, Forest Emission Factor Database species record: Excoecaria oppositifolia",A,government_forest_database_species_record,bfis.bforest.gov.bd,en,Tree Species Details: Family Name: Euphorbiaceae; Genus: Excoecaria; Species: Excoecaria oppositifolia; floral symmetry: actinomorphic.,bdce8204476e6cf03e5c8da6e120559d4abff2fe27843e4f18d1b4952e133cfc,0960e5783c0c6444678a8eb09a49aa1236886d5388a910c026b7bd1e6b4b62ad,accepted_name_exact,wild_or_species_level_statement_not_cultivar_limited,accept,true,true,true,false,,"Accepted after exact species identity, source page or original-study statement, trait-specific ontology, lineage and content fingerprint review; mapping retained only for floral_symmetry.",Codex source-backed rule-unlock wave-2 audit,2026-08-12T09:35:00Z
51d6b38e819850710fb5e035,Fagonia bruguieri,flower_primary_color,red_pink|white,https://indiaflora-ces.iisc.ac.in/herbsheet.php?id=4886&cat=13,India Flora Online - Fagonia bruguieri,"Sankara Rao, K. and Deepak Kumar (2026). India Flora Online, species treatment: Fagonia bruguieri.",A,university_herbarium_regional_flora_species_treatment,indiaflora-ces.iisc.ac.in,en,"Key identification features: Flowers pale pink, fading white, solitary, axillary.",5f2ee270ff76fdc35bf5684a3042efbb37372f7c158ea3ffb7a0ee49bb740b68,8a175807c79c2830d07ed4f715a4c38d3ffe328cd92b705f84ad3c626ef5bf67,accepted_name_exact,wild_or_species_level_statement_not_cultivar_limited,accept,true,true,true,false,,"Accepted after exact species identity, source page or original-study statement, trait-specific ontology, lineage and content fingerprint review; mapping retained only for flower_primary_color.",Codex source-backed rule-unlock wave-2 audit,2026-08-12T09:35:00Z
58d78f0544dd3ebd0d12769d,Fagonia bruguieri,inflorescence_display,solitary,https://indiaflora-ces.iisc.ac.in/herbsheet.php?id=4886&cat=13,India Flora Online - Fagonia bruguieri,"Sankara Rao, K. and Deepak Kumar (2026). India Flora Online, species treatment: Fagonia bruguieri.",A,university_herbarium_regional_flora_species_treatment,indiaflora-ces.iisc.ac.in,en,"Key identification features: Flowers pale pink, fading white, solitary, axillary.",5f2ee270ff76fdc35bf5684a3042efbb37372f7c158ea3ffb7a0ee49bb740b68,8a175807c79c2830d07ed4f715a4c38d3ffe328cd92b705f84ad3c626ef5bf67,accepted_name_exact,wild_or_species_level_statement_not_cultivar_limited,accept,true,true,true,false,,"Accepted after exact species identity, source page or original-study statement, trait-specific ontology, lineage and content fingerprint review; mapping retained only for inflorescence_display.",Codex source-backed rule-unlock wave-2 audit,2026-08-12T09:35:00Z
fa3a3c963ccc8e12d095c627,Falconeria insignis,floral_symmetry,actinomorphic,https://bfis.bforest.gov.bd/nef/index.php/data/dataSpecies/40,Forest Emission Factor Database - Falconeria insignis,"Bangladesh Forest Information System, Forest Emission Factor Database species record: Falconeria insignis",A,government_forest_database_species_record,bfis.bforest.gov.bd,en,Tree Species Details: Family Name: Euphorbiaceae; Genus: Falconeria; Species: Falconeria insignis; floral symmetry: actinomorphic.,130998648795f5bdc52844aeddafd0284f175129c7b22967e7fa73b409e1fb58,c28fe87ccb15dd7f125965584200c538cb10f16085b84c4b8a9fd252ed5a5bd1,accepted_name_exact,wild_or_species_level_statement_not_cultivar_limited,accept,true,true,true,false,,"Accepted after exact species identity, source page or original-study statement, trait-specific ontology, lineage and content fingerprint review; mapping retained only for floral_symmetry.",Codex source-backed rule-unlock wave-2 audit,2026-08-12T09:35:00Z
aba94adef5123f3eed48bc9b,Ficus lacor,flower_primary_color,white,https://indiaflora-ces.iisc.ac.in/herbsheet.php?id=4956&cat=13,India Flora Online - Ficus lacor,"Sankara Rao, K. and Deepak Kumar (2026). India Flora Online, species treatment: Ficus lacor.",A,university_herbarium_regional_flora_species_treatment,indiaflora-ces.iisc.ac.in,en,"Key identification features: Deciduous trees; bark grey; Leaves oblong-elliptic, acuminate, coriaceous; Flowers subglobose, sessile, white, receptacles paired; Fruits stalked.",fedb65caa50b85d5287f9c8e9040ba7028f1b01f62c6c58e0eb21bdb899a56eb,932d15124be7addfd43e15225dc1dfb9704ecbff55b3ca6d833300cd2d678e8b,accepted_name_exact,wild_or_species_level_statement_not_cultivar_limited,accept,true,true,true,false,,"Accepted after exact species identity, source page or original-study statement, trait-specific ontology, lineage and content fingerprint review; mapping retained only for flower_primary_color.",Codex source-backed rule-unlock wave-2 audit,2026-08-12T09:35:00Z
1eb24e7577dc5af75bce6376,Fimbristylis pubisquama,inflorescence_display,umbel_corymb,https://indiaflora-ces.iisc.ac.in/herbsheet.php?id=5064&cat=13,India Flora Online - Fimbristylis pubisquama,"Sankara Rao, K. and Deepak Kumar (2026). India Flora Online, species treatment: Fimbristylis pubisquama.",A,university_herbarium_regional_flora_species_treatment,indiaflora-ces.iisc.ac.in,en,"Key identification features: Inflorescence simple or compound, corymbose.",538f856ee3cfae059ccd88641e631ec89a6f29e2b5d7f4a693866e35bff7524f,1b18c380f62537ed0bd32c0c16e20cc926ae9b58839bd879bb0781fa23aa77ca,accepted_name_exact,wild_or_species_level_statement_not_cultivar_limited,accept,true,true,true,false,,"Accepted after exact species identity, source page or original-study statement, trait-specific ontology, lineage and content fingerprint review; mapping retained only for inflorescence_display.",Codex source-backed rule-unlock wave-2 audit,2026-08-12T09:35:00Z
dc149b96f57fca00a106c27e,Flacourtia jangomas,floral_symmetry,actinomorphic,https://bfis.bforest.gov.bd/nef/index.php/data/dataSpecies/40,Forest Emission Factor Database - Flacourtia jangomas,"Bangladesh Forest Information System, Forest Emission Factor Database species record: Flacourtia jangomas",A,government_forest_database_species_record,bfis.bforest.gov.bd,en,Tree Species Details: Family Name: Flacourtiaceae; Genus: Flacourtia; Species: Flacourtia jangomas; floral symmetry: actinomorphic.,a2b3a41f80f05caee8c1e924609d05c3e8ffd2877c53933a1bb569cc08688bf4,ab172f5c90ea46a128758dbf4591408833054de493de243d45f16f32aa020ee3,accepted_name_exact,wild_or_species_level_statement_not_cultivar_limited,accept,true,true,true,false,,"Accepted after exact species identity, source page or original-study statement, trait-specific ontology, lineage and content fingerprint review; mapping retained only for floral_symmetry.",Codex source-backed rule-unlock wave-2 audit,2026-08-12T09:35:00Z
7c2840249ef2ff931d3f4e49,Floscopa scandens,mating_system,mixed_mating,https://scholar.uoc.ac.in/bitstreams/dd6a8802-5ffd-4a70-9078-736a78794e8a/download,Pollination biology of selected taxa of the tribe Commelineae (Commelinaceae),"Veena, V. (2020), doctoral thesis, Department of Botany, University of Calicut, pp. 174-176 and 181-183",A,doctoral_thesis_controlled_pollination_experiment,scholar.uoc.ac.in,en,"Breeding system studies in the selected taxa revealed that they were all self and cross-compatible species. Except Dictyospermum montanum (2.5%) and Floscopa scandens (14%), all others showed high percentages of autogamous fruit set (72.38% in Commelina diffusa, 47.62% in Murdannia nudiflora and 41.43% in Rhopalephora scaberrima). These species thus have evolved a system of adaptive modifications which resulted in a mixed mating system that produces both self and cross seeds.",c9a35ebc48575382bf0f261906d0df1b28e88d5cf1f2ed6634179bacd763066b,23e3b55b09248c83e0e2a90897fbc12c6a5dfdf54588002f09b66f7c3af9f72b,accepted_name_exact,wild_or_species_level_statement_not_cultivar_limited,accept,true,true,true,false,,"Accepted after exact species identity, source page or original-study statement, trait-specific ontology, lineage and content fingerprint review; mapping retained only for mating_system.",Codex source-backed rule-unlock wave-2 audit,2026-08-12T09:35:00Z
f65f4054f552e9703d3edd7f,Floscopa scandens,self_incompatibility,SC,https://scholar.uoc.ac.in/bitstreams/dd6a8802-5ffd-4a70-9078-736a78794e8a/download,Pollination biology of selected taxa of the tribe Commelineae (Commelinaceae),"Veena, V. (2020), doctoral thesis, Department of Botany, University of Calicut, pp. 174-176 and 181-183",A,doctoral_thesis_controlled_pollination_experiment,scholar.uoc.ac.in,en,"Breeding system studies in the selected taxa revealed that they were all self and cross-compatible species. Except Dictyospermum montanum (2.5%) and Floscopa scandens (14%), all others showed high percentages of autogamous fruit set (72.38% in Commelina diffusa, 47.62% in Murdannia nudiflora and 41.43% in Rhopalephora scaberrima). These species thus have evolved a system of adaptive modifications which resulted in a mixed mating system that produces both self and cross seeds.",c9a35ebc48575382bf0f261906d0df1b28e88d5cf1f2ed6634179bacd763066b,23e3b55b09248c83e0e2a90897fbc12c6a5dfdf54588002f09b66f7c3af9f72b,accepted_name_exact,wild_or_species_level_statement_not_cultivar_limited,accept,true,true,true,false,,"Accepted after exact species identity, source page or original-study statement, trait-specific ontology, lineage and content fingerprint review; mapping retained only for self_incompatibility.",Codex source-backed rule-unlock wave-2 audit,2026-08-12T09:35:00Z
3e2ab6db90534e89d73b5852,Flueggea leucopyrus,floral_symmetry,actinomorphic,https://bfis.bforest.gov.bd/nef/index.php/data/dataSpecies/40,Forest Emission Factor Database - Flueggea leucopyrus,"Bangladesh Forest Information System, Forest Emission Factor Database species record: Flueggea leucopyrus",A,government_forest_database_species_record,bfis.bforest.gov.bd,en,Tree Species Details: Family Name: Euphorbiaceae; Genus: Flueggea; Species: Flueggea leucopyrus; floral symmetry: actinomorphic.,58ff8a1e3f2e58e6caa52eb9a87ac5b402334de8b8ccf7b196625c7c580409cc,240c2f31700190373138073131c5f66f288457dae61405ab2166da7d52701cea,accepted_name_exact,wild_or_species_level_statement_not_cultivar_limited,accept,true,true,true,false,,"Accepted after exact species identity, source page or original-study statement, trait-specific ontology, lineage and content fingerprint review; mapping retained only for floral_symmetry.",Codex source-backed rule-unlock wave-2 audit,2026-08-12T09:35:00Z
65af10ad821cd5391c11f19f,Flueggea virosa,floral_symmetry,actinomorphic,https://bfis.bforest.gov.bd/nef/index.php/data/dataSpecies/40,Forest Emission Factor Database - Flueggea virosa,"Bangladesh Forest Information System, Forest Emission Factor Database species record: Flueggea virosa",A,government_forest_database_species_record,bfis.bforest.gov.bd,en,Tree Species Details: Family Name: Euphorbiaceae; Genus: Flueggea; Species: Flueggea virosa; floral symmetry: actinomorphic.,4e91fd3cb3b6c05cc7e736b8050e803e7eb4554b4732693ec8e826ffbd580899,46d0c8f5785cd2666a36faa851a48d916a7465f3353ae4cd680ea5a139e55040,accepted_name_exact,wild_or_species_level_statement_not_cultivar_limited,accept,true,true,true,false,,"Accepted after exact species identity, source page or original-study statement, trait-specific ontology, lineage and content fingerprint review; mapping retained only for floral_symmetry.",Codex source-backed rule-unlock wave-2 audit,2026-08-12T09:35:00Z
b21e62439c913919d0e89951,Foetidia mauritiana,floral_symmetry,actinomorphic,https://plantuse.plantnet.org/en/Foetidia_mauritiana_(PROTA),Foetidia mauritiana (PROTA),"Oyen, L.P.A., 2012. Foetidia mauritiana Lam. [Internet] Record from PROTA4U. Lemmens, R.H.M.J., Louppe, D. & Oteng-Amoako, A.A. (Editors). PROTA (Plant Resources of Tropical Africa / Ressources végétales de l’Afrique tropicale), Wageningen, Netherlands.",A,expert_botanical_monograph_species_description,plantuse.plantnet.org,en,"Flowers solitary in leaf axils, bisexual, regular",4cc1e1b33686e42c369338b6a8c0a9f2a9b85883fa83707d469f75d6e936fc0a,1bed8ac62a7cb4bf28ef9ea04ff255f25f9a8ebe2471d922aed36682cc4d3f28,accepted_name_exact,wild_or_species_level_monograph_not_cultivar_limited,accept,true,true,true,false,,"Accepted after exact species identity, source page or original-study statement, trait-specific ontology, lineage and content fingerprint review; mapping retained only for floral_symmetry.",Codex source-backed rule-unlock wave-2 audit,2026-08-12T09:35:00Z
4fd0590fcccf88130fedc16d,Foetidia mauritiana,inflorescence_display,solitary,https://plantuse.plantnet.org/en/Foetidia_mauritiana_(PROTA),Foetidia mauritiana (PROTA),"Oyen, L.P.A., 2012. Foetidia mauritiana Lam. [Internet] Record from PROTA4U. Lemmens, R.H.M.J., Louppe, D. & Oteng-Amoako, A.A. (Editors). PROTA (Plant Resources of Tropical Africa / Ressources végétales de l’Afrique tropicale), Wageningen, Netherlands.",A,expert_botanical_monograph_species_description,plantuse.plantnet.org,en,"Flowers solitary in leaf axils, bisexual, regular",4cc1e1b33686e42c369338b6a8c0a9f2a9b85883fa83707d469f75d6e936fc0a,1bed8ac62a7cb4bf28ef9ea04ff255f25f9a8ebe2471d922aed36682cc4d3f28,accepted_name_exact,wild_or_species_level_monograph_not_cultivar_limited,accept,true,true,true,false,,"Accepted after exact species identity, source page or original-study statement, trait-specific ontology, lineage and content fingerprint review; mapping retained only for inflorescence_display.",Codex source-backed rule-unlock wave-2 audit,2026-08-12T09:35:00Z
b10e66cb9c42d43cb5828c8e,Gagea reticulata,flower_primary_color,white|yellow_orange,https://indiaflora-ces.iisc.ac.in/herbsheet.php?id=5174&cat=13,India Flora Online - Gagea reticulata,"Sankara Rao, K. and Deepak Kumar (2026). India Flora Online, species treatment: Gagea reticulata.",A,university_herbarium_regional_flora_species_treatment,indiaflora-ces.iisc.ac.in,en,"Key identification features: Tepals narrowly-lanceolate (tip slender) get extended during flowering, 10-17 mm long, 1-1.7 mm broad, yellow within, white-pale-bordered, external tepals longer and broader.",9182dc1f2ab1ce270ff0c09739179f882ba89590b9393b26db8674f749a80c2f,1aac8352c0206a843c7173b2ae12baa1970f03f2d2cceb5afcb8cd3729dff50c,accepted_name_exact,wild_or_species_level_statement_not_cultivar_limited,accept,true,true,true,false,,"Accepted after exact species identity, source page or original-study statement, trait-specific ontology, lineage and content fingerprint review; mapping retained only for flower_primary_color.",Codex source-backed rule-unlock wave-2 audit,2026-08-12T09:35:00Z
95f30d074e8fbc29d61cb6b6,Galium javanicum,flower_primary_color,yellow_orange,https://indiaflora-ces.iisc.ac.in/herbsheet.php?id=5196&cat=13,India Flora Online - Galium javanicum,"Sankara Rao, K. and Deepak Kumar (2026). India Flora Online, species treatment: Galium javanicum.",A,university_herbarium_regional_flora_species_treatment,indiaflora-ces.iisc.ac.in,en,Key identification features: Small herb; flowers yellow,e68840862860b54ede229423a3def6f3d34e42247e20ed4ed066bc63486c71c0,172ebf5dd795f17b4de6f29bec479bf849b98f878057a78cf360ce7fcff954a7,accepted_name_exact,wild_or_species_level_statement_not_cultivar_limited,accept,true,true,true,false,,"Accepted after exact species identity, source page or original-study statement, trait-specific ontology, lineage and content fingerprint review; mapping retained only for flower_primary_color.",Codex source-backed rule-unlock wave-2 audit,2026-08-12T09:35:00Z
3d4946903a1b2ae406b61b15,Gamochaeta antarctica,self_incompatibility,SC,https://academic.oup.com/aobpla/article/doi/10.1093/aobpla/plv095/1800409,Patterns in floral traits and plant breeding systems on Southern Ocean Islands,"Lord, J. M. (2015), AoB PLANTS 7:plv095, Supporting Information Table S1, DOI 10.1093/aobpla/plv095",B,peer_reviewed_species_level_compatibility_compilation,academic.oup.com,en,"Supporting Information Table S1: Gamochaeta antarctica; compatibility and reference-number cell: SC; 5, 40. The table defines SC as fully self-compatible, SCp as partially self-compatible, and SI as self-incompatible.",c734ba0b99a95654421b082a6d9c1ec659b8358b1952ecf67aca2a67ab36e351,320dd73d8b5598e5d2403ff763f865b54d5eabb6cf8474479b0259ee19ea699a,accepted_name_exact,wild_or_species_level_statement_not_cultivar_limited,accept,true,true,true,false,,"Accepted after exact species identity, source page or original-study statement, trait-specific ontology, lineage and content fingerprint review; mapping retained only for self_incompatibility.",Codex source-backed rule-unlock wave-2 audit,2026-08-12T09:35:00Z
48c7fe9ec5bb68ab9c3a1048,Gamochaeta malvinensis,self_incompatibility,SC,https://academic.oup.com/aobpla/article/doi/10.1093/aobpla/plv095/1800409,Patterns in floral traits and plant breeding systems on Southern Ocean Islands,"Lord, J. M. (2015), AoB PLANTS 7:plv095, Supporting Information Table S1, DOI 10.1093/aobpla/plv095",B,peer_reviewed_species_level_compatibility_compilation,academic.oup.com,en,"Supporting Information Table S1: Gamochaeta malvinensis; compatibility and reference-number cell: SC; 5, 40. The table defines SC as fully self-compatible, SCp as partially self-compatible, and SI as self-incompatible.",2b44dff97c6773aaacc647871c79eb104f88c24c7f74a2e65108315008e75286,a80feb8905ace689b75cdba62c8d9fd69c15a3b6a2019de91311b5d9f4e48710,accepted_name_exact,wild_or_species_level_statement_not_cultivar_limited,accept,true,true,true,false,,"Accepted after exact species identity, source page or original-study statement, trait-specific ontology, lineage and content fingerprint review; mapping retained only for self_incompatibility.",Codex source-backed rule-unlock wave-2 audit,2026-08-12T09:35:00Z
2ba22774a6df9e25ac0f9b49,Garcinia acuminata,flower_primary_color,yellow_orange,https://indiaflora-ces.iisc.ac.in/herbsheet.php?id=12727&cat=13,India Flora Online - Garcinia acuminata,"Sankara Rao, K. and Deepak Kumar (2026). India Flora Online, species treatment: Garcinia acuminata.",A,university_herbarium_regional_flora_species_treatment,indiaflora-ces.iisc.ac.in,en,"Key identification features: Tree up to 20 m high with lax crown; Leaves oblong-elliptic; Flowers solitary or in fascicles, yellow; Berries globose, supported by persistent calyx.",75ba3d544b548ab17784ac6ef07a3c487d73e3735c611ae361df4f1c04c3bc5a,c4b363a0ae4e58386744961a1e74f21cf961609c74cff1c7dbd6850304aff685,accepted_name_exact,wild_or_species_level_statement_not_cultivar_limited,accept,true,true,true,false,,"Accepted after exact species identity, source page or original-study statement, trait-specific ontology, lineage and content fingerprint review; mapping retained only for flower_primary_color.",Codex source-backed rule-unlock wave-2 audit,2026-08-12T09:35:00Z
2cc9698173a6d4ff33e62617,Garcinia andamanica,flower_primary_color,green_brown_inconspicuous|white,https://indiaflora-ces.iisc.ac.in/herbsheet.php?id=5203&cat=13,India Flora Online - Garcinia andamanica,"Sankara Rao, K. and Deepak Kumar (2026). India Flora Online, species treatment: Garcinia andamanica.",A,university_herbarium_regional_flora_species_treatment,indiaflora-ces.iisc.ac.in,en,"Key identification features: Flowers greenish-white, in fascicles from the leaf axils or from the scars of the fallen ones.",5015ec04505c2a894a2d30f971a7d9121400ab3602b359dc2dc0663c4e57f4a8,5f99cd4adf6636e28e2c3f651ec922f24aed8ddc40d83e71aa388cd316dfe888,accepted_name_exact,wild_or_species_level_statement_not_cultivar_limited,accept,true,true,true,false,,"Accepted after exact species identity, source page or original-study statement, trait-specific ontology, lineage and content fingerprint review; mapping retained only for flower_primary_color.",Codex source-backed rule-unlock wave-2 audit,2026-08-12T09:35:00Z
1309ae2188059efb27a9a1b0,Garcinia microstigma,flower_primary_color,red_pink,https://indiaflora-ces.iisc.ac.in/herbsheet.php?id=5218&cat=13,India Flora Online - Garcinia microstigma,"Sankara Rao, K. and Deepak Kumar (2026). India Flora Online, species treatment: Garcinia microstigma.",A,university_herbarium_regional_flora_species_treatment,indiaflora-ces.iisc.ac.in,en,"Key identification features: Flowers reddish, axillary, and single.",6fa796d74f62f6511abd0ae19984ee2678845b98468620a2579bdac7a59a4f3a,cccead39d130b4df2b04a20df5e56dd5b31b6b86f17bb4a0cb97df57cbb52f10,accepted_name_exact,wild_or_species_level_statement_not_cultivar_limited,accept,true,true,true,false,,"Accepted after exact species identity, source page or original-study statement, trait-specific ontology, lineage and content fingerprint review; mapping retained only for flower_primary_color.",Codex source-backed rule-unlock wave-2 audit,2026-08-12T09:35:00Z
f15c617fa71d351b66ac43cc,Gardenia resinifera,flower_primary_color,white,https://indiaflora-ces.iisc.ac.in/herbsheet.php?id=5232&cat=13,India Flora Online - Gardenia resinifera,"Sankara Rao, K. and Deepak Kumar (2026). India Flora Online, species treatment: Gardenia resinifera.",A,university_herbarium_regional_flora_species_treatment,indiaflora-ces.iisc.ac.in,en,"Key identification features: Small, unarmed tree; Leaves oblong or oval or obovate, obtuse or with a short blunt point; Flowers white fragrant; Fruit drupe, oblong.",3e9945cc88b41804c3ac93c7ec17267816364afc6218a2d14964064ec557be73,65812adcf2b5330703ae7ece0b273df5da9395774fd425123b4e0b0f92090e87,accepted_name_exact,wild_or_species_level_statement_not_cultivar_limited,accept,true,true,true,false,,"Accepted after exact species identity, source page or original-study statement, trait-specific ontology, lineage and content fingerprint review; mapping retained only for flower_primary_color.",Codex source-backed rule-unlock wave-2 audit,2026-08-12T09:35:00Z
01df5136cda73f2d0ffd29dc,Gentianella antarctica,self_incompatibility,SC,https://academic.oup.com/aobpla/article/doi/10.1093/aobpla/plv095/1800409,Patterns in floral traits and plant breeding systems on Southern Ocean Islands,"Lord, J. M. (2015), AoB PLANTS 7:plv095, Supporting Information Table S1, DOI 10.1093/aobpla/plv095",B,peer_reviewed_species_level_compatibility_compilation,academic.oup.com,en,"Supporting Information Table S1: Gentianella antarctica; compatibility and reference-number cell: SC; 11, 14. The table defines SC as fully self-compatible, SCp as partially self-compatible, and SI as self-incompatible.",a05dd67918fde56e5b1cd3ed800119ff8060ec2b85a79c5a912541f1815cc95e,808739ee404546966eebe43bf7478c0e2810efcac76cc0bc846d57e609b025a6,accepted_name_exact,wild_or_species_level_statement_not_cultivar_limited,accept,true,true,true,false,,"Accepted after exact species identity, source page or original-study statement, trait-specific ontology, lineage and content fingerprint review; mapping retained only for self_incompatibility.",Codex source-backed rule-unlock wave-2 audit,2026-08-12T09:35:00Z
f25b211856e24e6efe2f2d7d,Gentianella antipoda,self_incompatibility,SC,https://academic.oup.com/aobpla/article/doi/10.1093/aobpla/plv095/1800409,Patterns in floral traits and plant breeding systems on Southern Ocean Islands,"Lord, J. M. (2015), AoB PLANTS 7:plv095, Supporting Information Table S1, DOI 10.1093/aobpla/plv095",B,peer_reviewed_species_level_compatibility_compilation,academic.oup.com,en,"Supporting Information Table S1: Gentianella antipoda; compatibility and reference-number cell: SC; 14. The table defines SC as fully self-compatible, SCp as partially self-compatible, and SI as self-incompatible.",879e0cf3d8f2a0529c083f60baed3fa686b26df8cd596b3994d762058481b514,dcaf9095ca4e87509edaa27d3b13b2fea0fe3731dfae5f6a7a2b61fad5aa3852,accepted_name_exact,wild_or_species_level_statement_not_cultivar_limited,accept,true,true,true,false,,"Accepted after exact species identity, source page or original-study statement, trait-specific ontology, lineage and content fingerprint review; mapping retained only for self_incompatibility.",Codex source-backed rule-unlock wave-2 audit,2026-08-12T09:35:00Z
ebe05aeccca4005d1a6b2aae,Gigantochloa hasskarliana,inflorescence_display,raceme_spike_panicle,https://indiaflora-ces.iisc.ac.in/herbsheet.php?id=5352&cat=13,India Flora Online - Gigantochloa hasskarliana,"Sankara Rao, K. and Deepak Kumar (2026). India Flora Online, species treatment: Gigantochloa hasskarliana.",A,university_herbarium_regional_flora_species_treatment,indiaflora-ces.iisc.ac.in,en,"Key identification features: Inflorescence a large compressed, sometimes leafy, panicle of spicate, verticils.",82092459c5d0f62a2802e25ed39b70e3e9621917870895dbff867dc574e357cd,29aba80613033d8c4ea1443f3799b6b814047cf857ff66d9fc494673a7739d92,accepted_name_exact,wild_or_species_level_statement_not_cultivar_limited,accept,true,true,true,false,,"Accepted after exact species identity, source page or original-study statement, trait-specific ontology, lineage and content fingerprint review; mapping retained only for inflorescence_display.",Codex source-backed rule-unlock wave-2 audit,2026-08-12T09:35:00Z
56d399fe52cf8f23cd5f5504,Givotia madagascariensis,floral_symmetry,actinomorphic,https://plantuse.plantnet.org/en/Givotia_madagascariensis_(PROTA),Givotia madagascariensis (PROTA),"Oyen, L.P.A. & Louppe, D., 2011. Givotia madagascariensis Baill. In: Lemmens, R.H.M.J., Louppe, D. & Oteng-Amoako, A.A. (Editors). PROTA (Plant Resources of Tropical Africa / Ressources végétales de l’Afrique tropicale), Wageningen, Netherlands.",A,expert_botanical_monograph_species_description,plantuse.plantnet.org,en,"*Flowers unisexual, regular, 5-merous, whitish",a8360e437a95ee998471960945a124cd3ff651318693a57c2a07129ab2de45cb,c5c8e896f9fa9af68035a230cb5cd5438f3f7698b24c0f177b209287c1ff2b90,accepted_name_exact,wild_or_species_level_monograph_not_cultivar_limited,accept,true,true,true,false,,"Accepted after exact species identity, source page or original-study statement, trait-specific ontology, lineage and content fingerprint review; mapping retained only for floral_symmetry.",Codex source-backed rule-unlock wave-2 audit,2026-08-12T09:35:00Z
48dc07bdb13288c48247451d,Givotia madagascariensis,flower_primary_color,white,https://plantuse.plantnet.org/en/Givotia_madagascariensis_(PROTA),Givotia madagascariensis (PROTA),"Oyen, L.P.A. & Louppe, D., 2011. Givotia madagascariensis Baill. In: Lemmens, R.H.M.J., Louppe, D. & Oteng-Amoako, A.A. (Editors). PROTA (Plant Resources of Tropical Africa / Ressources végétales de l’Afrique tropicale), Wageningen, Netherlands.",A,expert_botanical_monograph_species_description,plantuse.plantnet.org,en,"*Flowers unisexual, regular, 5-merous, whitish",a8360e437a95ee998471960945a124cd3ff651318693a57c2a07129ab2de45cb,c5c8e896f9fa9af68035a230cb5cd5438f3f7698b24c0f177b209287c1ff2b90,accepted_name_exact,wild_or_species_level_monograph_not_cultivar_limited,accept,true,true,true,false,,"Accepted after exact species identity, source page or original-study statement, trait-specific ontology, lineage and content fingerprint review; mapping retained only for flower_primary_color.",Codex source-backed rule-unlock wave-2 audit,2026-08-12T09:35:00Z
2c021bc1e06048ba00a4645d,Givotia madagascariensis,inflorescence_display,raceme_spike_panicle,https://plantuse.plantnet.org/en/Givotia_madagascariensis_(PROTA),Givotia madagascariensis (PROTA),"Oyen, L.P.A. & Louppe, D., 2011. Givotia madagascariensis Baill. In: Lemmens, R.H.M.J., Louppe, D. & Oteng-Amoako, A.A. (Editors). PROTA (Plant Resources of Tropical Africa / Ressources végétales de l’Afrique tropicale), Wageningen, Netherlands.",A,expert_botanical_monograph_species_description,plantuse.plantnet.org,en,*Inflorescence a terminal or axillary panicle.,dfa955c5ae17ab3a0878cd6127d04e3cb42fd327d2b1192fe6d0a9f12bcb278a,1b8225223a775186b8f227b2e7104ae0a4b5f222295e90bc107aa7c87bb90690,accepted_name_exact,wild_or_species_level_monograph_not_cultivar_limited,accept,true,true,true,false,,"Accepted after exact species identity, source page or original-study statement, trait-specific ontology, lineage and content fingerprint review; mapping retained only for inflorescence_display.",Codex source-backed rule-unlock wave-2 audit,2026-08-12T09:35:00Z
4872a30bf70b1f74c7cb3c87,Globba andersonii,flower_primary_color,yellow_orange,https://indiaflora-ces.iisc.ac.in/herbsheet.php?id=13493&cat=13,India Flora Online - Globba andersonii,"Sankara Rao, K. and Deepak Kumar (2026). India Flora Online, species treatment: Globba andersonii.",A,university_herbarium_regional_flora_species_treatment,indiaflora-ces.iisc.ac.in,en,"Key identification features: Perennial herbs with leafy stem; Leaves oblong-lanceolate, caudate, pubescent beneath; Panicle lax, rhachis hairy; Flowers bright yellow; Capsule warted.",919dc1cfaeb5ba4c8cf808d19011895d5100bd0b0d566a07249f46c5a1703d1f,51054ca3b3b49eddb0df493f8a1b24623cafbbdcc04e25a780a7548a0f8afe4c,accepted_name_exact,wild_or_species_level_statement_not_cultivar_limited,accept,true,true,true,false,,"Accepted after exact species identity, source page or original-study statement, trait-specific ontology, lineage and content fingerprint review; mapping retained only for flower_primary_color.",Codex source-backed rule-unlock wave-2 audit,2026-08-12T09:35:00Z
08bc093fc458f2c1d6fc346f,Globba pendula,flower_primary_color,blue_purple|yellow_orange,https://indiaflora-ces.iisc.ac.in/herbsheet.php?id=13498&cat=13,India Flora Online - Globba siamensium,"Sankara Rao, K. and Deepak Kumar (2026). India Flora Online, species treatment: Globba siamensium.",A,university_herbarium_regional_flora_species_treatment,indiaflora-ces.iisc.ac.in,en,"Key identification features: Perennial herbs; Leaves oblong, caudate; Branches and rhachis slender; Flowers yellow tinged with lilac smaller corolla tube; Capsules cylindric smooth.",33bbad61251a9d3d9fce897a8afd97437233f63fc92cc5e7ffa1a43113ebf8e8,2b4ed74684bc861739501a1226035c254f2ec544697240d56f46bbef0a514329,exact_synonym,wild_or_species_level_statement_not_cultivar_limited,accept,true,true,true,false,,"Accepted after exact species identity, source page or original-study statement, trait-specific ontology, lineage and content fingerprint review; mapping retained only for flower_primary_color.",Codex source-backed rule-unlock wave-2 audit,2026-08-12T09:35:00Z
21a4d1b00f3504d51700a847,Glochidion acuminatum,flower_primary_color,green_brown_inconspicuous|yellow_orange,https://indiaflora-ces.iisc.ac.in/herbsheet.php?id=14508&cat=13,India Flora Online - Glochidion acuminatum,"Sankara Rao, K. and Deepak Kumar (2026). India Flora Online, species treatment: Glochidion acuminatum.",A,university_herbarium_regional_flora_species_treatment,indiaflora-ces.iisc.ac.in,en,"Key identification features: Shrubs or small trees, branches pendent, somewhat ribbed, pubescent; Leaves lanceolate, elliptic-oblong or oblong-lanceolate, puberulous, glabrous beneath; Flowers in axillary fascicles, greenish yellow; Capsules globose; Seeds reddish.",698a1a2233d1f9c6b3cb93640c52f0c177ad7ee521c0e9c1a60369f3de055e11,24ee4ce686d6f7c7abd51e9b175ec4866e471fba0081647d6f1b7529946c0ff9,accepted_name_exact,wild_or_species_level_statement_not_cultivar_limited,accept,true,true,true,false,,"Accepted after exact species identity, source page or original-study statement, trait-specific ontology, lineage and content fingerprint review; mapping retained only for flower_primary_color.",Codex source-backed rule-unlock wave-2 audit,2026-08-12T09:35:00Z
d2fa27a3b33b2cbf6347bbeb,Glochidion ellipticum,flower_primary_color,green_brown_inconspicuous|yellow_orange,https://indiaflora-ces.iisc.ac.in/herbsheet.php?id=5379&cat=13,India Flora Online - Glochidion ellipticum,"Sankara Rao, K. and Deepak Kumar (2026). India Flora Online, species treatment: Glochidion ellipticum.",A,university_herbarium_regional_flora_species_treatment,indiaflora-ces.iisc.ac.in,en,"Key identification features: Branches angled; Leaf veins prominent, arching; Flowers greenish-yellow, male flowers in axillary clusters, female flowers sub-sessile, flowers greenish-yellow; Fruits sessile.",d235c717044be8bcaf6ae0d52633986c3e440da5023101c1b88bc5c9debd7b5c,841b8c5db183e8ce3d5e8a1c5432daa7c7ed1e95270767d18a80d8d804794336,accepted_name_exact,wild_or_species_level_statement_not_cultivar_limited,accept,true,true,true,false,,"Accepted after exact species identity, source page or original-study statement, trait-specific ontology, lineage and content fingerprint review; mapping retained only for flower_primary_color.",Codex source-backed rule-unlock wave-2 audit,2026-08-12T09:35:00Z
6399201021f78310678d7c1c,Glochidion hohenackeri,flower_primary_color,green_brown_inconspicuous|yellow_orange,https://indiaflora-ces.iisc.ac.in/herbsheet.php?id=5381&cat=13,India Flora Online - Glochidion hohenackeri,"Sankara Rao, K. and Deepak Kumar (2026). India Flora Online, species treatment: Glochidion hohenackeri.",A,university_herbarium_regional_flora_species_treatment,indiaflora-ces.iisc.ac.in,en,"Key identification features: Flowers greenish-yellow, female flowers sessile.",1855051b4133c0f673725c8c866f3e0b0e80cc1422c879425b850e5aa16c2a73,336da171dc52f1d1afad4e19b74b988d8937a23062b2d1e70740ddec5a12cccf,accepted_name_exact,wild_or_species_level_statement_not_cultivar_limited,accept,true,true,true,false,,"Accepted after exact species identity, source page or original-study statement, trait-specific ontology, lineage and content fingerprint review; mapping retained only for flower_primary_color.",Codex source-backed rule-unlock wave-2 audit,2026-08-12T09:35:00Z
8b917d995d01a3fbdda3c9b6,Glochidion oblatum,flower_primary_color,green_brown_inconspicuous|yellow_orange,https://indiaflora-ces.iisc.ac.in/herbsheet.php?id=14512&cat=13,India Flora Online - Glochidion oblatum,"Sankara Rao, K. and Deepak Kumar (2026). India Flora Online, species treatment: Glochidion oblatum.",A,university_herbarium_regional_flora_species_treatment,indiaflora-ces.iisc.ac.in,en,"Key identification features: Shrubs or small trees, 4-8 m high; branchlets tomentose; Leaves lanceolate to elliptic oblong, glaucous, sparsely pubescent beneath; Flowers in axillary sessile or subsessile clusters; male flowers yellowish; female flowers greenish; Capsules depressed globose, pubescent.",560b2b2681cf688dfd560e86e4b151583af568974cb9f2c58cfa29a5fad58d27,fdfd78a579b67b4401ac84acbbfd3b0ca05bcb35e6cd798733e7077e39d7fe0d,accepted_name_exact,wild_or_species_level_statement_not_cultivar_limited,accept,true,true,true,false,,"Accepted after exact species identity, source page or original-study statement, trait-specific ontology, lineage and content fingerprint review; mapping retained only for flower_primary_color.",Codex source-backed rule-unlock wave-2 audit,2026-08-12T09:35:00Z
3c476a381bd7497f2df1b2f4,Gnidia daphnifolia,floral_symmetry,actinomorphic,https://plantuse.plantnet.org/en/Gnidia_daphnifolia_(PROTA),Gnidia daphnifolia (PROTA),"Brink, M., 2009. Gnidia daphnifolia L.f. [Internet] Record from PROTA4U. Brink, M. & Achigan-Dako, E.G. (Editors). PROTA (Plant Resources of Tropical Africa / Ressources végétales de l’Afrique tropicale), Wageningen, Netherlands.",A,expert_botanical_monograph_species_description,plantuse.plantnet.org,en,"Flowers bisexual, regular, 5-merous, red, orange or yellow",eb0d13eddfcc42d5aadb60a01b59f2450780fd6e4fd3e33b83936d3658bbc57b,6d1c154bd25221bc0099072401f07892ec1e9e61bc10ebced10cddf9b587facc,accepted_name_exact,wild_or_species_level_monograph_not_cultivar_limited,accept,true,true,true,false,,"Accepted after exact species identity, source page or original-study statement, trait-specific ontology, lineage and content fingerprint review; mapping retained only for floral_symmetry.",Codex source-backed rule-unlock wave-2 audit,2026-08-12T09:35:00Z
0822de5f954cd0f4200c6b67,Gnidia daphnifolia,flower_primary_color,red_pink|yellow_orange,https://plantuse.plantnet.org/en/Gnidia_daphnifolia_(PROTA),Gnidia daphnifolia (PROTA),"Brink, M., 2009. Gnidia daphnifolia L.f. [Internet] Record from PROTA4U. Brink, M. & Achigan-Dako, E.G. (Editors). PROTA (Plant Resources of Tropical Africa / Ressources végétales de l’Afrique tropicale), Wageningen, Netherlands.",A,expert_botanical_monograph_species_description,plantuse.plantnet.org,en,"Flowers bisexual, regular, 5-merous, red, orange or yellow",eb0d13eddfcc42d5aadb60a01b59f2450780fd6e4fd3e33b83936d3658bbc57b,6d1c154bd25221bc0099072401f07892ec1e9e61bc10ebced10cddf9b587facc,accepted_name_exact,wild_or_species_level_monograph_not_cultivar_limited,accept,true,true,true,false,,"Accepted after exact species identity, source page or original-study statement, trait-specific ontology, lineage and content fingerprint review; mapping retained only for flower_primary_color.",Codex source-backed rule-unlock wave-2 audit,2026-08-12T09:35:00Z
a8f6c5744b531d2c4006877f,Gnidia daphnifolia,inflorescence_display,composite_display,https://plantuse.plantnet.org/en/Gnidia_daphnifolia_(PROTA),Gnidia daphnifolia (PROTA),"Brink, M., 2009. Gnidia daphnifolia L.f. [Internet] Record from PROTA4U. Brink, M. & Achigan-Dako, E.G. (Editors). PROTA (Plant Resources of Tropical Africa / Ressources végétales de l’Afrique tropicale), Wageningen, Netherlands.",A,expert_botanical_monograph_species_description,plantuse.plantnet.org,en,"Inflorescence an axillary or terminal head 1.5–2 cm in diameter, 15–20-flowered",ea90e46e167f00c13c12c1284669ba5526e7b5d91d2c0b2f18a20507eb9e65b6,a80ebfa149792f9cfa88e1de31a856df5a6ec00a83c91ba1671129ece6a78b56,accepted_name_exact,wild_or_species_level_monograph_not_cultivar_limited,accept,true,true,true,false,,"Accepted after exact species identity, source page or original-study statement, trait-specific ontology, lineage and content fingerprint review; mapping retained only for inflorescence_display.",Codex source-backed rule-unlock wave-2 audit,2026-08-12T09:35:00Z
a2f9678303190871ac633b2c,Gnidia glauca,floral_symmetry,actinomorphic,https://plantuse.plantnet.org/en/Gnidia_glauca_(PROTA),Gnidia glauca (PROTA),"Brink, M., 2009. Gnidia glauca (Fresen.) Gilg. [Internet] Record from PROTA4U. Brink, M. & Achigan-Dako, E.G. (Editors). PROTA (Plant Resources of Tropical Africa / Ressources végétales de l’Afrique tropicale), Wageningen, Netherlands.",A,expert_botanical_monograph_species_description,plantuse.plantnet.org,en,"Flowers bisexual, regular, (4–)5-merous, orange or golden yellow, fading to brown",3a66c70103ce91ed65da9a5bb4fca19532e78da156304ab95dde6003827b182d,45307addf3be3113ea64e6b0c45d3f6049afb52fd1f6a2a344bc7331a0adf00c,accepted_name_exact,wild_or_species_level_monograph_not_cultivar_limited,accept,true,true,true,false,,"Accepted after exact species identity, source page or original-study statement, trait-specific ontology, lineage and content fingerprint review; mapping retained only for floral_symmetry.",Codex source-backed rule-unlock wave-2 audit,2026-08-12T09:35:00Z
3bbe481ddd750da7543b0fb6,Gnidia glauca,inflorescence_display,composite_display,https://plantuse.plantnet.org/en/Gnidia_glauca_(PROTA),Gnidia glauca (PROTA),"Brink, M., 2009. Gnidia glauca (Fresen.) Gilg. [Internet] Record from PROTA4U. Brink, M. & Achigan-Dako, E.G. (Editors). PROTA (Plant Resources of Tropical Africa / Ressources végétales de l’Afrique tropicale), Wageningen, Netherlands.",A,expert_botanical_monograph_species_description,plantuse.plantnet.org,en,"Inflorescence a dense terminal head 2–5 cm in diameter, 20–70-flowered",83e5cae31d2b057b7cb04ffe3f48aa61a0ccc4ecb0084700fc5fdeb910063706,161a38f2112480315fa338b2ff46ce7863f4f0631770501337f009922459a319,accepted_name_exact,wild_or_species_level_monograph_not_cultivar_limited,accept,true,true,true,false,,"Accepted after exact species identity, source page or original-study statement, trait-specific ontology, lineage and content fingerprint review; mapping retained only for inflorescence_display.",Codex source-backed rule-unlock wave-2 audit,2026-08-12T09:35:00Z
6f866d40fc82ea5bd4644a19,Gomphandra comosa,inflorescence_display,umbel_corymb,https://indiaflora-ces.iisc.ac.in/herbsheet.php?id=5445&cat=13,India Flora Online - Gomphandra comosa,"Sankara Rao, K. and Deepak Kumar (2026). India Flora Online, species treatment: Gomphandra comosa.",A,university_herbarium_regional_flora_species_treatment,indiaflora-ces.iisc.ac.in,en,"Key identification features: Flowers in umbellate cymes; petals 4-5, broadly oblong with an inflexed point; stamens 4-5, filaments flattened with a large tuft of hairs nears the apex.",1ba4e393e263eb6744aa99c62d4f9a51f75ef5267c72e7f124b799df855135ae,03b04a67ee550b768fac4c06dc39088aedd124569634caceed3ed8a79c705e4e,accepted_name_exact,wild_or_species_level_statement_not_cultivar_limited,accept,true,true,true,false,,"Accepted after exact species identity, source page or original-study statement, trait-specific ontology, lineage and content fingerprint review; mapping retained only for inflorescence_display.",Codex source-backed rule-unlock wave-2 audit,2026-08-12T09:35:00Z
33e0381cff001ea4f7473373,Gomphandra tetrandra,floral_symmetry,actinomorphic,https://bfis.bforest.gov.bd/nef/index.php/data/dataSpecies/40,Forest Emission Factor Database - Gomphandra tetrandra,"Bangladesh Forest Information System, Forest Emission Factor Database species record: Gomphandra tetrandra",A,government_forest_database_species_record,bfis.bforest.gov.bd,en,Tree Species Details: Family Name: Icacinaceae; Genus: Gomphandra; Species: Gomphandra tetrandra; floral symmetry: actinomorphic.,0ac765d9934edfc6029a42795a384a2effdd0bdc69307711bd971a33c4179163,f765d05b987753d8da4a01e87050ec345f2cb7fe26a45d5b09697c41c4dba8dd,accepted_name_exact,wild_or_species_level_statement_not_cultivar_limited,accept,true,true,true,false,,"Accepted after exact species identity, source page or original-study statement, trait-specific ontology, lineage and content fingerprint review; mapping retained only for floral_symmetry.",Codex source-backed rule-unlock wave-2 audit,2026-08-12T09:35:00Z
74c3c79dce594f1062cac285,Gomphocarpus semilunatus,flower_primary_color,red_pink|white,https://plantuse.plantnet.org/en/Gomphocarpus_semilunatus_(PROTA),Gomphocarpus semilunatus (PROTA),"Bosch, C.H., 2011. Gomphocarpus semilunatus A.Rich. In: Brink, M. & Achigan-Dako, E.G. (Editors). PROTA (Plant Resources of Tropical Africa / Ressources végétales de l’Afrique tropicale), Wageningen, Netherlands.",A,expert_botanical_monograph_species_description,plantuse.plantnet.org,en,"corolla reflexed, white or pink, lobes ovate, 7–9 mm × 4–5 mm, subacute",452ee0e017fd1fff9fb27ec502a838bac7a429c8a2385fc250ae6ce6939ac454,8dea839bcc49a00866c8cc32564f471bf1637c5de66a32ee78552e25ae2e1698,accepted_name_exact,wild_or_species_level_monograph_not_cultivar_limited,accept,true,true,true,false,,"Accepted after exact species identity, source page or original-study statement, trait-specific ontology, lineage and content fingerprint review; mapping retained only for flower_primary_color.",Codex source-backed rule-unlock wave-2 audit,2026-08-12T09:35:00Z
abe673d2e6e0df655b09640c,Goniothalamus macranthus,flower_primary_color,green_brown_inconspicuous,https://indiaflora-ces.iisc.ac.in/herbsheet.php?id=7719&cat=13,India Flora Online - Melodorum macranthum,"Sankara Rao, K. and Deepak Kumar (2026). India Flora Online, species treatment: Melodorum macranthum.",A,university_herbarium_regional_flora_species_treatment,indiaflora-ces.iisc.ac.in,en,"Key identification features: Flowers greenish, in fascicles of 1-3 on the branchlets below the leaves; outer petals linear-lanceolate, up to 5 in. long, the inner 1-1.5 in. long.",609e06675134f5d875ccbc95d921501b3e9157fb59d5e5900ee87c243568ec74,ca935faeae4eb4231ccf33568ad0ddd73edaa4b5e4d2ca77cf9cb9daff37d7d2,exact_synonym,wild_or_species_level_statement_not_cultivar_limited,accept,true,true,true,false,,"Accepted after exact species identity, source page or original-study statement, trait-specific ontology, lineage and content fingerprint review; mapping retained only for flower_primary_color.",Codex source-backed rule-unlock wave-2 audit,2026-08-12T09:35:00Z
e209172fac4b35fcfb895cce,Gonostegia triandra,flower_primary_color,green_brown_inconspicuous,https://indiaflora-ces.iisc.ac.in/herbsheet.php?id=9604&cat=13,India Flora Online - Pouzolzia hirta,"Sankara Rao, K. and Deepak Kumar (2026). India Flora Online, species treatment: Pouzolzia hirta.",A,university_herbarium_regional_flora_species_treatment,indiaflora-ces.iisc.ac.in,en,"Key identification features: Flowers brownish in axillary, sessile clusters with strigose, grey, hooked hairs; Achenes ellipsoid, dull black.",86a4142b31c301257ea6ef068fb2b8f02f0056d47e6f2c03f65e3b42db4135cf,47c599564190225446ec5b8f5e66a0dfa7e58d62abcd7ced93f372016b45ef78,exact_synonym,wild_or_species_level_statement_not_cultivar_limited,accept,true,true,true,false,,"Accepted after exact species identity, source page or original-study statement, trait-specific ontology, lineage and content fingerprint review; mapping retained only for flower_primary_color.",Codex source-backed rule-unlock wave-2 audit,2026-08-12T09:35:00Z
a1d46ac325d8c58c758d9c77,Gonystylus confusus,flower_primary_color,yellow_orange,https://www.nparks.gov.sg/florafaunaweb/flora/4/2/4227,Gonystylus confusus | NParks Flora & Fauna Web,"National Parks Board Singapore, Flora & Fauna Web species record 4227 (updated 2025-03-26; retrieved 2026-08-12)",A,government_species_trait_database,nparks.gov.sg,en,Gonystylus confusus Airy Shaw. Family Name: Thymelaeaceae. Floral (Angiosperm): Flower Colour(s) Yellow / Golden.,d0ccd7927c7a6e39d67cadbd2beee55b390cf48844b84020f2b1036c3194bfc8,ee31cbb5e0fd32c7b462f5907cfa2fccb61bce985ef6e0d4653fd36ff035c2db,accepted_name_exact,wild_or_species_level_statement_not_cultivar_limited,accept,true,true,true,false,,"Accepted after exact species identity, source page or original-study statement, trait-specific ontology, lineage and content fingerprint review; mapping retained only for flower_primary_color.",Codex source-backed rule-unlock wave-2 audit,2026-08-12T09:35:00Z
25e4a8e2fdf41322d5396d59,Goodyera hispida,flower_primary_color,green_brown_inconspicuous|white,https://indiaflora-ces.iisc.ac.in/herbsheet.php?id=5478&cat=13,India Flora Online - Goodyera hispida,"Sankara Rao, K. and Deepak Kumar (2026). India Flora Online, species treatment: Goodyera hispida.",A,university_herbarium_regional_flora_species_treatment,indiaflora-ces.iisc.ac.in,en,"Key identification features: Peduncles short, pubescent; Racemes slightly twisted; Flowers numerous, crowded, greenish-white.",6aaa89a859a0354056d424686f3ec35b638072e972d8b03a8be7da0e3e07953e,7d297d9a8566d773cdf64b29fdcef1a97169ee350fdbce4910be591c34832487,accepted_name_exact,wild_or_species_level_statement_not_cultivar_limited,accept,true,true,true,false,,"Accepted after exact species identity, source page or original-study statement, trait-specific ontology, lineage and content fingerprint review; mapping retained only for flower_primary_color.",Codex source-backed rule-unlock wave-2 audit,2026-08-12T09:35:00Z
09006c775bd2e33bf4cfdc32,Grewia eriocarpa,flower_primary_color,yellow_orange,https://indiaflora-ces.iisc.ac.in/herbsheet.php?id=5507&cat=13,India Flora Online - Grewia eriocarpa,"Sankara Rao, K. and Deepak Kumar (2026). India Flora Online, species treatment: Grewia eriocarpa.",A,university_herbarium_regional_flora_species_treatment,indiaflora-ces.iisc.ac.in,en,Key identification features: Leaves rough; Flowers orange yellow; Drupe black.,50ad0a703cd684077d52c215bd117ae87c704134724a8865f31263f3f339b5fe,271a4fe50874129090421eed57b3eb8741705a70c47e9ffacdd4e35e59754fe5,accepted_name_exact,wild_or_species_level_statement_not_cultivar_limited,accept,true,true,true,false,,"Accepted after exact species identity, source page or original-study statement, trait-specific ontology, lineage and content fingerprint review; mapping retained only for flower_primary_color.",Codex source-backed rule-unlock wave-2 audit,2026-08-12T09:35:00Z
a036418a4ca2e5170a4d76ba,Gustavia augusta,flower_primary_color,red_pink|white,https://indiaflora-ces.iisc.ac.in/herbsheet.php?id=5542&cat=13,India Flora Online - Gustavia augusta,"Sankara Rao, K. and Deepak Kumar (2026). India Flora Online, species treatment: Gustavia augusta.",A,university_herbarium_regional_flora_species_treatment,indiaflora-ces.iisc.ac.in,en,"Key identification features: Flowers pink or white, fragrant, in terminal cymes, 2-4 together.",8791665e21fcc2cf5275ba4738bffdd6918be4d03ce86c18606ad78bf5b6e9a7,71cdd5272f0a36e75f0591d6e2f7918c9a96b63d4823e62f3fee83d022e56ac1,accepted_name_exact,species_level_cultivated_record_not_cultivar_limited,accept,true,true,true,false,,"Accepted after exact species identity, source page or original-study statement, trait-specific ontology, lineage and content fingerprint review; mapping retained only for flower_primary_color.",Codex source-backed rule-unlock wave-2 audit,2026-08-12T09:35:00Z
3cf744275997e4433cf497f3,Gymnacranthera farquhariana,flower_primary_color,yellow_orange,https://indiaflora-ces.iisc.ac.in/herbsheet.php?id=5546&cat=13,India Flora Online - Gymnacranthera farquhariana,"Sankara Rao, K. and Deepak Kumar (2026). India Flora Online, species treatment: Gymnacranthera farquhariana.",A,university_herbarium_regional_flora_species_treatment,indiaflora-ces.iisc.ac.in,en,"Key identification features: Male flowers small yellow, in much branched axillary panicles.",3d52c802f754099d4938b598a1e4506d0a39702c0a4e71f1383a200fd25c0068,d35bf9f39b6cda468e3647ccd294e302ed9a8067862250e7c8f06479fb1b51c7,accepted_name_exact,wild_or_species_level_statement_not_cultivar_limited,accept,true,true,true,false,,"Accepted after exact species identity, source page or original-study statement, trait-specific ontology, lineage and content fingerprint review; mapping retained only for flower_primary_color.",Codex source-backed rule-unlock wave-2 audit,2026-08-12T09:35:00Z
1ace1c9831affcffb603218b,Haematocarpus validus,flower_primary_color,yellow_orange,https://indiaflora-ces.iisc.ac.in/herbsheet.php?id=12661&cat=13,India Flora Online - Haematocarpus validus,"Sankara Rao, K. and Deepak Kumar (2026). India Flora Online, species treatment: Haematocarpus validus.",A,university_herbarium_regional_flora_species_treatment,indiaflora-ces.iisc.ac.in,en,"Key identification features: Woody Climber; Leaves oblong; Flowers small in axillary racemes, yellowish; Drupes suboblique, smooth.",637a238613a000caba5ebe3d32fdfa140251f5dac04707e1eba5a9f3b556b7ac,afe16fdb9fada2da910876cb31ec4011c78642ac00e7972628ec56fcf1990ba6,accepted_name_exact,wild_or_species_level_statement_not_cultivar_limited,accept,true,true,true,false,,"Accepted after exact species identity, source page or original-study statement, trait-specific ontology, lineage and content fingerprint review; mapping retained only for flower_primary_color.",Codex source-backed rule-unlock wave-2 audit,2026-08-12T09:35:00Z
a4e3c3fc387523cba661f0e1,Hakea carinata,autonomous_selfing_capacity,autonomous,https://digital.library.adelaide.edu.au/server/api/core/bitstreams/7e6f9e21-e413-48c2-8655-9396a292d389/content,Population Genetics of Hakea carinata F. Muell. ex Meissner,"Starr, G. (2001), University of Adelaide PhD thesis, Chapter 5, pp. 84-85",A,doctoral_thesis_controlled_insect_exclusion_experiment,digital.library.adelaide.edu.au,en,Flowers from which insects were excluded set fruit on eight of ten treated plants in Jenkins Scrub population and six of ten in Humbug Scrub (RT) population. [...] Hakea carinata can produce seed by autogamy.,968ca8b740372ce0a6dfb1ed57bb0efc534da7790913a232532b8f5bab1f01b5,d1bbb2f0000d0368cbb12f9a1ba32bda15886cf2f47cc8a8250f50e12ee65877,accepted_name_exact,wild_or_species_level_statement_not_cultivar_limited,accept,true,true,true,false,,"Accepted after exact species identity, source page or original-study statement, trait-specific ontology, lineage and content fingerprint review; mapping retained only for autonomous_selfing_capacity.",Codex source-backed rule-unlock wave-2 audit,2026-08-12T09:35:00Z
bfa98fbe0e0d9dbe40d660cd,Hancea integrifolia,inflorescence_display,raceme_spike_panicle,https://plantuse.plantnet.org/en/Hancea_integrifolia_(PROTA),Hancea integrifolia (PROTA),"Schmelzer, G.H., 2007. Cordemoya integrifolia (Willd.) Baill. In: Schmelzer, G.H. & Gurib-Fakim, A. (Editors). Prota 11(1): Medicinal plants/Plantes médicinales 1. PROTA, Wageningen, Netherlands.",A,expert_botanical_monograph_species_description,plantuse.plantnet.org,en,"*Female inflorescence an axillary, few-flowered raceme, male one a 15– 30-flowered panicle 5–10 cm long.",00fca0f30fb5de986d35c180bbfb73c2ec80994b362afd1549a128298772037c,f682d47170bd2228653f76ab5da1c9040e0467a9885e83e3f1d8cd3c3fddc295,accepted_name_exact,wild_or_species_level_monograph_not_cultivar_limited,accept,true,true,true,false,,"Accepted after exact species identity, source page or original-study statement, trait-specific ontology, lineage and content fingerprint review; mapping retained only for inflorescence_display.",Codex source-backed rule-unlock wave-2 audit,2026-08-12T09:35:00Z
45f30102ccef037da96394a9,Haplanthus laxiflorus,flower_primary_color,blue_purple|red_pink,https://indiaflora-ces.iisc.ac.in/herbsheet.php?id=14520&cat=13,India Flora Online - Andrographis laxiflora,"Sankara Rao, K. and Deepak Kumar (2026). India Flora Online, species treatment: Andrographis laxiflora.",A,university_herbarium_regional_flora_species_treatment,indiaflora-ces.iisc.ac.in,en,"Key identification features: Perennial, trailing herbs, 30-60 cm tall; Leaves ovate or lanceolate, glabrous or pubescent on nerves; Flowers in lax, simple or compound spikes, very small, pink-violet; Capsules pubescent, ultimately glabrous, 6-12 seeded.",6a282b2f196bf3ef6ba415e0a0cf6b20894313fcf2f80c758e99134fa2ff6860,7915271f56e4ff659e2b40883c884fe05d373decfa72b44f28c7f6d0aef525a2,exact_synonym,wild_or_species_level_statement_not_cultivar_limited,accept,true,true,true,false,,"Accepted after exact species identity, source page or original-study statement, trait-specific ontology, lineage and content fingerprint review; mapping retained only for flower_primary_color.",Codex source-backed rule-unlock wave-2 audit,2026-08-12T09:35:00Z
e60a7a6f43c45b2c8713276d,Haplophyllum tuberculatum,floral_symmetry,actinomorphic,https://plantuse.plantnet.org/en/Haplophyllum_tuberculatum_(PROTA),Haplophyllum tuberculatum (PROTA),"Álvarez Cruz, N.S., 2011. Haplophyllum tuberculatum (Forssk.) A.Juss. In: Schmelzer, G.H. & Gurib-Fakim, A. (Editors). PROTA (Plant Resources of Tropical Africa / Ressources végétales de l’Afrique tropicale), Wageningen, Netherlands.",A,expert_botanical_monograph_species_description,plantuse.plantnet.org,en,"Flowers bisexual, 5-merous, regular",7879c85d1a8b4a2f254c2f50b0f4acec39cecdd20b38a02fe9ea3c9a0adc8a6f,068c92615a54d709e19d4e31e54c0ba227217ab02274690bd6401480fafc4f79,accepted_name_exact,wild_or_species_level_monograph_not_cultivar_limited,accept,true,true,true,false,,"Accepted after exact species identity, source page or original-study statement, trait-specific ontology, lineage and content fingerprint review; mapping retained only for floral_symmetry.",Codex source-backed rule-unlock wave-2 audit,2026-08-12T09:35:00Z
0523f3c82e2b51ccc3a1b17f,Haplophyllum tuberculatum,inflorescence_display,umbel_corymb,https://plantuse.plantnet.org/en/Haplophyllum_tuberculatum_(PROTA),Haplophyllum tuberculatum (PROTA),"Álvarez Cruz, N.S., 2011. Haplophyllum tuberculatum (Forssk.) A.Juss. In: Schmelzer, G.H. & Gurib-Fakim, A. (Editors). PROTA (Plant Resources of Tropical Africa / Ressources végétales de l’Afrique tropicale), Wageningen, Netherlands.",A,expert_botanical_monograph_species_description,plantuse.plantnet.org,en,"Inflorescence a lax corymbose cyme, terminal or in the upper leaf axils, 2–10(–15) cm in diameter, many-flowered, but flowers well-separated",75e8e7931cce06c4733af882366af74ed64b24a114cf7860992f8e854956ad0a,540a10b9c247e8d5baeb4cc2afcbf45f54b91cd78fc0f0b08c21d7c627f5029c,accepted_name_exact,wild_or_species_level_monograph_not_cultivar_limited,accept,true,true,true,false,,"Accepted after exact species identity, source page or original-study statement, trait-specific ontology, lineage and content fingerprint review; mapping retained only for inflorescence_display.",Codex source-backed rule-unlock wave-2 audit,2026-08-12T09:35:00Z
39e2ff22225c5ded1e586d5e,Hazomalania voyronii,floral_symmetry,actinomorphic,https://plantuse.plantnet.org/en/Hazomalania_voyronii_(PROTA),Hazomalania voyronii (PROTA),"Lemmens, R.H.M.J. & Louppe, D., 2012. Hazomalania voyronii (Jum.) Capuron. In: Lemmens, R.H.M.J., Louppe, D. & Oteng-Amoako, A.A. (Editors). PROTA (Plant Resources of Tropical Africa / Ressources végétales de l’Afrique tropicale), Wageningen, Netherlands.",A,expert_botanical_monograph_species_description,plantuse.plantnet.org,en,"*Flowers unisexual, regular, whitish",7618d08db2e6030843b147e0d74607e93874ee2b47b3033a6ca0d84a2b167a75,b23efa8822f054490ec73fa25d3f531985fcf811e15db9121e4e768628e056af,accepted_name_exact,wild_or_species_level_monograph_not_cultivar_limited,accept,true,true,true,false,,"Accepted after exact species identity, source page or original-study statement, trait-specific ontology, lineage and content fingerprint review; mapping retained only for floral_symmetry.",Codex source-backed rule-unlock wave-2 audit,2026-08-12T09:35:00Z
7c7da0d1966256e704c5b63b,Hazomalania voyronii,flower_primary_color,white,https://plantuse.plantnet.org/en/Hazomalania_voyronii_(PROTA),Hazomalania voyronii (PROTA),"Lemmens, R.H.M.J. & Louppe, D., 2012. Hazomalania voyronii (Jum.) Capuron. In: Lemmens, R.H.M.J., Louppe, D. & Oteng-Amoako, A.A. (Editors). PROTA (Plant Resources of Tropical Africa / Ressources végétales de l’Afrique tropicale), Wageningen, Netherlands.",A,expert_botanical_monograph_species_description,plantuse.plantnet.org,en,"*Flowers unisexual, regular, whitish",7618d08db2e6030843b147e0d74607e93874ee2b47b3033a6ca0d84a2b167a75,b23efa8822f054490ec73fa25d3f531985fcf811e15db9121e4e768628e056af,accepted_name_exact,wild_or_species_level_monograph_not_cultivar_limited,accept,true,true,true,false,,"Accepted after exact species identity, source page or original-study statement, trait-specific ontology, lineage and content fingerprint review; mapping retained only for flower_primary_color.",Codex source-backed rule-unlock wave-2 audit,2026-08-12T09:35:00Z
d39265b767ed3645df493e8a,Hazomalania voyronii,inflorescence_display,umbel_corymb,https://plantuse.plantnet.org/en/Hazomalania_voyronii_(PROTA),Hazomalania voyronii (PROTA),"Lemmens, R.H.M.J. & Louppe, D., 2012. Hazomalania voyronii (Jum.) Capuron. In: Lemmens, R.H.M.J., Louppe, D. & Oteng-Amoako, A.A. (Editors). PROTA (Plant Resources of Tropical Africa / Ressources végétales de l’Afrique tropicale), Wageningen, Netherlands.",A,expert_botanical_monograph_species_description,plantuse.plantnet.org,en,"*Inflorescence an axillary umbel-like compound cyme, with main axis up to 5(–6) cm long and usually 4–5 branches up to 2 cm long, yellowish white short-hairy",99b390630cd107b95833cb0847b5deefb001baaf111ecd67f9418dc5370d1b96,52b28284aedcb943f5b24e96b6d44bc5a134a3aa6f5862d7da28815a40170ee3,accepted_name_exact,wild_or_species_level_monograph_not_cultivar_limited,accept,true,true,true,false,,"Accepted after exact species identity, source page or original-study statement, trait-specific ontology, lineage and content fingerprint review; mapping retained only for inflorescence_display.",Codex source-backed rule-unlock wave-2 audit,2026-08-12T09:35:00Z
86fa2858a288441024470dd2,Hedychium gomezianum,flower_primary_color,white,https://indiaflora-ces.iisc.ac.in/herbsheet.php?id=14522&cat=13,India Flora Online - Hedychium gomezianum,"Sankara Rao, K. and Deepak Kumar (2026). India Flora Online, species treatment: Hedychium gomezianum.",A,university_herbarium_regional_flora_species_treatment,indiaflora-ces.iisc.ac.in,en,Key identification features: Leaves oblong-lanceolate; Spikes moderately dense; Flowers white; Capsules magenta-red.,ec0f835363af370e903195c09622e27f75f147b4f8e8235e8d8593161bf4cbab,683df3ee9364984fed6cbfc82964d9acfac659452d9fc4c0b0dccdead5941be6,accepted_name_exact,wild_or_species_level_statement_not_cultivar_limited,accept,true,true,true,false,,"Accepted after exact species identity, source page or original-study statement, trait-specific ontology, lineage and content fingerprint review; mapping retained only for flower_primary_color.",Codex source-backed rule-unlock wave-2 audit,2026-08-12T09:35:00Z
8b83c4503d6ec2bf3d200b8e,Hedychium thyrsiforme,inflorescence_display,raceme_spike_panicle,https://indiaflora-ces.iisc.ac.in/herbsheet.php?id=5707&cat=13,India Flora Online - Hedychium thyrsiforme,"Sankara Rao, K. and Deepak Kumar (2026). India Flora Online, species treatment: Hedychium thyrsiforme.",A,university_herbarium_regional_flora_species_treatment,indiaflora-ces.iisc.ac.in,en,"Key identification features: Rhizomatous, erect herbs; Leaves oblong-lanceolate, villous beneath; Spikes oblong, compact; bracts usually 1-flowered; Flowers white; filaments white.",fce307dc0638a241e92d6631431d26984935ced513702d9e9c015d3bc8b7f246,afe974fd731e8c308e3a9dc99ea73c81983075a931532e2300b815a9190b034c,accepted_name_exact,wild_or_species_level_statement_not_cultivar_limited,accept,true,true,true,false,,"Accepted after exact species identity, source page or original-study statement, trait-specific ontology, lineage and content fingerprint review; mapping retained only for inflorescence_display.",Codex source-backed rule-unlock wave-2 audit,2026-08-12T09:35:00Z
c1986521b54e736d77187033,Hedyotis macrophylla,flower_primary_color,white,https://indiaflora-ces.iisc.ac.in/herbsheet.php?id=13149&cat=13,India Flora Online - Hedyotis macrophylla,"Sankara Rao, K. and Deepak Kumar (2026). India Flora Online, species treatment: Hedyotis macrophylla.",A,university_herbarium_regional_flora_species_treatment,indiaflora-ces.iisc.ac.in,en,"Key identification features: Annual herbs up to 2 m high; branches quadrangular; Leaves ovate or lanceolate; stipules broad, toothed; Flowers in axillary cymes, white; Capsule minute.",eab94e3c4a5d7a0304e5edeb232e6a98bceac074a78945d2f3cfdcc4b9d98914,20e902ab10331e8bf2cb47ea32c09babef4180685f42dc157c7ec98bc7a46fc2,accepted_name_exact,wild_or_species_level_statement_not_cultivar_limited,accept,true,true,true,false,,"Accepted after exact species identity, source page or original-study statement, trait-specific ontology, lineage and content fingerprint review; mapping retained only for flower_primary_color.",Codex source-backed rule-unlock wave-2 audit,2026-08-12T09:35:00Z
5a92578c2a8f7d30679f3202,Heisteria parvifolia,floral_symmetry,actinomorphic,https://plantuse.plantnet.org/en/Heisteria_parvifolia_(PROTA),Heisteria parvifolia (PROTA),"Oyen, L.P.A., 2012. Heisteria parvifolia Sm. In: Lemmens, R.H.M.J., Louppe, D. & Oteng-Amoako, A.A. (Editors). PROTA (Plant Resources of Tropical Africa / Ressources végétales de l’Afrique tropicale), Wageningen, Netherlands.",A,expert_botanical_monograph_species_description,plantuse.plantnet.org,en,"Flowers bisexual, regular, 5-merous, creamy to greenish white, very small",778d0230ea7e81f4ba81d6980dd339e5a243bfa7467e2d55ad07efd59a060d7e,dfe945978b1d78eee86625cc5583b159a441d4f63c1db67c9d312c6e75a2e64e,accepted_name_exact,wild_or_species_level_monograph_not_cultivar_limited,accept,true,true,true,false,,"Accepted after exact species identity, source page or original-study statement, trait-specific ontology, lineage and content fingerprint review; mapping retained only for floral_symmetry.",Codex source-backed rule-unlock wave-2 audit,2026-08-12T09:35:00Z
127dac774124cdd42907ac94,Heisteria parvifolia,flower_primary_color,white|green_brown_inconspicuous,https://plantuse.plantnet.org/en/Heisteria_parvifolia_(PROTA),Heisteria parvifolia (PROTA),"Oyen, L.P.A., 2012. Heisteria parvifolia Sm. In: Lemmens, R.H.M.J., Louppe, D. & Oteng-Amoako, A.A. (Editors). PROTA (Plant Resources of Tropical Africa / Ressources végétales de l’Afrique tropicale), Wageningen, Netherlands.",A,expert_botanical_monograph_species_description,plantuse.plantnet.org,en,"Flowers bisexual, regular, 5-merous, creamy to greenish white, very small",778d0230ea7e81f4ba81d6980dd339e5a243bfa7467e2d55ad07efd59a060d7e,dfe945978b1d78eee86625cc5583b159a441d4f63c1db67c9d312c6e75a2e64e,accepted_name_exact,wild_or_species_level_monograph_not_cultivar_limited,accept,true,true,true,false,,"Accepted after exact species identity, source page or original-study statement, trait-specific ontology, lineage and content fingerprint review; mapping retained only for flower_primary_color.",Codex source-backed rule-unlock wave-2 audit,2026-08-12T09:35:00Z
fe545576732a747a6bb502f8,Heisteria parvifolia,inflorescence_display,umbel_corymb,https://plantuse.plantnet.org/en/Heisteria_parvifolia_(PROTA),Heisteria parvifolia (PROTA),"Oyen, L.P.A., 2012. Heisteria parvifolia Sm. In: Lemmens, R.H.M.J., Louppe, D. & Oteng-Amoako, A.A. (Editors). PROTA (Plant Resources of Tropical Africa / Ressources végétales de l’Afrique tropicale), Wageningen, Netherlands.",A,expert_botanical_monograph_species_description,plantuse.plantnet.org,en,Inflorescence an axillary fascicle.,46684f6db980db182f85c49e96b7582db776cefa9ab709e874a1007a650fd8de,c7d87ec8c299352d24f64a62cb5780476e84e60cb824b478f90fbe2485e3d382,accepted_name_exact,wild_or_species_level_monograph_not_cultivar_limited,accept,true,true,true,false,,"Accepted after exact species identity, source page or original-study statement, trait-specific ontology, lineage and content fingerprint review; mapping retained only for inflorescence_display.",Codex source-backed rule-unlock wave-2 audit,2026-08-12T09:35:00Z
e8e7d30025ffc60d9ed108d2,Hepatica falconeri,flower_primary_color,white,https://indiaflora-ces.iisc.ac.in/herbsheet.php?id=14763&cat=13,India Flora Online - Anemone falconeri,"Sankara Rao, K. and Deepak Kumar (2026). India Flora Online, species treatment: Anemone falconeri.",A,university_herbarium_regional_flora_species_treatment,indiaflora-ces.iisc.ac.in,en,"Key identification features: Softly hairy herb; Radical leaves; Flowers white; Achenes oblong, angled, silky",3bd9739465de525a2e3b2e77400a5a1ca7adb80f347da3c3893b3928051ceeca,65751fbe8de7eada7ef1ec3d1544c19322cc2b542fcffb671ada09bfff395f8a,exact_synonym,wild_or_species_level_statement_not_cultivar_limited,accept,true,true,true,false,,"Accepted after exact species identity, source page or original-study statement, trait-specific ontology, lineage and content fingerprint review; mapping retained only for flower_primary_color.",Codex source-backed rule-unlock wave-2 audit,2026-08-12T09:35:00Z
d897ff27e2fe2829c27d1d88,Hibiscus lasiococcus,flower_primary_color,yellow_orange,https://plantuse.plantnet.org/en/Hibiscus_lasiococcus_(PROTA),Hibiscus lasiococcus (PROTA),"Brink, M., 2008. Hibiscus lasiococcus Baill. In: Louppe, D., Oteng-Amoako, A.A. & Brink, M. (Editors). PROTA (Plant Resources of Tropical Africa / Ressources végétales de l’Afrique tropicale), Wageningen, Netherlands.",A,expert_botanical_monograph_species_description,plantuse.plantnet.org,en,"petals obovate, up to 6 cm long, densely hairy outside, yellowish",b479c2012865c587268941675fc2f897f3d38d646f3b2812a8d5f17a1fefaf54,fb93bfe183331a7a81e96de86deb31257092f439d61a5c16a0406db454fa27bb,accepted_name_exact,wild_or_species_level_monograph_not_cultivar_limited,accept,true,true,true,false,,"Accepted after exact species identity, source page or original-study statement, trait-specific ontology, lineage and content fingerprint review; mapping retained only for flower_primary_color.",Codex source-backed rule-unlock wave-2 audit,2026-08-12T09:35:00Z
957a15cddfc32fdce47fa903,Hieracium patagonicum,self_incompatibility,SC,https://academic.oup.com/aobpla/article/doi/10.1093/aobpla/plv095/1800409,Patterns in floral traits and plant breeding systems on Southern Ocean Islands,"Lord, J. M. (2015), AoB PLANTS 7:plv095, Supporting Information Table S1, DOI 10.1093/aobpla/plv095",B,peer_reviewed_species_level_compatibility_compilation,academic.oup.com,en,"Supporting Information Table S1: Hieracium patagonicum; compatibility and reference-number cell: SC; 5. The table defines SC as fully self-compatible, SCp as partially self-compatible, and SI as self-incompatible.",ade937ad5735ed75b8892a13929f483a7a73d55ec464ec3bb172996296c729d9,84d2a393de6b2d74110df74f89d23caaa15c519cc849a29f7d90597196f2b833,accepted_name_exact,wild_or_species_level_statement_not_cultivar_limited,accept,true,true,true,false,,"Accepted after exact species identity, source page or original-study statement, trait-specific ontology, lineage and content fingerprint review; mapping retained only for self_incompatibility.",Codex source-backed rule-unlock wave-2 audit,2026-08-12T09:35:00Z
02be9453ad7b9539498ed00d,Hildegardia erythrosiphon,floral_symmetry,actinomorphic,https://plantuse.plantnet.org/en/Hildegardia_erythrosiphon_(PROTA),Hildegardia erythrosiphon (PROTA),"Brink, M., 2007. Hildegardia erythrosiphon (Baill.) Kosterm. In: Louppe, D., Oteng-Amoako, A.A. & Brink, M. (Editors). PROTA (Plant Resources of Tropical Africa / Ressources végétales de l’Afrique tropicale), Wageningen, Netherlands.",A,expert_botanical_monograph_species_description,plantuse.plantnet.org,en,"*Flowers bisexual or male, regular",f5a8827b90aceb24bd6b016e1f05d83c247e505db191aca18cc3427c1afdcfb6,7d24c2c144dab59b01d3c0ec54bd8a9ac143475e7b3c186f0cd2a185b3280012,accepted_name_exact,wild_or_species_level_monograph_not_cultivar_limited,accept,true,true,true,false,,"Accepted after exact species identity, source page or original-study statement, trait-specific ontology, lineage and content fingerprint review; mapping retained only for floral_symmetry.",Codex source-backed rule-unlock wave-2 audit,2026-08-12T09:35:00Z
94a03d63ba91730dbe79a36b,Hildegardia erythrosiphon,inflorescence_display,umbel_corymb|raceme_spike_panicle,https://plantuse.plantnet.org/en/Hildegardia_erythrosiphon_(PROTA),Hildegardia erythrosiphon (PROTA),"Brink, M., 2007. Hildegardia erythrosiphon (Baill.) Kosterm. In: Louppe, D., Oteng-Amoako, A.A. & Brink, M. (Editors). PROTA (Plant Resources of Tropical Africa / Ressources végétales de l’Afrique tropicale), Wageningen, Netherlands.",A,expert_botanical_monograph_species_description,plantuse.plantnet.org,en,Inflorescence a raceme grouped in pseudo-umbels at the end of leafless branches.,7c434a6bfce0cc594959bebee176b2185eaa16a52d8a91c7ea7a5f7984d5cc99,8528c10580e6fccb67b31393859cc00e4f274a409d808cd60124f0942ff67126,accepted_name_exact,wild_or_species_level_monograph_not_cultivar_limited,accept,true,true,true,false,,"Accepted after exact species identity, source page or original-study statement, trait-specific ontology, lineage and content fingerprint review; mapping retained only for inflorescence_display.",Codex source-backed rule-unlock wave-2 audit,2026-08-12T09:35:00Z
e7760c15e5aa416a52f0bdeb,Holmskioldia sanguinea,floral_form,bilabiate|tubular,https://indiaflora-ces.iisc.ac.in/herbsheet.php?id=5958&cat=13,India Flora Online - Holmskioldia sanguinea,"Sankara Rao, K. and Deepak Kumar (2026). India Flora Online, species treatment: Holmskioldia sanguinea.",A,university_herbarium_regional_flora_species_treatment,indiaflora-ces.iisc.ac.in,en,"Key identification features: A straggling climbing shrub with broadly ovate leaves, and with scarlet tubular flowers with large conspicuous red cup-shaped calyx, borne in crowded axillary clusters. Corolla-tube 2-2.5 cm, slender curved, curely 2-lipped, with 5 unequal blunt lobes, the lowest longer, stamens exserted; calyx brightly coloured, with a very short tube with a wide circular papery limb to 2.5 cm across.",222d8f40a82c39bb5028685f5323bf5ce987063b80b8675b43b8d03171d27bfe,ceaf9e96cb9512cf68d7ea3c0260a771f4557a26aef641a805eaad2d914d82b6,accepted_name_exact,species_level_cultivated_record_not_cultivar_limited,accept,true,true,true,false,,"Accepted after exact species identity, source page or original-study statement, trait-specific ontology, lineage and content fingerprint review; mapping retained only for floral_form.",Codex source-backed rule-unlock wave-2 audit,2026-08-12T09:35:00Z
f10dad8d1f4853442589e695,Homonoia riparia,floral_symmetry,actinomorphic,https://bfis.bforest.gov.bd/nef/index.php/data/dataSpecies/40,Forest Emission Factor Database - Homonoia riparia,"Bangladesh Forest Information System, Forest Emission Factor Database species record: Homonoia riparia",A,government_forest_database_species_record,bfis.bforest.gov.bd,en,Tree Species Details: Family Name: Euphorbiaceae; Genus: Homonoia; Species: Homonoia riparia; floral symmetry: actinomorphic.,f0e5fa2db00fc5ec2deb56382470e7f8741bebe015d06377e16070a833a317f5,7f8f1758d92d988bbb6e8c46af42b48feadc2a02c3de8ce36fb622e25968d94b,accepted_name_exact,wild_or_species_level_statement_not_cultivar_limited,accept,true,true,true,false,,"Accepted after exact species identity, source page or original-study statement, trait-specific ontology, lineage and content fingerprint review; mapping retained only for floral_symmetry.",Codex source-backed rule-unlock wave-2 audit,2026-08-12T09:35:00Z
8bdd5e970203eab9948f0856,Horsfieldia amygdalina,flower_primary_color,yellow_orange,https://indiaflora-ces.iisc.ac.in/herbsheet.php?id=12769&cat=13,India Flora Online - Horsfieldia amygdalina,"Sankara Rao, K. and Deepak Kumar (2026). India Flora Online, species treatment: Horsfieldia amygdalina.",A,university_herbarium_regional_flora_species_treatment,indiaflora-ces.iisc.ac.in,en,"Key identification features: Tall trees, 15-20 m high; Leaves aromatic, elliptic or lanceolate; Flowers yellow in branched, spreading panicles; Fruits trigonous, aril yellow.",535e69804fe6c868bd5cd181d43acab76e04e827c837829666a9a2ea3fb4f963,3ee3f1f321d3e89967dc27b8ea6a09e89bfb377b3636c2fb025956743b728dc8,accepted_name_exact,wild_or_species_level_statement_not_cultivar_limited,accept,true,true,true,false,,"Accepted after exact species identity, source page or original-study statement, trait-specific ontology, lineage and content fingerprint review; mapping retained only for flower_primary_color.",Codex source-backed rule-unlock wave-2 audit,2026-08-12T09:35:00Z
815ba4d584d87e851fe97332,Hosta ventricosa,autonomous_selfing_capacity,absent,https://academic.oup.com/jpe/article/8/2/142/885353,"Floral sex allocation and reproductive success within inflorescences of Hosta ventricosa, a pseudogamous apomict","Cao et al. (2015), Journal of Plant Ecology 8(2):142-150, DOI 10.1093/jpe/rtv010",A,peer_reviewed_primary_controlled_pollination_experiment,academic.oup.com,en,"No fruits matured in Treatment 1 (autonomous selfing), but all flowers in Treatment 2 (hand-selfing) and Treatment 3 (hand-crossing) matured into fruits. Mean seed/ovule ratios were 0.464 and 0.450 for Treatments 2 and 3 and did not differ (P=0.53). These results indicate that Hosta ventricosa is self-compatible, but pollinator visitation is necessary.",33f0b81b233b889edc95b7973dc963e277e0162cd09b585c3a9ee95c6f7b4693,460f0219eb957cefb823e098bbe72e85cfe43ac6c37e5fce6ba3e047b143825e,accepted_name_exact,wild_or_species_level_statement_not_cultivar_limited,accept,true,true,true,false,,"Accepted after exact species identity, source page or original-study statement, trait-specific ontology, lineage and content fingerprint review; mapping retained only for autonomous_selfing_capacity.",Codex source-backed rule-unlock wave-2 audit,2026-08-12T09:35:00Z
e3ab45ba31b1fbe94e289c85,Hosta ventricosa,self_incompatibility,SC,https://academic.oup.com/jpe/article/8/2/142/885353,"Floral sex allocation and reproductive success within inflorescences of Hosta ventricosa, a pseudogamous apomict","Cao et al. (2015), Journal of Plant Ecology 8(2):142-150, DOI 10.1093/jpe/rtv010",A,peer_reviewed_primary_controlled_pollination_experiment,academic.oup.com,en,"No fruits matured in Treatment 1 (autonomous selfing), but all flowers in Treatment 2 (hand-selfing) and Treatment 3 (hand-crossing) matured into fruits. Mean seed/ovule ratios were 0.464 and 0.450 for Treatments 2 and 3 and did not differ (P=0.53). These results indicate that Hosta ventricosa is self-compatible, but pollinator visitation is necessary.",33f0b81b233b889edc95b7973dc963e277e0162cd09b585c3a9ee95c6f7b4693,460f0219eb957cefb823e098bbe72e85cfe43ac6c37e5fce6ba3e047b143825e,accepted_name_exact,wild_or_species_level_statement_not_cultivar_limited,accept,true,true,true,false,,"Accepted after exact species identity, source page or original-study statement, trait-specific ontology, lineage and content fingerprint review; mapping retained only for self_incompatibility.",Codex source-backed rule-unlock wave-2 audit,2026-08-12T09:35:00Z
ca900d76bbbcce74dff39257,Hoya arnottiana,flower_primary_color,white,https://indiaflora-ces.iisc.ac.in/herbsheet.php?id=14264&cat=13,India Flora Online - Hoya arnottiana,"Sankara Rao, K. and Deepak Kumar (2026). India Flora Online, species treatment: Hoya arnottiana.",A,university_herbarium_regional_flora_species_treatment,indiaflora-ces.iisc.ac.in,en,"Key identification features: Inflorescence axillary umbel; Flowers cream coloured; coronal process white, ovate, subacute with narrower ends outward, concave above, inner angle acute; Follicles slender.",dc8fb4c5dcd0183f7460a3c121ec5552ec096396cd377e299e11525142956acb,957838d9b670a96aa819043e5954d477ed2d3d6ea094e9a04947cca92d040f54,accepted_name_exact,wild_or_species_level_statement_not_cultivar_limited,accept,true,true,true,false,,"Accepted after exact species identity, source page or original-study statement, trait-specific ontology, lineage and content fingerprint review; mapping retained only for flower_primary_color.",Codex source-backed rule-unlock wave-2 audit,2026-08-12T09:35:00Z
c07952a1f3f16c656b83b04b,Hoya verticillata,flower_primary_color,blue_purple|red_pink|white,https://indiaflora-ces.iisc.ac.in/herbsheet.php?id=5997&cat=13,India Flora Online - Hoya parasitica,"Sankara Rao, K. and Deepak Kumar (2026). India Flora Online, species treatment: Hoya parasitica.",A,university_herbarium_regional_flora_species_treatment,indiaflora-ces.iisc.ac.in,en,"Key identification features: Tall climbers; stem and branches stout, glabrous; Leaves very variable, thickly fleshy or coriaceous, ovate-elliptic or lanceolate, acute or acuminate; Inflrorescence axiliary or terminal, dcense umbel; Flowers white, centre purplish; corona pinkish, lobes lanceolate; Follicles long, straight, glabrous.",cda123bdd3cbb2d7eefda29058151ed01c6d9cd68159a409b6cef14fc5dcc782,369a1969fc46531feb34ffa759451e5b74f5053e630fcb5041b7cca3f9312079,exact_synonym,wild_or_species_level_statement_not_cultivar_limited,accept,true,true,true,false,,"Accepted after exact species identity, source page or original-study statement, trait-specific ontology, lineage and content fingerprint review; mapping retained only for flower_primary_color.",Codex source-backed rule-unlock wave-2 audit,2026-08-12T09:35:00Z
03149933999b9a9c3def13f3,Hubera cerasoides,flower_primary_color,green_brown_inconspicuous|white,https://indiaflora-ces.iisc.ac.in/herbsheet.php?id=9395&cat=13,India Flora Online - Polyalthia cerasoides,"Sankara Rao, K. and Deepak Kumar (2026). India Flora Online, species treatment: Polyalthia cerasoides.",A,university_herbarium_regional_flora_species_treatment,indiaflora-ces.iisc.ac.in,en,"Key identification features: 2-7 m high with spreading crown; Leaves oblong-lanceolate; Flowers solitary on axillary tubercles, 0.8-1.2 cm across, greenish white; Fruits ellipsoid or ovoid, dark red when ripe",6a6b4e3aedaca475eb71f5b88a2a4b704be0e68672c73e32787cb1310139c4c4,93d1c9916d21ca05e35b63126a53ba11ea26a67be6d4d86eb49eb0b472bb6e53,exact_synonym,wild_or_species_level_statement_not_cultivar_limited,accept,true,true,true,false,,"Accepted after exact species identity, source page or original-study statement, trait-specific ontology, lineage and content fingerprint review; mapping retained only for flower_primary_color.",Codex source-backed rule-unlock wave-2 audit,2026-08-12T09:35:00Z
fa9e5c20c8ca65d1fb353cba,Hydnocarpus castaneus,flower_primary_color,green_brown_inconspicuous|white,https://indiaflora-ces.iisc.ac.in/herbsheet.php?id=6023&cat=13,India Flora Online - Hydnocarpus anthelminthicus,"Sankara Rao, K. and Deepak Kumar (2026). India Flora Online, species treatment: Hydnocarpus anthelminthicus.",A,university_herbarium_regional_flora_species_treatment,indiaflora-ces.iisc.ac.in,en,"Key identification features: Flowers greenish-white, fragrant, in fascicles from the scars of the fallen leaves.",e5c6576a146af6cf67dd17d3142d735f7683edcb6323b9f85eb42db81caa1d81,5d2ce6e28b0ff55d5b14d18ae117e8adf5355e86dbcf370aad6156f0fcd14804,exact_synonym,wild_or_species_level_statement_not_cultivar_limited,accept,true,true,true,false,,"Accepted after exact species identity, source page or original-study statement, trait-specific ontology, lineage and content fingerprint review; mapping retained only for flower_primary_color.",Codex source-backed rule-unlock wave-2 audit,2026-08-12T09:35:00Z
379e04b877ab9611a4efcca2,Hydnocarpus pentandrus,inflorescence_display,solitary|umbel_corymb,https://indiaflora-ces.iisc.ac.in/herbsheet.php?id=6029&cat=13,India Flora Online - Hydnocarpus pentandrus,"Sankara Rao, K. and Deepak Kumar (2026). India Flora Online, species treatment: Hydnocarpus pentandrus.",A,university_herbarium_regional_flora_species_treatment,indiaflora-ces.iisc.ac.in,en,"Key identification features: Flowers unisexual, monoecius, male in axillary cymes, female solitary.",f6942cd3c4f30bbcd02827f3f51eed8c7a6f9846ef6237230d9c58b5a0b1be14,3631f10030b9dfc4735259b4ed7e8767a2fa9f56beee9c9ccb24b78b91969c72,accepted_name_exact,wild_or_species_level_statement_not_cultivar_limited,accept,true,true,true,false,,"Accepted after exact species identity, source page or original-study statement, trait-specific ontology, lineage and content fingerprint review; mapping retained only for inflorescence_display.",Codex source-backed rule-unlock wave-2 audit,2026-08-12T09:35:00Z
7878034415532fb13ed5cf2e,Hydrocotyle chamaemorus,self_incompatibility,SC,https://academic.oup.com/aobpla/article/doi/10.1093/aobpla/plv095/1800409,Patterns in floral traits and plant breeding systems on Southern Ocean Islands,"Lord, J. M. (2015), AoB PLANTS 7:plv095, Supporting Information Table S1, DOI 10.1093/aobpla/plv095",B,peer_reviewed_species_level_compatibility_compilation,academic.oup.com,en,"Supporting Information Table S1: Hydrocotyle chamaemorus; compatibility and reference-number cell: SC; 5. The table defines SC as fully self-compatible, SCp as partially self-compatible, and SI as self-incompatible.",e2d9bfa68c084adf823f53ed6588720b03036d0689e71d81746c55a1d988d6fe,6fe7927ed545ee09ccaf21c88d29edba3d23d88b2be100f43dad670ef0f4f554,accepted_name_exact,wild_or_species_level_statement_not_cultivar_limited,accept,true,true,true,false,,"Accepted after exact species identity, source page or original-study statement, trait-specific ontology, lineage and content fingerprint review; mapping retained only for self_incompatibility.",Codex source-backed rule-unlock wave-2 audit,2026-08-12T09:35:00Z
6fc6ee2d74795f4bde8ac41e,Hydrophylax maritima,flower_primary_color,blue_purple,https://indiaflora-ces.iisc.ac.in/herbsheet.php?id=6044&cat=13,India Flora Online - Hydrophylax maritima,"Sankara Rao, K. and Deepak Kumar (2026). India Flora Online, species treatment: Hydrophylax maritima.",A,university_herbarium_regional_flora_species_treatment,indiaflora-ces.iisc.ac.in,en,"Key identification features: Flowers lilac, axillary, solitar.",7461de90ff6faca9e07782b53822bef83e7237593ac09908f49afd9edeab2cd3,8c3ad4dd40556d36a6a5b3a8a7c42a7a61ea4a51e979ee49bf291a518161f990,accepted_name_exact,wild_or_species_level_statement_not_cultivar_limited,accept,true,true,true,false,,"Accepted after exact species identity, source page or original-study statement, trait-specific ontology, lineage and content fingerprint review; mapping retained only for flower_primary_color.",Codex source-backed rule-unlock wave-2 audit,2026-08-12T09:35:00Z
9633cc6fcc5b8db2414c97f8,Hymenandra wallichii,inflorescence_display,umbel_corymb,https://indiaflora-ces.iisc.ac.in/herbsheet.php?id=14207&cat=13,India Flora Online - Hymenandra wallichii,"Sankara Rao, K. and Deepak Kumar (2026). India Flora Online, species treatment: Hymenandra wallichii.",A,university_herbarium_regional_flora_species_treatment,indiaflora-ces.iisc.ac.in,en,"Key identification features: Shrubs; Leaves obovate to obovate-oblong, crenate-dentate, membranous, glabrous, base gradually tapering to decurrent petiole; Flowers in terminal or subterminal, compound, drooping umbels,",26d144b321a0f42cfcc897325c164e033bc37f32aea3ae67b93a2ff8c6eff554,11f93c7b75d17dd3fd73261498527e0d51b4f4313016108d4eb0abb57aacfae6,accepted_name_exact,wild_or_species_level_statement_not_cultivar_limited,accept,true,true,true,false,,"Accepted after exact species identity, source page or original-study statement, trait-specific ontology, lineage and content fingerprint review; mapping retained only for inflorescence_display.",Codex source-backed rule-unlock wave-2 audit,2026-08-12T09:35:00Z
b984ae39c9fee0c476da19cb,Hyphaene thebaica,inflorescence_display,solitary,https://plantuse.plantnet.org/en/Hyphaene_thebaica_(PROTA),Hyphaene thebaica (PROTA),"Soromessa, T., 2011. Hyphaene thebaica (L.) Mart. [Internet] Record from PROTA4U. Brink, M. & Achigan-Dako, E.G. (Editors). PROTA (Plant Resources of Tropical Africa / Ressources végétales de l’Afrique tropicale), Wageningen, Netherlands.",A,expert_botanical_monograph_species_description,plantuse.plantnet.org,en,"female inflorescence similar to male, up to 80 cm long, rachillas usually solitary, rarely 2 together, 12–25 cm × 1–2 cm, flowers 1 in each pit.",e77eaa03a137fcc09e178af29e4f2f6055af603988bd9ffa0e2a4e9d17c4c5ee,3e072707cefd5402664a71701eb52cd1eb882aa5a721c34d669f1a9b5e791c59,accepted_name_exact,wild_or_species_level_monograph_not_cultivar_limited,accept,true,true,true,false,,"Accepted after exact species identity, source page or original-study statement, trait-specific ontology, lineage and content fingerprint review; mapping retained only for inflorescence_display.",Codex source-backed rule-unlock wave-2 audit,2026-08-12T09:35:00Z
c3860327d780432cc38b1714,Ilex odorata,flower_primary_color,white,https://indiaflora-ces.iisc.ac.in/herbsheet.php?id=6127&cat=13,India Flora Online - Ilex odorata,"Sankara Rao, K. and Deepak Kumar (2026). India Flora Online, species treatment: Ilex odorata.",A,university_herbarium_regional_flora_species_treatment,indiaflora-ces.iisc.ac.in,en,"Key identification features: Flowers white, unisexual; Drupe black.",da44c0b5438977d7189fae65761a63cce64c67e32a2cb783e424a7baf4346309,639baf4a4dad49e4bf2ab332ad1818add747decebbb8ece89f4951a16fa524e8,accepted_name_exact,wild_or_species_level_statement_not_cultivar_limited,accept,true,true,true,false,,"Accepted after exact species identity, source page or original-study statement, trait-specific ontology, lineage and content fingerprint review; mapping retained only for flower_primary_color.",Codex source-backed rule-unlock wave-2 audit,2026-08-12T09:35:00Z
0d649db0528aa9863f7d0d03,Indigofera coerulea,flower_primary_color,yellow_orange|green_brown_inconspicuous,https://plantuse.plantnet.org/en/Indigofera_coerulea_(PROTA),Indigofera coerulea (PROTA),"Jansen, P.C.M., 2005. Indigofera coerulea Roxb. In: Jansen, P.C.M. & Cardon, D. (Editors). PROTA (Plant Resources of Tropical Africa / Ressources végétales de l’Afrique tropicale), Wageningen, Netherlands.",A,expert_botanical_monograph_species_description,plantuse.plantnet.org,en,corolla golden-brown hairy outside,d07a97031bbff7f7511791ce7a8978db38ce605603eeb1ead816d93de89e1581,ad5d266c181fe0b48510765f5ebd31b3fc8de357319115b4cc7b34fcb57a063f,accepted_name_exact,wild_or_species_level_monograph_not_cultivar_limited,accept,true,true,true,false,,"Accepted after exact species identity, source page or original-study statement, trait-specific ontology, lineage and content fingerprint review; mapping retained only for flower_primary_color.",Codex source-backed rule-unlock wave-2 audit,2026-08-12T09:35:00Z
8aeb338e2e492d895fb5988c,Isodon repens,flower_primary_color,white,https://indiaflora-ces.iisc.ac.in/herbsheet.php?id=14549&cat=13,India Flora Online - Rabdosia repens,"Sankara Rao, K. and Deepak Kumar (2026). India Flora Online, species treatment: Rabdosia repens.",A,university_herbarium_regional_flora_species_treatment,indiaflora-ces.iisc.ac.in,en,"Key identification features: Small herbs; lower parts often prostrate, pubescent or villous; Leaves ovate to suborbicular, sparsely hairy; Flowers in terminal or axillary racemes, white; Nutlets broadly oblong, minute.",f6d78054842f1eb9f567d17bd78a2712fb433eef617294e842a19e7153844891,61feffec0a6a48b7e19986e08b1dae0c4def9c3a1fb953058317378870e750b1,exact_synonym,wild_or_species_level_statement_not_cultivar_limited,accept,true,true,true,false,,"Accepted after exact species identity, source page or original-study statement, trait-specific ontology, lineage and content fingerprint review; mapping retained only for flower_primary_color.",Codex source-backed rule-unlock wave-2 audit,2026-08-12T09:35:00Z
5bf4292cb989c3a9450b4652,Ixora acuminata,flower_primary_color,white,https://indiaflora-ces.iisc.ac.in/herbsheet.php?id=13152&cat=13,India Flora Online - Ixora acuminata,"Sankara Rao, K. and Deepak Kumar (2026). India Flora Online, species treatment: Ixora acuminata.",A,university_herbarium_regional_flora_species_treatment,indiaflora-ces.iisc.ac.in,en,"Key identification features: Bushy shrubs; branches ribbed; Leaves elliptic or obovate-oblong, coriaceous, glabrous; stipules broad, subacute; Flowers in subsessile or shortly peduncled corymbs, white, fragrant; Drupes ovoid or ellipsoid with persistent calyx-teeth.",cbc0d8b7abec766103b3b01e1f35f98a9f4dc46fdae0c4b9e59b04047c1746da,25fd28beb2253c47da4bbb51f2151d51fd25c4793dee3442c03b95f14f996fa6,accepted_name_exact,wild_or_species_level_statement_not_cultivar_limited,accept,true,true,true,false,,"Accepted after exact species identity, source page or original-study statement, trait-specific ontology, lineage and content fingerprint review; mapping retained only for flower_primary_color.",Codex source-backed rule-unlock wave-2 audit,2026-08-12T09:35:00Z
37ab1cdb6f8847ce9754842a,Jacobaea aquatica,floral_form,composite_head,https://www.naturespot.org/species/marsh-ragwort,Marsh Ragwort | NatureSpot,"NatureSpot species account for Jacobaea aquatica, Leicestershire and Rutland (retrieved 2026-08-12)",B,specialist_regional_nature_recording_species_account,www.naturespot.org,en,"Marsh Ragwort - Jacobaea aquatica. Flowerheads yellow, 25 to 30 mm, with 12 to 15 rays and borne in loose flat topped clusters. Bracts not black tipped.",b3012e240a07dab11d8a031aa688469a8a2bf46c34150ca5c52b9b9ce5ffa431,0d79171d8842a0646657baf51f84e7c5e97d222989ae5f87946dca0349e3743a,accepted_name_exact,wild_or_species_level_statement_not_cultivar_limited,accept,true,true,true,false,,"Accepted after exact species identity, source page or original-study statement, trait-specific ontology, lineage and content fingerprint review; mapping retained only for floral_form.",Codex source-backed rule-unlock wave-2 audit,2026-08-12T09:35:00Z
1a17c53f96800054e68757ab,Jateorhiza palmata,inflorescence_display,umbel_corymb|raceme_spike_panicle,https://plantuse.plantnet.org/en/Jateorhiza_palmata_(PROTA),Jateorhiza palmata (PROTA),"Oyen, L.P.A., 2008. Jateorhiza palmata (Lam.) Miers. In: Schmelzer, G.H. & Gurib-Fakim, A. (Editors). PROTA (Plant Resources of Tropical Africa / Ressources végétales de l’Afrique tropicale), Wageningen, Netherlands.",A,expert_botanical_monograph_species_description,plantuse.plantnet.org,en,"*Male inflorescence a branched axillary panicle up to 40 cm long, branches 2–10 cm long, bearing clusters of 3–7 flowers ; female inflorescence an axillary raceme up to 10 cm long.",8fb1aea19c5f3a60a8f798dee64d0a9f87807329fe947e0368c1b647fbc6e49f,7fd4e2682aa29f0e0bca3f51b35f3166cdcbb70d04b3a6110202b8d7998ae946,accepted_name_exact,wild_or_species_level_monograph_not_cultivar_limited,accept,true,true,true,false,,"Accepted after exact species identity, source page or original-study statement, trait-specific ontology, lineage and content fingerprint review; mapping retained only for inflorescence_display.",Codex source-backed rule-unlock wave-2 audit,2026-08-12T09:35:00Z
4c1474f236b1847aec7494ad,Jatropha multifida,floral_symmetry,actinomorphic,https://bfis.bforest.gov.bd/nef/index.php/data/dataSpecies/40,Forest Emission Factor Database - Jatropha multifida,"Bangladesh Forest Information System, Forest Emission Factor Database species record: Jatropha multifida",A,government_forest_database_species_record,bfis.bforest.gov.bd,en,Tree Species Details: Family Name: Euphorbiaceae; Genus: Jatropha; Species: Jatropha multifida; floral symmetry: actinomorphic.,f65c226e8a9c375fb815dbfa0d37e4fcbad3894f0ddde01d6c3ae00361843506,ca748a9cbd7bb07d31028e31a0c9111143bf5e280da24a853281b3d90a4e3395,accepted_name_exact,wild_or_species_level_statement_not_cultivar_limited,accept,true,true,true,false,,"Accepted after exact species identity, source page or original-study statement, trait-specific ontology, lineage and content fingerprint review; mapping retained only for floral_symmetry.",Codex source-backed rule-unlock wave-2 audit,2026-08-12T09:35:00Z
bf7d172eed45ac385a398563,Juncus scheuchzerioides,self_incompatibility,SC,https://academic.oup.com/aobpla/article/doi/10.1093/aobpla/plv095/1800409,Patterns in floral traits and plant breeding systems on Southern Ocean Islands,"Lord, J. M. (2015), AoB PLANTS 7:plv095, Supporting Information Table S1, DOI 10.1093/aobpla/plv095",B,peer_reviewed_species_level_compatibility_compilation,academic.oup.com,en,"Supporting Information Table S1: Juncus scheuchzerioides; compatibility and reference-number cell: SC; 2, 5, 10. The table defines SC as fully self-compatible, SCp as partially self-compatible, and SI as self-incompatible.",a49260da2209854538a47de0cc099dfc3f953c88e862a44c59c0cbc553c976aa,54ded862292c9266c74b0f21dbe74a0166f0fda1cd38d03c5086bc72044adee5,accepted_name_exact,wild_or_species_level_statement_not_cultivar_limited,accept,true,true,true,false,,"Accepted after exact species identity, source page or original-study statement, trait-specific ontology, lineage and content fingerprint review; mapping retained only for self_incompatibility.",Codex source-backed rule-unlock wave-2 audit,2026-08-12T09:35:00Z
f75999d570491033ca722158,Justicia ladanoides,flower_primary_color,red_pink|white,https://plantuse.plantnet.org/en/Justicia_ladanoides_(PROTA),Justicia ladanoides (PROTA),"Denton, O.A., 2004. Justicia ladanoides Lam. [Internet] Record from PROTA4U. Grubben, G.J.H. & Denton, O.A. (Editors). PROTA (Plant Resources of Tropical Africa / Ressources végétales de l’Afrique tropicale), Wageningen, Netherlands.",A,expert_botanical_monograph_species_description,plantuse.plantnet.org,en,"Flowers bisexual, sessile, zygomorphic, 5-merous, usually crimson, sometimes white",2f08a33c65aa4e487aa24ff47d6765a18c9bd7582a600b51d036b7a2def7d50d,518595ad0818817cabe1b31b08ca0266e728014fa78780bbf1a7c33040090977,accepted_name_exact,wild_or_species_level_monograph_not_cultivar_limited,accept,true,true,true,false,,"Accepted after exact species identity, source page or original-study statement, trait-specific ontology, lineage and content fingerprint review; mapping retained only for flower_primary_color.",Codex source-backed rule-unlock wave-2 audit,2026-08-12T09:35:00Z
692b06baa998e817cefe07b2,Justicia vasculosa,flower_primary_color,red_pink|yellow_orange,https://indiaflora-ces.iisc.ac.in/herbsheet.php?id=14550&cat=13,India Flora Online - Justicia vasculosa,"Sankara Rao, K. and Deepak Kumar (2026). India Flora Online, species treatment: Justicia vasculosa.",A,university_herbarium_regional_flora_species_treatment,indiaflora-ces.iisc.ac.in,en,"Key identification features: Perennial herbs, up to 60 cm high, fleshy; Leaves ovate, attenuate at both ends, minutely crisped pubescent on midrib beneath; Flowers solitary, yellowish, slightly pink spotted.",817af61794dcf4ef9b557fb881e3fc6db4ac73394a1787e7c807499628ece3dc,dd7bf35d5c8759fe086cc18031274ed8de0c15f8ae7a7d04e4cb0dfbbeed966b,accepted_name_exact,wild_or_species_level_statement_not_cultivar_limited,accept,true,true,true,false,,"Accepted after exact species identity, source page or original-study statement, trait-specific ontology, lineage and content fingerprint review; mapping retained only for flower_primary_color.",Codex source-backed rule-unlock wave-2 audit,2026-08-12T09:35:00Z
68899126c407405e988e5ec0,Kayea assamica,flower_primary_color,white,https://indiaflora-ces.iisc.ac.in/herbsheet.php?id=12733&cat=13,India Flora Online - Mesua assamica,"Sankara Rao, K. and Deepak Kumar (2026). India Flora Online, species treatment: Mesua assamica.",A,university_herbarium_regional_flora_species_treatment,indiaflora-ces.iisc.ac.in,en,"Key identification features: Evergreen Tree, 10-20 m high, branches yellowish; Leaves ovate or elliptic-lanceolate; Flowers in axillary or terminal fascicled panicles, white; Fruits globose, depressed.",9e6e25d7ee5dfae19f243a7238e8612a0533e70251047a0e7865ddb510ac594d,1b99982aa5ab8f039cce5c4d0163a5ef95972e6b839ae620aa97e1fda70d8cdc,exact_synonym,wild_or_species_level_statement_not_cultivar_limited,accept,true,true,true,false,,"Accepted after exact species identity, source page or original-study statement, trait-specific ontology, lineage and content fingerprint review; mapping retained only for flower_primary_color.",Codex source-backed rule-unlock wave-2 audit,2026-08-12T09:35:00Z
6e3ff376e262e44c6368c938,Kayea assamica,inflorescence_display,raceme_spike_panicle,https://indiaflora-ces.iisc.ac.in/herbsheet.php?id=12733&cat=13,India Flora Online - Mesua assamica,"Sankara Rao, K. and Deepak Kumar (2026). India Flora Online, species treatment: Mesua assamica.",A,university_herbarium_regional_flora_species_treatment,indiaflora-ces.iisc.ac.in,en,"Key identification features: Evergreen Tree, 10-20 m high, branches yellowish; Leaves ovate or elliptic-lanceolate; Flowers in axillary or terminal fascicled panicles, white; Fruits globose, depressed.",9e6e25d7ee5dfae19f243a7238e8612a0533e70251047a0e7865ddb510ac594d,1b99982aa5ab8f039cce5c4d0163a5ef95972e6b839ae620aa97e1fda70d8cdc,exact_synonym,wild_or_species_level_statement_not_cultivar_limited,accept,true,true,true,false,,"Accepted after exact species identity, source page or original-study statement, trait-specific ontology, lineage and content fingerprint review; mapping retained only for inflorescence_display.",Codex source-backed rule-unlock wave-2 audit,2026-08-12T09:35:00Z
343bed5d6416f7376ca1710b,Kayea manii,inflorescence_display,raceme_spike_panicle,https://indiaflora-ces.iisc.ac.in/herbsheet.php?id=6774&cat=13,India Flora Online - Kayea manii,"Sankara Rao, K. and Deepak Kumar (2026). India Flora Online, species treatment: Kayea manii.",A,university_herbarium_regional_flora_species_treatment,indiaflora-ces.iisc.ac.in,en,"Key identification features: Flowers in fasciculate racemes; petals 4 concave; stamens many, longer than the petals.",76c9a47c8bd3e4b44fd42e1d3c26d50182745bd0a6dc515a0995051e22d0af82,048881d495c6572dd3934e59039731cce746027a738bed98a1a0c23aeb259d88,accepted_name_exact,wild_or_species_level_statement_not_cultivar_limited,accept,true,true,true,false,,"Accepted after exact species identity, source page or original-study statement, trait-specific ontology, lineage and content fingerprint review; mapping retained only for inflorescence_display.",Codex source-backed rule-unlock wave-2 audit,2026-08-12T09:35:00Z
4a7e3a5e05705437e26d6100,Khaya anthotheca,floral_symmetry,actinomorphic,https://plantuse.plantnet.org/en/Khaya_anthotheca_(PROTA),Khaya anthotheca (PROTA),"Maroyi, A., 2008. Khaya anthotheca (Welw.) C.DC. In: Louppe, D., Oteng-Amoako, A.A. & Brink, M. (Editors). PROTA (Plant Resources of Tropical Africa / Ressources végétales de l’Afrique tropicale), Wageningen, Netherlands.",A,expert_botanical_monograph_species_description,plantuse.plantnet.org,en,"*Flowers unisexual, male and female flowers very similar in appearance, regular, 4–5-merous, whitish, sweet-scented",6f8c4a82970cdb95b17da27c417005c1e82d0148ec20ab167f48682b1ce5daa4,3d50956046e40f7c8893363cce1f4ba1efeceed6792f35136d679c2a15d2c6b4,accepted_name_exact,wild_or_species_level_monograph_not_cultivar_limited,accept,true,true,true,false,,"Accepted after exact species identity, source page or original-study statement, trait-specific ontology, lineage and content fingerprint review; mapping retained only for floral_symmetry.",Codex source-backed rule-unlock wave-2 audit,2026-08-12T09:35:00Z
97bfefdf8d09384baff8bb39,Khaya anthotheca,inflorescence_display,raceme_spike_panicle,https://plantuse.plantnet.org/en/Khaya_anthotheca_(PROTA),Khaya anthotheca (PROTA),"Maroyi, A., 2008. Khaya anthotheca (Welw.) C.DC. In: Louppe, D., Oteng-Amoako, A.A. & Brink, M. (Editors). PROTA (Plant Resources of Tropical Africa / Ressources végétales de l’Afrique tropicale), Wageningen, Netherlands.",A,expert_botanical_monograph_species_description,plantuse.plantnet.org,en,*Inflorescence an axillary panicle up to 30(–40) cm long.,5aae110ff29d87d61c762656e113e76edc7af5e8e6759a119b1115e3cd8e12eb,78bee074b1e4c3114bce83659818a763a2c08f8f1b7207653e5fb9bc8064ed3c,accepted_name_exact,wild_or_species_level_monograph_not_cultivar_limited,accept,true,true,true,false,,"Accepted after exact species identity, source page or original-study statement, trait-specific ontology, lineage and content fingerprint review; mapping retained only for inflorescence_display.",Codex source-backed rule-unlock wave-2 audit,2026-08-12T09:35:00Z
93c46dc68bec2e21f6cecebf,Khaya grandifoliola,floral_symmetry,actinomorphic,https://plantuse.plantnet.org/en/Khaya_grandifoliola_(PROTA),Khaya grandifoliola (PROTA),"Opuni-Frimpong, E., 2008. Khaya grandifoliola C.DC. In: Louppe, D., Oteng-Amoako, A.A. & Brink, M. (Editors). PROTA (Plant Resources of Tropical Africa / Ressources végétales de l’Afrique tropicale), Wageningen, Netherlands.",A,expert_botanical_monograph_species_description,plantuse.plantnet.org,en,"*Flowers unisexual, male and female flowers very similar in appearance, regular, usually 5-merous, whitish, sweet-scented",72d7c22e6c3984194222a07b9195881d46035e4bb8bdde73fc2969d947e0a014,0688d17c4bb74b644531abf48e7168a411d32460a39240090999d901ee3b25de,accepted_name_exact,wild_or_species_level_monograph_not_cultivar_limited,accept,true,true,true,false,,"Accepted after exact species identity, source page or original-study statement, trait-specific ontology, lineage and content fingerprint review; mapping retained only for floral_symmetry.",Codex source-backed rule-unlock wave-2 audit,2026-08-12T09:35:00Z
393a1e929e2f26c3e15bd3e2,Khaya grandifoliola,inflorescence_display,raceme_spike_panicle,https://plantuse.plantnet.org/en/Khaya_grandifoliola_(PROTA),Khaya grandifoliola (PROTA),"Opuni-Frimpong, E., 2008. Khaya grandifoliola C.DC. In: Louppe, D., Oteng-Amoako, A.A. & Brink, M. (Editors). PROTA (Plant Resources of Tropical Africa / Ressources végétales de l’Afrique tropicale), Wageningen, Netherlands.",A,expert_botanical_monograph_species_description,plantuse.plantnet.org,en,*Inflorescence an axillary panicle up to 40 cm long.,0ee04276e66521aea44ed3d8ea1ff4882dcaec08b55742542b7eb809a151a897,a1ba4b43530d3f44d22efcd181bded7e7ce678145f76aae99da90a33eedb1b43,accepted_name_exact,wild_or_species_level_monograph_not_cultivar_limited,accept,true,true,true,false,,"Accepted after exact species identity, source page or original-study statement, trait-specific ontology, lineage and content fingerprint review; mapping retained only for inflorescence_display.",Codex source-backed rule-unlock wave-2 audit,2026-08-12T09:35:00Z
1da4b84e0e720a2e510dee65,Klaineanthus gabonii,floral_symmetry,actinomorphic,https://plantuse.plantnet.org/en/Klaineanthus_gabonii_(PROTA),Klaineanthus gabonii (PROTA),"Oyen, L.P.A., 2011. Klaineanthus gabonii Pierre. In: Lemmens, R.H.M.J., Louppe, D. & Oteng-Amoako, A.A. (Editors). PROTA (Plant Resources of Tropical Africa / Ressources végétales de l’Afrique tropicale), Wageningen, Netherlands.",A,expert_botanical_monograph_species_description,plantuse.plantnet.org,en,"*Flowers unisexual, regular, whitish, pedicel up to 2 mm long, in fruit up to 7 mm, calyx with c.",b075169b4df0ea529455fc1ad9dc1bea320fda0c0f6ec56be3b1100e7aea33cf,14236a7782f981a0453ecee43009985a686e3fb201eeb3a3e838552768127df9,accepted_name_exact,wild_or_species_level_monograph_not_cultivar_limited,accept,true,true,true,false,,"Accepted after exact species identity, source page or original-study statement, trait-specific ontology, lineage and content fingerprint review; mapping retained only for floral_symmetry.",Codex source-backed rule-unlock wave-2 audit,2026-08-12T09:35:00Z
3ea4ec7a2b249510ff982150,Klaineanthus gabonii,flower_primary_color,white,https://plantuse.plantnet.org/en/Klaineanthus_gabonii_(PROTA),Klaineanthus gabonii (PROTA),"Oyen, L.P.A., 2011. Klaineanthus gabonii Pierre. In: Lemmens, R.H.M.J., Louppe, D. & Oteng-Amoako, A.A. (Editors). PROTA (Plant Resources of Tropical Africa / Ressources végétales de l’Afrique tropicale), Wageningen, Netherlands.",A,expert_botanical_monograph_species_description,plantuse.plantnet.org,en,"*Flowers unisexual, regular, whitish, pedicel up to 2 mm long, in fruit up to 7 mm, calyx with c.",b075169b4df0ea529455fc1ad9dc1bea320fda0c0f6ec56be3b1100e7aea33cf,14236a7782f981a0453ecee43009985a686e3fb201eeb3a3e838552768127df9,accepted_name_exact,wild_or_species_level_monograph_not_cultivar_limited,accept,true,true,true,false,,"Accepted after exact species identity, source page or original-study statement, trait-specific ontology, lineage and content fingerprint review; mapping retained only for flower_primary_color.",Codex source-backed rule-unlock wave-2 audit,2026-08-12T09:35:00Z
bc2ad4d6a2dd272f424ba631,Klaineanthus gabonii,inflorescence_display,umbel_corymb|raceme_spike_panicle|solitary,https://plantuse.plantnet.org/en/Klaineanthus_gabonii_(PROTA),Klaineanthus gabonii (PROTA),"Oyen, L.P.A., 2011. Klaineanthus gabonii Pierre. In: Lemmens, R.H.M.J., Louppe, D. & Oteng-Amoako, A.A. (Editors). PROTA (Plant Resources of Tropical Africa / Ressources végétales de l’Afrique tropicale), Wageningen, Netherlands.",A,expert_botanical_monograph_species_description,plantuse.plantnet.org,en,"*Inflorescence a terminal or axillary panicle up to 15(–20) cm long, hairy ; male flowers in 2–6-flowered clusters, with 8–10 free stamens c. ; female flowers solitary, slightly larger than male ones, disk cup-shaped, 4–5-lobed, rudimentary stamens sometimes present, ovary superior, nearly globose, c.",5db750d948a9fc04477fe2bb474fce5ea796ec9a7439a982577817750e088de2,4d256413434d887256836b9538a1fa508e17e9c23a6aae7e4452caaf4bccf940,accepted_name_exact,wild_or_species_level_monograph_not_cultivar_limited,accept,true,true,true,false,,"Accepted after exact species identity, source page or original-study statement, trait-specific ontology, lineage and content fingerprint review; mapping retained only for inflorescence_display.",Codex source-backed rule-unlock wave-2 audit,2026-08-12T09:35:00Z
3843242286bff1f900f55e1d,Kunzea ericoides,floral_form,open_radial,https://www.theplantstore.co.nz/products/nz-natives/kunzea-ericoides-kanuka/,Kunzea ericoides | Kanuka | The Plant Store,The Plant Store New Zealand species page for Kunzea ericoides (retrieved 2026-08-12),C,specialist_nursery_species_description_morphology_only,www.theplantstore.co.nz,en,"Kunzea ericoides, commonly known as Kanuka, is a versatile and hardy evergreen shrub or small tree native to New Zealand. This plant is known for its small, aromatic, needle-like leaves and profusion of tiny, white, star-shaped flowers that bloom from late spring to summer.",83bc6309c14abeb2a8b37c754858172c8f25191ac98b38f6e9cfc4f6734fb38f,cab2e7c93aaefeec27bc303b277abb0fa7bccdbe7aa00fd1687d46c7bba707a8,accepted_name_exact,wild_or_species_level_statement_not_cultivar_limited,accept,true,true,true,false,,"Accepted after exact species identity, source page or original-study statement, trait-specific ontology, lineage and content fingerprint review; mapping retained only for floral_form.",Codex source-backed rule-unlock wave-2 audit,2026-08-12T09:35:00Z
f83be536e45f558647828656,Labourdonnaisia madagascariensis,floral_symmetry,actinomorphic,https://plantuse.plantnet.org/en/Labourdonnaisia_madagascariensis_(PROTA),Labourdonnaisia madagascariensis (PROTA),"Jansen, P.C.M., 2005. Labourdonnaisia madagascariensis Pierre ex Baill. In: Jansen, P.C.M. & Cardon, D. (Editors). PROTA (Plant Resources of Tropical Africa / Ressources végétales de l’Afrique tropicale), Wageningen, Netherlands.",A,expert_botanical_monograph_species_description,plantuse.plantnet.org,en,"*Flowers bisexual, regular",078c8b628df2e34353d548a2413120ad8946228e53d69a6ee0779326f26c9e91,b234f6e6c24306bf01c9cd0623578cf676d70109d38048dae163ebec79fd19bf,accepted_name_exact,wild_or_species_level_monograph_not_cultivar_limited,accept,true,true,true,false,,"Accepted after exact species identity, source page or original-study statement, trait-specific ontology, lineage and content fingerprint review; mapping retained only for floral_symmetry.",Codex source-backed rule-unlock wave-2 audit,2026-08-12T09:35:00Z
62e33a4fbc07dbcf90121001,Labourdonnaisia madagascariensis,inflorescence_display,umbel_corymb,https://plantuse.plantnet.org/en/Labourdonnaisia_madagascariensis_(PROTA),Labourdonnaisia madagascariensis (PROTA),"Jansen, P.C.M., 2005. Labourdonnaisia madagascariensis Pierre ex Baill. In: Jansen, P.C.M. & Cardon, D. (Editors). PROTA (Plant Resources of Tropical Africa / Ressources végétales de l’Afrique tropicale), Wageningen, Netherlands.",A,expert_botanical_monograph_species_description,plantuse.plantnet.org,en,*Inflorescence an axillary fascicle at the end of branches.,0f64ffd73c7884a55dd2c9c9d3a53e935b2b6094c4b1a3d4120e1d8526eba014,8adc8011403150998ce0a383f3bace522137f9450eb14ebe82fce74398f1fd57,accepted_name_exact,wild_or_species_level_monograph_not_cultivar_limited,accept,true,true,true,false,,"Accepted after exact species identity, source page or original-study statement, trait-specific ontology, lineage and content fingerprint review; mapping retained only for inflorescence_display.",Codex source-backed rule-unlock wave-2 audit,2026-08-12T09:35:00Z
75bb8cb8f0ccf3be12df9b7e,Lafoensia vandelliana,flower_primary_color,white,https://indiaflora-ces.iisc.ac.in/herbsheet.php?id=6863&cat=13,India Flora Online - Lafoensia vandelliana,"Sankara Rao, K. and Deepak Kumar (2026). India Flora Online, species treatment: Lafoensia vandelliana.",A,university_herbarium_regional_flora_species_treatment,indiaflora-ces.iisc.ac.in,en,"Key identification features: Flowers white, in terminal racemes",05a39705609d858c346c5397e5be3d2b312ad650048f98b6ab36ac50948d970f,5c1bbe36929e48361e6f7760fdcf95e7ac2426b2790d82103317a5f332f6215b,accepted_name_exact,wild_or_species_level_statement_not_cultivar_limited,accept,true,true,true,false,,"Accepted after exact species identity, source page or original-study statement, trait-specific ontology, lineage and content fingerprint review; mapping retained only for flower_primary_color.",Codex source-backed rule-unlock wave-2 audit,2026-08-12T09:35:00Z
6b335d5b94f6a8b6599e3de5,Lasianthus hookeri,flower_primary_color,green_brown_inconspicuous|white,https://indiaflora-ces.iisc.ac.in/herbsheet.php?id=13156&cat=13,India Flora Online - Lasianthus hookeri,"Sankara Rao, K. and Deepak Kumar (2026). India Flora Online, species treatment: Lasianthus hookeri.",A,university_herbarium_regional_flora_species_treatment,indiaflora-ces.iisc.ac.in,en,"Key identification features: Shrubs or small trees up to 6 m high with pendulous or horizontal branches; Leaves elliptic to oblong-lanceolate, strigose beneath; Flowers in axillary sessile, cymose clusteres, white or greenish white; Fruits subglobose, green.",536645478c31c52e921a74f45f283ec505f7be0c7bc447d4976b98eb981bbdbc,ac70290564c0a44a1fc7f577640bedfec3eb6b1e7bdbd7ba0f3cdd3687ad4197,accepted_name_exact,wild_or_species_level_statement_not_cultivar_limited,accept,true,true,true,false,,"Accepted after exact species identity, source page or original-study statement, trait-specific ontology, lineage and content fingerprint review; mapping retained only for flower_primary_color.",Codex source-backed rule-unlock wave-2 audit,2026-08-12T09:35:00Z
35ed50707344d51d5987c2b6,Lasianthus lucidus,flower_primary_color,white,https://indiaflora-ces.iisc.ac.in/herbsheet.php?id=13158&cat=13,India Flora Online - Lasianthus lucidus,"Sankara Rao, K. and Deepak Kumar (2026). India Flora Online, species treatment: Lasianthus lucidus.",A,university_herbarium_regional_flora_species_treatment,indiaflora-ces.iisc.ac.in,en,"Key identification features: Shrubs or small trees up to 5 m high; Leaves lanceolate or ovate-Ianceolate, caudate-acuminate, sparsely hairy beneath; Flowers in sessile or subsessile, axillary cymes, white; Fruits globose, pale blue.",62db0b601d7181bc5cd96eb9c5c64845ef71b3df43061b07b8a1fa615d37c706,751ff2e1b834e477c62c3d55dd8009454f030b6855507b28f8df55dc764f9e4c,accepted_name_exact,wild_or_species_level_statement_not_cultivar_limited,accept,true,true,true,false,,"Accepted after exact species identity, source page or original-study statement, trait-specific ontology, lineage and content fingerprint review; mapping retained only for flower_primary_color.",Codex source-backed rule-unlock wave-2 audit,2026-08-12T09:35:00Z
9b386045070384029ec33793,Lasianthus sikkimensis,flower_primary_color,white,https://indiaflora-ces.iisc.ac.in/herbsheet.php?id=13159&cat=13,India Flora Online - Lasianthus sikkimensis,"Sankara Rao, K. and Deepak Kumar (2026). India Flora Online, species treatment: Lasianthus sikkimensis.",A,university_herbarium_regional_flora_species_treatment,indiaflora-ces.iisc.ac.in,en,"Key identification features: Undershrubs, 2-3 m high; Leaves lanceolate or oblong-Ianceolate, tomentose beneath; Flowers in axillary, sessile or subsessile cymes, white; Fruits subglobose.",525bd979cac91589dea344364af36836e32ea8ebaa6bbd3b11d270d33d219892,d07f16744fa9654b66758c272a7bfb628f6cb279e01c3861776d8ee1d32efdef,accepted_name_exact,wild_or_species_level_statement_not_cultivar_limited,accept,true,true,true,false,,"Accepted after exact species identity, source page or original-study statement, trait-specific ontology, lineage and content fingerprint review; mapping retained only for flower_primary_color.",Codex source-backed rule-unlock wave-2 audit,2026-08-12T09:35:00Z
a715587e46bee9a101a54835,Launaea cornuta,self_incompatibility,SC,https://plantuse.plantnet.org/en/Launaea_cornuta_(PROTA),Launaea cornuta (PROTA),"Schippers, R.R., 2004. Launaea cornuta (Hochst. ex Oliv. & Hiern) C.Jeffrey. [Internet] Record from PROTA4U. Grubben, G.J.H. & Denton, O.A. (Editors). PROTA (Plant Resources of Tropical Africa / Ressources végétales de l’Afrique tropicale), Wageningen, Netherlands.",A,expert_botanical_monograph_species_description,plantuse.plantnet.org,en,Plants are self-fertile.,845b6567ef5201f1fa410cbe3db2d4d95834a76fcc6c70738961ca4ff3488a76,172cfd956f2a195728008142abfdd919587d863a85cef423bb948572fa9f7669,accepted_name_exact,wild_or_species_level_monograph_not_cultivar_limited,accept,true,true,true,false,,"Accepted after exact species identity, source page or original-study statement, trait-specific ontology, lineage and content fingerprint review; mapping retained only for self_incompatibility.",Codex source-backed rule-unlock wave-2 audit,2026-08-12T09:35:00Z
ea1c4d71042ac7834944d88b,Lepisanthes andamanica,inflorescence_display,raceme_spike_panicle,https://indiaflora-ces.iisc.ac.in/herbsheet.php?id=7038&cat=13,India Flora Online - Lepisanthes andamanica,"Sankara Rao, K. and Deepak Kumar (2026). India Flora Online, species treatment: Lepisanthes andamanica.",A,university_herbarium_regional_flora_species_treatment,indiaflora-ces.iisc.ac.in,en,"Key identification features: Flowers in compound panicles; sepals 5, unequal, obovate, tomentose outside; petals 5, scaled; stamens 8, with villous filaments.",dc851791b75da5a6865ea4cf6769a3736a90392ca842d8cb7db2619ea66d12a3,23d5fdf4236a205a344135f23760a1016fd0d2203c65cf1ede2474c092605208,accepted_name_exact,wild_or_species_level_statement_not_cultivar_limited,accept,true,true,true,false,,"Accepted after exact species identity, source page or original-study statement, trait-specific ontology, lineage and content fingerprint review; mapping retained only for inflorescence_display.",Codex source-backed rule-unlock wave-2 audit,2026-08-12T09:35:00Z
a829a2cb990d6248e97b084b,Leptolaena multiflora,floral_symmetry,actinomorphic,https://plantuse.plantnet.org/en/Leptolaena_multiflora_(PROTA),Leptolaena multiflora (PROTA),"Rakotonandrasana, S., 2012. Leptolaena multiflora Thouars. In: Lemmens, R.H.M.J., Louppe, D. & Oteng-Amoako, A.A. (Editors). PROTA (Plant Resources of Tropical Africa / Ressources végétales de l’Afrique tropicale), Wageningen, Netherlands.",A,expert_botanical_monograph_species_description,plantuse.plantnet.org,en,"*Flowers bisexual, regular, with cup-like, toothed involucre at base",a79ff40d4ab098575e3c9333d6cafe3d51080181bcfb80a1b1ee259d782ba9b1,7348c5b9cdd76b4e72e5f6d0a0b024d7ec63668a5e0b0fe6d455b43e6907348e,accepted_name_exact,wild_or_species_level_monograph_not_cultivar_limited,accept,true,true,true,false,,"Accepted after exact species identity, source page or original-study statement, trait-specific ontology, lineage and content fingerprint review; mapping retained only for floral_symmetry.",Codex source-backed rule-unlock wave-2 audit,2026-08-12T09:35:00Z
770c731191ea215cb1ee9bcd,Leptolaena multiflora,inflorescence_display,raceme_spike_panicle,https://plantuse.plantnet.org/en/Leptolaena_multiflora_(PROTA),Leptolaena multiflora (PROTA),"Rakotonandrasana, S., 2012. Leptolaena multiflora Thouars. In: Lemmens, R.H.M.J., Louppe, D. & Oteng-Amoako, A.A. (Editors). PROTA (Plant Resources of Tropical Africa / Ressources végétales de l’Afrique tropicale), Wageningen, Netherlands.",A,expert_botanical_monograph_species_description,plantuse.plantnet.org,en,"*Inflorescence a terminal panicle, many-flowered.",6003491efd8b266f6aef659f12d30a983b6808d5eb60e3f5dde8163900da45a1,46ba947491bcf2ff96bdadf25dc55f97c941093bd9c1a059c74c37293226eb53,accepted_name_exact,wild_or_species_level_monograph_not_cultivar_limited,accept,true,true,true,false,,"Accepted after exact species identity, source page or original-study statement, trait-specific ontology, lineage and content fingerprint review; mapping retained only for inflorescence_display.",Codex source-backed rule-unlock wave-2 audit,2026-08-12T09:35:00Z
6e9991df6c9c22e571576b41,Limnophila aquatica,flower_primary_color,blue_purple,https://indiaflora-ces.iisc.ac.in/herbsheet.php?id=7163&cat=13,India Flora Online - Limnophila aquatica,"Sankara Rao, K. and Deepak Kumar (2026). India Flora Online, species treatment: Limnophila aquatica.",A,university_herbarium_regional_flora_species_treatment,indiaflora-ces.iisc.ac.in,en,"Key identification features: Flowers large, purple.",1e7148e3cd7179683f9e3f5153f88657d339aaa9cbfafac56074b829e31fe520,07f2186cde1cd7898ea4e65aab809b360ae6a3d3be05ab003607837536be8b15,accepted_name_exact,wild_or_species_level_statement_not_cultivar_limited,accept,true,true,true,false,,"Accepted after exact species identity, source page or original-study statement, trait-specific ontology, lineage and content fingerprint review; mapping retained only for flower_primary_color.",Codex source-backed rule-unlock wave-2 audit,2026-08-12T09:35:00Z
11651444832eb41d38bfb69f,Litsea khasyana,flower_primary_color,yellow_orange,https://indiaflora-ces.iisc.ac.in/herbsheet.php?id=12766&cat=13,India Flora Online - Litsea meissneri,"Sankara Rao, K. and Deepak Kumar (2026). India Flora Online, species treatment: Litsea meissneri.",A,university_herbarium_regional_flora_species_treatment,indiaflora-ces.iisc.ac.in,en,"Key identification features: Small or medium sized trees, up to 15 m high; younger parts sparsely pubescent; Leaves oblong-Ianceolate to oblong-elliptic; Flowers in umbellule heads, yellowish, pubescent; Fruits globose, depressed.",2e6998953f146c400a5d9c3d528e3e22dd1c41e33839806113f7110a238299b8,b21072655b4d4b45b615257aaafbc76d3fa8265462fa574a70a87b236ca05f32,exact_synonym,wild_or_species_level_statement_not_cultivar_limited,accept,true,true,true,false,,"Accepted after exact species identity, source page or original-study statement, trait-specific ontology, lineage and content fingerprint review; mapping retained only for flower_primary_color.",Codex source-backed rule-unlock wave-2 audit,2026-08-12T09:35:00Z
c9dc434ddca4dfac37c46be7,Litsea lancifolia,flower_primary_color,white|yellow_orange,https://indiaflora-ces.iisc.ac.in/herbsheet.php?id=12765&cat=13,India Flora Online - Litsea lancifolia,"Sankara Rao, K. and Deepak Kumar (2026). India Flora Online, species treatment: Litsea lancifolia.",A,university_herbarium_regional_flora_species_treatment,indiaflora-ces.iisc.ac.in,en,"Key identification features: Shrubs or small trees, 5-10 m high; younger parts tomentose; Leaves lanceolate, chartaceous; Flowers solitary or in clustered umbels, white or yellowish; Fruits globose or ellipsoid.",e3db78333773b1cdede920fc7609052158cc6b3d976af2fe18a036c49f08b605,7f67551335360a54a97fbc1005b6dcc47f0d5a728f0d27367093d23e125d689e,accepted_name_exact,wild_or_species_level_statement_not_cultivar_limited,accept,true,true,true,false,,"Accepted after exact species identity, source page or original-study statement, trait-specific ontology, lineage and content fingerprint review; mapping retained only for flower_primary_color.",Codex source-backed rule-unlock wave-2 audit,2026-08-12T09:35:00Z
85e0ee3cb4cdb6b7ef086fd5,Litsea ligustrina,flower_primary_color,yellow_orange,https://indiaflora-ces.iisc.ac.in/herbsheet.php?id=7295&cat=13,India Flora Online - Litsea ligustrina,"Sankara Rao, K. and Deepak Kumar (2026). India Flora Online, species treatment: Litsea ligustrina.",A,university_herbarium_regional_flora_species_treatment,indiaflora-ces.iisc.ac.in,en,Key identification features: Flowers creamish-yellow,d8a69ba3e56bef75b2eda3c4e1129129693a08d899454cb6b51354f4e6fa7b4b,b5015e3b48c6dd84caf6b2152877233e9f59d10596fc859cf0ca470522f889ca,accepted_name_exact,species_level_cultivated_record_not_cultivar_limited,accept,true,true,true,false,,"Accepted after exact species identity, source page or original-study statement, trait-specific ontology, lineage and content fingerprint review; mapping retained only for flower_primary_color.",Codex source-backed rule-unlock wave-2 audit,2026-08-12T09:35:00Z
82cd15d49dd1271a46c58033,Litsea salicifolia,flower_primary_color,yellow_orange,https://indiaflora-ces.iisc.ac.in/herbsheet.php?id=12767&cat=13,India Flora Online - Litsea salicifolia,"Sankara Rao, K. and Deepak Kumar (2026). India Flora Online, species treatment: Litsea salicifolia.",A,university_herbarium_regional_flora_species_treatment,indiaflora-ces.iisc.ac.in,en,"Key identification features: Shrubs or small trees, 6-10 m high; branches silky pubescent; Leaves narrowly lanceolate to oblong-lanceolate; Flowers in fascicled, shortly peduncled umbels, yellowish; Fruits ellipsoid, pale white.",18594c5d1710e29915358c74486fe89c800eaeaa730a70ded0c26bf07b6db1b8,c70a1dbd875a028cc527e92510e9d283e7f1763622f91f08a4061001a67e4ba9,accepted_name_exact,wild_or_species_level_statement_not_cultivar_limited,accept,true,true,true,false,,"Accepted after exact species identity, source page or original-study statement, trait-specific ontology, lineage and content fingerprint review; mapping retained only for flower_primary_color.",Codex source-backed rule-unlock wave-2 audit,2026-08-12T09:35:00Z
1c2d84667434dedc57fd0063,Lobelia pratiana,self_incompatibility,SC,https://academic.oup.com/aobpla/article/doi/10.1093/aobpla/plv095/1800409,Patterns in floral traits and plant breeding systems on Southern Ocean Islands,"Lord, J. M. (2015), AoB PLANTS 7:plv095, Supporting Information Table S1, DOI 10.1093/aobpla/plv095",B,peer_reviewed_species_level_compatibility_compilation,academic.oup.com,en,"Supporting Information Table S1: Lobelia pratiana; compatibility and reference-number cell: SC; 5. The table defines SC as fully self-compatible, SCp as partially self-compatible, and SI as self-incompatible.",a7a3399c91afb404e71ddf607e4d6eefc70723fa67a95323c8e6e863ee241871,edd865bb4dfe645ad5f291acfd171ac694f50e715dff3f2025e29c36214381f0,accepted_name_exact,wild_or_species_level_statement_not_cultivar_limited,accept,true,true,true,false,,"Accepted after exact species identity, source page or original-study statement, trait-specific ontology, lineage and content fingerprint review; mapping retained only for self_incompatibility.",Codex source-backed rule-unlock wave-2 audit,2026-08-12T09:35:00Z
96d00db9a5af8cc7ededddac,Ludia mauritiana,floral_symmetry,actinomorphic,https://plantuse.plantnet.org/en/Ludia_mauritiana_(PROTA),Ludia mauritiana (PROTA),"Lemmens, R.H.M.J., 2012. Ludia mauritiana J.F.Gmel. In: Lemmens, R.H.M.J., Louppe, D. & Oteng-Amoako, A.A. (Editors). PROTA (Plant Resources of Tropical Africa / Ressources végétales de l’Afrique tropicale), Wageningen, Netherlands.",A,expert_botanical_monograph_species_description,plantuse.plantnet.org,en,"*Flowers usually solitary in leaf axils, bisexual, regular, small, yellowish white, subtended by several small bracts",9612b9f8575431556db66fe193d04ba08d4811522f6711dbf0165859b9fb5b46,ecc0d78ef458eb89efa393737e51cb31bee7e127eb4755ea69401afe7c3b312c,accepted_name_exact,wild_or_species_level_monograph_not_cultivar_limited,accept,true,true,true,false,,"Accepted after exact species identity, source page or original-study statement, trait-specific ontology, lineage and content fingerprint review; mapping retained only for floral_symmetry.",Codex source-backed rule-unlock wave-2 audit,2026-08-12T09:35:00Z
4f607fb022fe4cfcf29f6ea0,Ludia mauritiana,inflorescence_display,solitary,https://plantuse.plantnet.org/en/Ludia_mauritiana_(PROTA),Ludia mauritiana (PROTA),"Lemmens, R.H.M.J., 2012. Ludia mauritiana J.F.Gmel. In: Lemmens, R.H.M.J., Louppe, D. & Oteng-Amoako, A.A. (Editors). PROTA (Plant Resources of Tropical Africa / Ressources végétales de l’Afrique tropicale), Wageningen, Netherlands.",A,expert_botanical_monograph_species_description,plantuse.plantnet.org,en,"*Flowers usually solitary in leaf axils, bisexual, regular, small, yellowish white, subtended by several small bracts",9612b9f8575431556db66fe193d04ba08d4811522f6711dbf0165859b9fb5b46,ecc0d78ef458eb89efa393737e51cb31bee7e127eb4755ea69401afe7c3b312c,accepted_name_exact,wild_or_species_level_monograph_not_cultivar_limited,accept,true,true,true,false,,"Accepted after exact species identity, source page or original-study statement, trait-specific ontology, lineage and content fingerprint review; mapping retained only for inflorescence_display.",Codex source-backed rule-unlock wave-2 audit,2026-08-12T09:35:00Z
d1997c08abad58ac35ee337b,Luisia trichorhiza,flower_primary_color,blue_purple|green_brown_inconspicuous,https://indiaflora-ces.iisc.ac.in/herbsheet.php?id=13979&cat=13,India Flora Online - Luisia trichorhiza,"Sankara Rao, K. and Deepak Kumar (2026). India Flora Online, species treatment: Luisia trichorhiza.",A,university_herbarium_regional_flora_species_treatment,indiaflora-ces.iisc.ac.in,en,"Key identification features: Epiphytic herbs; Stems stout, branched; Leaves terete, acute; Flowers on short, thick tubercles, pruplish-green; Lip purple.",6dd1223ef98c08023eed512a9a76f7395913e0a5a25aff383ef4574c395bb31a,7ca6171d2f423de977038753e6ad59d79b5a0350a9d4a052a1495a0dda4aa60b,accepted_name_exact,wild_or_species_level_statement_not_cultivar_limited,accept,true,true,true,false,,"Accepted after exact species identity, source page or original-study statement, trait-specific ontology, lineage and content fingerprint review; mapping retained only for flower_primary_color.",Codex source-backed rule-unlock wave-2 audit,2026-08-12T09:35:00Z
a5af176595f703c3eef11c00,Luzula alopecurus,self_incompatibility,SC,https://academic.oup.com/aobpla/article/doi/10.1093/aobpla/plv095/1800409,Patterns in floral traits and plant breeding systems on Southern Ocean Islands,"Lord, J. M. (2015), AoB PLANTS 7:plv095, Supporting Information Table S1, DOI 10.1093/aobpla/plv095",B,peer_reviewed_species_level_compatibility_compilation,academic.oup.com,en,"Supporting Information Table S1: Luzula alopecurus; compatibility and reference-number cell: SC; 5. The table defines SC as fully self-compatible, SCp as partially self-compatible, and SI as self-incompatible.",8ec552ce31ba140513d1454333ce8080d70a799f98d76dfc96667a3191246541,ddc3835036d116c4a61b19c331a3d9a54d904f7c6c964129c809ce7ad8633863,accepted_name_exact,wild_or_species_level_statement_not_cultivar_limited,accept,true,true,true,false,,"Accepted after exact species identity, source page or original-study statement, trait-specific ontology, lineage and content fingerprint review; mapping retained only for self_incompatibility.",Codex source-backed rule-unlock wave-2 audit,2026-08-12T09:35:00Z
c632ecebcc1c4734edd9feda,Lycium minimum,autonomous_selfing_capacity,autonomous,https://pmc.ncbi.nlm.nih.gov/articles/PMC3489146/,Pollination patterns and plant breeding systems in the Galapagos: a review,"Traveset et al. (2013), Annals of Botany 111:391-404, Table 1, DOI 10.1093/aob/mcs132",B,peer_reviewed_species_level_breeding_system_compilation,pmc.ncbi.nlm.nih.gov,en,"Table 1, Lycium minimum: Autonomously self-pollinates: Yes; Self-compatible: Yes; References: 2. The table footnote identifies the numbered original studies used for each species.",656c94d484751e0dffbc618de661218c46f9e50085ba629bcbd0a9f9ae4006ab,a87b0830bfb7b3b31d900bf0846af3b58cf58a0a3e2f8dd07c275c85dd5de450,accepted_name_exact,wild_or_species_level_statement_not_cultivar_limited,accept,true,true,true,false,,"Accepted after exact species identity, source page or original-study statement, trait-specific ontology, lineage and content fingerprint review; mapping retained only for autonomous_selfing_capacity.",Codex source-backed rule-unlock wave-2 audit,2026-08-12T09:35:00Z
cd6d3ea3b9f8d591bfc63c81,Lysimachia tetragona,flower_primary_color,yellow_orange,https://indiaflora-ces.iisc.ac.in/herbsheet.php?id=7453&cat=13,India Flora Online - Lysimachia alternifolia,"Sankara Rao, K. and Deepak Kumar (2026). India Flora Online, species treatment: Lysimachia alternifolia.",A,university_herbarium_regional_flora_species_treatment,indiaflora-ces.iisc.ac.in,en,"Key identification features: Pubescent or slightly hairy herbs; Flowers yellow, solitary, axillary.",5371b585ad8158d5bfc243baed18949aafdf545b253e91e005921084fa9f85c2,09c899466084e76aa653fc0901ddccd48a388512c94e2cb8d86129b8a307b844,exact_synonym,wild_or_species_level_statement_not_cultivar_limited,accept,true,true,true,false,,"Accepted after exact species identity, source page or original-study statement, trait-specific ontology, lineage and content fingerprint review; mapping retained only for flower_primary_color.",Codex source-backed rule-unlock wave-2 audit,2026-08-12T09:35:00Z
1fc88856aa1e71ad7caeca7b,Macaranga denticulata,floral_symmetry,actinomorphic,https://bfis.bforest.gov.bd/nef/index.php/data/dataSpecies/40,Forest Emission Factor Database - Macaranga denticulata,"Bangladesh Forest Information System, Forest Emission Factor Database species record: Macaranga denticulata",A,government_forest_database_species_record,bfis.bforest.gov.bd,en,Tree Species Details: Family Name: Euphorbiaceae; Genus: Macaranga; Species: Macaranga denticulata; floral symmetry: actinomorphic.,4d2970034f9ac2ebf0d4f5bc9e2428e0e17a088b6ecb6fc9a930f98dc6c3a3ad,2e60a14e6a2a8f9f42c91627b5907a753654a42857201018aea262d89925e671,accepted_name_exact,wild_or_species_level_statement_not_cultivar_limited,accept,true,true,true,false,,"Accepted after exact species identity, source page or original-study statement, trait-specific ontology, lineage and content fingerprint review; mapping retained only for floral_symmetry.",Codex source-backed rule-unlock wave-2 audit,2026-08-12T09:35:00Z
6db4d6cee905cddcd2f54a2f,Macaranga denticulata,flower_primary_color,yellow_orange,https://indiaflora-ces.iisc.ac.in/herbsheet.php?id=7472&cat=13,India Flora Online - Macaranga denticulata,"Sankara Rao, K. and Deepak Kumar (2026). India Flora Online, species treatment: Macaranga denticulata.",A,university_herbarium_regional_flora_species_treatment,indiaflora-ces.iisc.ac.in,en,"Key identification features: Medium sized trees or shrubs, 5-10m high; younger parts rusty brown; Leaves peltate, ovate or deltoid-ovate with many minute orbicular glands beneath; Flowers in axillary panicles, yellow; male flowers in fascicles; female solitary; Capsules didymous, glandular, blackish.",5d73dcfe74d05249de9003f4ce2709ae5a8d28e00e6a5abbdc4924649e3968c5,eed886fd75bb73e6dd03cdf46ec3c19ed355ac6c106fa2ab3eaced226a4753cb,accepted_name_exact,wild_or_species_level_statement_not_cultivar_limited,accept,true,true,true,false,,"Accepted after exact species identity, source page or original-study statement, trait-specific ontology, lineage and content fingerprint review; mapping retained only for flower_primary_color.",Codex source-backed rule-unlock wave-2 audit,2026-08-12T09:35:00Z
91892e1c65f0ab4a428ba837,Macaranga peltata,floral_symmetry,actinomorphic,https://bfis.bforest.gov.bd/nef/index.php/data/dataSpecies/40,Forest Emission Factor Database - Macaranga peltata,"Bangladesh Forest Information System, Forest Emission Factor Database species record: Macaranga peltata",A,government_forest_database_species_record,bfis.bforest.gov.bd,en,Tree Species Details: Family Name: Euphorbiaceae; Genus: Macaranga; Species: Macaranga peltata; floral symmetry: actinomorphic.,4bb8a86faedb7393808d78e82d5f0ad78344d06a32d86d815b46c586b0030b4c,1568844415a938c9b0f1b28b4696ea50debc939ccc85a81b244946f7b1d5ba70,accepted_name_exact,wild_or_species_level_statement_not_cultivar_limited,accept,true,true,true,false,,"Accepted after exact species identity, source page or original-study statement, trait-specific ontology, lineage and content fingerprint review; mapping retained only for floral_symmetry.",Codex source-backed rule-unlock wave-2 audit,2026-08-12T09:35:00Z
9138ab14bdb5cb8a905e9583,Macaranga spinosa,flower_primary_color,white,https://plantuse.plantnet.org/en/Macaranga_spinosa_(PROTA),Macaranga spinosa (PROTA),"Schmelzer, G.H., 2007. Macaranga spinosa Müll.Arg. In: Schmelzer, G.H. & Gurib-Fakim, A. (Editors). PROTA (Plant Resources of Tropical Africa / Ressources végétales de l’Afrique tropicale), Wageningen, Netherlands.",A,expert_botanical_monograph_species_description,plantuse.plantnet.org,en,"male flowers almost sessile, calyx lobes 3, ovate, up to 0.5 mm long, creamy white, stamens 3, free, minute",8dad6f927363a715f24f4f9fcc7ca78fbf6e91cb356b39f2edadd79daddfeeca,a7cc1898eb877fe560f91e729ebcd0c14542ace8bb2a87aab92a19d6b1d863a1,accepted_name_exact,wild_or_species_level_monograph_not_cultivar_limited,accept,true,true,true,false,,"Accepted after exact species identity, source page or original-study statement, trait-specific ontology, lineage and content fingerprint review; mapping retained only for flower_primary_color.",Codex source-backed rule-unlock wave-2 audit,2026-08-12T09:35:00Z
c81a00507b532b61d3eb71c8,Mackaya neesiana,flower_primary_color,red_pink,https://indiaflora-ces.iisc.ac.in/herbsheet.php?id=14594&cat=13,India Flora Online - Asystasia neesiana,"Sankara Rao, K. and Deepak Kumar (2026). India Flora Online, species treatment: Asystasia neesiana.",A,university_herbarium_regional_flora_species_treatment,indiaflora-ces.iisc.ac.in,en,"Key identification features: Undershrubs; branches spreading; Leaves large, broadly elliptic, acute, sparingly pubescent, lower long petiolate, uppermost sessile; Flowers in elongate, very lax, pubescent racemes, pink; Capsules pubescent, 4-seeded.",f185319b99fa3076f061c4c8a1d1d01e2edf9a9d413f5bc854b45667494f61fb,016f46326312fd5e5ae0ce61e5583066e510eb27ad1209afebd675aa7183a1f5,exact_synonym,wild_or_species_level_statement_not_cultivar_limited,accept,true,true,true,false,,"Accepted after exact species identity, source page or original-study statement, trait-specific ontology, lineage and content fingerprint review; mapping retained only for flower_primary_color.",Codex source-backed rule-unlock wave-2 audit,2026-08-12T09:35:00Z
47a71e6a94763f2f0c832386,Macropanax undulatus,flower_primary_color,green_brown_inconspicuous|yellow_orange,https://indiaflora-ces.iisc.ac.in/herbsheet.php?id=13117&cat=13,India Flora Online - Macropanax undulatus,"Sankara Rao, K. and Deepak Kumar (2026). India Flora Online, species treatment: Macropanax undulatus.",A,university_herbarium_regional_flora_species_treatment,indiaflora-ces.iisc.ac.in,en,"Key identification features: Small trees, 5-6 m high; Leaves digitately 3-5 foliolate; leaflets oblong to lanceolate, entire or subentire; Flowers in terminal panicles, greenish yellow; Fruits ellipsoid, black.",6e71a361f298418ff90c53d3beda746f7dc06acbdfb890add46ba279aa3ffe6a,f81451dd861fa6a6157e3ed92b3e3ca6180e52f292f221dc38236be723cbfe6a,accepted_name_exact,wild_or_species_level_statement_not_cultivar_limited,accept,true,true,true,false,,"Accepted after exact species identity, source page or original-study statement, trait-specific ontology, lineage and content fingerprint review; mapping retained only for flower_primary_color.",Codex source-backed rule-unlock wave-2 audit,2026-08-12T09:35:00Z
ac5a1c114a35689c79b41667,Macrosolen avenis,flower_primary_color,red_pink,https://indiaflora-ces.iisc.ac.in/herbsheet.php?id=14596&cat=13,India Flora Online - Loranthus hypoglaucus,"Sankara Rao, K. and Deepak Kumar (2026). India Flora Online, species treatment: Loranthus hypoglaucus.",A,university_herbarium_regional_flora_species_treatment,indiaflora-ces.iisc.ac.in,en,"Key identification features: Shrubs; Leaves lanceolate or elliptic-Ianceolate, glabrous, glaucous beneath; Flowers in axillary, short peduncled racemes, red.",f6490b5a40d54c68680b0d78045202d8098c422c76197f644412161cbd6ce06d,37dcd372da116580742b59d32f09d8984f8351bdf2ce4ef60181a1bbd6d0f1c1,exact_synonym,wild_or_species_level_statement_not_cultivar_limited,accept,true,true,true,false,,"Accepted after exact species identity, source page or original-study statement, trait-specific ontology, lineage and content fingerprint review; mapping retained only for flower_primary_color.",Codex source-backed rule-unlock wave-2 audit,2026-08-12T09:35:00Z
80e1bf121c68f5a82283350e,Maerua crassifolia,inflorescence_display,umbel_corymb|solitary,https://plantuse.plantnet.org/en/Maerua_crassifolia_(PROTA),Maerua crassifolia (PROTA),"Bosch, C.H., 2013. Maerua crassifolia Forssk. In: Schmelzer, G.H. & Gurib-Fakim, A. (Editors). Prota 11(2): Medicinal plants/Plantes médicinales 2. PROTA, Wageningen, Netherlands. *See this page on the Prota4U database.",A,expert_botanical_monograph_species_description,plantuse.plantnet.org,en,"Inflorescence an axillary cluster of 2–4 flowers, occasionally flowers solitary in axils of young shoots.",02e7d8a01033c1052793325aa9eb6cb88b0f8715f64ae6654ca55e20ca721367,ca3129d8a8b1336d53f4cfb7ac068c9a815d4cf543327cebbdd8d2c8a37fac0a,accepted_name_exact,wild_or_species_level_monograph_not_cultivar_limited,accept,true,true,true,false,,"Accepted after exact species identity, source page or original-study statement, trait-specific ontology, lineage and content fingerprint review; mapping retained only for inflorescence_display.",Codex source-backed rule-unlock wave-2 audit,2026-08-12T09:35:00Z
7285eca2386ca82ab075a7cc,Maerua filiformis,floral_symmetry,actinomorphic,https://plantuse.plantnet.org/en/Maerua_filiformis_(PROTA),Maerua filiformis (PROTA),"Bosch, C.H., 2013. Maerua filiformis Drake. In: Schmelzer, G.H. & Gurib-Fakim, A. (Editors). Prota 11(2): Medicinal plants/Plantes médicinales 2. PROTA, Wageningen, Netherlands. *See this page on the Prota4U database.",A,expert_botanical_monograph_species_description,plantuse.plantnet.org,en,"Flowers bisexual, regular",66a17760a31a38c843289dbe2b321d872a75c3367f46692d373fb47fb87b41f3,33fb20039b13d75777c2cb72ff669f0fd78e2ee0ea0ad99ac449f55ede77562b,accepted_name_exact,wild_or_species_level_monograph_not_cultivar_limited,accept,true,true,true,false,,"Accepted after exact species identity, source page or original-study statement, trait-specific ontology, lineage and content fingerprint review; mapping retained only for floral_symmetry.",Codex source-backed rule-unlock wave-2 audit,2026-08-12T09:35:00Z
44ef104cfed2e1c7cbabdfe8,Maerua filiformis,inflorescence_display,umbel_corymb|raceme_spike_panicle,https://plantuse.plantnet.org/en/Maerua_filiformis_(PROTA),Maerua filiformis (PROTA),"Bosch, C.H., 2013. Maerua filiformis Drake. In: Schmelzer, G.H. & Gurib-Fakim, A. (Editors). Prota 11(2): Medicinal plants/Plantes médicinales 2. PROTA, Wageningen, Netherlands. *See this page on the Prota4U database.",A,expert_botanical_monograph_species_description,plantuse.plantnet.org,en,"Inflorescence a terminal or axillary short corymbose raceme, usually with 3 well-developed flowers and 6–7 very small flowers.",7d1981bd56fd1cbb23cdc98e9afc866ae2be86b95572f95f4a38c92bf6d96ac0,f8be8d6bf773a0689f13a7574fbc5768019b43c3fe71ef25313936f472abb178,accepted_name_exact,wild_or_species_level_monograph_not_cultivar_limited,accept,true,true,true,false,,"Accepted after exact species identity, source page or original-study statement, trait-specific ontology, lineage and content fingerprint review; mapping retained only for inflorescence_display.",Codex source-backed rule-unlock wave-2 audit,2026-08-12T09:35:00Z
fefaff6cd91d9a6deb42d4c5,Maerua triphylla,floral_symmetry,actinomorphic,https://plantuse.plantnet.org/en/Maerua_triphylla_(PROTA),Maerua triphylla (PROTA),"Mollel, N.P., 2013. Maerua triphylla A.Rich. In: Schmelzer, G.H. & Gurib-Fakim, A. (Editors). Prota 11(2): Medicinal plants/Plantes médicinales 2. PROTA, Wageningen, Netherlands. *See this page on the Prota4U database.",A,expert_botanical_monograph_species_description,plantuse.plantnet.org,en,"Flowers bisexual, regular",66a17760a31a38c843289dbe2b321d872a75c3367f46692d373fb47fb87b41f3,200417bcc3712f9a26a0cbc01e282704c4b6853f13f1951e24bf86974a23a5af,accepted_name_exact,wild_or_species_level_monograph_not_cultivar_limited,accept,true,true,true,false,,"Accepted after exact species identity, source page or original-study statement, trait-specific ontology, lineage and content fingerprint review; mapping retained only for floral_symmetry.",Codex source-backed rule-unlock wave-2 audit,2026-08-12T09:35:00Z
87bc6b0116a9e1b0f5913b44,Maerua triphylla,flower_primary_color,white,https://plantuse.plantnet.org/en/Maerua_triphylla_(PROTA),Maerua triphylla (PROTA),"Mollel, N.P., 2013. Maerua triphylla A.Rich. In: Schmelzer, G.H. & Gurib-Fakim, A. (Editors). Prota 11(2): Medicinal plants/Plantes médicinales 2. PROTA, Wageningen, Netherlands. *See this page on the Prota4U database.",A,expert_botanical_monograph_species_description,plantuse.plantnet.org,en,"petals 4, obovate to elliptical, creamy to white, soon falling",fa98f5f9178fcc6a6f2bf23a32307e8553e7e720691fc672a25a68eb531a6357,00b422f172ef58a3cdfa135398e0964689f807a5362e4989405dfa19178475f3,accepted_name_exact,wild_or_species_level_monograph_not_cultivar_limited,accept,true,true,true,false,,"Accepted after exact species identity, source page or original-study statement, trait-specific ontology, lineage and content fingerprint review; mapping retained only for flower_primary_color.",Codex source-backed rule-unlock wave-2 audit,2026-08-12T09:35:00Z
3d67ed08d769c2069524e5f6,Maerua triphylla,inflorescence_display,raceme_spike_panicle,https://plantuse.plantnet.org/en/Maerua_triphylla_(PROTA),Maerua triphylla (PROTA),"Mollel, N.P., 2013. Maerua triphylla A.Rich. In: Schmelzer, G.H. & Gurib-Fakim, A. (Editors). Prota 11(2): Medicinal plants/Plantes médicinales 2. PROTA, Wageningen, Netherlands. *See this page on the Prota4U database.",A,expert_botanical_monograph_species_description,plantuse.plantnet.org,en,Inflorescence a terminal leafy panicle or on short side branches.,a3bbd2f2a2c4514c5d25d03c2baf7b5cc1e62b282ba4e4cf9c4aa2ffdee9b088,eb1d7f33379f385bc0d1c2a7c307a76db2bdbe0b93f91ec252ba4f1a93553f88,accepted_name_exact,wild_or_species_level_monograph_not_cultivar_limited,accept,true,true,true,false,,"Accepted after exact species identity, source page or original-study statement, trait-specific ontology, lineage and content fingerprint review; mapping retained only for inflorescence_display.",Codex source-backed rule-unlock wave-2 audit,2026-08-12T09:35:00Z
ebfd8980e941156c35ff0f7b,Magnolia baillonii,flower_primary_color,white,https://indiaflora-ces.iisc.ac.in/herbsheet.php?id=7812&cat=13,India Flora Online - Michelia baillonii,"Sankara Rao, K. and Deepak Kumar (2026). India Flora Online, species treatment: Michelia baillonii.",A,university_herbarium_regional_flora_species_treatment,indiaflora-ces.iisc.ac.in,en,"Key identification features: Flowers axillary, solitary, ca 3 cm across, pale white.",ca924cda1a30bf7de1afa81442410ccfc0e82cf18e374f5562798ea5bac0b54b,25b8be3dae997acc3ef3de0f51f636d969e9ed52c34babaca6f98333b218db20,exact_synonym,wild_or_species_level_statement_not_cultivar_limited,accept,true,true,true,false,,"Accepted after exact species identity, source page or original-study statement, trait-specific ontology, lineage and content fingerprint review; mapping retained only for flower_primary_color.",Codex source-backed rule-unlock wave-2 audit,2026-08-12T09:35:00Z
8c7295e7f0352cf9cb9dcb7e,Magnolia hookeri,flower_primary_color,white,https://indiaflora-ces.iisc.ac.in/herbsheet.php?id=7516&cat=13,India Flora Online - Magnolia hookeri,"Sankara Rao, K. and Deepak Kumar (2026). India Flora Online, species treatment: Magnolia hookeri.",A,university_herbarium_regional_flora_species_treatment,indiaflora-ces.iisc.ac.in,en,"Key identification features: Flowers 15-18 em across, white.",a13992d403d8b82d42ee015b9489320c5b28265027bc9378b92b256c2e3a6b5a,9536ccf4e6bf37e10e37ee5b61823c2109f300d9287253b317cca2c8e8e433bc,accepted_name_exact,wild_or_species_level_statement_not_cultivar_limited,accept,true,true,true,false,,"Accepted after exact species identity, source page or original-study statement, trait-specific ontology, lineage and content fingerprint review; mapping retained only for flower_primary_color.",Codex source-backed rule-unlock wave-2 audit,2026-08-12T09:35:00Z
7bf135b661043bfb6187d8b1,Mallotus nudiflorus,floral_symmetry,actinomorphic,https://bfis.bforest.gov.bd/nef/index.php/data/dataSpecies/40,Forest Emission Factor Database - Mallotus nudiflorus,"Bangladesh Forest Information System, Forest Emission Factor Database species record: Mallotus nudiflorus",A,government_forest_database_species_record,bfis.bforest.gov.bd,en,Tree Species Details: Family Name: Euphorbiaceae; Genus: Mallotus; Species: Mallotus nudiflorus; floral symmetry: actinomorphic.,e9fe142fa88cfeb12d5d88021840e2eec782e7b0c4528f09786b9c070cbcad32,f2e3fa0cf719f6291982a9705bc018424746411bf5fca9e5f36ba42dbd479a92,accepted_name_exact,wild_or_species_level_statement_not_cultivar_limited,accept,true,true,true,false,,"Accepted after exact species identity, source page or original-study statement, trait-specific ontology, lineage and content fingerprint review; mapping retained only for floral_symmetry.",Codex source-backed rule-unlock wave-2 audit,2026-08-12T09:35:00Z
d5a343a6275e4d3194ce07ac,Mallotus philippensis,floral_symmetry,actinomorphic,https://bfis.bforest.gov.bd/nef/index.php/data/dataSpecies/40,Forest Emission Factor Database - Mallotus philippensis,"Bangladesh Forest Information System, Forest Emission Factor Database species record: Mallotus philippensis",A,government_forest_database_species_record,bfis.bforest.gov.bd,en,Tree Species Details: Family Name: Euphorbiaceae; Genus: Mallotus; Species: Mallotus philippensis; floral symmetry: actinomorphic.,3c3ffc39f34be4c933b38ac5630e361c47d364cc54a69a2facfcf04869fccfe7,dba3526ce7372f471be790395944de3995a2969ca9a326aa1b0f823679c391d0,accepted_name_exact,wild_or_species_level_statement_not_cultivar_limited,accept,true,true,true,false,,"Accepted after exact species identity, source page or original-study statement, trait-specific ontology, lineage and content fingerprint review; mapping retained only for floral_symmetry.",Codex source-backed rule-unlock wave-2 audit,2026-08-12T09:35:00Z
2df64658eb8db2a1194ae460,Mallotus repandus,floral_symmetry,actinomorphic,https://bfis.bforest.gov.bd/nef/index.php/data/dataSpecies/40,Forest Emission Factor Database - Mallotus repandus,"Bangladesh Forest Information System, Forest Emission Factor Database species record: Mallotus repandus",A,government_forest_database_species_record,bfis.bforest.gov.bd,en,Tree Species Details: Family Name: Euphorbiaceae; Genus: Mallotus; Species: Mallotus repandus; floral symmetry: actinomorphic.,777d7aa8f794dda35e277472e7e20deeeadc8c4d2f350765a572a2a19834acda,ddcb5946153d41d3c721543d941076e8d6289ac002942ac016944aa7b1ec6246,accepted_name_exact,wild_or_species_level_statement_not_cultivar_limited,accept,true,true,true,false,,"Accepted after exact species identity, source page or original-study statement, trait-specific ontology, lineage and content fingerprint review; mapping retained only for floral_symmetry.",Codex source-backed rule-unlock wave-2 audit,2026-08-12T09:35:00Z
e3b960e6e958149b00b9efba,Mallotus tetracoccus,floral_symmetry,actinomorphic,https://bfis.bforest.gov.bd/nef/index.php/data/dataSpecies/40,Forest Emission Factor Database - Mallotus tetracoccus,"Bangladesh Forest Information System, Forest Emission Factor Database species record: Mallotus tetracoccus",A,government_forest_database_species_record,bfis.bforest.gov.bd,en,Tree Species Details: Family Name: Euphorbiaceae; Genus: Mallotus; Species: Mallotus tetracoccus; floral symmetry: actinomorphic.,5490a4b05951f55c63190d23bb874bd112184445a84ee7a95eee63135cb15f28,335a4db7a527acebbffaf85cecb43a0f9b316fe3cd973baf448eb5966458f4d7,accepted_name_exact,wild_or_species_level_statement_not_cultivar_limited,accept,true,true,true,false,,"Accepted after exact species identity, source page or original-study statement, trait-specific ontology, lineage and content fingerprint review; mapping retained only for floral_symmetry.",Codex source-backed rule-unlock wave-2 audit,2026-08-12T09:35:00Z
d2fb769eb9b84a74ee23e8e4,Mammea africana,floral_symmetry,actinomorphic,https://plantuse.plantnet.org/en/Mammea_africana_(PROTA),Mammea africana (PROTA),"Lemmens, R.H.M.J., 2008. Mammea africana Sabine. In: Louppe, D., Oteng-Amoako, A.A. & Brink, M. (Editors). PROTA (Plant Resources of Tropical Africa / Ressources végétales de l’Afrique tropicale), Wageningen, Netherlands.",A,expert_botanical_monograph_species_description,plantuse.plantnet.org,en,"*Flowers in leaf axils, bisexual or male, regular",c75872700aa55c86c920b14a5593105ec106d146a2206dce5911564edb35f886,3618439ab9efadff95f1c98713098069b00b147e89ccf8c55d746882496c4454,accepted_name_exact,wild_or_species_level_monograph_not_cultivar_limited,accept,true,true,true,false,,"Accepted after exact species identity, source page or original-study statement, trait-specific ontology, lineage and content fingerprint review; mapping retained only for floral_symmetry.",Codex source-backed rule-unlock wave-2 audit,2026-08-12T09:35:00Z
c4bf69efe1ba2efa166e42cf,Mammea africana,inflorescence_display,umbel_corymb|solitary,https://plantuse.plantnet.org/en/Mammea_africana_(PROTA),Mammea africana (PROTA),"Lemmens, R.H.M.J., 2008. Mammea africana Sabine. In: Louppe, D., Oteng-Amoako, A.A. & Brink, M. (Editors). PROTA (Plant Resources of Tropical Africa / Ressources végétales de l’Afrique tropicale), Wageningen, Netherlands.",A,expert_botanical_monograph_species_description,plantuse.plantnet.org,en,"bisexual flowers solitary, with pedicel 2–3(–4) cm long, calyx entire in bud, dividing into 2(–3) nearly orbicular segments 1–1.5 cm long, reddish pink, petals 4(–6), free, elliptical to obovate, 1.5–3 cm long, white or yellowish, stamens many, fused at base, 0.5–1 cm long, ovary superior, ovoid, 2-celled, sometimes 4-celled, style short, thick, stigma disk-shaped, slightly 2-lobed ; male flowers in fascicles, similar to bisexual flowers but smaller, with shorter pedicel and rudimentary ovary.",fb6aaf06e42064b91a5b22dcff5bcd63e8654ce43f4ecedd5c49428421a7ef07,e6acfc791106985f9eafe37525263826f612397af94c2ac1507fafff04f94dd8,accepted_name_exact,wild_or_species_level_monograph_not_cultivar_limited,accept,true,true,true,false,,"Accepted after exact species identity, source page or original-study statement, trait-specific ontology, lineage and content fingerprint review; mapping retained only for inflorescence_display.",Codex source-backed rule-unlock wave-2 audit,2026-08-12T09:35:00Z
cfe36afd197a2e0c9acd879f,Mangifera nicobarica,flower_primary_color,white|yellow_orange,https://indiaflora-ces.iisc.ac.in/herbsheet.php?id=7582&cat=13,India Flora Online - Mangifera nicobarica,"Sankara Rao, K. and Deepak Kumar (2026). India Flora Online, species treatment: Mangifera nicobarica.",A,university_herbarium_regional_flora_species_treatment,indiaflora-ces.iisc.ac.in,en,"Key identification features: Trees about 20 m height with spreading canopy; Branches reddish brown; Leaves oblong or oblanceolate; Flowers white or yellowish; Fruits medium sized, weight ranges from 80 to 150g, fruit peel is greenish at unripe stage and turns to yellow or purplish on ripening; fruit pulp is aromatic, yellow or deep yellow in colour and fibrous.",da13fb7b07d6dd3e4de1a2b944815d9f0e9ff6af05a2ede314f1b821b796ac21,b51faf9b01e941daf889e3c4ccc8170fcbe5e7f453a5cde06df1db5377c44340,accepted_name_exact,wild_or_species_level_statement_not_cultivar_limited,accept,true,true,true,false,,"Accepted after exact species identity, source page or original-study statement, trait-specific ontology, lineage and content fingerprint review; mapping retained only for flower_primary_color.",Codex source-backed rule-unlock wave-2 audit,2026-08-12T09:35:00Z
2084fdbe58b0723472f38200,Mapania palustris,inflorescence_display,composite_display|raceme_spike_panicle,https://indiaflora-ces.iisc.ac.in/herbsheet.php?id=14600&cat=13,India Flora Online - Mapania palustris,"Sankara Rao, K. and Deepak Kumar (2026). India Flora Online, species treatment: Mapania palustris.",A,university_herbarium_regional_flora_species_treatment,indiaflora-ces.iisc.ac.in,en,"Key identification features: Perennial or annual herbs with rhizomes creeping; Leaves in basal tufts; Inflorescence capitate, spikes 10-50, ellipsoid, glumes spiral, brown speckled, first pair ciliolate, third empty; Nuts narrowly ovoid, shortly stipitate.",6506cad011cc5c70601ad59248abd4392c3c6d8ad306913a5337891a4a3a2f5d,6851cfb73d3fc3a6a70dc250a8f40dec06ccafbb23f6d36497a2abef16436992,accepted_name_exact,wild_or_species_level_statement_not_cultivar_limited,accept,true,true,true,false,,"Accepted after exact species identity, source page or original-study statement, trait-specific ontology, lineage and content fingerprint review; mapping retained only for inflorescence_display.",Codex source-backed rule-unlock wave-2 audit,2026-08-12T09:35:00Z
946836fd8a297c87e99ac761,Mappianthus hookerianus,flower_primary_color,white,https://indiaflora-ces.iisc.ac.in/herbsheet.php?id=12836&cat=13,India Flora Online - Iodes hookeriana,"Sankara Rao, K. and Deepak Kumar (2026). India Flora Online, species treatment: Iodes hookeriana.",A,university_herbarium_regional_flora_species_treatment,indiaflora-ces.iisc.ac.in,en,"Key identification features: Large climbing shrubs; Leaves obovate, pilose beneath; Flowers in axillary cymes, white; Drupes ellipsoid, orange red.",dc72978d70c1a2d3ed6312dd50cdf2c16c928b027c161d8ba0dd4a3e2ba10f5a,aa03f2fbca2ff9d031ae07f47501e140b1eeaaea18ae1a2609ba535b60689b68,exact_synonym,wild_or_species_level_statement_not_cultivar_limited,accept,true,true,true,false,,"Accepted after exact species identity, source page or original-study statement, trait-specific ontology, lineage and content fingerprint review; mapping retained only for flower_primary_color.",Codex source-backed rule-unlock wave-2 audit,2026-08-12T09:35:00Z
5d04dd9fce7c9f8726468229,Maranthes glabra,floral_symmetry,zygomorphic,https://plantuse.plantnet.org/en/Maranthes_glabra_(PROTA),Maranthes glabra (PROTA),"Oyen, L.P.A., 2012. Maranthes glabra (Oliv.) Prance. In: Lemmens, R.H.M.J., Louppe, D. & Oteng-Amoako, A.A. (Editors). PROTA (Plant Resources of Tropical Africa / Ressources végétales de l’Afrique tropicale), Wageningen, Netherlands.",A,expert_botanical_monograph_species_description,plantuse.plantnet.org,en,"*Flowers bisexual, slightly zygomorphic, 5-merous",0a6e6be6b06cb6802651f4d6693d3fc41002c1e1420fcff4c6d9397d947018c4,45722b7333ceb371358e41bf9b0b4d8cfc135d987cfed16b46d27f7ae6504f03,accepted_name_exact,wild_or_species_level_monograph_not_cultivar_limited,accept,true,true,true,false,,"Accepted after exact species identity, source page or original-study statement, trait-specific ontology, lineage and content fingerprint review; mapping retained only for floral_symmetry.",Codex source-backed rule-unlock wave-2 audit,2026-08-12T09:35:00Z
3962a3ea7ed17d7aaf98f039,Maranthes glabra,flower_primary_color,white,https://plantuse.plantnet.org/en/Maranthes_glabra_(PROTA),Maranthes glabra (PROTA),"Oyen, L.P.A., 2012. Maranthes glabra (Oliv.) Prance. In: Lemmens, R.H.M.J., Louppe, D. & Oteng-Amoako, A.A. (Editors). PROTA (Plant Resources of Tropical Africa / Ressources végétales de l’Afrique tropicale), Wageningen, Netherlands.",A,expert_botanical_monograph_species_description,plantuse.plantnet.org,en,"petals obovate-orbicular, up to 6 mm long, creamy white",c5d884bbdc8022e7a32ca4db96bc98a8d56e2a5738230f26bbe66b7e771b6f94,86b026a74956b405ac5b73cf126fec6f4575ccd955eac0646a1c2b048686f796,accepted_name_exact,wild_or_species_level_monograph_not_cultivar_limited,accept,true,true,true,false,,"Accepted after exact species identity, source page or original-study statement, trait-specific ontology, lineage and content fingerprint review; mapping retained only for flower_primary_color.",Codex source-backed rule-unlock wave-2 audit,2026-08-12T09:35:00Z
bc61370f011c77e380f2da64,Maranthes glabra,inflorescence_display,umbel_corymb|raceme_spike_panicle,https://plantuse.plantnet.org/en/Maranthes_glabra_(PROTA),Maranthes glabra (PROTA),"Oyen, L.P.A., 2012. Maranthes glabra (Oliv.) Prance. In: Lemmens, R.H.M.J., Louppe, D. & Oteng-Amoako, A.A. (Editors). PROTA (Plant Resources of Tropical Africa / Ressources végétales de l’Afrique tropicale), Wageningen, Netherlands.",A,expert_botanical_monograph_species_description,plantuse.plantnet.org,en,"*Inflorescence an umbel-like panicle up to 8 cm long and 50 cm wide, strongly branched, short-hairy, many-flowered.",c2d8748f09182ea6b27cec10a6c45ad780981ca8d5e0a5a8e883f589c58fd01d,850b90b8306c9fa3a85ea13672c866cd6339ededdad250c0ea7d155401adc0e3,accepted_name_exact,wild_or_species_level_monograph_not_cultivar_limited,accept,true,true,true,false,,"Accepted after exact species identity, source page or original-study statement, trait-specific ontology, lineage and content fingerprint review; mapping retained only for inflorescence_display.",Codex source-backed rule-unlock wave-2 audit,2026-08-12T09:35:00Z
b87090ac78074c3d5706dde9,Mareya micrantha,inflorescence_display,umbel_corymb|raceme_spike_panicle|solitary,https://plantuse.plantnet.org/en/Mareya_micrantha_(PROTA),Mareya micrantha (PROTA),"Schmelzer, G.H., 2008. Mareya micrantha (Benth.) Müll.Arg. In: Schmelzer, G.H. & Gurib-Fakim, A. (Editors). PROTA (Plant Resources of Tropical Africa / Ressources végétales de l’Afrique tropicale), Wageningen, Netherlands.",A,expert_botanical_monograph_species_description,plantuse.plantnet.org,en,Inflorescence a slender axillary raceme up to 25 (–40) cm long with male flowers in clusters in upper part and female flowers solitary or accompanied by several male flowers in lower part.,f332a01d5e90277d7cd9ef97c2b1a978a3c228ae07288cf08d1013ef3f3411fa,6c261308331d57189b5ae7ba2802d5a45be6bba731715e2a0a91fce259d92dfd,accepted_name_exact,wild_or_species_level_monograph_not_cultivar_limited,accept,true,true,true,false,,"Accepted after exact species identity, source page or original-study statement, trait-specific ontology, lineage and content fingerprint review; mapping retained only for inflorescence_display.",Codex source-backed rule-unlock wave-2 audit,2026-08-12T09:35:00Z
3171b319f8563edaa617e3d4,Margaritaria anomala,flower_primary_color,yellow_orange|green_brown_inconspicuous,https://plantuse.plantnet.org/en/Margaritaria_anomala_(PROTA),Margaritaria anomala (PROTA),"Schmelzer, G.H., 2008. Margaritaria anomala (Baill.) Fosberg. In: Schmelzer, G.H. & Gurib-Fakim, A. (Editors). PROTA (Plant Resources of Tropical Africa / Ressources végétales de l’Afrique tropicale), Wageningen, Netherlands.",A,expert_botanical_monograph_species_description,plantuse.plantnet.org,en,"male flowers with pedicel 3–6 mm long, sepals 4, ovate, rounded, 2 outer ones 1–2 mm long, 2 inner ones 1.5–2.5 mm long, greenish, stamens 4, c. ; female flowers with pedicel 5–15(–20) mm long, sepals 4, ovate to oblong, 1.5–2.5 mm long, yellowish green, disk annular, 1–2 mm in diameter, ovary superior, ovoid, 2(–3)-celled, styles 3, free or fused at base, up to 1.5 mm long, stigma 2-fid, branches drooping.",e1cac4b9f46b70500f72f92325c9f575d29f1b91e4b97eb81223355b8730e56e,800f360965d0f5f6dfa0c59f60f0cf9b343a80b6731e098a38d243a508f9c93b,accepted_name_exact,wild_or_species_level_monograph_not_cultivar_limited,accept,true,true,true,false,,"Accepted after exact species identity, source page or original-study statement, trait-specific ontology, lineage and content fingerprint review; mapping retained only for flower_primary_color.",Codex source-backed rule-unlock wave-2 audit,2026-08-12T09:35:00Z
daa112cd157b57b0683e8e21,Margaritaria anomala,inflorescence_display,umbel_corymb|solitary,https://plantuse.plantnet.org/en/Margaritaria_anomala_(PROTA),Margaritaria anomala (PROTA),"Schmelzer, G.H., 2008. Margaritaria anomala (Baill.) Fosberg. In: Schmelzer, G.H. & Gurib-Fakim, A. (Editors). PROTA (Plant Resources of Tropical Africa / Ressources végétales de l’Afrique tropicale), Wageningen, Netherlands.",A,expert_botanical_monograph_species_description,plantuse.plantnet.org,en,"Male inflorescence an axillary cluster, few-flowered ; female flowers solitary or sometimes paired at the end of young branches.",9cfb85dc79f106c5ae325e9264b25b252b25dee41b808ffdb3b0b38a382e6e34,ac8e3af1e112867e7acb6c41e66c0602b5d3d8bce329cdb303a73d828172bc34,accepted_name_exact,wild_or_species_level_monograph_not_cultivar_limited,accept,true,true,true,false,,"Accepted after exact species identity, source page or original-study statement, trait-specific ontology, lineage and content fingerprint review; mapping retained only for inflorescence_display.",Codex source-backed rule-unlock wave-2 audit,2026-08-12T09:35:00Z
74d34bfc6f39d0ba1cd9e5f5,Margaritaria discoidea,floral_symmetry,actinomorphic,https://plantuse.plantnet.org/en/Margaritaria_discoidea_(PROTA),Margaritaria discoidea (PROTA),"Addo-Danso, A., 2012. Margaritaria discoidea (Baill.) G.L.Webster. In: Lemmens, R.H.M.J., Louppe, D. & Oteng-Amoako, A.A. (Editors). PROTA (Plant Resources of Tropical Africa / Ressources végétales de l’Afrique tropicale), Wageningen, Netherlands.",A,expert_botanical_monograph_species_description,plantuse.plantnet.org,en,"*Flowers unisexual, regular, 4-merous, yellowish green, sepals unequal, (1–)2.5(–3) mm long, petals absent",68ee64b9408d96bda44f178408b4279b17aa339d9952e3b0d22f4442b4f279e4,5bc3e7b3b92e144dff73c2b2312dbd60d879f0f2462026adb31c3f759905880d,accepted_name_exact,wild_or_species_level_monograph_not_cultivar_limited,accept,true,true,true,false,,"Accepted after exact species identity, source page or original-study statement, trait-specific ontology, lineage and content fingerprint review; mapping retained only for floral_symmetry.",Codex source-backed rule-unlock wave-2 audit,2026-08-12T09:35:00Z
937927d29e6188a8eea35350,Margaritaria discoidea,inflorescence_display,umbel_corymb,https://plantuse.plantnet.org/en/Margaritaria_discoidea_(PROTA),Margaritaria discoidea (PROTA),"Addo-Danso, A., 2012. Margaritaria discoidea (Baill.) G.L.Webster. In: Lemmens, R.H.M.J., Louppe, D. & Oteng-Amoako, A.A. (Editors). PROTA (Plant Resources of Tropical Africa / Ressources végétales de l’Afrique tropicale), Wageningen, Netherlands.",A,expert_botanical_monograph_species_description,plantuse.plantnet.org,en,"*Inflorescence an axillary fascicle, male inflorescence in axils of fallen leaves of the previous year, many-flowered, female one in axils of young leaves, (1–)2–3-flowered.",196de0e480c40e954c79f54d22dd2746f06131ae2464b920ebd9382f02a3214c,3d992926a3c48894a4d6b7dd01fa4021d3bc13fa70948b464315a1b3e918385a,accepted_name_exact,wild_or_species_level_monograph_not_cultivar_limited,accept,true,true,true,false,,"Accepted after exact species identity, source page or original-study statement, trait-specific ontology, lineage and content fingerprint review; mapping retained only for inflorescence_display.",Codex source-backed rule-unlock wave-2 audit,2026-08-12T09:35:00Z
e2056497bd55409e00a1184c,Margaritaria indica,floral_symmetry,actinomorphic,https://bfis.bforest.gov.bd/nef/index.php/data/dataSpecies/40,Forest Emission Factor Database - Margaritaria indica,"Bangladesh Forest Information System, Forest Emission Factor Database species record: Margaritaria indica",A,government_forest_database_species_record,bfis.bforest.gov.bd,en,Tree Species Details: Family Name: Euphorbiaceae; Genus: Margaritaria; Species: Margaritaria indica; floral symmetry: actinomorphic.,883edf9c686eff57607ad50daed8baa327e667517ca601032a9c2a2f32bff24c,ea3e61b0e65407f43c21676928c382305e228f952a8a704a0738140326574cc8,accepted_name_exact,wild_or_species_level_statement_not_cultivar_limited,accept,true,true,true,false,,"Accepted after exact species identity, source page or original-study statement, trait-specific ontology, lineage and content fingerprint review; mapping retained only for floral_symmetry.",Codex source-backed rule-unlock wave-2 audit,2026-08-12T09:35:00Z
ffc7fb986335735fbc015361,Melastoma affine,autonomous_selfing_capacity,absent,https://www.jstor.org/stable/2388870,The Breeding System and Pollinators of Melastoma affine (Melastomataceae); A Pioneer Shrub in Tropical Australia,"Gross, C. L. (1993), Biotropica 25(4):468-474, DOI 10.2307/2388870",A,peer_reviewed_primary_pollination_experiment,jstor.org,en,"Melastoma affine is self-compatible but does not produce fruit via autogamy or apomixis, i.e., pollen vectors are required for fruit set.",75d8219e6c392fbdd91155e0e0351c2f9c957881d84337f810801dd555267d22,160217a110ec1749840b2540bca4a6409c7b10a2ad70c48343f0cd341ad59d82,accepted_name_exact,wild_or_species_level_statement_not_cultivar_limited,accept,true,true,true,false,,"Accepted after exact species identity, source page or original-study statement, trait-specific ontology, lineage and content fingerprint review; mapping retained only for autonomous_selfing_capacity.",Codex source-backed rule-unlock wave-2 audit,2026-08-12T09:35:00Z
98933ca76156d33bbd68f6ff,Melastoma affine,self_incompatibility,SC,https://www.jstor.org/stable/2388870,The Breeding System and Pollinators of Melastoma affine (Melastomataceae); A Pioneer Shrub in Tropical Australia,"Gross, C. L. (1993), Biotropica 25(4):468-474, DOI 10.2307/2388870",A,peer_reviewed_primary_pollination_experiment,jstor.org,en,"Melastoma affine is self-compatible but does not produce fruit via autogamy or apomixis, i.e., pollen vectors are required for fruit set.",75d8219e6c392fbdd91155e0e0351c2f9c957881d84337f810801dd555267d22,160217a110ec1749840b2540bca4a6409c7b10a2ad70c48343f0cd341ad59d82,accepted_name_exact,wild_or_species_level_statement_not_cultivar_limited,accept,true,true,true,false,,"Accepted after exact species identity, source page or original-study statement, trait-specific ontology, lineage and content fingerprint review; mapping retained only for self_incompatibility.",Codex source-backed rule-unlock wave-2 audit,2026-08-12T09:35:00Z
9da34e5d26d8042399c4884e,Melastoma malabathricum,autonomous_selfing_capacity,absent,https://www.biodiversity-science.net/EN/10.3724/SP.J.1003.2009.08317,Division of labor of heteromorphic stamens in Melastoma malabathricum,"Lu, Wu, Wang, Li & Wang (2009), Biodiversity Science 17(2):174-181, DOI 10.3724/SP.J.1003.2009.08317",A,peer_reviewed_primary_controlled_pollination_experiment,biodiversity-science.net,zh+en,"Table 3: experimentally selfed flowers set fruit (yellow-anther pollen 66.67%; purple-anther pollen 78.23%), experimentally out-crossed flowers set fruit (75.56% and 73.68%), and 52 bagged flowers had 0% fruit set. The authors state that the manipulations demonstrate absence of self-pollination and agamospermy and a facultative-xenogamy system.",f848ecdb4a3c4d632bb438c64ae1cdd0daaefa59446d3c2fafc2fc569d3997d5,b5022cfcbd9f93521fa6cef4eb9bae7a958a1b06f81526a70867024f5d2a1d54,accepted_name_exact,wild_or_species_level_statement_not_cultivar_limited,accept,true,true,true,false,,"Accepted after exact species identity, source page or original-study statement, trait-specific ontology, lineage and content fingerprint review; mapping retained only for autonomous_selfing_capacity.",Codex source-backed rule-unlock wave-2 audit,2026-08-12T09:35:00Z
f626232442ff683aba777fe9,Melastoma malabathricum,floral_symmetry,actinomorphic,https://www.elrincondelbotanico.es/flora/melastomataceae/melastoma-malabathricum/,Melastoma malabathricum - El Rincón del Botánico,El Rincón del Botánico species account: Melastoma malabathricum L.,C,specialist_personal_botanical_species_description,elrincondelbotanico.es,es,"Melastoma malabathricum L. Las flores se agrupan en inflorescencias cimosas y presentan características hermafroditas, actinomorfas y pentámeras.",2d30a7f093ef323a80ee9c5a1eda3d4a61e937df9202ddb23467745f6fe4a074,23b96fbe9c5e4ff0fa5bba7e1f62c3cc657da58bbd5a015004973945cbf558cc,accepted_name_exact,wild_or_species_level_statement_not_cultivar_limited,accept,true,true,true,false,,"Accepted after exact species identity, source page or original-study statement, trait-specific ontology, lineage and content fingerprint review; mapping retained only for floral_symmetry.",Codex source-backed rule-unlock wave-2 audit,2026-08-12T09:35:00Z
a2a5074072b2b421a3ae9572,Melastoma malabathricum,self_incompatibility,SC,https://www.biodiversity-science.net/EN/10.3724/SP.J.1003.2009.08317,Division of labor of heteromorphic stamens in Melastoma malabathricum,"Lu, Wu, Wang, Li & Wang (2009), Biodiversity Science 17(2):174-181, DOI 10.3724/SP.J.1003.2009.08317",A,peer_reviewed_primary_controlled_pollination_experiment,biodiversity-science.net,zh+en,"Table 3: experimentally selfed flowers set fruit (yellow-anther pollen 66.67%; purple-anther pollen 78.23%), experimentally out-crossed flowers set fruit (75.56% and 73.68%), and 52 bagged flowers had 0% fruit set. The authors state that the manipulations demonstrate absence of self-pollination and agamospermy and a facultative-xenogamy system.",f848ecdb4a3c4d632bb438c64ae1cdd0daaefa59446d3c2fafc2fc569d3997d5,b5022cfcbd9f93521fa6cef4eb9bae7a958a1b06f81526a70867024f5d2a1d54,accepted_name_exact,wild_or_species_level_statement_not_cultivar_limited,accept,true,true,true,false,,"Accepted after exact species identity, source page or original-study statement, trait-specific ontology, lineage and content fingerprint review; mapping retained only for self_incompatibility.",Codex source-backed rule-unlock wave-2 audit,2026-08-12T09:35:00Z
0538c3fc8890a32a98c874f3,Melicope borbonica,flower_primary_color,white,https://plantuse.plantnet.org/en/Melicope_borbonica_(PROTA),Melicope borbonica (PROTA),"Matu, E.N., 2011. Melicope borbonica (Bory) T.G.Hartley. [Internet] Record from PROTA4U. Schmelzer, G.H. & Gurib-Fakim, A. (Editors). PROTA (Plant Resources of Tropical Africa / Ressources végétales de l’Afrique tropicale), Wageningen, Netherlands.",A,expert_botanical_monograph_species_description,plantuse.plantnet.org,en,"petals white, glabrous or with finely appressed hairs outside",bcb7f9d2235ddc428ac482678cf1f7cf2a99c1d98fd5646d1cb7a7f55bd27329,3718c87a29c05041ee6c0b1f4101e2cf433718de0d9db5862f8ef4105d15b3c7,accepted_name_exact,wild_or_species_level_monograph_not_cultivar_limited,accept,true,true,true,false,,"Accepted after exact species identity, source page or original-study statement, trait-specific ontology, lineage and content fingerprint review; mapping retained only for flower_primary_color.",Codex source-backed rule-unlock wave-2 audit,2026-08-12T09:35:00Z
c50206ffe365c9f299f6b531,Melicope fatraina,flower_primary_color,green_brown_inconspicuous,https://plantuse.plantnet.org/en/Melicope_fatraina_(PROTA),Melicope fatraina (PROTA),"Matu, E.N., 2011. Melicope fatraina (H.Perrier) T.G.Hartley. In: Schmelzer, G.H. & Gurib-Fakim, A. (Editors). PROTA (Plant Resources of Tropical Africa / Ressources végétales de l’Afrique tropicale), Wageningen, Netherlands.",A,expert_botanical_monograph_species_description,plantuse.plantnet.org,en,"petals oblong, 4–4.5 mm × 1.5–2 mm, brownish",fd4a332ca681f87abdde20214c5537251cf89ba5ab3aac2acdc47b6719cf8b72,626581f88112a48ad05bf9f8d0458c9babd80c065191fbca6c809a63416856e6,accepted_name_exact,wild_or_species_level_monograph_not_cultivar_limited,accept,true,true,true,false,,"Accepted after exact species identity, source page or original-study statement, trait-specific ontology, lineage and content fingerprint review; mapping retained only for flower_primary_color.",Codex source-backed rule-unlock wave-2 audit,2026-08-12T09:35:00Z
8cef4de6db1a1c11528df5ce,Melodinus monogynus,flower_primary_color,white,https://indiaflora-ces.iisc.ac.in/herbsheet.php?id=14253&cat=13,India Flora Online - Melodinus monogynus,"Sankara Rao, K. and Deepak Kumar (2026). India Flora Online, species treatment: Melodinus monogynus.",A,university_herbarium_regional_flora_species_treatment,indiaflora-ces.iisc.ac.in,en,"Key identification features: Large, woody climbers; Leaves oblong-elliptic or oblong-Ianceolate, acuminate, cuneate or rotundate at base, glabrous, shining above; Inflorescence paniculate cyme; Flowers white, fragrant; Fruits globose, orange.",fb6ffae8a9d753498cd41070fb70c27a17df248a457f6c3ab5d28120e4248adf,645b9a12be596a4e8714b3be5ea67e6dc197d450feb24622a983984973254238,accepted_name_exact,wild_or_species_level_statement_not_cultivar_limited,accept,true,true,true,false,,"Accepted after exact species identity, source page or original-study statement, trait-specific ontology, lineage and content fingerprint review; mapping retained only for flower_primary_color.",Codex source-backed rule-unlock wave-2 audit,2026-08-12T09:35:00Z
8057227543fd311a3dbead5d,Memecylon wightii,flower_primary_color,blue_purple,https://indiaflora-ces.iisc.ac.in/herbsheet.php?id=7770&cat=13,India Flora Online - Memecylon wightii,"Sankara Rao, K. and Deepak Kumar (2026). India Flora Online, species treatment: Memecylon wightii.",A,university_herbarium_regional_flora_species_treatment,indiaflora-ces.iisc.ac.in,en,"Key identification features: Branchlets sharply quadrangular or narrow winged; Leaves cordate at base, petiole very short; Flowers blue, in globose clusters on the older parts of the stem.",c1fe332495e293d121be761463ab3b3776a9060ac6f9a2c9eb8cdb98eb4cf7c0,609f67264bb27df358c1c849e8fbb6d90ae10e9b56828fc5d35ca5f08a4d56d6,accepted_name_exact,wild_or_species_level_statement_not_cultivar_limited,accept,true,true,true,false,,"Accepted after exact species identity, source page or original-study statement, trait-specific ontology, lineage and content fingerprint review; mapping retained only for flower_primary_color.",Codex source-backed rule-unlock wave-2 audit,2026-08-12T09:35:00Z
67a29c33a2f94dfdf7303826,Mendoravia dumaziana,flower_primary_color,yellow_orange,https://plantuse.plantnet.org/en/Mendoravia_dumaziana_(PROTA),Mendoravia dumaziana (PROTA),"Lemmens, R.H.M.J., 2010. Mendoravia dumaziana Capuron. In: Lemmens, R.H.M.J., Louppe, D. & Oteng-Amoako, A.A. (Editors). PROTA (Plant Resources of Tropical Africa / Ressources végétales de l’Afrique tropicale), Wageningen, Netherlands.",A,expert_botanical_monograph_species_description,plantuse.plantnet.org,en,"petals free, elliptical, 1–1.5 cm long, glabrous, yellow",6215dffef5230a68d0bc464f5ab1405227fa0c30496fd42c4d256c197c6eb8d3,bfa5d7365c1421efce06a58687460cfa23190af9bbd4e9a57d39db9848f40a6a,accepted_name_exact,wild_or_species_level_monograph_not_cultivar_limited,accept,true,true,true,false,,"Accepted after exact species identity, source page or original-study statement, trait-specific ontology, lineage and content fingerprint review; mapping retained only for flower_primary_color.",Codex source-backed rule-unlock wave-2 audit,2026-08-12T09:35:00Z
3baba8c9dd2836950b1b87a0,Microcos calophylla,flower_primary_color,white,https://indiaflora-ces.iisc.ac.in/herbsheet.php?id=5505&cat=13,India Flora Online - Grewia calophylla,"Sankara Rao, K. and Deepak Kumar (2026). India Flora Online, species treatment: Grewia calophylla.",A,university_herbarium_regional_flora_species_treatment,indiaflora-ces.iisc.ac.in,en,"Key identification features: Flowers's cream-colored, with a pungent smell and arranged in terminal few-flowered panicles; stamens deep-yellow.",10ec07d72cebf6dfb31e0b1499c5ddf0594eb5f00ef280e40c3520262112a8f9,14e74a66c4f79a0a64342e9a51fd8e85738493d1367c81ae9894563ad4ab851f,exact_synonym,wild_or_species_level_statement_not_cultivar_limited,accept,true,true,true,false,,"Accepted after exact species identity, source page or original-study statement, trait-specific ontology, lineage and content fingerprint review; mapping retained only for flower_primary_color.",Codex source-backed rule-unlock wave-2 audit,2026-08-12T09:35:00Z
b0fa3f7cd45388df93cb732e,Microdesmis keayana,floral_symmetry,actinomorphic,https://plantuse.plantnet.org/en/Microdesmis_keayana_(PROTA),Microdesmis keayana (PROTA),"Alvarez Cruz, N.S., 2008. Microdesmis keayana J.Léonard. In: Schmelzer, G.H. & Gurib-Fakim, A. (Editors). PROTA (Plant Resources of Tropical Africa / Ressources végétales de l’Afrique tropicale), Wageningen, Netherlands.",A,expert_botanical_monograph_species_description,plantuse.plantnet.org,en,"Flowers unisexual, 5-merous, regular",405becfb539c2159eeff96417586f9042afd2e3c3aa60d289f3dabd8d145df2b,d127abc1bb78361daa60db31d28bea0598566a6a988546f57c5a7d4ade151186,accepted_name_exact,wild_or_species_level_monograph_not_cultivar_limited,accept,true,true,true,false,,"Accepted after exact species identity, source page or original-study statement, trait-specific ontology, lineage and content fingerprint review; mapping retained only for floral_symmetry.",Codex source-backed rule-unlock wave-2 audit,2026-08-12T09:35:00Z
0d127e026d5a635a27d12442,Microdesmis keayana,inflorescence_display,umbel_corymb,https://plantuse.plantnet.org/en/Microdesmis_keayana_(PROTA),Microdesmis keayana (PROTA),"Alvarez Cruz, N.S., 2008. Microdesmis keayana J.Léonard. In: Schmelzer, G.H. & Gurib-Fakim, A. (Editors). PROTA (Plant Resources of Tropical Africa / Ressources végétales de l’Afrique tropicale), Wageningen, Netherlands.",A,expert_botanical_monograph_species_description,plantuse.plantnet.org,en,"Inflorescence an axillary fascicle, male fascicle 5–many-flowered, female fascicle 1–3(–5)-flowered",27d552e7407a61346bc7a82901abb2adf2adb044cd8cfe0fb2525bed9d15af30,460d07f0555ac142e5e0b825dbed4830001b58250cb432df98f3031ef674544b,accepted_name_exact,wild_or_species_level_monograph_not_cultivar_limited,accept,true,true,true,false,,"Accepted after exact species identity, source page or original-study statement, trait-specific ontology, lineage and content fingerprint review; mapping retained only for inflorescence_display.",Codex source-backed rule-unlock wave-2 audit,2026-08-12T09:35:00Z
35e03cb86ddd4bbf8169f18a,Microdesmis puberula,floral_symmetry,actinomorphic,https://plantuse.plantnet.org/en/Microdesmis_puberula_(PROTA),Microdesmis puberula (PROTA),"Dounias, E., 2008. Microdesmis puberula Hook.f. ex Planch. In: Schmelzer, G.H. & Gurib-Fakim, A. (Editors). PROTA (Plant Resources of Tropical Africa / Ressources végétales de l’Afrique tropicale), Wageningen, Netherlands.",A,expert_botanical_monograph_species_description,plantuse.plantnet.org,en,"Flowers unisexual, 5-merous, regular",405becfb539c2159eeff96417586f9042afd2e3c3aa60d289f3dabd8d145df2b,b728f8e225f5da7dbad988701fbe92271f31467a0db9dbf6e438e2788ae43d73,accepted_name_exact,wild_or_species_level_monograph_not_cultivar_limited,accept,true,true,true,false,,"Accepted after exact species identity, source page or original-study statement, trait-specific ontology, lineage and content fingerprint review; mapping retained only for floral_symmetry.",Codex source-backed rule-unlock wave-2 audit,2026-08-12T09:35:00Z
2e3617b41eb23028262e1c81,Microdesmis puberula,inflorescence_display,umbel_corymb,https://plantuse.plantnet.org/en/Microdesmis_puberula_(PROTA),Microdesmis puberula (PROTA),"Dounias, E., 2008. Microdesmis puberula Hook.f. ex Planch. In: Schmelzer, G.H. & Gurib-Fakim, A. (Editors). PROTA (Plant Resources of Tropical Africa / Ressources végétales de l’Afrique tropicale), Wageningen, Netherlands.",A,expert_botanical_monograph_species_description,plantuse.plantnet.org,en,"Inflorescence an axillary fascicle, male fascicle 5–many-flowered, female fascicle 1–3(–5)-flowered",27d552e7407a61346bc7a82901abb2adf2adb044cd8cfe0fb2525bed9d15af30,696dc7f47a2dfc0ca335fff6912979cf0a5740be4b8a1f599c705a203216302a,accepted_name_exact,wild_or_species_level_monograph_not_cultivar_limited,accept,true,true,true,false,,"Accepted after exact species identity, source page or original-study statement, trait-specific ontology, lineage and content fingerprint review; mapping retained only for inflorescence_display.",Codex source-backed rule-unlock wave-2 audit,2026-08-12T09:35:00Z
4d7a129315d1354fd0f3c1a0,Microstachys chamaelea,flower_primary_color,yellow_orange|green_brown_inconspicuous,https://plantuse.plantnet.org/en/Microstachys_chamaelea_(PROTA),Microstachys chamaelea (PROTA),"Schmelzer, G.H., 2007. Microstachys chamaelea (L.) Müll.Arg. In: Schmelzer, G.H. & Gurib-Fakim, A. (Editors). PROTA (Plant Resources of Tropical Africa / Ressources végétales de l’Afrique tropicale), Wageningen, Netherlands.",A,expert_botanical_monograph_species_description,plantuse.plantnet.org,en,"Flowers unisexual, regular, sessile, sepals 3, ovate, greenish yellow, petals absent, disk absent",8fe69c8f5a665606ae943d476e5cadc73beedf9a34ba9efa9e2685c432b5553e,b0d915052365f50e48937a58c0622f263da87f1c499e9ac36d30d59c49765884,accepted_name_exact,wild_or_species_level_monograph_not_cultivar_limited,accept,true,true,true,false,,"Accepted after exact species identity, source page or original-study statement, trait-specific ontology, lineage and content fingerprint review; mapping retained only for flower_primary_color.",Codex source-backed rule-unlock wave-2 audit,2026-08-12T09:35:00Z
614267ea3959231109cfd97c,Milicia excelsa,flower_primary_color,white|green_brown_inconspicuous,https://plantuse.plantnet.org/en/Milicia_excelsa_(PROTA),Milicia excelsa (PROTA),"Ofori, D.A., 2007. Milicia excelsa (Welw.) C.C.Berg. In: Louppe, D., Oteng-Amoako, A.A. & Brink, M. (Editors). PROTA (Plant Resources of Tropical Africa / Ressources végétales de l’Afrique tropicale), Wageningen, Netherlands.",A,expert_botanical_monograph_species_description,plantuse.plantnet.org,en,"*Inflorescence a catkin, usually solitary in leaf axils or on leafless nodes at the base of twigs, white hairy, flowers numerous in longitudinal rows alternating with rows of bracts ; 1.5 mm long, white, tepals 4, basally fused, stamens 4 and inflexed in bud, rudimentary pistil present ; female flowers 2–3 mm long, with 4 basally fused tepals, greenish, ovary superior, c.",6d50afacb5d7133354708b0eeeafabf1607930e9e3603535a70f7d3620325be9,109ec8afa59e613d0e880b011101716cd9180e2e3b216f703ea13de8cd5f6605,accepted_name_exact,wild_or_species_level_monograph_not_cultivar_limited,accept,true,true,true,false,,"Accepted after exact species identity, source page or original-study statement, trait-specific ontology, lineage and content fingerprint review; mapping retained only for flower_primary_color.",Codex source-backed rule-unlock wave-2 audit,2026-08-12T09:35:00Z
051dd5a30c3b3e7539b54b16,Milicia regia,inflorescence_display,raceme_spike_panicle|solitary,https://plantuse.plantnet.org/en/Milicia_regia_(PROTA),Milicia regia (PROTA),"Ofori, D.A., 2007. Milicia regia (A.Chev.) C.C.Berg. In: Louppe, D., Oteng-Amoako, A.A. & Brink, M. (Editors). PROTA (Plant Resources of Tropical Africa / Ressources végétales de l’Afrique tropicale), Wageningen, Netherlands.",A,expert_botanical_monograph_species_description,plantuse.plantnet.org,en,"*Inflorescence a catkin, usually solitary in leaf axils or on leafless nodes at the base of twigs, white hairy, flowers numerous in longitudinal rows alternating with rows of bracts",abc45f593f0ab6a90fd6acb3273cbf50ed8959f3215f5005ec402ab673cf2459,94fbc18082294f7c0e5b940ffcb7bac2ae9bcdc79378a71b629467b9add86f12,accepted_name_exact,wild_or_species_level_monograph_not_cultivar_limited,accept,true,true,true,false,,"Accepted after exact species identity, source page or original-study statement, trait-specific ontology, lineage and content fingerprint review; mapping retained only for inflorescence_display.",Codex source-backed rule-unlock wave-2 audit,2026-08-12T09:35:00Z
bcdff9f86667e8f3848d3927,Miliusa roxburghiana,flower_primary_color,red_pink|white,https://indiaflora-ces.iisc.ac.in/herbsheet.php?id=7863&cat=13,India Flora Online - Miliusa roxburghiana,"Sankara Rao, K. and Deepak Kumar (2026). India Flora Online, species treatment: Miliusa roxburghiana.",A,university_herbarium_regional_flora_species_treatment,indiaflora-ces.iisc.ac.in,en,"Key identification features: Tree upto 10 m high; Leaves ovate-lanceolate or oblong-lanceolate; Flowers in axillary cymes, white or reddish; Ripe carpels globose, black.",4d7a8b8df2ceda7728e3f5088d500f13b365fb42e4f64d62fc69a54df5b29cff,a8787b800474645cf5fff1ee9495c57157889204fabc35e30e3fe2df97143f5a,accepted_name_exact,wild_or_species_level_statement_not_cultivar_limited,accept,true,true,true,false,,"Accepted after exact species identity, source page or original-study statement, trait-specific ontology, lineage and content fingerprint review; mapping retained only for flower_primary_color.",Codex source-backed rule-unlock wave-2 audit,2026-08-12T09:35:00Z
5fe7da9d4459d88bdadcc4b1,Millettia richardiana,flower_primary_color,blue_purple|yellow_orange|green_brown_inconspicuous,https://plantuse.plantnet.org/en/Millettia_richardiana_(PROTA),Millettia richardiana (PROTA),"Lemmens, R.H.M.J., 2008. Millettia richardiana (Baill.) Du Puy & Labat. In: Louppe, D., Oteng-Amoako, A.A. & Brink, M. (Editors). PROTA (Plant Resources of Tropical Africa / Ressources végétales de l’Afrique tropicale), Wageningen, Netherlands.",A,expert_botanical_monograph_species_description,plantuse.plantnet.org,en,"corolla pale purple, standard orbicular, 12–16 mm in diameter, with greenish yellow spot at base, slightly hairy, wings and keel slightly shorter",3b76025c194b5362c9131accc3e13711886e6b7069b8526311c7da4e2de06a09,fc28cc02bcea1cb8801312ce9c98174209dcfbc96b383c20ed7940553ce31e21,accepted_name_exact,wild_or_species_level_monograph_not_cultivar_limited,accept,true,true,true,false,,"Accepted after exact species identity, source page or original-study statement, trait-specific ontology, lineage and content fingerprint review; mapping retained only for flower_primary_color.",Codex source-backed rule-unlock wave-2 audit,2026-08-12T09:35:00Z
0e2882657bfbbc4d1cd717aa,Mimusops andongensis,floral_symmetry,actinomorphic,https://plantuse.plantnet.org/en/Mimusops_andongensis_(PROTA),Mimusops andongensis (PROTA),"Lemmens, R.H.M.J., 2005. Mimusops andongensis Hiern. In: Louppe, D., Oteng-Amoako, A.A. & Brink, M. (Editors). PROTA (Plant Resources of Tropical Africa / Ressources végétales de l’Afrique tropicale), Wageningen, Netherlands.",A,expert_botanical_monograph_species_description,plantuse.plantnet.org,en,"*Flowers in fascicles in the leaf axils, bisexual, regular",b02c0fd28f3df52a80c39de0cb3a5cb92b6587a33cc7e8204835ab2939d57288,c0d29943c137be9b19c30cfce8f2e4c5b5a907fdb8a34de4969c0b89a5b390b8,accepted_name_exact,wild_or_species_level_monograph_not_cultivar_limited,accept,true,true,true,false,,"Accepted after exact species identity, source page or original-study statement, trait-specific ontology, lineage and content fingerprint review; mapping retained only for floral_symmetry.",Codex source-backed rule-unlock wave-2 audit,2026-08-12T09:35:00Z
55c3fc1fbfb2e6ff68e54c2d,Mimusops andongensis,flower_primary_color,white,https://plantuse.plantnet.org/en/Mimusops_andongensis_(PROTA),Mimusops andongensis (PROTA),"Lemmens, R.H.M.J., 2005. Mimusops andongensis Hiern. In: Louppe, D., Oteng-Amoako, A.A. & Brink, M. (Editors). PROTA (Plant Resources of Tropical Africa / Ressources végétales de l’Afrique tropicale), Wageningen, Netherlands.",A,expert_botanical_monograph_species_description,plantuse.plantnet.org,en,"corolla whitish, with a short tube and 8 lobes each with 2 appendages, c.",d5bb7f02552f743811fae0f842d5b343538edfcb9fff17d1bb7d199f4c09a26b,8d415816085de991278164515fa5aea8909a48006ad70fe4d75cf35439d211b9,accepted_name_exact,wild_or_species_level_monograph_not_cultivar_limited,accept,true,true,true,false,,"Accepted after exact species identity, source page or original-study statement, trait-specific ontology, lineage and content fingerprint review; mapping retained only for flower_primary_color.",Codex source-backed rule-unlock wave-2 audit,2026-08-12T09:35:00Z
9f170bc111f8a325c2a786dd,Mimusops andongensis,inflorescence_display,umbel_corymb,https://plantuse.plantnet.org/en/Mimusops_andongensis_(PROTA),Mimusops andongensis (PROTA),"Lemmens, R.H.M.J., 2005. Mimusops andongensis Hiern. In: Louppe, D., Oteng-Amoako, A.A. & Brink, M. (Editors). PROTA (Plant Resources of Tropical Africa / Ressources végétales de l’Afrique tropicale), Wageningen, Netherlands.",A,expert_botanical_monograph_species_description,plantuse.plantnet.org,en,"*Flowers in fascicles in the leaf axils, bisexual, regular",b02c0fd28f3df52a80c39de0cb3a5cb92b6587a33cc7e8204835ab2939d57288,c0d29943c137be9b19c30cfce8f2e4c5b5a907fdb8a34de4969c0b89a5b390b8,accepted_name_exact,wild_or_species_level_monograph_not_cultivar_limited,accept,true,true,true,false,,"Accepted after exact species identity, source page or original-study statement, trait-specific ontology, lineage and content fingerprint review; mapping retained only for inflorescence_display.",Codex source-backed rule-unlock wave-2 audit,2026-08-12T09:35:00Z
ac757dc8162fe471e6450af1,Mimusops caffra,floral_symmetry,actinomorphic,https://plantuse.plantnet.org/en/Mimusops_caffra_(PROTA),Mimusops caffra (PROTA),"Lemmens, R.H.M.J., 2005. Mimusops caffra E.Mey. ex A.DC. In: Louppe, D., Oteng-Amoako, A.A. & Brink, M. (Editors). PROTA (Plant Resources of Tropical Africa / Ressources végétales de l’Afrique tropicale), Wageningen, Netherlands.",A,expert_botanical_monograph_species_description,plantuse.plantnet.org,en,"*Flowers in fascicles of up to 8 in the leaf axils, bisexual, regular",3a5026ce7837a808440140c17330a61bd10567ff9ff18079d0b4ecfcf18e9ea2,e84938af7bef050afab9d0947eaa2c8d10b41cc0a2add434ca2133d9f2b952f4,accepted_name_exact,wild_or_species_level_monograph_not_cultivar_limited,accept,true,true,true,false,,"Accepted after exact species identity, source page or original-study statement, trait-specific ontology, lineage and content fingerprint review; mapping retained only for floral_symmetry.",Codex source-backed rule-unlock wave-2 audit,2026-08-12T09:35:00Z
ce8563c2dce7966d1a812f4d,Mimusops caffra,inflorescence_display,umbel_corymb,https://plantuse.plantnet.org/en/Mimusops_caffra_(PROTA),Mimusops caffra (PROTA),"Lemmens, R.H.M.J., 2005. Mimusops caffra E.Mey. ex A.DC. In: Louppe, D., Oteng-Amoako, A.A. & Brink, M. (Editors). PROTA (Plant Resources of Tropical Africa / Ressources végétales de l’Afrique tropicale), Wageningen, Netherlands.",A,expert_botanical_monograph_species_description,plantuse.plantnet.org,en,"*Flowers in fascicles of up to 8 in the leaf axils, bisexual, regular",3a5026ce7837a808440140c17330a61bd10567ff9ff18079d0b4ecfcf18e9ea2,e84938af7bef050afab9d0947eaa2c8d10b41cc0a2add434ca2133d9f2b952f4,accepted_name_exact,wild_or_species_level_monograph_not_cultivar_limited,accept,true,true,true,false,,"Accepted after exact species identity, source page or original-study statement, trait-specific ontology, lineage and content fingerprint review; mapping retained only for inflorescence_display.",Codex source-backed rule-unlock wave-2 audit,2026-08-12T09:35:00Z
d569a5fcc93b83862515d76b,Mimusops zeyheri,floral_symmetry,actinomorphic,https://plantuse.plantnet.org/en/Mimusops_zeyheri_(PROTA),Mimusops zeyheri (PROTA),"Lemmens, R.H.M.J., 2005. Mimusops zeyheri Sond. In: Louppe, D., Oteng-Amoako, A.A. & Brink, M. (Editors). PROTA (Plant Resources of Tropical Africa / Ressources végétales de l’Afrique tropicale), Wageningen, Netherlands.",A,expert_botanical_monograph_species_description,plantuse.plantnet.org,en,"*Flowers in fascicles of up to 7 in the leaf axils, bisexual, regular",a7330631b82b3a4fd70585a3a46b9b657649a7e11e70d0d0653d61e89e7c0ed6,561510fe1cdbd73abef4893301ff40ad6a9323585f86f00f965259ecde620f7c,accepted_name_exact,wild_or_species_level_monograph_not_cultivar_limited,accept,true,true,true,false,,"Accepted after exact species identity, source page or original-study statement, trait-specific ontology, lineage and content fingerprint review; mapping retained only for floral_symmetry.",Codex source-backed rule-unlock wave-2 audit,2026-08-12T09:35:00Z
a59e43bfe90424c4503b418c,Mimusops zeyheri,inflorescence_display,umbel_corymb,https://plantuse.plantnet.org/en/Mimusops_zeyheri_(PROTA),Mimusops zeyheri (PROTA),"Lemmens, R.H.M.J., 2005. Mimusops zeyheri Sond. In: Louppe, D., Oteng-Amoako, A.A. & Brink, M. (Editors). PROTA (Plant Resources of Tropical Africa / Ressources végétales de l’Afrique tropicale), Wageningen, Netherlands.",A,expert_botanical_monograph_species_description,plantuse.plantnet.org,en,"*Flowers in fascicles of up to 7 in the leaf axils, bisexual, regular",a7330631b82b3a4fd70585a3a46b9b657649a7e11e70d0d0653d61e89e7c0ed6,561510fe1cdbd73abef4893301ff40ad6a9323585f86f00f965259ecde620f7c,accepted_name_exact,wild_or_species_level_monograph_not_cultivar_limited,accept,true,true,true,false,,"Accepted after exact species identity, source page or original-study statement, trait-specific ontology, lineage and content fingerprint review; mapping retained only for inflorescence_display.",Codex source-backed rule-unlock wave-2 audit,2026-08-12T09:35:00Z
7cb950f14315b33caeb5cf5d,Mitragyna stipulosa,flower_primary_color,white|yellow_orange,https://plantuse.plantnet.org/en/Mitragyna_stipulosa_(PROTA),Mitragyna stipulosa (PROTA),"Nyemb, Nyunaï, 2011. Mitragyna stipulosa (DC.) Kuntze. In: Lemmens, R.H.M.J., Louppe, D. & Oteng-Amoako, A.A. (Editors). PROTA (Plant Resources of Tropical Africa / Ressources végétales de l’Afrique tropicale), Wageningen, Netherlands.",A,expert_botanical_monograph_species_description,plantuse.plantnet.org,en,"corolla white to yellowish, tube 1–3 mm long, lobes ovate-triangular, 2–2.5 mm long, hairy outside",6ddb450b5bae08d139a9fa61be889e26adc2507538308f6c5e89f04372785e62,88558f00524b0399f3e543762d81258436741f2b22c28540ecd1cafca095542f,accepted_name_exact,wild_or_species_level_monograph_not_cultivar_limited,accept,true,true,true,false,,"Accepted after exact species identity, source page or original-study statement, trait-specific ontology, lineage and content fingerprint review; mapping retained only for flower_primary_color.",Codex source-backed rule-unlock wave-2 audit,2026-08-12T09:35:00Z
d9dce1d70b622e0b2dbe4d1b,Molinaea tolambitou,floral_symmetry,actinomorphic,https://plantuse.plantnet.org/en/Molinaea_tolambitou_(PROTA),Molinaea tolambitou (PROTA),"Bosch, C.H., 2011. Molinaea tolambitou (Cambess.) Radlk. In: Lemmens, R.H.M.J., Louppe, D. & Oteng-Amoako, A.A. (Editors). PROTA (Plant Resources of Tropical Africa / Ressources végétales de l’Afrique tropicale), Wageningen, Netherlands.",A,expert_botanical_monograph_species_description,plantuse.plantnet.org,en,"*Flowers unisexual, regular, 5–6 mm in diameter",19025be7c8a486eed4ce0aeeb60cd3d1edaa195f42906bafb018303fe1b5701f,a88356525cf8275d9f2138caff73cc2f9a5e701dc98cb2018d3ad079c5fcc158,accepted_name_exact,wild_or_species_level_monograph_not_cultivar_limited,accept,true,true,true,false,,"Accepted after exact species identity, source page or original-study statement, trait-specific ontology, lineage and content fingerprint review; mapping retained only for floral_symmetry.",Codex source-backed rule-unlock wave-2 audit,2026-08-12T09:35:00Z
65641f711e565baa9cc25d46,Molinaea tolambitou,inflorescence_display,raceme_spike_panicle,https://plantuse.plantnet.org/en/Molinaea_tolambitou_(PROTA),Molinaea tolambitou (PROTA),"Bosch, C.H., 2011. Molinaea tolambitou (Cambess.) Radlk. In: Lemmens, R.H.M.J., Louppe, D. & Oteng-Amoako, A.A. (Editors). PROTA (Plant Resources of Tropical Africa / Ressources végétales de l’Afrique tropicale), Wageningen, Netherlands.",A,expert_botanical_monograph_species_description,plantuse.plantnet.org,en,"*Inflorescence an axillary, slender panicle up to 16 cm long, branches angular, with lenticels.",c62f897a586bc72dda20b593b24e596f6531999cb6f0e2947da575ac8e1eabc2,3b8caa752693bfa1f73933ba92a15873b1912d0b8a674ca695db36b72034c366,accepted_name_exact,wild_or_species_level_monograph_not_cultivar_limited,accept,true,true,true,false,,"Accepted after exact species identity, source page or original-study statement, trait-specific ontology, lineage and content fingerprint review; mapping retained only for inflorescence_display.",Codex source-backed rule-unlock wave-2 audit,2026-08-12T09:35:00Z
fd4b1bb7fd02d256bca73cd4,Monimia rotundifolia,floral_symmetry,actinomorphic,https://plantuse.plantnet.org/en/Monimia_rotundifolia_(PROTA),Monimia rotundifolia (PROTA),"Bosch, C.H., 2012. Monimia rotundifolia Thouars. In: Lemmens, R.H.M.J., Louppe, D. & Oteng-Amoako, A.A. (Editors). PROTA (Plant Resources of Tropical Africa / Ressources végétales de l’Afrique tropicale), Wageningen, Netherlands.",A,expert_botanical_monograph_species_description,plantuse.plantnet.org,en,"*Flowers unisexual, regular",628ea34ccc457980cd8cf905664a72169a1f3d691e7e0eab3b1d39f9584e6433,e91f6ea3d68ee345ec5aad76438b4f31add8d8f4efcba038dcbcbf952c0c5a86,accepted_name_exact,wild_or_species_level_monograph_not_cultivar_limited,accept,true,true,true,false,,"Accepted after exact species identity, source page or original-study statement, trait-specific ontology, lineage and content fingerprint review; mapping retained only for floral_symmetry.",Codex source-backed rule-unlock wave-2 audit,2026-08-12T09:35:00Z
14034807a496e7b540f56b70,Monimia rotundifolia,inflorescence_display,raceme_spike_panicle,https://plantuse.plantnet.org/en/Monimia_rotundifolia_(PROTA),Monimia rotundifolia (PROTA),"Bosch, C.H., 2012. Monimia rotundifolia Thouars. In: Lemmens, R.H.M.J., Louppe, D. & Oteng-Amoako, A.A. (Editors). PROTA (Plant Resources of Tropical Africa / Ressources végétales de l’Afrique tropicale), Wageningen, Netherlands.",A,expert_botanical_monograph_species_description,plantuse.plantnet.org,en,"*Inflorescence a dense to lax panicle up to 13 cm long on leafless branches or in leaf axils, up to 75-flowered.",9731d610f79b4a2ab2be583e777be9ccadcf81d7962f33b015b177287659a7d7,7b63f392b6fa4de39bbd33e52006e83a45e5c6cfe3b487fe1657a7b778129d86,accepted_name_exact,wild_or_species_level_monograph_not_cultivar_limited,accept,true,true,true,false,,"Accepted after exact species identity, source page or original-study statement, trait-specific ontology, lineage and content fingerprint review; mapping retained only for inflorescence_display.",Codex source-backed rule-unlock wave-2 audit,2026-08-12T09:35:00Z
4736543a793538bfcfd86713,Morella esculenta,flower_primary_color,green_brown_inconspicuous|yellow_orange,https://indiaflora-ces.iisc.ac.in/herbsheet.php?id=8057&cat=13,India Flora Online - Myrica esculenta,"Sankara Rao, K. and Deepak Kumar (2026). India Flora Online, species treatment: Myrica esculenta.",A,university_herbarium_regional_flora_species_treatment,indiaflora-ces.iisc.ac.in,en,"Key identification features: Small trees, 5-15 m high; Leaves terminally crowded, oblanceolate-elliptic, glabrous, pale to rust coloured beneath; Flowers in panicles, minute, unisexual, greenish yellow; Fruits ovoid-oblong, tubercled, green to red.",448b929c6f19f2da5a6c8d957ff5ba9940890d1508dd4b52d3983c2facb8359d,f7489052aa0c070c7b119d340676e781fd628f5e017f288d737dbb0a520ed6ce,exact_synonym,wild_or_species_level_statement_not_cultivar_limited,accept,true,true,true,false,,"Accepted after exact species identity, source page or original-study statement, trait-specific ontology, lineage and content fingerprint review; mapping retained only for flower_primary_color.",Codex source-backed rule-unlock wave-2 audit,2026-08-12T09:35:00Z
dc5784253a590c9f932a99fc,Moringa drouhardii,floral_symmetry,actinomorphic,https://plantuse.plantnet.org/en/Moringa_drouhardii_(PROTA),Moringa drouhardii (PROTA),"Munyanziza, E., 2007. Moringa drouhardii Jum. [Internet] Record from PROTA4U. van der Vossen, H.A.M. & Mkamilo, G.S. (Editors). PROTA (Plant Resources of Tropical Africa / Ressources végétales de l’Afrique tropicale), Wageningen, Netherlands.",A,expert_botanical_monograph_species_description,plantuse.plantnet.org,en,"Flowers bisexual, regular, 5-merous, yellowish white",62c2ee1827cb1e11f0e3a36536ecbd9f3f6bd78f64e279c036612d4a02c515e9,084748249caaca5fce075682f661ac98cc20c6b027bc47b27ae043f96ac6f142,accepted_name_exact,wild_or_species_level_monograph_not_cultivar_limited,accept,true,true,true,false,,"Accepted after exact species identity, source page or original-study statement, trait-specific ontology, lineage and content fingerprint review; mapping retained only for floral_symmetry.",Codex source-backed rule-unlock wave-2 audit,2026-08-12T09:35:00Z
0d9936353927bc8576665f4a,Moringa drouhardii,flower_primary_color,white|yellow_orange,https://plantuse.plantnet.org/en/Moringa_drouhardii_(PROTA),Moringa drouhardii (PROTA),"Munyanziza, E., 2007. Moringa drouhardii Jum. [Internet] Record from PROTA4U. van der Vossen, H.A.M. & Mkamilo, G.S. (Editors). PROTA (Plant Resources of Tropical Africa / Ressources végétales de l’Afrique tropicale), Wageningen, Netherlands.",A,expert_botanical_monograph_species_description,plantuse.plantnet.org,en,"Flowers bisexual, regular, 5-merous, yellowish white",62c2ee1827cb1e11f0e3a36536ecbd9f3f6bd78f64e279c036612d4a02c515e9,084748249caaca5fce075682f661ac98cc20c6b027bc47b27ae043f96ac6f142,accepted_name_exact,wild_or_species_level_monograph_not_cultivar_limited,accept,true,true,true,false,,"Accepted after exact species identity, source page or original-study statement, trait-specific ontology, lineage and content fingerprint review; mapping retained only for flower_primary_color.",Codex source-backed rule-unlock wave-2 audit,2026-08-12T09:35:00Z
bdba321a808cbecaee3e62f1,Moringa drouhardii,inflorescence_display,raceme_spike_panicle,https://plantuse.plantnet.org/en/Moringa_drouhardii_(PROTA),Moringa drouhardii (PROTA),"Munyanziza, E., 2007. Moringa drouhardii Jum. [Internet] Record from PROTA4U. van der Vossen, H.A.M. & Mkamilo, G.S. (Editors). PROTA (Plant Resources of Tropical Africa / Ressources végétales de l’Afrique tropicale), Wageningen, Netherlands.",A,expert_botanical_monograph_species_description,plantuse.plantnet.org,en,"Inflorescence an axillary, lax, many-flowered panicle up to 30 cm long.",14e4c0e8fa409fb366b245c81d6a248aac41bab42882f66a89ed2d8d5d949ac1,bfae81cb0afbe072cf372f1cfbfa519e0adffbe6c0877f06d07c9eb90229adf5,accepted_name_exact,wild_or_species_level_monograph_not_cultivar_limited,accept,true,true,true,false,,"Accepted after exact species identity, source page or original-study statement, trait-specific ontology, lineage and content fingerprint review; mapping retained only for inflorescence_display.",Codex source-backed rule-unlock wave-2 audit,2026-08-12T09:35:00Z
ba6ca1e300cd607de844a847,Moringa peregrina,floral_symmetry,zygomorphic,https://plantuse.plantnet.org/en/Moringa_peregrina_(PROTA),Moringa peregrina (PROTA),"Munyanziza, E. & Yongabi, K.A., 2007. Moringa peregrina (Forssk.) Fiori. [Internet] Record from PROTA4U. van der Vossen, H.A.M. & Mkamilo, G.S. (Editors). PROTA (Plant Resources of Tropical Africa / Ressources végétales de l’Afrique tropicale), Wageningen, Netherlands.",A,expert_botanical_monograph_species_description,plantuse.plantnet.org,en,"*Flowers bisexual, slightly zygomorphic, 5-merous, white with purple heart or pink-flushed, sometimes scented",0709bf2767fe51750405e2cce046a703b622067407b724b52fae0307b05340db,1346be5ccb0038ca59acd28fae740b3ae2f7cd93fe450139b8604a4686b6cc81,accepted_name_exact,wild_or_species_level_monograph_not_cultivar_limited,accept,true,true,true,false,,"Accepted after exact species identity, source page or original-study statement, trait-specific ontology, lineage and content fingerprint review; mapping retained only for floral_symmetry.",Codex source-backed rule-unlock wave-2 audit,2026-08-12T09:35:00Z
aa24bf4806f0848526833a98,Moringa peregrina,inflorescence_display,raceme_spike_panicle,https://plantuse.plantnet.org/en/Moringa_peregrina_(PROTA),Moringa peregrina (PROTA),"Munyanziza, E. & Yongabi, K.A., 2007. Moringa peregrina (Forssk.) Fiori. [Internet] Record from PROTA4U. van der Vossen, H.A.M. & Mkamilo, G.S. (Editors). PROTA (Plant Resources of Tropical Africa / Ressources végétales de l’Afrique tropicale), Wageningen, Netherlands.",A,expert_botanical_monograph_species_description,plantuse.plantnet.org,en,"*Inflorescence an axillary, lax, much-branched panicle 18–30 cm long.",d255dc8b78c3732d8d33057686b1d189b5a6cd8290dff57ef2142a09056548c5,e5f68d1f6fcebeb583c52d7822fec9bfc4178b5bf536304f3474eb100cbb70f7,accepted_name_exact,wild_or_species_level_monograph_not_cultivar_limited,accept,true,true,true,false,,"Accepted after exact species identity, source page or original-study statement, trait-specific ontology, lineage and content fingerprint review; mapping retained only for inflorescence_display.",Codex source-backed rule-unlock wave-2 audit,2026-08-12T09:35:00Z
0dd9c77b9c9d5256607a08c4,Mosiera yamaniguensis,flower_primary_color,white,https://www.bgbm.org/sites/default/files/documents/wi38-2Urquiola%2BAcosta.pdf,Five new species of Mosiera (Myrtaceae) from Cuba,"Urquiola Cruz, A. J. & Acosta Ramos, Z. (2008), Willdenowia 38:533-544, p. 543, DOI 10.3372/wi.38.38213",A,peer_reviewed_primary_taxonomic_species_description,bgbm.org,en+la,"Mosiera yamaniguensis Bisse ex Urquiola & Z. Acosta, sp. nov. Flowers on young branches, solitary, axillary, additional 2-4 flowers per internode extra-axillary. Petals white, 3 mm long and wide, with small glands and hairy margins.",6ffb1ddcd5e557eb8926c63d6bba05a854a3049c1e0184feccc4fe0edabab9cc,a4b57edbca4dc8253e86fc3ca3de31461b5ef675fafccabb569c4b699594d461,accepted_name_exact,wild_or_species_level_statement_not_cultivar_limited,accept,true,true,true,false,,"Accepted after exact species identity, source page or original-study statement, trait-specific ontology, lineage and content fingerprint review; mapping retained only for flower_primary_color.",Codex source-backed rule-unlock wave-2 audit,2026-08-12T09:35:00Z
ad88a55592bc43362e6463e2,Mosiera yamaniguensis,inflorescence_display,solitary,https://www.bgbm.org/sites/default/files/documents/wi38-2Urquiola%2BAcosta.pdf,Five new species of Mosiera (Myrtaceae) from Cuba,"Urquiola Cruz, A. J. & Acosta Ramos, Z. (2008), Willdenowia 38:533-544, p. 543, DOI 10.3372/wi.38.38213",A,peer_reviewed_primary_taxonomic_species_description,bgbm.org,en+la,"Mosiera yamaniguensis Bisse ex Urquiola & Z. Acosta, sp. nov. Flowers on young branches, solitary, axillary, additional 2-4 flowers per internode extra-axillary. Petals white, 3 mm long and wide, with small glands and hairy margins.",6ffb1ddcd5e557eb8926c63d6bba05a854a3049c1e0184feccc4fe0edabab9cc,a4b57edbca4dc8253e86fc3ca3de31461b5ef675fafccabb569c4b699594d461,accepted_name_exact,wild_or_species_level_statement_not_cultivar_limited,accept,true,true,true,false,,"Accepted after exact species identity, source page or original-study statement, trait-specific ontology, lineage and content fingerprint review; mapping retained only for inflorescence_display.",Codex source-backed rule-unlock wave-2 audit,2026-08-12T09:35:00Z
505fcb156a4c6ae29efacd9c,Mostuea brunonis,floral_form,funnel_trumpet,https://plantuse.plantnet.org/en/Mostuea_brunonis_(PROTA),Mostuea brunonis (PROTA),"de Ruijter, A., 2007. Mostuea brunonis Didr. In: Schmelzer, G.H. & Gurib-Fakim, A. (Editors). PROTA (Plant Resources of Tropical Africa / Ressources végétales de l’Afrique tropicale), Wageningen, Netherlands.",A,expert_botanical_monograph_species_description,plantuse.plantnet.org,en,"corolla white, lilac or pink, mostly with a yellow or orange base and throat, sometimes entirely yellow, orange or red, or red with yellow, tube funnel-shaped 5–13 mm long, glabrous outside, lobes 1–5 mm long",5827d856f591be58ed12e3ebfaede470dcf95513794e19bedb30c9b872e228c1,e7091fe8d0c9f0bcf46d242af3222a7fe9f9d7e18599694f2ed38f5845ce92c6,accepted_name_exact,wild_or_species_level_monograph_not_cultivar_limited,accept,true,true,true,false,,"Accepted after exact species identity, source page or original-study statement, trait-specific ontology, lineage and content fingerprint review; mapping retained only for floral_form.",Codex source-backed rule-unlock wave-2 audit,2026-08-12T09:35:00Z
f6409ed82c54facafd6e0c19,Mostuea brunonis,floral_symmetry,zygomorphic,https://plantuse.plantnet.org/en/Mostuea_brunonis_(PROTA),Mostuea brunonis (PROTA),"de Ruijter, A., 2007. Mostuea brunonis Didr. In: Schmelzer, G.H. & Gurib-Fakim, A. (Editors). PROTA (Plant Resources of Tropical Africa / Ressources végétales de l’Afrique tropicale), Wageningen, Netherlands.",A,expert_botanical_monograph_species_description,plantuse.plantnet.org,en,"Flowers bisexual, slightly zygomorphic, 5-merous, heterodistylous",faf689afdff24e9f04ea26c22a5b9423df8c4a0ee6e68efeb19ae04d4c2e9093,96c326e5aa52db3c264bac8af0dd137f8a48e509b199b930cf7598f21e210ed9,accepted_name_exact,wild_or_species_level_monograph_not_cultivar_limited,accept,true,true,true,false,,"Accepted after exact species identity, source page or original-study statement, trait-specific ontology, lineage and content fingerprint review; mapping retained only for floral_symmetry.",Codex source-backed rule-unlock wave-2 audit,2026-08-12T09:35:00Z
01a68bf3e309ba6c8b0b01b8,Mostuea brunonis,inflorescence_display,umbel_corymb,https://plantuse.plantnet.org/en/Mostuea_brunonis_(PROTA),Mostuea brunonis (PROTA),"de Ruijter, A., 2007. Mostuea brunonis Didr. In: Schmelzer, G.H. & Gurib-Fakim, A. (Editors). PROTA (Plant Resources of Tropical Africa / Ressources végétales de l’Afrique tropicale), Wageningen, Netherlands.",A,expert_botanical_monograph_species_description,plantuse.plantnet.org,en,"Inflorescence a lax to headlike axillary or terminal cyme, usually on a short lateral branch, 1–many-flowered, variously hairy.",35c0797b109781ac2b539a4cc3bde6f656a6fb4d22d1608749c4dc0b76866fc5,13efc40c1c576a78e0c2048ec3fe4ced63e47395a5a22eb97aa019f99ab97d06,accepted_name_exact,wild_or_species_level_monograph_not_cultivar_limited,accept,true,true,true,false,,"Accepted after exact species identity, source page or original-study statement, trait-specific ontology, lineage and content fingerprint review; mapping retained only for inflorescence_display.",Codex source-backed rule-unlock wave-2 audit,2026-08-12T09:35:00Z
b3466a4f720a04e732b98947,Mucuna flagellipes,flower_primary_color,white|green_brown_inconspicuous,https://plantuse.plantnet.org/en/Mucuna_flagellipes_(PROTA),Mucuna flagellipes (PROTA),"Jansen, P.C.M., 2005. Mucuna flagellipes Hook.f. In: Jansen, P.C.M. & Cardon, D. (Editors). PROTA (Plant Resources of Tropical Africa / Ressources végétales de l’Afrique tropicale), Wageningen, Netherlands.",A,expert_botanical_monograph_species_description,plantuse.plantnet.org,en,"corolla cream or greenish-white, standard rounded, up to 4 cm × 4 cm, with a median claw and a pair of inflexed lateral auricles at base, wings and keel up to 4.5 cm long, clawed and with a small auricle",27e6fe4f91bf6776669e51d5a819aaacf3a7b43824fe0c9f73748008369f4971,58fbe6c8a1e470d3d80f073303af893da2b2b1b08dc8786c0f662faaef6335db,accepted_name_exact,wild_or_species_level_monograph_not_cultivar_limited,accept,true,true,true,false,,"Accepted after exact species identity, source page or original-study statement, trait-specific ontology, lineage and content fingerprint review; mapping retained only for flower_primary_color.",Codex source-backed rule-unlock wave-2 audit,2026-08-12T09:35:00Z
be8ff2af2f3e78d8ff494f27,Murdannia nudiflora,mating_system,mixed_mating,https://scholar.uoc.ac.in/bitstreams/dd6a8802-5ffd-4a70-9078-736a78794e8a/download,Pollination biology of selected taxa of the tribe Commelineae (Commelinaceae),"Veena, V. (2020), doctoral thesis, Department of Botany, University of Calicut, pp. 174-176 and 181-183",A,doctoral_thesis_controlled_pollination_experiment,scholar.uoc.ac.in,en,"Breeding system studies in the selected taxa revealed that they were all self and cross-compatible species. Except Dictyospermum montanum (2.5%) and Floscopa scandens (14%), all others showed high percentages of autogamous fruit set (72.38% in Commelina diffusa, 47.62% in Murdannia nudiflora and 41.43% in Rhopalephora scaberrima). These species thus have evolved a system of adaptive modifications which resulted in a mixed mating system that produces both self and cross seeds.",c9a35ebc48575382bf0f261906d0df1b28e88d5cf1f2ed6634179bacd763066b,23e3b55b09248c83e0e2a90897fbc12c6a5dfdf54588002f09b66f7c3af9f72b,accepted_name_exact,wild_or_species_level_statement_not_cultivar_limited,accept,true,true,true,false,,"Accepted after exact species identity, source page or original-study statement, trait-specific ontology, lineage and content fingerprint review; mapping retained only for mating_system.",Codex source-backed rule-unlock wave-2 audit,2026-08-12T09:35:00Z
a79227660e5486252b2d84a0,Murdannia nudiflora,self_incompatibility,SC,https://scholar.uoc.ac.in/bitstreams/dd6a8802-5ffd-4a70-9078-736a78794e8a/download,Pollination biology of selected taxa of the tribe Commelineae (Commelinaceae),"Veena, V. (2020), doctoral thesis, Department of Botany, University of Calicut, pp. 174-176 and 181-183",A,doctoral_thesis_controlled_pollination_experiment,scholar.uoc.ac.in,en,"Breeding system studies in the selected taxa revealed that they were all self and cross-compatible species. Except Dictyospermum montanum (2.5%) and Floscopa scandens (14%), all others showed high percentages of autogamous fruit set (72.38% in Commelina diffusa, 47.62% in Murdannia nudiflora and 41.43% in Rhopalephora scaberrima). These species thus have evolved a system of adaptive modifications which resulted in a mixed mating system that produces both self and cross seeds.",c9a35ebc48575382bf0f261906d0df1b28e88d5cf1f2ed6634179bacd763066b,23e3b55b09248c83e0e2a90897fbc12c6a5dfdf54588002f09b66f7c3af9f72b,accepted_name_exact,wild_or_species_level_statement_not_cultivar_limited,accept,true,true,true,false,,"Accepted after exact species identity, source page or original-study statement, trait-specific ontology, lineage and content fingerprint review; mapping retained only for self_incompatibility.",Codex source-backed rule-unlock wave-2 audit,2026-08-12T09:35:00Z
c1f506311437b19fc004ef1a,Musa aurantiaca,flower_primary_color,yellow_orange,https://indiaflora-ces.iisc.ac.in/herbsheet.php?id=14604&cat=13,India Flora Online - Musa aurantiaca,"Sankara Rao, K. and Deepak Kumar (2026). India Flora Online, species treatment: Musa aurantiaca.",A,university_herbarium_regional_flora_species_treatment,indiaflora-ces.iisc.ac.in,en,"Key identification features: Stoloniferous herbs with chocolate-brown spathes; Spadix pendulous; bracts ovate-Ianceolate, red; Flowers yellow; Fruits oblong-trigonous with hard seeds.",59d64b19daec5ceb6077b8f9a38e6e12f3719aef1677ca198022fe152870e683,268c5d6618ea5ec67ec7b9e63315bb295a7318b9582e35cee9e05d7759c195b9,accepted_name_exact,wild_or_species_level_statement_not_cultivar_limited,accept,true,true,true,false,,"Accepted after exact species identity, source page or original-study statement, trait-specific ontology, lineage and content fingerprint review; mapping retained only for flower_primary_color.",Codex source-backed rule-unlock wave-2 audit,2026-08-12T09:35:00Z
77be46dd71b685f1dda1ab69,Musa textilis,mating_system,predominantly_outcrossing,https://plantuse.plantnet.org/en/Musa_textilis_(PROTA),Musa textilis (PROTA),"Vaughan, G., 2011. Musa textilis Née. [Internet] Record from PROTA4U. Brink, M. & Achigan-Dako, E.G. (Editors). PROTA (Plant Resources of Tropical Africa / Ressources végétales de l’Afrique tropicale), Wageningen, Netherlands.",A,expert_botanical_monograph_species_description,plantuse.plantnet.org,en,Abaca is allogamous and bat-pollinated.,615c76f93e7de3d763400a51361d17844cca366106f4b31ecf3b1b9ca304c7db,044e69ffce0400c52023bf92747e395235faa297a7810cbdd4b48968d2ef341c,accepted_name_exact,wild_or_species_level_monograph_not_cultivar_limited,accept,true,true,true,false,,"Accepted after exact species identity, source page or original-study statement, trait-specific ontology, lineage and content fingerprint review; mapping retained only for mating_system.",Codex source-backed rule-unlock wave-2 audit,2026-08-12T09:35:00Z
08cddec7568e1c52b5f272f4,Musanga cecropioides,floral_form,tubular,https://plantuse.plantnet.org/en/Musanga_cecropioides_(PROTA),Musanga cecropioides (PROTA),"Todou, G. & Meikeu Kamdem, M.G., 2011. Musanga cecropioides R.Br. ex Tedlie. In: Lemmens, R.H.M.J., Louppe, D. & Oteng-Amoako, A.A. (Editors). PROTA (Plant Resources of Tropical Africa / Ressources végétales de l’Afrique tropicale), Wageningen, Netherlands.",A,expert_botanical_monograph_species_description,plantuse.plantnet.org,en,female flowers with tubular perianth c.,def7408f9d3f0c2392e3c99f4cc036d7762b237e369c1e5e86246458f44bc4f8,3d590814c53f8d678e22c46b334bcdc007e528626971c1899a7a3d658cf78e79,accepted_name_exact,wild_or_species_level_monograph_not_cultivar_limited,accept,true,true,true,false,,"Accepted after exact species identity, source page or original-study statement, trait-specific ontology, lineage and content fingerprint review; mapping retained only for floral_form.",Codex source-backed rule-unlock wave-2 audit,2026-08-12T09:35:00Z
c67329b798404cc164cdf872,Musanga cecropioides,inflorescence_display,composite_display|raceme_spike_panicle,https://plantuse.plantnet.org/en/Musanga_cecropioides_(PROTA),Musanga cecropioides (PROTA),"Todou, G. & Meikeu Kamdem, M.G., 2011. Musanga cecropioides R.Br. ex Tedlie. In: Lemmens, R.H.M.J., Louppe, D. & Oteng-Amoako, A.A. (Editors). PROTA (Plant Resources of Tropical Africa / Ressources végétales de l’Afrique tropicale), Wageningen, Netherlands.",A,expert_botanical_monograph_species_description,plantuse.plantnet.org,en,"*Male inflorescence repeatedly branched, up to 15 cm in diameter, with many heads on the ultimate branches, peduncle up to 9 cm long ; female inflorescence a club-shaped spike up to 5 cm long, peduncle up to 12 cm long.",de77f1924a8b35f85b3ee3b801958cadd89be4e7b3cebe43136f4de1e10ff869,ca1ff90d5cb2efe6756548884c83ae882a928c06187319c5672e9e0d81c3d791,accepted_name_exact,wild_or_species_level_monograph_not_cultivar_limited,accept,true,true,true,false,,"Accepted after exact species identity, source page or original-study statement, trait-specific ontology, lineage and content fingerprint review; mapping retained only for inflorescence_display.",Codex source-backed rule-unlock wave-2 audit,2026-08-12T09:35:00Z
78e4c3787b09472678b03ee3,Mussaenda glabra,flower_primary_color,yellow_orange,https://indiaflora-ces.iisc.ac.in/herbsheet.php?id=13164&cat=13,India Flora Online - Mussaenda glabra,"Sankara Rao, K. and Deepak Kumar (2026). India Flora Online, species treatment: Mussaenda glabra.",A,university_herbarium_regional_flora_species_treatment,indiaflora-ces.iisc.ac.in,en,"Key identification features: Scandent or climbing shrubs, 2-3 m high, glabrous; Leaves oblong or elliptic-Ianceolate; stipules simple or bifid; Flowers in terminal cymes, yellow or orange; petaloid sepals yellowish white; Berries globose, red.",0c5996fbfba6507e59eecd7a07c982bca753622552257935fca8a921af81291a,34d338d24978a80f79e738cf5f02a685b5ac70bf012cbb14d8de6e3b0c38afc1,accepted_name_exact,wild_or_species_level_statement_not_cultivar_limited,accept,true,true,true,false,,"Accepted after exact species identity, source page or original-study statement, trait-specific ontology, lineage and content fingerprint review; mapping retained only for flower_primary_color.",Codex source-backed rule-unlock wave-2 audit,2026-08-12T09:35:00Z
638ab99d2fe4fc20d7fca123,Mussaenda glabrata,flower_primary_color,red_pink|yellow_orange,https://indiaflora-ces.iisc.ac.in/herbsheet.php?id=8034&cat=13,India Flora Online - Mussaenda glabrata,"Sankara Rao, K. and Deepak Kumar (2026). India Flora Online, species treatment: Mussaenda glabrata.",A,university_herbarium_regional_flora_species_treatment,indiaflora-ces.iisc.ac.in,en,"Key identification features: Flowers orange-red, in terminal and axillary cymes.",72c52ed088d8de85589ac41951985d84677e0f20d6529fde517cee37212d4960,9068f501793c57c3b85096565c02f4339cdccf6b588a1e96f1b11095e0e5d9e4,accepted_name_exact,wild_or_species_level_statement_not_cultivar_limited,accept,true,true,true,false,,"Accepted after exact species identity, source page or original-study statement, trait-specific ontology, lineage and content fingerprint review; mapping retained only for flower_primary_color.",Codex source-backed rule-unlock wave-2 audit,2026-08-12T09:35:00Z
866caea517a7888c99ebd157,Mussaenda parryorum,flower_primary_color,yellow_orange,https://indiaflora-ces.iisc.ac.in/herbsheet.php?id=13720&cat=13,India Flora Online - Mussaenda parryorum,"Sankara Rao, K. and Deepak Kumar (2026). India Flora Online, species treatment: Mussaenda parryorum.",A,university_herbarium_regional_flora_species_treatment,indiaflora-ces.iisc.ac.in,en,"Key identification features: Shrubs; Leaves elliptic; base attenuate, apex acuminate, young leaves tomentose; lateral nerves 7-9 pairs; brownish pubescent above; stipules triangular, bifid at apex; Flowers in diffused sessile cymes; bracts 2; bracteoles 3; linear brown pubescent; calyx lobes brownish pubescent; petaloid calyx segment white, elliptic, 7-nerved; corolla yellow, tube cylindrical, hairy outside, glabrous inside; Fruits baccate, black, brown pubescent.",2f0cd6d9a52286f7479f68d6d232359308a8d8c3013fcaf18a1a6d24d0fb31fb,81cec814338e8e11be372f0d7b1854e8741f0c92552f4d6611feae724de7d09d,accepted_name_exact,wild_or_species_level_statement_not_cultivar_limited,accept,true,true,true,false,,"Accepted after exact species identity, source page or original-study statement, trait-specific ontology, lineage and content fingerprint review; mapping retained only for flower_primary_color.",Codex source-backed rule-unlock wave-2 audit,2026-08-12T09:35:00Z
a1ef2012900df91c097eefd1,Mussaenda philippica,flower_primary_color,green_brown_inconspicuous|white|yellow_orange,https://indiaflora-ces.iisc.ac.in/herbsheet.php?id=8041&cat=13,India Flora Online - Mussaenda philippica,"Sankara Rao, K. and Deepak Kumar (2026). India Flora Online, species treatment: Mussaenda philippica.",A,university_herbarium_regional_flora_species_treatment,indiaflora-ces.iisc.ac.in,en,Key identification features: A bushy ornamental shrub with hairy branchlets; Flowers in dense terminal pubescent cymes; the expanded sepal is white or greenish tinch; Corolla deep yellow,3a335b6ddd8fa97efb147a06fa45d566a38161470c4124dce8d8a773c006fc7e,d04f99e798bbe5d2226682280be84761930225cc4d45751e72569de87a8c31bd,accepted_name_exact,wild_or_species_level_statement_not_cultivar_limited,accept,true,true,true,false,,"Accepted after exact species identity, source page or original-study statement, trait-specific ontology, lineage and content fingerprint review; mapping retained only for flower_primary_color.",Codex source-backed rule-unlock wave-2 audit,2026-08-12T09:35:00Z
a4986ad2deba4f8810ea9dca,Mycetia stipulata,flower_primary_color,white,https://indiaflora-ces.iisc.ac.in/herbsheet.php?id=13169&cat=13,India Flora Online - Mycetia stipulata,"Sankara Rao, K. and Deepak Kumar (2026). India Flora Online, species treatment: Mycetia stipulata.",A,university_herbarium_regional_flora_species_treatment,indiaflora-ces.iisc.ac.in,en,"Key identification features: Small shrubs; branches pubescent; Leaves elliptic or elliptic-Ianceolate, pubescent along nerves beneath; Flowers in terminal, corymbose cymes, pubescent, white.",ead2a8f94ec0423f6dc90a98419bf153c4621ef2256ca8dfcc03f0a0b624ff2e,5ce45c72481796926120aeff69de41a66c34e8fe21a50158b51078fb5be5cfe4,accepted_name_exact,wild_or_species_level_statement_not_cultivar_limited,accept,true,true,true,false,,"Accepted after exact species identity, source page or original-study statement, trait-specific ontology, lineage and content fingerprint review; mapping retained only for flower_primary_color.",Codex source-backed rule-unlock wave-2 audit,2026-08-12T09:35:00Z
d12626809b744e451cdf3af9,Myrcia guianensis,autonomous_selfing_capacity,mixed_or_variable,https://repositorio.unesp.br/server/api/core/bitstreams/4d986862-3528-4b9a-8ff5-507be198c489/content,"Estudo de longa duração em cerrado sensu stricto: entendendo as mudanças do clima e seus efeitos na fenologia e reprodução das plantas, serviços ecossistêmicos e a sua percepção pela sociedade","Martins, Amanda Eburneo (2025), doctoral thesis, Universidade Estadual Paulista (UNESP), Instituto de Biociências, Rio Claro, Table S1",A,doctoral_thesis_field_bagging_experiment,repositorio.unesp.br,en,"The treatment group marked and bagged pre-anthesis buds, restricting access to the flower by floral visitors, but allowing self-pollination. Table S1: Myrcia guianensis; 9 individuals; 18 branches / 843 marked flowers; D=0.68; open-pollination fruit-set=20%; self-pollination fruit-set=5%; biotic pollination dependent.",b8f3aae9648787e75ae01c4283c922aa0cd8c0ba41da5b89fffaf0142be879db,68cc9a2e81da717e44e692586d34df6515b331dddabab0f3a0047a6fe0d38a59,accepted_name_exact,wild_or_species_level_statement_not_cultivar_limited,accept,true,true,true,false,,"Accepted after exact species identity, source page or original-study statement, trait-specific ontology, lineage and content fingerprint review; mapping retained only for autonomous_selfing_capacity.",Codex source-backed rule-unlock wave-2 audit,2026-08-12T09:35:00Z
9b719c672364292bc49a1fed,Narenga fallax,inflorescence_display,raceme_spike_panicle,https://indiaflora-ces.iisc.ac.in/herbsheet.php?id=10292&cat=13,India Flora Online - Saccharum fallax,"Sankara Rao, K. and Deepak Kumar (2026). India Flora Online, species treatment: Saccharum fallax.",A,university_herbarium_regional_flora_species_treatment,indiaflora-ces.iisc.ac.in,en,Key identification features: Culms 2.4-3 m and 1.5-1.8 cm dia.; rusty tomentose below the large panicle,02d0d534167498d4d4b0da74668ce35f88d6d33157ec3ed1ab3fd883d7746ad2,d5aa499ed6997ab7749bbb4e517348e070a15b254084278b1fb1c824feb358a6,exact_synonym,wild_or_species_level_statement_not_cultivar_limited,accept,true,true,true,false,,"Accepted after exact species identity, source page or original-study statement, trait-specific ontology, lineage and content fingerprint review; mapping retained only for inflorescence_display.",Codex source-backed rule-unlock wave-2 audit,2026-08-12T09:35:00Z
6edd9822c0e00c9386df2954,Naringi crenulata,flower_primary_color,white,https://indiaflora-ces.iisc.ac.in/herbsheet.php?id=8105&cat=13,India Flora Online - Naringi crenulata,"Sankara Rao, K. and Deepak Kumar (2026). India Flora Online, species treatment: Naringi crenulata.",A,university_herbarium_regional_flora_species_treatment,indiaflora-ces.iisc.ac.in,en,"Key identification features: Small thorny tree; leaves crenulate imparipinnate; Flowers white, fragrant; Fruit globose, acidic.",9015ee920373c2678b0df7829ddbf5b83f4aaed8808b77a5581da18aca01c507,77d1f5587c232b675c593c71d5501108bcd31fd3e9973a0adda2a73fe7f25c97,accepted_name_exact,wild_or_species_level_statement_not_cultivar_limited,accept,true,true,true,false,,"Accepted after exact species identity, source page or original-study statement, trait-specific ontology, lineage and content fingerprint review; mapping retained only for flower_primary_color.",Codex source-backed rule-unlock wave-2 audit,2026-08-12T09:35:00Z
582465af753b5b591a7cb000,Neoapaloxylon tuberosum,flower_primary_color,white|green_brown_inconspicuous,https://plantuse.plantnet.org/en/Neoapaloxylon_tuberosum_(PROTA),Neoapaloxylon tuberosum (PROTA),"Bosch, C.H., 2011. Neoapaloxylon tuberosum (R.Vig.) Rauschert. In : Brink, M. & Achigan-Dako, E.G. (Editors). PROTA (Plant Resources of Tropical Africa / Ressources végétales de l’Afrique tropicale), Wageningen, Netherlands.",A,expert_botanical_monograph_species_description,plantuse.plantnet.org,en,"*Flowers bisexual, regular, greenish white, sessile",bb06503f734b23c21a6980c731da5977940ba1594e76ea68bd70cdbad577d306,22ca4b27260b0a25fe2c38d6b627736369661870566b0b94bd1db7f20bec28d1,accepted_name_exact,wild_or_species_level_monograph_not_cultivar_limited,accept,true,true,true,false,,"Accepted after exact species identity, source page or original-study statement, trait-specific ontology, lineage and content fingerprint review; mapping retained only for flower_primary_color.",Codex source-backed rule-unlock wave-2 audit,2026-08-12T09:35:00Z
7bbdf8115a8f89aff713e934,Neoharmsia baronii,flower_primary_color,red_pink,https://plantuse.plantnet.org/en/Neoharmsia_baronii_(PROTA),Neoharmsia baronii (PROTA),"Lemmens, R.H.M.J., 2007. Neoharmsia baronii (Drake) R.Vig. ex M.Peltier. In: Louppe, D., Oteng-Amoako, A.A. & Brink, M. (Editors). PROTA (Plant Resources of Tropical Africa / Ressources végétales de l’Afrique tropicale), Wageningen, Netherlands.",A,expert_botanical_monograph_species_description,plantuse.plantnet.org,en,"corolla bright scarlet red, waxy, standard broadly obovoid, 2.5–3 cm long, long-clawed at base, slightly notched at apex, wings and keel narrow",6bf223d4292b1fb54e8677b494ce5674810af17595392355215be5dd2fcd333f,68e03b8bec12dcbbcbeee4d6ab29de46326c1f0fda111061443854e944063c8e,accepted_name_exact,wild_or_species_level_monograph_not_cultivar_limited,accept,true,true,true,false,,"Accepted after exact species identity, source page or original-study statement, trait-specific ontology, lineage and content fingerprint review; mapping retained only for flower_primary_color.",Codex source-backed rule-unlock wave-2 audit,2026-08-12T09:35:00Z
e17f20146ea5990f9fa8574a,Nolana galapagensis,autonomous_selfing_capacity,autonomous,https://pmc.ncbi.nlm.nih.gov/articles/PMC3489146/,Pollination patterns and plant breeding systems in the Galapagos: a review,"Traveset et al. (2013), Annals of Botany 111:391-404, Table 1, DOI 10.1093/aob/mcs132",B,peer_reviewed_species_level_breeding_system_compilation,pmc.ncbi.nlm.nih.gov,en,"Table 1, Nolana galapagensis: Autonomously self-pollinates: Yes; Self-compatible: Yes; References: 2. The table footnote identifies the numbered original studies used for each species.",24b047ec013784dce7bc0e611b714d0581d198e19723a45cd5afde2832e91b3e,6179dd20b1abcfc01ca182b8fd3197482d405c997a0e4783ef46beeffac2d076,accepted_name_exact,wild_or_species_level_statement_not_cultivar_limited,accept,true,true,true,false,,"Accepted after exact species identity, source page or original-study statement, trait-specific ontology, lineage and content fingerprint review; mapping retained only for autonomous_selfing_capacity.",Codex source-backed rule-unlock wave-2 audit,2026-08-12T09:35:00Z
a68bc9bf71aeb4313756f567,Nolana galapagensis,self_incompatibility,SC,https://pmc.ncbi.nlm.nih.gov/articles/PMC3489146/,Pollination patterns and plant breeding systems in the Galapagos: a review,"Traveset et al. (2013), Annals of Botany 111:391-404, Table 1, DOI 10.1093/aob/mcs132",B,peer_reviewed_species_level_breeding_system_compilation,pmc.ncbi.nlm.nih.gov,en,"Table 1, Nolana galapagensis: Autonomously self-pollinates: Yes; Self-compatible: Yes; References: 2. The table footnote identifies the numbered original studies used for each species.",24b047ec013784dce7bc0e611b714d0581d198e19723a45cd5afde2832e91b3e,6179dd20b1abcfc01ca182b8fd3197482d405c997a0e4783ef46beeffac2d076,accepted_name_exact,wild_or_species_level_statement_not_cultivar_limited,accept,true,true,true,false,,"Accepted after exact species identity, source page or original-study statement, trait-specific ontology, lineage and content fingerprint review; mapping retained only for self_incompatibility.",Codex source-backed rule-unlock wave-2 audit,2026-08-12T09:35:00Z
7dab68520a2deec7e1a57d91,Nuxia floribunda,floral_symmetry,actinomorphic,https://plantuse.plantnet.org/en/Nuxia_floribunda_(PROTA),Nuxia floribunda (PROTA),"Asamoah, A., Antwi-Bosiako, C., Frimpong-Mensah, K. & Atta-Boateng, A., 2012. Nuxia floribunda Benth. In: Lemmens, R.H.M.J., Louppe, D. & Oteng-Amoako, A.A. (Editors). PROTA (Plant Resources of Tropical Africa / Ressources végétales de l’Afrique tropicale), Wageningen, Netherlands.",A,expert_botanical_monograph_species_description,plantuse.plantnet.org,en,"*Flowers bisexual, nearly regular, 4-merous, fragrant, nearly sessile",8d7d57369d246b958771c74254c36dd0d6aa5efee5003a144d80a5d6bc949128,8a533f37ba433a95f02bdabe42ac64f4dc95d94bf52566e658547f7ec7f2ea56,accepted_name_exact,wild_or_species_level_monograph_not_cultivar_limited,accept,true,true,true,false,,"Accepted after exact species identity, source page or original-study statement, trait-specific ontology, lineage and content fingerprint review; mapping retained only for floral_symmetry.",Codex source-backed rule-unlock wave-2 audit,2026-08-12T09:35:00Z
7cf90ec6ae3517bcf31ee706,Nuxia floribunda,inflorescence_display,umbel_corymb|raceme_spike_panicle,https://plantuse.plantnet.org/en/Nuxia_floribunda_(PROTA),Nuxia floribunda (PROTA),"Asamoah, A., Antwi-Bosiako, C., Frimpong-Mensah, K. & Atta-Boateng, A., 2012. Nuxia floribunda Benth. In: Lemmens, R.H.M.J., Louppe, D. & Oteng-Amoako, A.A. (Editors). PROTA (Plant Resources of Tropical Africa / Ressources végétales de l’Afrique tropicale), Wageningen, Netherlands.",A,expert_botanical_monograph_species_description,plantuse.plantnet.org,en,"*Inflorescence a terminal or axillary, often umbel-like panicle up to 32 cm × 25 cm, heavily branched, nearly glabrous.",acf40bfdcc99483f154132d879a0028a508f51de1bc6b79577e2fca91b329428,a92d8b6c03320b45e628c523bebc9ce61bd81178b1b7198d195ba59bcca2e9ae,accepted_name_exact,wild_or_species_level_monograph_not_cultivar_limited,accept,true,true,true,false,,"Accepted after exact species identity, source page or original-study statement, trait-specific ontology, lineage and content fingerprint review; mapping retained only for inflorescence_display.",Codex source-backed rule-unlock wave-2 audit,2026-08-12T09:35:00Z
867cdf461aa940cecfa401e1,Oberonia pumilio,flower_primary_color,green_brown_inconspicuous|red_pink,https://indiaflora-ces.iisc.ac.in/herbsheet.php?id=13990&cat=13,India Flora Online - Oberonia pumilio,"Sankara Rao, K. and Deepak Kumar (2026). India Flora Online, species treatment: Oberonia pumilio.",A,university_herbarium_regional_flora_species_treatment,indiaflora-ces.iisc.ac.in,en,"Key identification features: Tufted epiphytes; leaves not jointed, narrow, slightly curved; inflorescence slender; flowers many, small, reddish-brown; lip 3- lobed.",ebd62ed47cb8b87f49380a58421234bcf05d2071b3c4cba6e33bf43eb1032d13,4b6ad696bdd35b97046b27126b9fc8fbaa2a6c8171d491ec6f6d394ff8146d1a,accepted_name_exact,wild_or_species_level_statement_not_cultivar_limited,accept,true,true,true,false,,"Accepted after exact species identity, source page or original-study statement, trait-specific ontology, lineage and content fingerprint review; mapping retained only for flower_primary_color.",Codex source-backed rule-unlock wave-2 audit,2026-08-12T09:35:00Z
09449a613661a30d9388ad46,Oberonia zeylanica,flower_primary_color,green_brown_inconspicuous|red_pink,https://indiaflora-ces.iisc.ac.in/herbsheet.php?id=8319&cat=13,India Flora Online - Oberonia zeylanica,"Sankara Rao, K. and Deepak Kumar (2026). India Flora Online, species treatment: Oberonia zeylanica.",A,university_herbarium_regional_flora_species_treatment,indiaflora-ces.iisc.ac.in,en,Key identification features: Flowers are reddish-brown.,6b1be2bc2de9742ab783e89d2af00f4c7d2df0d0a032aed969060fb6b6a9a2cf,305900e20a9c76ab2f09b475c8673b94c48667e20098bcb188180c70850dbb56,accepted_name_exact,wild_or_species_level_statement_not_cultivar_limited,accept,true,true,true,false,,"Accepted after exact species identity, source page or original-study statement, trait-specific ontology, lineage and content fingerprint review; mapping retained only for flower_primary_color.",Codex source-backed rule-unlock wave-2 audit,2026-08-12T09:35:00Z
2fbacc815794ec519d3ed11c,Ochna obtusata,inflorescence_display,umbel_corymb,https://indiaflora-ces.iisc.ac.in/herbsheet.php?id=8338&cat=13,India Flora Online - Ochna obtusata,"Sankara Rao, K. and Deepak Kumar (2026). India Flora Online, species treatment: Ochna obtusata.",A,university_herbarium_regional_flora_species_treatment,indiaflora-ces.iisc.ac.in,en,"Key identification features: Trees or shrubs; Leaves oblong-ovate or obovate; Flowers in axillary umbels, fragrant; Drupes oblong.",053c0f9ecda945b5727b64ed0ad1904b04dffab70d581eb6e7c29b116ff408a1,096cc0a86c6ddac87c47b6e36a4c8c7059c8bbfea76b72fef1674f2064415bd3,accepted_name_exact,wild_or_species_level_statement_not_cultivar_limited,accept,true,true,true,false,,"Accepted after exact species identity, source page or original-study statement, trait-specific ontology, lineage and content fingerprint review; mapping retained only for inflorescence_display.",Codex source-backed rule-unlock wave-2 audit,2026-08-12T09:35:00Z
2f82786826ad90d7e8605b1c,Odyendyea gabonensis,floral_symmetry,actinomorphic,https://plantuse.plantnet.org/en/Odyendyea_gabonensis_(PROTA),Odyendyea gabonensis (PROTA),"Brink, M., 2007. Odyendyea gabonensis (Pierre) Engl. In: Louppe, D., Oteng-Amoako, A.A. & Brink, M. (Editors). PROTA (Plant Resources of Tropical Africa / Ressources végétales de l’Afrique tropicale), Wageningen, Netherlands.",A,expert_botanical_monograph_species_description,plantuse.plantnet.org,en,"*Flowers unisexual or bisexual, regular, 4(–5)-merous",a51652b0d28cd1e036ddf8e3dd88af154e70646f65fbb10e28fa62322e15b0c9,24d096201260041e6993ceb30450d59d0c0fcd77fab4b0b2a590ab6d546c83f2,accepted_name_exact,wild_or_species_level_monograph_not_cultivar_limited,accept,true,true,true,false,,"Accepted after exact species identity, source page or original-study statement, trait-specific ontology, lineage and content fingerprint review; mapping retained only for floral_symmetry.",Codex source-backed rule-unlock wave-2 audit,2026-08-12T09:35:00Z
0d7a67cdf224b02ab1755f6e,Odyendyea gabonensis,inflorescence_display,raceme_spike_panicle,https://plantuse.plantnet.org/en/Odyendyea_gabonensis_(PROTA),Odyendyea gabonensis (PROTA),"Brink, M., 2007. Odyendyea gabonensis (Pierre) Engl. In: Louppe, D., Oteng-Amoako, A.A. & Brink, M. (Editors). PROTA (Plant Resources of Tropical Africa / Ressources végétales de l’Afrique tropicale), Wageningen, Netherlands.",A,expert_botanical_monograph_species_description,plantuse.plantnet.org,en,"*Inflorescence a terminal panicle shorter than the leaves, branches glabrous.",27298f347def17d8483462c85d5f911c91a7ef81819a5c40f995a93295e99a25,3889f7454fc3ea38e607f654a612b59c05ea5200d194e4223392b3519dd02f9b,accepted_name_exact,wild_or_species_level_monograph_not_cultivar_limited,accept,true,true,true,false,,"Accepted after exact species identity, source page or original-study statement, trait-specific ontology, lineage and content fingerprint review; mapping retained only for inflorescence_display.",Codex source-backed rule-unlock wave-2 audit,2026-08-12T09:35:00Z
4b5c473a8dc837edd1bee019,Oreocnide frutescens,flower_primary_color,green_brown_inconspicuous,https://indiaflora-ces.iisc.ac.in/herbsheet.php?id=8454&cat=13,India Flora Online - Oreocnide frutescens,"Sankara Rao, K. and Deepak Kumar (2026). India Flora Online, species treatment: Oreocnide frutescens.",A,university_herbarium_regional_flora_species_treatment,indiaflora-ces.iisc.ac.in,en,"Key identification features: Bushy shrubs, up to 3 m high; Leaves ovate or oblong-Ianceolate, acuminate, finely serrate; Flowers small, greenish brown; Achenes ovoid, clustered with cup shaped persistent bracts.",7b53b24011da5aebc927bfc17c802df84b6126a34cc940ab89a02a5e027ab699,263de0e464a4f3f85a55d56b0c0150123970ffabff96251a966226356f719c5a,accepted_name_exact,wild_or_species_level_statement_not_cultivar_limited,accept,true,true,true,false,,"Accepted after exact species identity, source page or original-study statement, trait-specific ontology, lineage and content fingerprint review; mapping retained only for flower_primary_color.",Codex source-backed rule-unlock wave-2 audit,2026-08-12T09:35:00Z
6c02f9d9180b72b4943c72fd,Ormocarpopsis itremoensis,flower_primary_color,yellow_orange,https://plantuse.plantnet.org/en/Ormocarpopsis_itremoensis_(PROTA),Ormocarpopsis itremoensis (PROTA),"Lemmens, R.H.M.J., 2007. Ormocarpopsis itremoensis Du Puy & Labat. In: Louppe, D., Oteng-Amoako, A.A. & Brink, M. (Editors). PROTA (Plant Resources of Tropical Africa / Ressources végétales de l’Afrique tropicale), Wageningen, Netherlands.",A,expert_botanical_monograph_species_description,plantuse.plantnet.org,en,"corolla yellow, with erect, rounded standard c.",8bef99a6c3d6de8333d884a6d15f4fb044c84db2741f3a7ae1b047eb33f1dff8,ce57c55904844a1e061bc4ba3c1e55004224f444c4bcdc2edbe0579f87279944,accepted_name_exact,wild_or_species_level_monograph_not_cultivar_limited,accept,true,true,true,false,,"Accepted after exact species identity, source page or original-study statement, trait-specific ontology, lineage and content fingerprint review; mapping retained only for flower_primary_color.",Codex source-backed rule-unlock wave-2 audit,2026-08-12T09:35:00Z
a39b068dcf5c2612ee1457eb,Ornithogalum thyrsoides,autonomous_selfing_capacity,autonomous,https://conbio.onlinelibrary.wiley.com/doi/10.1046/j.1523-1739.2002.99515.x,Effects of Habitat Fragmentation on Pollinator Diversity and Plant Reproductive Success in Renosterveld Shrublands of South Africa,"Donaldson et al. (2002), Conservation Biology 16(5):1267-1276, DOI 10.1046/j.1523-1739.2002.99515.x",A,peer_reviewed_primary_pollination_experiment,conbio.onlinelibrary.wiley.com,en,Ornithogalum thyrsoides was capable of autogamy and selfing.,e4aae3dec8926f6636fc6ba0ede4bfcea86b9d0eb993fa5e5c79f3ce68f2ce10,e3fd85fcf5598614c3790fff8d07d9701d2f7bf075687994c59c8747cd20b778,accepted_name_exact,wild_or_species_level_statement_not_cultivar_limited,accept,true,true,true,false,,"Accepted after exact species identity, source page or original-study statement, trait-specific ontology, lineage and content fingerprint review; mapping retained only for autonomous_selfing_capacity.",Codex source-backed rule-unlock wave-2 audit,2026-08-12T09:35:00Z
14991a08354014a9d53ae017,Ornithogalum thyrsoides,self_incompatibility,SC,https://conbio.onlinelibrary.wiley.com/doi/10.1046/j.1523-1739.2002.99515.x,Effects of Habitat Fragmentation on Pollinator Diversity and Plant Reproductive Success in Renosterveld Shrublands of South Africa,"Donaldson et al. (2002), Conservation Biology 16(5):1267-1276, DOI 10.1046/j.1523-1739.2002.99515.x",A,peer_reviewed_primary_pollination_experiment,conbio.onlinelibrary.wiley.com,en,Ornithogalum thyrsoides was capable of autogamy and selfing.,e4aae3dec8926f6636fc6ba0ede4bfcea86b9d0eb993fa5e5c79f3ce68f2ce10,e3fd85fcf5598614c3790fff8d07d9701d2f7bf075687994c59c8747cd20b778,accepted_name_exact,wild_or_species_level_statement_not_cultivar_limited,accept,true,true,true,false,,"Accepted after exact species identity, source page or original-study statement, trait-specific ontology, lineage and content fingerprint review; mapping retained only for self_incompatibility.",Codex source-backed rule-unlock wave-2 audit,2026-08-12T09:35:00Z
3aeecb7040707b278f975c80,Orophea hexandra,flower_primary_color,green_brown_inconspicuous|white,https://indiaflora-ces.iisc.ac.in/herbsheet.php?id=8475&cat=13,India Flora Online - Orophea hexandra,"Sankara Rao, K. and Deepak Kumar (2026). India Flora Online, species treatment: Orophea hexandra.",A,university_herbarium_regional_flora_species_treatment,indiaflora-ces.iisc.ac.in,en,"Key identification features: Flowers about in. long, greenish-white, outer petals ovate-cordate, inner trapezoid with a long claw, vaulted and cohering; stamens 6.",3c76200d9cb408b57381aef9b3a7cd62ae6cd4e789d17ac1d2a055f371390171,f999fff095cfddba67fd1130f3fea48abb704f8b2b61e59f7fb87c1288e76fe9,accepted_name_exact,wild_or_species_level_statement_not_cultivar_limited,accept,true,true,true,false,,"Accepted after exact species identity, source page or original-study statement, trait-specific ontology, lineage and content fingerprint review; mapping retained only for flower_primary_color.",Codex source-backed rule-unlock wave-2 audit,2026-08-12T09:35:00Z
cfe8453248c160d6c1cfdf67,Osbeckia aspera,inflorescence_display,umbel_corymb,https://indiaflora-ces.iisc.ac.in/herbsheet.php?id=8507&cat=13,India Flora Online - Osbeckia aspera,"Sankara Rao, K. and Deepak Kumar (2026). India Flora Online, species treatment: Osbeckia aspera.",A,university_herbarium_regional_flora_species_treatment,indiaflora-ces.iisc.ac.in,en,"Key identification features: Branchlets slender, reddish-brown and slightly hirsute; Leaves three nerved, hirsute, elliptic-lanceolate; Flowers 5-merous, purple-pink in 3-6 flowered cymes with hairs along the margin; stamens yellow; calyx clothed with bulbous bristles.",056414b2f75af7c81f00db4ff8bfcad38bef738277b73b7a99a93a51569affd6,c7111760bd88d8d94256febdb230f7ccdda78cfb281943527a6e88e5de441a08,accepted_name_exact,wild_or_species_level_statement_not_cultivar_limited,accept,true,true,true,false,,"Accepted after exact species identity, source page or original-study statement, trait-specific ontology, lineage and content fingerprint review; mapping retained only for inflorescence_display.",Codex source-backed rule-unlock wave-2 audit,2026-08-12T09:35:00Z
761ac0c3a94f4e7464505ec2,Osmorhiza aristata,flower_primary_color,white,https://indiaflora-ces.iisc.ac.in/herbsheet.php?id=8537&cat=13,India Flora Online - Osmorhiza aristata,"Sankara Rao, K. and Deepak Kumar (2026). India Flora Online, species treatment: Osmorhiza aristata.",A,university_herbarium_regional_flora_species_treatment,indiaflora-ces.iisc.ac.in,en,"Key identification features: Leaves pubescent, Flowers white; Fruits linear-oblong.",2b29b8f148040ae5221929da6eb9370868ffe6aafce1d512d2d9867c41a451bf,868833fceb5a73c7f0379a81b6b7e906cdbd00463aec6b4043fcfb0b8fe0841f,accepted_name_exact,wild_or_species_level_statement_not_cultivar_limited,accept,true,true,true,false,,"Accepted after exact species identity, source page or original-study statement, trait-specific ontology, lineage and content fingerprint review; mapping retained only for flower_primary_color.",Codex source-backed rule-unlock wave-2 audit,2026-08-12T09:35:00Z
a14754295dea6eaeda26af27,Ostodes paniculata,floral_symmetry,actinomorphic,https://bfis.bforest.gov.bd/nef/index.php/data/dataSpecies/40,Forest Emission Factor Database - Ostodes paniculata,"Bangladesh Forest Information System, Forest Emission Factor Database species record: Ostodes paniculata",A,government_forest_database_species_record,bfis.bforest.gov.bd,en,Tree Species Details: Family Name: Euphorbiaceae; Genus: Ostodes; Species: Ostodes paniculata; floral symmetry: actinomorphic.,d256a8317d92620fb481655c18832a2c822785dc342adcd9b1c201a8d1acce6e,c8d6e86a7819d479bcb0bee2e9bef3525c9e847d737d1920910861ecf71bd230,accepted_name_exact,wild_or_species_level_statement_not_cultivar_limited,accept,true,true,true,false,,"Accepted after exact species identity, source page or original-study statement, trait-specific ontology, lineage and content fingerprint review; mapping retained only for floral_symmetry.",Codex source-backed rule-unlock wave-2 audit,2026-08-12T09:35:00Z
e5048c7ee9a0fb2a6b041b6f,Oxyanthus zanguebaricus,flower_primary_color,white,https://plantuse.plantnet.org/en/Oxyanthus_zanguebaricus_(PROTA),Oxyanthus zanguebaricus (PROTA),"Brink, M., 2012. Oxyanthus zanguebaricus (Hiern) Bridson. In: Lemmens, R.H.M.J., Louppe, D. & Oteng-Amoako, A.A. (Editors). PROTA (Plant Resources of Tropical Africa / Ressources végétales de l’Afrique tropicale), Wageningen, Netherlands.",A,expert_botanical_monograph_species_description,plantuse.plantnet.org,en,"corolla white, tube 7–11.5 cm long, lobes oblong-lanceolate, 1–2 cm long, acuminate",64fd704ba2926d3e0ef4f43b57174c1cc048b764831c8eb3aa1d92307ecaa7d7,d6b03687036402a5e69b60f07090a8543b3c96530cd93591c5e5810fb827a29e,accepted_name_exact,wild_or_species_level_monograph_not_cultivar_limited,accept,true,true,true,false,,"Accepted after exact species identity, source page or original-study statement, trait-specific ontology, lineage and content fingerprint review; mapping retained only for flower_primary_color.",Codex source-backed rule-unlock wave-2 audit,2026-08-12T09:35:00Z
51129fefc42784aebc8b7d41,Oxytenanthera abyssinica,inflorescence_display,umbel_corymb,https://plantuse.plantnet.org/en/Oxytenanthera_abyssinica_(PROTA),Oxytenanthera abyssinica (PROTA),"Inada, T. & Hall, J.B., 2008. Oxytenanthera abyssinica (A.Rich.) Munro. In: Louppe, D., Oteng-Amoako, A.A. & Brink, M. (Editors). PROTA (Plant Resources of Tropical Africa / Ressources végétales de l’Afrique tropicale), Wageningen, Netherlands.",A,expert_botanical_monograph_species_description,plantuse.plantnet.org,en,"*Inflorescence a dense star-shaped cluster 4–9 cm in diameter, with 10–20 spikelets.",e064ed139e0348dc9096d416801c508f6ffdce35bcf963635f602b85ad06e926,9856fdb140c7b819b0eff08c8b8139079f89e008baafbf2e38c88799fee224ac,accepted_name_exact,wild_or_species_level_monograph_not_cultivar_limited,accept,true,true,true,false,,"Accepted after exact species identity, source page or original-study statement, trait-specific ontology, lineage and content fingerprint review; mapping retained only for inflorescence_display.",Codex source-backed rule-unlock wave-2 audit,2026-08-12T09:35:00Z
1a982dcc360d406166529576,Palaquium obovatum,tube_depth_class,shallow,https://archive.org/download/JournalAsiaticSv74pAsia/JournalAsiaticSv74pAsia.pdf,"Materials for a Flora of the Malayan Peninsula, No. 17","King, G. & Gamble, J.S. (1906), Journal of the Asiatic Society of Bengal, Part II, Natural Science 74(2):190-191",A,primary_taxonomic_monograph_species_description,archive.org,en,"Palaquium obovatum, King & Gamble. Corolla campanulate; tube very short; lobes 6, imbricate and twisted.",4bc3db5f1ccbe9877c523a2517555475403dfabb221d3e53012a5e88d87fd8ec,be379882ad7f51dfe2396d036d7929b1f9414a9e1484463609b7746e8e6b5d00,accepted_name_exact,wild_or_species_level_statement_not_cultivar_limited,accept,true,true,true,false,,"Accepted after exact species identity, source page or original-study statement, trait-specific ontology, lineage and content fingerprint review; mapping retained only for tube_depth_class.",Codex source-backed rule-unlock wave-2 audit,2026-08-12T09:35:00Z
fa75757ac08b11cf4f242adc,Panda oleosa,floral_symmetry,actinomorphic,https://plantuse.plantnet.org/en/Panda_oleosa_(PROTA),Panda oleosa (PROTA),"Lemmens, R.H.M.J., 2007. Panda oleosa Pierre. [Internet] Record from PROTA4U. van der Vossen, H.A.M. & Mkamilo, G.S. (Editors). PROTA (Plant Resources of Tropical Africa / Ressources végétales de l’Afrique tropicale), Wageningen, Netherlands.",A,expert_botanical_monograph_species_description,plantuse.plantnet.org,en,"Flowers unisexual, regular, 5-merous",fb4b63c12e5af2cb478de3978b57b6f3e20f99fc575876529493662f526e7022,a428d393a5e6ae4d7f0c4bd2bd0fb05fb37b1e841324770979a40c72392fd4cd,accepted_name_exact,wild_or_species_level_monograph_not_cultivar_limited,accept,true,true,true,false,,"Accepted after exact species identity, source page or original-study statement, trait-specific ontology, lineage and content fingerprint review; mapping retained only for floral_symmetry.",Codex source-backed rule-unlock wave-2 audit,2026-08-12T09:35:00Z
d9f526918e91de90e3c5b251,Panda oleosa,inflorescence_display,umbel_corymb|raceme_spike_panicle|solitary,https://plantuse.plantnet.org/en/Panda_oleosa_(PROTA),Panda oleosa (PROTA),"Lemmens, R.H.M.J., 2007. Panda oleosa Pierre. [Internet] Record from PROTA4U. van der Vossen, H.A.M. & Mkamilo, G.S. (Editors). PROTA (Plant Resources of Tropical Africa / Ressources végétales de l’Afrique tropicale), Wageningen, Netherlands.",A,expert_botanical_monograph_species_description,plantuse.plantnet.org,en,"Inflorescence a raceme 15–35 cm long, solitary or in fascicles on older branches, shortly hairy.",e61cce7a9a8c385d965d987b2df703673f3b5d65ac501f3bb779ef8d17ce9c2e,84b78f54141d2db82d7918c00dc67d8f4d68d7f1b2a63bbfe7d8f83d4522299f,accepted_name_exact,wild_or_species_level_monograph_not_cultivar_limited,accept,true,true,true,false,,"Accepted after exact species identity, source page or original-study statement, trait-specific ontology, lineage and content fingerprint review; mapping retained only for inflorescence_display.",Codex source-backed rule-unlock wave-2 audit,2026-08-12T09:35:00Z
52e3ad1b27a10a1c3248699c,Paramignya armata,flower_primary_color,white,https://indiaflora-ces.iisc.ac.in/herbsheet.php?id=8684&cat=13,India Flora Online - Paramignya armata,"Sankara Rao, K. and Deepak Kumar (2026). India Flora Online, species treatment: Paramignya armata.",A,university_herbarium_regional_flora_species_treatment,indiaflora-ces.iisc.ac.in,en,"Key identification features: Flowers white, filaments woolly.",6419a603c07f8a225087f7521c5599a8972210d58d444098c1b86a0fd1ff809e,c89d093a54243cf83da5775af63f7c2c8a11a1c7a495aefb80eb9bf7ed10fba6,accepted_name_exact,wild_or_species_level_statement_not_cultivar_limited,accept,true,true,true,false,,"Accepted after exact species identity, source page or original-study statement, trait-specific ontology, lineage and content fingerprint review; mapping retained only for flower_primary_color.",Codex source-backed rule-unlock wave-2 audit,2026-08-12T09:35:00Z
efa307d81c3bac30aba1235a,Paris polyphylla,inflorescence_display,solitary,https://indiaflora-ces.iisc.ac.in/herbsheet.php?id=3520&cat=13,India Flora Online - Daiswa polyphylla,"Sankara Rao, K. and Deepak Kumar (2026). India Flora Online, species treatment: Daiswa polyphylla.",A,university_herbarium_regional_flora_species_treatment,indiaflora-ces.iisc.ac.in,en,"Key identification features: Rootstocks annulate; Leaves oblong or oblanceolate, acuminate, petioled, base rounded or acute; Flowers axillary, solitary, sessile or pedicelled, whitish to yellow; Berries green, fleshy, smooth, loculicidal; Seeds ovoid, scarlet.",281527d0f768457c634b769824a22db9840d0f60c7435d47814f430c48ee4f31,a38a83a57a3c8a1e87634b5b2f3e90ad0bc1303ea2f2194e9bf5154b3f02c96d,exact_synonym,wild_or_species_level_statement_not_cultivar_limited,accept,true,true,true,false,,"Accepted after exact species identity, source page or original-study statement, trait-specific ontology, lineage and content fingerprint review; mapping retained only for inflorescence_display.",Codex source-backed rule-unlock wave-2 audit,2026-08-12T09:35:00Z
a5b47692f3a47ec545b9ed17,Parishia insignis,flower_primary_color,yellow_orange,https://indiaflora-ces.iisc.ac.in/herbsheet.php?id=8697&cat=13,India Flora Online - Parishia insignis,"Sankara Rao, K. and Deepak Kumar (2026). India Flora Online, species treatment: Parishia insignis.",A,university_herbarium_regional_flora_species_treatment,indiaflora-ces.iisc.ac.in,en,"Key identification features: Flowers yellowish, tetramerous, in large pubescent panicles.",aa05aba2e351ab8fb6dd6dfc6f2f5ac53200017843e13eecc921949bd59c9b17,2e5f9bbf8987d66a828b5dd6f67c3cf02da4096cea99c918624e05e556139856,accepted_name_exact,wild_or_species_level_statement_not_cultivar_limited,accept,true,true,true,false,,"Accepted after exact species identity, source page or original-study statement, trait-specific ontology, lineage and content fingerprint review; mapping retained only for flower_primary_color.",Codex source-backed rule-unlock wave-2 audit,2026-08-12T09:35:00Z
b5c076b8f422374891ecf9e9,Parishia insignis,inflorescence_display,raceme_spike_panicle,https://indiaflora-ces.iisc.ac.in/herbsheet.php?id=8697&cat=13,India Flora Online - Parishia insignis,"Sankara Rao, K. and Deepak Kumar (2026). India Flora Online, species treatment: Parishia insignis.",A,university_herbarium_regional_flora_species_treatment,indiaflora-ces.iisc.ac.in,en,"Key identification features: Flowers yellowish, tetramerous, in large pubescent panicles.",aa05aba2e351ab8fb6dd6dfc6f2f5ac53200017843e13eecc921949bd59c9b17,2e5f9bbf8987d66a828b5dd6f67c3cf02da4096cea99c918624e05e556139856,accepted_name_exact,wild_or_species_level_statement_not_cultivar_limited,accept,true,true,true,false,,"Accepted after exact species identity, source page or original-study statement, trait-specific ontology, lineage and content fingerprint review; mapping retained only for inflorescence_display.",Codex source-backed rule-unlock wave-2 audit,2026-08-12T09:35:00Z
7dcabf7a3c0015ffe984aaec,Paropsia perrieri,flower_primary_color,white,https://plantuse.plantnet.org/en/Paropsia_perrieri_(PROTA),Paropsia perrieri (PROTA),"Oyen, L.P.A., 2010. Paropsia perrieri Claverie. [Internet] Record from PROTA4U. Brink, M. & Achigan-Dako, E.G. (Editors). PROTA (Plant Resources of Tropical Africa / Ressources végétales de l’Afrique tropicale), Wageningen, Netherlands.",A,expert_botanical_monograph_species_description,plantuse.plantnet.org,en,"petals 5, narrowly oblong, 8–10 mm × 3.5–4.5 mm, thinner than sepals, white, velvety on both surfaces",b25079d9e034563631aefbbe0d65cd26e6106bd826c10e95224329793f422277,5935ac1e2a6f69db2c896742eb5916fc5f09cc1336252deca1ca5d92fc9c7e00,accepted_name_exact,wild_or_species_level_monograph_not_cultivar_limited,accept,true,true,true,false,,"Accepted after exact species identity, source page or original-study statement, trait-specific ontology, lineage and content fingerprint review; mapping retained only for flower_primary_color.",Codex source-backed rule-unlock wave-2 audit,2026-08-12T09:35:00Z
9484655c2aa33020cfa29caa,Paropsia perrieri,inflorescence_display,umbel_corymb,https://plantuse.plantnet.org/en/Paropsia_perrieri_(PROTA),Paropsia perrieri (PROTA),"Oyen, L.P.A., 2010. Paropsia perrieri Claverie. [Internet] Record from PROTA4U. Brink, M. & Achigan-Dako, E.G. (Editors). PROTA (Plant Resources of Tropical Africa / Ressources végétales de l’Afrique tropicale), Wageningen, Netherlands.",A,expert_botanical_monograph_species_description,plantuse.plantnet.org,en,"Inflorescence an axillary cyme 2–10 mm long, on specialized branches bearing leaves, long-pedunculate, (1–)2–4-flowered",90e5cdad516532aa0d212c676ae09fad01c193a677846bc9d158a41079daeeff,732c52deeb75399516951bd8eaba8c7f5b4e6c33fce9fcdc0f0f2c503a012241,accepted_name_exact,wild_or_species_level_monograph_not_cultivar_limited,accept,true,true,true,false,,"Accepted after exact species identity, source page or original-study statement, trait-specific ontology, lineage and content fingerprint review; mapping retained only for inflorescence_display.",Codex source-backed rule-unlock wave-2 audit,2026-08-12T09:35:00Z
adf779b91eb434f76e44e2f7,Paspalum conjugatum,autonomous_selfing_capacity,autonomous,https://pmc.ncbi.nlm.nih.gov/articles/PMC3489146/,Pollination patterns and plant breeding systems in the Galapagos: a review,"Traveset et al. (2013), Annals of Botany 111:391-404, Table 1, DOI 10.1093/aob/mcs132",B,peer_reviewed_species_level_breeding_system_compilation,pmc.ncbi.nlm.nih.gov,en,"Table 1, Paspalum conjugatum: Autonomously self-pollinates: Yes; Self-compatible: Yes; References: 4, 6. The table footnote identifies the numbered original studies used for each species.",a64ed4c33e932b34a9d0d8afb41c286037c54261cbfff34620340392e7d4f148,d0310e02ba8c2c753032f0c48f7042527dca6465233f1227feb55e4c51213bfd,accepted_name_exact,wild_or_species_level_statement_not_cultivar_limited,accept,true,true,true,false,,"Accepted after exact species identity, source page or original-study statement, trait-specific ontology, lineage and content fingerprint review; mapping retained only for autonomous_selfing_capacity.",Codex source-backed rule-unlock wave-2 audit,2026-08-12T09:35:00Z
a24a064e6dc99487056b2372,Pectis tenuifolia,autonomous_selfing_capacity,autonomous,https://pmc.ncbi.nlm.nih.gov/articles/PMC3489146/,Pollination patterns and plant breeding systems in the Galapagos: a review,"Traveset et al. (2013), Annals of Botany 111:391-404, Table 1, DOI 10.1093/aob/mcs132",B,peer_reviewed_species_level_breeding_system_compilation,pmc.ncbi.nlm.nih.gov,en,"Table 1, Pectis tenuifolia: Autonomously self-pollinates: Yes; Self-compatible: Yes; References: 12. The table footnote identifies the numbered original studies used for each species.",6622ca102b441cc976e7292f1bce39d448beaca3cc716f80afef80eacc4e1d80,5f8539f3e07bbabacf3ae3ac5f1f2a92d35ceadef5f5f34721ab9fedaee84d8b,accepted_name_exact,wild_or_species_level_statement_not_cultivar_limited,accept,true,true,true,false,,"Accepted after exact species identity, source page or original-study statement, trait-specific ontology, lineage and content fingerprint review; mapping retained only for autonomous_selfing_capacity.",Codex source-backed rule-unlock wave-2 audit,2026-08-12T09:35:00Z
b030789d4a1639dab9750818,Pemphis acidula,self_incompatibility,SI,https://plantuse.plantnet.org/en/Pemphis_acidula_(PROTA),Pemphis acidula (PROTA),"Bosch, C.H., 2010. Pemphis acidula J.R.Forst. & G.Forst. In: Lemmens, R.H.M.J., Louppe, D. & Oteng-Amoako, A.A. (Editors). PROTA (Plant Resources of Tropical Africa / Ressources végétales de l’Afrique tropicale), Wageningen, Netherlands.",A,expert_botanical_monograph_species_description,plantuse.plantnet.org,en,Flowers are self-incompatible.,86f16ba4067f8435d396960976b9367a7d2ce54dce5c89b1fe8bf37cca30fdb7,18acce86994bcf0774585f992fb83c9577fca6fb6fe3a52b211ace0bf4900c1f,accepted_name_exact,wild_or_species_level_monograph_not_cultivar_limited,accept,true,true,true,false,,"Accepted after exact species identity, source page or original-study statement, trait-specific ontology, lineage and content fingerprint review; mapping retained only for self_incompatibility.",Codex source-backed rule-unlock wave-2 audit,2026-08-12T09:35:00Z
b394db51325acde0ce76fadc,Penianthus longifolius,floral_symmetry,actinomorphic,https://plantuse.plantnet.org/en/Penianthus_longifolius_(PROTA),Penianthus longifolius (PROTA),"Mosango, D.M., 2008. Penianthus longifolius Miers. In: Schmelzer, G.H. & Gurib-Fakim, A. (Editors). PROTA (Plant Resources of Tropical Africa / Ressources végétales de l’Afrique tropicale), Wageningen, Netherlands.",A,expert_botanical_monograph_species_description,plantuse.plantnet.org,en,"Flowers unisexual, regular",2275708adcf428cd8245d7f18c019fede3c71db632550bbadf9c216daab5a75b,6199904a35fd76284177d9d007717d84a03b7fb2eecc97ae0c02bf2ada65f1c9,accepted_name_exact,wild_or_species_level_monograph_not_cultivar_limited,accept,true,true,true,false,,"Accepted after exact species identity, source page or original-study statement, trait-specific ontology, lineage and content fingerprint review; mapping retained only for floral_symmetry.",Codex source-backed rule-unlock wave-2 audit,2026-08-12T09:35:00Z
af19b3479cc4ebb1d7bae132,Penianthus longifolius,inflorescence_display,composite_display,https://plantuse.plantnet.org/en/Penianthus_longifolius_(PROTA),Penianthus longifolius (PROTA),"Mosango, D.M., 2008. Penianthus longifolius Miers. In: Schmelzer, G.H. & Gurib-Fakim, A. (Editors). PROTA (Plant Resources of Tropical Africa / Ressources végétales de l’Afrique tropicale), Wageningen, Netherlands.",A,expert_botanical_monograph_species_description,plantuse.plantnet.org,en,"Inflorescence a 10–15-flowered, globose head, borne on branches",d6c457f7c02a8d4a673243f440e414cec84f5be16c83711466c20dbcee82daf8,7775b2b397af8b7fd2e7872db0fbef39da37b06c65bdad18be950d10e6692a11,accepted_name_exact,wild_or_species_level_monograph_not_cultivar_limited,accept,true,true,true,false,,"Accepted after exact species identity, source page or original-study statement, trait-specific ontology, lineage and content fingerprint review; mapping retained only for inflorescence_display.",Codex source-backed rule-unlock wave-2 audit,2026-08-12T09:35:00Z
7c193b153cff02ccbc00121c,Pennilabium struthio,flower_primary_color,blue_purple|red_pink|white|yellow_orange,https://indiaflora-ces.iisc.ac.in/herbsheet.php?id=13998&cat=13,India Flora Online - Pennilabium struthio,"Sankara Rao, K. and Deepak Kumar (2026). India Flora Online, species treatment: Pennilabium struthio.",A,university_herbarium_regional_flora_species_treatment,indiaflora-ces.iisc.ac.in,en,"Key identification features: Epiphytic herbs with reduced stem; leaves 3-5, oblong, obliquely emarginated at apex, undulate; raceme 3-6 flowered; flowers pale yellow with dark red spots; lip white with purple streaks on the mid-lobe.",ddeb01fb17fb009e273783ecbb05042003b79548ffaa077549a49ac1f85d5cbd,79d9be2204ffccf840a70a9d263ace8c7ac542b061b1100c3763c4ca6e355cff,accepted_name_exact,wild_or_species_level_statement_not_cultivar_limited,accept,true,true,true,false,,"Accepted after exact species identity, source page or original-study statement, trait-specific ontology, lineage and content fingerprint review; mapping retained only for flower_primary_color.",Codex source-backed rule-unlock wave-2 audit,2026-08-12T09:35:00Z
053a5d2a6ba3412e378bc192,Pennilabium struthio,inflorescence_display,raceme_spike_panicle,https://indiaflora-ces.iisc.ac.in/herbsheet.php?id=13998&cat=13,India Flora Online - Pennilabium struthio,"Sankara Rao, K. and Deepak Kumar (2026). India Flora Online, species treatment: Pennilabium struthio.",A,university_herbarium_regional_flora_species_treatment,indiaflora-ces.iisc.ac.in,en,"Key identification features: Epiphytic herbs with reduced stem; leaves 3-5, oblong, obliquely emarginated at apex, undulate; raceme 3-6 flowered; flowers pale yellow with dark red spots; lip white with purple streaks on the mid-lobe.",ddeb01fb17fb009e273783ecbb05042003b79548ffaa077549a49ac1f85d5cbd,79d9be2204ffccf840a70a9d263ace8c7ac542b061b1100c3763c4ca6e355cff,accepted_name_exact,wild_or_species_level_statement_not_cultivar_limited,accept,true,true,true,false,,"Accepted after exact species identity, source page or original-study statement, trait-specific ontology, lineage and content fingerprint review; mapping retained only for inflorescence_display.",Codex source-backed rule-unlock wave-2 audit,2026-08-12T09:35:00Z
2f6a65597fb1ba52307a643d,Pentadesma butyracea,floral_symmetry,actinomorphic,https://plantuse.plantnet.org/en/Pentadesma_butyracea_(PROTA),Pentadesma butyracea (PROTA),"Sinsin, B. & Avocévou, C., 2007. Pentadesma butyracea Sabine. In: van der Vossen, H.A.M. & Mkamilo, G.S. (Editors). PROTA (Plant Resources of Tropical Africa / Ressources végétales de l’Afrique tropicale), Wageningen, Netherlands.",A,expert_botanical_monograph_species_description,plantuse.plantnet.org,en,"Flowers bisexual, regular, 5-merous, yellowish or greenish white",48ed7e4ba883f63c6afd1b5ce6ac55db861d030cd5e274fff5acaa0e1b04c687,da4b74941ef49568bbce869c78e04ff5bd26732fcdb872333cb911b1c7d9be6f,accepted_name_exact,wild_or_species_level_monograph_not_cultivar_limited,accept,true,true,true,false,,"Accepted after exact species identity, source page or original-study statement, trait-specific ontology, lineage and content fingerprint review; mapping retained only for floral_symmetry.",Codex source-backed rule-unlock wave-2 audit,2026-08-12T09:35:00Z
5ffc84101c1372d001bed5fd,Pentadiplandra brazzeana,floral_symmetry,actinomorphic,https://plantuse.plantnet.org/en/Pentadiplandra_brazzeana_(PROTA),Pentadiplandra brazzeana (PROTA),"Dounias, E., 2008. Pentadiplandra brazzeana Baill. In: Schmelzer, G.H. & Gurib-Fakim, A. (Editors). PROTA (Plant Resources of Tropical Africa / Ressources végétales de l’Afrique tropicale), Wageningen, Netherlands.",A,expert_botanical_monograph_species_description,plantuse.plantnet.org,en,"Flowers unisexual or bisexual, regular, 5-merous",b70ed68b156d708697749e8d8c0e3613b115750ba79866906bf389e46133a756,b1951aecf77be0351c919ba46fc3c119b4fcf1dbfc35233080fc787db063d193,accepted_name_exact,wild_or_species_level_monograph_not_cultivar_limited,accept,true,true,true,false,,"Accepted after exact species identity, source page or original-study statement, trait-specific ontology, lineage and content fingerprint review; mapping retained only for floral_symmetry.",Codex source-backed rule-unlock wave-2 audit,2026-08-12T09:35:00Z
6c52b902eb4bead3f7699043,Pentadiplandra brazzeana,inflorescence_display,raceme_spike_panicle,https://plantuse.plantnet.org/en/Pentadiplandra_brazzeana_(PROTA),Pentadiplandra brazzeana (PROTA),"Dounias, E., 2008. Pentadiplandra brazzeana Baill. In: Schmelzer, G.H. & Gurib-Fakim, A. (Editors). PROTA (Plant Resources of Tropical Africa / Ressources végétales de l’Afrique tropicale), Wageningen, Netherlands.",A,expert_botanical_monograph_species_description,plantuse.plantnet.org,en,Inflorescence an axillary or terminal raceme,95e47149fa8e13b5f5696040b338fc7cdb27d57504b9ace7cb0017d735732fe7,4551a76f5d2c2520e5d99c792a4caac86bafd71c8079aebd2daa066b3527fbd4,accepted_name_exact,wild_or_species_level_monograph_not_cultivar_limited,accept,true,true,true,false,,"Accepted after exact species identity, source page or original-study statement, trait-specific ontology, lineage and content fingerprint review; mapping retained only for inflorescence_display.",Codex source-backed rule-unlock wave-2 audit,2026-08-12T09:35:00Z
1c1b3761e7e57e7f877f0406,Pentatropis nivalis,flower_primary_color,blue_purple|yellow_orange|green_brown_inconspicuous,https://plantuse.plantnet.org/en/Pentatropis_nivalis_(PROTA),Pentatropis nivalis (PROTA),"Schmelzer, G.H., 2012. Pentatropis nivalis (J.F.Gmel.) D.V.Field & J.R.I.Wood. In: Schmelzer, G.H. & Gurib-Fakim, A. (Editeurs). Prota 11(2): Medicinal plants/Plantes médicinales 2. PROTA, Wageningen, Pays Bas. *See this page on the Prota4U database.",A,expert_botanical_monograph_species_description,plantuse.plantnet.org,en,"corolla yellow, green to brownish purple, lobes triangular, 5–9 mm × 2–3 mm, fused at base, apex more or less long-acuminate, twisted, densely short-hairy inside",50f142ce563133d7b08089bd2865a2b25c25013e49f6b0047364f4f8c93eb178,9213d24f22a55faabdfdc792ef5735f77a44f71dd165af1bd097e5e0a4d5d967,accepted_name_exact,wild_or_species_level_monograph_not_cultivar_limited,accept,true,true,true,false,,"Accepted after exact species identity, source page or original-study statement, trait-specific ontology, lineage and content fingerprint review; mapping retained only for flower_primary_color.",Codex source-backed rule-unlock wave-2 audit,2026-08-12T09:35:00Z
08e0d5242b20efb2e2605377,Pentopetia androsaemifolia,flower_primary_color,green_brown_inconspicuous,https://plantuse.plantnet.org/en/Pentopetia_androsaemifolia_(PROTA),Pentopetia androsaemifolia (PROTA),"Schmelzer, G.H., 2012. Pentopetia androsaemifolia Decne. In: Schmelzer, G.H. & Gurib-Fakim, A. (Editors). Prota 11(2): Medicinal plants/Plantes médicinales 2. PROTA, Wageningen, Netherlands. *See this page on the Prota4U database.",A,expert_botanical_monograph_species_description,plantuse.plantnet.org,en,"sepals narrowly triangular to oblong or ovate, up to 3.5 mm long, apex rounded to acute, as long as the corolla tube, recurved, green",11d517c9e496e459c18f8750f6e2cb7cae4b4d4ac7a616086c3345c06f827611,69c65ff067fc41148f1b37a157e5f990c1e47862f5b820664c9c5dbcf7249376,accepted_name_exact,wild_or_species_level_monograph_not_cultivar_limited,accept,true,true,true,false,,"Accepted after exact species identity, source page or original-study statement, trait-specific ontology, lineage and content fingerprint review; mapping retained only for flower_primary_color.",Codex source-backed rule-unlock wave-2 audit,2026-08-12T09:35:00Z
5b5f7d17d81cf21820846521,Peplidium maritimum,inflorescence_display,solitary,https://indiaflora-ces.iisc.ac.in/herbsheet.php?id=8901&cat=13,India Flora Online - Peplidium maritimum,"Sankara Rao, K. and Deepak Kumar (2026). India Flora Online, species treatment: Peplidium maritimum.",A,university_herbarium_regional_flora_species_treatment,indiaflora-ces.iisc.ac.in,en,"Key identification features: Flowers white, axillary, solitary, sessile or 1-3 in fascisles.",b3a7dbb1ea5be61847d3f445b38c9a18447e72d41e34805030d056b746900f5b,dc2620e44c7f31bf938cc643e8dee9c702efd1f83722423f68bc7cde2d1c1a18,accepted_name_exact,wild_or_species_level_statement_not_cultivar_limited,accept,true,true,true,false,,"Accepted after exact species identity, source page or original-study statement, trait-specific ontology, lineage and content fingerprint review; mapping retained only for inflorescence_display.",Codex source-backed rule-unlock wave-2 audit,2026-08-12T09:35:00Z
23bdcf0c797594a6855fe1ce,Perriera madagascariensis,floral_symmetry,actinomorphic,https://plantuse.plantnet.org/en/Perriera_madagascariensis_(PROTA),Perriera madagascariensis (PROTA),"Bosch, C.H., 2008. Perriera madagascariensis Courchet. In: Schmelzer, G.H. & Gurib-Fakim, A. (Editors). PROTA (Plant Resources of Tropical Africa / Ressources végétales de l’Afrique tropicale), Wageningen, Netherlands.",A,expert_botanical_monograph_species_description,plantuse.plantnet.org,en,"Flowers male or bisexual, regular, 5(–6)-merous",3fd36624d95bb5f25b4b8fdf64605ba5e754322bd95d5b667c3a09161cc354e0,991201b992ef9ff4d7557edded8361359e0d9e7f2343d97994786f2a5b89633e,accepted_name_exact,wild_or_species_level_monograph_not_cultivar_limited,accept,true,true,true,false,,"Accepted after exact species identity, source page or original-study statement, trait-specific ontology, lineage and content fingerprint review; mapping retained only for floral_symmetry.",Codex source-backed rule-unlock wave-2 audit,2026-08-12T09:35:00Z
e0a70d9eedf7637601566454,Perriera madagascariensis,inflorescence_display,raceme_spike_panicle,https://plantuse.plantnet.org/en/Perriera_madagascariensis_(PROTA),Perriera madagascariensis (PROTA),"Bosch, C.H., 2008. Perriera madagascariensis Courchet. In: Schmelzer, G.H. & Gurib-Fakim, A. (Editors). PROTA (Plant Resources of Tropical Africa / Ressources végétales de l’Afrique tropicale), Wageningen, Netherlands.",A,expert_botanical_monograph_species_description,plantuse.plantnet.org,en,"Inflorescence an axillary panicle as long as the leaves or slightly longer, hairy.",fc7a269ffb234decb0126f4d2431766cb4798026df5d8cbc30932e6a6ca4444f,eff019c0bc8978bd3e0f148de8722f8f7100ac262848b56a60d1f85887e49d8e,accepted_name_exact,wild_or_species_level_monograph_not_cultivar_limited,accept,true,true,true,false,,"Accepted after exact species identity, source page or original-study statement, trait-specific ontology, lineage and content fingerprint review; mapping retained only for inflorescence_display.",Codex source-backed rule-unlock wave-2 audit,2026-08-12T09:35:00Z
8daa321073531495319028d4,Pervillaea venenata,flower_primary_color,blue_purple|red_pink|yellow_orange,https://plantuse.plantnet.org/en/Pervillaea_venenata_(PROTA),Pervillaea venenata (PROTA),"Schmelzer, G.H., 2011. Pervillaea venenata (Baill.) Klack. In: Schmelzer, G.H. & Gurib-Fakim, A. (Editors). PROTA (Plant Resources of Tropical Africa / Ressources végétales de l’Afrique tropicale), Wageningen, Netherlands.",A,expert_botanical_monograph_species_description,plantuse.plantnet.org,en,"corolla tube 1.5–2.5(–3.8) mm long, short-hairy on inside, lobes oblong, 4–11 mm × 1–2.5 mm, rounded, pale yellow to yellow with reddish to purple spots inside",f4c3e402d6b1019e95eb8d0da60762f7b4794d1dc73b2e4994febaca234d372e,59745f9b1159deb85337a3705302458eba092b230f260d328e4b9158b8006f61,accepted_name_exact,wild_or_species_level_monograph_not_cultivar_limited,accept,true,true,true,false,,"Accepted after exact species identity, source page or original-study statement, trait-specific ontology, lineage and content fingerprint review; mapping retained only for flower_primary_color.",Codex source-backed rule-unlock wave-2 audit,2026-08-12T09:35:00Z
724129cd2b080c48012d3ad8,Petersianthus macrocarpus,floral_symmetry,actinomorphic,https://plantuse.plantnet.org/en/Petersianthus_macrocarpus_(PROTA),Petersianthus macrocarpus (PROTA),"Owusu, F.W., 2012. Petersianthus macrocarpus (P.Beauv.) Liben. In: Lemmens, R.H.M.J., Louppe, D. & Oteng-Amoako, A.A. (Editors). PROTA (Plant Resources of Tropical Africa / Ressources végétales de l’Afrique tropicale), Wageningen, Netherlands.",A,expert_botanical_monograph_species_description,plantuse.plantnet.org,en,"*Flowers bisexual, regular, 4-merous",2c496cebf9ef49d6f5891259f4424378ca1bcf53e427066fff1452ec576d1624,03b6e9c090bb9c8abd97b05a2d9bff43c603ea7519d74f49eaff1478381ae3d5,accepted_name_exact,wild_or_species_level_monograph_not_cultivar_limited,accept,true,true,true,false,,"Accepted after exact species identity, source page or original-study statement, trait-specific ontology, lineage and content fingerprint review; mapping retained only for floral_symmetry.",Codex source-backed rule-unlock wave-2 audit,2026-08-12T09:35:00Z
485f8e44a0e55864996132dc,Petersianthus macrocarpus,inflorescence_display,raceme_spike_panicle,https://plantuse.plantnet.org/en/Petersianthus_macrocarpus_(PROTA),Petersianthus macrocarpus (PROTA),"Owusu, F.W., 2012. Petersianthus macrocarpus (P.Beauv.) Liben. In: Lemmens, R.H.M.J., Louppe, D. & Oteng-Amoako, A.A. (Editors). PROTA (Plant Resources of Tropical Africa / Ressources végétales de l’Afrique tropicale), Wageningen, Netherlands.",A,expert_botanical_monograph_species_description,plantuse.plantnet.org,en,"*Inflorescence a terminal panicle or raceme up to 10 cm long, short-hairy.",cfad2560bd19f024fe440e4fca162e5e09fc3d40cf242295e9c039c5d5e1205a,d2ee7a9568d4173510ae0f80ce228b8207bb0879d4d4499243ba74a97cd7c9fd,accepted_name_exact,wild_or_species_level_monograph_not_cultivar_limited,accept,true,true,true,false,,"Accepted after exact species identity, source page or original-study statement, trait-specific ontology, lineage and content fingerprint review; mapping retained only for inflorescence_display.",Codex source-backed rule-unlock wave-2 audit,2026-08-12T09:35:00Z
50739ca8160f3a5799b6db6c,Petiveria alliacea,floral_symmetry,zygomorphic,https://plantuse.plantnet.org/en/Petiveria_alliacea_(PROTA),Petiveria alliacea (PROTA),"Alegre, J.C. & Clavo, M., 2007. Petiveria alliacea L. In: Schmelzer, G.H. & Gurib-Fakim, A. (Editors). PROTA (Plant Resources of Tropical Africa / Ressources végétales de l’Afrique tropicale), Wageningen, Netherlands.",A,expert_botanical_monograph_species_description,plantuse.plantnet.org,en,"*Flowers bisexual, zygomorphic, 4-merous",6354b507c5802a3b9c003eadbb6a146f2ade172875e79162984b02c437aa2111,d8f54ad08f2843f6eadb5dd50842b50dca36f28cea4a845fc3543ebca1ebdbd9,accepted_name_exact,wild_or_species_level_monograph_not_cultivar_limited,accept,true,true,true,false,,"Accepted after exact species identity, source page or original-study statement, trait-specific ontology, lineage and content fingerprint review; mapping retained only for floral_symmetry.",Codex source-backed rule-unlock wave-2 audit,2026-08-12T09:35:00Z
3800b43eb9d0512e14e892b7,Petiveria alliacea,inflorescence_display,raceme_spike_panicle,https://plantuse.plantnet.org/en/Petiveria_alliacea_(PROTA),Petiveria alliacea (PROTA),"Alegre, J.C. & Clavo, M., 2007. Petiveria alliacea L. In: Schmelzer, G.H. & Gurib-Fakim, A. (Editors). PROTA (Plant Resources of Tropical Africa / Ressources végétales de l’Afrique tropicale), Wageningen, Netherlands.",A,expert_botanical_monograph_species_description,plantuse.plantnet.org,en,"*Inflorescence a terminal or axillary, slender, nodding raceme 10–30(–40) cm long, sometimes branched",bf17ca16bf355c26bb01605af5d66539c50363403843aecba521772b6d75430c,efabe6e1ba6d98a18d0f00fc80ec6ae782d4ba81ac68b7e8825e91a5b5e0717c,accepted_name_exact,wild_or_species_level_monograph_not_cultivar_limited,accept,true,true,true,false,,"Accepted after exact species identity, source page or original-study statement, trait-specific ontology, lineage and content fingerprint review; mapping retained only for inflorescence_display.",Codex source-backed rule-unlock wave-2 audit,2026-08-12T09:35:00Z
abab382b6cd1f62933f64222,Phaseolus acutifolius,flower_primary_color,blue_purple|red_pink|white,https://plantuse.plantnet.org/en/Phaseolus_acutifolius_(PROTA),Phaseolus acutifolius (PROTA),"Mogotsi, K.K., 2006. Phaseolus acutifolius A.Gray. In: Brink, M. & Belay, G. (Editors). PROTA (Plant Resources of Tropical Africa / Ressources végétales de l’Afrique tropicale), Wageningen, Netherlands.",A,expert_botanical_monograph_species_description,plantuse.plantnet.org,en,"corolla white, pink or pale lilac, standard half-reflexed, broad, emarginate, up to 1 cm long, wings up to 1.5 cm long, keel narrow, coiled",f61acff011761acf5e1504b83c532e0277edbba5baa6c0318a40927e163e2b77,dcc8934971262f69797f322829d56f60155d75a1bb518989d7739434478eed99,accepted_name_exact,wild_or_species_level_monograph_not_cultivar_limited,accept,true,true,true,false,,"Accepted after exact species identity, source page or original-study statement, trait-specific ontology, lineage and content fingerprint review; mapping retained only for flower_primary_color.",Codex source-backed rule-unlock wave-2 audit,2026-08-12T09:35:00Z
cac4c7a342c45c43fac04db5,Phoenix roebelenii,inflorescence_display,raceme_spike_panicle,https://syhuherbarium.sls.cuhk.edu.hk/collections/factsheet-pro/phoenix-roebelenii/,Phoenix roebelenii O'Brien | Shiu Ying Hu Herbarium Collections,"Shiu Ying Hu Herbarium Pro-Factsheet, Chinese University of Hong Kong (retrieved 2026-08-12)",C,university_herbarium_horticultural_species_factsheet,syhuherbarium.sls.cuhk.edu.hk,en,"Phoenix roebelenii O'Brien. Family Arecaceae (Palmae). Inflorescences: Position Axillary, Interfoliar; Type Panicle.",143729132261e9be31c9d810adf16886f7c1ab39773aebe4aaa3b03e1c1aed91,5909c6ab41b1b90a52d06dfab6b2de905c373a77f0bc485e9645540d59b030c2,accepted_name_exact,species_level_horticultural_record_not_cultivar_limited,accept,true,true,true,false,,"Accepted after exact species identity, source page or original-study statement, trait-specific ontology, lineage and content fingerprint review; mapping retained only for inflorescence_display.",Codex source-backed rule-unlock wave-2 audit,2026-08-12T09:35:00Z
79da0fa277731a5c1ff2721e,Phreatia elegans,flower_primary_color,white,https://indiaflora-ces.iisc.ac.in/herbsheet.php?id=9066&cat=13,India Flora Online - Phreatia elegans,"Sankara Rao, K. and Deepak Kumar (2026). India Flora Online, species treatment: Phreatia elegans.",A,university_herbarium_regional_flora_species_treatment,indiaflora-ces.iisc.ac.in,en,"Key identification features: Epiphytic herbs; Pseudobulbs compact, ovoid, compressed; Leaves narrowly elliptic; Flowers in axillary densely flowered racemes, white.",0dd6234e3013599943078ee1ff28b855aaa6f4454293bb43ae96ff48f7dd9d3a,5a192e3df016a75900862b31e349e467d018699ffd8a303294b6b9f1afcabd0f,accepted_name_exact,wild_or_species_level_statement_not_cultivar_limited,accept,true,true,true,false,,"Accepted after exact species identity, source page or original-study statement, trait-specific ontology, lineage and content fingerprint review; mapping retained only for flower_primary_color.",Codex source-backed rule-unlock wave-2 audit,2026-08-12T09:35:00Z
e614022b64e8e04d77f9dada,Phrynium pubinerve,inflorescence_display,raceme_spike_panicle,https://indiaflora-ces.iisc.ac.in/herbsheet.php?id=9068&cat=13,India Flora Online - Phrynium capitatum,"Sankara Rao, K. and Deepak Kumar (2026). India Flora Online, species treatment: Phrynium capitatum.",A,university_herbarium_regional_flora_species_treatment,indiaflora-ces.iisc.ac.in,en,"Key identification features: Rhizomatous herbs; Leaves oblong or ovate- oblong, cuspidate at apex; Spikes globose on upper half of petioles; peduncles hairy; bracts red, inner one with obtuse, scarious tip; Flowers purplish red; Capsules ellipsoid, woody.",11cf2a99e10a43590a6339a797d0f38f51c346e9beec3a71b5fcc48311c8fd08,18cc6570a56914813d4330292a1479a3729c9cda5cb282277d7ae19a6c18af6c,exact_synonym,wild_or_species_level_statement_not_cultivar_limited,accept,true,true,true,false,,"Accepted after exact species identity, source page or original-study statement, trait-specific ontology, lineage and content fingerprint review; mapping retained only for inflorescence_display.",Codex source-backed rule-unlock wave-2 audit,2026-08-12T09:35:00Z
210334393e34461f7c5bc374,Phyllachne colensoi,self_incompatibility,SC,https://academic.oup.com/aobpla/article/doi/10.1093/aobpla/plv095/1800409,Patterns in floral traits and plant breeding systems on Southern Ocean Islands,"Lord, J. M. (2015), AoB PLANTS 7:plv095, Supporting Information Table S1, DOI 10.1093/aobpla/plv095",B,peer_reviewed_species_level_compatibility_compilation,academic.oup.com,en,"Supporting Information Table S1: Phyllachne colensoi; compatibility and reference-number cell: SC; 32. The table defines SC as fully self-compatible, SCp as partially self-compatible, and SI as self-incompatible.",6b1bcc986ceec6a44aef4952f8e30f1b6597d7c6a0a623bbc79d4548c08a6b99,2bfd2e03dfce471c8b69451738fb6c794acaa6d745f0928ba867b95c21b7ed8e,accepted_name_exact,wild_or_species_level_statement_not_cultivar_limited,accept,true,true,true,false,,"Accepted after exact species identity, source page or original-study statement, trait-specific ontology, lineage and content fingerprint review; mapping retained only for self_incompatibility.",Codex source-backed rule-unlock wave-2 audit,2026-08-12T09:35:00Z
36ebd1ab31344ef04bc8624e,Phyllanthus bojerianus,flower_primary_color,white|green_brown_inconspicuous,https://plantuse.plantnet.org/en/Phyllanthus_bojerianus_(PROTA),Phyllanthus bojerianus (PROTA),"Jansen, P.C.M., 2005. Phyllanthus bojerianus (Baill.) Müll.Arg. In: Jansen, P.C.M. & Cardon, D. (Editors). PROTA (Plant Resources of Tropical Africa / Ressources végétales de l’Afrique tropicale), Wageningen, Netherlands.",A,expert_botanical_monograph_species_description,plantuse.plantnet.org,en,"*Flowers unisexual, regular, greenish white",9ca6eba270bd4749ba961672e0dea3b26762c6a0b73db273864c920386cba6a6,1aeb83422849c519b729e54e6376d9a11847b6335a690d14b788f3ecdffbe612,accepted_name_exact,wild_or_species_level_monograph_not_cultivar_limited,accept,true,true,true,false,,"Accepted after exact species identity, source page or original-study statement, trait-specific ontology, lineage and content fingerprint review; mapping retained only for flower_primary_color.",Codex source-backed rule-unlock wave-2 audit,2026-08-12T09:35:00Z
bcde488047512ba748f87b55,Phyllanthus glaucus,flower_primary_color,green_brown_inconspicuous|yellow_orange,https://indiaflora-ces.iisc.ac.in/herbsheet.php?id=14632&cat=13,India Flora Online - Hemicicca glauca,"Sankara Rao, K. and Deepak Kumar (2026). India Flora Online, species treatment: Hemicicca glauca.",A,university_herbarium_regional_flora_species_treatment,indiaflora-ces.iisc.ac.in,en,"Key identification features: Shrubs or small trees, 5-15 m high; branches divericate; Leaves distichous, broadly elliptic to obovate-oblong, glaucous beneath; Flowers axillary, solitary or in fascicles, yellow or greenish yellow; Fruits globose, purplish.",900095e5ec681b8dd5665e805f5d27229d1a9531fa9426bf8335010802f32619,646da06f9586a89ac712267ecbd787fbabaca2144af212bd3209a6fe39ee8479,exact_synonym,wild_or_species_level_statement_not_cultivar_limited,accept,true,true,true,false,,"Accepted after exact species identity, source page or original-study statement, trait-specific ontology, lineage and content fingerprint review; mapping retained only for flower_primary_color.",Codex source-backed rule-unlock wave-2 audit,2026-08-12T09:35:00Z
4f8f72fa308b13f2af4d801a,Phyllanthus parvifolius,flower_primary_color,blue_purple,https://indiaflora-ces.iisc.ac.in/herbsheet.php?id=9096&cat=13,India Flora Online - Phyllanthus parvifolius,"Sankara Rao, K. and Deepak Kumar (2026). India Flora Online, species treatment: Phyllanthus parvifolius.",A,university_herbarium_regional_flora_species_treatment,indiaflora-ces.iisc.ac.in,en,"Key identification features: Shrubs, 1 2.5 m high; branches upright, slender, chocolate; Leaves obovate, elliptic or obovate-elliptic, glaucous beneath; Flowers axillary, solitary or in fascicles, purplish; Capsules globose, purplish.",30c0a0a08b6ef9a53772f79ebfe1dffe6819376272d54c60458ac4bef357296c,505aa6751e9f7ea3dc97507b1fea4196ecb301bddbdfa806acca57cbb315d0f1,accepted_name_exact,wild_or_species_level_statement_not_cultivar_limited,accept,true,true,true,false,,"Accepted after exact species identity, source page or original-study statement, trait-specific ontology, lineage and content fingerprint review; mapping retained only for flower_primary_color.",Codex source-backed rule-unlock wave-2 audit,2026-08-12T09:35:00Z
5aac64c9d1b5f712e8a72fa7,Phyllocosmus africanus,floral_symmetry,actinomorphic,https://plantuse.plantnet.org/en/Phyllocosmus_africanus_(PROTA),Phyllocosmus africanus (PROTA),"Lemmens, R.H.M.J., 2012. Phyllocosmus africanus (Hook.f.) Klotzsch. In: Lemmens, R.H.M.J., Louppe, D. & Oteng-Amoako, A.A. (Editors). PROTA (Plant Resources of Tropical Africa / Ressources végétales de l’Afrique tropicale), Wageningen, Netherlands.",A,expert_botanical_monograph_species_description,plantuse.plantnet.org,en,"*Flowers bisexual, regular, 5-merous",2a50b18e650933ea2abdc0e5f54a6617119449e9ffe6267bb11f4fd62710b2c5,d84b8528a01856493a5edd8701a5100a89e5a8e94030490bb13094bd3aceb1b8,accepted_name_exact,wild_or_species_level_monograph_not_cultivar_limited,accept,true,true,true,false,,"Accepted after exact species identity, source page or original-study statement, trait-specific ontology, lineage and content fingerprint review; mapping retained only for floral_symmetry.",Codex source-backed rule-unlock wave-2 audit,2026-08-12T09:35:00Z
995518306f97fe1bd3864b5b,Phyllocosmus africanus,inflorescence_display,raceme_spike_panicle,https://plantuse.plantnet.org/en/Phyllocosmus_africanus_(PROTA),Phyllocosmus africanus (PROTA),"Lemmens, R.H.M.J., 2012. Phyllocosmus africanus (Hook.f.) Klotzsch. In: Lemmens, R.H.M.J., Louppe, D. & Oteng-Amoako, A.A. (Editors). PROTA (Plant Resources of Tropical Africa / Ressources végétales de l’Afrique tropicale), Wageningen, Netherlands.",A,expert_botanical_monograph_species_description,plantuse.plantnet.org,en,"*Inflorescence an axillary raceme up to 10 cm long, short-hairy.",8f5752df59a7fc5abbb2a145037c35665ab4e1d29434b74f8222b7f7328645c2,7171b04836fb32e1d0d494068ed5c92a0caabcf24bca37fbcc727415f978755d,accepted_name_exact,wild_or_species_level_monograph_not_cultivar_limited,accept,true,true,true,false,,"Accepted after exact species identity, source page or original-study statement, trait-specific ontology, lineage and content fingerprint review; mapping retained only for inflorescence_display.",Codex source-backed rule-unlock wave-2 audit,2026-08-12T09:35:00Z
743f1debd55624663ce44004,Phylloxylon perrieri,flower_primary_color,blue_purple|red_pink,https://plantuse.plantnet.org/en/Phylloxylon_perrieri_(PROTA),Phylloxylon perrieri (PROTA),"Lemmens, R.H.M.J., 2008. Phylloxylon perrieri Drake. In: Louppe, D., Oteng-Amoako, A.A. & Brink, M. (Editors). PROTA (Plant Resources of Tropical Africa / Ressources végétales de l’Afrique tropicale), Wageningen, Netherlands.",A,expert_botanical_monograph_species_description,plantuse.plantnet.org,en,"corolla pink to pale purple, with narrowly elliptical standard c.",74fb886915ae01f03704a8c55dd22c8c799036cf24ab527adeba5a74909125f8,274efaccbe1c4f3ee8a22ec7fa3c1a58537082bf24418c3690ffa901c52e6788,accepted_name_exact,wild_or_species_level_monograph_not_cultivar_limited,accept,true,true,true,false,,"Accepted after exact species identity, source page or original-study statement, trait-specific ontology, lineage and content fingerprint review; mapping retained only for flower_primary_color.",Codex source-backed rule-unlock wave-2 audit,2026-08-12T09:35:00Z
5fc5744abe26b7b66057baab,Picralima nitida,flower_primary_color,white|yellow_orange|green_brown_inconspicuous,https://plantuse.plantnet.org/en/Picralima_nitida_(PROTA),Picralima nitida (PROTA),"N. NyunaÏ & N. Njifutié, 2011. Picralima nitida (Stapf) T.Durand & H.Durand. In: Schmelzer, G.H. & Gurib-Fakim, A. (Editors). PROTA (Plant Resources of Tropical Africa / Ressources végétales de l’Afrique tropicale), Wageningen, Netherlands.",A,expert_botanical_monograph_species_description,plantuse.plantnet.org,en,"corolla with fleshy cylindrical tube 25–45 mm long, hairy inside and narrowed below the insertion of the stamens, often greenish, lobes ovate, 14–30 mm × 6–10 mm, apex obtuse, spreading or erect, white to yellow",70af9b26a00983fe36996c46b02c4ff5a5cbe8dbd784155deffb9e00d6872795,3154ee952bb64a0c6dd46f8982098a208e666945564fa9cffa22c73f71993b25,accepted_name_exact,wild_or_species_level_monograph_not_cultivar_limited,accept,true,true,true,false,,"Accepted after exact species identity, source page or original-study statement, trait-specific ontology, lineage and content fingerprint review; mapping retained only for flower_primary_color.",Codex source-backed rule-unlock wave-2 audit,2026-08-12T09:35:00Z
0aaf08c1782e53faa2b05c2f,Pilea serpyllacea,flower_primary_color,red_pink,https://indiaflora-ces.iisc.ac.in/herbsheet.php?id=14020&cat=13,India Flora Online - Pilea serpyllacea,"Sankara Rao, K. and Deepak Kumar (2026). India Flora Online, species treatment: Pilea serpyllacea.",A,university_herbarium_regional_flora_species_treatment,indiaflora-ces.iisc.ac.in,en,"Key identification features: Fern-like succulent perennial herb, this species forms a thick cover with its many spreading branches; Leaves tiny, mid green, fleshy, upright slightly arching stems; Flowers tiny, urn shaped, red.",7dfe7f9dbf5827de7f8bd8a9647aa95e81119d289af75569323dd23c5630fd98,0fefaa225324e761a6011c7edc95c70bcef7390f63a199b06c2127120cf18f29,accepted_name_exact,wild_or_species_level_statement_not_cultivar_limited,accept,true,true,true,false,,"Accepted after exact species identity, source page or original-study statement, trait-specific ontology, lineage and content fingerprint review; mapping retained only for flower_primary_color.",Codex source-backed rule-unlock wave-2 audit,2026-08-12T09:35:00Z
078116164336f1e2acea1e2b,Pinalia bractescens,flower_primary_color,yellow_orange,https://indiaflora-ces.iisc.ac.in/herbsheet.php?id=13362&cat=13,India Flora Online - Eria bractescens,"Sankara Rao, K. and Deepak Kumar (2026). India Flora Online, species treatment: Eria bractescens.",A,university_herbarium_regional_flora_species_treatment,indiaflora-ces.iisc.ac.in,en,Key identification features: Epiphytic herbs; Pseudobulbs narrowly cylindric; Leaves elliptic-oblong; Flowers pale yellow.,6bafd2ecf6da3bc27e96ae3706cd0c05e5eace9ed24038b5e956dab3ef34a52c,fc467dc795aff2d9b499a9988b9a035b7104311f7c8016314e4db76379eb2ca2,exact_synonym,wild_or_species_level_statement_not_cultivar_limited,accept,true,true,true,false,,"Accepted after exact species identity, source page or original-study statement, trait-specific ontology, lineage and content fingerprint review; mapping retained only for flower_primary_color.",Codex source-backed rule-unlock wave-2 audit,2026-08-12T09:35:00Z
943b75d8d8f5c9a53aaeb988,Pittosporum podocarpum,flower_primary_color,yellow_orange,https://indiaflora-ces.iisc.ac.in/herbsheet.php?id=12710&cat=13,India Flora Online - Pittosporum podocarpum,"Sankara Rao, K. and Deepak Kumar (2026). India Flora Online, species treatment: Pittosporum podocarpum.",A,university_herbarium_regional_flora_species_treatment,indiaflora-ces.iisc.ac.in,en,"Key identification features: Shrub or Tree up to 8 m tall; Leaves oblong-Ianceolate; Flowers 1.2- 1.S em long, yellow; Capsules ellipsoid with smell of mango; aril orange red.",1a42352f27b89562378cf57fd98946b26ba74c823da6b7d1a397e4d666ea4813,e152ccd23d5b536ff0102ec98230e8c0c3d14e287bc424844316bc4b5ed98eab,accepted_name_exact,wild_or_species_level_statement_not_cultivar_limited,accept,true,true,true,false,,"Accepted after exact species identity, source page or original-study statement, trait-specific ontology, lineage and content fingerprint review; mapping retained only for flower_primary_color.",Codex source-backed rule-unlock wave-2 audit,2026-08-12T09:35:00Z
1242de2156a60cdc8989aba8,Plantago barbata,self_incompatibility,SC,https://academic.oup.com/aobpla/article/doi/10.1093/aobpla/plv095/1800409,Patterns in floral traits and plant breeding systems on Southern Ocean Islands,"Lord, J. M. (2015), AoB PLANTS 7:plv095, Supporting Information Table S1, DOI 10.1093/aobpla/plv095",B,peer_reviewed_species_level_compatibility_compilation,academic.oup.com,en,"Supporting Information Table S1: Plantago barbata; compatibility and reference-number cell: SC; 5. The table defines SC as fully self-compatible, SCp as partially self-compatible, and SI as self-incompatible.",697f7f25901b46a6b6d6f8f812421c11b42643ed08c49486b7ab2cb6185251be,172d3f123498c6dd9cb7dbf1f776645da5db7bdcc630bdde97aef00fd390a6dd,accepted_name_exact,wild_or_species_level_statement_not_cultivar_limited,accept,true,true,true,false,,"Accepted after exact species identity, source page or original-study statement, trait-specific ontology, lineage and content fingerprint review; mapping retained only for self_incompatibility.",Codex source-backed rule-unlock wave-2 audit,2026-08-12T09:35:00Z
c8aa4475fbb83b4ec59a0670,Pleioluma balansana,flower_primary_color,white,https://doi.org/10.1071/SB17040,"Phylogeny, species delimitation and revision of Pleioluma (Sapotaceae) in New Caledonia, a frequently gynodioecious genus","Swenson, Nylander & Munzinger (2018), Australian Systematic Botany 31:120-165, DOI 10.1071/SB17040, p. 135",A,peer_reviewed_primary_taxonomic_revision,doi.org,en,"Pleioluma balansana (Pierre ex Baill.) Swenson & Munzinger. Flowers 5-merous, 1-5 per fascicle; pedicel 2-5 mm long, usually at least 0.7 mm wide, tomentulose. Sepals 1.0-2.0 (-2.5) mm long with the same indument as the pedicel. Corolla cream, with white-edged corolla lobes, 2.5-3.5 mm long.",23c6a2ca9d951b31c15f083c69d658dd570df96505188a02f59f2e458eb2a2b8,902434f84db9b418a67c926bd88b3daa2185fb1d71eb91879d745a27b374d01f,accepted_name_exact,wild_or_species_level_statement_not_cultivar_limited,accept,true,true,true,false,,"Accepted after exact species identity, source page or original-study statement, trait-specific ontology, lineage and content fingerprint review; mapping retained only for flower_primary_color.",Codex source-backed rule-unlock wave-2 audit,2026-08-12T09:35:00Z
6af153034da0f94173121888,Pleiospermium alatum,flower_primary_color,white,https://indiaflora-ces.iisc.ac.in/herbsheet.php?id=9290&cat=13,India Flora Online - Pleiospermium alatum,"Sankara Rao, K. and Deepak Kumar (2026). India Flora Online, species treatment: Pleiospermium alatum.",A,university_herbarium_regional_flora_species_treatment,indiaflora-ces.iisc.ac.in,en,"Key identification features: Flowers white, fragrant, in axillary or terminal cymes; petals 4-5, reflexed; stamens double the number of petals; filament flattened.",11d68ee5cdb72f307360efa2dfa1237af1f3638270b0ac9f3268df7ea23e3493,8a74719c1010627c6a472c28914fe986958800d9a3a888e844b697a3a03ca3a3,accepted_name_exact,wild_or_species_level_statement_not_cultivar_limited,accept,true,true,true,false,,"Accepted after exact species identity, source page or original-study statement, trait-specific ontology, lineage and content fingerprint review; mapping retained only for flower_primary_color.",Codex source-backed rule-unlock wave-2 audit,2026-08-12T09:35:00Z
4a9567b5646eb7deaa8cf57d,Pleiospermium alatum,inflorescence_display,umbel_corymb,https://indiaflora-ces.iisc.ac.in/herbsheet.php?id=9290&cat=13,India Flora Online - Pleiospermium alatum,"Sankara Rao, K. and Deepak Kumar (2026). India Flora Online, species treatment: Pleiospermium alatum.",A,university_herbarium_regional_flora_species_treatment,indiaflora-ces.iisc.ac.in,en,"Key identification features: Flowers white, fragrant, in axillary or terminal cymes; petals 4-5, reflexed; stamens double the number of petals; filament flattened.",11d68ee5cdb72f307360efa2dfa1237af1f3638270b0ac9f3268df7ea23e3493,8a74719c1010627c6a472c28914fe986958800d9a3a888e844b697a3a03ca3a3,accepted_name_exact,wild_or_species_level_statement_not_cultivar_limited,accept,true,true,true,false,,"Accepted after exact species identity, source page or original-study statement, trait-specific ontology, lineage and content fingerprint review; mapping retained only for inflorescence_display.",Codex source-backed rule-unlock wave-2 audit,2026-08-12T09:35:00Z
3766af8996b7be9d2c842ed8,Pollia hasskarlii,inflorescence_display,raceme_spike_panicle,https://indiaflora-ces.iisc.ac.in/herbsheet.php?id=13554&cat=13,India Flora Online - Pollia hasskarlii,"Sankara Rao, K. and Deepak Kumar (2026). India Flora Online, species treatment: Pollia hasskarlii.",A,university_herbarium_regional_flora_species_treatment,indiaflora-ces.iisc.ac.in,en,"Key identification features: Annual, stout, erect, herbs; Leaves lanceolate or oblanceolate; Inflorescence an erect panicle; Petals white.",8f39fdbb8f90a5d995db63e0e95cbcf803356749156b7c542ac70e0b11450977,f2f3e699c5afdb484e3108b8a8fb499e8b64ed628f099eaf92a4b81cc5ea8f10,accepted_name_exact,wild_or_species_level_statement_not_cultivar_limited,accept,true,true,true,false,,"Accepted after exact species identity, source page or original-study statement, trait-specific ontology, lineage and content fingerprint review; mapping retained only for inflorescence_display.",Codex source-backed rule-unlock wave-2 audit,2026-08-12T09:35:00Z
df4702c0a851760bf943ebbb,Pollia secundiflora,flower_size_class,small,https://indiaflora-ces.iisc.ac.in/herbsheet.php?id=9391&cat=13,India Flora Online - Pollia secundiflora,"Sankara Rao, K. and Deepak Kumar (2026). India Flora Online, species treatment: Pollia secundiflora.",A,university_herbarium_regional_flora_species_treatment,indiaflora-ces.iisc.ac.in,en,"Key identification features: Flowers 6-8 mm across; perianth glabrous, clawed, white.",dede21eb9a60108e95ff98e9b769d519cbe91a9bd7c3187124b1850bc8fe8412,0d65dd425a97f23c7ad14439f5aed30477775c1f9463cc24a5a2346cee811c4f,accepted_name_exact,wild_or_species_level_statement_not_cultivar_limited,accept,true,true,true,false,,"Accepted after exact species identity, source page or original-study statement, trait-specific ontology, lineage and content fingerprint review; mapping retained only for flower_size_class.",Codex source-backed rule-unlock wave-2 audit,2026-08-12T09:35:00Z
2f542c6a1ab8106815b48e8b,Pollia secundiflora,inflorescence_display,raceme_spike_panicle,https://indiaflora-ces.iisc.ac.in/herbsheet.php?id=9391&cat=13,India Flora Online - Pollia secundiflora,"Sankara Rao, K. and Deepak Kumar (2026). India Flora Online, species treatment: Pollia secundiflora.",A,university_herbarium_regional_flora_species_treatment,indiaflora-ces.iisc.ac.in,en,"Key identification features: Inflorescence terminal, thyrsoid panicles.",fa9f0cc092fadbe67387af16a0e63670f498e32b9abcd89b3dba08b7ace0bbb6,c4f83f59db42900ef3c31ce554bd40d7150d9b563c368e04d56a4a267cf34c13,accepted_name_exact,wild_or_species_level_statement_not_cultivar_limited,accept,true,true,true,false,,"Accepted after exact species identity, source page or original-study statement, trait-specific ontology, lineage and content fingerprint review; mapping retained only for inflorescence_display.",Codex source-backed rule-unlock wave-2 audit,2026-08-12T09:35:00Z
bcce0a1fbc4669a4973d72c2,Polycarpaea corymbosa,inflorescence_display,umbel_corymb,https://bsi.gov.in/uploads/documents/Public_Information/publication/books/district_flora_latest/Flora%20of%20Sindhudurg.pdf,Flora of Sindhudurg,"Kulkarni, B.G. (1988), Flora of Sindhudurg, Botanical Survey of India, p. 33",A,government_flora_species_description,bsi.gov.in,en,"Polycarpaea corymbosa (L.) Lamk. Erect, branched herbs, tomentose. Leaves fascicled at nodes, 1-2 x 0.1 cm, linear-lanceolate. Flowers in terminal or axillary corymbose cymes; sepals silvery white or pink, longer than petals, petals about 0.12 cm long. Capsules ovoid, 3-valved.",758a53bbb38a49548a113635d5011d5f1e6d51a016527e0e9e33f268298429f3,13cef7114a174e8c2d1b85e8ca3c9da79ed3967be1ad1a5bc3dd0b52a010e94b,accepted_name_exact,wild_or_species_level_statement_not_cultivar_limited,accept,true,true,true,false,,"Accepted after exact species identity, source page or original-study statement, trait-specific ontology, lineage and content fingerprint review; mapping retained only for inflorescence_display.",Codex source-backed rule-unlock wave-2 audit,2026-08-12T09:35:00Z
b723f36bde9fabd7291035a4,Polygala abyssinica,flower_primary_color,blue_purple|red_pink,https://indiaflora-ces.iisc.ac.in/herbsheet.php?id=9415&cat=13,India Flora Online - Polygala abyssinica,"Sankara Rao, K. and Deepak Kumar (2026). India Flora Online, species treatment: Polygala abyssinica.",A,university_herbarium_regional_flora_species_treatment,indiaflora-ces.iisc.ac.in,en,"Key identification features: Perennial herb; Lowers leaves obovate or oblong, upper leaves linear; Flowers pink or purple in terminal raceme; Fruits hairy, oblong, winged.",39d8f31cc210eb6ae29afafb65de0ae6702d363bde171f265552475a66de61fa,e6858bac76d6d191f1d76640464bddbead8c43ebc54f131f9598fead099ab7bd,accepted_name_exact,wild_or_species_level_statement_not_cultivar_limited,accept,true,true,true,false,,"Accepted after exact species identity, source page or original-study statement, trait-specific ontology, lineage and content fingerprint review; mapping retained only for flower_primary_color.",Codex source-backed rule-unlock wave-2 audit,2026-08-12T09:35:00Z
6dfadeb259d98eaac17c2bc0,Polygala arvensis,flower_primary_color,yellow_orange,https://indiaflora-ces.iisc.ac.in/herbsheet.php?id=9417&cat=13,India Flora Online - Polygala arvensis,"Sankara Rao, K. and Deepak Kumar (2026). India Flora Online, species treatment: Polygala arvensis.",A,university_herbarium_regional_flora_species_treatment,indiaflora-ces.iisc.ac.in,en,"Key identification features: Annual, pubescent, usually procumbent herbs; Leaves obovate, linear oblong, mucronate; Inflorescence axillary dense racemes; Flowers yellow; Capsules elliptic oblong, emarginate, glabrous.",a96f9ef5376364ed2a7219b7025ce6f920311ddd0ba0af1fbf5e95ce4832c49e,777a0a9156775a7fc4f549dbe50ed39be7db1c3f006535e2fd7aeddc988b0e9e,accepted_name_exact,species_level_cultivated_record_not_cultivar_limited,accept,true,true,true,false,,"Accepted after exact species identity, source page or original-study statement, trait-specific ontology, lineage and content fingerprint review; mapping retained only for flower_primary_color.",Codex source-backed rule-unlock wave-2 audit,2026-08-12T09:35:00Z
5cbcd60667a7060f858b4a8b,Polygala linarifolia,flower_primary_color,red_pink,https://indiaflora-ces.iisc.ac.in/herbsheet.php?id=9427&cat=13,India Flora Online - Polygala linarifolia,"Sankara Rao, K. and Deepak Kumar (2026). India Flora Online, species treatment: Polygala linarifolia.",A,university_herbarium_regional_flora_species_treatment,indiaflora-ces.iisc.ac.in,en,"Key identification features: Leaves linear, lanceolate; Flowers pink; Fruits ciliate.",068f2f3302f86e550458c9968fb9096457ebba278ad65ebec780827e672e5cbe,f6ed9f3ca16d8bf540f29d4bec540fc03c60db00197bab0cc710677d2728fa4f,accepted_name_exact,wild_or_species_level_statement_not_cultivar_limited,accept,true,true,true,false,,"Accepted after exact species identity, source page or original-study statement, trait-specific ontology, lineage and content fingerprint review; mapping retained only for flower_primary_color.",Codex source-backed rule-unlock wave-2 audit,2026-08-12T09:35:00Z
d5be15691e5d52a1134772af,Pongamiopsis pervilleana,flower_primary_color,blue_purple|white,https://plantuse.plantnet.org/en/Pongamiopsis_pervilleana_(PROTA),Pongamiopsis pervilleana (PROTA),"Lemmens, R.H.M.J., 2007. Pongamiopsis pervilleana (Baill.) R.Vig. In: Louppe, D., Oteng-Amoako, A.A. & Brink, M. (Editors). PROTA (Plant Resources of Tropical Africa / Ressources végétales de l’Afrique tropicale), Wageningen, Netherlands.",A,expert_botanical_monograph_species_description,plantuse.plantnet.org,en,"corolla pale purplish, standard circular, 8–10 mm in diameter, with whitish basal spot, wings and keel about as long as standard",e0b9ce8020909edea6f66a26e0bcce47833b6b4a79a73a503e7fe3b19a8a2e3c,b878a06293356ef6427e4e79e5e032ebb3746247c60a1c44b64d22d2f30b7dfe,accepted_name_exact,wild_or_species_level_monograph_not_cultivar_limited,accept,true,true,true,false,,"Accepted after exact species identity, source page or original-study statement, trait-specific ontology, lineage and content fingerprint review; mapping retained only for flower_primary_color.",Codex source-backed rule-unlock wave-2 audit,2026-08-12T09:35:00Z
a2b424bba056777526427d3c,Poupartia silvatica,floral_symmetry,actinomorphic,https://plantuse.plantnet.org/en/Poupartia_silvatica_(PROTA),Poupartia silvatica (PROTA),"Lemmens, R.H.M.J., 2009. Poupartia silvatica H.Perrier. In: Lemmens, R.H.M.J., Louppe, D. & Oteng-Amoako, A.A. (Editors). PROTA (Plant Resources of Tropical Africa / Ressources végétales de l’Afrique tropicale), Wageningen, Netherlands.",A,expert_botanical_monograph_species_description,plantuse.plantnet.org,en,"*Flowers unisexual, regular, 5-merous, whitish",a8360e437a95ee998471960945a124cd3ff651318693a57c2a07129ab2de45cb,3675a79cf160f682d32107a10e61b2964d03eb4535f92f4630b1823cccc7e385,accepted_name_exact,wild_or_species_level_monograph_not_cultivar_limited,accept,true,true,true,false,,"Accepted after exact species identity, source page or original-study statement, trait-specific ontology, lineage and content fingerprint review; mapping retained only for floral_symmetry.",Codex source-backed rule-unlock wave-2 audit,2026-08-12T09:35:00Z
2c16ab13d5fd5e359eb27a4c,Poupartia silvatica,flower_primary_color,white,https://plantuse.plantnet.org/en/Poupartia_silvatica_(PROTA),Poupartia silvatica (PROTA),"Lemmens, R.H.M.J., 2009. Poupartia silvatica H.Perrier. In: Lemmens, R.H.M.J., Louppe, D. & Oteng-Amoako, A.A. (Editors). PROTA (Plant Resources of Tropical Africa / Ressources végétales de l’Afrique tropicale), Wageningen, Netherlands.",A,expert_botanical_monograph_species_description,plantuse.plantnet.org,en,"*Flowers unisexual, regular, 5-merous, whitish",a8360e437a95ee998471960945a124cd3ff651318693a57c2a07129ab2de45cb,3675a79cf160f682d32107a10e61b2964d03eb4535f92f4630b1823cccc7e385,accepted_name_exact,wild_or_species_level_monograph_not_cultivar_limited,accept,true,true,true,false,,"Accepted after exact species identity, source page or original-study statement, trait-specific ontology, lineage and content fingerprint review; mapping retained only for flower_primary_color.",Codex source-backed rule-unlock wave-2 audit,2026-08-12T09:35:00Z
e540872c43e57e7a5d5ea203,Poupartia silvatica,inflorescence_display,raceme_spike_panicle,https://plantuse.plantnet.org/en/Poupartia_silvatica_(PROTA),Poupartia silvatica (PROTA),"Lemmens, R.H.M.J., 2009. Poupartia silvatica H.Perrier. In: Lemmens, R.H.M.J., Louppe, D. & Oteng-Amoako, A.A. (Editors). PROTA (Plant Resources of Tropical Africa / Ressources végétales de l’Afrique tropicale), Wageningen, Netherlands.",A,expert_botanical_monograph_species_description,plantuse.plantnet.org,en,"*Inflorescence an axillary panicle or raceme up to 15 cm long, short-hairy.",780315ba9d8be308a5beffc92db7899174670c67c38ebd21a01b40e8c30819cf,e33fe33d3830eeb564cd2030a3cc264faef7feec138909de75db6a2d94240474,accepted_name_exact,wild_or_species_level_monograph_not_cultivar_limited,accept,true,true,true,false,,"Accepted after exact species identity, source page or original-study statement, trait-specific ontology, lineage and content fingerprint review; mapping retained only for inflorescence_display.",Codex source-backed rule-unlock wave-2 audit,2026-08-12T09:35:00Z
ef5ca4aea9019230bccc3245,Pouzolzia sanguinea,flower_primary_color,green_brown_inconspicuous|white,https://indiaflora-ces.iisc.ac.in/herbsheet.php?id=9611&cat=13,India Flora Online - Pouzolzia sanguinea,"Sankara Rao, K. and Deepak Kumar (2026). India Flora Online, species treatment: Pouzolzia sanguinea.",A,university_herbarium_regional_flora_species_treatment,indiaflora-ces.iisc.ac.in,en,"Key identification features: Erect herbs or undershrubs; bark brownish; Leaf blade lanceolate to ovate, 3-19 × 1.5-6 cm, margin with 8-19 teeth on each side; apex acuminate; Flowers in axillary clusters, greenish white; Achenes ovoid.",7f617f5e5583af7ffc4e7f52939069c228b1b500bedacee5abebbcbfa8109cf0,6e3b8354285c02cc7a7232e7b8eb7585544c02dd16c321cd0385f5ad0d68f5f2,accepted_name_exact,wild_or_species_level_statement_not_cultivar_limited,accept,true,true,true,false,,"Accepted after exact species identity, source page or original-study statement, trait-specific ontology, lineage and content fingerprint review; mapping retained only for flower_primary_color.",Codex source-backed rule-unlock wave-2 audit,2026-08-12T09:35:00Z
c18702429b5495597a4d97c1,Procris crenata,flower_primary_color,green_brown_inconspicuous,https://indiaflora-ces.iisc.ac.in/herbsheet.php?id=9680&cat=13,India Flora Online - Procris crenata,"Sankara Rao, K. and Deepak Kumar (2026). India Flora Online, species treatment: Procris crenata.",A,university_herbarium_regional_flora_species_treatment,indiaflora-ces.iisc.ac.in,en,"Key identification features: Perennial herbs, up to 1 m high; Leaves obliquely lanceolate, acuminate, distantly crenate; Flowers greenish in small, fleshy, clustered cymes; Achenes ovoid, compressed, striate.",5ac96bf08ecd52b54604f750619f370c3f9d180104ef2249c8fff0ef71964b44,6d265462de97dfea04fe99fac7e2f22a0c60b115ef3e4ecffaa1c464d01e8ee1,accepted_name_exact,wild_or_species_level_statement_not_cultivar_limited,accept,true,true,true,false,,"Accepted after exact species identity, source page or original-study statement, trait-specific ontology, lineage and content fingerprint review; mapping retained only for flower_primary_color.",Codex source-backed rule-unlock wave-2 audit,2026-08-12T09:35:00Z
53abcd8a2c19c31803d08931,Protomegabaria stapfiana,floral_symmetry,actinomorphic,https://plantuse.plantnet.org/en/Protomegabaria_stapfiana_(PROTA),Protomegabaria stapfiana (PROTA),"Bosch, C.H., 2012. Protomegabaria stapfiana (Beille) Hutch. In: Lemmens, R.H.M.J., Louppe, D. & Oteng-Amoako, A.A. (Editors). PROTA (Plant Resources of Tropical Africa / Ressources végétales de l’Afrique tropicale), Wageningen, Netherlands.",A,expert_botanical_monograph_species_description,plantuse.plantnet.org,en,"*Flowers unisexual, regular, 5(–6)-merous",bdf4a5a2c8341f62c302a6b4698552483f125e9c70ecb092f85062e855d6860c,25746937ca708cc1d6a3ca393a20bde4718c62a79b6585d76fb05cb2301e5029,accepted_name_exact,wild_or_species_level_monograph_not_cultivar_limited,accept,true,true,true,false,,"Accepted after exact species identity, source page or original-study statement, trait-specific ontology, lineage and content fingerprint review; mapping retained only for floral_symmetry.",Codex source-backed rule-unlock wave-2 audit,2026-08-12T09:35:00Z
76f60bb663edbd9f22d96172,Protomegabaria stapfiana,inflorescence_display,raceme_spike_panicle,https://plantuse.plantnet.org/en/Protomegabaria_stapfiana_(PROTA),Protomegabaria stapfiana (PROTA),"Bosch, C.H., 2012. Protomegabaria stapfiana (Beille) Hutch. In: Lemmens, R.H.M.J., Louppe, D. & Oteng-Amoako, A.A. (Editors). PROTA (Plant Resources of Tropical Africa / Ressources végétales de l’Afrique tropicale), Wageningen, Netherlands.",A,expert_botanical_monograph_species_description,plantuse.plantnet.org,en,"*Inflorescence a glabrous raceme, male one c.",2b4aec6f05637cbf72fd22a1b0c449c9103255421f1f5da23275d384b98d7419,84487cd94c0b3711770b9727f319906d0ba4b5c27e048fabf6d79662aad0683e,accepted_name_exact,wild_or_species_level_monograph_not_cultivar_limited,accept,true,true,true,false,,"Accepted after exact species identity, source page or original-study statement, trait-specific ontology, lineage and content fingerprint review; mapping retained only for inflorescence_display.",Codex source-backed rule-unlock wave-2 audit,2026-08-12T09:35:00Z
9e4c89fe86a4b68cbfa46cf1,Pseuderanthemum malabaricum,flower_primary_color,white|yellow_orange,https://indiaflora-ces.iisc.ac.in/herbsheet.php?id=9729&cat=13,India Flora Online - Pseuderanthemum malabaricum,"Sankara Rao, K. and Deepak Kumar (2026). India Flora Online, species treatment: Pseuderanthemum malabaricum.",A,university_herbarium_regional_flora_species_treatment,indiaflora-ces.iisc.ac.in,en,"Key identification features: Leaves elliptic or ovate, wavy toothed margin; Flowers white or yellowish; Fruit capsule, cylindric.",2f4eec34321830088956057bd1e3bfff1ab3abcf5e5615d7ceaee3e2393d9334,b119a4ea76b14cbd7c120d8e4b5d43dd2e63bb9a5c5daa6cc87610ed35b67a1d,accepted_name_exact,wild_or_species_level_statement_not_cultivar_limited,accept,true,true,true,false,,"Accepted after exact species identity, source page or original-study statement, trait-specific ontology, lineage and content fingerprint review; mapping retained only for flower_primary_color.",Codex source-backed rule-unlock wave-2 audit,2026-08-12T09:35:00Z
b7fee6344c287e3f44d88d8f,Pseudolachnostylis maprouneifolia,floral_symmetry,actinomorphic,https://plantuse.plantnet.org/en/Pseudolachnostylis_maprouneifolia_(PROTA),Pseudolachnostylis maprouneifolia (PROTA),"Schmelzer, G.H., 2007. Pseudolachnostylis maprouneifolia Pax. In: Schmelzer, G.H. & Gurib-Fakim, A. (Editors). PROTA (Plant Resources of Tropical Africa / Ressources végétales de l’Afrique tropicale), Wageningen, Netherlands.",A,expert_botanical_monograph_species_description,plantuse.plantnet.org,en,"Flowers unisexual, regular",2275708adcf428cd8245d7f18c019fede3c71db632550bbadf9c216daab5a75b,e69fcafab9257c6e93d041a9d8a8042ff24e4558d4091f221d7970dedea256ac,accepted_name_exact,wild_or_species_level_monograph_not_cultivar_limited,accept,true,true,true,false,,"Accepted after exact species identity, source page or original-study statement, trait-specific ontology, lineage and content fingerprint review; mapping retained only for floral_symmetry.",Codex source-backed rule-unlock wave-2 audit,2026-08-12T09:35:00Z
bdac5819c63c3b09dff65484,Pseudolachnostylis maprouneifolia,inflorescence_display,umbel_corymb,https://plantuse.plantnet.org/en/Pseudolachnostylis_maprouneifolia_(PROTA),Pseudolachnostylis maprouneifolia (PROTA),"Schmelzer, G.H., 2007. Pseudolachnostylis maprouneifolia Pax. In: Schmelzer, G.H. & Gurib-Fakim, A. (Editors). PROTA (Plant Resources of Tropical Africa / Ressources végétales de l’Afrique tropicale), Wageningen, Netherlands.",A,expert_botanical_monograph_species_description,plantuse.plantnet.org,en,Inflorescence an axillary cyme,f2b4dabd63f5c168d40cc828a76943d3ecd7c5fd432935d347004e7cf58924cc,c062a5088d555bd93c444eb10f127d9c887f83596532156df7ccd4ede4de4381,accepted_name_exact,wild_or_species_level_monograph_not_cultivar_limited,accept,true,true,true,false,,"Accepted after exact species identity, source page or original-study statement, trait-specific ontology, lineage and content fingerprint review; mapping retained only for inflorescence_display.",Codex source-backed rule-unlock wave-2 audit,2026-08-12T09:35:00Z
c5b6bb3c29de284629d65480,Pseuduvaria prainii,flower_primary_color,white|yellow_orange,https://indiaflora-ces.iisc.ac.in/herbsheet.php?id=7909&cat=13,India Flora Online - Mitrephora prainii,"Sankara Rao, K. and Deepak Kumar (2026). India Flora Online, species treatment: Mitrephora prainii.",A,university_herbarium_regional_flora_species_treatment,indiaflora-ces.iisc.ac.in,en,"Key identification features: Flowers .75 in. long, creamy-orange, on slender stalks from the scars of fallen leaves; inner petals densely tomentose, clawed and vaulting over the stamens and forming a cap.",a4b2daa84eb48adaa61dc5bd6346263da10c6c12ca03222977679405183570e7,feedeefb0cc3ec228767f3ffacb6eddac8a67450cf19e49b00b09fc0884ebe07,exact_synonym,wild_or_species_level_statement_not_cultivar_limited,accept,true,true,true,false,,"Accepted after exact species identity, source page or original-study statement, trait-specific ontology, lineage and content fingerprint review; mapping retained only for flower_primary_color.",Codex source-backed rule-unlock wave-2 audit,2026-08-12T09:35:00Z
6663fbd0def584c1f8a5f656,Psilotrichum ferrugineum,flower_primary_color,green_brown_inconspicuous|red_pink,https://indiaflora-ces.iisc.ac.in/herbsheet.php?id=9756&cat=13,India Flora Online - Psilotrichum ferrugineum,"Sankara Rao, K. and Deepak Kumar (2026). India Flora Online, species treatment: Psilotrichum ferrugineum.",A,university_herbarium_regional_flora_species_treatment,indiaflora-ces.iisc.ac.in,en,"Key identification features: Annual herbs, up to 50 cm tall, erect, glabrous; Leaves elliptic, elliptic-Ianceolate to obovate; Flowers in terminal, simple or 3-nate spikes, pinkish green.",34b5e03c0dc19b10e47bb0a907004455598792b0fa30e52d58e9f5f48bf9e87b,65ed45d27ad28d7d452b806fb2bda615ce739988df08e90999922525641dc381,accepted_name_exact,wild_or_species_level_statement_not_cultivar_limited,accept,true,true,true,false,,"Accepted after exact species identity, source page or original-study statement, trait-specific ontology, lineage and content fingerprint review; mapping retained only for flower_primary_color.",Codex source-backed rule-unlock wave-2 audit,2026-08-12T09:35:00Z
a96117fa952c2776b7ba592a,Pternopetalum vulgare,inflorescence_display,umbel_corymb,https://indiaflora-ces.iisc.ac.in/herbsheet.php?id=13107&cat=13,India Flora Online - Pternopetalum vulgare,"Sankara Rao, K. and Deepak Kumar (2026). India Flora Online, species treatment: Pternopetalum vulgare.",A,university_herbarium_regional_flora_species_treatment,indiaflora-ces.iisc.ac.in,en,"Key identification features: Small, erect herbs, 15-30 cm high; Radical leaves lonl petiolecl, 3-foliolate, leaflets ovate; cauline leaves smaller; Flowers in terminal umbel, white; Fruits oblong; slightly asymmetrical; carpopbore bifid.",8f7d52e19c49cba07c13f8e411a07610818bd13704fd3cc424537ec7f338b8a1,c0b4bcf95273004a82caee88d6ff9d31cd1ef8e62b29e2b893970eece9ad69d5,accepted_name_exact,wild_or_species_level_statement_not_cultivar_limited,accept,true,true,true,false,,"Accepted after exact species identity, source page or original-study statement, trait-specific ontology, lineage and content fingerprint review; mapping retained only for inflorescence_display.",Codex source-backed rule-unlock wave-2 audit,2026-08-12T09:35:00Z
7e0e96a72888e09716b114f7,Pterocarpus dalbergioides,flower_primary_color,yellow_orange,https://indiaflora-ces.iisc.ac.in/herbsheet.php?id=9805&cat=13,India Flora Online - Pterocarpus dalbergioides,"Sankara Rao, K. and Deepak Kumar (2026). India Flora Online, species treatment: Pterocarpus dalbergioides.",A,university_herbarium_regional_flora_species_treatment,indiaflora-ces.iisc.ac.in,en,"Key identification features: Flowers in clusters,1.3 cm long, yellow.",f522fa4d29a336b52d52bb412321c64ac9b6ef2af8cff4a01e9ee38d816ee1b1,435a63813fb9078c5e3cf492a87029612456d43cb80f76420b063878d2424c90,accepted_name_exact,species_level_cultivated_record_not_cultivar_limited,accept,true,true,true,false,,"Accepted after exact species identity, source page or original-study statement, trait-specific ontology, lineage and content fingerprint review; mapping retained only for flower_primary_color.",Codex source-backed rule-unlock wave-2 audit,2026-08-12T09:35:00Z
b846f168b928194698deb8c9,Pterocymbium tinctorium,floral_form,bell_campanulate,https://indiaflora-ces.iisc.ac.in/herbsheet.php?id=9817&cat=13,India Flora Online - Pterocymbium tinctorium,"Sankara Rao, K. and Deepak Kumar (2026). India Flora Online, species treatment: Pterocymbium tinctorium.",A,university_herbarium_regional_flora_species_treatment,indiaflora-ces.iisc.ac.in,en,"Key identification features: Flowers yellowish-green, in terminal panicles, bell-shaped, with triangular segments.",a6d5a03a34b9ddc12b14ae534164f863ec822f75f1fd7d71546d79c21e5c8b9d,11a34445c2af78656cd019218558e047a7a7458a5859501459452359025b9fac,accepted_name_exact,wild_or_species_level_statement_not_cultivar_limited,accept,true,true,true,false,,"Accepted after exact species identity, source page or original-study statement, trait-specific ontology, lineage and content fingerprint review; mapping retained only for floral_form.",Codex source-backed rule-unlock wave-2 audit,2026-08-12T09:35:00Z
90eb45365751bb459786f840,Pterocymbium tinctorium,flower_primary_color,green_brown_inconspicuous|yellow_orange,https://indiaflora-ces.iisc.ac.in/herbsheet.php?id=9817&cat=13,India Flora Online - Pterocymbium tinctorium,"Sankara Rao, K. and Deepak Kumar (2026). India Flora Online, species treatment: Pterocymbium tinctorium.",A,university_herbarium_regional_flora_species_treatment,indiaflora-ces.iisc.ac.in,en,"Key identification features: Flowers yellowish-green, in terminal panicles, bell-shaped, with triangular segments.",a6d5a03a34b9ddc12b14ae534164f863ec822f75f1fd7d71546d79c21e5c8b9d,11a34445c2af78656cd019218558e047a7a7458a5859501459452359025b9fac,accepted_name_exact,wild_or_species_level_statement_not_cultivar_limited,accept,true,true,true,false,,"Accepted after exact species identity, source page or original-study statement, trait-specific ontology, lineage and content fingerprint review; mapping retained only for flower_primary_color.",Codex source-backed rule-unlock wave-2 audit,2026-08-12T09:35:00Z
dc81043a36ae4785ebf1934e,Pterocymbium tinctorium,inflorescence_display,raceme_spike_panicle,https://indiaflora-ces.iisc.ac.in/herbsheet.php?id=9817&cat=13,India Flora Online - Pterocymbium tinctorium,"Sankara Rao, K. and Deepak Kumar (2026). India Flora Online, species treatment: Pterocymbium tinctorium.",A,university_herbarium_regional_flora_species_treatment,indiaflora-ces.iisc.ac.in,en,"Key identification features: Flowers yellowish-green, in terminal panicles, bell-shaped, with triangular segments.",a6d5a03a34b9ddc12b14ae534164f863ec822f75f1fd7d71546d79c21e5c8b9d,11a34445c2af78656cd019218558e047a7a7458a5859501459452359025b9fac,accepted_name_exact,wild_or_species_level_statement_not_cultivar_limited,accept,true,true,true,false,,"Accepted after exact species identity, source page or original-study statement, trait-specific ontology, lineage and content fingerprint review; mapping retained only for inflorescence_display.",Codex source-backed rule-unlock wave-2 audit,2026-08-12T09:35:00Z
f37f24f69eb752a2e4b86e37,Pterospermum javanicum,flower_primary_color,white,https://indiaflora-ces.iisc.ac.in/herbsheet.php?id=12778&cat=13,India Flora Online - Pterospermum javanicum,"Sankara Rao, K. and Deepak Kumar (2026). India Flora Online, species treatment: Pterospermum javanicum.",A,university_herbarium_regional_flora_species_treatment,indiaflora-ces.iisc.ac.in,en,"Key identification features: Trees, younger parts tomentose; Leaves obliquely oblong or ovate, cordate or rounded, densely tomentose beneath, stipules with appendages; Flowers axillary, white; Capsules spindle shaped.",43b5c2a02598a09d1e0ff4f4f675e8d68231525ace94c1ec454d13ca6a8712ca,9258d9364d4253f316863195bdeb6521e11838edf6bd3e85c474beeebf42c76d,accepted_name_exact,wild_or_species_level_statement_not_cultivar_limited,accept,true,true,true,false,,"Accepted after exact species identity, source page or original-study statement, trait-specific ontology, lineage and content fingerprint review; mapping retained only for flower_primary_color.",Codex source-backed rule-unlock wave-2 audit,2026-08-12T09:35:00Z
d467eae0d3115081942ed8ac,Puccinellia macquariensis,self_incompatibility,SC,https://academic.oup.com/aobpla/article/doi/10.1093/aobpla/plv095/1800409,Patterns in floral traits and plant breeding systems on Southern Ocean Islands,"Lord, J. M. (2015), AoB PLANTS 7:plv095, Supporting Information Table S1, DOI 10.1093/aobpla/plv095",B,peer_reviewed_species_level_compatibility_compilation,academic.oup.com,en,"Supporting Information Table S1: Puccinellia macquariensis; compatibility and reference-number cell: SC; 23. The table defines SC as fully self-compatible, SCp as partially self-compatible, and SI as self-incompatible.",d9d2ac2f9696114824f78600b4d2ed62474a7f9f9293d358e2f0f53820955af4,451a093850ab826ab012f631a3dc902f9b5b1c56dd66c24fcdb2a5d4b8b3bd16,accepted_name_exact,wild_or_species_level_statement_not_cultivar_limited,accept,true,true,true,false,,"Accepted after exact species identity, source page or original-study statement, trait-specific ontology, lineage and content fingerprint review; mapping retained only for self_incompatibility.",Codex source-backed rule-unlock wave-2 audit,2026-08-12T09:35:00Z
8baf1787ef32daa9e4a37fd6,Pycnanthus angolensis,flower_primary_color,green_brown_inconspicuous,https://plantuse.plantnet.org/en/Pycnanthus_angolensis_(PROTA),Pycnanthus angolensis (PROTA),"Mapongmetsem, P.-M., 2007. Pycnanthus angolensis (Welw.) Warb. In: van der Vossen, H.A.M. & Mkamilo, G.S. (Editors). PROTA (Plant Resources of Tropical Africa / Ressources végétales de l’Afrique tropicale), Wageningen, Netherlands.",A,expert_botanical_monograph_species_description,plantuse.plantnet.org,en,"Flowers unisexual, regular, very small, sessile, with 3-lobed perianth covered with dark brown hairs",558c88496215ce03029ca4c588f8ef590548dfa21af64ce16573f962f3105653,773930f75e44aaa9ef8aa4d9a320b4f1ae3e1677aee128595e9890d3be1a2885,accepted_name_exact,wild_or_species_level_monograph_not_cultivar_limited,accept,true,true,true,false,,"Accepted after exact species identity, source page or original-study statement, trait-specific ontology, lineage and content fingerprint review; mapping retained only for flower_primary_color.",Codex source-backed rule-unlock wave-2 audit,2026-08-12T09:35:00Z
9dcdd70be6db939b8acd4750,Pycnocoma macrophylla,floral_symmetry,actinomorphic,https://plantuse.plantnet.org/en/Pycnocoma_macrophylla_(PROTA),Pycnocoma macrophylla (PROTA),"Bosch, C.H., 2008. Pycnocoma macrophylla Benth. In: Schmelzer, G.H. & Gurib-Fakim, A. (Editors). PROTA (Plant Resources of Tropical Africa / Ressources végétales de l’Afrique tropicale), Wageningen, Netherlands.",A,expert_botanical_monograph_species_description,plantuse.plantnet.org,en,"Flowers unisexual, regular, with strong, repellent smell",62e037fb116f3ec94896d68c7fefe945a45789aa7622b4c974513a7be7d18669,d9891e1c108e3eb0768fb78f8da8bb1f9e7e20fce620c588ab6f0513bba9bb92,accepted_name_exact,wild_or_species_level_monograph_not_cultivar_limited,accept,true,true,true,false,,"Accepted after exact species identity, source page or original-study statement, trait-specific ontology, lineage and content fingerprint review; mapping retained only for floral_symmetry.",Codex source-backed rule-unlock wave-2 audit,2026-08-12T09:35:00Z
5346dcc9672e84c346e2b0e1,Pycnocoma macrophylla,inflorescence_display,umbel_corymb|raceme_spike_panicle|solitary,https://plantuse.plantnet.org/en/Pycnocoma_macrophylla_(PROTA),Pycnocoma macrophylla (PROTA),"Bosch, C.H., 2008. Pycnocoma macrophylla Benth. In: Schmelzer, G.H. & Gurib-Fakim, A. (Editors). PROTA (Plant Resources of Tropical Africa / Ressources végétales de l’Afrique tropicale), Wageningen, Netherlands.",A,expert_botanical_monograph_species_description,plantuse.plantnet.org,en,"Inflorescence an axillary, solitary raceme 11–20 cm long with flowers in clusters of usually 3 male flowers and 1 terminal female flower",ebf2d0edcf1826e19a89fa68379f0dd78411cbd10156dad2c983f4b66a84be74,a8576348d2f720c97ce99e6677208b3fd620d00bc7c37320c9dcb864f1b97de5,accepted_name_exact,wild_or_species_level_monograph_not_cultivar_limited,accept,true,true,true,false,,"Accepted after exact species identity, source page or original-study statement, trait-specific ontology, lineage and content fingerprint review; mapping retained only for inflorescence_display.",Codex source-backed rule-unlock wave-2 audit,2026-08-12T09:35:00Z
2c12acc2cc1324e6faab9dc6,Pyranthus alasoa,flower_primary_color,red_pink|white,https://plantuse.plantnet.org/en/Pyranthus_alasoa_(PROTA),Pyranthus alasoa (PROTA),"Lemmens, R.H.M.J., 2007. Pyranthus alasoa Du Puy & Labat. In: Louppe, D., Oteng-Amoako, A.A. & Brink, M. (Editors). PROTA (Plant Resources of Tropical Africa / Ressources végétales de l’Afrique tropicale), Wageningen, Netherlands.",A,expert_botanical_monograph_species_description,plantuse.plantnet.org,en,"corolla scarlet-red, standard circular, 13–17 mm in diameter, with whitish basal spot, wings and keel about as long as standard, curved",f7857620aa7e10484badaf4c673b435bbf1602e26ff127ad2b9149786a67b812,8bd9fad2c3b638d3543f9ae4ea47dcc0583c64d9e100167b8dbaa7d7c2c94a9a,accepted_name_exact,wild_or_species_level_monograph_not_cultivar_limited,accept,true,true,true,false,,"Accepted after exact species identity, source page or original-study statement, trait-specific ontology, lineage and content fingerprint review; mapping retained only for flower_primary_color.",Codex source-backed rule-unlock wave-2 audit,2026-08-12T09:35:00Z
f57ee2ba42a76ddbf2d32af8,Pyranthus tullearensis,flower_primary_color,red_pink|white,https://plantuse.plantnet.org/en/Pyranthus_tullearensis_(PROTA),Pyranthus tullearensis (PROTA),"Jansen, P.C.M., 2005. Pyranthus tullearensis (Baill.) Du Puy & Labat. In: Jansen, P.C.M. & Cardon, D. (Editors). PROTA (Plant Resources of Tropical Africa / Ressources végétales de l’Afrique tropicale), Wageningen, Netherlands.",A,expert_botanical_monograph_species_description,plantuse.plantnet.org,en,"corolla scarlet-red, standard almost circular, 10–13 mm × 8–12 mm, somewhat whitish-pubescent, with an irregular white basal eye, wings shallowly curved, darker along the upper margins, keel falcate",59127ed4f25d3ef59207b2958dad87d29ea5a7408735a27bf5cd5cbc3cbfa6f7,52b859f21d13b784e4b77c53417e0a83dd7fd483fef394e6d7702b76fd5a3eb1,accepted_name_exact,wild_or_species_level_monograph_not_cultivar_limited,accept,true,true,true,false,,"Accepted after exact species identity, source page or original-study statement, trait-specific ontology, lineage and content fingerprint review; mapping retained only for flower_primary_color.",Codex source-backed rule-unlock wave-2 audit,2026-08-12T09:35:00Z
12783901a330d588b9a86912,Pyrostria commersonii,flower_primary_color,white|yellow_orange,https://pedagogie.ac-reunion.fr/fileadmin/ANNEXES-ACADEMIQUES/03-PEDAGOGIE/02-COLLEGE/sciences-vie-terre/Fiches-peda/Arboretum/RavineDesCabris.pdf,Arboretum - Ravine des Cabris,"Academie de La Reunion, Sciences de la vie et de la Terre, Arboretum Ravine des Cabris species sheet, p. 2",B,public_education_arboretum_species_sheet,pedagogie.ac-reunion.fr,fr,Etablissement : Ravine des cabris. Nom scientifique: Pyrostria commersonii J.F. Gmel. Famille: Rubiaceae. Fleur : Corolle blanc jaunatre.,e639c33cfddd71d418a86eb05225b2821259c1fc0218d181af3a400a0bbc6c67,f095fce8c13f69d02956492aeefea40c32270da7c6ae455649564c6ffd7639f2,accepted_name_exact,wild_or_species_level_statement_not_cultivar_limited,accept,true,true,true,false,,"Accepted after exact species identity, source page or original-study statement, trait-specific ontology, lineage and content fingerprint review; mapping retained only for flower_primary_color.",Codex source-backed rule-unlock wave-2 audit,2026-08-12T09:35:00Z
fefe5ce08ad21e698de02a7a,Quercus helferiana,flower_primary_color,green_brown_inconspicuous,https://indiaflora-ces.iisc.ac.in/herbsheet.php?id=14666&cat=13,India Flora Online - Quercus helferiana,"Sankara Rao, K. and Deepak Kumar (2026). India Flora Online, species treatment: Quercus helferiana.",A,university_herbarium_regional_flora_species_treatment,indiaflora-ces.iisc.ac.in,en,"Key identification features: Leaves elliptic to ovate-Ianceolate, sub-obtuse, serrate, densely tomentose beneath; Flowers brown in catkins; Nuts turbinate or depressed hemispheric.",4f85393401033d6520984c44dd6e8d2a4fadb871cfdb9011fc28efd63e542acb,5c2d10f9785a4f916a7fc84e1b3ac6664c4e5b154deb66780592d97214ae568e,accepted_name_exact,wild_or_species_level_statement_not_cultivar_limited,accept,true,true,true,false,,"Accepted after exact species identity, source page or original-study statement, trait-specific ontology, lineage and content fingerprint review; mapping retained only for flower_primary_color.",Codex source-backed rule-unlock wave-2 audit,2026-08-12T09:35:00Z
a5b5ee81a8cb594006afd282,Quintinia acutifolia,flower_primary_color,white,https://www.vibrantearth.nz/catalogue/plantsdetail.php?name=QUINTINIA+acutifolia&pid=1281,Quintinia acutifolia - Westland Quintinia,Vibrant Earth catalogue species treatment for Quintinia acutifolia; non-cultivar morphology only,C,specialist_native_plant_nursery_species_page,vibrantearth.nz,en,Quintinia acutifolia. Handsome small tree with long glossy bronzy-green marbled leaves. In summer it has showy white flowers which look great with the bold foliage. Genus Quintinia; Species acutifolia; Cultivar [blank].,d2ea42d986cead65c53ed37871304c4b6bda44be9a342bbe72202e8cbec700ac,62b87acfd56a67790e980cf14fe6401b39bba4f97518162f7875801e26490421,accepted_name_exact,species_level_horticultural_record_not_cultivar_limited,accept,true,true,true,false,,"Accepted after exact species identity, source page or original-study statement, trait-specific ontology, lineage and content fingerprint review; mapping retained only for flower_primary_color.",Codex source-backed rule-unlock wave-2 audit,2026-08-12T09:35:00Z
4fe223cf2dc9e5746f40e8aa,Quivisianthe papinae,floral_symmetry,actinomorphic,https://plantuse.plantnet.org/en/Quivisianthe_papinae_(PROTA),Quivisianthe papinae (PROTA),"Lemmens, R.H.M.J., 2008. Quivisianthe papinae Baill. In: Louppe, D., Oteng-Amoako, A.A. & Brink, M. (Editors). PROTA (Plant Resources of Tropical Africa / Ressources végétales de l’Afrique tropicale), Wageningen, Netherlands.",A,expert_botanical_monograph_species_description,plantuse.plantnet.org,en,"*Flowers unisexual, male and female flowers very similar in appearance, regular, 5-merous, small",1ae6452f6940a7acd7378e80fafda95a5d46044c0a80df743aa0a4d018697660,69a537511332830966c53d4fea9268263aab3b8aa83080742f7004fd84153b34,accepted_name_exact,wild_or_species_level_monograph_not_cultivar_limited,accept,true,true,true,false,,"Accepted after exact species identity, source page or original-study statement, trait-specific ontology, lineage and content fingerprint review; mapping retained only for floral_symmetry.",Codex source-backed rule-unlock wave-2 audit,2026-08-12T09:35:00Z
98dafc78e535928db88a401b,Quivisianthe papinae,inflorescence_display,raceme_spike_panicle,https://plantuse.plantnet.org/en/Quivisianthe_papinae_(PROTA),Quivisianthe papinae (PROTA),"Lemmens, R.H.M.J., 2008. Quivisianthe papinae Baill. In: Louppe, D., Oteng-Amoako, A.A. & Brink, M. (Editors). PROTA (Plant Resources of Tropical Africa / Ressources végétales de l’Afrique tropicale), Wageningen, Netherlands.",A,expert_botanical_monograph_species_description,plantuse.plantnet.org,en,"*Inflorescence a short axillary panicle, short-hairy.",34dac08725e04a3b94dc994e8efab67a8fa9a5de600897ad7722a52b780a81b1,289b6f79f5df25915c2d60077ba858e25d60045ed3bf0958c925d05383ccb7bd,accepted_name_exact,wild_or_species_level_monograph_not_cultivar_limited,accept,true,true,true,false,,"Accepted after exact species identity, source page or original-study statement, trait-specific ontology, lineage and content fingerprint review; mapping retained only for inflorescence_display.",Codex source-backed rule-unlock wave-2 audit,2026-08-12T09:35:00Z
c5c3418365d75ae5059520f0,Ranunculus biternatus,self_incompatibility,SC,https://academic.oup.com/aobpla/article/doi/10.1093/aobpla/plv095/1800409,Patterns in floral traits and plant breeding systems on Southern Ocean Islands,"Lord, J. M. (2015), AoB PLANTS 7:plv095, Supporting Information Table S1, DOI 10.1093/aobpla/plv095",B,peer_reviewed_species_level_compatibility_compilation,academic.oup.com,en,"Supporting Information Table S1: Ranunculus biternatus; compatibility and reference-number cell: SC; 2, 5, 10. The table defines SC as fully self-compatible, SCp as partially self-compatible, and SI as self-incompatible.",c96aafb545a2a5dc62794d7be69758e60fa8d114f42917b6d1dbff58c177fd2b,cc5690202efafd7221fb58264ea96982372cb8c8470e76a95edc7082f6115653,accepted_name_exact,wild_or_species_level_statement_not_cultivar_limited,accept,true,true,true,false,,"Accepted after exact species identity, source page or original-study statement, trait-specific ontology, lineage and content fingerprint review; mapping retained only for self_incompatibility.",Codex source-backed rule-unlock wave-2 audit,2026-08-12T09:35:00Z
ce35e957518028ab8e2eefd0,Ranunculus maclovianus,self_incompatibility,SC,https://academic.oup.com/aobpla/article/doi/10.1093/aobpla/plv095/1800409,Patterns in floral traits and plant breeding systems on Southern Ocean Islands,"Lord, J. M. (2015), AoB PLANTS 7:plv095, Supporting Information Table S1, DOI 10.1093/aobpla/plv095",B,peer_reviewed_species_level_compatibility_compilation,academic.oup.com,en,"Supporting Information Table S1: Ranunculus maclovianus; compatibility and reference-number cell: SC; 5. The table defines SC as fully self-compatible, SCp as partially self-compatible, and SI as self-incompatible.",d12346b4ce9a05bea824df6eb4cd067c6b841ea5b2113b28cf5b39197a4a928c,d513ca733aacfaee043084ec1ba96d8ec9fb3cea39d240b7d443a103079d9ed5,accepted_name_exact,wild_or_species_level_statement_not_cultivar_limited,accept,true,true,true,false,,"Accepted after exact species identity, source page or original-study statement, trait-specific ontology, lineage and content fingerprint review; mapping retained only for self_incompatibility.",Codex source-backed rule-unlock wave-2 audit,2026-08-12T09:35:00Z
d6979b584e4934221a57c98d,Ranunculus sericocephalus,self_incompatibility,SC,https://academic.oup.com/aobpla/article/doi/10.1093/aobpla/plv095/1800409,Patterns in floral traits and plant breeding systems on Southern Ocean Islands,"Lord, J. M. (2015), AoB PLANTS 7:plv095, Supporting Information Table S1, DOI 10.1093/aobpla/plv095",B,peer_reviewed_species_level_compatibility_compilation,academic.oup.com,en,"Supporting Information Table S1: Ranunculus sericocephalus; compatibility and reference-number cell: SC; 5. The table defines SC as fully self-compatible, SCp as partially self-compatible, and SI as self-incompatible.",c894cc2eafb99e8efd36a35b8b36e0316eca7840e9d6d43c0e315806f810a201,49fc89f2364b38522a724a920d349fb37cf1a76921bc5020800b2ed85152795c,accepted_name_exact,wild_or_species_level_statement_not_cultivar_limited,accept,true,true,true,false,,"Accepted after exact species identity, source page or original-study statement, trait-specific ontology, lineage and content fingerprint review; mapping retained only for self_incompatibility.",Codex source-backed rule-unlock wave-2 audit,2026-08-12T09:35:00Z
9b474d52ccdb09a60c8c1fbd,Rhabdophyllum calophyllum,floral_symmetry,actinomorphic,https://plantuse.plantnet.org/en/Rhabdophyllum_calophyllum_(PROTA),Rhabdophyllum calophyllum (PROTA),"Oyen, L.P.A., 2012. Rhabdophyllum calophyllum (Hook.f.) Tiegh. In: Lemmens, R.H.M.J., Louppe, D. & Oteng-Amoako, A.A. (Editors). PROTA (Plant Resources of Tropical Africa / Ressources végétales de l’Afrique tropicale), Wageningen, Netherlands.",A,expert_botanical_monograph_species_description,plantuse.plantnet.org,en,"Flowers pendant, bisexual, regular, 5-merous",9b3f11126e0fb85aeca67b536611522a4f8d6f750de26007d134853cb8ace195,dd1f49be98a33e5a8c751c1b2baae554fb2092e4d74aba0cff1c0075b1e2aacf,accepted_name_exact,wild_or_species_level_monograph_not_cultivar_limited,accept,true,true,true,false,,"Accepted after exact species identity, source page or original-study statement, trait-specific ontology, lineage and content fingerprint review; mapping retained only for floral_symmetry.",Codex source-backed rule-unlock wave-2 audit,2026-08-12T09:35:00Z
044bcecc12be4a829e18b27a,Rhabdophyllum calophyllum,flower_primary_color,white|yellow_orange,https://plantuse.plantnet.org/en/Rhabdophyllum_calophyllum_(PROTA),Rhabdophyllum calophyllum (PROTA),"Oyen, L.P.A., 2012. Rhabdophyllum calophyllum (Hook.f.) Tiegh. In: Lemmens, R.H.M.J., Louppe, D. & Oteng-Amoako, A.A. (Editors). PROTA (Plant Resources of Tropical Africa / Ressources végétales de l’Afrique tropicale), Wageningen, Netherlands.",A,expert_botanical_monograph_species_description,plantuse.plantnet.org,en,"petals free, elliptical-obovate, 6–8 mm long, yellow or cream, falling early",ab6ff17fc47fe65f3b75704abf0ddfd0ceb1a7892ad0f91b1d60ba0292520800,2fcbcb0908dd4f542d111e67ec5b62caba1817bec1de7a8915b7bc4af85cc356,accepted_name_exact,wild_or_species_level_monograph_not_cultivar_limited,accept,true,true,true,false,,"Accepted after exact species identity, source page or original-study statement, trait-specific ontology, lineage and content fingerprint review; mapping retained only for flower_primary_color.",Codex source-backed rule-unlock wave-2 audit,2026-08-12T09:35:00Z
11968b1cdf6e2c925e97834e,Rhabdophyllum calophyllum,inflorescence_display,umbel_corymb|raceme_spike_panicle,https://plantuse.plantnet.org/en/Rhabdophyllum_calophyllum_(PROTA),Rhabdophyllum calophyllum (PROTA),"Oyen, L.P.A., 2012. Rhabdophyllum calophyllum (Hook.f.) Tiegh. In: Lemmens, R.H.M.J., Louppe, D. & Oteng-Amoako, A.A. (Editors). PROTA (Plant Resources of Tropical Africa / Ressources végétales de l’Afrique tropicale), Wageningen, Netherlands.",A,expert_botanical_monograph_species_description,plantuse.plantnet.org,en,"Inflorescence an axillary false raceme (4–)6–11 cm long, glabrous, densely flowered, with fascicles of (2–)3–5 flowers.",8ee36c3f99d977536ded827af4f38d387a8f9559919156838abd5df9a5ad7cdb,a39b45caec15c8fe2b81468eb3615c741454249c3907bfe2e0e3fa4608f9927f,accepted_name_exact,wild_or_species_level_monograph_not_cultivar_limited,accept,true,true,true,false,,"Accepted after exact species identity, source page or original-study statement, trait-specific ontology, lineage and content fingerprint review; mapping retained only for inflorescence_display.",Codex source-backed rule-unlock wave-2 audit,2026-08-12T09:35:00Z
c642a7f49221303f94057331,Rhododendron glaucophyllum,floral_form,bell_campanulate|tubular,https://indiaflora-ces.iisc.ac.in/herbsheet.php?id=10041&cat=13,India Flora Online - Rhododendron glaucophyllum,"Sankara Rao, K. and Deepak Kumar (2026). India Flora Online, species treatment: Rhododendron glaucophyllum.",A,university_herbarium_regional_flora_species_treatment,indiaflora-ces.iisc.ac.in,en,"Key identification features: Flowers (2-)4-6 per inflorescence; calyx lobes 6-9(-ll) mm, acuminate, with a tuft of hairs inside at the apex; corolla pink or white flushed pink, rarely white, sometimes also with flecks; campanulate to tubular-campanulate, (18-)20-27(-32) mm; stamens 10, regular; ovary scaly, style sharply deflexed or declinate, glabrous.",6a0f09e4fbe555fb10a5dbee01eab3647fa73bf66650389481549b26348793d7,65152f9d61d40202089ffd545070739eaef1af0fd0ebba82e32b40f20d91015b,accepted_name_exact,wild_or_species_level_statement_not_cultivar_limited,accept,true,true,true,false,,"Accepted after exact species identity, source page or original-study statement, trait-specific ontology, lineage and content fingerprint review; mapping retained only for floral_form.",Codex source-backed rule-unlock wave-2 audit,2026-08-12T09:35:00Z
34cebfd75220717cb2359fcd,Rhopalephora scaberrima,mating_system,mixed_mating,https://scholar.uoc.ac.in/bitstreams/dd6a8802-5ffd-4a70-9078-736a78794e8a/download,Pollination biology of selected taxa of the tribe Commelineae (Commelinaceae),"Veena, V. (2020), doctoral thesis, Department of Botany, University of Calicut, pp. 174-176 and 181-183",A,doctoral_thesis_controlled_pollination_experiment,scholar.uoc.ac.in,en,"Breeding system studies in the selected taxa revealed that they were all self and cross-compatible species. Except Dictyospermum montanum (2.5%) and Floscopa scandens (14%), all others showed high percentages of autogamous fruit set (72.38% in Commelina diffusa, 47.62% in Murdannia nudiflora and 41.43% in Rhopalephora scaberrima). These species thus have evolved a system of adaptive modifications which resulted in a mixed mating system that produces both self and cross seeds.",c9a35ebc48575382bf0f261906d0df1b28e88d5cf1f2ed6634179bacd763066b,23e3b55b09248c83e0e2a90897fbc12c6a5dfdf54588002f09b66f7c3af9f72b,accepted_name_exact,wild_or_species_level_statement_not_cultivar_limited,accept,true,true,true,false,,"Accepted after exact species identity, source page or original-study statement, trait-specific ontology, lineage and content fingerprint review; mapping retained only for mating_system.",Codex source-backed rule-unlock wave-2 audit,2026-08-12T09:35:00Z
ca084c2818c6886ed2b9b95a,Rhopalephora scaberrima,self_incompatibility,SC,https://scholar.uoc.ac.in/bitstreams/dd6a8802-5ffd-4a70-9078-736a78794e8a/download,Pollination biology of selected taxa of the tribe Commelineae (Commelinaceae),"Veena, V. (2020), doctoral thesis, Department of Botany, University of Calicut, pp. 174-176 and 181-183",A,doctoral_thesis_controlled_pollination_experiment,scholar.uoc.ac.in,en,"Breeding system studies in the selected taxa revealed that they were all self and cross-compatible species. Except Dictyospermum montanum (2.5%) and Floscopa scandens (14%), all others showed high percentages of autogamous fruit set (72.38% in Commelina diffusa, 47.62% in Murdannia nudiflora and 41.43% in Rhopalephora scaberrima). These species thus have evolved a system of adaptive modifications which resulted in a mixed mating system that produces both self and cross seeds.",c9a35ebc48575382bf0f261906d0df1b28e88d5cf1f2ed6634179bacd763066b,23e3b55b09248c83e0e2a90897fbc12c6a5dfdf54588002f09b66f7c3af9f72b,accepted_name_exact,wild_or_species_level_statement_not_cultivar_limited,accept,true,true,true,false,,"Accepted after exact species identity, source page or original-study statement, trait-specific ontology, lineage and content fingerprint review; mapping retained only for self_incompatibility.",Codex source-backed rule-unlock wave-2 audit,2026-08-12T09:35:00Z
5c2c8f5d67e8a6d0d5d571d5,Rhopalocnemis phalloides,flower_primary_color,white,https://indiaflora-ces.iisc.ac.in/herbsheet.php?id=14680&cat=13,India Flora Online - Rhopalocnemis phalloides,"Sankara Rao, K. and Deepak Kumar (2026). India Flora Online, species treatment: Rhopalocnemis phalloides.",A,university_herbarium_regional_flora_species_treatment,indiaflora-ces.iisc.ac.in,en,"Key identification features: Fleshy, dioecious root parasites, leafless, stout; rootstocks large, tuberous; Flowers on spadix-like heads, peduncles stout, cylindric; female inflorescence large, ovoid or oblong, brown or rusty brown; perianth white; Fruits ovate-oblong, turgid.",455d998a692c49dcf612079b02b30fe3c82880d2e363f37caf604c5bd44c0dda,51aa1fd47feebb1afd82b51cfcb5151823e4b6e48a93376410932a2c9600e83d,accepted_name_exact,wild_or_species_level_statement_not_cultivar_limited,accept,true,true,true,false,,"Accepted after exact species identity, source page or original-study statement, trait-specific ontology, lineage and content fingerprint review; mapping retained only for flower_primary_color.",Codex source-backed rule-unlock wave-2 audit,2026-08-12T09:35:00Z
e4782b670ab48e0053e73cdc,Rhopalocnemis phalloides,inflorescence_display,composite_display,https://indiaflora-ces.iisc.ac.in/herbsheet.php?id=14680&cat=13,India Flora Online - Rhopalocnemis phalloides,"Sankara Rao, K. and Deepak Kumar (2026). India Flora Online, species treatment: Rhopalocnemis phalloides.",A,university_herbarium_regional_flora_species_treatment,indiaflora-ces.iisc.ac.in,en,"Key identification features: Fleshy, dioecious root parasites, leafless, stout; rootstocks large, tuberous; Flowers on spadix-like heads, peduncles stout, cylindric; female inflorescence large, ovoid or oblong, brown or rusty brown; perianth white; Fruits ovate-oblong, turgid.",455d998a692c49dcf612079b02b30fe3c82880d2e363f37caf604c5bd44c0dda,51aa1fd47feebb1afd82b51cfcb5151823e4b6e48a93376410932a2c9600e83d,accepted_name_exact,wild_or_species_level_statement_not_cultivar_limited,accept,true,true,true,false,,"Accepted after exact species identity, source page or original-study statement, trait-specific ontology, lineage and content fingerprint review; mapping retained only for inflorescence_display.",Codex source-backed rule-unlock wave-2 audit,2026-08-12T09:35:00Z
4a73de56f90aaa3fbd9482d8,Rhynchosia rothii,flower_primary_color,red_pink,https://indiaflora-ces.iisc.ac.in/herbsheet.php?id=10093&cat=13,India Flora Online - Rhynchosia rothii,"Sankara Rao, K. and Deepak Kumar (2026). India Flora Online, species treatment: Rhynchosia rothii.",A,university_herbarium_regional_flora_species_treatment,indiaflora-ces.iisc.ac.in,en,Key identification features: Flowers red; Pods tipped with glabrous peristent style.,c3db55e2fbd32a73bca8bb3ebec47551a43c3a034a154e8ec559b5c5d79e349f,4ee49e982c2fec8fa339ed89bd9ee4c6e6a249a22516574ef60ec780cd3a3cfd,accepted_name_exact,wild_or_species_level_statement_not_cultivar_limited,accept,true,true,true,false,,"Accepted after exact species identity, source page or original-study statement, trait-specific ontology, lineage and content fingerprint review; mapping retained only for flower_primary_color.",Codex source-backed rule-unlock wave-2 audit,2026-08-12T09:35:00Z
946a20231a9385d6265cced3,Rosa eglanteria,flower_primary_color,red_pink|white,https://indiaflora-ces.iisc.ac.in/herbsheet.php?id=10148&cat=13,India Flora Online - Rosa eglanteria,"Sankara Rao, K. and Deepak Kumar (2026). India Flora Online, species treatment: Rosa eglanteria.",A,university_herbarium_regional_flora_species_treatment,indiaflora-ces.iisc.ac.in,en,Key identification features: Flowers pink white.,a50f83341861ac8e484f06f7a4e1322e3ca990c957c186fdaf79d6e578048d12,56e1e213ff401adb1ee3ce0df2004d451f860d3ce636555be51c805b4d0cb232,accepted_name_exact,wild_or_species_level_statement_not_cultivar_limited,accept,true,true,true,false,,"Accepted after exact species identity, source page or original-study statement, trait-specific ontology, lineage and content fingerprint review; mapping retained only for flower_primary_color.",Codex source-backed rule-unlock wave-2 audit,2026-08-12T09:35:00Z
07196876da331e36ae4e160b,Rubus geoides,self_incompatibility,SC,https://academic.oup.com/aobpla/article/doi/10.1093/aobpla/plv095/1800409,Patterns in floral traits and plant breeding systems on Southern Ocean Islands,"Lord, J. M. (2015), AoB PLANTS 7:plv095, Supporting Information Table S1, DOI 10.1093/aobpla/plv095",B,peer_reviewed_species_level_compatibility_compilation,academic.oup.com,en,"Supporting Information Table S1: Rubus geoides; compatibility and reference-number cell: SC; 5. The table defines SC as fully self-compatible, SCp as partially self-compatible, and SI as self-incompatible.",47d42d4798d7a20b4e91a61d6c6aa4a0ef438c99a6dcbd7014f24fabca4e4191,5b0a805dde7e318e1ca1492b4f10f41c31d4a9b69f7af849523003530c51bd7c,accepted_name_exact,wild_or_species_level_statement_not_cultivar_limited,accept,true,true,true,false,,"Accepted after exact species identity, source page or original-study statement, trait-specific ontology, lineage and content fingerprint review; mapping retained only for self_incompatibility.",Codex source-backed rule-unlock wave-2 audit,2026-08-12T09:35:00Z
a5d7060cece88c5ac5d7ecc4,Rumex hastatus,flower_primary_color,green_brown_inconspicuous|white,https://indiaflora-ces.iisc.ac.in/herbsheet.php?id=10255&cat=13,India Flora Online - Rumex hastatus,"Sankara Rao, K. and Deepak Kumar (2026). India Flora Online, species treatment: Rumex hastatus.",A,university_herbarium_regional_flora_species_treatment,indiaflora-ces.iisc.ac.in,en,"Key identification features: A rather bushy plant with many ascending stems, with narrow arrow shaped leaves with a pair of narrow spreading basal lobes, and with numerous thin branches with terminal very slender clusters of distant whorls of tiny greenish-white flowers.",8e0faa75a6a152f755165b69c6c7a78288c7f6a6b5caa03f04a39a93d0d1892b,5e1523f8ab06ece0fa1c53819ec89715fee7a08dea2bb918b0f158e4619c4652,accepted_name_exact,wild_or_species_level_statement_not_cultivar_limited,accept,true,true,true,false,,"Accepted after exact species identity, source page or original-study statement, trait-specific ontology, lineage and content fingerprint review; mapping retained only for flower_primary_color.",Codex source-backed rule-unlock wave-2 audit,2026-08-12T09:35:00Z
e5158185ca063bd6e7caec19,Sageraea elliptica,flower_primary_color,yellow_orange,https://indiaflora-ces.iisc.ac.in/herbsheet.php?id=10309&cat=13,India Flora Online - Sageraea elliptica,"Sankara Rao, K. and Deepak Kumar (2026). India Flora Online, species treatment: Sageraea elliptica.",A,university_herbarium_regional_flora_species_treatment,indiaflora-ces.iisc.ac.in,en,"Key identification features: Flowers globose, yellowish, petals thick, ovate-orbicular, concave.",7ab3704d1d95fd68ca61681fadf3f1f72eb0787998133279f336fe54c193e64e,96202fd88c311b809d5fd44c5e9d36f8e808e3789eddb15b92d54871dbac8574,accepted_name_exact,wild_or_species_level_statement_not_cultivar_limited,accept,true,true,true,false,,"Accepted after exact species identity, source page or original-study statement, trait-specific ontology, lineage and content fingerprint review; mapping retained only for flower_primary_color.",Codex source-backed rule-unlock wave-2 audit,2026-08-12T09:35:00Z
817255661a732153417bc561,Sageretia filiformis,inflorescence_display,raceme_spike_panicle,https://indiaflora-ces.iisc.ac.in/herbsheet.php?id=10313&cat=13,India Flora Online - Sageretia filiformis,"Sankara Rao, K. and Deepak Kumar (2026). India Flora Online, species treatment: Sageretia filiformis.",A,university_herbarium_regional_flora_species_treatment,indiaflora-ces.iisc.ac.in,en,"Key identification features: Flowers in large terminal panicles, greenish-yellow; Fruits obovoid, black when ripe, edible.",c775980ca68bdf3c6e362eb30619f79c157c5c6f1d368f7c13f6582856ab0990,8c712828547e1d4f29194ea89c80f82005a09e0ee0b9b3f3737d8d1544f7dfb3,accepted_name_exact,wild_or_species_level_statement_not_cultivar_limited,accept,true,true,true,false,,"Accepted after exact species identity, source page or original-study statement, trait-specific ontology, lineage and content fingerprint review; mapping retained only for inflorescence_display.",Codex source-backed rule-unlock wave-2 audit,2026-08-12T09:35:00Z
0430b0644ce052e11f7fce92,Sakoanala madagascariensis,flower_primary_color,blue_purple,https://plantuse.plantnet.org/en/Sakoanala_madagascariensis_(PROTA),Sakoanala madagascariensis (PROTA),"Lemmens, R.H.M.J., 2007. Sakoanala madagascariensis R.Vig. In: Louppe, D., Oteng-Amoako, A.A. & Brink, M. (Editors). PROTA (Plant Resources of Tropical Africa / Ressources végétales de l’Afrique tropicale), Wageningen, Netherlands.",A,expert_botanical_monograph_species_description,plantuse.plantnet.org,en,"corolla violet, with circular standard c.",63da635f8875e7126de0777a9acfb4aed6632b816f71135ee167cdc61417a4db,668992fe87bb3db0d53462d000bd4cb9c3741968f0441fe3e8df3005412b5902,accepted_name_exact,wild_or_species_level_monograph_not_cultivar_limited,accept,true,true,true,false,,"Accepted after exact species identity, source page or original-study statement, trait-specific ontology, lineage and content fingerprint review; mapping retained only for flower_primary_color.",Codex source-backed rule-unlock wave-2 audit,2026-08-12T09:35:00Z
d9d31c9ee476c53f284c4a4a,Salacca secunda,flower_size_class,small,https://indiaflora-ces.iisc.ac.in/herbsheet.php?id=10325&cat=13,India Flora Online - Salacca secunda,"Sankara Rao, K. and Deepak Kumar (2026). India Flora Online, species treatment: Salacca secunda.",A,university_herbarium_regional_flora_species_treatment,indiaflora-ces.iisc.ac.in,en,"Key identification features: Male inflorescence on robust axis, bracts andprophyll covered with rusty indumentums, acuminate,lanceolate, primary branches very long, each bearingrachillae, rachilla coming out from the opening of fertilebract, each 5-9 cm long; flowers 6-8 mm long, exertedfrom the bracts, calyx deeply 3 lobed, corolla little longerthan calyx, divided into 3 segments, stamens 6, antherslinear oblong.",d507d970927217886857a9f73c972ef6a7b4a1e89f748f011caa81f98a183e0e,ff026f236ab4f8d1b1d6dc803df3ade36eaad14cbc557ec9f1453ded3421e254,accepted_name_exact,wild_or_species_level_statement_not_cultivar_limited,accept,true,true,true,false,,"Accepted after exact species identity, source page or original-study statement, trait-specific ontology, lineage and content fingerprint review; mapping retained only for flower_size_class.",Codex source-backed rule-unlock wave-2 audit,2026-08-12T09:35:00Z
ff6dc2275c86aed41e1c31ad,Sarcochlamys pulcherrima,flower_primary_color,yellow_orange,https://indiaflora-ces.iisc.ac.in/herbsheet.php?id=13881&cat=13,India Flora Online - Sarcochlamys pulcherrima,"Sankara Rao, K. and Deepak Kumar (2026). India Flora Online, species treatment: Sarcochlamys pulcherrima.",A,university_herbarium_regional_flora_species_treatment,indiaflora-ces.iisc.ac.in,en,"Key identification features: Evergreen shrubs up to 6 m tall; Leaves simple, alternate, lanceolate, hairy on both sides, margin serrated; Fruits ovoid, green when young, yellow when mature, one-seeded; Flowers in axillary inflorescences, unisexual, dioecious, male: tepals 5, base fused, yellow; female: tepals 4-5, base fused, yellow.",e3390327f367a971a258ce5530d291c1b6f1ebff3fb466867a1d603b917dca43,6a156bf3360f1f143d959f7865f65321fe796770f81bdb612c136a2237053f3e,accepted_name_exact,wild_or_species_level_statement_not_cultivar_limited,accept,true,true,true,false,,"Accepted after exact species identity, source page or original-study statement, trait-specific ontology, lineage and content fingerprint review; mapping retained only for flower_primary_color.",Codex source-backed rule-unlock wave-2 audit,2026-08-12T09:35:00Z
c2a83d8ee857e721cc13a393,Sarcophrynium brachystachyum,floral_symmetry,zygomorphic,https://plantuse.plantnet.org/en/Sarcophrynium_brachystachyum_(PROTA),Sarcophrynium brachystachyum (PROTA),"Kémeuzé, V.A. & Nkongmeneck, B.-A., 2011. Sarcophrynium brachystachyum (Benth.) K.Schum. [Internet] Record from PROTA4U. Brink, M. & Achigan-Dako, E.G. (Editors). PROTA (Plant Resources of Tropical Africa / Ressources végétales de l’Afrique tropicale), Wageningen, Netherlands.",A,expert_botanical_monograph_species_description,plantuse.plantnet.org,en,"Flowers bisexual, zygomorphic",3714c351654de20af3080579b795b11e0551edc3c2d8ac9e09951d14b12de503,c97552d3c87f4b811ac02da4a47af2abe32c487de075f6ab19d71ccfac4475c0,accepted_name_exact,wild_or_species_level_monograph_not_cultivar_limited,accept,true,true,true,false,,"Accepted after exact species identity, source page or original-study statement, trait-specific ontology, lineage and content fingerprint review; mapping retained only for floral_symmetry.",Codex source-backed rule-unlock wave-2 audit,2026-08-12T09:35:00Z
1a8198facd0dc69c72d41a4b,Sarcophrynium brachystachyum,inflorescence_display,raceme_spike_panicle,https://plantuse.plantnet.org/en/Sarcophrynium_brachystachyum_(PROTA),Sarcophrynium brachystachyum (PROTA),"Kémeuzé, V.A. & Nkongmeneck, B.-A., 2011. Sarcophrynium brachystachyum (Benth.) K.Schum. [Internet] Record from PROTA4U. Brink, M. & Achigan-Dako, E.G. (Editors). PROTA (Plant Resources of Tropical Africa / Ressources végétales de l’Afrique tropicale), Wageningen, Netherlands.",A,expert_botanical_monograph_species_description,plantuse.plantnet.org,en,Inflorescence of 1 or more racemes,5436012f59001c53bbc4dfcfa12b053a98a1ea41678f2deb03f35fdf44bd37a5,bfdabb4fd0de0269f26f376d448ec18d36de83bd6a030af61eb66a06b69b9e4e,accepted_name_exact,wild_or_species_level_monograph_not_cultivar_limited,accept,true,true,true,false,,"Accepted after exact species identity, source page or original-study statement, trait-specific ontology, lineage and content fingerprint review; mapping retained only for inflorescence_display.",Codex source-backed rule-unlock wave-2 audit,2026-08-12T09:35:00Z
94cde6b7944adce4eb1d7de1,Saurauia roxburghii,flower_primary_color,red_pink,https://indiaflora-ces.iisc.ac.in/herbsheet.php?id=10447&cat=13,India Flora Online - Saurauia roxburghii,"Sankara Rao, K. and Deepak Kumar (2026). India Flora Online, species treatment: Saurauia roxburghii.",A,university_herbarium_regional_flora_species_treatment,indiaflora-ces.iisc.ac.in,en,Key identification features: Flowers arise in lax clusters of pink flowers.,ea3a6771e586b635454355b88c9fbcc239b9d1df4ce46cf843ff6481afe0281c,279d600b1c529d12d214c1a574f88a2852423cd7db325dd2ee20c1a869909ff6,accepted_name_exact,wild_or_species_level_statement_not_cultivar_limited,accept,true,true,true,false,,"Accepted after exact species identity, source page or original-study statement, trait-specific ontology, lineage and content fingerprint review; mapping retained only for flower_primary_color.",Codex source-backed rule-unlock wave-2 audit,2026-08-12T09:35:00Z
daa367397e22c7a56528185e,Saxifraga magellanica,self_incompatibility,SC,https://academic.oup.com/aobpla/article/doi/10.1093/aobpla/plv095/1800409,Patterns in floral traits and plant breeding systems on Southern Ocean Islands,"Lord, J. M. (2015), AoB PLANTS 7:plv095, Supporting Information Table S1, DOI 10.1093/aobpla/plv095",B,peer_reviewed_species_level_compatibility_compilation,academic.oup.com,en,"Supporting Information Table S1: Saxifraga magellanica; compatibility and reference-number cell: SC; 5, 16. The table defines SC as fully self-compatible, SCp as partially self-compatible, and SI as self-incompatible.",19ce994d3321bd9ea899da85c8e3b04ff31ef750482a0a660f0c92d8778a1cdc,bbbf80e787c784415750b363b240303c8b170b1779fa567f933146f4a0bd68f7,accepted_name_exact,wild_or_species_level_statement_not_cultivar_limited,accept,true,true,true,false,,"Accepted after exact species identity, source page or original-study statement, trait-specific ontology, lineage and content fingerprint review; mapping retained only for self_incompatibility.",Codex source-backed rule-unlock wave-2 audit,2026-08-12T09:35:00Z
3f5ca90cb4866011a044cf30,Scalesia aspera,autonomous_selfing_capacity,autonomous,https://pmc.ncbi.nlm.nih.gov/articles/PMC3489146/,Pollination patterns and plant breeding systems in the Galapagos: a review,"Traveset et al. (2013), Annals of Botany 111:391-404, Table 1, DOI 10.1093/aob/mcs132",B,peer_reviewed_species_level_breeding_system_compilation,pmc.ncbi.nlm.nih.gov,en,"Table 1, Scalesia aspera: Autonomously self-pollinates: Yes; Self-compatible: Yes; References: 6. The table footnote identifies the numbered original studies used for each species.",42bd7f300e0796b74c569e3c82eaeb866975b47b760e73b6a6117954f28f8ef0,c8522ced704761d3487ecd246c198312c9427801c83b6ebe67df747c95ce09ea,accepted_name_exact,wild_or_species_level_statement_not_cultivar_limited,accept,true,true,true,false,,"Accepted after exact species identity, source page or original-study statement, trait-specific ontology, lineage and content fingerprint review; mapping retained only for autonomous_selfing_capacity.",Codex source-backed rule-unlock wave-2 audit,2026-08-12T09:35:00Z
fd0cdeda52c7bb999e843a9b,Scalesia baurii,autonomous_selfing_capacity,autonomous,https://pmc.ncbi.nlm.nih.gov/articles/PMC3489146/,Pollination patterns and plant breeding systems in the Galapagos: a review,"Traveset et al. (2013), Annals of Botany 111:391-404, Table 1, DOI 10.1093/aob/mcs132",B,peer_reviewed_species_level_breeding_system_compilation,pmc.ncbi.nlm.nih.gov,en,"Table 1, Scalesia baurii: Autonomously self-pollinates: Yes; Self-compatible: Yes; References: 7. The table footnote identifies the numbered original studies used for each species.",5f4ea058f19fbedb426c57d78b7575ca90513efaa98b100ee3e9493fa3885e08,9c0f8ea7139249f42e6817c6c6966e630f4693ab12559fe9325c94cfa0724efc,accepted_name_exact,wild_or_species_level_statement_not_cultivar_limited,accept,true,true,true,false,,"Accepted after exact species identity, source page or original-study statement, trait-specific ontology, lineage and content fingerprint review; mapping retained only for autonomous_selfing_capacity.",Codex source-backed rule-unlock wave-2 audit,2026-08-12T09:35:00Z
3d061e5f972a5e635c29249a,Scalesia helleri,autonomous_selfing_capacity,autonomous,https://pmc.ncbi.nlm.nih.gov/articles/PMC3489146/,Pollination patterns and plant breeding systems in the Galapagos: a review,"Traveset et al. (2013), Annals of Botany 111:391-404, Table 1, DOI 10.1093/aob/mcs132",B,peer_reviewed_species_level_breeding_system_compilation,pmc.ncbi.nlm.nih.gov,en,"Table 1, Scalesia helleri: Autonomously self-pollinates: Yes; Self-compatible: Yes; References: 2. The table footnote identifies the numbered original studies used for each species.",c4af2a3cf0409095dde85fc81694df8a2762942abd78452a94ab68e37122f1d5,1499b9f47fc594bc642f96f2826b742860076d9cb2c763e499159e7e0abb28d9,accepted_name_exact,wild_or_species_level_statement_not_cultivar_limited,accept,true,true,true,false,,"Accepted after exact species identity, source page or original-study statement, trait-specific ontology, lineage and content fingerprint review; mapping retained only for autonomous_selfing_capacity.",Codex source-backed rule-unlock wave-2 audit,2026-08-12T09:35:00Z
0a4cc2945869bb41c499957d,Schlechterina mitostemmatoides,floral_symmetry,actinomorphic,https://plantuse.plantnet.org/en/Schlechterina_mitostemmatoides_(PROTA),Schlechterina mitostemmatoides (PROTA),"de Ruijter, A., 2007. Schlechterina mitostemmatoides Harms. In: Schmelzer, G.H. & Gurib-Fakim, A. (Editors). PROTA (Plant Resources of Tropical Africa / Ressources végétales de l’Afrique tropicale), Wageningen, Netherlands.",A,expert_botanical_monograph_species_description,plantuse.plantnet.org,en,"Flowers bisexual, regular, whitish, glabrous",d4e7d600b7f76926af6066d6c69df17d8f41d3c09f53c9021d1c1352d0537c03,7b41fcb36c9cd6b4e874e7b1b067d1f7b61150d4498d0ea500ff58b8410cd1c4,accepted_name_exact,wild_or_species_level_monograph_not_cultivar_limited,accept,true,true,true,false,,"Accepted after exact species identity, source page or original-study statement, trait-specific ontology, lineage and content fingerprint review; mapping retained only for floral_symmetry.",Codex source-backed rule-unlock wave-2 audit,2026-08-12T09:35:00Z
0688029decb7b9bd93bca35c,Schlechterina mitostemmatoides,inflorescence_display,umbel_corymb,https://plantuse.plantnet.org/en/Schlechterina_mitostemmatoides_(PROTA),Schlechterina mitostemmatoides (PROTA),"de Ruijter, A., 2007. Schlechterina mitostemmatoides Harms. In: Schmelzer, G.H. & Gurib-Fakim, A. (Editors). PROTA (Plant Resources of Tropical Africa / Ressources végétales de l’Afrique tropicale), Wageningen, Netherlands.",A,expert_botanical_monograph_species_description,plantuse.plantnet.org,en,"Inflorescence an axillary fascicle, 1–3-flowered",dd2db51d28772764fb79b2b82d74ea6135ac0f670febc52e71ec648a45d726ee,2bbdc9af57e2f849bd39dfed8ac1f3670cc9432f710cb2ec9098399a6a528d16,accepted_name_exact,wild_or_species_level_monograph_not_cultivar_limited,accept,true,true,true,false,,"Accepted after exact species identity, source page or original-study statement, trait-specific ontology, lineage and content fingerprint review; mapping retained only for inflorescence_display.",Codex source-backed rule-unlock wave-2 audit,2026-08-12T09:35:00Z
73bc2d4e5fd2d093ec5101b8,Sclerocarya birrea,floral_symmetry,actinomorphic,https://plantuse.plantnet.org/en/Sclerocarya_birrea_(PROTA),Sclerocarya birrea (PROTA),"Hall, John B., 2002. Sclerocarya birrea (A.Rich.) Hochst. [Internet] Record from PROTA4U. Oyen, L.P.A. & Lemmens, R.H.M.J. (Editors). PROTA (Plant Resources of Tropical Africa / Ressources végétales de l’Afrique tropicale), Wageningen, Netherlands.",A,expert_botanical_monograph_species_description,plantuse.plantnet.org,en,"*Flowers unisexual, regular, 4–5-merous",c8cc69d8f82fe24a4943a0804eab806b40ef5e888e8fdcdbf3ed360f5988cc91,9ebf6a3f95d2ecd6a37154934b9afc9c277e9e10946b939d1980084d1949a421,accepted_name_exact,wild_or_species_level_monograph_not_cultivar_limited,accept,true,true,true,false,,"Accepted after exact species identity, source page or original-study statement, trait-specific ontology, lineage and content fingerprint review; mapping retained only for floral_symmetry.",Codex source-backed rule-unlock wave-2 audit,2026-08-12T09:35:00Z
0e28266d50b44fea47277a99,Sclerocarya birrea,inflorescence_display,raceme_spike_panicle|solitary,https://plantuse.plantnet.org/en/Sclerocarya_birrea_(PROTA),Sclerocarya birrea (PROTA),"Hall, John B., 2002. Sclerocarya birrea (A.Rich.) Hochst. [Internet] Record from PROTA4U. Oyen, L.P.A. & Lemmens, R.H.M.J. (Editors). PROTA (Plant Resources of Tropical Africa / Ressources végétales de l’Afrique tropicale), Wageningen, Netherlands.",A,expert_botanical_monograph_species_description,plantuse.plantnet.org,en,"*Male inflorescence a terminal or axillary, drooping raceme 5–22 cm long, with flowers in groups of 3–4 towards the base but solitary towards the apex",9492a3c55723d31432a9ce7e7e09d2bdddbe7ed7334ce93fe07040f59e936fc4,70933ef0b9c49d41dae77ee51a7185421b2ab67cff269af0fa5ad99d12b884c5,accepted_name_exact,wild_or_species_level_monograph_not_cultivar_limited,accept,true,true,true,false,,"Accepted after exact species identity, source page or original-study statement, trait-specific ontology, lineage and content fingerprint review; mapping retained only for inflorescence_display.",Codex source-backed rule-unlock wave-2 audit,2026-08-12T09:35:00Z
12ff983b1b915fb5edcd7f60,Scolopia crenata,flower_primary_color,white,https://indiaflora-ces.iisc.ac.in/herbsheet.php?id=10643&cat=13,India Flora Online - Scolopia crenata,"Sankara Rao, K. and Deepak Kumar (2026). India Flora Online, species treatment: Scolopia crenata.",A,university_herbarium_regional_flora_species_treatment,indiaflora-ces.iisc.ac.in,en,"Key identification features: Flowers white, in axillary or terminal racemes, stamens numerous, with yellow glands outside them.",8ecefdc2e24a188a42e4f42d29bd0aa85ffaf5d1cf131e9b2f0480d01ff73080,be6013423666e66f1273c034d9ace5b423959e7b8c0bf5ebc1bfc3a7edf7a8e9,accepted_name_exact,wild_or_species_level_statement_not_cultivar_limited,accept,true,true,true,false,,"Accepted after exact species identity, source page or original-study statement, trait-specific ontology, lineage and content fingerprint review; mapping retained only for flower_primary_color.",Codex source-backed rule-unlock wave-2 audit,2026-08-12T09:35:00Z
f12267c7f0cda8c20844ff89,Scolopia crenata,inflorescence_display,raceme_spike_panicle,https://indiaflora-ces.iisc.ac.in/herbsheet.php?id=10643&cat=13,India Flora Online - Scolopia crenata,"Sankara Rao, K. and Deepak Kumar (2026). India Flora Online, species treatment: Scolopia crenata.",A,university_herbarium_regional_flora_species_treatment,indiaflora-ces.iisc.ac.in,en,"Key identification features: Flowers white, in axillary or terminal racemes, stamens numerous, with yellow glands outside them.",8ecefdc2e24a188a42e4f42d29bd0aa85ffaf5d1cf131e9b2f0480d01ff73080,be6013423666e66f1273c034d9ace5b423959e7b8c0bf5ebc1bfc3a7edf7a8e9,accepted_name_exact,wild_or_species_level_statement_not_cultivar_limited,accept,true,true,true,false,,"Accepted after exact species identity, source page or original-study statement, trait-specific ontology, lineage and content fingerprint review; mapping retained only for inflorescence_display.",Codex source-backed rule-unlock wave-2 audit,2026-08-12T09:35:00Z
b3b6389c85540c12e575556b,Scolopia madagascariensis,floral_symmetry,actinomorphic,https://plantuse.plantnet.org/en/Scolopia_madagascariensis_(PROTA),Scolopia madagascariensis (PROTA),"Oyen, L.P.A., 2012. Scolopia madagascariensis Sleumer. In: Lemmens, R.H.M.J., Louppe, D. & Oteng-Amoako, A.A. (Editors). PROTA (Plant Resources of Tropical Africa / Ressources végétales de l’Afrique tropicale), Wageningen, Netherlands.",A,expert_botanical_monograph_species_description,plantuse.plantnet.org,en,"Flowers bisexual, regular, 4–5-merous, whitish",ddd5a3ab93d7c3e25f99c5150c158cb422ddb8fa9188edb88788ac9480d21821,266299b06cb1f050c76fdec2f7d11a3b2dbd7e45c01b0605eff022a75a54ba33,accepted_name_exact,wild_or_species_level_monograph_not_cultivar_limited,accept,true,true,true,false,,"Accepted after exact species identity, source page or original-study statement, trait-specific ontology, lineage and content fingerprint review; mapping retained only for floral_symmetry.",Codex source-backed rule-unlock wave-2 audit,2026-08-12T09:35:00Z
f98f90cda6ffa30db89f5d39,Scolopia madagascariensis,flower_primary_color,white,https://plantuse.plantnet.org/en/Scolopia_madagascariensis_(PROTA),Scolopia madagascariensis (PROTA),"Oyen, L.P.A., 2012. Scolopia madagascariensis Sleumer. In: Lemmens, R.H.M.J., Louppe, D. & Oteng-Amoako, A.A. (Editors). PROTA (Plant Resources of Tropical Africa / Ressources végétales de l’Afrique tropicale), Wageningen, Netherlands.",A,expert_botanical_monograph_species_description,plantuse.plantnet.org,en,"Flowers bisexual, regular, 4–5-merous, whitish",ddd5a3ab93d7c3e25f99c5150c158cb422ddb8fa9188edb88788ac9480d21821,266299b06cb1f050c76fdec2f7d11a3b2dbd7e45c01b0605eff022a75a54ba33,accepted_name_exact,wild_or_species_level_monograph_not_cultivar_limited,accept,true,true,true,false,,"Accepted after exact species identity, source page or original-study statement, trait-specific ontology, lineage and content fingerprint review; mapping retained only for flower_primary_color.",Codex source-backed rule-unlock wave-2 audit,2026-08-12T09:35:00Z
2608327c68aee7c65a46672f,Scolopia madagascariensis,inflorescence_display,raceme_spike_panicle,https://plantuse.plantnet.org/en/Scolopia_madagascariensis_(PROTA),Scolopia madagascariensis (PROTA),"Oyen, L.P.A., 2012. Scolopia madagascariensis Sleumer. In: Lemmens, R.H.M.J., Louppe, D. & Oteng-Amoako, A.A. (Editors). PROTA (Plant Resources of Tropical Africa / Ressources végétales de l’Afrique tropicale), Wageningen, Netherlands.",A,expert_botanical_monograph_species_description,plantuse.plantnet.org,en,"Inflorescence an axillary raceme 1–2.5(–5) cm long, minutely hairy.",0301f637ed0e0f578916b1b3ccdcc4a8a225b3d0c14ceb7efdc14f20f7d8986c,bc309086f27751bbf84db296484d21137f8aa622cadd80520d8200c95e944fd3,accepted_name_exact,wild_or_species_level_monograph_not_cultivar_limited,accept,true,true,true,false,,"Accepted after exact species identity, source page or original-study statement, trait-specific ontology, lineage and content fingerprint review; mapping retained only for inflorescence_display.",Codex source-backed rule-unlock wave-2 audit,2026-08-12T09:35:00Z
2fe4782fffae873b93021c80,Secamone volubilis,flower_primary_color,white|yellow_orange|green_brown_inconspicuous,https://plantuse.plantnet.org/en/Secamone_volubilis_(PROTA),Secamone volubilis (PROTA),"Schmelzer, G.H., 2010. Secamone volubilis (Lam.) Marais. In: Schmelzer, G.H. & Gurib-Fakim, A. (Editors). PROTA (Plant Resources of Tropical Africa / Ressources végétales de l’Afrique tropicale), Wageningen, Netherlands.",A,expert_botanical_monograph_species_description,plantuse.plantnet.org,en,"corolla with tube 1.2–1.4 mm long, lobes oblong, 2–2.6 mm long, rounded to retuse, greenish yellow or greenish white",f91ecbba075be551616f912d4d42b278f6feb458484bd80aef9f600a294e9256,43de3fcf4c5e469a7773dc5e648f575cc2a9a30b2f9271696cce8cd4d2ed62e4,accepted_name_exact,wild_or_species_level_monograph_not_cultivar_limited,accept,true,true,true,false,,"Accepted after exact species identity, source page or original-study statement, trait-specific ontology, lineage and content fingerprint review; mapping retained only for flower_primary_color.",Codex source-backed rule-unlock wave-2 audit,2026-08-12T09:35:00Z
d6bd6114e4930a0c2e843cae,Securinega capuronii,floral_symmetry,actinomorphic,https://plantuse.plantnet.org/en/Securinega_capuronii_(PROTA),Securinega capuronii (PROTA),"Schmelzer, G.H., 2007. Securinega capuronii Leandri. In: Schmelzer, G.H. & Gurib-Fakim, A. (Editors). PROTA (Plant Resources of Tropical Africa / Ressources végétales de l’Afrique tropicale), Wageningen, Netherlands.",A,expert_botanical_monograph_species_description,plantuse.plantnet.org,en,"Flowers unisexual, regular, 5-merous, small",43639b64685fb35defa5f612bf2ca7bc0d951f64269ee58e6652f8e6f48d446b,00da36076539429f940b4c05228bd17810d35ef34bc4c27aae824fb1353a753f,accepted_name_exact,wild_or_species_level_monograph_not_cultivar_limited,accept,true,true,true,false,,"Accepted after exact species identity, source page or original-study statement, trait-specific ontology, lineage and content fingerprint review; mapping retained only for floral_symmetry.",Codex source-backed rule-unlock wave-2 audit,2026-08-12T09:35:00Z
95b21567c010bc7297c0e648,Securinega capuronii,inflorescence_display,umbel_corymb,https://plantuse.plantnet.org/en/Securinega_capuronii_(PROTA),Securinega capuronii (PROTA),"Schmelzer, G.H., 2007. Securinega capuronii Leandri. In: Schmelzer, G.H. & Gurib-Fakim, A. (Editors). PROTA (Plant Resources of Tropical Africa / Ressources végétales de l’Afrique tropicale), Wageningen, Netherlands.",A,expert_botanical_monograph_species_description,plantuse.plantnet.org,en,"Inflorescence an axillary fascicle, 6–10-flowered in male plants, few-flowered in female plants",b8ec2aaf4a9d681037d4343fa53f4f5e18db50a71fb00861a39c62a782ddcda5,22f50ea8f7bbaff20a4867b000de0eda5bfd054b0ef0698e1f53aa8e41869140,accepted_name_exact,wild_or_species_level_monograph_not_cultivar_limited,accept,true,true,true,false,,"Accepted after exact species identity, source page or original-study statement, trait-specific ontology, lineage and content fingerprint review; mapping retained only for inflorescence_display.",Codex source-backed rule-unlock wave-2 audit,2026-08-12T09:35:00Z
22d6931dd9926cf845546fbd,Semecarpus kurzii,flower_primary_color,yellow_orange,https://indiaflora-ces.iisc.ac.in/herbsheet.php?id=10724&cat=13,India Flora Online - Semecarpus kurzii,"Sankara Rao, K. and Deepak Kumar (2026). India Flora Online, species treatment: Semecarpus kurzii.",A,university_herbarium_regional_flora_species_treatment,indiaflora-ces.iisc.ac.in,en,"Key identification features: Flowers pale-yellowish, in larhe terminal panicles.",52d8f6ff918a9974af9bc013124f178dcd83bd10563667c989d0444b35213b6d,e7f64ac8634e4c69ac19c799a6d659cc47fa9c32ad5a868e8eb4d18a6f57b16b,accepted_name_exact,wild_or_species_level_statement_not_cultivar_limited,accept,true,true,true,false,,"Accepted after exact species identity, source page or original-study statement, trait-specific ontology, lineage and content fingerprint review; mapping retained only for flower_primary_color.",Codex source-backed rule-unlock wave-2 audit,2026-08-12T09:35:00Z
e5a688223e8b49e4ce51a694,Senna floribunda,flower_primary_color,yellow_orange,https://indiaflora-ces.iisc.ac.in/herbsheet.php?id=10777&cat=13,India Flora Online - Senna floribunda,"Sankara Rao, K. and Deepak Kumar (2026). India Flora Online, species treatment: Senna floribunda.",A,university_herbarium_regional_flora_species_treatment,indiaflora-ces.iisc.ac.in,en,"Key identification features: Erect shrubs; Flowers yellow; Pods cylindric, finely transversely striate with a thick stipe.",1fa4d10b4bb1f827f351e57704ac4943c3e03e312973759e326e92203b4ecf3f,63d076beaf8cfedeae1921aacb5ad878e51cba0790167a991fde5ccfa367861f,accepted_name_exact,species_level_cultivated_record_not_cultivar_limited,accept,true,true,true,false,,"Accepted after exact species identity, source page or original-study statement, trait-specific ontology, lineage and content fingerprint review; mapping retained only for flower_primary_color.",Codex source-backed rule-unlock wave-2 audit,2026-08-12T09:35:00Z
e83e01b23e9c55bc62583ab6,Senna lactea,flower_primary_color,red_pink|white,https://plantuse.plantnet.org/en/Senna_lactea_(PROTA),Senna lactea (PROTA),"Lemmens, R.H.M.J., 2010. Senna lactea (Vatke) Du Puy. In: Lemmens, R.H.M.J., Louppe, D. & Oteng-Amoako, A.A. (Editors). PROTA (Plant Resources of Tropical Africa / Ressources végétales de l’Afrique tropicale), Wageningen, Netherlands.",A,expert_botanical_monograph_species_description,plantuse.plantnet.org,en,"petals free, nearly equal, oblong-elliptical, 10–11 mm long, white, sometimes tinged pink",cf75dd007596d8f3f689255e9d07bae312312b417518ffd6826a3bfa9370aee6,094f7bb01729fd742c53452719b335e1f0a038141dff937321d6dfbfc69517dd,accepted_name_exact,wild_or_species_level_monograph_not_cultivar_limited,accept,true,true,true,false,,"Accepted after exact species identity, source page or original-study statement, trait-specific ontology, lineage and content fingerprint review; mapping retained only for flower_primary_color.",Codex source-backed rule-unlock wave-2 audit,2026-08-12T09:35:00Z
6f5075e630f4ee511938141c,Sesamum radiatum,floral_form,bell_campanulate,https://plantuse.plantnet.org/en/Sesamum_radiatum_(PROTA),Sesamum radiatum (PROTA),"Bedigian, D., 2004. Sesamum radiatum Thonn. ex Hornem. [Internet] Record from PROTA4U. Grubben, G.J.H. & Denton, O.A. (Editors). PROTA (Plant Resources of Tropical Africa / Ressources végétales de l’Afrique tropicale), Wageningen, Netherlands.",A,expert_botanical_monograph_species_description,plantuse.plantnet.org,en,"corolla obliquely campanulate, 2.5–5 cm long, pubescent, pink to purplish, sometimes white, lower lobe slightly longer than other lobes",1c49a1672cb0372a128f3532951fcace98c3597308422bdf4e5d9e5aa579f0a7,c3129477e3575803f29b7b8a2db261275322eb971dcff89f9420e4a59c03968c,accepted_name_exact,wild_or_species_level_monograph_not_cultivar_limited,accept,true,true,true,false,,"Accepted after exact species identity, source page or original-study statement, trait-specific ontology, lineage and content fingerprint review; mapping retained only for floral_form.",Codex source-backed rule-unlock wave-2 audit,2026-08-12T09:35:00Z
7d607e5f50a842c50f6cd171,Sesamum radiatum,floral_symmetry,zygomorphic,https://plantuse.plantnet.org/en/Sesamum_radiatum_(PROTA),Sesamum radiatum (PROTA),"Bedigian, D., 2004. Sesamum radiatum Thonn. ex Hornem. [Internet] Record from PROTA4U. Grubben, G.J.H. & Denton, O.A. (Editors). PROTA (Plant Resources of Tropical Africa / Ressources végétales de l’Afrique tropicale), Wageningen, Netherlands.",A,expert_botanical_monograph_species_description,plantuse.plantnet.org,en,"Flowers solitary in leaf axils, bisexual, zygomorphic, 5-merous, with 2 bracts at base, each bract with an axillary, sessile gland",8071cec8c052e4302b9734eae614be70eefb81383a099f1ed3bc56a69be2a6d5,487c09195b54da5be0ce6d76a08d578ada73e543d7526f74a07c200b6f85542f,accepted_name_exact,wild_or_species_level_monograph_not_cultivar_limited,accept,true,true,true,false,,"Accepted after exact species identity, source page or original-study statement, trait-specific ontology, lineage and content fingerprint review; mapping retained only for floral_symmetry.",Codex source-backed rule-unlock wave-2 audit,2026-08-12T09:35:00Z
07da8da6022526c96971ebca,Sesamum radiatum,inflorescence_display,solitary,https://plantuse.plantnet.org/en/Sesamum_radiatum_(PROTA),Sesamum radiatum (PROTA),"Bedigian, D., 2004. Sesamum radiatum Thonn. ex Hornem. [Internet] Record from PROTA4U. Grubben, G.J.H. & Denton, O.A. (Editors). PROTA (Plant Resources of Tropical Africa / Ressources végétales de l’Afrique tropicale), Wageningen, Netherlands.",A,expert_botanical_monograph_species_description,plantuse.plantnet.org,en,"Flowers solitary in leaf axils, bisexual, zygomorphic, 5-merous, with 2 bracts at base, each bract with an axillary, sessile gland",8071cec8c052e4302b9734eae614be70eefb81383a099f1ed3bc56a69be2a6d5,487c09195b54da5be0ce6d76a08d578ada73e543d7526f74a07c200b6f85542f,accepted_name_exact,wild_or_species_level_monograph_not_cultivar_limited,accept,true,true,true,false,,"Accepted after exact species identity, source page or original-study statement, trait-specific ontology, lineage and content fingerprint review; mapping retained only for inflorescence_display.",Codex source-backed rule-unlock wave-2 audit,2026-08-12T09:35:00Z
c0fbd0e00bb378fbff558b52,Sesbania speciosa,flower_primary_color,blue_purple|yellow_orange,https://indiaflora-ces.iisc.ac.in/herbsheet.php?id=10823&cat=13,India Flora Online - Sesbania speciosa,"Sankara Rao, K. and Deepak Kumar (2026). India Flora Online, species treatment: Sesbania speciosa.",A,university_herbarium_regional_flora_species_treatment,indiaflora-ces.iisc.ac.in,en,"Key identification features: Raceme axillary and pendent; flowers large, yellow, spotted with purple",4dfd1dbb1997ab040c25afc997ced481eb260df86b1c250397703343410b9b7e,0954a7ad0eb407666a7815f865ff6bd117f5b3b071dc87f4ac07c51aee197e04,accepted_name_exact,species_level_cultivated_record_not_cultivar_limited,accept,true,true,true,false,,"Accepted after exact species identity, source page or original-study statement, trait-specific ontology, lineage and content fingerprint review; mapping retained only for flower_primary_color.",Codex source-backed rule-unlock wave-2 audit,2026-08-12T09:35:00Z
c1cd8b8262c0b5929325d6b3,Shirakiopsis elliptica,floral_symmetry,actinomorphic,https://plantuse.plantnet.org/en/Shirakiopsis_elliptica_(PROTA),Shirakiopsis elliptica (PROTA),"Schmelzer, G.H., 2007. Shirakiopsis elliptica (Hochst.) Esser. In: Schmelzer, G.H. & Gurib-Fakim, A. (Editors). PROTA (Plant Resources of Tropical Africa / Ressources végétales de l’Afrique tropicale), Wageningen, Netherlands.",A,expert_botanical_monograph_species_description,plantuse.plantnet.org,en,"Flowers unisexual, regular, petals absent, disk absent",61596ec8b9d23b68407a7053f37f4ee846556ce7594a2b334facc45f984676a3,e71d9cbb3e68bd074d27183672793e33b32dfe9d900ba416c14c09c1e57ca638,accepted_name_exact,wild_or_species_level_monograph_not_cultivar_limited,accept,true,true,true,false,,"Accepted after exact species identity, source page or original-study statement, trait-specific ontology, lineage and content fingerprint review; mapping retained only for floral_symmetry.",Codex source-backed rule-unlock wave-2 audit,2026-08-12T09:35:00Z
8d7daa21cce018bfdb7ae293,Shirakiopsis elliptica,inflorescence_display,raceme_spike_panicle,https://plantuse.plantnet.org/en/Shirakiopsis_elliptica_(PROTA),Shirakiopsis elliptica (PROTA),"Schmelzer, G.H., 2007. Shirakiopsis elliptica (Hochst.) Esser. In: Schmelzer, G.H. & Gurib-Fakim, A. (Editors). PROTA (Plant Resources of Tropical Africa / Ressources végétales de l’Afrique tropicale), Wageningen, Netherlands.",A,expert_botanical_monograph_species_description,plantuse.plantnet.org,en,"Inflorescence an axillary or terminal spike-like raceme on lateral shoots, up to 12 cm long, with numerous male flowers and 1–3 female flowers at base.",b81399b33730961994d55c0a81852d0099c71ff227c9373de1ecad31d6b039f3,d3242677d7667c7108b67f1ebf364b1353c334a306576c34412f8c2b1bdf50a7,accepted_name_exact,wild_or_species_level_monograph_not_cultivar_limited,accept,true,true,true,false,,"Accepted after exact species identity, source page or original-study statement, trait-specific ontology, lineage and content fingerprint review; mapping retained only for inflorescence_display.",Codex source-backed rule-unlock wave-2 audit,2026-08-12T09:35:00Z
debbc6ad0d2e9713fa4dcb89,Shirakiopsis indica,floral_symmetry,actinomorphic,https://bfis.bforest.gov.bd/nef/index.php/data/dataSpecies/40,Forest Emission Factor Database - Shirakiopsis indica,"Bangladesh Forest Information System, Forest Emission Factor Database species record: Shirakiopsis indica",A,government_forest_database_species_record,bfis.bforest.gov.bd,en,Tree Species Details: Family Name: Euphorbiaceae; Genus: Shirakiopsis; Species: Shirakiopsis indica; floral symmetry: actinomorphic.,7a6124026d235c6cbbd7e822c03e4aa3386075af93edce16276784ad4a456e6c,885620ffb62d4bb84f6dc7df407dd09675cefab9bf701114eefd7a2bbd47dc06,accepted_name_exact,wild_or_species_level_statement_not_cultivar_limited,accept,true,true,true,false,,"Accepted after exact species identity, source page or original-study statement, trait-specific ontology, lineage and content fingerprint review; mapping retained only for floral_symmetry.",Codex source-backed rule-unlock wave-2 audit,2026-08-12T09:35:00Z
8913ae340c5ba3e5aaf2ed2b,Sideritis canariensis,floral_symmetry,zygomorphic,https://www3.gobiernodecanarias.org/medusa/wiki/index.php?title=Chajorra_de_monte,Chajorra de monte - CanariWiki,"Gobierno de Canarias, CanariWiki species account: Sideritis canariensis L.",A,government_regional_flora_species_description,www3.gobiernodecanarias.org,es,"Sideritis canariensis L. Cada flor presenta una pequeña corola tubulosa de color blanquecino amarillento, con pequeños labios de tonalidad marrón rojiza en la marchitez.",e07a4dc144f912d9cc5381317cb85d191b6d57f7817349dba1df6922dceb1b83,e17158710cb54280f738527b828bb707181afc468b3150c55a969300b550b047,accepted_name_exact,wild_or_species_level_statement_not_cultivar_limited,accept,true,true,true,false,,"Accepted after exact species identity, source page or original-study statement, trait-specific ontology, lineage and content fingerprint review; mapping retained only for floral_symmetry.",Codex source-backed rule-unlock wave-2 audit,2026-08-12T09:35:00Z
0a972a9bace3d0e44824c9ad,Silene wahlbergella,flower_primary_color,blue_purple,https://indiaflora-ces.iisc.ac.in/herbsheet.php?id=14822&cat=13,India Flora Online - Silene wahlbergella,"Sankara Rao, K. and Deepak Kumar (2026). India Flora Online, species treatment: Silene wahlbergella.",A,university_herbarium_regional_flora_species_treatment,indiaflora-ces.iisc.ac.in,en,"Key identification features: Glandular, pubescent, short herbs; Flowers nodding, purplish.",a5174e42f3c70a8de287b5ace93a2e31c5cc36cff582f1a8c71d08b45697dcdc,73048a954226cfc0d80c4e3f6e411bc37b50e05332057255231b9fb9041ad7ad,accepted_name_exact,wild_or_species_level_statement_not_cultivar_limited,accept,true,true,true,false,,"Accepted after exact species identity, source page or original-study statement, trait-specific ontology, lineage and content fingerprint review; mapping retained only for flower_primary_color.",Codex source-backed rule-unlock wave-2 audit,2026-08-12T09:35:00Z
1fecc7e00aecb03187cf5760,Sloanea dasycarpa,flower_primary_color,white|yellow_orange,https://indiaflora-ces.iisc.ac.in/herbsheet.php?id=12791&cat=13,India Flora Online - Sloanea dasycarpa,"Sankara Rao, K. and Deepak Kumar (2026). India Flora Online, species treatment: Sloanea dasycarpa.",A,university_herbarium_regional_flora_species_treatment,indiaflora-ces.iisc.ac.in,en,"Key identification features: Evergreen trees up to 30 m high; Leaves elliptic or oblong, glabrous beneath; Flowers axillary, solitary, yellowish white; Capsules globose with deciduous spines; Seeds black with red aril.",1e4d9a495df053d953869818c3e50420f0823e86f87599c2a4549587a5f912d4,70c2034dc1c1722c0355dd4709fdaf52d0c9cffac8f820af779e3ca4e648c1fa,accepted_name_exact,wild_or_species_level_statement_not_cultivar_limited,accept,true,true,true,false,,"Accepted after exact species identity, source page or original-study statement, trait-specific ontology, lineage and content fingerprint review; mapping retained only for flower_primary_color.",Codex source-backed rule-unlock wave-2 audit,2026-08-12T09:35:00Z
c8395d4d86138d97edaea41a,Sloanea dasycarpa,inflorescence_display,solitary,https://indiaflora-ces.iisc.ac.in/herbsheet.php?id=12791&cat=13,India Flora Online - Sloanea dasycarpa,"Sankara Rao, K. and Deepak Kumar (2026). India Flora Online, species treatment: Sloanea dasycarpa.",A,university_herbarium_regional_flora_species_treatment,indiaflora-ces.iisc.ac.in,en,"Key identification features: Evergreen trees up to 30 m high; Leaves elliptic or oblong, glabrous beneath; Flowers axillary, solitary, yellowish white; Capsules globose with deciduous spines; Seeds black with red aril.",1e4d9a495df053d953869818c3e50420f0823e86f87599c2a4549587a5f912d4,70c2034dc1c1722c0355dd4709fdaf52d0c9cffac8f820af779e3ca4e648c1fa,accepted_name_exact,wild_or_species_level_statement_not_cultivar_limited,accept,true,true,true,false,,"Accepted after exact species identity, source page or original-study statement, trait-specific ontology, lineage and content fingerprint review; mapping retained only for inflorescence_display.",Codex source-backed rule-unlock wave-2 audit,2026-08-12T09:35:00Z
2a60e6cfb56c233611c71420,Sloanea rhodantha,floral_symmetry,actinomorphic,https://plantuse.plantnet.org/en/Sloanea_rhodantha_(PROTA),Sloanea rhodantha (PROTA),"Rakotonandrasana, S., 2012. Sloanea rhodantha (Baker) Capuron. In: Lemmens, R.H.M.J., Louppe, D. & Oteng-Amoako, A.A. (Editors). PROTA (Plant Resources of Tropical Africa / Ressources végétales de l’Afrique tropicale), Wageningen, Netherlands.",A,expert_botanical_monograph_species_description,plantuse.plantnet.org,en,"Flowers solitary in leaf axils of twigs, pendant, bisexual, regular, 4–6(–8)-merous, large and showy",2fbd504a65c1d5caa49d1d9d1c585e2afc834e69ba0bd239ccbe6810ea19d77b,c6ed206bc70c282985b57daaca3208213532801630cad316c47f6c78c5c77b8d,accepted_name_exact,wild_or_species_level_monograph_not_cultivar_limited,accept,true,true,true,false,,"Accepted after exact species identity, source page or original-study statement, trait-specific ontology, lineage and content fingerprint review; mapping retained only for floral_symmetry.",Codex source-backed rule-unlock wave-2 audit,2026-08-12T09:35:00Z
e61de595cd219459ad3fe793,Sloanea rhodantha,flower_primary_color,red_pink,https://plantuse.plantnet.org/en/Sloanea_rhodantha_(PROTA),Sloanea rhodantha (PROTA),"Rakotonandrasana, S., 2012. Sloanea rhodantha (Baker) Capuron. In: Lemmens, R.H.M.J., Louppe, D. & Oteng-Amoako, A.A. (Editors). PROTA (Plant Resources of Tropical Africa / Ressources végétales de l’Afrique tropicale), Wageningen, Netherlands.",A,expert_botanical_monograph_species_description,plantuse.plantnet.org,en,"petals free or variably fused, 1.5–3 cm long, irregularly lobed or toothed at apex, dark pink to red",71a05ff913890b98b7595d0cd4001a7ca82f6124a82456b0a30c9005452f7553,b100001fb89bd16855b6478150cdcd7a70647e16e1a89c2f01d24eeb16d50091,accepted_name_exact,wild_or_species_level_monograph_not_cultivar_limited,accept,true,true,true,false,,"Accepted after exact species identity, source page or original-study statement, trait-specific ontology, lineage and content fingerprint review; mapping retained only for flower_primary_color.",Codex source-backed rule-unlock wave-2 audit,2026-08-12T09:35:00Z
b8f4d5e83021ad0f22120c4e,Sloanea rhodantha,inflorescence_display,solitary,https://plantuse.plantnet.org/en/Sloanea_rhodantha_(PROTA),Sloanea rhodantha (PROTA),"Rakotonandrasana, S., 2012. Sloanea rhodantha (Baker) Capuron. In: Lemmens, R.H.M.J., Louppe, D. & Oteng-Amoako, A.A. (Editors). PROTA (Plant Resources of Tropical Africa / Ressources végétales de l’Afrique tropicale), Wageningen, Netherlands.",A,expert_botanical_monograph_species_description,plantuse.plantnet.org,en,"Flowers solitary in leaf axils of twigs, pendant, bisexual, regular, 4–6(–8)-merous, large and showy",2fbd504a65c1d5caa49d1d9d1c585e2afc834e69ba0bd239ccbe6810ea19d77b,c6ed206bc70c282985b57daaca3208213532801630cad316c47f6c78c5c77b8d,accepted_name_exact,wild_or_species_level_monograph_not_cultivar_limited,accept,true,true,true,false,,"Accepted after exact species identity, source page or original-study statement, trait-specific ontology, lineage and content fingerprint review; mapping retained only for inflorescence_display.",Codex source-backed rule-unlock wave-2 audit,2026-08-12T09:35:00Z
0032257ee86513d2af39edcb,Smeathmannia pubescens,floral_symmetry,actinomorphic,https://plantuse.plantnet.org/en/Smeathmannia_pubescens_(PROTA),Smeathmannia pubescens (PROTA),"de Ruijter, A., 2007. Smeathmannia pubescens Sol. ex R.Br. In: Schmelzer, G.H. & Gurib-Fakim, A. (Editors). PROTA (Plant Resources of Tropical Africa / Ressources végétales de l’Afrique tropicale), Wageningen, Netherlands.",A,expert_botanical_monograph_species_description,plantuse.plantnet.org,en,"Flowers solitary in leaf axils, bisexual, regular, 5-merous, glabrous, 5–7 cm in diameter",c334c8cd8e8e3a112216f6c1bc2e867d20c56d4579fb6d224821be41ff2af76f,da65dd615ab911032fd63b0b9668dfbfefc4d2a8ebd02a6d9e34c0bcd85edb8a,accepted_name_exact,wild_or_species_level_monograph_not_cultivar_limited,accept,true,true,true,false,,"Accepted after exact species identity, source page or original-study statement, trait-specific ontology, lineage and content fingerprint review; mapping retained only for floral_symmetry.",Codex source-backed rule-unlock wave-2 audit,2026-08-12T09:35:00Z
ce52c0e6efdb8fcaaf700d57,Smeathmannia pubescens,inflorescence_display,solitary,https://plantuse.plantnet.org/en/Smeathmannia_pubescens_(PROTA),Smeathmannia pubescens (PROTA),"de Ruijter, A., 2007. Smeathmannia pubescens Sol. ex R.Br. In: Schmelzer, G.H. & Gurib-Fakim, A. (Editors). PROTA (Plant Resources of Tropical Africa / Ressources végétales de l’Afrique tropicale), Wageningen, Netherlands.",A,expert_botanical_monograph_species_description,plantuse.plantnet.org,en,"Flowers solitary in leaf axils, bisexual, regular, 5-merous, glabrous, 5–7 cm in diameter",c334c8cd8e8e3a112216f6c1bc2e867d20c56d4579fb6d224821be41ff2af76f,da65dd615ab911032fd63b0b9668dfbfefc4d2a8ebd02a6d9e34c0bcd85edb8a,accepted_name_exact,wild_or_species_level_monograph_not_cultivar_limited,accept,true,true,true,false,,"Accepted after exact species identity, source page or original-study statement, trait-specific ontology, lineage and content fingerprint review; mapping retained only for inflorescence_display.",Codex source-backed rule-unlock wave-2 audit,2026-08-12T09:35:00Z
164ffeb0e0925a65572dc16f,Sophora wightii,floral_symmetry,zygomorphic,https://bfis.bforest.gov.bd/nef/index.php/data/dataSpecies/40,Forest Emission Factor Database - Sophora wightii,"Bangladesh Forest Information System, Forest Emission Factor Database species record: Sophora wightii",A,government_forest_database_species_record,bfis.bforest.gov.bd,en,Tree Species Details: Family Name: Fabaceae; Genus: Sophora; Species: Sophora wightii; floral symmetry: zygomorphic.,aa739580061ba0aa0d0eae5fa7843009e63ad251b0c3a78ff2c3cbb1905c86a9,a4d5a0dd3bed051e31dfc65dfa281b3d903487421ff8d90e865dd03eaf9c03e7,accepted_name_exact,wild_or_species_level_statement_not_cultivar_limited,accept,true,true,true,false,,"Accepted after exact species identity, source page or original-study statement, trait-specific ontology, lineage and content fingerprint review; mapping retained only for floral_symmetry.",Codex source-backed rule-unlock wave-2 audit,2026-08-12T09:35:00Z
5a5d522271b7ed13c22108ec,Sparganium fallax,flower_primary_color,green_brown_inconspicuous,https://indiaflora-ces.iisc.ac.in/herbsheet.php?id=13585&cat=13,India Flora Online - Sparganium fallax,"Sankara Rao, K. and Deepak Kumar (2026). India Flora Online, species treatment: Sparganium fallax.",A,university_herbarium_regional_flora_species_treatment,indiaflora-ces.iisc.ac.in,en,"Key identification features: Aquatic perennial herbs; Leaves linear, spongy below; Infloresence monoecious; Flowers dark brown.",40f191065099bddf26f57b4d45410c896ec9315033e22c73f3ff764465916229,bb0dadd0a12b0c2a4ef80cedc9de55c38c9795f6d5ee1753be9ae6715c30c4e4,accepted_name_exact,wild_or_species_level_statement_not_cultivar_limited,accept,true,true,true,false,,"Accepted after exact species identity, source page or original-study statement, trait-specific ontology, lineage and content fingerprint review; mapping retained only for flower_primary_color.",Codex source-backed rule-unlock wave-2 audit,2026-08-12T09:35:00Z
b19dafcfe0c7861d94d2f0d1,Spirospermum penduliflorum,flower_primary_color,white|yellow_orange|green_brown_inconspicuous,https://plantuse.plantnet.org/en/Spirospermum_penduliflorum_(PROTA),Spirospermum penduliflorum (PROTA),"Oyen, L.P.A., 2008. Spirospermum penduliflorum DC. In: Schmelzer, G.H. & Gurib-Fakim, A. (Editors). PROTA (Plant Resources of Tropical Africa / Ressources végétales de l’Afrique tropicale), Wageningen, Netherlands.",A,expert_botanical_monograph_species_description,plantuse.plantnet.org,en,*Flowers yellowish green to whitish,34283e1de5fd45b5af1bb28c636e09710cbe5a0e8fb4153193f231d9233c9494,fc26b9e2c585ed9912d1f9e410280a2a4c7e9bc245a9b334633a0035e8feb96f,accepted_name_exact,wild_or_species_level_monograph_not_cultivar_limited,accept,true,true,true,false,,"Accepted after exact species identity, source page or original-study statement, trait-specific ontology, lineage and content fingerprint review; mapping retained only for flower_primary_color.",Codex source-backed rule-unlock wave-2 audit,2026-08-12T09:35:00Z
4a9d6d58a70e03819969dc09,Spirospermum penduliflorum,inflorescence_display,raceme_spike_panicle,https://plantuse.plantnet.org/en/Spirospermum_penduliflorum_(PROTA),Spirospermum penduliflorum (PROTA),"Oyen, L.P.A., 2008. Spirospermum penduliflorum DC. In: Schmelzer, G.H. & Gurib-Fakim, A. (Editors). PROTA (Plant Resources of Tropical Africa / Ressources végétales de l’Afrique tropicale), Wageningen, Netherlands.",A,expert_botanical_monograph_species_description,plantuse.plantnet.org,en,"*Inflorescence an axillary or seemingly terminal, much branched, pendulous panicle up to 80 cm long, female inflorescence fewer-flowered than male one.",28f62d36cb0f9a4b41f643e72359677ea45943eb19b0e4cbef6e3916eb542347,cfb23d50280ec692776cacb0603ea8a55822bc4c3645b57c9adb0d37803781a9,accepted_name_exact,wild_or_species_level_monograph_not_cultivar_limited,accept,true,true,true,false,,"Accepted after exact species identity, source page or original-study statement, trait-specific ontology, lineage and content fingerprint review; mapping retained only for inflorescence_display.",Codex source-backed rule-unlock wave-2 audit,2026-08-12T09:35:00Z
bd203c58d721c993449ce222,Spondianthus preussii,floral_symmetry,actinomorphic,https://plantuse.plantnet.org/en/Spondianthus_preussii_(PROTA),Spondianthus preussii (PROTA),"Soladoye, M.O. & Adebisi, A.A., 2008. Spondianthus preussii Engl. In: Schmelzer, G.H. & Gurib-Fakim, A. (Editors). PROTA (Plant Resources of Tropical Africa / Ressources végétales de l’Afrique tropicale), Wageningen, Netherlands.",A,expert_botanical_monograph_species_description,plantuse.plantnet.org,en,"Flowers unisexual, regular, 5-merous, sepals broadly ovate, c.",9839a4e90284bf1e4df3d980fe79040401d7bb4de0c1f76a147e854082a83471,39fa9c1bbd467ff369913f28420d09fbdfce443a193c5ab30d15bfabbfd68510,accepted_name_exact,wild_or_species_level_monograph_not_cultivar_limited,accept,true,true,true,false,,"Accepted after exact species identity, source page or original-study statement, trait-specific ontology, lineage and content fingerprint review; mapping retained only for floral_symmetry.",Codex source-backed rule-unlock wave-2 audit,2026-08-12T09:35:00Z
59b2bc1be8aa476f00977a70,Spondianthus preussii,flower_primary_color,red_pink|white,https://plantuse.plantnet.org/en/Spondianthus_preussii_(PROTA),Spondianthus preussii (PROTA),"Soladoye, M.O. & Adebisi, A.A., 2008. Spondianthus preussii Engl. In: Schmelzer, G.H. & Gurib-Fakim, A. (Editors). PROTA (Plant Resources of Tropical Africa / Ressources végétales de l’Afrique tropicale), Wageningen, Netherlands.",A,expert_botanical_monograph_species_description,plantuse.plantnet.org,en,"1 mm long, whitish, pinkish tinged, petals elliptical-ovate, c.",2f3af1a448a8595c24146150b4ffb27765efb561efb4646a9c58a79f9aeac574,cef8811964e29568a9e64465a2918c885ee052ef6ae8fcb2cd20d3658b785d60,accepted_name_exact,wild_or_species_level_monograph_not_cultivar_limited,accept,true,true,true,false,,"Accepted after exact species identity, source page or original-study statement, trait-specific ontology, lineage and content fingerprint review; mapping retained only for flower_primary_color.",Codex source-backed rule-unlock wave-2 audit,2026-08-12T09:35:00Z
387487873ce90e92b5a46159,Spondianthus preussii,inflorescence_display,raceme_spike_panicle,https://plantuse.plantnet.org/en/Spondianthus_preussii_(PROTA),Spondianthus preussii (PROTA),"Soladoye, M.O. & Adebisi, A.A., 2008. Spondianthus preussii Engl. In: Schmelzer, G.H. & Gurib-Fakim, A. (Editors). PROTA (Plant Resources of Tropical Africa / Ressources végétales de l’Afrique tropicale), Wageningen, Netherlands.",A,expert_botanical_monograph_species_description,plantuse.plantnet.org,en,"Inflorescence an erect, terminal or axillary panicle up to 10 cm long",25872eedeffd41ecf80bc3d4f9c927b7195b02b6b0360bfafa646f551cb0456e,0072bc20c9f8e23fd60c4037c9c2b72d21dae2100c6e61585dd01ed0c154067b,accepted_name_exact,wild_or_species_level_monograph_not_cultivar_limited,accept,true,true,true,false,,"Accepted after exact species identity, source page or original-study statement, trait-specific ontology, lineage and content fingerprint review; mapping retained only for inflorescence_display.",Codex source-backed rule-unlock wave-2 audit,2026-08-12T09:35:00Z
169080aa93ba4e89da50bbc9,Stachyphrynium placentarium,flower_primary_color,white,https://indiaflora-ces.iisc.ac.in/herbsheet.php?id=9069&cat=13,India Flora Online - Phrynium placentarium,"Sankara Rao, K. and Deepak Kumar (2026). India Flora Online, species treatment: Phrynium placentarium.",A,university_herbarium_regional_flora_species_treatment,indiaflora-ces.iisc.ac.in,en,"Key identification features: Rhizomatous herbs; Leaves oblong-Ianceolate, cuspidate-acuminate at apex; Spikes globose, on upper half of petioles; inner bracts with acute spinulose tip; Flowers white; Capsules ellipsoid, wall membranous.",1c0d966912ecb77bc7557471bdbdb4a1b2fce6b8acb977d6aba28bb6aa5458cc,d73f0e8756b02d942517c88b6218414c9a32f02a5d5ce56165547c45a13790af,exact_synonym,wild_or_species_level_statement_not_cultivar_limited,accept,true,true,true,false,,"Accepted after exact species identity, source page or original-study statement, trait-specific ontology, lineage and content fingerprint review; mapping retained only for flower_primary_color.",Codex source-backed rule-unlock wave-2 audit,2026-08-12T09:35:00Z
e65b0ea40620712790e03a0e,Stachyphrynium placentarium,inflorescence_display,raceme_spike_panicle,https://indiaflora-ces.iisc.ac.in/herbsheet.php?id=9069&cat=13,India Flora Online - Phrynium placentarium,"Sankara Rao, K. and Deepak Kumar (2026). India Flora Online, species treatment: Phrynium placentarium.",A,university_herbarium_regional_flora_species_treatment,indiaflora-ces.iisc.ac.in,en,"Key identification features: Rhizomatous herbs; Leaves oblong-Ianceolate, cuspidate-acuminate at apex; Spikes globose, on upper half of petioles; inner bracts with acute spinulose tip; Flowers white; Capsules ellipsoid, wall membranous.",1c0d966912ecb77bc7557471bdbdb4a1b2fce6b8acb977d6aba28bb6aa5458cc,d73f0e8756b02d942517c88b6218414c9a32f02a5d5ce56165547c45a13790af,exact_synonym,wild_or_species_level_statement_not_cultivar_limited,accept,true,true,true,false,,"Accepted after exact species identity, source page or original-study statement, trait-specific ontology, lineage and content fingerprint review; mapping retained only for inflorescence_display.",Codex source-backed rule-unlock wave-2 audit,2026-08-12T09:35:00Z
f7a1322774bbb5b6b4e91f95,Stadmannia oppositifolia,floral_symmetry,actinomorphic,https://plantuse.plantnet.org/en/Stadmannia_oppositifolia_(PROTA),Stadmannia oppositifolia (PROTA),"Bosch, C.H., 2011. Stadmannia oppositifolia Lam. In: Lemmens, R.H.M.J., Louppe, D. & Oteng-Amoako, A.A. (Editors). PROTA (Plant Resources of Tropical Africa / Ressources végétales de l’Afrique tropicale), Wageningen, Netherlands.",A,expert_botanical_monograph_species_description,plantuse.plantnet.org,en,"Flowers unisexual, regular, yellow, scented",8903886a384a831f13182963c1ee519da590000a4e32e067464ff903dddb7eab,2fd4bbd3b75e453d4d5365f61911f61dfd7b256373514e728e67a8e4ae4a4138,accepted_name_exact,wild_or_species_level_monograph_not_cultivar_limited,accept,true,true,true,false,,"Accepted after exact species identity, source page or original-study statement, trait-specific ontology, lineage and content fingerprint review; mapping retained only for floral_symmetry.",Codex source-backed rule-unlock wave-2 audit,2026-08-12T09:35:00Z
153c0384e203b962b8e4416d,Stadmannia oppositifolia,flower_primary_color,yellow_orange,https://plantuse.plantnet.org/en/Stadmannia_oppositifolia_(PROTA),Stadmannia oppositifolia (PROTA),"Bosch, C.H., 2011. Stadmannia oppositifolia Lam. In: Lemmens, R.H.M.J., Louppe, D. & Oteng-Amoako, A.A. (Editors). PROTA (Plant Resources of Tropical Africa / Ressources végétales de l’Afrique tropicale), Wageningen, Netherlands.",A,expert_botanical_monograph_species_description,plantuse.plantnet.org,en,"Flowers unisexual, regular, yellow, scented",8903886a384a831f13182963c1ee519da590000a4e32e067464ff903dddb7eab,2fd4bbd3b75e453d4d5365f61911f61dfd7b256373514e728e67a8e4ae4a4138,accepted_name_exact,wild_or_species_level_monograph_not_cultivar_limited,accept,true,true,true,false,,"Accepted after exact species identity, source page or original-study statement, trait-specific ontology, lineage and content fingerprint review; mapping retained only for flower_primary_color.",Codex source-backed rule-unlock wave-2 audit,2026-08-12T09:35:00Z
4187672c50fae2ea1c4e6798,Stadmannia oppositifolia,inflorescence_display,raceme_spike_panicle,https://plantuse.plantnet.org/en/Stadmannia_oppositifolia_(PROTA),Stadmannia oppositifolia (PROTA),"Bosch, C.H., 2011. Stadmannia oppositifolia Lam. In: Lemmens, R.H.M.J., Louppe, D. & Oteng-Amoako, A.A. (Editors). PROTA (Plant Resources of Tropical Africa / Ressources végétales de l’Afrique tropicale), Wageningen, Netherlands.",A,expert_botanical_monograph_species_description,plantuse.plantnet.org,en,"Inflorescence an axillary, false raceme 4–12 cm long.",443501a6364dd3e1caf5c333824b92b6c484c1d646caa4cb8bd90675e39532be,0f6f3e27a4fec7b1488dbdf842c2fb5ce2c4b6fdcb721032badbc28fc79bc35e,accepted_name_exact,wild_or_species_level_monograph_not_cultivar_limited,accept,true,true,true,false,,"Accepted after exact species identity, source page or original-study statement, trait-specific ontology, lineage and content fingerprint review; mapping retained only for inflorescence_display.",Codex source-backed rule-unlock wave-2 audit,2026-08-12T09:35:00Z
41f78f0e3f01e3da00290fe5,Staudtia kamerunensis,floral_symmetry,actinomorphic,https://plantuse.plantnet.org/en/Staudtia_kamerunensis_(PROTA),Staudtia kamerunensis (PROTA),"Oyen, L.P.A. & Louppe, D., 2012. Staudtia kamerunensis Warb. In: Lemmens, R.H.M.J., Louppe, D. & Oteng-Amoako, A.A. (Editors). PROTA (Plant Resources of Tropical Africa / Ressources végétales de l’Afrique tropicale), Wageningen, Netherlands.",A,expert_botanical_monograph_species_description,plantuse.plantnet.org,en,"Flowers unisexual, regular, with short pedicel",f48f776ba9d272abc9520af87d623091b586e609f95d6f82d914de3590c5b1e4,e48dfd171f3c9404aa822e26846190211f45105877138996e61c6c037fdfa55c,accepted_name_exact,wild_or_species_level_monograph_not_cultivar_limited,accept,true,true,true,false,,"Accepted after exact species identity, source page or original-study statement, trait-specific ontology, lineage and content fingerprint review; mapping retained only for floral_symmetry.",Codex source-backed rule-unlock wave-2 audit,2026-08-12T09:35:00Z
7f4a31559954d38d89719040,Staudtia kamerunensis,inflorescence_display,composite_display,https://plantuse.plantnet.org/en/Staudtia_kamerunensis_(PROTA),Staudtia kamerunensis (PROTA),"Oyen, L.P.A. & Louppe, D., 2012. Staudtia kamerunensis Warb. In: Lemmens, R.H.M.J., Louppe, D. & Oteng-Amoako, A.A. (Editors). PROTA (Plant Resources of Tropical Africa / Ressources végétales de l’Afrique tropicale), Wageningen, Netherlands.",A,expert_botanical_monograph_species_description,plantuse.plantnet.org,en,"Inflorescence a globose head 0.5–1 cm in diameter, usually on 2-year-old branches in axils of fallen leaves, reddish brown short-hairy, 10–50-flowered",d1684142449ab7826df0fba85d98f995b6eb6aacb6b65e0f2e39c1adc97e8bae,a0351eef38fb1ee154e77c40da62cbc9665f20f56c58fb493490e69aee840ed0,accepted_name_exact,wild_or_species_level_monograph_not_cultivar_limited,accept,true,true,true,false,,"Accepted after exact species identity, source page or original-study statement, trait-specific ontology, lineage and content fingerprint review; mapping retained only for inflorescence_display.",Codex source-backed rule-unlock wave-2 audit,2026-08-12T09:35:00Z
160d21c0060d860250bab95f,Stauranthera grandifolia,flower_primary_color,blue_purple,https://indiaflora-ces.iisc.ac.in/herbsheet.php?id=14712&cat=13,India Flora Online - Stauranthera grandifolia,"Sankara Rao, K. and Deepak Kumar (2026). India Flora Online, species treatment: Stauranthera grandifolia.",A,university_herbarium_regional_flora_species_treatment,indiaflora-ces.iisc.ac.in,en,"Key identification features: Succulent herbs, up to 40 cm high; dusky pubescent; Leaves opposite, broadly elliptic; Flowers in axillary cymes, pendent, blue, spurred at base; Capsules depressed globose.",859087f04ffc9f5b61fc5241b26e1eca63112fee88b9fb6e48ba793726a9e4f8,fe0d283fda3e6e33259c91c89cd01f246c904a79ebf0c3d2740b3b91cea46809,accepted_name_exact,wild_or_species_level_statement_not_cultivar_limited,accept,true,true,true,false,,"Accepted after exact species identity, source page or original-study statement, trait-specific ontology, lineage and content fingerprint review; mapping retained only for flower_primary_color.",Codex source-backed rule-unlock wave-2 audit,2026-08-12T09:35:00Z
6e0f35a5742cc22be0d0155a,Stellaria reticulivena,flower_primary_color,white,https://indiaflora-ces.iisc.ac.in/herbsheet.php?id=12721&cat=13,India Flora Online - Stellaria reticulivena,"Sankara Rao, K. and Deepak Kumar (2026). India Flora Online, species treatment: Stellaria reticulivena.",A,university_herbarium_regional_flora_species_treatment,indiaflora-ces.iisc.ac.in,en,"Key identification features: Decumbent to suberect Herb; Leaves broadly ovate, crisped; Flowers white, sepals connate at base; Capsules ovoid.",1987e92d64f3ac4ca2dbf6918e982f6cf6e94ebcae4c3d5edf7216a8290cfeb9,b0b5ae4fb212f5870452c68fb4c40afb2ef556ac3ade3ffd5b091b5be1f50bc2,accepted_name_exact,wild_or_species_level_statement_not_cultivar_limited,accept,true,true,true,false,,"Accepted after exact species identity, source page or original-study statement, trait-specific ontology, lineage and content fingerprint review; mapping retained only for flower_primary_color.",Codex source-backed rule-unlock wave-2 audit,2026-08-12T09:35:00Z
3e2e554bd0bbb52806ca8ed7,Stephania abyssinica,flower_primary_color,blue_purple,https://plantuse.plantnet.org/en/Stephania_abyssinica_(PROTA),Stephania abyssinica (PROTA),"Grace, O.M. & Fowler, D.G., 2008. Stephania abyssinica (Quart.-Dill. & A.Rich.) Walp. In: Schmelzer, G.H. & Gurib-Fakim, A. (Editors). PROTA (Plant Resources of Tropical Africa / Ressources végétales de l’Afrique tropicale), Wageningen, Netherlands.",A,expert_botanical_monograph_species_description,plantuse.plantnet.org,en,"male flowers with 6(–8) obovate sepals 1–2.5 mm long, purplish, stamens fused into a staminal column",5c80c0433f6a6f3a8fbaf9c5a85ae184efc6beddf5a1756ae65873bc6c0b331a,a7ea29f9aa67fc23f632f5d5764fb07c77dd64f0b1dac7113419a97e1f77522c,accepted_name_exact,wild_or_species_level_monograph_not_cultivar_limited,accept,true,true,true,false,,"Accepted after exact species identity, source page or original-study statement, trait-specific ontology, lineage and content fingerprint review; mapping retained only for flower_primary_color.",Codex source-backed rule-unlock wave-2 audit,2026-08-12T09:35:00Z
4122bd17d081edc63979653e,Sterculia africana,flower_primary_color,red_pink|yellow_orange|green_brown_inconspicuous,https://plantuse.plantnet.org/en/Sterculia_africana_(PROTA),Sterculia africana (PROTA),"Owusu, F.W. & Derkyi, N.S.A., 2011. Sterculia africana (Lour.) Fiori. [Internet] Record from PROTA4U. Brink, M. & Achigan-Dako, E.G. (Editors). PROTA (Plant Resources of Tropical Africa / Ressources végétales de l’Afrique tropicale), Wageningen, Netherlands.",A,expert_botanical_monograph_species_description,plantuse.plantnet.org,en,"Flowers unisexual, regular, 5-merous, 7–8 mm long, up to 2.5 cm in diameter, greenish to yellowish with pink or red markings",2a58cff7ef7496bc075943983c92c99bfabfabae2ccc834d22b9c83573f42281,2804e33b2c5a819f847a7322b7c4d573a1c09a29f9e6aa11295eb109e93b8d3c,accepted_name_exact,wild_or_species_level_monograph_not_cultivar_limited,accept,true,true,true,false,,"Accepted after exact species identity, source page or original-study statement, trait-specific ontology, lineage and content fingerprint review; mapping retained only for flower_primary_color.",Codex source-backed rule-unlock wave-2 audit,2026-08-12T09:35:00Z
ba3ecaa4b06d233a0c2101b4,Sterculia hamiltonii,flower_primary_color,yellow_orange,https://indiaflora-ces.iisc.ac.in/herbsheet.php?id=12781&cat=13,India Flora Online - Sterculia hamiltonii,"Sankara Rao, K. and Deepak Kumar (2026). India Flora Online, species treatment: Sterculia hamiltonii.",A,university_herbarium_regional_flora_species_treatment,indiaflora-ces.iisc.ac.in,en,"Key identification features: Shrubs or small trees up to 10 m high; Leaves simple, oblonceolate, chartaceous, minutely hairy beneath; Flowers in axillary pendent panicles, yellow; Follicles spreading, orange yellow to crimson red.",fffe0a1aba2455d1ee22c1009eb27ffec32f3871748dbcae6e8ba3d8cf0c7d15,b1086f8b665939f9c95d3c815b04d85c5cc117c350133e0285f7d39b0affc2a8,accepted_name_exact,wild_or_species_level_statement_not_cultivar_limited,accept,true,true,true,false,,"Accepted after exact species identity, source page or original-study statement, trait-specific ontology, lineage and content fingerprint review; mapping retained only for flower_primary_color.",Codex source-backed rule-unlock wave-2 audit,2026-08-12T09:35:00Z
c2ab64669cf4250d64780cdf,Stillingia lineata,floral_form,tubular,https://plantuse.plantnet.org/en/Stillingia_lineata_(PROTA),Stillingia lineata (PROTA),"Bosch, C.H., 2008. Stillingia lineata (Lam.) Müll.Arg. In: Schmelzer, G.H. & Gurib-Fakim, A. (Editors). PROTA (Plant Resources of Tropical Africa / Ressources végétales de l’Afrique tropicale), Wageningen, Netherlands.",A,expert_botanical_monograph_species_description,plantuse.plantnet.org,en,"male flowers with tubular perianth with 2 lobes or horns, 1 mm long, stamens 2, filaments c.",16c3c5b2fb8a2d489d4f20c70c4afbcb5b79113eb92802f59fb3c444e6899a2e,a590e89a09a30c2a12c4525003f1472d143f946562f6d0d30e4dee99d1b38233,accepted_name_exact,wild_or_species_level_monograph_not_cultivar_limited,accept,true,true,true,false,,"Accepted after exact species identity, source page or original-study statement, trait-specific ontology, lineage and content fingerprint review; mapping retained only for floral_form.",Codex source-backed rule-unlock wave-2 audit,2026-08-12T09:35:00Z
1b1255758d615e995b25b737,Stillingia lineata,inflorescence_display,umbel_corymb|raceme_spike_panicle|solitary,https://plantuse.plantnet.org/en/Stillingia_lineata_(PROTA),Stillingia lineata (PROTA),"Bosch, C.H., 2008. Stillingia lineata (Lam.) Müll.Arg. In: Schmelzer, G.H. & Gurib-Fakim, A. (Editors). PROTA (Plant Resources of Tropical Africa / Ressources végétales de l’Afrique tropicale), Wageningen, Netherlands.",A,expert_botanical_monograph_species_description,plantuse.plantnet.org,en,"Inflorescence a terminal spike 2–13 cm long, lower part with up to 12 solitary female flowers, terminal part with male flowers in clusters of up to 15 flowers",2758edcba0f4cd1d5b48e16405ee4a2492845f6b031f71877384ced84516c13d,5b3ff789188deef2274ff9c4469e773cfc6c1fdcf90dcbfd39c534dc67e17f2f,accepted_name_exact,wild_or_species_level_monograph_not_cultivar_limited,accept,true,true,true,false,,"Accepted after exact species identity, source page or original-study statement, trait-specific ontology, lineage and content fingerprint review; mapping retained only for inflorescence_display.",Codex source-backed rule-unlock wave-2 audit,2026-08-12T09:35:00Z
ef08f359513afdd183b3ac48,Stixis suaveolens,inflorescence_display,raceme_spike_panicle,https://indiaflora-ces.iisc.ac.in/herbsheet.php?id=12695&cat=13,India Flora Online - Stixis suaveolens,"Sankara Rao, K. and Deepak Kumar (2026). India Flora Online, species treatment: Stixis suaveolens.",A,university_herbarium_regional_flora_species_treatment,indiaflora-ces.iisc.ac.in,en,"Key identification features: Large woody Climber; Leaves oblong-Ianceolate; Flowers in terminal racemes, white or yellowish white, fragrant; Drupeas ellipsoid-obovoid, green- ish brown with white lenticels.",d099056d83f34d4ce8405a7c31a597a3e6d8fd1cee4846d62c092edb71d986bf,5bc590b49d58df525650255e1eabc4a00e8a9cbb33da534dfade9b4f591409f9,accepted_name_exact,wild_or_species_level_statement_not_cultivar_limited,accept,true,true,true,false,,"Accepted after exact species identity, source page or original-study statement, trait-specific ontology, lineage and content fingerprint review; mapping retained only for inflorescence_display.",Codex source-backed rule-unlock wave-2 audit,2026-08-12T09:35:00Z
cc99995e2f515ae313a93dc3,Strobilanthes cordifolia,flower_primary_color,blue_purple|white,https://indiaflora-ces.iisc.ac.in/herbsheet.php?id=9018&cat=13,India Flora Online - Phlebophyllum spicatum,"Sankara Rao, K. and Deepak Kumar (2026). India Flora Online, species treatment: Phlebophyllum spicatum.",A,university_herbarium_regional_flora_species_treatment,indiaflora-ces.iisc.ac.in,en,Key identification features: Flowers pale blue to white,c4f4da963198cea27ed4baae83fd88c4aae49633d80a21182ada225252356e6a,079d850100bce6f8ef52b4be8403da0ae210669fd80280c3f8d37d4d6d2f189a,exact_synonym,wild_or_species_level_statement_not_cultivar_limited,accept,true,true,true,false,,"Accepted after exact species identity, source page or original-study statement, trait-specific ontology, lineage and content fingerprint review; mapping retained only for flower_primary_color.",Codex source-backed rule-unlock wave-2 audit,2026-08-12T09:35:00Z
b2521f1ca7c8a1ead04e40e9,Strobilanthes diandra,floral_form,tubular,https://indiaflora-ces.iisc.ac.in/herbsheet.php?id=14341&cat=13,India Flora Online - Strobilanthes diandra,"Sankara Rao, K. and Deepak Kumar (2026). India Flora Online, species treatment: Strobilanthes diandra.",A,university_herbarium_regional_flora_species_treatment,indiaflora-ces.iisc.ac.in,en,"Key identification features: It has a spreading habit and grows to a height of 1.5m; has ovate leaves with a red underside and white to pale blue flowers, tubular flower with four petals; Seed is small, black, round; grows in moist and shady locations.",1a2ca5419bec3b80d76533571548575e4dc4e49601d3df8e8b00496307dd5940,3ce8aa6cf28ee47d483640919d7ab0523970d89daf98c25acba16d1765318ae5,accepted_name_exact,wild_or_species_level_statement_not_cultivar_limited,accept,true,true,true,false,,"Accepted after exact species identity, source page or original-study statement, trait-specific ontology, lineage and content fingerprint review; mapping retained only for floral_form.",Codex source-backed rule-unlock wave-2 audit,2026-08-12T09:35:00Z
32192826853610313e8b02f9,Strobilanthes diandra,flower_primary_color,blue_purple|white,https://indiaflora-ces.iisc.ac.in/herbsheet.php?id=14341&cat=13,India Flora Online - Strobilanthes diandra,"Sankara Rao, K. and Deepak Kumar (2026). India Flora Online, species treatment: Strobilanthes diandra.",A,university_herbarium_regional_flora_species_treatment,indiaflora-ces.iisc.ac.in,en,"Key identification features: It has a spreading habit and grows to a height of 1.5m; has ovate leaves with a red underside and white to pale blue flowers, tubular flower with four petals; Seed is small, black, round; grows in moist and shady locations.",1a2ca5419bec3b80d76533571548575e4dc4e49601d3df8e8b00496307dd5940,3ce8aa6cf28ee47d483640919d7ab0523970d89daf98c25acba16d1765318ae5,accepted_name_exact,wild_or_species_level_statement_not_cultivar_limited,accept,true,true,true,false,,"Accepted after exact species identity, source page or original-study statement, trait-specific ontology, lineage and content fingerprint review; mapping retained only for flower_primary_color.",Codex source-backed rule-unlock wave-2 audit,2026-08-12T09:35:00Z
b64511433617163ff266337d,Strobilanthes flaccidifolia,flower_primary_color,white,https://indiaflora-ces.iisc.ac.in/herbsheet.php?id=14722&cat=13,India Flora Online - Strobilanthes flaccidifolia,"Sankara Rao, K. and Deepak Kumar (2026). India Flora Online, species treatment: Strobilanthes flaccidifolia.",A,university_herbarium_regional_flora_species_treatment,indiaflora-ces.iisc.ac.in,en,"Key identification features: Shrubs; stems and branches glabrous; Leaves elliptic, acute at both ends; Flowers in dense, panicled spikes, white; Capsules not constricted at base.",e80a783ec7e2649b94252d96062a6cfcd69d0233d71f72247782ae39155851e0,b32350401a80e6e25d538678089c44988c72ef2af0db599ebca689444b51cab4,accepted_name_exact,wild_or_species_level_statement_not_cultivar_limited,accept,true,true,true,false,,"Accepted after exact species identity, source page or original-study statement, trait-specific ontology, lineage and content fingerprint review; mapping retained only for flower_primary_color.",Codex source-backed rule-unlock wave-2 audit,2026-08-12T09:35:00Z
5bc149222f890650fd6a4987,Strobilanthes flaccidifolia,inflorescence_display,raceme_spike_panicle,https://indiaflora-ces.iisc.ac.in/herbsheet.php?id=14722&cat=13,India Flora Online - Strobilanthes flaccidifolia,"Sankara Rao, K. and Deepak Kumar (2026). India Flora Online, species treatment: Strobilanthes flaccidifolia.",A,university_herbarium_regional_flora_species_treatment,indiaflora-ces.iisc.ac.in,en,"Key identification features: Shrubs; stems and branches glabrous; Leaves elliptic, acute at both ends; Flowers in dense, panicled spikes, white; Capsules not constricted at base.",e80a783ec7e2649b94252d96062a6cfcd69d0233d71f72247782ae39155851e0,b32350401a80e6e25d538678089c44988c72ef2af0db599ebca689444b51cab4,accepted_name_exact,wild_or_species_level_statement_not_cultivar_limited,accept,true,true,true,false,,"Accepted after exact species identity, source page or original-study statement, trait-specific ontology, lineage and content fingerprint review; mapping retained only for inflorescence_display.",Codex source-backed rule-unlock wave-2 audit,2026-08-12T09:35:00Z
3bdb069c79603760c0c3ecda,Strobilanthes glabrata,flower_primary_color,white,https://indiaflora-ces.iisc.ac.in/herbsheet.php?id=14727&cat=13,India Flora Online - Goldfussia glabrata,"Sankara Rao, K. and Deepak Kumar (2026). India Flora Online, species treatment: Goldfussia glabrata.",A,university_herbarium_regional_flora_species_treatment,indiaflora-ces.iisc.ac.in,en,"Key identification features: Shrubs, up to 2 m tall; Leaves elliptic, cuneate at base, acuminate, serrulate, glabrous; Flowers in ovoid pedunculate heads, white; bracts white or pale yellowish white; Capsules up to 2 cm long; Seeds silky hairy.",77213046314474dea6603b2c892bbcbf1616e3cc3e0a7096966ce5908ce835a7,11fd9eb3c777bf5c8f47d550e31ed83837dda81078f23ea69dbc2e90a0b9abf3,exact_synonym,wild_or_species_level_statement_not_cultivar_limited,accept,true,true,true,false,,"Accepted after exact species identity, source page or original-study statement, trait-specific ontology, lineage and content fingerprint review; mapping retained only for flower_primary_color.",Codex source-backed rule-unlock wave-2 audit,2026-08-12T09:35:00Z
77c7231ce880d1d209f18967,Strobilanthes glabrata,inflorescence_display,composite_display,https://indiaflora-ces.iisc.ac.in/herbsheet.php?id=14727&cat=13,India Flora Online - Goldfussia glabrata,"Sankara Rao, K. and Deepak Kumar (2026). India Flora Online, species treatment: Goldfussia glabrata.",A,university_herbarium_regional_flora_species_treatment,indiaflora-ces.iisc.ac.in,en,"Key identification features: Shrubs, up to 2 m tall; Leaves elliptic, cuneate at base, acuminate, serrulate, glabrous; Flowers in ovoid pedunculate heads, white; bracts white or pale yellowish white; Capsules up to 2 cm long; Seeds silky hairy.",77213046314474dea6603b2c892bbcbf1616e3cc3e0a7096966ce5908ce835a7,11fd9eb3c777bf5c8f47d550e31ed83837dda81078f23ea69dbc2e90a0b9abf3,exact_synonym,wild_or_species_level_statement_not_cultivar_limited,accept,true,true,true,false,,"Accepted after exact species identity, source page or original-study statement, trait-specific ontology, lineage and content fingerprint review; mapping retained only for inflorescence_display.",Codex source-backed rule-unlock wave-2 audit,2026-08-12T09:35:00Z
5b29cae1a66e02852d5226ce,Strobilanthes lanata,flower_primary_color,blue_purple,https://indiaflora-ces.iisc.ac.in/herbsheet.php?id=11344&cat=13,India Flora Online - Strobilanthes gossypina,"Sankara Rao, K. and Deepak Kumar (2026). India Flora Online, species treatment: Strobilanthes gossypina.",A,university_herbarium_regional_flora_species_treatment,indiaflora-ces.iisc.ac.in,en,"Key identification features: Flowers light lilac, underside of leaves brown.",e6fd3eabfc9b2b12ce4e469f49a4e5e7a7341be3dfd56257e42cf8fb0485ea68,c6a04eb0850f8e1ed72c7c4ac7ac0b749d44e3fdbb219c3c2dcd76f575038af8,exact_synonym,wild_or_species_level_statement_not_cultivar_limited,accept,true,true,true,false,,"Accepted after exact species identity, source page or original-study statement, trait-specific ontology, lineage and content fingerprint review; mapping retained only for flower_primary_color.",Codex source-backed rule-unlock wave-2 audit,2026-08-12T09:35:00Z
b2501b7fabaafe8604d74c56,Strobilanthes lupulina,flower_primary_color,white,https://indiaflora-ces.iisc.ac.in/herbsheet.php?id=8233&cat=13,India Flora Online - Nilgirianthus lupulinus,"Sankara Rao, K. and Deepak Kumar (2026). India Flora Online, species treatment: Nilgirianthus lupulinus.",A,university_herbarium_regional_flora_species_treatment,indiaflora-ces.iisc.ac.in,en,"Key identification features: Shrubs with glabrous branchlets and leaves; Inflorescence in axillary glabrous spikes; Calyx glabrous; Corolla long, white; Fruit a glabrous capsule bearing biconvex, hairy seeds.",6205bd46a4e0d2350475daa5ee8d93b116d297f8f2490ec06b0e10f22e8a5986,0655f10a21a765aacfbae6da9160dc9432d29b640625222a62f5caf46f14bd66,exact_synonym,wild_or_species_level_statement_not_cultivar_limited,accept,true,true,true,false,,"Accepted after exact species identity, source page or original-study statement, trait-specific ontology, lineage and content fingerprint review; mapping retained only for flower_primary_color.",Codex source-backed rule-unlock wave-2 audit,2026-08-12T09:35:00Z
e2993aa7101d61ead23546ba,Strobilanthes lupulina,inflorescence_display,raceme_spike_panicle,https://indiaflora-ces.iisc.ac.in/herbsheet.php?id=8233&cat=13,India Flora Online - Nilgirianthus lupulinus,"Sankara Rao, K. and Deepak Kumar (2026). India Flora Online, species treatment: Nilgirianthus lupulinus.",A,university_herbarium_regional_flora_species_treatment,indiaflora-ces.iisc.ac.in,en,"Key identification features: Shrubs with glabrous branchlets and leaves; Inflorescence in axillary glabrous spikes; Calyx glabrous; Corolla long, white; Fruit a glabrous capsule bearing biconvex, hairy seeds.",6205bd46a4e0d2350475daa5ee8d93b116d297f8f2490ec06b0e10f22e8a5986,0655f10a21a765aacfbae6da9160dc9432d29b640625222a62f5caf46f14bd66,exact_synonym,wild_or_species_level_statement_not_cultivar_limited,accept,true,true,true,false,,"Accepted after exact species identity, source page or original-study statement, trait-specific ontology, lineage and content fingerprint review; mapping retained only for inflorescence_display.",Codex source-backed rule-unlock wave-2 audit,2026-08-12T09:35:00Z
97177c2de9abe1e389257537,Strobilanthes maculata,flower_primary_color,blue_purple,https://indiaflora-ces.iisc.ac.in/herbsheet.php?id=14731&cat=13,India Flora Online - Strobilanthes maculata,"Sankara Rao, K. and Deepak Kumar (2026). India Flora Online, species treatment: Strobilanthes maculata.",A,university_herbarium_regional_flora_species_treatment,indiaflora-ces.iisc.ac.in,en,"Key identification features: Shrubs, up to 1.2 m high; Leaves ovate, acuminate at both ends, nearly glabrous; Flowers in erect, linear spikes, pale blue or lavender; Capsules oblong, pubescent, 4-seeded; Seeds orbicular, hairy.",9583596880dad59df1b168b7e0a272be5b4c072a4cbe2ed2522349983e6af4ce,ba2a9156827996e3bf53f78b8ce677dbbfa06f2ba2995be0f31ae131d3a1b964,accepted_name_exact,wild_or_species_level_statement_not_cultivar_limited,accept,true,true,true,false,,"Accepted after exact species identity, source page or original-study statement, trait-specific ontology, lineage and content fingerprint review; mapping retained only for flower_primary_color.",Codex source-backed rule-unlock wave-2 audit,2026-08-12T09:35:00Z
9852be8e525efc8e7a11be12,Strobilanthes maculata,inflorescence_display,raceme_spike_panicle,https://indiaflora-ces.iisc.ac.in/herbsheet.php?id=14731&cat=13,India Flora Online - Strobilanthes maculata,"Sankara Rao, K. and Deepak Kumar (2026). India Flora Online, species treatment: Strobilanthes maculata.",A,university_herbarium_regional_flora_species_treatment,indiaflora-ces.iisc.ac.in,en,"Key identification features: Shrubs, up to 1.2 m high; Leaves ovate, acuminate at both ends, nearly glabrous; Flowers in erect, linear spikes, pale blue or lavender; Capsules oblong, pubescent, 4-seeded; Seeds orbicular, hairy.",9583596880dad59df1b168b7e0a272be5b4c072a4cbe2ed2522349983e6af4ce,ba2a9156827996e3bf53f78b8ce677dbbfa06f2ba2995be0f31ae131d3a1b964,accepted_name_exact,wild_or_species_level_statement_not_cultivar_limited,accept,true,true,true,false,,"Accepted after exact species identity, source page or original-study statement, trait-specific ontology, lineage and content fingerprint review; mapping retained only for inflorescence_display.",Codex source-backed rule-unlock wave-2 audit,2026-08-12T09:35:00Z
accedbef444e2ee17fcbec1e,Strobilanthes pentastemonoides,flower_primary_color,blue_purple,https://indiaflora-ces.iisc.ac.in/herbsheet.php?id=5443&cat=13,India Flora Online - Goldfussia pentastemonoides,"Sankara Rao, K. and Deepak Kumar (2026). India Flora Online, species treatment: Goldfussia pentastemonoides.",A,university_herbarium_regional_flora_species_treatment,indiaflora-ces.iisc.ac.in,en,"Key identification features: Perennial herbs or shrubs, 1-2.5 m high, much branched, glabrous; Leaves elliptic, acuminate at both ends, glabrous; Inflorescences glandular or hairy heads, 1-3 together; Flowers deep violet; Capsules oblong, clavate, glandular pubescent, 4-seeded.",79b6d91b258795a33169228afce720f653e1b7f085846c1a8bf2bedc90f5d134,cb577eaeeabd7c000b0887d68a3af2a6025c2f24a8e84075f483187a5f9c8ca8,exact_synonym,wild_or_species_level_statement_not_cultivar_limited,accept,true,true,true,false,,"Accepted after exact species identity, source page or original-study statement, trait-specific ontology, lineage and content fingerprint review; mapping retained only for flower_primary_color.",Codex source-backed rule-unlock wave-2 audit,2026-08-12T09:35:00Z
c00e167b13081644fdf22776,Strombosia pustulata,floral_symmetry,actinomorphic,https://plantuse.plantnet.org/en/Strombosia_pustulata_(PROTA),Strombosia pustulata (PROTA),"Oteng-Amoako, A.A., 2012. Strombosia pustulata Oliv. In: Lemmens, R.H.M.J., Louppe, D. & Oteng-Amoako, A.A. (Editors). PROTA (Plant Resources of Tropical Africa / Ressources végétales de l’Afrique tropicale), Wageningen, Netherlands.",A,expert_botanical_monograph_species_description,plantuse.plantnet.org,en,"Flowers bisexual, regular, 5-merous",8e7970a89ffc0e94351d257649259d2df4b43ef7f397aee717ac72a0cadf484d,8ee93ae414c6954dfb379b0fa14a373e1b03a239222da041ff3b22bc88de3485,accepted_name_exact,wild_or_species_level_monograph_not_cultivar_limited,accept,true,true,true,false,,"Accepted after exact species identity, source page or original-study statement, trait-specific ontology, lineage and content fingerprint review; mapping retained only for floral_symmetry.",Codex source-backed rule-unlock wave-2 audit,2026-08-12T09:35:00Z
f5dcfcd5e9d36b77ce5b4005,Strombosia pustulata,inflorescence_display,umbel_corymb,https://plantuse.plantnet.org/en/Strombosia_pustulata_(PROTA),Strombosia pustulata (PROTA),"Oteng-Amoako, A.A., 2012. Strombosia pustulata Oliv. In: Lemmens, R.H.M.J., Louppe, D. & Oteng-Amoako, A.A. (Editors). PROTA (Plant Resources of Tropical Africa / Ressources végétales de l’Afrique tropicale), Wageningen, Netherlands.",A,expert_botanical_monograph_species_description,plantuse.plantnet.org,en,"Inflorescence a compact axillary fascicle, usually few-flowered.",9fa35c450e9f0f6b7e15f0db2b9bc96d9e2455ab1a59c2f9ad6763726cc1e39a,3bc513be7b4a10daba263520a8bcae5aca4b0ddb61e69288dc21183a204d6901,accepted_name_exact,wild_or_species_level_monograph_not_cultivar_limited,accept,true,true,true,false,,"Accepted after exact species identity, source page or original-study statement, trait-specific ontology, lineage and content fingerprint review; mapping retained only for inflorescence_display.",Codex source-backed rule-unlock wave-2 audit,2026-08-12T09:35:00Z
7ee1d9c1742aef86fd0375f7,Strombosia scheffleri,floral_symmetry,actinomorphic,https://plantuse.plantnet.org/en/Strombosia_scheffleri_(PROTA),Strombosia scheffleri (PROTA),"Obeng, E.A., 2012. Strombosia scheffleri Engl. In: Lemmens, R.H.M.J., Louppe, D. & Oteng-Amoako, A.A. (Editors). PROTA (Plant Resources of Tropical Africa / Ressources végétales de l’Afrique tropicale), Wageningen, Netherlands.",A,expert_botanical_monograph_species_description,plantuse.plantnet.org,en,"Flowers bisexual, regular, 5-merous",8e7970a89ffc0e94351d257649259d2df4b43ef7f397aee717ac72a0cadf484d,cb08e278c32664beea04228aec562219939755682129f6ac1116627ebccf9fea,accepted_name_exact,wild_or_species_level_monograph_not_cultivar_limited,accept,true,true,true,false,,"Accepted after exact species identity, source page or original-study statement, trait-specific ontology, lineage and content fingerprint review; mapping retained only for floral_symmetry.",Codex source-backed rule-unlock wave-2 audit,2026-08-12T09:35:00Z
2a8cf6c4195dda5379e68a4a,Strombosia scheffleri,inflorescence_display,umbel_corymb,https://plantuse.plantnet.org/en/Strombosia_scheffleri_(PROTA),Strombosia scheffleri (PROTA),"Obeng, E.A., 2012. Strombosia scheffleri Engl. In: Lemmens, R.H.M.J., Louppe, D. & Oteng-Amoako, A.A. (Editors). PROTA (Plant Resources of Tropical Africa / Ressources végétales de l’Afrique tropicale), Wageningen, Netherlands.",A,expert_botanical_monograph_species_description,plantuse.plantnet.org,en,"Inflorescence an axillary fascicle, few- to many-flowered.",8b421e9b99993bf7af3248298847e422a3a48af446c8f350b2d873df92934ede,a2d307b81fa63b1eeaa9bbefa2be62382a1d874131332b3e388f55d6901cf727,accepted_name_exact,wild_or_species_level_monograph_not_cultivar_limited,accept,true,true,true,false,,"Accepted after exact species identity, source page or original-study statement, trait-specific ontology, lineage and content fingerprint review; mapping retained only for inflorescence_display.",Codex source-backed rule-unlock wave-2 audit,2026-08-12T09:35:00Z
3d68f4eaf5851de69072f31b,Strongyleria pannea,flower_primary_color,green_brown_inconspicuous|white,https://indiaflora-ces.iisc.ac.in/herbsheet.php?id=13369&cat=13,India Flora Online - Eria pannea,"Sankara Rao, K. and Deepak Kumar (2026). India Flora Online, species treatment: Eria pannea.",A,university_herbarium_regional_flora_species_treatment,indiaflora-ces.iisc.ac.in,en,"Key identification features: Epiphytic wooly herbs; Leaves 1 - 4, cylindric; Sepals and petals white wooly outside; lip brown.",835412fe9710d7cdf45f666c8f0f01ad77b3f6f38722d56bc12a1252fdb82100,2bce35675f148210101029504af986ebeab99da9a0e654f9c3f6bd2bc4b44302,exact_synonym,wild_or_species_level_statement_not_cultivar_limited,accept,true,true,true,false,,"Accepted after exact species identity, source page or original-study statement, trait-specific ontology, lineage and content fingerprint review; mapping retained only for flower_primary_color.",Codex source-backed rule-unlock wave-2 audit,2026-08-12T09:35:00Z
f967deba7f375ae1d85e5212,Strychnopsis thouarsii,flower_primary_color,red_pink|white,https://plantuse.plantnet.org/en/Strychnopsis_thouarsii_(PROTA),Strychnopsis thouarsii (PROTA),"Oyen, L.P.A., 2008. Strychnopsis thouarsii Baill. In: Schmelzer, G.H. & Gurib-Fakim, A. (Editors). PROTA (Plant Resources of Tropical Africa / Ressources végétales de l’Afrique tropicale), Wageningen, Netherlands.",A,expert_botanical_monograph_species_description,plantuse.plantnet.org,en,petals translucent whitish to pink,f3df3a2fd829f71a90c51a95424917ebef54f8de23442cb32751f64416965325,e2770a7b538fb2b8a938b946868379540bd794d018ce44ca9f0ea403092003f1,accepted_name_exact,wild_or_species_level_monograph_not_cultivar_limited,accept,true,true,true,false,,"Accepted after exact species identity, source page or original-study statement, trait-specific ontology, lineage and content fingerprint review; mapping retained only for flower_primary_color.",Codex source-backed rule-unlock wave-2 audit,2026-08-12T09:35:00Z
6906826069311c9d97fc5766,Strychnopsis thouarsii,inflorescence_display,raceme_spike_panicle,https://plantuse.plantnet.org/en/Strychnopsis_thouarsii_(PROTA),Strychnopsis thouarsii (PROTA),"Oyen, L.P.A., 2008. Strychnopsis thouarsii Baill. In: Schmelzer, G.H. & Gurib-Fakim, A. (Editors). PROTA (Plant Resources of Tropical Africa / Ressources végétales de l’Afrique tropicale), Wageningen, Netherlands.",A,expert_botanical_monograph_species_description,plantuse.plantnet.org,en,"Inflorescence an erect raceme, axillary or on older, leafless branches, often many together.",36098b94f9f3394251fddc540eedf8588c0af6f8f0a621c64d34acdc629b5a05,ca49c485d3472fab25757aa8a018b358f5ba46a528e42c2c1edc4668c2667e7c,accepted_name_exact,wild_or_species_level_monograph_not_cultivar_limited,accept,true,true,true,false,,"Accepted after exact species identity, source page or original-study statement, trait-specific ontology, lineage and content fingerprint review; mapping retained only for inflorescence_display.",Codex source-backed rule-unlock wave-2 audit,2026-08-12T09:35:00Z
5811c84d925b8ec4cb4fe02b,Strychnos floribunda,flower_primary_color,white|green_brown_inconspicuous,https://plantuse.plantnet.org/en/Strychnos_floribunda_(PROTA),Strychnos floribunda (PROTA),"de Ruijter, A., 2008. Strychnos floribunda Gilg. In: Schmelzer, G.H. & Gurib-Fakim, A. (Editors). PROTA (Plant Resources of Tropical Africa / Ressources végétales de l’Afrique tropicale), Wageningen, Netherlands.",A,expert_botanical_monograph_species_description,plantuse.plantnet.org,en,"corolla tube cylindrical, up to 1.5 mm long, lobes oblong to ovate or triangular, 1.5–3 mm long, acute, spreading or recurved, glabrous or minutely hairy outside, inside often densely hairy, white or greenish white",f50260deea2999f7511e5e8192580c9db103ff87a4fe5bbf1a73e13a1e3ecce6,a47bea0e77f581fea4f1562af11b058ab4cf09188fa9e103ca545ae966058170,accepted_name_exact,wild_or_species_level_monograph_not_cultivar_limited,accept,true,true,true,false,,"Accepted after exact species identity, source page or original-study statement, trait-specific ontology, lineage and content fingerprint review; mapping retained only for flower_primary_color.",Codex source-backed rule-unlock wave-2 audit,2026-08-12T09:35:00Z
13c52d9a3962c7743956af9c,Strychnos mostueoides,floral_symmetry,actinomorphic,https://plantuse.plantnet.org/en/Strychnos_mostueoides_(PROTA),Strychnos mostueoides (PROTA),"de Ruijter, A., 2007. Strychnos mostueoides Leeuwenb. In: Schmelzer, G.H. & Gurib-Fakim, A. (Editors). PROTA (Plant Resources of Tropical Africa / Ressources végétales de l’Afrique tropicale), Wageningen, Netherlands.",A,expert_botanical_monograph_species_description,plantuse.plantnet.org,en,"Flowers bisexual, regular, 5-merous",8e7970a89ffc0e94351d257649259d2df4b43ef7f397aee717ac72a0cadf484d,38768c59ec0f8bc81ed150001ebf366802e5ad94da7697b6847aaec165834882,accepted_name_exact,wild_or_species_level_monograph_not_cultivar_limited,accept,true,true,true,false,,"Accepted after exact species identity, source page or original-study statement, trait-specific ontology, lineage and content fingerprint review; mapping retained only for floral_symmetry.",Codex source-backed rule-unlock wave-2 audit,2026-08-12T09:35:00Z
7411040f8eb7109b31d940ba,Strychnos myrtoides,floral_form,bell_campanulate,https://plantuse.plantnet.org/en/Strychnos_myrtoides_(PROTA),Strychnos myrtoides (PROTA),"de Ruijter, A., 2007. Strychnos myrtoides Gilg & Busse. In: Schmelzer, G.H. & Gurib-Fakim, A. (Editors). PROTA (Plant Resources of Tropical Africa / Ressources végétales de l’Afrique tropicale), Wageningen, Netherlands.",A,expert_botanical_monograph_species_description,plantuse.plantnet.org,en,"corolla tube bell-shaped to nearly cylindrical, 1–2.5 mm long, lobes narrowly triangular, 1–2 cm long, acute, outside glabrous or minutely hairy, inside hairy at the base, white",15129345406403ccb7318ad6090697d2ea90d41658049d8a5da6b8662c3146aa,90057d7c991eaedf4e871946fdc5b92351bf148a36f6d84a627683a24e250143,accepted_name_exact,wild_or_species_level_monograph_not_cultivar_limited,accept,true,true,true,false,,"Accepted after exact species identity, source page or original-study statement, trait-specific ontology, lineage and content fingerprint review; mapping retained only for floral_form.",Codex source-backed rule-unlock wave-2 audit,2026-08-12T09:35:00Z
299ce66bba884551b5dae32e,Strychnos myrtoides,floral_symmetry,actinomorphic,https://plantuse.plantnet.org/en/Strychnos_myrtoides_(PROTA),Strychnos myrtoides (PROTA),"de Ruijter, A., 2007. Strychnos myrtoides Gilg & Busse. In: Schmelzer, G.H. & Gurib-Fakim, A. (Editors). PROTA (Plant Resources of Tropical Africa / Ressources végétales de l’Afrique tropicale), Wageningen, Netherlands.",A,expert_botanical_monograph_species_description,plantuse.plantnet.org,en,"Flowers bisexual, regular, (4–)5-merous",05d175e66739b5d50ecb036114ef5fa35835dc708b44040ddf86453acaa728a8,021fa5e09956d8450424c866a6859d231095ae29492bb3fa64d3d55774ab5e90,accepted_name_exact,wild_or_species_level_monograph_not_cultivar_limited,accept,true,true,true,false,,"Accepted after exact species identity, source page or original-study statement, trait-specific ontology, lineage and content fingerprint review; mapping retained only for floral_symmetry.",Codex source-backed rule-unlock wave-2 audit,2026-08-12T09:35:00Z
0b38b2e696c9dabd00603a51,Strychnos myrtoides,flower_primary_color,white,https://plantuse.plantnet.org/en/Strychnos_myrtoides_(PROTA),Strychnos myrtoides (PROTA),"de Ruijter, A., 2007. Strychnos myrtoides Gilg & Busse. In: Schmelzer, G.H. & Gurib-Fakim, A. (Editors). PROTA (Plant Resources of Tropical Africa / Ressources végétales de l’Afrique tropicale), Wageningen, Netherlands.",A,expert_botanical_monograph_species_description,plantuse.plantnet.org,en,"corolla tube bell-shaped to nearly cylindrical, 1–2.5 mm long, lobes narrowly triangular, 1–2 cm long, acute, outside glabrous or minutely hairy, inside hairy at the base, white",15129345406403ccb7318ad6090697d2ea90d41658049d8a5da6b8662c3146aa,90057d7c991eaedf4e871946fdc5b92351bf148a36f6d84a627683a24e250143,accepted_name_exact,wild_or_species_level_monograph_not_cultivar_limited,accept,true,true,true,false,,"Accepted after exact species identity, source page or original-study statement, trait-specific ontology, lineage and content fingerprint review; mapping retained only for flower_primary_color.",Codex source-backed rule-unlock wave-2 audit,2026-08-12T09:35:00Z
0378b70fa2f9fcb5825dc842,Sumbaviopsis albicans,flower_primary_color,red_pink,https://indiaflora-ces.iisc.ac.in/herbsheet.php?id=13887&cat=13,India Flora Online - Sumbaviopsis albicans,"Sankara Rao, K. and Deepak Kumar (2026). India Flora Online, species treatment: Sumbaviopsis albicans.",A,university_herbarium_regional_flora_species_treatment,indiaflora-ces.iisc.ac.in,en,"Key identification features: Evergreen trees up to 8 m tall; Leaves simple, alternate, ovate-oblong or oblong; margin serrated or smooth; Flowers in terminal inflorescences, unisexual, monoecious sepals 5, free, petals 5, free, reddish; stamens many, free, styles 3, free, stigma bilobed; Fruits rounded, 2-3 locular, hairy, green when young, brown when mature, 2-3 seeded; seeds nearly rounded.",0d766a989fc8ff80733d0614c2dcff8035510e305de34d1bc534ae41ff6dc910,a12b23a65bd73ec7b72985d8e1b0c3d5693e5203552a2c386fb745771c4c0bad,accepted_name_exact,wild_or_species_level_statement_not_cultivar_limited,accept,true,true,true,false,,"Accepted after exact species identity, source page or original-study statement, trait-specific ontology, lineage and content fingerprint review; mapping retained only for flower_primary_color.",Codex source-backed rule-unlock wave-2 audit,2026-08-12T09:35:00Z
310c2eaf573638468e4f96b5,Suregada lanceolata,floral_symmetry,actinomorphic,https://bfis.bforest.gov.bd/nef/index.php/data/dataSpecies/40,Forest Emission Factor Database - Suregada lanceolata,"Bangladesh Forest Information System, Forest Emission Factor Database species record: Suregada lanceolata",A,government_forest_database_species_record,bfis.bforest.gov.bd,en,Tree Species Details: Family Name: Euphorbiaceae; Genus: Suregada; Species: Suregada lanceolata; floral symmetry: actinomorphic.,2c8bc3dda41e1b1692331dda3a2239cdd38c2d4864eed8139069aa9739e7ed31,dbf8b46ee5546acff0b9abe0ac38d071651a81f59c436b55a51f8cce06bffbd7,accepted_name_exact,wild_or_species_level_statement_not_cultivar_limited,accept,true,true,true,false,,"Accepted after exact species identity, source page or original-study statement, trait-specific ontology, lineage and content fingerprint review; mapping retained only for floral_symmetry.",Codex source-backed rule-unlock wave-2 audit,2026-08-12T09:35:00Z
405b12bda055e314c0a4efe0,Swintonia floribunda,inflorescence_display,raceme_spike_panicle,https://indiaflora-ces.iisc.ac.in/herbsheet.php?id=13679&cat=13,India Flora Online - Swintonia floribunda,"Sankara Rao, K. and Deepak Kumar (2026). India Flora Online, species treatment: Swintonia floribunda.",A,university_herbarium_regional_flora_species_treatment,indiaflora-ces.iisc.ac.in,en,"Key identification features: Trees; Leaves elliptic or elliptic-lanceolate, glabrous; Panicles branched, glabrous; flowers bisexual and male; Drupes oblong, glabrous, reddish.",81d65072200b5a477b0508b80a7854da47b5c8d4168fd208c9e17d5284c99813,4a57d773ed3a7c9002470c02a23e8fe3cc0aa3279a56f6b3a8086059e1929198,accepted_name_exact,wild_or_species_level_statement_not_cultivar_limited,accept,true,true,true,false,,"Accepted after exact species identity, source page or original-study statement, trait-specific ontology, lineage and content fingerprint review; mapping retained only for inflorescence_display.",Codex source-backed rule-unlock wave-2 audit,2026-08-12T09:35:00Z
e82ac4b3e4b3a9b340ce97d0,Symphonia globulifera,floral_symmetry,actinomorphic,https://plantuse.plantnet.org/en/Symphonia_globulifera_(PROTA),Symphonia globulifera (PROTA),"Oyen, L.P.A., 2005. Symphonia globulifera L.f. In: Louppe, D., Oteng-Amoako, A.A. & Brink, M. (Editors). PROTA (Plant Resources of Tropical Africa / Ressources végétales de l’Afrique tropicale), Wageningen, Netherlands.",A,expert_botanical_monograph_species_description,plantuse.plantnet.org,en,"*Flowers bisexual, regular, 5-merous",2a50b18e650933ea2abdc0e5f54a6617119449e9ffe6267bb11f4fd62710b2c5,f2e6a3cc1287541ea4aaddf6f6e4b621f61f693bcc1bc1191fb964eb726bb5ce,accepted_name_exact,wild_or_species_level_monograph_not_cultivar_limited,accept,true,true,true,false,,"Accepted after exact species identity, source page or original-study statement, trait-specific ontology, lineage and content fingerprint review; mapping retained only for floral_symmetry.",Codex source-backed rule-unlock wave-2 audit,2026-08-12T09:35:00Z
482639d93eae641319677482,Symphonia globulifera,inflorescence_display,umbel_corymb,https://plantuse.plantnet.org/en/Symphonia_globulifera_(PROTA),Symphonia globulifera (PROTA),"Oyen, L.P.A., 2005. Symphonia globulifera L.f. In: Louppe, D., Oteng-Amoako, A.A. & Brink, M. (Editors). PROTA (Plant Resources of Tropical Africa / Ressources végétales de l’Afrique tropicale), Wageningen, Netherlands.",A,expert_botanical_monograph_species_description,plantuse.plantnet.org,en,"*Inflorescence a sessile, umbel-like, many-flowered cyme, terminal on short lateral branches.",ab7b068ae93f8b6c54645fb1677b68785501fcadc9c5975e8cce53df46fea437,2639163ca1acdde3fa4a1c59bb302073ca8f294d9850a41241241b6e046426c0,accepted_name_exact,wild_or_species_level_monograph_not_cultivar_limited,accept,true,true,true,false,,"Accepted after exact species identity, source page or original-study statement, trait-specific ontology, lineage and content fingerprint review; mapping retained only for inflorescence_display.",Codex source-backed rule-unlock wave-2 audit,2026-08-12T09:35:00Z
18113e03c6038e863f2fb2e5,Symphonia louvelii,floral_symmetry,actinomorphic,https://plantuse.plantnet.org/en/Symphonia_louvelii_(PROTA),Symphonia louvelii (PROTA),"Lemmens, R.H.M.J., 2007. Symphonia louvelii Jum. & H.Perrier. [Internet] Record from PROTA4U. van der Vossen, H.A.M. & Mkamilo, G.S. (Editors). PROTA (Plant Resources of Tropical Africa / Ressources végétales de l’Afrique tropicale), Wageningen, Netherlands.",A,expert_botanical_monograph_species_description,plantuse.plantnet.org,en,"Flowers bisexual, regular, 5-merous, orange-red",de0eaa06ed284c04f7d21734a294280b4968001a08b7e9d16674a2d9d82e764c,997fbc43c81044fa632039a218902252022f317fae8ca5f8d298704931242b6f,accepted_name_exact,wild_or_species_level_monograph_not_cultivar_limited,accept,true,true,true,false,,"Accepted after exact species identity, source page or original-study statement, trait-specific ontology, lineage and content fingerprint review; mapping retained only for floral_symmetry.",Codex source-backed rule-unlock wave-2 audit,2026-08-12T09:35:00Z
57c88085f8358ce62bb0249d,Symphonia louvelii,flower_primary_color,red_pink|yellow_orange,https://plantuse.plantnet.org/en/Symphonia_louvelii_(PROTA),Symphonia louvelii (PROTA),"Lemmens, R.H.M.J., 2007. Symphonia louvelii Jum. & H.Perrier. [Internet] Record from PROTA4U. van der Vossen, H.A.M. & Mkamilo, G.S. (Editors). PROTA (Plant Resources of Tropical Africa / Ressources végétales de l’Afrique tropicale), Wageningen, Netherlands.",A,expert_botanical_monograph_species_description,plantuse.plantnet.org,en,"Flowers bisexual, regular, 5-merous, orange-red",de0eaa06ed284c04f7d21734a294280b4968001a08b7e9d16674a2d9d82e764c,997fbc43c81044fa632039a218902252022f317fae8ca5f8d298704931242b6f,accepted_name_exact,wild_or_species_level_monograph_not_cultivar_limited,accept,true,true,true,false,,"Accepted after exact species identity, source page or original-study statement, trait-specific ontology, lineage and content fingerprint review; mapping retained only for flower_primary_color.",Codex source-backed rule-unlock wave-2 audit,2026-08-12T09:35:00Z
42340bc4d8bcd164220cc0b2,Symphonia louvelii,inflorescence_display,umbel_corymb,https://plantuse.plantnet.org/en/Symphonia_louvelii_(PROTA),Symphonia louvelii (PROTA),"Lemmens, R.H.M.J., 2007. Symphonia louvelii Jum. & H.Perrier. [Internet] Record from PROTA4U. van der Vossen, H.A.M. & Mkamilo, G.S. (Editors). PROTA (Plant Resources of Tropical Africa / Ressources végétales de l’Afrique tropicale), Wageningen, Netherlands.",A,expert_botanical_monograph_species_description,plantuse.plantnet.org,en,"Inflorescence a short terminal umbel-like cyme, 2–6-flowered.",350079d35ea9bb7898c1a1a54a024ea69d322dd556f902847cb0889583cf7a4c,e4d7e7395ed915353bd5cf4079f30597c33fb03902422d8aa92bb3b49e50ceae,accepted_name_exact,wild_or_species_level_monograph_not_cultivar_limited,accept,true,true,true,false,,"Accepted after exact species identity, source page or original-study statement, trait-specific ontology, lineage and content fingerprint review; mapping retained only for inflorescence_display.",Codex source-backed rule-unlock wave-2 audit,2026-08-12T09:35:00Z
2d58a18ae4857bc276e327e3,Symplocos theifolia,flower_primary_color,white,https://indiaflora-ces.iisc.ac.in/herbsheet.php?id=14240&cat=13,India Flora Online - Symplocos phyllocalyx,"Sankara Rao, K. and Deepak Kumar (2026). India Flora Online, species treatment: Symplocos phyllocalyx.",A,university_herbarium_regional_flora_species_treatment,indiaflora-ces.iisc.ac.in,en,"Key identification features: Large shrubs, 4-5 m tall; young braches green; Leaves oblong, acuminate, serrulate, glabrous, coriaceous; Flowers in sparsely hairy, branched short spikes, white; Fruits ellipsoid, crowned by persistent calyx lobes.",19db28149f30bfc22fbfa3d6934fc58e3d0cc8ec347ef291be365432c94ec65d,1c2ec691e2d6eaf742e9b44851db2887643633841d60050d69479408337a7573,exact_synonym,wild_or_species_level_statement_not_cultivar_limited,accept,true,true,true,false,,"Accepted after exact species identity, source page or original-study statement, trait-specific ontology, lineage and content fingerprint review; mapping retained only for flower_primary_color.",Codex source-backed rule-unlock wave-2 audit,2026-08-12T09:35:00Z
4b4500b883d3c6063fb2b3a2,Synsepalum brevipes,floral_symmetry,actinomorphic,https://plantuse.plantnet.org/en/Synsepalum_brevipes_(PROTA),Synsepalum brevipes (PROTA),"Lemmens, R.H.M.J., 2007. Synsepalum brevipes (Baker) T.D.Penn. In: Louppe, D., Oteng-Amoako, A.A. & Brink, M. (Editors). PROTA (Plant Resources of Tropical Africa / Ressources végétales de l’Afrique tropicale), Wageningen, Netherlands.",A,expert_botanical_monograph_species_description,plantuse.plantnet.org,en,"*Flowers bisexual, regular, 5-merous, greenish to creamy white, fragrant, with short pedicels",892ce51dec1fc85c58cc49fdb5955414fbce4881ddbbc0d1a74ffb98ee194372,7ef6513a7d5d5f4570d47d60ef21040714e47a4c00c614fa4ce7545a42baaa8f,accepted_name_exact,wild_or_species_level_monograph_not_cultivar_limited,accept,true,true,true,false,,"Accepted after exact species identity, source page or original-study statement, trait-specific ontology, lineage and content fingerprint review; mapping retained only for floral_symmetry.",Codex source-backed rule-unlock wave-2 audit,2026-08-12T09:35:00Z
3265bc3de76d1dbb3b4bd8c7,Synsepalum brevipes,flower_primary_color,white|green_brown_inconspicuous,https://plantuse.plantnet.org/en/Synsepalum_brevipes_(PROTA),Synsepalum brevipes (PROTA),"Lemmens, R.H.M.J., 2007. Synsepalum brevipes (Baker) T.D.Penn. In: Louppe, D., Oteng-Amoako, A.A. & Brink, M. (Editors). PROTA (Plant Resources of Tropical Africa / Ressources végétales de l’Afrique tropicale), Wageningen, Netherlands.",A,expert_botanical_monograph_species_description,plantuse.plantnet.org,en,"*Flowers bisexual, regular, 5-merous, greenish to creamy white, fragrant, with short pedicels",892ce51dec1fc85c58cc49fdb5955414fbce4881ddbbc0d1a74ffb98ee194372,7ef6513a7d5d5f4570d47d60ef21040714e47a4c00c614fa4ce7545a42baaa8f,accepted_name_exact,wild_or_species_level_monograph_not_cultivar_limited,accept,true,true,true,false,,"Accepted after exact species identity, source page or original-study statement, trait-specific ontology, lineage and content fingerprint review; mapping retained only for flower_primary_color.",Codex source-backed rule-unlock wave-2 audit,2026-08-12T09:35:00Z
ba49ce5083bcefe1ffb88692,Synsepalum brevipes,inflorescence_display,umbel_corymb,https://plantuse.plantnet.org/en/Synsepalum_brevipes_(PROTA),Synsepalum brevipes (PROTA),"Lemmens, R.H.M.J., 2007. Synsepalum brevipes (Baker) T.D.Penn. In: Louppe, D., Oteng-Amoako, A.A. & Brink, M. (Editors). PROTA (Plant Resources of Tropical Africa / Ressources végétales de l’Afrique tropicale), Wageningen, Netherlands.",A,expert_botanical_monograph_species_description,plantuse.plantnet.org,en,Flowers in fascicles on branches below the leaves.,9f4d076a9e6de73996039438a677347411977aeb4c424e7c469e62d425461058,b33b0301729764c05405edd43cabe2b7f07cdee5cbf93f64d3c8c032e306f394,accepted_name_exact,wild_or_species_level_monograph_not_cultivar_limited,accept,true,true,true,false,,"Accepted after exact species identity, source page or original-study statement, trait-specific ontology, lineage and content fingerprint review; mapping retained only for inflorescence_display.",Codex source-backed rule-unlock wave-2 audit,2026-08-12T09:35:00Z
efae5e80c6c1e3f3c26465d0,Syrrheonema fasciculatum,flower_primary_color,white,https://plantuse.plantnet.org/en/Syrrheonema_fasciculatum_(PROTA),Syrrheonema fasciculatum (PROTA),"Oyen, L.P.A., 2008. Syrrheonema fasciculatum Miers. In: Schmelzer, G.H. & Gurib-Fakim, A. (Editors). PROTA (Plant Resources of Tropical Africa / Ressources végétales de l’Afrique tropicale), Wageningen, Netherlands.",A,expert_botanical_monograph_species_description,plantuse.plantnet.org,en,"1 mm, whitish, outside densely hairy, inside slightly hairy, petals 3–6, elliptical, c.",3268c16b495d36aebe6698aa1a888982f4f2098363ddb2627a3bc67c0f30a240,f23fd2826e61b3cd77be11dcd2d92d4caacf16f054933d9078f9f40354f637de,accepted_name_exact,wild_or_species_level_monograph_not_cultivar_limited,accept,true,true,true,false,,"Accepted after exact species identity, source page or original-study statement, trait-specific ontology, lineage and content fingerprint review; mapping retained only for flower_primary_color.",Codex source-backed rule-unlock wave-2 audit,2026-08-12T09:35:00Z
f5d1958d23f4b67e6a2787bf,Syrrheonema fasciculatum,inflorescence_display,composite_display|umbel_corymb,https://plantuse.plantnet.org/en/Syrrheonema_fasciculatum_(PROTA),Syrrheonema fasciculatum (PROTA),"Oyen, L.P.A., 2008. Syrrheonema fasciculatum Miers. In: Schmelzer, G.H. & Gurib-Fakim, A. (Editors). PROTA (Plant Resources of Tropical Africa / Ressources végétales de l’Afrique tropicale), Wageningen, Netherlands.",A,expert_botanical_monograph_species_description,plantuse.plantnet.org,en,*Inflorescence an axillary head-like cyme 1–1.5 cm long,00a4c37048eda5295685522b502901163ac8eb8da9a79cea0d21366160b1b5f9,d4045e1e19ad2aa218d973399084fcab1c9556bb19b59fd1495c1badfbc557a3,accepted_name_exact,wild_or_species_level_monograph_not_cultivar_limited,accept,true,true,true,false,,"Accepted after exact species identity, source page or original-study statement, trait-specific ontology, lineage and content fingerprint review; mapping retained only for inflorescence_display.",Codex source-backed rule-unlock wave-2 audit,2026-08-12T09:35:00Z
f7cca8f76c7579901152d022,Syzygium gardneri,flower_primary_color,white,https://indiaflora-ces.iisc.ac.in/herbsheet.php?id=11517&cat=13,India Flora Online - Syzygium gardneri,"Sankara Rao, K. and Deepak Kumar (2026). India Flora Online, species treatment: Syzygium gardneri.",A,university_herbarium_regional_flora_species_treatment,indiaflora-ces.iisc.ac.in,en,"Key identification features: Young leaves pink, flowers white, fruit purple, edible.",006b4aa34994bd3a4f69009da6c934eaede4480a335765db2218cda444ceb514,76c3b661b9b3877184129dc1356d2034787c44813d0a65460138af1af1ff89b4,accepted_name_exact,wild_or_species_level_statement_not_cultivar_limited,accept,true,true,true,false,,"Accepted after exact species identity, source page or original-study statement, trait-specific ontology, lineage and content fingerprint review; mapping retained only for flower_primary_color.",Codex source-backed rule-unlock wave-2 audit,2026-08-12T09:35:00Z
a8f60cfc106c4e3f0604f80a,Syzygium laetum,flower_primary_color,red_pink|white,https://indiaflora-ces.iisc.ac.in/herbsheet.php?id=11524&cat=13,India Flora Online - Syzygium laetum,"Sankara Rao, K. and Deepak Kumar (2026). India Flora Online, species treatment: Syzygium laetum.",A,university_herbarium_regional_flora_species_treatment,indiaflora-ces.iisc.ac.in,en,Key identification features: Flowers are with many scarlet red or white projecting stamens.,f09e5ca9c3035480c1b037bea75f9331a807cc56544888c050c10a9739cc6e11,6f9607c13ec94bbbf45005630ca28883434cace3ec2199789985da9f769dd0f4,accepted_name_exact,wild_or_species_level_statement_not_cultivar_limited,accept,true,true,true,false,,"Accepted after exact species identity, source page or original-study statement, trait-specific ontology, lineage and content fingerprint review; mapping retained only for flower_primary_color.",Codex source-backed rule-unlock wave-2 audit,2026-08-12T09:35:00Z
8b1b3be2680f80673c7a5988,Syzygium syzygioides,flower_primary_color,white,https://indiaflora-ces.iisc.ac.in/herbsheet.php?id=13055&cat=13,India Flora Online - Syzygium syzygioides,"Sankara Rao, K. and Deepak Kumar (2026). India Flora Online, species treatment: Syzygium syzygioides.",A,university_herbarium_regional_flora_species_treatment,indiaflora-ces.iisc.ac.in,en,"Key identification features: Trees, 10-20 01 high; Leaves elliptic-oblong, acuminate; Flowers white in axillary or terminal, short paniculate cymes; Berries subglobose, red or pinkish black.",35291c672082f3ad86df828f00de7eebf7a5deb7f8fb7311c31f9e45a634fb0a,9824ee0eabe18a6fb321b9946995cef0d724fd0ff49a01eeec52baf14546f0e4,accepted_name_exact,wild_or_species_level_statement_not_cultivar_limited,accept,true,true,true,false,,"Accepted after exact species identity, source page or original-study statement, trait-specific ontology, lineage and content fingerprint review; mapping retained only for flower_primary_color.",Codex source-backed rule-unlock wave-2 audit,2026-08-12T09:35:00Z
4af6a682d5d58b2915ab8322,Syzygium wightianum,flower_primary_color,white,https://indiaflora-ces.iisc.ac.in/herbsheet.php?id=11556&cat=13,India Flora Online - Syzygium wightianum,"Sankara Rao, K. and Deepak Kumar (2026). India Flora Online, species treatment: Syzygium wightianum.",A,university_herbarium_regional_flora_species_treatment,indiaflora-ces.iisc.ac.in,en,Key identification features: A moderate sized tree with white flowers and scarlet fruit.,653199a365b1d9a76561b1024f224ae9d8986232a17e4e6f9bd85ae2c124c759,a0f9accc4e6d7eb6c208229d230f6e56329be46c2441b40580594d80a5161102,accepted_name_exact,wild_or_species_level_statement_not_cultivar_limited,accept,true,true,true,false,,"Accepted after exact species identity, source page or original-study statement, trait-specific ontology, lineage and content fingerprint review; mapping retained only for flower_primary_color.",Codex source-backed rule-unlock wave-2 audit,2026-08-12T09:35:00Z
2afd2b76f592257e8e1d6b88,Tabernaemontana dichotoma,flower_primary_color,white,https://indiaflora-ces.iisc.ac.in/herbsheet.php?id=11563&cat=13,India Flora Online - Tabernaemontana dichotoma,"Sankara Rao, K. and Deepak Kumar (2026). India Flora Online, species treatment: Tabernaemontana dichotoma.",A,university_herbarium_regional_flora_species_treatment,indiaflora-ces.iisc.ac.in,en,Key identification features: Flowers white; fruit orange-yellow.,0fa04850ea3940b0c9d6c32cb888579327b1e01d68d97593ddad74090e3a2c38,bf32fa829c6c67cae0c021ae505b498ec15461cfd4bf4b355045c541f4d60420,accepted_name_exact,species_level_cultivated_record_not_cultivar_limited,accept,true,true,true,false,,"Accepted after exact species identity, source page or original-study statement, trait-specific ontology, lineage and content fingerprint review; mapping retained only for flower_primary_color.",Codex source-backed rule-unlock wave-2 audit,2026-08-12T09:35:00Z
5d518ea7064689ecb572049a,Tabernaemontana persicariifolia,flower_primary_color,white|yellow_orange,https://plantuse.plantnet.org/en/Tabernaemontana_persicariifolia_(PROTA),Tabernaemontana persicariifolia (PROTA),"Schmelzer, G.H., 2006. Tabernaemontana persicariifolia Jacq. In: Schmelzer, G.H. & Gurib-Fakim, A. (Editors). PROTA (Plant Resources of Tropical Africa / Ressources végétales de l’Afrique tropicale), Wageningen, Netherlands.",A,expert_botanical_monograph_species_description,plantuse.plantnet.org,en,"corolla tube cylindrical, 9–23 mm long, hairy inside from the insertion of the stamens to the mouth, slightly twisted at base, lobes obliquely elliptical, 9–16 mm × 3–7 mm, apex rounded, undulate, spreading, later recurved, white to pale yellow",3632150be1ce982bee3c3b2f9879f85483e96c20fb2509027831ad860f29422a,84d7a596f0b1986e65a0b58e6ae5177d76d915abc4548e1a5ae33fcab91ae343,accepted_name_exact,wild_or_species_level_monograph_not_cultivar_limited,accept,true,true,true,false,,"Accepted after exact species identity, source page or original-study statement, trait-specific ontology, lineage and content fingerprint review; mapping retained only for flower_primary_color.",Codex source-backed rule-unlock wave-2 audit,2026-08-12T09:35:00Z
0755368eeea3bbfefabf25d6,Tambourissa thouvenotii,floral_symmetry,actinomorphic,https://plantuse.plantnet.org/en/Tambourissa_thouvenotii_(PROTA),Tambourissa thouvenotii (PROTA),"Bosch, C.H. & Louppe, D., 2012. Tambourissa thouvenotii Danguy. In: Lemmens, R.H.M.J., Louppe, D. & Oteng-Amoako, A.A. (Editors). PROTA (Plant Resources of Tropical Africa / Ressources végétales de l’Afrique tropicale), Wageningen, Netherlands.",A,expert_botanical_monograph_species_description,plantuse.plantnet.org,en,"Flowers unisexual, regular",2275708adcf428cd8245d7f18c019fede3c71db632550bbadf9c216daab5a75b,89dce5810417432827981f04801a70601fb891785bdb5d1a1043855b93b85adf,accepted_name_exact,wild_or_species_level_monograph_not_cultivar_limited,accept,true,true,true,false,,"Accepted after exact species identity, source page or original-study statement, trait-specific ontology, lineage and content fingerprint review; mapping retained only for floral_symmetry.",Codex source-backed rule-unlock wave-2 audit,2026-08-12T09:35:00Z
5f1f3ac1baae53c2dba7828f,Tapura fischeri,flower_primary_color,white,https://plantuse.plantnet.org/en/Tapura_fischeri_(PROTA),Tapura fischeri (PROTA),"Bosch, C.H., 2009. Tapura fischeri Engl. In: Lemmens, R.H.M.J., Louppe, D. & Oteng-Amoako, A.A. (Editors). PROTA (Plant Resources of Tropical Africa / Ressources végétales de l’Afrique tropicale), Wageningen, Netherlands.",A,expert_botanical_monograph_species_description,plantuse.plantnet.org,en,"Flowers bisexual, zygomorphic, (4–)5-merous, white, fragrant",2e2a01b350123d8bc555af394b10a63aa4463b7fee5b3b00d3e41669011dfe05,3a3a4a5b71ffe5f00411878550a30b9a8c0a9091b6d3194aad45459c905c75cb,accepted_name_exact,wild_or_species_level_monograph_not_cultivar_limited,accept,true,true,true,false,,"Accepted after exact species identity, source page or original-study statement, trait-specific ontology, lineage and content fingerprint review; mapping retained only for flower_primary_color.",Codex source-backed rule-unlock wave-2 audit,2026-08-12T09:35:00Z
9c0eb248f21eb7efb88ff6d8,Tarenna odorata,flower_primary_color,white,https://indiaflora-ces.iisc.ac.in/herbsheet.php?id=13207&cat=13,India Flora Online - Tarenna odorata,"Sankara Rao, K. and Deepak Kumar (2026). India Flora Online, species treatment: Tarenna odorata.",A,university_herbarium_regional_flora_species_treatment,indiaflora-ces.iisc.ac.in,en,"Key identification features: Shrubs or small trees, 2-8 m high; Leaves elliptic-Ianceolate, glabrous; Flowers in corymbiform, pubescent cymes, white; Berries subglobose, black.",a75453afa29e3a366cffadc2ad8fd44b1f1339b73e495dcb59ae8f3495d73fe6,fe01a5577dcdf3824d5aaaa2428627642da36f3d76413c9fa1a64e13586def54,accepted_name_exact,wild_or_species_level_statement_not_cultivar_limited,accept,true,true,true,false,,"Accepted after exact species identity, source page or original-study statement, trait-specific ontology, lineage and content fingerprint review; mapping retained only for flower_primary_color.",Codex source-backed rule-unlock wave-2 audit,2026-08-12T09:35:00Z
7b3c2d808e93451f592d5199,Telfairia occidentalis,inflorescence_display,raceme_spike_panicle|solitary,https://plantuse.plantnet.org/en/Telfairia_occidentalis_(PROTA),Telfairia occidentalis (PROTA),"Odiaka, N.I. & Schippers, R.R., 2004. Telfairia occidentalis Hook.f. [Internet] Record from PROTA4U. Grubben, G.J.H. & Denton, O.A. (Editors). PROTA (Plant Resources of Tropical Africa / Ressources végétales de l’Afrique tropicale), Wageningen, Netherlands.",A,expert_botanical_monograph_species_description,plantuse.plantnet.org,en,"Male inflorescence an axillary raceme up to 3(–5.5) cm long, on a peduncle up to 25 cm long, with at base of peduncle one long-pedicellate flower flowering long before the others ; female flowers solitary in leaf axils.",8813992d81d7738ada1c1a643d9a950fc33071600d58e08d8b9b4408b3e614a5,97fe8e25d90d8cf236a220be1f97a5a113ad938b78a47d94f0aa99af26f9a81b,accepted_name_exact,wild_or_species_level_monograph_not_cultivar_limited,accept,true,true,true,false,,"Accepted after exact species identity, source page or original-study statement, trait-specific ontology, lineage and content fingerprint review; mapping retained only for inflorescence_display.",Codex source-backed rule-unlock wave-2 audit,2026-08-12T09:35:00Z
4cb8667c73e3a2f4f8e71e44,Telfairia pedata,inflorescence_display,raceme_spike_panicle|solitary,https://plantuse.plantnet.org/en/Telfairia_pedata_(PROTA),Telfairia pedata (PROTA),"Okoli, B.E., 2007. Telfairia pedata (Sm. ex Sims) Hook. [Internet] Record from PROTA4U. van der Vossen, H.A.M. & Mkamilo, G.S. (Editors). PROTA (Plant Resources of Tropical Africa / Ressources végétales de l’Afrique tropicale), Wageningen, Netherlands.",A,expert_botanical_monograph_species_description,plantuse.plantnet.org,en,"male inflorescence an axillary lax raceme 6–23.5 cm long, bracts broadly ovate, 4–10 mm long, toothed, pubescent, adnate to the pedicels ; female flowers solitary in leaf axils.",6c40f312fc4384f266eb30f28d1bf867a84c64305b2563f8d43d1ecc7bdd1b75,be66c5bf8110248a711f0c753625a71c48388b417a09fa211c2946c77564e1c4,accepted_name_exact,wild_or_species_level_monograph_not_cultivar_limited,accept,true,true,true,false,,"Accepted after exact species identity, source page or original-study statement, trait-specific ontology, lineage and content fingerprint review; mapping retained only for inflorescence_display.",Codex source-backed rule-unlock wave-2 audit,2026-08-12T09:35:00Z
1b96c5bd5d52d21b80994933,Terminalia bentzoe,flower_primary_color,white|yellow_orange,https://plantuse.plantnet.org/en/Terminalia_bentzoe_(PROTA),Terminalia bentzoe (PROTA),"Matu, E.N. & Lemmens, R.H.M.J., 2013. Terminalia bentzoe (L.) L.f. In: Schmelzer, G.H. & Gurib-Fakim, A. (Editors). Prota 11(2): Medicinal plants/Plantes médicinales 2. PROTA, Wageningen, Netherlands. *See this page on the Prota4U database.",A,expert_botanical_monograph_species_description,plantuse.plantnet.org,en,"*Flowers bisexual or male, regular, 5-merous, 2.5–3 mm in diameter, white to yellowish",a9a692a4d2b997408e36e578a8a8c2617de678ca4c1cae14604b6cdb0624e421,b940909f312e516c125dd219f8f62f9db8622e63ff0d6fde668a2e17e5ec5fc9,accepted_name_exact,wild_or_species_level_monograph_not_cultivar_limited,accept,true,true,true,false,,"Accepted after exact species identity, source page or original-study statement, trait-specific ontology, lineage and content fingerprint review; mapping retained only for flower_primary_color.",Codex source-backed rule-unlock wave-2 audit,2026-08-12T09:35:00Z
557cb2bb52cf8a22aec9cca5,Terminalia scutifera,flower_primary_color,white,https://plantuse.plantnet.org/en/Terminalia_scutifera_(PROTA),Terminalia scutifera (PROTA),"Jansen, P.C.M., 2005. Terminalia scutifera Planch. ex M.A.Lawson. In: Jansen, P.C.M. & Cardon, D. (Editors). PROTA (Plant Resources of Tropical Africa / Ressources végétales de l’Afrique tropicale), Wageningen, Netherlands.",A,expert_botanical_monograph_species_description,plantuse.plantnet.org,en,"*Flowers bisexual, regular, 5-merous, white",252ad5f4f36df81f7b7c634a0edb059a1a47e7872ccc910c8085184217b3d305,ad573be5be1f1c5f9538c50743d8eea66be5e41698ab5fed61eecc837aeffb67,accepted_name_exact,wild_or_species_level_monograph_not_cultivar_limited,accept,true,true,true,false,,"Accepted after exact species identity, source page or original-study statement, trait-specific ontology, lineage and content fingerprint review; mapping retained only for flower_primary_color.",Codex source-backed rule-unlock wave-2 audit,2026-08-12T09:35:00Z
30bd14b80d26061b86337101,Terminalia tetrandra,flower_primary_color,yellow_orange,https://plantuse.plantnet.org/en/Terminalia_tetrandra_(PROTA),Terminalia tetrandra (PROTA),"Lemmens, R.H.M.J., 2009. Terminalia tetrandra (Danguy) Capuron. In: Lemmens, R.H.M.J., Louppe, D. & Oteng-Amoako, A.A. (Editors). PROTA (Plant Resources of Tropical Africa / Ressources végétales de l’Afrique tropicale), Wageningen, Netherlands.",A,expert_botanical_monograph_species_description,plantuse.plantnet.org,en,"Flowers bisexual or male, regular, 4–5-merous, up to 5 mm long, yellowish",ef43003abc44371c55fed96ec48cdf02f1b9318944dc90f047d5324146c016f0,dfe51e9d8ae7ab3f55f957345760847cc21344c0d7067207e4a0eaf87883f5be,accepted_name_exact,wild_or_species_level_monograph_not_cultivar_limited,accept,true,true,true,false,,"Accepted after exact species identity, source page or original-study statement, trait-specific ontology, lineage and content fingerprint review; mapping retained only for flower_primary_color.",Codex source-backed rule-unlock wave-2 audit,2026-08-12T09:35:00Z
1c2f4265508839782ba343af,Ternstroemia penangiana,flower_primary_color,white,https://indiaflora-ces.iisc.ac.in/herbsheet.php?id=11701&cat=13,India Flora Online - Ternstroemia penangiana,"Sankara Rao, K. and Deepak Kumar (2026). India Flora Online, species treatment: Ternstroemia penangiana.",A,university_herbarium_regional_flora_species_treatment,indiaflora-ces.iisc.ac.in,en,"Key identification features: Flowers solitary, creamy-white turning dark brown in withering: petals waxy with denticulate margins.",355192c3fc00c954249d719ffd6a3eef6de99b5511b769c60fde10735e7a0823,1d1cf0f070401cbd7247038eda15f4e69c68fdb19ae042fac2b99a4f9e82b016,accepted_name_exact,wild_or_species_level_statement_not_cultivar_limited,accept,true,true,true,false,,"Accepted after exact species identity, source page or original-study statement, trait-specific ontology, lineage and content fingerprint review; mapping retained only for flower_primary_color.",Codex source-backed rule-unlock wave-2 audit,2026-08-12T09:35:00Z
9893c6d3a57d01e53680293d,Tetradium trichotomum,inflorescence_display,raceme_spike_panicle|umbel_corymb,https://indiaflora-ces.iisc.ac.in/herbsheet.php?id=12819&cat=13,India Flora Online - Euodia trichotoma,"Sankara Rao, K. and Deepak Kumar (2026). India Flora Online, species treatment: Euodia trichotoma.",A,university_herbarium_regional_flora_species_treatment,indiaflora-ces.iisc.ac.in,en,"Key identification features: Trees 10-20 m high with dense crown; Leaves 9-11 foHolate, leaflets oblong-Ianceolate; Flowers in axillary or terminal corymbiform cymose panicles, greenish white; Capsules 2-valved, reddish.",c86300e5127fe0218a415484e73bf5e4c23c42983e81cff8dc9c3eb3ae0d1d47,8f9340bf638d7bbedc392982bc12cba6fbad9a840513f9374d528a6d7688c15d,exact_synonym,wild_or_species_level_statement_not_cultivar_limited,accept,true,true,true,false,,"Accepted after exact species identity, source page or original-study statement, trait-specific ontology, lineage and content fingerprint review; mapping retained only for inflorescence_display.",Codex source-backed rule-unlock wave-2 audit,2026-08-12T09:35:00Z
d5b4bb708562b0d10a078a12,Tetragonia expansa,flower_primary_color,green_brown_inconspicuous|yellow_orange,https://indiaflora-ces.iisc.ac.in/herbsheet.php?id=11710&cat=13,India Flora Online - Tetragonia expansa,"Sankara Rao, K. and Deepak Kumar (2026). India Flora Online, species treatment: Tetragonia expansa.",A,university_herbarium_regional_flora_species_treatment,indiaflora-ces.iisc.ac.in,en,"Key identification features: Flowers one or two in axils, nearly sessile, yellowish-green.",8530945de4bacee73c4c19b7b6847690755098a31b480d205261bd0ee195532d,36e395d0c156ad520474954d7e344349b011f7ed8f10dddeff7038bf83dfa3ab,accepted_name_exact,species_level_cultivated_record_not_cultivar_limited,accept,true,true,true,false,,"Accepted after exact species identity, source page or original-study statement, trait-specific ontology, lineage and content fingerprint review; mapping retained only for flower_primary_color.",Codex source-backed rule-unlock wave-2 audit,2026-08-12T09:35:00Z
e659c81132b0e45023f8dda7,Tetrapterocarpon geayi,flower_primary_color,white|green_brown_inconspicuous,https://plantuse.plantnet.org/en/Tetrapterocarpon_geayi_(PROTA),Tetrapterocarpon geayi (PROTA),"Lemmens, R.H.M.J., 2010. Tetrapterocarpon geayi Humbert. In: Lemmens, R.H.M.J., Louppe, D. & Oteng-Amoako, A.A. (Editors). PROTA (Plant Resources of Tropical Africa / Ressources végétales de l’Afrique tropicale), Wageningen, Netherlands.",A,expert_botanical_monograph_species_description,plantuse.plantnet.org,en,"*Flowers unisexual, regular, 4-merous, small, greenish white",88b16a67b9fcaf830ff3af256b9410326655967c677447691283489bc3852114,6fd8b61b55827665326b4eeaa83b73f2e6504a470bce38172b57e03e87949261,accepted_name_exact,wild_or_species_level_monograph_not_cultivar_limited,accept,true,true,true,false,,"Accepted after exact species identity, source page or original-study statement, trait-specific ontology, lineage and content fingerprint review; mapping retained only for flower_primary_color.",Codex source-backed rule-unlock wave-2 audit,2026-08-12T09:35:00Z
7dd87deb17dfe4e60a737cbd,Tetrastigma dubium,flower_primary_color,green_brown_inconspicuous,https://indiaflora-ces.iisc.ac.in/herbsheet.php?id=12858&cat=13,India Flora Online - Tetrastigma dubium,"Sankara Rao, K. and Deepak Kumar (2026). India Flora Online, species treatment: Tetrastigma dubium.",A,university_herbarium_regional_flora_species_treatment,indiaflora-ces.iisc.ac.in,en,"Key identification features: Slender climbers; Leaves 3-foliolate, feaflets ovate or elliptic; Flowers in axillary cymes, pale green; Berries globose, black, 1-4 seeded.",ee1fa8db29c2973d5930f301b44c9dc0245e6255f57516d7b1d78f501cba4339,59f82059c655393243d2ddc82e6b293a77d1cd9ede9f239d1a49cdfd13ebf4db,accepted_name_exact,wild_or_species_level_statement_not_cultivar_limited,accept,true,true,true,false,,"Accepted after exact species identity, source page or original-study statement, trait-specific ontology, lineage and content fingerprint review; mapping retained only for flower_primary_color.",Codex source-backed rule-unlock wave-2 audit,2026-08-12T09:35:00Z
beb121373ed65cd14cd33a7e,Thecacoris spathulifolia,floral_symmetry,actinomorphic,https://plantuse.plantnet.org/en/Thecacoris_spathulifolia_(PROTA),Thecacoris spathulifolia (PROTA),"Bosch, C.H., 2008. Thecacoris spathulifolia (Pax) Leandri. In: Schmelzer, G.H. & Gurib-Fakim, A. (Editors). PROTA (Plant Resources of Tropical Africa / Ressources végétales de l’Afrique tropicale), Wageningen, Netherlands.",A,expert_botanical_monograph_species_description,plantuse.plantnet.org,en,"Flowers unisexual, regular, 5(–6)-merous",639d4b2a98786e159be9ed452be2ae12da2511fe5e2c7c19f229b5e11d14a585,69f2a13cba34f04be966977256aa7f39a7ad69d6a9f96a714b8e39eb895ee5ef,accepted_name_exact,wild_or_species_level_monograph_not_cultivar_limited,accept,true,true,true,false,,"Accepted after exact species identity, source page or original-study statement, trait-specific ontology, lineage and content fingerprint review; mapping retained only for floral_symmetry.",Codex source-backed rule-unlock wave-2 audit,2026-08-12T09:35:00Z
5eee061a896eacc2e7dba003,Thecacoris spathulifolia,inflorescence_display,raceme_spike_panicle|solitary,https://plantuse.plantnet.org/en/Thecacoris_spathulifolia_(PROTA),Thecacoris spathulifolia (PROTA),"Bosch, C.H., 2008. Thecacoris spathulifolia (Pax) Leandri. In: Schmelzer, G.H. & Gurib-Fakim, A. (Editors). PROTA (Plant Resources of Tropical Africa / Ressources végétales de l’Afrique tropicale), Wageningen, Netherlands.",A,expert_botanical_monograph_species_description,plantuse.plantnet.org,en,"Inflorescence an axillary, solitary spike, yellow hairy, up to 1.5(–3) cm long.",0e161a1aad850c4692a962caae646cdc31388128e2c96f9eb2b5ed53280a5d43,7ed09eef3391da942e0c659170a74f1bf0d3042b94f017affae4109b5369f1fb,accepted_name_exact,wild_or_species_level_monograph_not_cultivar_limited,accept,true,true,true,false,,"Accepted after exact species identity, source page or original-study statement, trait-specific ontology, lineage and content fingerprint review; mapping retained only for inflorescence_display.",Codex source-backed rule-unlock wave-2 audit,2026-08-12T09:35:00Z
3306d6d0f3dc311f4688dcee,Tina striata,floral_symmetry,actinomorphic,https://plantuse.plantnet.org/en/Tina_striata_(PROTA),Tina striata (PROTA),"Bosch, C.H., 2011. Tina striata Radlk. In: Lemmens, R.H.M.J., Louppe, D. & Oteng-Amoako, A.A. (Editors). PROTA (Plant Resources of Tropical Africa / Ressources végétales de l’Afrique tropicale), Wageningen, Netherlands.",A,expert_botanical_monograph_species_description,plantuse.plantnet.org,en,"Flowers unisexual, regular, 5-merous",fb4b63c12e5af2cb478de3978b57b6f3e20f99fc575876529493662f526e7022,008ebd1fe8dfd01312df6119b901a2475155ba8fbd81bbfe148bf602d8979ba3,accepted_name_exact,wild_or_species_level_monograph_not_cultivar_limited,accept,true,true,true,false,,"Accepted after exact species identity, source page or original-study statement, trait-specific ontology, lineage and content fingerprint review; mapping retained only for floral_symmetry.",Codex source-backed rule-unlock wave-2 audit,2026-08-12T09:35:00Z
266efb5eb01b71d595c04975,Tina striata,flower_primary_color,white,https://plantuse.plantnet.org/en/Tina_striata_(PROTA),Tina striata (PROTA),"Bosch, C.H., 2011. Tina striata Radlk. In: Lemmens, R.H.M.J., Louppe, D. & Oteng-Amoako, A.A. (Editors). PROTA (Plant Resources of Tropical Africa / Ressources végétales de l’Afrique tropicale), Wageningen, Netherlands.",A,expert_botanical_monograph_species_description,plantuse.plantnet.org,en,"petals free, ovate, 1–1.5 mm long, short-hairy, white, with 2 small lateral scales",f95dbd49788a81b0f70a6a51401ffe1d32d30e25c7691b18d64c2d7f8a623a37,9b6246f3d9d75e3b6ff33ac1c6b5d9f4e5b26be775cf2eece27b7e73e39a4848,accepted_name_exact,wild_or_species_level_monograph_not_cultivar_limited,accept,true,true,true,false,,"Accepted after exact species identity, source page or original-study statement, trait-specific ontology, lineage and content fingerprint review; mapping retained only for flower_primary_color.",Codex source-backed rule-unlock wave-2 audit,2026-08-12T09:35:00Z
25c32c7d3cc611998f24aac8,Tina striata,inflorescence_display,raceme_spike_panicle,https://plantuse.plantnet.org/en/Tina_striata_(PROTA),Tina striata (PROTA),"Bosch, C.H., 2011. Tina striata Radlk. In: Lemmens, R.H.M.J., Louppe, D. & Oteng-Amoako, A.A. (Editors). PROTA (Plant Resources of Tropical Africa / Ressources végétales de l’Afrique tropicale), Wageningen, Netherlands.",A,expert_botanical_monograph_species_description,plantuse.plantnet.org,en,"Inflorescence an axillary panicle up to 17 cm long, short-hairy.",84ccd98c262256c74bc1f4c9e091c101caf51b9cd0f0dcba8ee6b5d7997af3b5,3d6fe9e28817beab2f261d26f5a091c0efc0680572d6d06c6e704b8b3b36f600,accepted_name_exact,wild_or_species_level_monograph_not_cultivar_limited,accept,true,true,true,false,,"Accepted after exact species identity, source page or original-study statement, trait-specific ontology, lineage and content fingerprint review; mapping retained only for inflorescence_display.",Codex source-backed rule-unlock wave-2 audit,2026-08-12T09:35:00Z
2610a7880875a0fa620f25f6,Torenia thouarsii,inflorescence_display,raceme_spike_panicle,https://indiaflora-ces.iisc.ac.in/herbsheet.php?id=11876&cat=13,India Flora Online - Torenia thouarsii,"Sankara Rao, K. and Deepak Kumar (2026). India Flora Online, species treatment: Torenia thouarsii.",A,university_herbarium_regional_flora_species_treatment,indiaflora-ces.iisc.ac.in,en,"Key identification features: Annual herbs, up to 20 cm high; rooting at nodes; branching from base; Leaves ovate or ovate-Ianceolate; Flowers in axillary racemes, reddish violet; Capsules oblong, fruiting calyx not winged.",e47a32314fb0ecd03a03f6de480083d127861fc48a597f3d5df74d2e7651f1a9,704624cb6cf09a511fc9206ab2dc00e6f993b4ced4067269e3fc19397c9b43a2,accepted_name_exact,wild_or_species_level_statement_not_cultivar_limited,accept,true,true,true,false,,"Accepted after exact species identity, source page or original-study statement, trait-specific ontology, lineage and content fingerprint review; mapping retained only for inflorescence_display.",Codex source-backed rule-unlock wave-2 audit,2026-08-12T09:35:00Z
86dc830297ed7ac5dff6b313,Tournefortia pubescens,autonomous_selfing_capacity,autonomous,https://pmc.ncbi.nlm.nih.gov/articles/PMC3489146/,Pollination patterns and plant breeding systems in the Galapagos: a review,"Traveset et al. (2013), Annals of Botany 111:391-404, Table 1, DOI 10.1093/aob/mcs132",B,peer_reviewed_species_level_breeding_system_compilation,pmc.ncbi.nlm.nih.gov,en,"Table 1, Tournefortia pubescens: Autonomously self-pollinates: Yes; Self-compatible: Yes; References: 4, 6. The table footnote identifies the numbered original studies used for each species.",db9ef42df7ffa161c1d350395a68233fe700a05e5e827e740f46ab6093f88c18,6df033b0bbe24a8094a96a1a28ca2edd0a006270f4e57551ba18f05af186a778,accepted_name_exact,wild_or_species_level_statement_not_cultivar_limited,accept,true,true,true,false,,"Accepted after exact species identity, source page or original-study statement, trait-specific ontology, lineage and content fingerprint review; mapping retained only for autonomous_selfing_capacity.",Codex source-backed rule-unlock wave-2 audit,2026-08-12T09:35:00Z
e65c5b674950dfbe4545941d,Tournefortia pubescens,self_incompatibility,SC,https://pmc.ncbi.nlm.nih.gov/articles/PMC3489146/,Pollination patterns and plant breeding systems in the Galapagos: a review,"Traveset et al. (2013), Annals of Botany 111:391-404, Table 1, DOI 10.1093/aob/mcs132",B,peer_reviewed_species_level_breeding_system_compilation,pmc.ncbi.nlm.nih.gov,en,"Table 1, Tournefortia pubescens: Autonomously self-pollinates: Yes; Self-compatible: Yes; References: 4, 6. The table footnote identifies the numbered original studies used for each species.",db9ef42df7ffa161c1d350395a68233fe700a05e5e827e740f46ab6093f88c18,6df033b0bbe24a8094a96a1a28ca2edd0a006270f4e57551ba18f05af186a778,accepted_name_exact,wild_or_species_level_statement_not_cultivar_limited,accept,true,true,true,false,,"Accepted after exact species identity, source page or original-study statement, trait-specific ontology, lineage and content fingerprint review; mapping retained only for self_incompatibility.",Codex source-backed rule-unlock wave-2 audit,2026-08-12T09:35:00Z
6c8800372c14678b23b4265a,Trema orientale,flower_primary_color,green_brown_inconspicuous,https://indiaflora-ces.iisc.ac.in/herbsheet.php?id=11925&cat=13,India Flora Online - Trema orientale,"Sankara Rao, K. and Deepak Kumar (2026). India Flora Online, species treatment: Trema orientale.",A,university_herbarium_regional_flora_species_treatment,indiaflora-ces.iisc.ac.in,en,"Key identification features: Trees or shrubs, 7-15 m high; Leaves obliquely ovate-Ianceolate, caudate-acuminate, crenulate; Flowers in axillary cymes, greenish; Drupes ovoid, compressed, black.",fe078e0d52e8b98260617cb6c81b4c5cb56c041410747a4a54bf797236997a0a,24f07768dc5adf3b46ed45ffa35b9eac82015b791bbaae047aa59a314ec396eb,accepted_name_exact,wild_or_species_level_statement_not_cultivar_limited,accept,true,true,true,false,,"Accepted after exact species identity, source page or original-study statement, trait-specific ontology, lineage and content fingerprint review; mapping retained only for flower_primary_color.",Codex source-backed rule-unlock wave-2 audit,2026-08-12T09:35:00Z
d2d86bb79eaeb5d7f3210f21,Trema orientale,inflorescence_display,umbel_corymb,https://indiaflora-ces.iisc.ac.in/herbsheet.php?id=11925&cat=13,India Flora Online - Trema orientale,"Sankara Rao, K. and Deepak Kumar (2026). India Flora Online, species treatment: Trema orientale.",A,university_herbarium_regional_flora_species_treatment,indiaflora-ces.iisc.ac.in,en,"Key identification features: Trees or shrubs, 7-15 m high; Leaves obliquely ovate-Ianceolate, caudate-acuminate, crenulate; Flowers in axillary cymes, greenish; Drupes ovoid, compressed, black.",fe078e0d52e8b98260617cb6c81b4c5cb56c041410747a4a54bf797236997a0a,24f07768dc5adf3b46ed45ffa35b9eac82015b791bbaae047aa59a314ec396eb,accepted_name_exact,wild_or_species_level_statement_not_cultivar_limited,accept,true,true,true,false,,"Accepted after exact species identity, source page or original-study statement, trait-specific ontology, lineage and content fingerprint review; mapping retained only for inflorescence_display.",Codex source-backed rule-unlock wave-2 audit,2026-08-12T09:35:00Z
6355fcec8398c462bd7b4cc1,Trema tomentosum,inflorescence_display,umbel_corymb,https://indiaflora-ces.iisc.ac.in/herbsheet.php?id=14744&cat=13,India Flora Online - Trema tomentosum,"Sankara Rao, K. and Deepak Kumar (2026). India Flora Online, species treatment: Trema tomentosum.",A,university_herbarium_regional_flora_species_treatment,indiaflora-ces.iisc.ac.in,en,"Key identification features: Trees; branchlets villous or tomentose pubescent; Leaves silky tomentose; Flowers in large, compact cymes.",6ac941d0aef847d48cb70d24d7edbd52244139823cca6310955e7fd416515f8f,4ec935941790e1333363615086aa93374c65ceb17ae41275b988f53a73f3265e,accepted_name_exact,wild_or_species_level_statement_not_cultivar_limited,accept,true,true,true,false,,"Accepted after exact species identity, source page or original-study statement, trait-specific ontology, lineage and content fingerprint review; mapping retained only for inflorescence_display.",Codex source-backed rule-unlock wave-2 audit,2026-08-12T09:35:00Z
88062d0bbb23c38e56efdb29,Triadica sebifera,floral_symmetry,actinomorphic,https://bfis.bforest.gov.bd/nef/index.php/data/dataSpecies/40,Forest Emission Factor Database - Triadica sebifera,"Bangladesh Forest Information System, Forest Emission Factor Database species record: Triadica sebifera",A,government_forest_database_species_record,bfis.bforest.gov.bd,en,Tree Species Details: Family Name: Euphorbiaceae; Genus: Triadica; Species: Triadica sebifera; floral symmetry: actinomorphic.,725a0e921a2a82232035c31a78ce4f3d9b56e00d363e92f60afb9b7fb47aa0f6,28d039ca10671bf4f0aff6935a55235fc5667ac8228ef2f6e83c9a360ce43700,accepted_name_exact,wild_or_species_level_statement_not_cultivar_limited,accept,true,true,true,false,,"Accepted after exact species identity, source page or original-study statement, trait-specific ontology, lineage and content fingerprint review; mapping retained only for floral_symmetry.",Codex source-backed rule-unlock wave-2 audit,2026-08-12T09:35:00Z
22c1095820d53da42a2fc173,Trichilia monadelpha,floral_symmetry,actinomorphic,https://plantuse.plantnet.org/en/Trichilia_monadelpha_(PROTA),Trichilia monadelpha (PROTA),"Lemmens, R.H.M.J., 2008. Trichilia monadelpha (Thonn.) J.J.de Wilde. In: Louppe, D., Oteng-Amoako, A.A. & Brink, M. (Editors). PROTA (Plant Resources of Tropical Africa / Ressources végétales de l’Afrique tropicale), Wageningen, Netherlands.",A,expert_botanical_monograph_species_description,plantuse.plantnet.org,en,"*Flowers unisexual, male and female flowers very similar in appearance, regular, 5-merous, greenish yellow or greenish white, fragrant",f557f973da8b1786ff223f82931d2dc000606d0c91919edd9a191cc042ac85b6,9cdce97bd0b58463a47fd15c116dd6a4231ce851d56d8030b38ceef3420d511b,accepted_name_exact,wild_or_species_level_monograph_not_cultivar_limited,accept,true,true,true,false,,"Accepted after exact species identity, source page or original-study statement, trait-specific ontology, lineage and content fingerprint review; mapping retained only for floral_symmetry.",Codex source-backed rule-unlock wave-2 audit,2026-08-12T09:35:00Z
05eb4245c13acef8094c4ea1,Trichilia monadelpha,inflorescence_display,raceme_spike_panicle,https://plantuse.plantnet.org/en/Trichilia_monadelpha_(PROTA),Trichilia monadelpha (PROTA),"Lemmens, R.H.M.J., 2008. Trichilia monadelpha (Thonn.) J.J.de Wilde. In: Louppe, D., Oteng-Amoako, A.A. & Brink, M. (Editors). PROTA (Plant Resources of Tropical Africa / Ressources végétales de l’Afrique tropicale), Wageningen, Netherlands.",A,expert_botanical_monograph_species_description,plantuse.plantnet.org,en,"*Inflorescence an axillary panicle up to 12(–21) cm long, short-hairy",74d99870d6759f3161bbfb9c54d6520cfe260a101428d62c5ffd663219cdd795,f285e5e26f04a82d9bcd39901453a65d49e59a7144ee16164b0d9b628b5da6a2,accepted_name_exact,wild_or_species_level_monograph_not_cultivar_limited,accept,true,true,true,false,,"Accepted after exact species identity, source page or original-study statement, trait-specific ontology, lineage and content fingerprint review; mapping retained only for inflorescence_display.",Codex source-backed rule-unlock wave-2 audit,2026-08-12T09:35:00Z
ece2369e3e5f893da8436879,Trichocladus ellipticus,floral_symmetry,actinomorphic,https://plantuse.plantnet.org/en/Trichocladus_ellipticus_(PROTA),Trichocladus ellipticus (PROTA),"Bosch, C.H., 2010. Trichocladus ellipticus Eckl. & Zeyh. In: Lemmens, R.H.M.J., Louppe, D. & Oteng-Amoako, A.A. (Editors). PROTA (Plant Resources of Tropical Africa / Ressources végétales de l’Afrique tropicale), Wageningen, Netherlands.",A,expert_botanical_monograph_species_description,plantuse.plantnet.org,en,"Flowers bisexual, regular, sessile",2386cbd59e50200e0017f9f6f498bbaeb064b81bcc0755a999405650b640f39e,2cb1a3ee2af4ac7c6d24fbc361864f52ede7fb72bda1ace481e87a86a5989d86,accepted_name_exact,wild_or_species_level_monograph_not_cultivar_limited,accept,true,true,true,false,,"Accepted after exact species identity, source page or original-study statement, trait-specific ontology, lineage and content fingerprint review; mapping retained only for floral_symmetry.",Codex source-backed rule-unlock wave-2 audit,2026-08-12T09:35:00Z
d9fdd5ae3e766abe779f81c8,Trichocladus ellipticus,inflorescence_display,composite_display,https://plantuse.plantnet.org/en/Trichocladus_ellipticus_(PROTA),Trichocladus ellipticus (PROTA),"Bosch, C.H., 2010. Trichocladus ellipticus Eckl. & Zeyh. In: Lemmens, R.H.M.J., Louppe, D. & Oteng-Amoako, A.A. (Editors). PROTA (Plant Resources of Tropical Africa / Ressources végétales de l’Afrique tropicale), Wageningen, Netherlands.",A,expert_botanical_monograph_species_description,plantuse.plantnet.org,en,"Inflorescence axillary, head-like",941ef52bd048a0a34bb168909b6e762c266b90c41551935a26d864b1afc19439,8455bcd5bb75ba7a0363359688cad1fe6e2a91cfba3aa63f3bdb08b698213ec5,accepted_name_exact,wild_or_species_level_monograph_not_cultivar_limited,accept,true,true,true,false,,"Accepted after exact species identity, source page or original-study statement, trait-specific ontology, lineage and content fingerprint review; mapping retained only for inflorescence_display.",Codex source-backed rule-unlock wave-2 audit,2026-08-12T09:35:00Z
4eaa97f548f428965abd4919,Trichodesma khasianum,flower_primary_color,blue_purple|white,https://indiaflora-ces.iisc.ac.in/herbsheet.php?id=14295&cat=13,India Flora Online - Trichodesma khasianum,"Sankara Rao, K. and Deepak Kumar (2026). India Flora Online, species treatment: Trichodesma khasianum.",A,university_herbarium_regional_flora_species_treatment,indiaflora-ces.iisc.ac.in,en,"Key identification features: Shrubs or small trees, up to 6 m high, sparingly hairy; Leaves elliptic, scabrous, tuberculate above; Flowers in terminal, corymbose racemes, creamy white with light violet tip; Nutlets ellipsoid.",b91c14ad7a062a1f2f90e7eeb5111a32d6ccec99c15802859c484093ed704a07,7fca5ccd37dfafa4b40f6a6e30303c03b68a5e54acac59be72a81c4998855d69,accepted_name_exact,wild_or_species_level_statement_not_cultivar_limited,accept,true,true,true,false,,"Accepted after exact species identity, source page or original-study statement, trait-specific ontology, lineage and content fingerprint review; mapping retained only for flower_primary_color.",Codex source-backed rule-unlock wave-2 audit,2026-08-12T09:35:00Z
364b54712eab26c0903536fc,Trichosanthes bracteata,flower_primary_color,white,https://indiaflora-ces.iisc.ac.in/herbsheet.php?id=11965&cat=13,India Flora Online - Trichosanthes bracteata,"Sankara Rao, K. and Deepak Kumar (2026). India Flora Online, species treatment: Trichosanthes bracteata.",A,university_herbarium_regional_flora_species_treatment,indiaflora-ces.iisc.ac.in,en,Key identification features: Perennial climber; Tendril 3-fid; Leaves lobed; Flowers white; Fruit globose.,42e1fd7c3e340587784f1e8672cde683d97f4638f57e503f6c6a9977fea24468,2d329f5280eceda69d155d9f2589b1e7dd6328f9b8f979f668b7f88cc37c1a7c,accepted_name_exact,wild_or_species_level_statement_not_cultivar_limited,accept,true,true,true,false,,"Accepted after exact species identity, source page or original-study statement, trait-specific ontology, lineage and content fingerprint review; mapping retained only for flower_primary_color.",Codex source-backed rule-unlock wave-2 audit,2026-08-12T09:35:00Z
330394df3d7037aaca473ab1,Trichotosia velutina,flower_primary_color,green_brown_inconspicuous,https://indiaflora-ces.iisc.ac.in/herbsheet.php?id=14320&cat=13,India Flora Online - Trichotosia velutina,"Sankara Rao, K. and Deepak Kumar (2026). India Flora Online, species treatment: Trichotosia velutina.",A,university_herbarium_regional_flora_species_treatment,indiaflora-ces.iisc.ac.in,en,"Key identification features: Tufted, epiphytic herbs; Stem woody, covered with tubular leaf-base, hairy; Leaves sheathed; Flowers in extra axillary, 3-7 flowered raceme, pale-brown.",a922c37cc8ae62ab534ede4f85569dcd02f84f5c269c6e2e6a46fa115fa7a915,a47b3cc949591c5ba5eb8d30fd97751d94e5839c604c9bfd5876c828e8fdf2fd,accepted_name_exact,wild_or_species_level_statement_not_cultivar_limited,accept,true,true,true,false,,"Accepted after exact species identity, source page or original-study statement, trait-specific ontology, lineage and content fingerprint review; mapping retained only for flower_primary_color.",Codex source-backed rule-unlock wave-2 audit,2026-08-12T09:35:00Z
89cb6b0ec6e494f1b1e756ef,Tripterospermum fasciculatum,flower_primary_color,blue_purple,https://indiaflora-ces.iisc.ac.in/herbsheet.php?id=14292&cat=13,India Flora Online - Tripterospermum fasciculatum,"Sankara Rao, K. and Deepak Kumar (2026). India Flora Online, species treatment: Tripterospermum fasciculatum.",A,university_herbarium_regional_flora_species_treatment,indiaflora-ces.iisc.ac.in,en,"Key identification features: Climbers, up to 3 m long; Leaves elliptic to lanceolate, cordate or rotundate at base; Flowers subterminal or axillary, solitary or in 3-flowered cymes, blue or purple; Capsules 2-valved, oblong.",46920a0a1cc54fe5e03320e1a538929b57c6b57613208019b150f62448da98a5,bbdb49e921bed5753f7d1e67f42a6a6de0d5909f6fabdd051b4f3375624fc0ca,accepted_name_exact,wild_or_species_level_statement_not_cultivar_limited,accept,true,true,true,false,,"Accepted after exact species identity, source page or original-study statement, trait-specific ontology, lineage and content fingerprint review; mapping retained only for flower_primary_color.",Codex source-backed rule-unlock wave-2 audit,2026-08-12T09:35:00Z
bce8ef5097dd075d00e75315,Tristaniopsis laurina,autonomous_selfing_capacity,absent,https://www.botanicgardens.org.au/sites/default/files/2023-06/Volume-7%281%29-2001-Cun7Ada089-100_0.pdf,"Dioecy, self-compatibility and vegetative reproduction in Australian subtropical rainforest trees and shrubs","Adam, P. & Williams, G. (2001), Cunninghamia 7(1):89-100, Table 2, p. 94",A,peer_reviewed_primary_field_bagging_experiment,www.botanicgardens.org.au,en,Table 2. Autogamy (automatic self-pollination) and open pollination results in lowland rainforest species. Tristaniopsis laurina: 1 plant; bagged flowers 189; developing fruit 0; fruit set 0%; open flowers 210; developing fruit 40; fruit set 19.1%.,1c4d79095814dc4296b5819fb3a014c2280a6a24dbde1e3f9d4c251216fdef3f,95310b10a176cd2ce21837fa895a19edebd44390050299d5c2f69f561ccc6757,accepted_name_exact,wild_or_species_level_statement_not_cultivar_limited,accept,true,true,true,false,,"Accepted after exact species identity, source page or original-study statement, trait-specific ontology, lineage and content fingerprint review; mapping retained only for autonomous_selfing_capacity.",Codex source-backed rule-unlock wave-2 audit,2026-08-12T09:35:00Z
ff4cb0f1f9ef861eb4ecfd38,Tristaniopsis laurina,floral_symmetry,actinomorphic,https://www.botanicgardens.org.au/sites/default/files/2023-06/BGD0541_Cunninghamia-%C2%A0WILLIAMS-ADAM-Myrtaceae.pdf,"A Preliminary Checklist of Flower-visiting Insects from Syzygium floribundum, Syzygium smithii and Tristaniopsis laurina","Williams, G. & Adam, P. (2019), Cunninghamia 19:57-74, p. 58",A,peer_reviewed_primary_flower_visitor_study,www.botanicgardens.org.au,en,"Syzygium floribundum, Syzygium smithii and Tristaniopsis laurina are small to medium-sized trees. The three species conform to the 'general entomophilous' flower structure in which individual flowers are small with little depth effect in the corolla, normally do not possess nectar guides, and are actinomorphic in form.",1c5738c9bad389c25e5060095e67e0354d089784904c41c6fd7682a2a45dc137,a343465aa1e08f837e5673b9f43412dd121ebeb76f34a396b51b2e0604bba1aa,accepted_name_exact,wild_or_species_level_statement_not_cultivar_limited,accept,true,true,true,false,,"Accepted after exact species identity, source page or original-study statement, trait-specific ontology, lineage and content fingerprint review; mapping retained only for floral_symmetry.",Codex source-backed rule-unlock wave-2 audit,2026-08-12T09:35:00Z
d13929c886ecceaff9f07b12,Tropidia pedunculata,flower_primary_color,white,https://indiaflora-ces.iisc.ac.in/herbsheet.php?id=12065&cat=13,India Flora Online - Tropidia pedunculata,"Sankara Rao, K. and Deepak Kumar (2026). India Flora Online, species treatment: Tropidia pedunculata.",A,university_herbarium_regional_flora_species_treatment,indiaflora-ces.iisc.ac.in,en,"Key identification features: Terrestrial herbs, with long roots; stems woody; leaves elliptic, plicate; spike solitary, densely many flowered; flowers dirty white with reflexed lip.",c7f78280df29b65aaecb791ad14e185d944e281bcd941f44d042e5276cd860e7,6818753a3381cdfded89f091bc6f4398b939a4f511ae37ee58500e3afd9e3c9c,accepted_name_exact,wild_or_species_level_statement_not_cultivar_limited,accept,true,true,true,false,,"Accepted after exact species identity, source page or original-study statement, trait-specific ontology, lineage and content fingerprint review; mapping retained only for flower_primary_color.",Codex source-backed rule-unlock wave-2 audit,2026-08-12T09:35:00Z
223182adc12bea98eb199552,Turraea cadetii,flower_primary_color,white,https://arbres-reunion.cirad.fr/especes/meliaceae/turraea_cadetii_a_j_scott.html,Arbres et arbustes de La Réunion - Turraea cadetii A.J.Scott / Meliaceae,"CIRAD, Arbres et arbustes de La Réunion, species treatment for Turraea cadetii A.J.Scott",A,institutional_regional_flora_species_treatment,arbres-reunion.cirad.fr,fr,Turraea cadetii A.J.Scott. Famille Meliaceae. Inflorescences : cymes axillaires de 2 à 3 fleurs. Fleurs : Les pétales sont blancs. Cette espèce est endémique de la Réunion.,030dff2792b80a63e1f4aba54c075293534558df0687282a81eedd957101bc9f,16747acf0ab2ececa2eb9cb83431cc0f9066bc18ecec06d78383be9f6dc112ca,accepted_name_exact,wild_or_species_level_statement_not_cultivar_limited,accept,true,true,true,false,,"Accepted after exact species identity, source page or original-study statement, trait-specific ontology, lineage and content fingerprint review; mapping retained only for flower_primary_color.",Codex source-backed rule-unlock wave-2 audit,2026-08-12T09:35:00Z
adc6fb21d6b6992c4f6bd22f,Turraea cadetii,inflorescence_display,umbel_corymb,https://arbres-reunion.cirad.fr/especes/meliaceae/turraea_cadetii_a_j_scott.html,Arbres et arbustes de La Réunion - Turraea cadetii A.J.Scott / Meliaceae,"CIRAD, Arbres et arbustes de La Réunion, species treatment for Turraea cadetii A.J.Scott",A,institutional_regional_flora_species_treatment,arbres-reunion.cirad.fr,fr,Turraea cadetii A.J.Scott. Famille Meliaceae. Inflorescences : cymes axillaires de 2 à 3 fleurs. Fleurs : Les pétales sont blancs. Cette espèce est endémique de la Réunion.,030dff2792b80a63e1f4aba54c075293534558df0687282a81eedd957101bc9f,16747acf0ab2ececa2eb9cb83431cc0f9066bc18ecec06d78383be9f6dc112ca,accepted_name_exact,wild_or_species_level_statement_not_cultivar_limited,accept,true,true,true,false,,"Accepted after exact species identity, source page or original-study statement, trait-specific ontology, lineage and content fingerprint review; mapping retained only for inflorescence_display.",Codex source-backed rule-unlock wave-2 audit,2026-08-12T09:35:00Z
aad5c55970226045a97bc49f,Uapaca guineensis,inflorescence_display,composite_display|solitary,https://plantuse.plantnet.org/en/Uapaca_guineensis_(PROTA),Uapaca guineensis (PROTA),"Kitambala, M.M., 2008. Uapaca guineensis Müll.Arg. In: Schmelzer, G.H. & Gurib-Fakim, A. (Editors). PROTA (Plant Resources of Tropical Africa / Ressources végétales de l’Afrique tropicale), Wageningen, Netherlands.",A,expert_botanical_monograph_species_description,plantuse.plantnet.org,en,"Male inflorescence an axillary globular to ovoid head 4–7 mm in diameter, female flowers solitary",11247197608c9a008533a75971e3ce3e790ded37d7190c26fd9574a9b34ed737,273c8fa08c5d3307e08215162b932d75a6ad3c361abbe3cae0e34ba81607024f,accepted_name_exact,wild_or_species_level_monograph_not_cultivar_limited,accept,true,true,true,false,,"Accepted after exact species identity, source page or original-study statement, trait-specific ontology, lineage and content fingerprint review; mapping retained only for inflorescence_display.",Codex source-backed rule-unlock wave-2 audit,2026-08-12T09:35:00Z
c242eef619b4d6d53f0c7d20,Uapaca heudelotii,inflorescence_display,composite_display|solitary,https://plantuse.plantnet.org/en/Uapaca_heudelotii_(PROTA),Uapaca heudelotii (PROTA),"Lemmens, R.H.M.J., 2012. Uapaca heudelotii Baill. In: Lemmens, R.H.M.J., Louppe, D. & Oteng-Amoako, A.A. (Editors). PROTA (Plant Resources of Tropical Africa / Ressources végétales de l’Afrique tropicale), Wageningen, Netherlands.",A,expert_botanical_monograph_species_description,plantuse.plantnet.org,en,"Male inflorescence an axillary globose head 7–8 mm in diameter, on a peduncle up to 2 cm long, with c. ; female flowers solitary.",eee251bdf84984ad3904929b8e0213d06f136c0a95e48f7ace0e46bb046a0522,e24b4e6a169976c5069025ce1965327b2b7845d608f9d96f26b3716751503c85,accepted_name_exact,wild_or_species_level_monograph_not_cultivar_limited,accept,true,true,true,false,,"Accepted after exact species identity, source page or original-study statement, trait-specific ontology, lineage and content fingerprint review; mapping retained only for inflorescence_display.",Codex source-backed rule-unlock wave-2 audit,2026-08-12T09:35:00Z
b0833f514288351741700fa5,Uapaca thouarsii,inflorescence_display,composite_display|solitary,https://plantuse.plantnet.org/en/Uapaca_thouarsii_(PROTA),Uapaca thouarsii (PROTA),"Lemmens, R.H.M.J., 2012. Uapaca thouarsii Baill. In: Lemmens, R.H.M.J., Louppe, D. & Oteng-Amoako, A.A. (Editors). PROTA (Plant Resources of Tropical Africa / Ressources végétales de l’Afrique tropicale), Wageningen, Netherlands.",A,expert_botanical_monograph_species_description,plantuse.plantnet.org,en,Male inflorescence an axillary globose head c. ; female flowers solitary.,98e90be11ab8320e83c8f3f640816a0652adbd1dd908556322f00f0831491850,68f8f2c22f1eaa90ec51f0b791db1bc581bc7d676da37906861798265ef2ed5e,accepted_name_exact,wild_or_species_level_monograph_not_cultivar_limited,accept,true,true,true,false,,"Accepted after exact species identity, source page or original-study statement, trait-specific ontology, lineage and content fingerprint review; mapping retained only for inflorescence_display.",Codex source-backed rule-unlock wave-2 audit,2026-08-12T09:35:00Z
b61485ec644dcc654212dad5,Ulmus lanceifolia,flower_primary_color,green_brown_inconspicuous|yellow_orange,https://indiaflora-ces.iisc.ac.in/herbsheet.php?id=12113&cat=13,India Flora Online - Ulmus lanceifolia,"Sankara Rao, K. and Deepak Kumar (2026). India Flora Online, species treatment: Ulmus lanceifolia.",A,university_herbarium_regional_flora_species_treatment,indiaflora-ces.iisc.ac.in,en,"Key identification features: Large trees, 15-30 m high; branches drooping; Leaves obliquely elliptic-lanceolate, acuminate, glabrous; Flowers greenish yellow; Samaras oblique, ovoid to obovoid-ellipsoid, brown.",b62e5c7bc85e24db20288a0b99b7ed346adc8395bc3c53c9aa0ee13d2661d2ce,c96a16606d94fd50ea7f7a73c441ca8268f60d369a9e058b1f1357b203b22afd,accepted_name_exact,wild_or_species_level_statement_not_cultivar_limited,accept,true,true,true,false,,"Accepted after exact species identity, source page or original-study statement, trait-specific ontology, lineage and content fingerprint review; mapping retained only for flower_primary_color.",Codex source-backed rule-unlock wave-2 audit,2026-08-12T09:35:00Z
ce99787744e4ab140ef1043e,Usteria guineensis,floral_symmetry,zygomorphic,https://plantuse.plantnet.org/en/Usteria_guineensis_(PROTA),Usteria guineensis (PROTA),"de Ruijter, A., 2007. Usteria guineensis Willd. In: Schmelzer, G.H. & Gurib-Fakim, A. (Editors). PROTA (Plant Resources of Tropical Africa / Ressources végétales de l’Afrique tropicale), Wageningen, Netherlands.",A,expert_botanical_monograph_species_description,plantuse.plantnet.org,en,"Flowers bisexual, zygomorphic, 4-merous",d8b7862fbc4e81be9392c0b780cfca4cf156f37beb6f13dc9d80d8d580498174,d0f0cf6f8e2c476019f2c3e1ea61a492e0d09b8e2af7a817a3eb7023dfeffc49,accepted_name_exact,wild_or_species_level_monograph_not_cultivar_limited,accept,true,true,true,false,,"Accepted after exact species identity, source page or original-study statement, trait-specific ontology, lineage and content fingerprint review; mapping retained only for floral_symmetry.",Codex source-backed rule-unlock wave-2 audit,2026-08-12T09:35:00Z
5ea5c89dad12e4e650bdee51,Usteria guineensis,inflorescence_display,umbel_corymb,https://plantuse.plantnet.org/en/Usteria_guineensis_(PROTA),Usteria guineensis (PROTA),"de Ruijter, A., 2007. Usteria guineensis Willd. In: Schmelzer, G.H. & Gurib-Fakim, A. (Editors). PROTA (Plant Resources of Tropical Africa / Ressources végétales de l’Afrique tropicale), Wageningen, Netherlands.",A,expert_botanical_monograph_species_description,plantuse.plantnet.org,en,"Inflorescence a terminal dichasial cyme, many-flowered",5fd485917cdcb831ecbb44320b1c9de9853b1ad80af20debe18711be20a427ca,c6157b835b4ff168b99a564b9f95e06f874c852448fdcdc8be46a080314d3c37,accepted_name_exact,wild_or_species_level_monograph_not_cultivar_limited,accept,true,true,true,false,,"Accepted after exact species identity, source page or original-study statement, trait-specific ontology, lineage and content fingerprint review; mapping retained only for inflorescence_display.",Codex source-backed rule-unlock wave-2 audit,2026-08-12T09:35:00Z
44a24908108414bbed31df34,Vaccinium sprengelii,flower_primary_color,red_pink|white,https://indiaflora-ces.iisc.ac.in/herbsheet.php?id=14157&cat=13,India Flora Online - Vaccinium forrestii,"Sankara Rao, K. and Deepak Kumar (2026). India Flora Online, species treatment: Vaccinium forrestii.",A,university_herbarium_regional_flora_species_treatment,indiaflora-ces.iisc.ac.in,en,"Key identification features: Bushy shrubs; Flowers creamy white, reddish at base; calyx red.",f889854271ddde4c0e58e7abe987b616f05585ba761370517b3ae6875a37a716,cb4d8538e652730f1eb4086e3270291f8a6ce2abe1da9a017014dd8404a300fe,exact_synonym,wild_or_species_level_statement_not_cultivar_limited,accept,true,true,true,false,,"Accepted after exact species identity, source page or original-study statement, trait-specific ontology, lineage and content fingerprint review; mapping retained only for flower_primary_color.",Codex source-backed rule-unlock wave-2 audit,2026-08-12T09:35:00Z
ba91750452186c6708eee315,Vernicia montana,inflorescence_display,umbel_corymb|raceme_spike_panicle,https://plantuse.plantnet.org/en/Vernicia_montana_(PROTA),Vernicia montana (PROTA),"Oyen, L.P.A., 2007. Vernicia montana Lour. In: van der Vossen, H.A.M. & Mkamilo, G.S. (Editors). PROTA (Plant Resources of Tropical Africa / Ressources végétales de l’Afrique tropicale), Wageningen, Netherlands.",A,expert_botanical_monograph_species_description,plantuse.plantnet.org,en,"*Inflorescence a terminal, usually unisexual panicle composed of cymes",86a6d9647c7b015487ee03b9d8ca60ec55df81bd2078b2472bb5c054bc665a8a,a1c936b722d26449116973896808ce6d8f3d871e2f295c2562074343d17e6713,accepted_name_exact,wild_or_species_level_monograph_not_cultivar_limited,accept,true,true,true,false,,"Accepted after exact species identity, source page or original-study statement, trait-specific ontology, lineage and content fingerprint review; mapping retained only for inflorescence_display.",Codex source-backed rule-unlock wave-2 audit,2026-08-12T09:35:00Z
93ac1fccf36c38cf0d395677,Veronica benthamii,self_incompatibility,SC,https://academic.oup.com/aobpla/article/doi/10.1093/aobpla/plv095/1800409,Patterns in floral traits and plant breeding systems on Southern Ocean Islands,"Lord, J. M. (2015), AoB PLANTS 7:plv095, Supporting Information Table S1, DOI 10.1093/aobpla/plv095",B,peer_reviewed_species_level_compatibility_compilation,academic.oup.com,en,"Supporting Information Table S1: Veronica benthamii; compatibility and reference-number cell: SC; 42. The table defines SC as fully self-compatible, SCp as partially self-compatible, and SI as self-incompatible.",ae228afae9dc9eb1917c79c364d2daced826675988765ab61ccfe4350f3c116b,10650d1f646e2394eb2065c376c7e1b0c3ee6b1009d9a7a91a68661544400637,accepted_name_exact,wild_or_species_level_statement_not_cultivar_limited,accept,true,true,true,false,,"Accepted after exact species identity, source page or original-study statement, trait-specific ontology, lineage and content fingerprint review; mapping retained only for self_incompatibility.",Codex source-backed rule-unlock wave-2 audit,2026-08-12T09:35:00Z
b3a4d5378cee6281736b9552,Viguieranthus kony,flower_primary_color,yellow_orange|green_brown_inconspicuous,https://plantuse.plantnet.org/en/Viguieranthus_kony_(PROTA),Viguieranthus kony (PROTA),"Lemmens, R.H.M.J., 2007. Viguieranthus kony (R.Vig.) Villiers. In: Louppe, D., Oteng-Amoako, A.A. & Brink, M. (Editors). PROTA (Plant Resources of Tropical Africa / Ressources végétales de l’Afrique tropicale), Wageningen, Netherlands.",A,expert_botanical_monograph_species_description,plantuse.plantnet.org,en,"petals fused at base, (5–)6–7.5 mm long, pale greenish yellow",f3c9bb4ffad319039ce3dcf775699a834b1096f51aa5f14f428fce72c4e97bc7,9edcf4fb6967087d144d81ca988cfc9821ff946257b8cf706d4023c12f77812b,accepted_name_exact,wild_or_species_level_monograph_not_cultivar_limited,accept,true,true,true,false,,"Accepted after exact species identity, source page or original-study statement, trait-specific ontology, lineage and content fingerprint review; mapping retained only for flower_primary_color.",Codex source-backed rule-unlock wave-2 audit,2026-08-12T09:35:00Z
8f80bedf12f3e62116557fd5,Viola magellanica,self_incompatibility,SC,https://academic.oup.com/aobpla/article/doi/10.1093/aobpla/plv095/1800409,Patterns in floral traits and plant breeding systems on Southern Ocean Islands,"Lord, J. M. (2015), AoB PLANTS 7:plv095, Supporting Information Table S1, DOI 10.1093/aobpla/plv095",B,peer_reviewed_species_level_compatibility_compilation,academic.oup.com,en,"Supporting Information Table S1: Viola magellanica; compatibility and reference-number cell: SC; 11. The table defines SC as fully self-compatible, SCp as partially self-compatible, and SI as self-incompatible.",40d079711802dc5d75792c477c6152291fd2b62a21b5d2b2c032ac86975651e4,e867d5cea410e64b576b4ddb95eda90af84e92d9d1d096d434826cd35621f167,accepted_name_exact,wild_or_species_level_statement_not_cultivar_limited,accept,true,true,true,false,,"Accepted after exact species identity, source page or original-study statement, trait-specific ontology, lineage and content fingerprint review; mapping retained only for self_incompatibility.",Codex source-backed rule-unlock wave-2 audit,2026-08-12T09:35:00Z
eeda0da6d5a065e3bbe85be8,Vitellaria paradoxa,floral_symmetry,actinomorphic,https://plantuse.plantnet.org/en/Vitellaria_paradoxa_(PROTA),Vitellaria paradoxa (PROTA),"Nikiema, A. & Umali, B.E., 2007. Vitellaria paradoxa C.F.Gaertn. [Internet] Record from PROTA4U. van der Vossen, H.A.M. & Mkamilo, G.S. (Editors). PROTA (Plant Resources of Tropical Africa / Ressources végétales de l’Afrique tropicale), Wageningen, Netherlands.",A,expert_botanical_monograph_species_description,plantuse.plantnet.org,en,"Flowers bisexual, regular, white or creamy white, fragrant",5ce509a2520ba056663c1d87878aecd607997f317d16e67c0f81719f59989b84,15f0f6245a5272b3d4e549c08eaf6f6d0cb87af65bace1c6eac2444a8004b9a8,accepted_name_exact,wild_or_species_level_monograph_not_cultivar_limited,accept,true,true,true,false,,"Accepted after exact species identity, source page or original-study statement, trait-specific ontology, lineage and content fingerprint review; mapping retained only for floral_symmetry.",Codex source-backed rule-unlock wave-2 audit,2026-08-12T09:35:00Z
3028c435551cdc994ba51645,Vitellaria paradoxa,inflorescence_display,umbel_corymb,https://plantuse.plantnet.org/en/Vitellaria_paradoxa_(PROTA),Vitellaria paradoxa (PROTA),"Nikiema, A. & Umali, B.E., 2007. Vitellaria paradoxa C.F.Gaertn. [Internet] Record from PROTA4U. van der Vossen, H.A.M. & Mkamilo, G.S. (Editors). PROTA (Plant Resources of Tropical Africa / Ressources végétales de l’Afrique tropicale), Wageningen, Netherlands.",A,expert_botanical_monograph_species_description,plantuse.plantnet.org,en,"Inflorescence a dense fascicle at the end of a twig, (8–)30–40(–100)-flowered.",82d74d02b8d94bcc8adb3bdc3bad410940f070fba74ffb45d3962259a4330eef,1290046eafa8e10af86609de20eb96921063ec09e87b4d71eb3ce4c2c20eb9e2,accepted_name_exact,wild_or_species_level_monograph_not_cultivar_limited,accept,true,true,true,false,,"Accepted after exact species identity, source page or original-study statement, trait-specific ontology, lineage and content fingerprint review; mapping retained only for inflorescence_display.",Codex source-backed rule-unlock wave-2 audit,2026-08-12T09:35:00Z
b7f41920400451645994dea1,Wahlenbergia berteroi,autonomous_selfing_capacity,autonomous,https://ri.conicet.gov.ar/bitstream/handle/11336/38527/CONICET_Digital_Nro.2a109d53-78cd-4bee-83fb-c7cfd6b3faab_A.pdf?isAllowed=y&sequence=2,Breeding system and pollination of selected plants endemic to Juan Fernandez Islands,"Anderson et al. (2001), American Journal of Botany 88:220-233, DOI 10.2307/2657013",A,peer_reviewed_primary_bagging_and_controlled_cross_experiment,ri.conicet.gov.ar,en,In Wahlenbergia berteroi there is a wind-aided mechanism of autogamy: pollen on the inner corolla throat is gathered by the stigmatic lobes when shaken by the ever-present wind. Table 1 reports self crosses 100% (n=5).,351eaa5faf9316ced36b4d576f7f2a5b055368404badb38f957ec41f3484eec7,b9068d049b48d9e0c83286619807b1a0e478cf24f221177131ac0cc1ccd95e61,accepted_name_exact,wild_or_species_level_statement_not_cultivar_limited,accept,true,true,true,false,,"Accepted after exact species identity, source page or original-study statement, trait-specific ontology, lineage and content fingerprint review; mapping retained only for autonomous_selfing_capacity.",Codex source-backed rule-unlock wave-2 audit,2026-08-12T09:35:00Z
6e1d94e7d7f6b9f60ce84ee1,Wahlenbergia fernandeziana,autonomous_selfing_capacity,delayed,https://ri.conicet.gov.ar/bitstream/handle/11336/38527/CONICET_Digital_Nro.2a109d53-78cd-4bee-83fb-c7cfd6b3faab_A.pdf?isAllowed=y&sequence=2,Breeding system and pollination of selected plants endemic to Juan Fernandez Islands,"Anderson et al. (2001), American Journal of Botany 88:220-233, DOI 10.2307/2657013",A,peer_reviewed_primary_bagging_and_controlled_cross_experiment,ri.conicet.gov.ar,en,"In Wahlenbergia fernandeziana spontaneous selfing may occur late in the lifetime of a flower because the stigma branches recurve almost 360 degrees, allowing autogamous pollen deposition; Table 1 reports self crosses 100% (n=5).",76fb04b11f3cd8ee726850da3d96d1cd8f188644905d0bc03504df741b3d8852,2f3fd175f5b0d784b2209cc0df536f592ab5d7a6e0feec621f07daa0a626b077,accepted_name_exact,wild_or_species_level_statement_not_cultivar_limited,accept,true,true,true,false,,"Accepted after exact species identity, source page or original-study statement, trait-specific ontology, lineage and content fingerprint review; mapping retained only for autonomous_selfing_capacity.",Codex source-backed rule-unlock wave-2 audit,2026-08-12T09:35:00Z
646d9725531f4e4102360152,Wendlandia glabrata,flower_primary_color,white,https://indiaflora-ces.iisc.ac.in/herbsheet.php?id=12470&cat=13,India Flora Online - Wendlandia glabrata,"Sankara Rao, K. and Deepak Kumar (2026). India Flora Online, species treatment: Wendlandia glabrata.",A,university_herbarium_regional_flora_species_treatment,indiaflora-ces.iisc.ac.in,en,"Key identification features: Small tree; leaves distantly and not prominently nerved; flowers large, white.",d6dc06a4d6da0a9d360cf146f37461ca5d1ff8a9a2757989096e572bcf60f688,76bd0f55abe83108d7ab7247e414167b1d9c277916b5bdad7d1a3f14fd7aeea1,accepted_name_exact,wild_or_species_level_statement_not_cultivar_limited,accept,true,true,true,false,,"Accepted after exact species identity, source page or original-study statement, trait-specific ontology, lineage and content fingerprint review; mapping retained only for flower_primary_color.",Codex source-backed rule-unlock wave-2 audit,2026-08-12T09:35:00Z
f5df039177bff8ff307a9c03,Wielandia oblongifolia,floral_symmetry,actinomorphic,https://plantuse.plantnet.org/en/Wielandia_oblongifolia_(PROTA),Wielandia oblongifolia (PROTA),"Oyen, L.P.A., 2012. Wielandia oblongifolia (Baill.) Petra Hoffm. & McPherson. In: Lemmens, R.H.M.J., Louppe, D. & Oteng-Amoako, A.A. (Editors). PROTA (Plant Resources of Tropical Africa / Ressources végétales de l’Afrique tropicale), Wageningen, Netherlands.",A,expert_botanical_monograph_species_description,plantuse.plantnet.org,en,"Flowers unisexual, regular, 5-merous, reddish",4a31da659e8c1884578a737dba1ea63ff94384c275b6604312ba9fe678cc75b5,298c0485f3afc251c9c7583e9e7fc339382c6071d289458683bb9006a5cbe1c4,accepted_name_exact,wild_or_species_level_monograph_not_cultivar_limited,accept,true,true,true,false,,"Accepted after exact species identity, source page or original-study statement, trait-specific ontology, lineage and content fingerprint review; mapping retained only for floral_symmetry.",Codex source-backed rule-unlock wave-2 audit,2026-08-12T09:35:00Z
1dd47b762b31aae13a2f7c6e,Wielandia oblongifolia,flower_primary_color,red_pink,https://plantuse.plantnet.org/en/Wielandia_oblongifolia_(PROTA),Wielandia oblongifolia (PROTA),"Oyen, L.P.A., 2012. Wielandia oblongifolia (Baill.) Petra Hoffm. & McPherson. In: Lemmens, R.H.M.J., Louppe, D. & Oteng-Amoako, A.A. (Editors). PROTA (Plant Resources of Tropical Africa / Ressources végétales de l’Afrique tropicale), Wageningen, Netherlands.",A,expert_botanical_monograph_species_description,plantuse.plantnet.org,en,"Flowers unisexual, regular, 5-merous, reddish",4a31da659e8c1884578a737dba1ea63ff94384c275b6604312ba9fe678cc75b5,298c0485f3afc251c9c7583e9e7fc339382c6071d289458683bb9006a5cbe1c4,accepted_name_exact,wild_or_species_level_monograph_not_cultivar_limited,accept,true,true,true,false,,"Accepted after exact species identity, source page or original-study statement, trait-specific ontology, lineage and content fingerprint review; mapping retained only for flower_primary_color.",Codex source-backed rule-unlock wave-2 audit,2026-08-12T09:35:00Z
364b74b5eee74255dc7bc0a6,Wielandia oblongifolia,inflorescence_display,umbel_corymb,https://plantuse.plantnet.org/en/Wielandia_oblongifolia_(PROTA),Wielandia oblongifolia (PROTA),"Oyen, L.P.A., 2012. Wielandia oblongifolia (Baill.) Petra Hoffm. & McPherson. In: Lemmens, R.H.M.J., Louppe, D. & Oteng-Amoako, A.A. (Editors). PROTA (Plant Resources of Tropical Africa / Ressources végétales de l’Afrique tropicale), Wageningen, Netherlands.",A,expert_botanical_monograph_species_description,plantuse.plantnet.org,en,Inflorescence a cluster of flowers in leaf axils or on older branches.,a62195551c93bcdfd09de33db248ada39dd1fd57ec1ab3d033060723a23d670d,1a8cc72e9e39136deec8049d2eaeefc257356ee5994710a3ba7979c4a23f6baa,accepted_name_exact,wild_or_species_level_monograph_not_cultivar_limited,accept,true,true,true,false,,"Accepted after exact species identity, source page or original-study statement, trait-specific ontology, lineage and content fingerprint review; mapping retained only for inflorescence_display.",Codex source-backed rule-unlock wave-2 audit,2026-08-12T09:35:00Z
4686f8f893e3fbb3eef6b00b,Willughbeia edulis,flower_primary_color,red_pink,https://indiaflora-ces.iisc.ac.in/herbsheet.php?id=14258&cat=13,India Flora Online - Willughbeia edulis,"Sankara Rao, K. and Deepak Kumar (2026). India Flora Online, species treatment: Willughbeia edulis.",A,university_herbarium_regional_flora_species_treatment,indiaflora-ces.iisc.ac.in,en,"Key identification features: Large, shrubby climbers, glabrous; tendrils long, branched; Leaves oblong or obovate-oblong, obtusely acuminate or caudate, thinly coriaceous, base acute; Inflorescence few flowered, axillary cyme, peduncle short, stout; Flowers pink, fragrant; Fruits pyriform, many seeded, yellowish red.",461ee40451d4b7ce9291a5b0b8b540e538db79a95c86933c5d5dea6bfb26374f,2a2af5061c729ed3f5821654ce4f7eb7f535df78b1180e98878c7bc8707dc72d,accepted_name_exact,wild_or_species_level_statement_not_cultivar_limited,accept,true,true,true,false,,"Accepted after exact species identity, source page or original-study statement, trait-specific ontology, lineage and content fingerprint review; mapping retained only for flower_primary_color.",Codex source-backed rule-unlock wave-2 audit,2026-08-12T09:35:00Z
7cdd5efa209e25c3ba3ffe1f,Xanthocercis madagascariensis,flower_primary_color,red_pink|white|yellow_orange,https://plantuse.plantnet.org/en/Xanthocercis_madagascariensis_(PROTA),Xanthocercis madagascariensis (PROTA),"Lemmens, R.H.M.J., 2007. Xanthocercis madagascariensis Baill. In: Louppe, D., Oteng-Amoako, A.A. & Brink, M. (Editors). PROTA (Plant Resources of Tropical Africa / Ressources végétales de l’Afrique tropicale), Wageningen, Netherlands.",A,expert_botanical_monograph_species_description,plantuse.plantnet.org,en,"corolla creamy to pinkish, with oblong standard c. ; 1 cm × 0.5 cm, shortly clawed at base, upcurved, wing and keel petals similar, narrowly oblong, all 5 petals with a yellowish hairy stripe outside",56d9a4542e778c3927c77cb870f501403ecda9db13df6552978631d9391c719a,bed6ac5213b87203456ac9f182e941b59453d852a336cc48fa8c84863064410d,accepted_name_exact,wild_or_species_level_monograph_not_cultivar_limited,accept,true,true,true,false,,"Accepted after exact species identity, source page or original-study statement, trait-specific ontology, lineage and content fingerprint review; mapping retained only for flower_primary_color.",Codex source-backed rule-unlock wave-2 audit,2026-08-12T09:35:00Z
026cafc30a7864b1ebed166b,Xanthophyllum andamanicum,flower_primary_color,red_pink|white|yellow_orange,https://indiaflora-ces.iisc.ac.in/herbsheet.php?id=12501&cat=13,India Flora Online - Xanthophyllum andamanicum,"Sankara Rao, K. and Deepak Kumar (2026). India Flora Online, species treatment: Xanthophyllum andamanicum.",A,university_herbarium_regional_flora_species_treatment,indiaflora-ces.iisc.ac.in,en,"Key identification features: Flowers nearly in lax small panicles; petals 5, white with a rose flush, 2 reflexed and dashed with yellow, 2 spreading and the lower keeled and to which 2 of the 8 stamens are attached.",575c3f15d99f69b33e5b43821a4d5d65c7ac25a1b3706357c29bcf311bd66c15,b8969e5505642ee80e327010469c5e8f8932b9b2dd82167aa6cc75713a029f83,accepted_name_exact,wild_or_species_level_statement_not_cultivar_limited,accept,true,true,true,false,,"Accepted after exact species identity, source page or original-study statement, trait-specific ontology, lineage and content fingerprint review; mapping retained only for flower_primary_color.",Codex source-backed rule-unlock wave-2 audit,2026-08-12T09:35:00Z
27a23b62944b64a0f6ffc5da,Xerospermum noronhianum,flower_primary_color,white|yellow_orange,https://indiaflora-ces.iisc.ac.in/herbsheet.php?id=12946&cat=13,India Flora Online - Xerospermum glabratum,"Sankara Rao, K. and Deepak Kumar (2026). India Flora Online, species treatment: Xerospermum glabratum.",A,university_herbarium_regional_flora_species_treatment,indiaflora-ces.iisc.ac.in,en,"Key identification features: Trees, 20-35 m high with oval dense crowd; Leaflets lanceolate or elliptic-lanceolate; Flowers in panicled racemes, white or pale yellow; Fruits oblong or ovoid, muricate, yellowish when ripe.",2fcda0d655caa676f90b04ca631b9f6f55f700d059fe1def0d8f979c2ebd0f1f,2db8eaa93f5fd3bdf2dcdb2c83b26b65bcd8eeb0a176ecf27e1e3aec473cc4b7,exact_synonym,wild_or_species_level_statement_not_cultivar_limited,accept,true,true,true,false,,"Accepted after exact species identity, source page or original-study statement, trait-specific ontology, lineage and content fingerprint review; mapping retained only for flower_primary_color.",Codex source-backed rule-unlock wave-2 audit,2026-08-12T09:35:00Z
5e35d9752da57707400b44c8,Xylopia quintasii,flower_primary_color,white|yellow_orange|green_brown_inconspicuous,https://plantuse.plantnet.org/en/Xylopia_quintasii_(PROTA),Xylopia quintasii (PROTA),"Oteng-Amoako, A.A. & Obeng, E.A., 2012. Xylopia quintasii Engl. & Diels. In: Lemmens, R.H.M.J., Louppe, D. & Oteng-Amoako, A.A. (Editors). PROTA (Plant Resources of Tropical Africa / Ressources végétales de l’Afrique tropicale), Wageningen, Netherlands.",A,expert_botanical_monograph_species_description,plantuse.plantnet.org,en,"Flowers bisexual, regular, 3-merous, greenish white or yellowish white, fragrant",24f1a8257878da83df5ae725f7f7c416ddad213b8ebe5674ec44ac062e7f300f,b5abbeef3e7f19893984cd93dc1bbbbc66f8cc1d728e5d76d3fb8577811ac2a4,accepted_name_exact,wild_or_species_level_monograph_not_cultivar_limited,accept,true,true,true,false,,"Accepted after exact species identity, source page or original-study statement, trait-specific ontology, lineage and content fingerprint review; mapping retained only for flower_primary_color.",Codex source-backed rule-unlock wave-2 audit,2026-08-12T09:35:00Z
c11ed1a5980d98a64e4c9b84,Zanthoxylum gilletii,flower_primary_color,white|green_brown_inconspicuous,https://plantuse.plantnet.org/en/Zanthoxylum_gilletii_(PROTA),Zanthoxylum gilletii (PROTA),"Okeyo, M.M., 2008. Zanthoxylum gilletii (De Wild.) P.G.Waterman. In: Louppe, D., Oteng-Amoako, A.A. & Brink, M. (Editors). PROTA (Plant Resources of Tropical Africa / Ressources végétales de l’Afrique tropicale), Wageningen, Netherlands.",A,expert_botanical_monograph_species_description,plantuse.plantnet.org,en,"petals obovate to fiddle-shaped, 1–2.5 mm long, white, turning brown",c0c10c7cd70ebd17123bef662b0b995ddba666402e77269f7813c4d35c949788,64870c0749a9dc04956b056c3bd9e75ef51aafffa697ca2ede06e156dbfef627,accepted_name_exact,wild_or_species_level_monograph_not_cultivar_limited,accept,true,true,true,false,,"Accepted after exact species identity, source page or original-study statement, trait-specific ontology, lineage and content fingerprint review; mapping retained only for flower_primary_color.",Codex source-backed rule-unlock wave-2 audit,2026-08-12T09:35:00Z
c71498ae88ea29072d85732a,Zanthoxylum madagascariense,flower_primary_color,white,https://plantuse.plantnet.org/en/Zanthoxylum_madagascariense_(PROTA),Zanthoxylum madagascariense (PROTA),"Schmelzer, G.H., 2011. Zanthoxylum madagascariense Baker. In: Schmelzer, G.H. & Gurib-Fakim, A. (Editors). PROTA (Plant Resources of Tropical Africa / Ressources végétales de l’Afrique tropicale), Wageningen, Netherlands.",A,expert_botanical_monograph_species_description,plantuse.plantnet.org,en,"male flowers with 4 stamens, filaments white",6aac3f211c2ea321c49cc2fa51b7a4e819d60a91578edd9b975115c0ab5d955a,5d217944d18855e54436fbf5cca163846d51be1d135b3179e640403ee36b26ab,accepted_name_exact,wild_or_species_level_monograph_not_cultivar_limited,accept,true,true,true,false,,"Accepted after exact species identity, source page or original-study statement, trait-specific ontology, lineage and content fingerprint review; mapping retained only for flower_primary_color.",Codex source-backed rule-unlock wave-2 audit,2026-08-12T09:35:00Z
c42d6dc607a7ffddf36ec43e,Zeuxine clandestina,flower_primary_color,green_brown_inconspicuous|white,https://indiaflora-ces.iisc.ac.in/herbsheet.php?id=12571&cat=13,India Flora Online - Zeuxine clandestina,"Sankara Rao, K. and Deepak Kumar (2026). India Flora Online, species treatment: Zeuxine clandestina.",A,university_herbarium_regional_flora_species_treatment,indiaflora-ces.iisc.ac.in,en,"Key identification features: Erect terrestrial herbs; Leaves ovate-Ianceolate, acute; Scape erect, pubescent, few flowered; Flower green with white lip, Lip withsquarish apical lobes.",5f1fafbe3b8023e24876363d20c633243ae4eac2fdfcc0523aa2b1df265abda7,2fb5a626bc975b4d188c5c9db79071a488b0eb1ea73fdd8c6400ffaca0f5d066,accepted_name_exact,wild_or_species_level_statement_not_cultivar_limited,accept,true,true,true,false,,"Accepted after exact species identity, source page or original-study statement, trait-specific ontology, lineage and content fingerprint review; mapping retained only for flower_primary_color.",Codex source-backed rule-unlock wave-2 audit,2026-08-12T09:35:00Z
ee4e9c957eed5ad4d4f697ea,Zeuxine flava,flower_primary_color,green_brown_inconspicuous|white,https://indiaflora-ces.iisc.ac.in/herbsheet.php?id=12572&cat=13,India Flora Online - Zeuxine flava,"Sankara Rao, K. and Deepak Kumar (2026). India Flora Online, species treatment: Zeuxine flava.",A,university_herbarium_regional_flora_species_treatment,indiaflora-ces.iisc.ac.in,en,"Key identification features: Terrestrial herbs; Stems with 2-3 sheaths at base; Leaves ovate-Ianceolate with inflated, hyaline sheaths; Flowers in sparsely flowered raceme, greenish-white with brownish tinge, Lip 3-lobed with two callii.",b750d9fa70259e9f9c1597f377c264b2ec9cfbdc26abcbde06e45bac84ff868c,27e1fddf52be07aeb4c9994925a58bb52912fe1478a7584bc21fa0da24b46631,accepted_name_exact,wild_or_species_level_statement_not_cultivar_limited,accept,true,true,true,false,,"Accepted after exact species identity, source page or original-study statement, trait-specific ontology, lineage and content fingerprint review; mapping retained only for flower_primary_color.",Codex source-backed rule-unlock wave-2 audit,2026-08-12T09:35:00Z
5c91560f805cc9af052d3adf,Ziziphus xylopyrus,flower_primary_color,green_brown_inconspicuous|yellow_orange,https://indiaflora-ces.iisc.ac.in/herbsheet.php?id=12604&cat=13,India Flora Online - Ziziphus glaberrima,"Sankara Rao, K. and Deepak Kumar (2026). India Flora Online, species treatment: Ziziphus glaberrima.",A,university_herbarium_regional_flora_species_treatment,indiaflora-ces.iisc.ac.in,en,Key identification features: Flowers green; disc yellow; stamens 5,6e2208f5e6e1e44869643bb83b78054b31811b7c02e0c592adaf4a3d65c8c326,05165a5f0b643b15b6a0bc25be828494ae9774dc2cec08fc62249d5c3778f95b,exact_synonym,wild_or_species_level_statement_not_cultivar_limited,accept,true,true,true,false,,"Accepted after exact species identity, source page or original-study statement, trait-specific ontology, lineage and content fingerprint review; mapping retained only for flower_primary_color.",Codex source-backed rule-unlock wave-2 audit,2026-08-12T09:35:00Z
