stratum,context,combination,architecture_label_corrected,trait_name_corrected,support_tier,threshold_corrected,model,status_corrected,n_unique_islands_corrected,n_clusters_corrected,median_trials_corrected,distance_estimate_corrected,distance_se_corrected,distance_p_corrected,selfing_core_estimate_corrected,selfing_core_se_corrected,selfing_core_p_corrected,distance_q_corrected,architecture_label_original,trait_name_original,threshold_original,status_original,n_unique_islands_original,n_clusters_original,median_trials_original,distance_estimate_original,distance_se_original,distance_p_original,selfing_core_estimate_original,selfing_core_se_original,selfing_core_p_original,distance_q_original
all_observed,northern_high_latitude,blue_purple__butterfly_deep_tube_given_colour,butterfly_associated_deep_tube,tube_depth_class,confirmatory,50,conditional_selfing,fit,192,40,7.0,-0.342197897252416,0.23984610780122106,0.1536550179971931,-0.21272423530450735,0.29638927394255177,0.4729305198964261,0.2390189168845226,butterfly_associated_deep_tube,tube_depth_class,50,fit,192,40,7.0,-0.2363127676490988,0.2271619633794359,0.2982083603728382,-0.2504916935123735,0.2942524880410642,0.3946130101859622,0.4174917045219735
all_observed,northern_high_latitude,blue_purple__butterfly_form_given_colour,butterfly_associated_form,floral_form,confirmatory,50,conditional_selfing,fit,282,55,6.0,-0.2608576081104914,0.0650135177393771,6.0114848417614145e-05,0.06553113833219282,0.12991543126518995,0.6139706118811326,0.000420803938923299,butterfly_associated_form,floral_form,50,fit,282,55,6.0,-0.1996660505552192,0.0512326783986267,9.72951330331407e-05,0.0341713426464653,0.1325918917984535,0.7966244049702274,0.0006810659312319
all_observed,northern_high_latitude,blue_purple__large_bee_deep_tube_given_colour,large_bee_associated_intermediate_deep_tube,tube_depth_class,confirmatory,50,conditional_selfing,fit,192,40,7.0,-0.26572033099593195,0.05495715779064779,1.3311551856849644e-06,-0.12225134657832304,0.0895824850888116,0.17235392623662707,1.8636172599589503e-05,large_bee_associated_intermediate_deep_tube,tube_depth_class,50,fit,192,40,7.0,-0.2472429356874794,0.0578179378101842,1.900828431922201e-05,-0.1355862069771644,0.0922686756250225,0.1417048941843155,0.0002661159804691
all_observed,northern_high_latitude,blue_purple__large_bee_form_given_colour,large_bee_associated_form,floral_form,confirmatory,50,conditional_selfing,fit,282,55,6.0,-0.03693555011874003,0.022712322331033458,0.10389989222119503,-0.10825988540971776,0.08084229825366045,0.1805221611586478,0.1818248113870913,large_bee_associated_form,floral_form,50,fit,282,55,6.0,-0.0461223381387939,0.0253481894389158,0.0688273211261527,-0.1045456940861691,0.0808826251610871,0.1961630757761695,0.1376546422523055
all_observed,northern_high_latitude,red_pink__bird_deep_tube_given_colour,bird_associated_intermediate_deep_tube,tube_depth_class,confirmatory,50,conditional_selfing,fit,196,39,5.0,0.0927397565367023,0.17112010971934846,0.5878480671797559,0.22786820490875226,0.10918549375759766,0.036889724600766366,0.5878480671797559,bird_associated_intermediate_deep_tube,tube_depth_class,50,fit,196,39,5.0,0.0229441680800879,0.1447824117853284,0.8740837412824195,0.2425570230573285,0.1048802241801789,0.0207388617368566,0.8740837412824195
all_observed,northern_high_latitude,red_pink__bird_form_given_colour,bird_associated_form,floral_form,confirmatory,50,conditional_selfing,fit,297,56,5.0,0.12791798453621972,0.07281728089844165,0.07896926861046512,-0.17496864498578427,0.09275649044718978,0.05925152352436584,0.15793853722093024,bird_associated_form,floral_form,50,fit,297,56,5.0,0.1038197403286904,0.0596660617179941,0.081856684431488,-0.1665084944171225,0.0966185911165658,0.08482366958665,0.1432491977551041
all_observed,northern_high_latitude,red_pink__butterfly_deep_tube_given_colour,butterfly_associated_deep_tube,tube_depth_class,confirmatory,50,conditional_selfing,fit,196,39,5.0,0.09809980526686513,0.1547998968736691,0.5262635086202743,-0.46230724576985693,0.15820483880773809,0.0034756075663783413,0.5748979383648845,butterfly_associated_deep_tube,tube_depth_class,50,fit,196,39,5.0,0.1071701749137057,0.138456635431659,0.4389105504531114,-0.4638257094509961,0.1584505538085432,0.0034196466922478,0.5586134278494145
all_observed,northern_high_latitude,red_pink__butterfly_form_given_colour,butterfly_associated_form,floral_form,confirmatory,50,conditional_selfing,fit,297,56,5.0,-0.19653516746402389,0.07816413959173475,0.011923833526381503,-0.20252581392902425,0.0986195480321766,0.04001372469744341,0.03338673387386821,butterfly_associated_form,floral_form,50,fit,297,56,5.0,-0.1501731209356434,0.0742430968860222,0.0431018513991033,-0.2180316915241091,0.0979432286376095,0.02600729916839,0.1206851839174893
all_observed,northern_high_latitude,yellow_orange__bird_deep_tube_given_colour,bird_associated_intermediate_deep_tube,tube_depth_class,confirmatory,50,conditional_selfing,fit,187,43,6.0,0.08218686323263169,0.13209831485153925,0.5338337999102498,-0.059428823342833725,0.13620249895039416,0.6625995184969768,0.5748979383648845,bird_associated_intermediate_deep_tube,tube_depth_class,50,fit,187,43,6.0,0.0332358336541478,0.1412442199348393,0.8139700228842959,-0.0421139245262167,0.1364411461103941,0.7575801723079516,0.8740837412824195
all_observed,northern_high_latitude,yellow_orange__bird_form_given_colour,bird_associated_form,floral_form,confirmatory,50,conditional_selfing,fit,228,48,8.0,-0.15142098352143263,0.048179099487421204,0.0016729612478459455,-0.19336681154795698,0.1790788691587901,0.28023759698597717,0.005855364367460809,bird_associated_form,floral_form,50,fit,228,48,8.0,-0.1077140565124077,0.0573256718321314,0.0602465913656253,-0.2143383215458487,0.1730440080387879,0.2154807931077984,0.1376546422523055
all_observed,northern_high_latitude,yellow_orange__butterfly_deep_tube_given_colour,butterfly_associated_deep_tube,tube_depth_class,confirmatory,50,conditional_selfing,fit,187,43,6.0,-0.3003592738590628,0.1423036874435008,0.034798782462454714,-0.36700929221207446,0.18278386818547016,0.04465533612483997,0.081197159079061,butterfly_associated_deep_tube,tube_depth_class,50,fit,187,43,6.0,-0.2116278213679367,0.1034883535334475,0.0408604424896063,-0.3958506046945844,0.181234794961509,0.0289485415721944,0.1206851839174893
all_observed,northern_high_latitude,yellow_orange__butterfly_form_given_colour,butterfly_associated_form,floral_form,confirmatory,50,conditional_selfing,fit,228,48,8.0,-0.25678588035466277,0.06658208359801261,0.00011493683241842759,-0.11248942974480691,0.1583232639768893,0.47739119168657507,0.0005363718846193287,butterfly_associated_form,floral_form,50,fit,228,48,8.0,-0.1877290627574632,0.0681348622199153,0.0058646032161215,-0.1411486944337641,0.1540075396783377,0.3594020375730518,0.0273681483419007
all_observed,northern_high_latitude,yellow_orange__large_bee_deep_tube_given_colour,large_bee_associated_intermediate_deep_tube,tube_depth_class,confirmatory,50,conditional_selfing,fit,187,43,6.0,0.08218686323263169,0.13209831485153925,0.5338337999102498,-0.059428823342833725,0.13620249895039416,0.6625995184969768,0.5748979383648845,large_bee_associated_intermediate_deep_tube,tube_depth_class,50,fit,187,43,6.0,0.0332358336541478,0.1412442199348393,0.8139700228842959,-0.0421139245262167,0.1364411461103941,0.7575801723079516,0.8740837412824195
all_observed,northern_high_latitude,yellow_orange__large_bee_form_given_colour,large_bee_associated_form,floral_form,confirmatory,50,conditional_selfing,fit,228,48,8.0,-0.05692018831837875,0.04460921952406176,0.2019648366115394,-0.08402689658147122,0.08076140419951593,0.29813839422097677,0.28275077125615516,large_bee_associated_form,floral_form,50,fit,228,48,8.0,-0.0436242415594234,0.0344679590719784,0.205639776292894,-0.0911116941167466,0.080273101505402,0.2563663204116577,0.3198840964556129
all_observed,northern_high_latitude,blue_purple__butterfly_deep_tube_given_colour,butterfly_associated_deep_tube,tube_depth_class,confirmatory,50,unconditional,fit,193,40,7.0,-0.3868382254632027,0.2431001308555667,0.1115485659500998,,,,0.19520999041267467,butterfly_associated_deep_tube,tube_depth_class,50,fit,193,40,7.0,-0.2849047124434528,0.2329415530019151,0.2213018200156595,,,,0.3098225480219233
all_observed,northern_high_latitude,blue_purple__butterfly_form_given_colour,butterfly_associated_form,floral_form,confirmatory,50,unconditional,fit,285,56,5.0,-0.25294542079718113,0.06667215714814463,0.00014831802932341323,,,,0.0010382262052638926,butterfly_associated_form,floral_form,50,fit,285,56,5.0,-0.1956372264935441,0.0553219213451577,0.0004057093108551,,,,0.002839965175986
all_observed,northern_high_latitude,blue_purple__large_bee_deep_tube_given_colour,large_bee_associated_intermediate_deep_tube,tube_depth_class,confirmatory,50,unconditional,fit,193,40,7.0,-0.28828306702370665,0.06141384019749498,2.6777535249159496e-06,,,,3.74885493488233e-05,large_bee_associated_intermediate_deep_tube,tube_depth_class,50,fit,193,40,7.0,-0.2693028552893045,0.0618760401302999,1.3471907398876436e-05,,,,0.0001886067035842
all_observed,northern_high_latitude,blue_purple__large_bee_form_given_colour,large_bee_associated_form,floral_form,confirmatory,50,unconditional,fit,285,56,5.0,-0.0499922159004409,0.02644847359100959,0.05873469893951588,,,,0.11746939787903175,large_bee_associated_form,floral_form,50,fit,285,56,5.0,-0.0573586564799272,0.0278912200772856,0.0397330951978606,,,,0.0927105554616747
all_observed,northern_high_latitude,red_pink__bird_deep_tube_given_colour,bird_associated_intermediate_deep_tube,tube_depth_class,confirmatory,50,unconditional,fit,202,40,4.0,0.11616453845501556,0.16977977015609264,0.4938443464230336,,,,0.5663984309620209,bird_associated_intermediate_deep_tube,tube_depth_class,50,fit,202,40,4.0,0.0465142260098021,0.1425484392768181,0.7441938310156638,,,,0.790332724948326
all_observed,northern_high_latitude,red_pink__bird_form_given_colour,bird_associated_form,floral_form,confirmatory,50,unconditional,fit,302,58,5.0,0.11187967371964253,0.07429038820699527,0.132072878501433,,,,0.20544669989111802,bird_associated_form,floral_form,50,fit,302,58,5.0,0.0897245478813851,0.0612150351961284,0.1427225953593121,,,,0.2497645418787962
all_observed,northern_high_latitude,red_pink__butterfly_deep_tube_given_colour,butterfly_associated_deep_tube,tube_depth_class,confirmatory,50,unconditional,fit,202,40,4.0,0.0534284102856738,0.16523274340454056,0.7464283459039732,,,,0.7464283459039732,butterfly_associated_deep_tube,tube_depth_class,50,fit,202,40,4.0,0.0693911404974957,0.1440627549590583,0.6300382537081779,,,,0.790332724948326
all_observed,northern_high_latitude,red_pink__butterfly_form_given_colour,butterfly_associated_form,floral_form,confirmatory,50,unconditional,fit,302,58,5.0,-0.21396099311294037,0.07844003980654418,0.006377734403865068,,,,0.01785765633082219,butterfly_associated_form,floral_form,50,fit,302,58,5.0,-0.1669177854187612,0.074410185982815,0.024883178631424,,,,0.0870911252099842
all_observed,northern_high_latitude,yellow_orange__bird_deep_tube_given_colour,bird_associated_intermediate_deep_tube,tube_depth_class,confirmatory,50,unconditional,fit,196,45,6.0,0.08480260204917306,0.13371298768232104,0.5259414001790194,,,,0.5663984309620209,bird_associated_intermediate_deep_tube,tube_depth_class,50,fit,196,45,6.0,0.0377573758338505,0.1420098465241849,0.790332724948326,,,,0.790332724948326
all_observed,northern_high_latitude,yellow_orange__bird_form_given_colour,bird_associated_form,floral_form,confirmatory,50,unconditional,fit,236,50,7.0,-0.16969224163696733,0.05857806908920755,0.0037692250158762285,,,,0.0131922875555668,bird_associated_form,floral_form,50,fit,236,50,7.0,-0.1247063570017612,0.0654260284920085,0.0566415865732465,,,,0.113283173146493
all_observed,northern_high_latitude,yellow_orange__butterfly_deep_tube_given_colour,butterfly_associated_deep_tube,tube_depth_class,confirmatory,50,unconditional,fit,196,45,6.0,-0.33412767248972364,0.15038692968448777,0.02629772745128617,,,,0.06136136405300107,butterfly_associated_deep_tube,tube_depth_class,50,fit,196,45,6.0,-0.2423363978940062,0.1135715766051538,0.0328610540028038,,,,0.0920109512078507
all_observed,northern_high_latitude,yellow_orange__butterfly_form_given_colour,butterfly_associated_form,floral_form,confirmatory,50,unconditional,fit,236,50,7.0,-0.26766833222062336,0.07392079100102403,0.0002934488970654755,,,,0.0013694281863055522,butterfly_associated_form,floral_form,50,fit,236,50,7.0,-0.1992337854516831,0.0763037726062975,0.0090261858969308,,,,0.0421222008523441
all_observed,northern_high_latitude,yellow_orange__large_bee_deep_tube_given_colour,large_bee_associated_intermediate_deep_tube,tube_depth_class,confirmatory,50,unconditional,fit,196,45,6.0,0.08480260204917306,0.13371298768232104,0.5259414001790194,,,,0.5663984309620209,large_bee_associated_intermediate_deep_tube,tube_depth_class,50,fit,196,45,6.0,0.0377573758338505,0.1420098465241849,0.790332724948326,,,,0.790332724948326
all_observed,northern_high_latitude,yellow_orange__large_bee_form_given_colour,large_bee_associated_form,floral_form,confirmatory,50,unconditional,fit,236,50,7.0,-0.06443833954827005,0.04627860433457485,0.1638012333734549,,,,0.22932172672283685,large_bee_associated_form,floral_form,50,fit,236,50,7.0,-0.0502441768028735,0.0363043135755396,0.1663668316617084,,,,0.2587928492515465
all_observed,northern_high_latitude,blue_purple__butterfly_deep_tube_given_colour,butterfly_associated_deep_tube,tube_depth_class,pilot,30,conditional_selfing,fit,192,40,7.0,-0.342197897252416,0.23984610780122106,0.1536550179971931,-0.21272423530450735,0.29638927394255177,0.4729305198964261,0.2390189168845226,butterfly_associated_deep_tube,tube_depth_class,30,fit,192,40,7.0,-0.2363127676490988,0.2271619633794359,0.2982083603728382,-0.2504916935123735,0.2942524880410642,0.3946130101859622,0.4174917045219735
all_observed,northern_high_latitude,blue_purple__butterfly_form_given_colour,butterfly_associated_form,floral_form,pilot,30,conditional_selfing,fit,282,55,6.0,-0.2608576081104914,0.0650135177393771,6.0114848417614145e-05,0.06553113833219282,0.12991543126518995,0.6139706118811326,0.000420803938923299,butterfly_associated_form,floral_form,30,fit,282,55,6.0,-0.1996660505552192,0.0512326783986267,9.72951330331407e-05,0.0341713426464653,0.1325918917984535,0.7966244049702274,0.0006810659312319
all_observed,northern_high_latitude,blue_purple__large_bee_deep_tube_given_colour,large_bee_associated_intermediate_deep_tube,tube_depth_class,pilot,30,conditional_selfing,fit,192,40,7.0,-0.26572033099593195,0.05495715779064779,1.3311551856849644e-06,-0.12225134657832304,0.0895824850888116,0.17235392623662707,1.8636172599589503e-05,large_bee_associated_intermediate_deep_tube,tube_depth_class,30,fit,192,40,7.0,-0.2472429356874794,0.0578179378101842,1.900828431922201e-05,-0.1355862069771644,0.0922686756250225,0.1417048941843155,0.0002661159804691
all_observed,northern_high_latitude,blue_purple__large_bee_form_given_colour,large_bee_associated_form,floral_form,pilot,30,conditional_selfing,fit,282,55,6.0,-0.03693555011874003,0.022712322331033458,0.10389989222119503,-0.10825988540971776,0.08084229825366045,0.1805221611586478,0.1818248113870913,large_bee_associated_form,floral_form,30,fit,282,55,6.0,-0.0461223381387939,0.0253481894389158,0.0688273211261527,-0.1045456940861691,0.0808826251610871,0.1961630757761695,0.1376546422523055
all_observed,northern_high_latitude,red_pink__bird_deep_tube_given_colour,bird_associated_intermediate_deep_tube,tube_depth_class,pilot,30,conditional_selfing,fit,196,39,5.0,0.0927397565367023,0.17112010971934846,0.5878480671797559,0.22786820490875226,0.10918549375759766,0.036889724600766366,0.5878480671797559,bird_associated_intermediate_deep_tube,tube_depth_class,30,fit,196,39,5.0,0.0229441680800879,0.1447824117853284,0.8740837412824195,0.2425570230573285,0.1048802241801789,0.0207388617368566,0.8740837412824195
all_observed,northern_high_latitude,red_pink__bird_form_given_colour,bird_associated_form,floral_form,pilot,30,conditional_selfing,fit,297,56,5.0,0.12791798453621972,0.07281728089844165,0.07896926861046512,-0.17496864498578427,0.09275649044718978,0.05925152352436584,0.15793853722093024,bird_associated_form,floral_form,30,fit,297,56,5.0,0.1038197403286904,0.0596660617179941,0.081856684431488,-0.1665084944171225,0.0966185911165658,0.08482366958665,0.1432491977551041
all_observed,northern_high_latitude,red_pink__butterfly_deep_tube_given_colour,butterfly_associated_deep_tube,tube_depth_class,pilot,30,conditional_selfing,fit,196,39,5.0,0.09809980526686513,0.1547998968736691,0.5262635086202743,-0.46230724576985693,0.15820483880773809,0.0034756075663783413,0.5748979383648845,butterfly_associated_deep_tube,tube_depth_class,30,fit,196,39,5.0,0.1071701749137057,0.138456635431659,0.4389105504531114,-0.4638257094509961,0.1584505538085432,0.0034196466922478,0.5586134278494145
all_observed,northern_high_latitude,red_pink__butterfly_form_given_colour,butterfly_associated_form,floral_form,pilot,30,conditional_selfing,fit,297,56,5.0,-0.19653516746402389,0.07816413959173475,0.011923833526381503,-0.20252581392902425,0.0986195480321766,0.04001372469744341,0.03338673387386821,butterfly_associated_form,floral_form,30,fit,297,56,5.0,-0.1501731209356434,0.0742430968860222,0.0431018513991033,-0.2180316915241091,0.0979432286376095,0.02600729916839,0.1206851839174893
all_observed,northern_high_latitude,yellow_orange__bird_deep_tube_given_colour,bird_associated_intermediate_deep_tube,tube_depth_class,pilot,30,conditional_selfing,fit,187,43,6.0,0.08218686323263169,0.13209831485153925,0.5338337999102498,-0.059428823342833725,0.13620249895039416,0.6625995184969768,0.5748979383648845,bird_associated_intermediate_deep_tube,tube_depth_class,30,fit,187,43,6.0,0.0332358336541478,0.1412442199348393,0.8139700228842959,-0.0421139245262167,0.1364411461103941,0.7575801723079516,0.8740837412824195
all_observed,northern_high_latitude,yellow_orange__bird_form_given_colour,bird_associated_form,floral_form,pilot,30,conditional_selfing,fit,228,48,8.0,-0.15142098352143263,0.048179099487421204,0.0016729612478459455,-0.19336681154795698,0.1790788691587901,0.28023759698597717,0.005855364367460809,bird_associated_form,floral_form,30,fit,228,48,8.0,-0.1077140565124077,0.0573256718321314,0.0602465913656253,-0.2143383215458487,0.1730440080387879,0.2154807931077984,0.1376546422523055
all_observed,northern_high_latitude,yellow_orange__butterfly_deep_tube_given_colour,butterfly_associated_deep_tube,tube_depth_class,pilot,30,conditional_selfing,fit,187,43,6.0,-0.3003592738590628,0.1423036874435008,0.034798782462454714,-0.36700929221207446,0.18278386818547016,0.04465533612483997,0.081197159079061,butterfly_associated_deep_tube,tube_depth_class,30,fit,187,43,6.0,-0.2116278213679367,0.1034883535334475,0.0408604424896063,-0.3958506046945844,0.181234794961509,0.0289485415721944,0.1206851839174893
all_observed,northern_high_latitude,yellow_orange__butterfly_form_given_colour,butterfly_associated_form,floral_form,pilot,30,conditional_selfing,fit,228,48,8.0,-0.25678588035466277,0.06658208359801261,0.00011493683241842759,-0.11248942974480691,0.1583232639768893,0.47739119168657507,0.0005363718846193287,butterfly_associated_form,floral_form,30,fit,228,48,8.0,-0.1877290627574632,0.0681348622199153,0.0058646032161215,-0.1411486944337641,0.1540075396783377,0.3594020375730518,0.0273681483419007
all_observed,northern_high_latitude,yellow_orange__large_bee_deep_tube_given_colour,large_bee_associated_intermediate_deep_tube,tube_depth_class,pilot,30,conditional_selfing,fit,187,43,6.0,0.08218686323263169,0.13209831485153925,0.5338337999102498,-0.059428823342833725,0.13620249895039416,0.6625995184969768,0.5748979383648845,large_bee_associated_intermediate_deep_tube,tube_depth_class,30,fit,187,43,6.0,0.0332358336541478,0.1412442199348393,0.8139700228842959,-0.0421139245262167,0.1364411461103941,0.7575801723079516,0.8740837412824195
all_observed,northern_high_latitude,yellow_orange__large_bee_form_given_colour,large_bee_associated_form,floral_form,pilot,30,conditional_selfing,fit,228,48,8.0,-0.05692018831837875,0.04460921952406176,0.2019648366115394,-0.08402689658147122,0.08076140419951593,0.29813839422097677,0.28275077125615516,large_bee_associated_form,floral_form,30,fit,228,48,8.0,-0.0436242415594234,0.0344679590719784,0.205639776292894,-0.0911116941167466,0.080273101505402,0.2563663204116577,0.3198840964556129
all_observed,northern_high_latitude,blue_purple__butterfly_deep_tube_given_colour,butterfly_associated_deep_tube,tube_depth_class,pilot,30,unconditional,fit,193,40,7.0,-0.3868382254632027,0.2431001308555667,0.1115485659500998,,,,0.19520999041267467,butterfly_associated_deep_tube,tube_depth_class,30,fit,193,40,7.0,-0.2849047124434528,0.2329415530019151,0.2213018200156595,,,,0.3098225480219233
all_observed,northern_high_latitude,blue_purple__butterfly_form_given_colour,butterfly_associated_form,floral_form,pilot,30,unconditional,fit,285,56,5.0,-0.25294542079718113,0.06667215714814463,0.00014831802932341323,,,,0.0010382262052638926,butterfly_associated_form,floral_form,30,fit,285,56,5.0,-0.1956372264935441,0.0553219213451577,0.0004057093108551,,,,0.002839965175986
all_observed,northern_high_latitude,blue_purple__large_bee_deep_tube_given_colour,large_bee_associated_intermediate_deep_tube,tube_depth_class,pilot,30,unconditional,fit,193,40,7.0,-0.28828306702370665,0.06141384019749498,2.6777535249159496e-06,,,,3.74885493488233e-05,large_bee_associated_intermediate_deep_tube,tube_depth_class,30,fit,193,40,7.0,-0.2693028552893045,0.0618760401302999,1.3471907398876436e-05,,,,0.0001886067035842
all_observed,northern_high_latitude,blue_purple__large_bee_form_given_colour,large_bee_associated_form,floral_form,pilot,30,unconditional,fit,285,56,5.0,-0.0499922159004409,0.02644847359100959,0.05873469893951588,,,,0.11746939787903175,large_bee_associated_form,floral_form,30,fit,285,56,5.0,-0.0573586564799272,0.0278912200772856,0.0397330951978606,,,,0.0927105554616747
all_observed,northern_high_latitude,red_pink__bird_deep_tube_given_colour,bird_associated_intermediate_deep_tube,tube_depth_class,pilot,30,unconditional,fit,202,40,4.0,0.11616453845501556,0.16977977015609264,0.4938443464230336,,,,0.5663984309620209,bird_associated_intermediate_deep_tube,tube_depth_class,30,fit,202,40,4.0,0.0465142260098021,0.1425484392768181,0.7441938310156638,,,,0.790332724948326
all_observed,northern_high_latitude,red_pink__bird_form_given_colour,bird_associated_form,floral_form,pilot,30,unconditional,fit,302,58,5.0,0.11187967371964253,0.07429038820699527,0.132072878501433,,,,0.20544669989111802,bird_associated_form,floral_form,30,fit,302,58,5.0,0.0897245478813851,0.0612150351961284,0.1427225953593121,,,,0.2497645418787962
all_observed,northern_high_latitude,red_pink__butterfly_deep_tube_given_colour,butterfly_associated_deep_tube,tube_depth_class,pilot,30,unconditional,fit,202,40,4.0,0.0534284102856738,0.16523274340454056,0.7464283459039732,,,,0.7464283459039732,butterfly_associated_deep_tube,tube_depth_class,30,fit,202,40,4.0,0.0693911404974957,0.1440627549590583,0.6300382537081779,,,,0.790332724948326
all_observed,northern_high_latitude,red_pink__butterfly_form_given_colour,butterfly_associated_form,floral_form,pilot,30,unconditional,fit,302,58,5.0,-0.21396099311294037,0.07844003980654418,0.006377734403865068,,,,0.01785765633082219,butterfly_associated_form,floral_form,30,fit,302,58,5.0,-0.1669177854187612,0.074410185982815,0.024883178631424,,,,0.0870911252099842
all_observed,northern_high_latitude,yellow_orange__bird_deep_tube_given_colour,bird_associated_intermediate_deep_tube,tube_depth_class,pilot,30,unconditional,fit,196,45,6.0,0.08480260204917306,0.13371298768232104,0.5259414001790194,,,,0.5663984309620209,bird_associated_intermediate_deep_tube,tube_depth_class,30,fit,196,45,6.0,0.0377573758338505,0.1420098465241849,0.790332724948326,,,,0.790332724948326
all_observed,northern_high_latitude,yellow_orange__bird_form_given_colour,bird_associated_form,floral_form,pilot,30,unconditional,fit,236,50,7.0,-0.16969224163696733,0.05857806908920755,0.0037692250158762285,,,,0.0131922875555668,bird_associated_form,floral_form,30,fit,236,50,7.0,-0.1247063570017612,0.0654260284920085,0.0566415865732465,,,,0.113283173146493
all_observed,northern_high_latitude,yellow_orange__butterfly_deep_tube_given_colour,butterfly_associated_deep_tube,tube_depth_class,pilot,30,unconditional,fit,196,45,6.0,-0.33412767248972364,0.15038692968448777,0.02629772745128617,,,,0.06136136405300107,butterfly_associated_deep_tube,tube_depth_class,30,fit,196,45,6.0,-0.2423363978940062,0.1135715766051538,0.0328610540028038,,,,0.0920109512078507
all_observed,northern_high_latitude,yellow_orange__butterfly_form_given_colour,butterfly_associated_form,floral_form,pilot,30,unconditional,fit,236,50,7.0,-0.26766833222062336,0.07392079100102403,0.0002934488970654755,,,,0.0013694281863055522,butterfly_associated_form,floral_form,30,fit,236,50,7.0,-0.1992337854516831,0.0763037726062975,0.0090261858969308,,,,0.0421222008523441
all_observed,northern_high_latitude,yellow_orange__large_bee_deep_tube_given_colour,large_bee_associated_intermediate_deep_tube,tube_depth_class,pilot,30,unconditional,fit,196,45,6.0,0.08480260204917306,0.13371298768232104,0.5259414001790194,,,,0.5663984309620209,large_bee_associated_intermediate_deep_tube,tube_depth_class,30,fit,196,45,6.0,0.0377573758338505,0.1420098465241849,0.790332724948326,,,,0.790332724948326
all_observed,northern_high_latitude,yellow_orange__large_bee_form_given_colour,large_bee_associated_form,floral_form,pilot,30,unconditional,fit,236,50,7.0,-0.06443833954827005,0.04627860433457485,0.1638012333734549,,,,0.22932172672283685,large_bee_associated_form,floral_form,30,fit,236,50,7.0,-0.0502441768028735,0.0363043135755396,0.1663668316617084,,,,0.2587928492515465
all_observed,northern_midlatitude,blue_purple__butterfly_deep_tube_given_colour,butterfly_associated_deep_tube,tube_depth_class,confirmatory,50,conditional_selfing,fit,1733,84,16.0,-0.03142213089845125,0.04294497779727572,0.4643617805218864,-0.06262297439102821,0.061304180842590025,0.30701178755548403,0.72234054747849,butterfly_associated_deep_tube,tube_depth_class,50,fit,1734,84,16.0,-0.0426038163866575,0.0416974002083731,0.3069049423368749,-0.0590715324043194,0.0596344743479177,0.3219004163124696,0.6138098846737498
all_observed,northern_midlatitude,blue_purple__butterfly_form_given_colour,butterfly_associated_form,floral_form,confirmatory,50,conditional_selfing,fit,1762,83,25.0,-0.03125497216733769,0.03613316008307662,0.38704199852075616,0.033270319147758645,0.06088645004567378,0.5847688551401922,0.6773234974113232,butterfly_associated_form,floral_form,50,fit,1763,83,25.0,-0.0262570982748468,0.0357844912108001,0.4630972376451707,0.0319512491028142,0.0601576029901522,0.5953316748261643,0.7203734807813768
all_observed,northern_midlatitude,blue_purple__large_bee_deep_tube_given_colour,large_bee_associated_intermediate_deep_tube,tube_depth_class,confirmatory,50,conditional_selfing,fit,1733,84,16.0,0.001056988109367718,0.020310382008894592,0.9584954155400227,-0.2250494691329103,0.05284179290407906,2.0540826187930288e-05,0.9646789044569318,large_bee_associated_intermediate_deep_tube,tube_depth_class,50,fit,1734,84,16.0,-0.0054346480367617,0.0197849512023045,0.7835575294797893,-0.2247343851141479,0.0521840638355666,1.6580459582375995e-05,0.8441632893680585
all_observed,northern_midlatitude,blue_purple__large_bee_form_given_colour,large_bee_associated_form,floral_form,confirmatory,50,conditional_selfing,fit,1762,83,25.0,-0.027715388099183155,0.015458327022323956,0.07298732647171212,-0.1106362369832623,0.02756504828684513,5.9788992983114094e-05,0.34060752353465656,large_bee_associated_form,floral_form,50,fit,1763,83,25.0,-0.0211127499633965,0.0122231634332235,0.0841185020560253,-0.1152190398380728,0.0279196106664768,3.678236753301357e-05,0.3714834437107903
all_observed,northern_midlatitude,red_pink__bird_deep_tube_given_colour,bird_associated_intermediate_deep_tube,tube_depth_class,confirmatory,50,conditional_selfing,fit,1708,83,15.0,-0.05425029048055535,0.021558862841363265,0.011856728113875122,-0.05691562319602275,0.04491845104325847,0.20512388236211748,0.08299709679712586,bird_associated_intermediate_deep_tube,tube_depth_class,50,fit,1709,83,15.0,-0.0507595484165552,0.0203516262074099,0.0126267217863442,-0.0586401575644137,0.0454971427121626,0.1974413345557836,0.1767741050088197
all_observed,northern_midlatitude,red_pink__bird_form_given_colour,bird_associated_form,floral_form,confirmatory,50,conditional_selfing,fit,1772,82,25.0,0.006277153365574328,0.04409465277975323,0.8867985470408127,0.1846270153894284,0.08353974294846016,0.027101687002764135,0.9646789044569318,bird_associated_form,floral_form,50,fit,1773,82,25.0,0.0001458610765439,0.0393007757441909,0.9970387344368454,0.1891499038994659,0.0836215263686845,0.0236988727239759,0.9970387344368454
all_observed,northern_midlatitude,red_pink__butterfly_deep_tube_given_colour,butterfly_associated_deep_tube,tube_depth_class,confirmatory,50,conditional_selfing,fit,1708,83,15.0,-0.05581457377938187,0.03790804647695849,0.1409216776469637,-0.018051018306829,0.07069205663513717,0.7984549520950821,0.39458069741149837,butterfly_associated_deep_tube,tube_depth_class,50,fit,1709,83,15.0,-0.0633685024552866,0.0392180993597785,0.1061381267745115,-0.0180610995427514,0.0694398693986826,0.7947889760515497,0.3714834437107903
all_observed,northern_midlatitude,red_pink__butterfly_form_given_colour,butterfly_associated_form,floral_form,confirmatory,50,conditional_selfing,fit,1772,82,25.0,-0.019106220480295366,0.03836841398731614,0.6185069992858456,0.056876241696441426,0.05947564546000042,0.3389233909216336,0.8659097990001839,butterfly_associated_form,floral_form,50,fit,1773,82,25.0,-0.0139629801075399,0.0377578172675665,0.7115287665066584,0.0553979703555073,0.0595363657465012,0.3521176358839883,0.8441632893680585
all_observed,northern_midlatitude,yellow_orange__bird_deep_tube_given_colour,bird_associated_intermediate_deep_tube,tube_depth_class,confirmatory,50,conditional_selfing,fit,1712,82,14.0,0.0012196056597755106,0.027541234659824727,0.9646789044569318,-0.07329303193474168,0.05999556595364764,0.22184348778024446,0.9646789044569318,bird_associated_intermediate_deep_tube,tube_depth_class,50,fit,1713,82,14.0,0.0077098139554128,0.028108810006528,0.7838659115560543,-0.0778715145307687,0.0596370568086095,0.1916351493764127,0.8441632893680585
all_observed,northern_midlatitude,yellow_orange__bird_form_given_colour,bird_associated_form,floral_form,confirmatory,50,conditional_selfing,fit,1766,83,26.0,-0.1037345687701608,0.06608941343019527,0.11650599547460751,-0.07360191479442872,0.06463678133615736,0.25482822602039085,0.39458069741149837,bird_associated_form,floral_form,50,fit,1767,83,26.0,-0.0950328553282474,0.0667413289368903,0.1544759551583257,-0.0780628742860614,0.0637123051480932,0.2204847511856045,0.4325326744433121
all_observed,northern_midlatitude,yellow_orange__butterfly_deep_tube_given_colour,butterfly_associated_deep_tube,tube_depth_class,confirmatory,50,conditional_selfing,fit,1712,82,14.0,0.04217073006739344,0.04493397401131244,0.34798528257924893,-0.0421024838455967,0.10787440597034449,0.6963208699871524,0.6773234974113232,butterfly_associated_deep_tube,tube_depth_class,50,fit,1713,82,14.0,0.0332169909821006,0.0422614432179054,0.4318744653991058,-0.0391228125233237,0.1077607091618899,0.7165655442225569,0.7203734807813768
all_observed,northern_midlatitude,yellow_orange__butterfly_form_given_colour,butterfly_associated_form,floral_form,confirmatory,50,conditional_selfing,fit,1766,83,26.0,-0.04172282849623499,0.040879367712655434,0.30742838583185866,-0.055294844220090095,0.054629102785817944,0.31144885587544385,0.6773234974113232,butterfly_associated_form,floral_form,50,fit,1767,83,26.0,-0.0470517637779612,0.0403554922994775,0.2436419003778319,-0.0519642916613825,0.0537143881480155,0.3333348761632602,0.5684977675482744
all_observed,northern_midlatitude,yellow_orange__large_bee_deep_tube_given_colour,large_bee_associated_intermediate_deep_tube,tube_depth_class,confirmatory,50,conditional_selfing,fit,1712,82,14.0,0.0012196056597755106,0.027541234659824727,0.9646789044569318,-0.07329303193474168,0.05999556595364764,0.22184348778024446,0.9646789044569318,large_bee_associated_intermediate_deep_tube,tube_depth_class,50,fit,1713,82,14.0,0.0077098139554128,0.028108810006528,0.7838659115560543,-0.0778715145307687,0.0596370568086095,0.1916351493764127,0.8441632893680585
all_observed,northern_midlatitude,yellow_orange__large_bee_form_given_colour,large_bee_associated_form,floral_form,confirmatory,50,conditional_selfing,fit,1766,83,26.0,-0.06323604588672091,0.01582648195645437,6.45348350349321e-05,-0.20081002485682917,0.05221555604316281,0.00012016500839614509,0.0009034876904890494,large_bee_associated_form,floral_form,50,fit,1767,83,26.0,-0.0425691693513638,0.0202667327432271,0.0356896624319369,-0.2097589599744266,0.0530030022770334,7.574080843608612e-05,0.2498276370235588
all_observed,northern_midlatitude,blue_purple__butterfly_deep_tube_given_colour,butterfly_associated_deep_tube,tube_depth_class,confirmatory,50,unconditional,fit,1775,84,15.0,-0.0354028842936686,0.042980340929156924,0.4101103373647948,,,,0.6379494136785697,butterfly_associated_deep_tube,tube_depth_class,50,fit,1776,84,15.0,-0.0459750892706179,0.0421883627820321,0.2758199326366751,,,,0.5516398652733502
all_observed,northern_midlatitude,blue_purple__butterfly_form_given_colour,butterfly_associated_form,floral_form,confirmatory,50,unconditional,fit,1786,83,24.0,-0.029759847215949847,0.03589019093635726,0.40699596006999933,,,,0.6379494136785697,butterfly_associated_form,floral_form,50,fit,1787,83,24.0,-0.0251223712802063,0.0357275465113521,0.4819527357633961,,,,0.6747338300687546
all_observed,northern_midlatitude,blue_purple__large_bee_deep_tube_given_colour,large_bee_associated_intermediate_deep_tube,tube_depth_class,confirmatory,50,unconditional,fit,1775,84,15.0,-0.01487668567207455,0.023866614679981368,0.5330701995596403,,,,0.7462982793834965,large_bee_associated_intermediate_deep_tube,tube_depth_class,50,fit,1776,84,15.0,-0.0196130509982894,0.0231377713502413,0.3966252366394093,,,,0.6747338300687546
all_observed,northern_midlatitude,blue_purple__large_bee_form_given_colour,large_bee_associated_form,floral_form,confirmatory,50,unconditional,fit,1786,83,24.0,-0.03392530939495439,0.01525029629792118,0.02611030456820432,,,,0.1218480879849535,large_bee_associated_form,floral_form,50,fit,1787,83,24.0,-0.0266301296093525,0.0122690517340507,0.0299680460709986,,,,0.1398508816646601
all_observed,northern_midlatitude,red_pink__bird_deep_tube_given_colour,bird_associated_intermediate_deep_tube,tube_depth_class,confirmatory,50,unconditional,fit,1727,83,15.0,-0.05858626124864406,0.02310418316541457,0.01122091801509256,,,,0.07854642610564792,bird_associated_intermediate_deep_tube,tube_depth_class,50,fit,1728,83,15.0,-0.0546907391516047,0.0217216585263444,0.0118091168295819,,,,0.1033110129189474
all_observed,northern_midlatitude,red_pink__bird_form_given_colour,bird_associated_form,floral_form,confirmatory,50,unconditional,fit,1803,82,23.0,0.015899851098308188,0.04404757415558169,0.7181219033503479,,,,0.8378088872420726,bird_associated_form,floral_form,50,fit,1804,82,23.0,0.0085476976905812,0.0391813277534732,0.8273064536629677,,,,0.9159390720083216
all_observed,northern_midlatitude,red_pink__butterfly_deep_tube_given_colour,butterfly_associated_deep_tube,tube_depth_class,confirmatory,50,unconditional,fit,1727,83,15.0,-0.057813156941260185,0.04013978229167458,0.14978374965171223,,,,0.41939449902479425,butterfly_associated_deep_tube,tube_depth_class,50,fit,1728,83,15.0,-0.0652118492932869,0.0414390982592123,0.1155616200658791,,,,0.3778317522438744
all_observed,northern_midlatitude,red_pink__butterfly_form_given_colour,butterfly_associated_form,floral_form,confirmatory,50,unconditional,fit,1803,82,23.0,-0.016254896763329918,0.03852594619945394,0.6730828515385312,,,,0.8378088872420726,butterfly_associated_form,floral_form,50,fit,1804,82,23.0,-0.0116777132931165,0.0378872693469683,0.7579129441142249,,,,0.9159390720083216
all_observed,northern_midlatitude,yellow_orange__bird_deep_tube_given_colour,bird_associated_intermediate_deep_tube,tube_depth_class,confirmatory,50,unconditional,fit,1740,82,14.0,-0.0034966924019377565,0.028544832034724146,0.9025044198923693,,,,0.9025044198923693,bird_associated_intermediate_deep_tube,tube_depth_class,50,fit,1741,82,14.0,0.003093663451637,0.0293098193910575,0.9159390720083216,,,,0.9159390720083216
all_observed,northern_midlatitude,yellow_orange__bird_form_given_colour,bird_associated_form,floral_form,confirmatory,50,unconditional,fit,1792,83,26.0,-0.10839043071284765,0.0651964443629344,0.09640843978376751,,,,0.3374295392431863,bird_associated_form,floral_form,50,fit,1793,83,26.0,-0.0993016263625195,0.0664268284411903,0.1349399115156694,,,,0.3778317522438744
all_observed,northern_midlatitude,yellow_orange__butterfly_deep_tube_given_colour,butterfly_associated_deep_tube,tube_depth_class,confirmatory,50,unconditional,fit,1740,82,14.0,0.04024459367371891,0.04554758200398035,0.37692699664737034,,,,0.6379494136785697,butterfly_associated_deep_tube,tube_depth_class,50,fit,1741,82,14.0,0.0317243771302959,0.0427486182948317,0.4580178570252471,,,,0.6747338300687546
all_observed,northern_midlatitude,yellow_orange__butterfly_form_given_colour,butterfly_associated_form,floral_form,confirmatory,50,unconditional,fit,1792,83,26.0,-0.0450888887037694,0.04054116096372709,0.2660626707048994,,,,0.6208128983114319,butterfly_associated_form,floral_form,50,fit,1793,83,26.0,-0.0498850644199025,0.0403314546334034,0.2161326044936612,,,,0.5043094104852095
all_observed,northern_midlatitude,yellow_orange__large_bee_deep_tube_given_colour,large_bee_associated_intermediate_deep_tube,tube_depth_class,confirmatory,50,unconditional,fit,1740,82,14.0,-0.0034966924019377565,0.028544832034724146,0.9025044198923693,,,,0.9025044198923693,large_bee_associated_intermediate_deep_tube,tube_depth_class,50,fit,1741,82,14.0,0.003093663451637,0.0293098193910575,0.9159390720083216,,,,0.9159390720083216
all_observed,northern_midlatitude,yellow_orange__large_bee_form_given_colour,large_bee_associated_form,floral_form,confirmatory,50,unconditional,fit,1792,83,26.0,-0.07427286554788368,0.016157911442509325,4.292611992556382e-06,,,,6.009656789578934e-05,large_bee_associated_form,floral_form,50,fit,1793,83,26.0,-0.0525833506888953,0.0215660541139957,0.0147587161312782,,,,0.1033110129189474
all_observed,northern_midlatitude,blue_purple__butterfly_deep_tube_given_colour,butterfly_associated_deep_tube,tube_depth_class,pilot,30,conditional_selfing,fit,1733,84,16.0,-0.03142213089845125,0.04294497779727572,0.4643617805218864,-0.06262297439102821,0.061304180842590025,0.30701178755548403,0.72234054747849,butterfly_associated_deep_tube,tube_depth_class,30,fit,1734,84,16.0,-0.0426038163866575,0.0416974002083731,0.3069049423368749,-0.0590715324043194,0.0596344743479177,0.3219004163124696,0.6138098846737498
all_observed,northern_midlatitude,blue_purple__butterfly_form_given_colour,butterfly_associated_form,floral_form,pilot,30,conditional_selfing,fit,1762,83,25.0,-0.03125497216733769,0.03613316008307662,0.38704199852075616,0.033270319147758645,0.06088645004567378,0.5847688551401922,0.6773234974113232,butterfly_associated_form,floral_form,30,fit,1763,83,25.0,-0.0262570982748468,0.0357844912108001,0.4630972376451707,0.0319512491028142,0.0601576029901522,0.5953316748261643,0.7203734807813768
all_observed,northern_midlatitude,blue_purple__large_bee_deep_tube_given_colour,large_bee_associated_intermediate_deep_tube,tube_depth_class,pilot,30,conditional_selfing,fit,1733,84,16.0,0.001056988109367718,0.020310382008894592,0.9584954155400227,-0.2250494691329103,0.05284179290407906,2.0540826187930288e-05,0.9646789044569318,large_bee_associated_intermediate_deep_tube,tube_depth_class,30,fit,1734,84,16.0,-0.0054346480367617,0.0197849512023045,0.7835575294797893,-0.2247343851141479,0.0521840638355666,1.6580459582375995e-05,0.8441632893680585
all_observed,northern_midlatitude,blue_purple__large_bee_form_given_colour,large_bee_associated_form,floral_form,pilot,30,conditional_selfing,fit,1762,83,25.0,-0.027715388099183155,0.015458327022323956,0.07298732647171212,-0.1106362369832623,0.02756504828684513,5.9788992983114094e-05,0.34060752353465656,large_bee_associated_form,floral_form,30,fit,1763,83,25.0,-0.0211127499633965,0.0122231634332235,0.0841185020560253,-0.1152190398380728,0.0279196106664768,3.678236753301357e-05,0.3714834437107903
all_observed,northern_midlatitude,red_pink__bird_deep_tube_given_colour,bird_associated_intermediate_deep_tube,tube_depth_class,pilot,30,conditional_selfing,fit,1708,83,15.0,-0.05425029048055535,0.021558862841363265,0.011856728113875122,-0.05691562319602275,0.04491845104325847,0.20512388236211748,0.08299709679712586,bird_associated_intermediate_deep_tube,tube_depth_class,30,fit,1709,83,15.0,-0.0507595484165552,0.0203516262074099,0.0126267217863442,-0.0586401575644137,0.0454971427121626,0.1974413345557836,0.1767741050088197
all_observed,northern_midlatitude,red_pink__bird_form_given_colour,bird_associated_form,floral_form,pilot,30,conditional_selfing,fit,1772,82,25.0,0.006277153365574328,0.04409465277975323,0.8867985470408127,0.1846270153894284,0.08353974294846016,0.027101687002764135,0.9646789044569318,bird_associated_form,floral_form,30,fit,1773,82,25.0,0.0001458610765439,0.0393007757441909,0.9970387344368454,0.1891499038994659,0.0836215263686845,0.0236988727239759,0.9970387344368454
all_observed,northern_midlatitude,red_pink__butterfly_deep_tube_given_colour,butterfly_associated_deep_tube,tube_depth_class,pilot,30,conditional_selfing,fit,1708,83,15.0,-0.05581457377938187,0.03790804647695849,0.1409216776469637,-0.018051018306829,0.07069205663513717,0.7984549520950821,0.39458069741149837,butterfly_associated_deep_tube,tube_depth_class,30,fit,1709,83,15.0,-0.0633685024552866,0.0392180993597785,0.1061381267745115,-0.0180610995427514,0.0694398693986826,0.7947889760515497,0.3714834437107903
all_observed,northern_midlatitude,red_pink__butterfly_form_given_colour,butterfly_associated_form,floral_form,pilot,30,conditional_selfing,fit,1772,82,25.0,-0.019106220480295366,0.03836841398731614,0.6185069992858456,0.056876241696441426,0.05947564546000042,0.3389233909216336,0.8659097990001839,butterfly_associated_form,floral_form,30,fit,1773,82,25.0,-0.0139629801075399,0.0377578172675665,0.7115287665066584,0.0553979703555073,0.0595363657465012,0.3521176358839883,0.8441632893680585
all_observed,northern_midlatitude,yellow_orange__bird_deep_tube_given_colour,bird_associated_intermediate_deep_tube,tube_depth_class,pilot,30,conditional_selfing,fit,1712,82,14.0,0.0012196056597755106,0.027541234659824727,0.9646789044569318,-0.07329303193474168,0.05999556595364764,0.22184348778024446,0.9646789044569318,bird_associated_intermediate_deep_tube,tube_depth_class,30,fit,1713,82,14.0,0.0077098139554128,0.028108810006528,0.7838659115560543,-0.0778715145307687,0.0596370568086095,0.1916351493764127,0.8441632893680585
all_observed,northern_midlatitude,yellow_orange__bird_form_given_colour,bird_associated_form,floral_form,pilot,30,conditional_selfing,fit,1766,83,26.0,-0.1037345687701608,0.06608941343019527,0.11650599547460751,-0.07360191479442872,0.06463678133615736,0.25482822602039085,0.39458069741149837,bird_associated_form,floral_form,30,fit,1767,83,26.0,-0.0950328553282474,0.0667413289368903,0.1544759551583257,-0.0780628742860614,0.0637123051480932,0.2204847511856045,0.4325326744433121
all_observed,northern_midlatitude,yellow_orange__butterfly_deep_tube_given_colour,butterfly_associated_deep_tube,tube_depth_class,pilot,30,conditional_selfing,fit,1712,82,14.0,0.04217073006739344,0.04493397401131244,0.34798528257924893,-0.0421024838455967,0.10787440597034449,0.6963208699871524,0.6773234974113232,butterfly_associated_deep_tube,tube_depth_class,30,fit,1713,82,14.0,0.0332169909821006,0.0422614432179054,0.4318744653991058,-0.0391228125233237,0.1077607091618899,0.7165655442225569,0.7203734807813768
all_observed,northern_midlatitude,yellow_orange__butterfly_form_given_colour,butterfly_associated_form,floral_form,pilot,30,conditional_selfing,fit,1766,83,26.0,-0.04172282849623499,0.040879367712655434,0.30742838583185866,-0.055294844220090095,0.054629102785817944,0.31144885587544385,0.6773234974113232,butterfly_associated_form,floral_form,30,fit,1767,83,26.0,-0.0470517637779612,0.0403554922994775,0.2436419003778319,-0.0519642916613825,0.0537143881480155,0.3333348761632602,0.5684977675482744
all_observed,northern_midlatitude,yellow_orange__large_bee_deep_tube_given_colour,large_bee_associated_intermediate_deep_tube,tube_depth_class,pilot,30,conditional_selfing,fit,1712,82,14.0,0.0012196056597755106,0.027541234659824727,0.9646789044569318,-0.07329303193474168,0.05999556595364764,0.22184348778024446,0.9646789044569318,large_bee_associated_intermediate_deep_tube,tube_depth_class,30,fit,1713,82,14.0,0.0077098139554128,0.028108810006528,0.7838659115560543,-0.0778715145307687,0.0596370568086095,0.1916351493764127,0.8441632893680585
all_observed,northern_midlatitude,yellow_orange__large_bee_form_given_colour,large_bee_associated_form,floral_form,pilot,30,conditional_selfing,fit,1766,83,26.0,-0.06323604588672091,0.01582648195645437,6.45348350349321e-05,-0.20081002485682917,0.05221555604316281,0.00012016500839614509,0.0009034876904890494,large_bee_associated_form,floral_form,30,fit,1767,83,26.0,-0.0425691693513638,0.0202667327432271,0.0356896624319369,-0.2097589599744266,0.0530030022770334,7.574080843608612e-05,0.2498276370235588
all_observed,northern_midlatitude,blue_purple__butterfly_deep_tube_given_colour,butterfly_associated_deep_tube,tube_depth_class,pilot,30,unconditional,fit,1775,84,15.0,-0.0354028842936686,0.042980340929156924,0.4101103373647948,,,,0.6379494136785697,butterfly_associated_deep_tube,tube_depth_class,30,fit,1776,84,15.0,-0.0459750892706179,0.0421883627820321,0.2758199326366751,,,,0.5516398652733502
all_observed,northern_midlatitude,blue_purple__butterfly_form_given_colour,butterfly_associated_form,floral_form,pilot,30,unconditional,fit,1786,83,24.0,-0.029759847215949847,0.03589019093635726,0.40699596006999933,,,,0.6379494136785697,butterfly_associated_form,floral_form,30,fit,1787,83,24.0,-0.0251223712802063,0.0357275465113521,0.4819527357633961,,,,0.6747338300687546
all_observed,northern_midlatitude,blue_purple__large_bee_deep_tube_given_colour,large_bee_associated_intermediate_deep_tube,tube_depth_class,pilot,30,unconditional,fit,1775,84,15.0,-0.01487668567207455,0.023866614679981368,0.5330701995596403,,,,0.7462982793834965,large_bee_associated_intermediate_deep_tube,tube_depth_class,30,fit,1776,84,15.0,-0.0196130509982894,0.0231377713502413,0.3966252366394093,,,,0.6747338300687546
all_observed,northern_midlatitude,blue_purple__large_bee_form_given_colour,large_bee_associated_form,floral_form,pilot,30,unconditional,fit,1786,83,24.0,-0.03392530939495439,0.01525029629792118,0.02611030456820432,,,,0.1218480879849535,large_bee_associated_form,floral_form,30,fit,1787,83,24.0,-0.0266301296093525,0.0122690517340507,0.0299680460709986,,,,0.1398508816646601
all_observed,northern_midlatitude,red_pink__bird_deep_tube_given_colour,bird_associated_intermediate_deep_tube,tube_depth_class,pilot,30,unconditional,fit,1727,83,15.0,-0.05858626124864406,0.02310418316541457,0.01122091801509256,,,,0.07854642610564792,bird_associated_intermediate_deep_tube,tube_depth_class,30,fit,1728,83,15.0,-0.0546907391516047,0.0217216585263444,0.0118091168295819,,,,0.1033110129189474
all_observed,northern_midlatitude,red_pink__bird_form_given_colour,bird_associated_form,floral_form,pilot,30,unconditional,fit,1803,82,23.0,0.015899851098308188,0.04404757415558169,0.7181219033503479,,,,0.8378088872420726,bird_associated_form,floral_form,30,fit,1804,82,23.0,0.0085476976905812,0.0391813277534732,0.8273064536629677,,,,0.9159390720083216
all_observed,northern_midlatitude,red_pink__butterfly_deep_tube_given_colour,butterfly_associated_deep_tube,tube_depth_class,pilot,30,unconditional,fit,1727,83,15.0,-0.057813156941260185,0.04013978229167458,0.14978374965171223,,,,0.41939449902479425,butterfly_associated_deep_tube,tube_depth_class,30,fit,1728,83,15.0,-0.0652118492932869,0.0414390982592123,0.1155616200658791,,,,0.3778317522438744
all_observed,northern_midlatitude,red_pink__butterfly_form_given_colour,butterfly_associated_form,floral_form,pilot,30,unconditional,fit,1803,82,23.0,-0.016254896763329918,0.03852594619945394,0.6730828515385312,,,,0.8378088872420726,butterfly_associated_form,floral_form,30,fit,1804,82,23.0,-0.0116777132931165,0.0378872693469683,0.7579129441142249,,,,0.9159390720083216
all_observed,northern_midlatitude,yellow_orange__bird_deep_tube_given_colour,bird_associated_intermediate_deep_tube,tube_depth_class,pilot,30,unconditional,fit,1740,82,14.0,-0.0034966924019377565,0.028544832034724146,0.9025044198923693,,,,0.9025044198923693,bird_associated_intermediate_deep_tube,tube_depth_class,30,fit,1741,82,14.0,0.003093663451637,0.0293098193910575,0.9159390720083216,,,,0.9159390720083216
all_observed,northern_midlatitude,yellow_orange__bird_form_given_colour,bird_associated_form,floral_form,pilot,30,unconditional,fit,1792,83,26.0,-0.10839043071284765,0.0651964443629344,0.09640843978376751,,,,0.3374295392431863,bird_associated_form,floral_form,30,fit,1793,83,26.0,-0.0993016263625195,0.0664268284411903,0.1349399115156694,,,,0.3778317522438744
all_observed,northern_midlatitude,yellow_orange__butterfly_deep_tube_given_colour,butterfly_associated_deep_tube,tube_depth_class,pilot,30,unconditional,fit,1740,82,14.0,0.04024459367371891,0.04554758200398035,0.37692699664737034,,,,0.6379494136785697,butterfly_associated_deep_tube,tube_depth_class,30,fit,1741,82,14.0,0.0317243771302959,0.0427486182948317,0.4580178570252471,,,,0.6747338300687546
all_observed,northern_midlatitude,yellow_orange__butterfly_form_given_colour,butterfly_associated_form,floral_form,pilot,30,unconditional,fit,1792,83,26.0,-0.0450888887037694,0.04054116096372709,0.2660626707048994,,,,0.6208128983114319,butterfly_associated_form,floral_form,30,fit,1793,83,26.0,-0.0498850644199025,0.0403314546334034,0.2161326044936612,,,,0.5043094104852095
all_observed,northern_midlatitude,yellow_orange__large_bee_deep_tube_given_colour,large_bee_associated_intermediate_deep_tube,tube_depth_class,pilot,30,unconditional,fit,1740,82,14.0,-0.0034966924019377565,0.028544832034724146,0.9025044198923693,,,,0.9025044198923693,large_bee_associated_intermediate_deep_tube,tube_depth_class,30,fit,1741,82,14.0,0.003093663451637,0.0293098193910575,0.9159390720083216,,,,0.9159390720083216
all_observed,northern_midlatitude,yellow_orange__large_bee_form_given_colour,large_bee_associated_form,floral_form,pilot,30,unconditional,fit,1792,83,26.0,-0.07427286554788368,0.016157911442509325,4.292611992556382e-06,,,,6.009656789578934e-05,large_bee_associated_form,floral_form,30,fit,1793,83,26.0,-0.0525833506888953,0.0215660541139957,0.0147587161312782,,,,0.1033110129189474
all_observed,southern_extratropical,blue_purple__butterfly_deep_tube_given_colour,butterfly_associated_deep_tube,tube_depth_class,confirmatory,50,conditional_selfing,fit,174,36,4.0,-0.005096560594883948,0.0516891349023834,0.9214556873216059,0.005445263536729916,0.15009229916498956,0.9710595490961191,0.9214556873216059,butterfly_associated_deep_tube,tube_depth_class,50,fit,174,36,4.0,-0.0482257162840485,0.0659296984636067,0.4644910132448285,0.0218479032587826,0.1496815195592437,0.883950915714537,0.7225415761586222
all_observed,southern_extratropical,blue_purple__butterfly_form_given_colour,butterfly_associated_form,floral_form,confirmatory,50,conditional_selfing,fit,179,37,6.0,-0.08260587919192769,0.03528308231937355,0.019220222669435464,-0.39320524867637807,0.07237136996682957,5.536465257459575e-08,0.0896943724573655,butterfly_associated_form,floral_form,50,fit,179,37,6.0,-0.0729498301601488,0.0447893602579667,0.1033699269036509,-0.3995607760874471,0.0761324771473683,1.5356722009888905e-07,0.2646922217125484
all_observed,southern_extratropical,blue_purple__large_bee_deep_tube_given_colour,large_bee_associated_intermediate_deep_tube,tube_depth_class,confirmatory,50,conditional_selfing,fit,174,36,4.0,0.013292038805903406,0.04079994469348956,0.7445864938513207,-0.11669051662143892,0.12270150713386731,0.34159865281638807,0.8686842428265408,large_bee_associated_intermediate_deep_tube,tube_depth_class,50,fit,174,36,4.0,-0.0177240473709687,0.0526949450120394,0.7366054810680269,-0.106204424948624,0.1231790782725829,0.3885800439869145,0.7932674411501828
all_observed,southern_extratropical,blue_purple__large_bee_form_given_colour,large_bee_associated_form,floral_form,confirmatory,50,conditional_selfing,fit,179,37,6.0,0.03628388743394595,0.058793959922401356,0.5371448211808824,-0.2802744578142311,0.09863383423722122,0.004489268999801474,0.8355586107258169,large_bee_associated_form,floral_form,50,fit,179,37,6.0,0.049665213239316,0.064089255699155,0.4383761709801911,-0.2849648033777,0.0986857494865427,0.0038819527423563,0.7225415761586222
all_observed,southern_extratropical,red_pink__bird_deep_tube_given_colour,bird_associated_intermediate_deep_tube,tube_depth_class,confirmatory,50,conditional_selfing,fit,174,36,5.0,0.055342123253337705,0.12407435707203673,0.6555683696157273,-0.22834484720516257,0.2444206233543036,0.3501857528003578,0.8547441332071789,bird_associated_intermediate_deep_tube,tube_depth_class,50,fit,174,36,5.0,0.0055843437666691,0.131618407311393,0.9661572776296978,-0.2170021600527838,0.2493825323647205,0.3842141646931729,0.9661572776296978
all_observed,southern_extratropical,red_pink__bird_form_given_colour,bird_associated_form,floral_form,confirmatory,50,conditional_selfing,fit,192,38,6.0,-0.03398236631526261,0.05463625295493561,0.53395851290697,-0.18621077706192612,0.08588403984779394,0.030146127836021355,0.8355586107258169,bird_associated_form,floral_form,50,fit,192,38,6.0,-0.0296397378766083,0.059484014494671,0.618286191471512,-0.187424578732148,0.0861379158256651,0.029565267572221,0.7769107633232784
all_observed,southern_extratropical,red_pink__butterfly_deep_tube_given_colour,butterfly_associated_deep_tube,tube_depth_class,confirmatory,50,conditional_selfing,fit,174,36,5.0,0.20404503471742624,0.058734817709865245,0.0005127519890337976,-0.16348254702633458,0.1509784135269606,0.2788880285997149,0.0071785278464731655,butterfly_associated_deep_tube,tube_depth_class,50,fit,174,36,5.0,0.1421784764000639,0.0898203364981123,0.1134395235910921,-0.1449589848255282,0.1570484957733525,0.3559965097812925,0.2646922217125484
all_observed,southern_extratropical,red_pink__butterfly_form_given_colour,butterfly_associated_form,floral_form,confirmatory,50,conditional_selfing,fit,192,38,6.0,0.02991540040858126,0.03241592805201213,0.35607957248637556,-0.24453560150622744,0.11459598745752869,0.03285152201655279,0.7121591449727511,butterfly_associated_form,floral_form,50,fit,192,38,6.0,0.0301559061712247,0.0342796630117154,0.3790204801592941,-0.2445664010141968,0.1171876103916944,0.036891329550456,0.7225415761586222
all_observed,southern_extratropical,yellow_orange__bird_deep_tube_given_colour,bird_associated_intermediate_deep_tube,tube_depth_class,confirmatory,50,conditional_selfing,fit,161,34,8.0,0.11570909160163004,0.06662054158815323,0.08241576058124851,-0.18496341769894054,0.10691868027829408,0.0836401334596356,0.23076412962749582,bird_associated_intermediate_deep_tube,tube_depth_class,50,fit,161,34,8.0,0.1176274621846432,0.068153584052868,0.0843622591353675,-0.1903689564742712,0.1067362529806392,0.0744975592433059,0.2646922217125484
all_observed,southern_extratropical,yellow_orange__bird_form_given_colour,bird_associated_form,floral_form,confirmatory,50,conditional_selfing,fit,173,35,11.0,-0.1076055804369896,0.06952262113467529,0.12167576561454603,-0.23414062821820747,0.11545217335958788,0.042557047412050575,0.28391011976727404,bird_associated_form,floral_form,50,fit,173,35,11.0,-0.1288952478943272,0.0635367625214555,0.04249171478401,-0.2226608627513846,0.1153364700338809,0.053540829090178,0.2646922217125484
all_observed,southern_extratropical,yellow_orange__butterfly_deep_tube_given_colour,butterfly_associated_deep_tube,tube_depth_class,confirmatory,50,conditional_selfing,fit,161,34,8.0,0.2294179020829414,0.08972051147258564,0.010557057714429451,-0.15192245648801128,0.15886349800128102,0.3389165779866175,0.07389940400100616,butterfly_associated_deep_tube,tube_depth_class,50,fit,161,34,8.0,0.2245072880904985,0.0921588798867033,0.0148470067219356,-0.156766323262111,0.1628530927358849,0.3357361634553684,0.2078580941070992
all_observed,southern_extratropical,yellow_orange__butterfly_form_given_colour,butterfly_associated_form,floral_form,confirmatory,50,conditional_selfing,fit,173,35,11.0,-0.016585153489325724,0.0769410229832938,0.8293333057878551,-0.20549235546409816,0.10774407901476676,0.056491272003086596,0.8931281754638439,butterfly_associated_form,floral_form,50,fit,173,35,11.0,-0.0371862792152154,0.0717539662637207,0.6042859320616097,-0.197063392211799,0.1109916162319026,0.07581866884104,0.7769107633232784
all_observed,southern_extratropical,yellow_orange__large_bee_deep_tube_given_colour,large_bee_associated_intermediate_deep_tube,tube_depth_class,confirmatory,50,conditional_selfing,fit,161,34,8.0,0.11570909160163004,0.06662054158815323,0.08241576058124851,-0.18496341769894054,0.10691868027829408,0.0836401334596356,0.23076412962749582,large_bee_associated_intermediate_deep_tube,tube_depth_class,50,fit,161,34,8.0,0.1176274621846432,0.068153584052868,0.0843622591353675,-0.1903689564742712,0.1067362529806392,0.0744975592433059,0.2646922217125484
all_observed,southern_extratropical,yellow_orange__large_bee_form_given_colour,large_bee_associated_form,floral_form,confirmatory,50,conditional_selfing,fit,173,35,11.0,-0.019567685894321854,0.046153017953542666,0.6715846760913549,-0.0694482159162444,0.06564672956918051,0.29009727972704785,0.8547441332071789,large_bee_associated_form,floral_form,50,fit,173,35,11.0,-0.0195196089523375,0.0452104993771527,0.6659235114199529,-0.068942172891518,0.0660237003394362,0.2963912906330895,0.7769107633232784
all_observed,southern_extratropical,blue_purple__butterfly_deep_tube_given_colour,butterfly_associated_deep_tube,tube_depth_class,confirmatory,50,unconditional,fit,175,36,4.0,-0.003845708551431626,0.04775542573184584,0.9358163347385954,,,,0.9774401339072066,butterfly_associated_deep_tube,tube_depth_class,50,fit,175,36,4.0,-0.0445171826460097,0.0655423829056621,0.4970034515320334,,,,0.6787715392789074
all_observed,southern_extratropical,blue_purple__butterfly_form_given_colour,butterfly_associated_form,floral_form,confirmatory,50,unconditional,fit,181,37,6.0,-0.1413825441553202,0.060581242442620156,0.019607891289295774,,,,0.09150349268338027,butterfly_associated_form,floral_form,50,fit,181,37,6.0,-0.1367183983144265,0.0694293081582381,0.0489330971838469,,,,0.2283544535246192
all_observed,southern_extratropical,blue_purple__large_bee_deep_tube_given_colour,large_bee_associated_intermediate_deep_tube,tube_depth_class,confirmatory,50,unconditional,fit,175,36,4.0,-0.001050252886199421,0.0371397989988997,0.9774401339072066,,,,0.9774401339072066,large_bee_associated_intermediate_deep_tube,tube_depth_class,50,fit,175,36,4.0,-0.0319168338879477,0.0512353749151366,0.533320495147713,,,,0.6787715392789074
all_observed,southern_extratropical,blue_purple__large_bee_form_given_colour,large_bee_associated_form,floral_form,confirmatory,50,unconditional,fit,181,37,6.0,-0.00469281689474851,0.06998086074762044,0.9465350708976287,,,,0.9774401339072066,large_bee_associated_form,floral_form,50,fit,181,37,6.0,0.0052216832831785,0.07698805480625,0.9459252685211412,,,,0.9805637151267672
all_observed,southern_extratropical,red_pink__bird_deep_tube_given_colour,bird_associated_intermediate_deep_tube,tube_depth_class,confirmatory,50,unconditional,fit,175,36,5.0,0.03480346506443255,0.11862447410666335,0.7692225824206786,,,,0.9774401339072066,bird_associated_intermediate_deep_tube,tube_depth_class,50,fit,175,36,5.0,-0.0181368301427987,0.1331260151899226,0.8916330875419396,,,,0.9805637151267672
all_observed,southern_extratropical,red_pink__bird_form_given_colour,bird_associated_form,floral_form,confirmatory,50,unconditional,fit,200,38,5.0,-0.05849978942513878,0.05470029090429051,0.28486230933703416,,,,0.5697246186740683,bird_associated_form,floral_form,50,fit,200,38,5.0,-0.0578061352700013,0.0610029267090402,0.3433351137686878,,,,0.6084348558056272
all_observed,southern_extratropical,red_pink__butterfly_deep_tube_given_colour,butterfly_associated_deep_tube,tube_depth_class,confirmatory,50,unconditional,fit,175,36,5.0,0.18535973876779477,0.057791610232222734,0.0013394925456421312,,,,0.018752895638989835,butterfly_associated_deep_tube,tube_depth_class,50,fit,175,36,5.0,0.1226411519838026,0.0909865781036132,0.177689334183965,,,,0.5759905122143264
all_observed,southern_extratropical,red_pink__butterfly_form_given_colour,butterfly_associated_form,floral_form,confirmatory,50,unconditional,fit,200,38,5.0,0.004615563252759913,0.03903993545639238,0.9058880243105666,,,,0.9774401339072066,butterfly_associated_form,floral_form,50,fit,200,38,5.0,0.0010399426901328,0.0426867660452933,0.9805637151267672,,,,0.9805637151267672
all_observed,southern_extratropical,yellow_orange__bird_deep_tube_given_colour,bird_associated_intermediate_deep_tube,tube_depth_class,confirmatory,50,unconditional,fit,162,34,7.5,0.0912850636339751,0.07374890720281992,0.2157969357325864,,,,0.5035261833760349,bird_associated_intermediate_deep_tube,tube_depth_class,50,fit,162,34,7.5,0.0895319199060514,0.077314199909565,0.2468530766632827,,,,0.5759905122143264
all_observed,southern_extratropical,yellow_orange__bird_form_given_colour,bird_associated_form,floral_form,confirmatory,50,unconditional,fit,179,35,11.0,-0.1340693437845656,0.06111279020343618,0.028249667689512366,,,,0.09887383691329328,bird_associated_form,floral_form,50,fit,179,35,11.0,-0.1562616057887664,0.0575103638322612,0.0065856027507865,,,,0.0921984385110118
all_observed,southern_extratropical,yellow_orange__butterfly_deep_tube_given_colour,butterfly_associated_deep_tube,tube_depth_class,confirmatory,50,unconditional,fit,162,34,7.5,0.20527412020717575,0.08023820973761321,0.010518263568399739,,,,0.07362784497879817,butterfly_associated_deep_tube,tube_depth_class,50,fit,162,34,7.5,0.1973651364441394,0.0852492902800663,0.0206045691583718,,,,0.1442319841086027
all_observed,southern_extratropical,yellow_orange__butterfly_form_given_colour,butterfly_associated_form,floral_form,confirmatory,50,unconditional,fit,179,35,11.0,-0.042652004551878786,0.07206533335063994,0.5539497648173237,,,,0.8616996341602814,butterfly_associated_form,floral_form,50,fit,179,35,11.0,-0.0636805603689907,0.0678098719868378,0.3476770604603584,,,,0.6084348558056272
all_observed,southern_extratropical,yellow_orange__large_bee_deep_tube_given_colour,large_bee_associated_intermediate_deep_tube,tube_depth_class,confirmatory,50,unconditional,fit,162,34,7.5,0.0912850636339751,0.07374890720281992,0.2157969357325864,,,,0.5035261833760349,large_bee_associated_intermediate_deep_tube,tube_depth_class,50,fit,162,34,7.5,0.0895319199060514,0.077314199909565,0.2468530766632827,,,,0.5759905122143264
all_observed,southern_extratropical,yellow_orange__large_bee_form_given_colour,large_bee_associated_form,floral_form,confirmatory,50,unconditional,fit,179,35,11.0,-0.026032292772643073,0.043315134964039624,0.5478415753535526,,,,0.8616996341602814,large_bee_associated_form,floral_form,50,fit,179,35,11.0,-0.0266379887102539,0.0426448614757915,0.532202704890583,,,,0.6787715392789074
all_observed,southern_extratropical,blue_purple__butterfly_deep_tube_given_colour,butterfly_associated_deep_tube,tube_depth_class,pilot,30,conditional_selfing,fit,174,36,4.0,-0.005096560594883948,0.0516891349023834,0.9214556873216059,0.005445263536729916,0.15009229916498956,0.9710595490961191,0.9214556873216059,butterfly_associated_deep_tube,tube_depth_class,30,fit,174,36,4.0,-0.0482257162840485,0.0659296984636067,0.4644910132448285,0.0218479032587826,0.1496815195592437,0.883950915714537,0.7225415761586222
all_observed,southern_extratropical,blue_purple__butterfly_form_given_colour,butterfly_associated_form,floral_form,pilot,30,conditional_selfing,fit,179,37,6.0,-0.08260587919192769,0.03528308231937355,0.019220222669435464,-0.39320524867637807,0.07237136996682957,5.536465257459575e-08,0.0896943724573655,butterfly_associated_form,floral_form,30,fit,179,37,6.0,-0.0729498301601488,0.0447893602579667,0.1033699269036509,-0.3995607760874471,0.0761324771473683,1.5356722009888905e-07,0.2646922217125484
all_observed,southern_extratropical,blue_purple__large_bee_deep_tube_given_colour,large_bee_associated_intermediate_deep_tube,tube_depth_class,pilot,30,conditional_selfing,fit,174,36,4.0,0.013292038805903406,0.04079994469348956,0.7445864938513207,-0.11669051662143892,0.12270150713386731,0.34159865281638807,0.8686842428265408,large_bee_associated_intermediate_deep_tube,tube_depth_class,30,fit,174,36,4.0,-0.0177240473709687,0.0526949450120394,0.7366054810680269,-0.106204424948624,0.1231790782725829,0.3885800439869145,0.7932674411501828
all_observed,southern_extratropical,blue_purple__large_bee_form_given_colour,large_bee_associated_form,floral_form,pilot,30,conditional_selfing,fit,179,37,6.0,0.03628388743394595,0.058793959922401356,0.5371448211808824,-0.2802744578142311,0.09863383423722122,0.004489268999801474,0.8355586107258169,large_bee_associated_form,floral_form,30,fit,179,37,6.0,0.049665213239316,0.064089255699155,0.4383761709801911,-0.2849648033777,0.0986857494865427,0.0038819527423563,0.7225415761586222
all_observed,southern_extratropical,red_pink__bird_deep_tube_given_colour,bird_associated_intermediate_deep_tube,tube_depth_class,pilot,30,conditional_selfing,fit,174,36,5.0,0.055342123253337705,0.12407435707203673,0.6555683696157273,-0.22834484720516257,0.2444206233543036,0.3501857528003578,0.8547441332071789,bird_associated_intermediate_deep_tube,tube_depth_class,30,fit,174,36,5.0,0.0055843437666691,0.131618407311393,0.9661572776296978,-0.2170021600527838,0.2493825323647205,0.3842141646931729,0.9661572776296978
all_observed,southern_extratropical,red_pink__bird_form_given_colour,bird_associated_form,floral_form,pilot,30,conditional_selfing,fit,192,38,6.0,-0.03398236631526261,0.05463625295493561,0.53395851290697,-0.18621077706192612,0.08588403984779394,0.030146127836021355,0.8355586107258169,bird_associated_form,floral_form,30,fit,192,38,6.0,-0.0296397378766083,0.059484014494671,0.618286191471512,-0.187424578732148,0.0861379158256651,0.029565267572221,0.7769107633232784
all_observed,southern_extratropical,red_pink__butterfly_deep_tube_given_colour,butterfly_associated_deep_tube,tube_depth_class,pilot,30,conditional_selfing,fit,174,36,5.0,0.20404503471742624,0.058734817709865245,0.0005127519890337976,-0.16348254702633458,0.1509784135269606,0.2788880285997149,0.0071785278464731655,butterfly_associated_deep_tube,tube_depth_class,30,fit,174,36,5.0,0.1421784764000639,0.0898203364981123,0.1134395235910921,-0.1449589848255282,0.1570484957733525,0.3559965097812925,0.2646922217125484
all_observed,southern_extratropical,red_pink__butterfly_form_given_colour,butterfly_associated_form,floral_form,pilot,30,conditional_selfing,fit,192,38,6.0,0.02991540040858126,0.03241592805201213,0.35607957248637556,-0.24453560150622744,0.11459598745752869,0.03285152201655279,0.7121591449727511,butterfly_associated_form,floral_form,30,fit,192,38,6.0,0.0301559061712247,0.0342796630117154,0.3790204801592941,-0.2445664010141968,0.1171876103916944,0.036891329550456,0.7225415761586222
all_observed,southern_extratropical,yellow_orange__bird_deep_tube_given_colour,bird_associated_intermediate_deep_tube,tube_depth_class,pilot,30,conditional_selfing,fit,161,34,8.0,0.11570909160163004,0.06662054158815323,0.08241576058124851,-0.18496341769894054,0.10691868027829408,0.0836401334596356,0.23076412962749582,bird_associated_intermediate_deep_tube,tube_depth_class,30,fit,161,34,8.0,0.1176274621846432,0.068153584052868,0.0843622591353675,-0.1903689564742712,0.1067362529806392,0.0744975592433059,0.2646922217125484
all_observed,southern_extratropical,yellow_orange__bird_form_given_colour,bird_associated_form,floral_form,pilot,30,conditional_selfing,fit,173,35,11.0,-0.1076055804369896,0.06952262113467529,0.12167576561454603,-0.23414062821820747,0.11545217335958788,0.042557047412050575,0.28391011976727404,bird_associated_form,floral_form,30,fit,173,35,11.0,-0.1288952478943272,0.0635367625214555,0.04249171478401,-0.2226608627513846,0.1153364700338809,0.053540829090178,0.2646922217125484
all_observed,southern_extratropical,yellow_orange__butterfly_deep_tube_given_colour,butterfly_associated_deep_tube,tube_depth_class,pilot,30,conditional_selfing,fit,161,34,8.0,0.2294179020829414,0.08972051147258564,0.010557057714429451,-0.15192245648801128,0.15886349800128102,0.3389165779866175,0.07389940400100616,butterfly_associated_deep_tube,tube_depth_class,30,fit,161,34,8.0,0.2245072880904985,0.0921588798867033,0.0148470067219356,-0.156766323262111,0.1628530927358849,0.3357361634553684,0.2078580941070992
all_observed,southern_extratropical,yellow_orange__butterfly_form_given_colour,butterfly_associated_form,floral_form,pilot,30,conditional_selfing,fit,173,35,11.0,-0.016585153489325724,0.0769410229832938,0.8293333057878551,-0.20549235546409816,0.10774407901476676,0.056491272003086596,0.8931281754638439,butterfly_associated_form,floral_form,30,fit,173,35,11.0,-0.0371862792152154,0.0717539662637207,0.6042859320616097,-0.197063392211799,0.1109916162319026,0.07581866884104,0.7769107633232784
all_observed,southern_extratropical,yellow_orange__large_bee_deep_tube_given_colour,large_bee_associated_intermediate_deep_tube,tube_depth_class,pilot,30,conditional_selfing,fit,161,34,8.0,0.11570909160163004,0.06662054158815323,0.08241576058124851,-0.18496341769894054,0.10691868027829408,0.0836401334596356,0.23076412962749582,large_bee_associated_intermediate_deep_tube,tube_depth_class,30,fit,161,34,8.0,0.1176274621846432,0.068153584052868,0.0843622591353675,-0.1903689564742712,0.1067362529806392,0.0744975592433059,0.2646922217125484
all_observed,southern_extratropical,yellow_orange__large_bee_form_given_colour,large_bee_associated_form,floral_form,pilot,30,conditional_selfing,fit,173,35,11.0,-0.019567685894321854,0.046153017953542666,0.6715846760913549,-0.0694482159162444,0.06564672956918051,0.29009727972704785,0.8547441332071789,large_bee_associated_form,floral_form,30,fit,173,35,11.0,-0.0195196089523375,0.0452104993771527,0.6659235114199529,-0.068942172891518,0.0660237003394362,0.2963912906330895,0.7769107633232784
all_observed,southern_extratropical,blue_purple__butterfly_deep_tube_given_colour,butterfly_associated_deep_tube,tube_depth_class,pilot,30,unconditional,fit,175,36,4.0,-0.003845708551431626,0.04775542573184584,0.9358163347385954,,,,0.9774401339072066,butterfly_associated_deep_tube,tube_depth_class,30,fit,175,36,4.0,-0.0445171826460097,0.0655423829056621,0.4970034515320334,,,,0.6787715392789074
all_observed,southern_extratropical,blue_purple__butterfly_form_given_colour,butterfly_associated_form,floral_form,pilot,30,unconditional,fit,181,37,6.0,-0.1413825441553202,0.060581242442620156,0.019607891289295774,,,,0.09150349268338027,butterfly_associated_form,floral_form,30,fit,181,37,6.0,-0.1367183983144265,0.0694293081582381,0.0489330971838469,,,,0.2283544535246192
all_observed,southern_extratropical,blue_purple__large_bee_deep_tube_given_colour,large_bee_associated_intermediate_deep_tube,tube_depth_class,pilot,30,unconditional,fit,175,36,4.0,-0.001050252886199421,0.0371397989988997,0.9774401339072066,,,,0.9774401339072066,large_bee_associated_intermediate_deep_tube,tube_depth_class,30,fit,175,36,4.0,-0.0319168338879477,0.0512353749151366,0.533320495147713,,,,0.6787715392789074
all_observed,southern_extratropical,blue_purple__large_bee_form_given_colour,large_bee_associated_form,floral_form,pilot,30,unconditional,fit,181,37,6.0,-0.00469281689474851,0.06998086074762044,0.9465350708976287,,,,0.9774401339072066,large_bee_associated_form,floral_form,30,fit,181,37,6.0,0.0052216832831785,0.07698805480625,0.9459252685211412,,,,0.9805637151267672
all_observed,southern_extratropical,red_pink__bird_deep_tube_given_colour,bird_associated_intermediate_deep_tube,tube_depth_class,pilot,30,unconditional,fit,175,36,5.0,0.03480346506443255,0.11862447410666335,0.7692225824206786,,,,0.9774401339072066,bird_associated_intermediate_deep_tube,tube_depth_class,30,fit,175,36,5.0,-0.0181368301427987,0.1331260151899226,0.8916330875419396,,,,0.9805637151267672
all_observed,southern_extratropical,red_pink__bird_form_given_colour,bird_associated_form,floral_form,pilot,30,unconditional,fit,200,38,5.0,-0.05849978942513878,0.05470029090429051,0.28486230933703416,,,,0.5697246186740683,bird_associated_form,floral_form,30,fit,200,38,5.0,-0.0578061352700013,0.0610029267090402,0.3433351137686878,,,,0.6084348558056272
all_observed,southern_extratropical,red_pink__butterfly_deep_tube_given_colour,butterfly_associated_deep_tube,tube_depth_class,pilot,30,unconditional,fit,175,36,5.0,0.18535973876779477,0.057791610232222734,0.0013394925456421312,,,,0.018752895638989835,butterfly_associated_deep_tube,tube_depth_class,30,fit,175,36,5.0,0.1226411519838026,0.0909865781036132,0.177689334183965,,,,0.5759905122143264
all_observed,southern_extratropical,red_pink__butterfly_form_given_colour,butterfly_associated_form,floral_form,pilot,30,unconditional,fit,200,38,5.0,0.004615563252759913,0.03903993545639238,0.9058880243105666,,,,0.9774401339072066,butterfly_associated_form,floral_form,30,fit,200,38,5.0,0.0010399426901328,0.0426867660452933,0.9805637151267672,,,,0.9805637151267672
all_observed,southern_extratropical,yellow_orange__bird_deep_tube_given_colour,bird_associated_intermediate_deep_tube,tube_depth_class,pilot,30,unconditional,fit,162,34,7.5,0.0912850636339751,0.07374890720281992,0.2157969357325864,,,,0.5035261833760349,bird_associated_intermediate_deep_tube,tube_depth_class,30,fit,162,34,7.5,0.0895319199060514,0.077314199909565,0.2468530766632827,,,,0.5759905122143264
all_observed,southern_extratropical,yellow_orange__bird_form_given_colour,bird_associated_form,floral_form,pilot,30,unconditional,fit,179,35,11.0,-0.1340693437845656,0.06111279020343618,0.028249667689512366,,,,0.09887383691329328,bird_associated_form,floral_form,30,fit,179,35,11.0,-0.1562616057887664,0.0575103638322612,0.0065856027507865,,,,0.0921984385110118
all_observed,southern_extratropical,yellow_orange__butterfly_deep_tube_given_colour,butterfly_associated_deep_tube,tube_depth_class,pilot,30,unconditional,fit,162,34,7.5,0.20527412020717575,0.08023820973761321,0.010518263568399739,,,,0.07362784497879817,butterfly_associated_deep_tube,tube_depth_class,30,fit,162,34,7.5,0.1973651364441394,0.0852492902800663,0.0206045691583718,,,,0.1442319841086027
all_observed,southern_extratropical,yellow_orange__butterfly_form_given_colour,butterfly_associated_form,floral_form,pilot,30,unconditional,fit,179,35,11.0,-0.042652004551878786,0.07206533335063994,0.5539497648173237,,,,0.8616996341602814,butterfly_associated_form,floral_form,30,fit,179,35,11.0,-0.0636805603689907,0.0678098719868378,0.3476770604603584,,,,0.6084348558056272
all_observed,southern_extratropical,yellow_orange__large_bee_deep_tube_given_colour,large_bee_associated_intermediate_deep_tube,tube_depth_class,pilot,30,unconditional,fit,162,34,7.5,0.0912850636339751,0.07374890720281992,0.2157969357325864,,,,0.5035261833760349,large_bee_associated_intermediate_deep_tube,tube_depth_class,30,fit,162,34,7.5,0.0895319199060514,0.077314199909565,0.2468530766632827,,,,0.5759905122143264
all_observed,southern_extratropical,yellow_orange__large_bee_form_given_colour,large_bee_associated_form,floral_form,pilot,30,unconditional,fit,179,35,11.0,-0.026032292772643073,0.043315134964039624,0.5478415753535526,,,,0.8616996341602814,large_bee_associated_form,floral_form,30,fit,179,35,11.0,-0.0266379887102539,0.0426448614757915,0.532202704890583,,,,0.6787715392789074
all_observed,tropical,blue_purple__butterfly_deep_tube_given_colour,butterfly_associated_deep_tube,tube_depth_class,confirmatory,50,conditional_selfing,fit,862,99,6.0,0.05782514832176226,0.03616739470503586,0.1098606386864311,-0.18356147873494463,0.03005927498786376,1.0174386390674555e-09,0.38451223540250884,butterfly_associated_deep_tube,tube_depth_class,50,fit,862,99,6.0,0.0576463853492533,0.0349282436707955,0.098856399539159,-0.184905382388096,0.0303645280194197,1.1325014307566206e-09,0.3459973983870568
all_observed,tropical,blue_purple__butterfly_form_given_colour,butterfly_associated_form,floral_form,confirmatory,50,conditional_selfing,fit,774,99,4.0,-0.005497016186258183,0.035439371261601,0.8767342581749084,-0.11018767247895633,0.04780541731589338,0.021171042558324343,0.8767342581749084,butterfly_associated_form,floral_form,50,fit,774,99,4.0,-0.011756852310007,0.0353098517960588,0.7391626804040086,-0.1072633617699038,0.0476399407306057,0.0243511842770509,0.7464444181289123
all_observed,tropical,blue_purple__large_bee_deep_tube_given_colour,large_bee_associated_intermediate_deep_tube,tube_depth_class,confirmatory,50,conditional_selfing,fit,862,99,6.0,0.04880985457952797,0.0361702874240117,0.17719371060723435,-0.050733909569536606,0.04571321720256912,0.2670721975140833,0.41345199141688016,large_bee_associated_intermediate_deep_tube,tube_depth_class,50,fit,862,99,6.0,0.0499107696184475,0.0356723277021916,0.1617694159756636,-0.0524497662949839,0.0454337718788888,0.248327015066253,0.4529543647318582
all_observed,tropical,blue_purple__large_bee_form_given_colour,large_bee_associated_form,floral_form,confirmatory,50,conditional_selfing,fit,774,99,4.0,-0.0694197060035609,0.039134156463901934,0.0760812744743565,-0.20302488428463855,0.03996703162548928,3.778146618049074e-07,0.355045947546997,large_bee_associated_form,floral_form,50,fit,774,99,4.0,-0.0664456482305005,0.0397863679065609,0.094907360659001,-0.2021496713522056,0.0397211321821791,3.5953496006208e-07,0.3459973983870568
all_observed,tropical,red_pink__bird_deep_tube_given_colour,bird_associated_intermediate_deep_tube,tube_depth_class,confirmatory,50,conditional_selfing,fit,861,98,6.0,-0.011002750569187536,0.040401225227189044,0.7853628692158781,-0.015275812816834433,0.047763240081703795,0.7491020336590879,0.8490830160399752,bird_associated_intermediate_deep_tube,tube_depth_class,50,fit,861,98,6.0,-0.0123997109835927,0.0383498731290701,0.7464444181289123,-0.0145102386707423,0.0475601673375369,0.7602958902839465,0.7464444181289123
all_observed,tropical,red_pink__bird_form_given_colour,bird_associated_form,floral_form,confirmatory,50,conditional_selfing,fit,754,98,4.0,-0.05606659790528333,0.049257635769578825,0.2550237840545447,0.0202373213439683,0.04612112381215022,0.6608163240581939,0.4188004303043299,bird_associated_form,floral_form,50,fit,754,98,4.0,-0.0501049044200397,0.0464054776004003,0.2802670563748489,0.0194674103592143,0.0465419045304478,0.6757445698912414,0.4904673486559855
all_observed,tropical,red_pink__butterfly_deep_tube_given_colour,butterfly_associated_deep_tube,tube_depth_class,confirmatory,50,conditional_selfing,fit,861,98,6.0,0.009275964931812562,0.03456738717713885,0.788434229179977,-0.13974104473791138,0.02907512857372746,1.5382174224115947e-06,0.8490830160399752,butterfly_associated_deep_tube,tube_depth_class,50,fit,861,98,6.0,0.0158166054143573,0.0326243841741124,0.6278116129576317,-0.1425244788459026,0.0290373050183531,9.185837028295328e-07,0.7324468817839036
all_observed,tropical,red_pink__butterfly_form_given_colour,butterfly_associated_form,floral_form,confirmatory,50,conditional_selfing,fit,754,98,4.0,-0.04904167988967152,0.04438803087983016,0.2692288480527835,-0.10642909464634273,0.05419461006123924,0.04954960950121956,0.4188004303043299,butterfly_associated_form,floral_form,50,fit,754,98,4.0,-0.041826633567845,0.044296381372916,0.345044499768422,-0.1079006522145351,0.0546559849745832,0.0483614876902511,0.5367358885286565
all_observed,tropical,yellow_orange__bird_deep_tube_given_colour,bird_associated_intermediate_deep_tube,tube_depth_class,confirmatory,50,conditional_selfing,fit,891,100,7.0,0.03607889335791273,0.04682342576688151,0.4409850712382991,-0.29797779032727156,0.06296169624588326,2.215706776809372e-06,0.5612537270305625,bird_associated_intermediate_deep_tube,tube_depth_class,50,fit,891,100,7.0,0.0318669885521225,0.0458331540754519,0.4868782982061692,-0.2971899259361895,0.0629536031431883,2.349453350153356e-06,0.6196632886260336
all_observed,tropical,yellow_orange__bird_form_given_colour,bird_associated_form,floral_form,confirmatory,50,conditional_selfing,fit,839,97,5.0,-0.08686387664870816,0.040182746429669194,0.030639707432194775,-0.13676322419546819,0.0515792753751524,0.008013154507990292,0.21447795202536343,bird_associated_form,floral_form,50,fit,839,97,5.0,-0.0797435831538116,0.0377789582705311,0.0347900568821278,-0.1375994042456217,0.0514094483560621,0.0074386861403743,0.2435303981748946
all_observed,tropical,yellow_orange__butterfly_deep_tube_given_colour,butterfly_associated_deep_tube,tube_depth_class,confirmatory,50,conditional_selfing,fit,891,100,7.0,0.11583931703636147,0.03878579549756961,0.002820590692590315,-0.26067779972458893,0.0444205237420421,4.3999687412770046e-09,0.03948826969626441,butterfly_associated_deep_tube,tube_depth_class,50,fit,891,100,7.0,0.1170287085033035,0.0387595862408663,0.0025331873845839,-0.2637588485266569,0.0444179454792617,2.8831856579576836e-09,0.0354646233841758
all_observed,tropical,yellow_orange__butterfly_form_given_colour,butterfly_associated_form,floral_form,confirmatory,50,conditional_selfing,fit,839,97,5.0,-0.05435845272809557,0.03953021421254189,0.16909687517136945,-0.23593057301148743,0.04914245694889731,1.579131833943262e-06,0.41345199141688016,butterfly_associated_form,floral_form,50,fit,839,97,5.0,-0.0463527050568466,0.040588810041098,0.2534511113812724,-0.2379857198818876,0.049617545649825,1.615405312548295e-06,0.4904673486559855
all_observed,tropical,yellow_orange__large_bee_deep_tube_given_colour,large_bee_associated_intermediate_deep_tube,tube_depth_class,confirmatory,50,conditional_selfing,fit,891,100,7.0,0.03607889335791273,0.04682342576688151,0.4409850712382991,-0.29797779032727156,0.06296169624588326,2.215706776809372e-06,0.5612537270305625,large_bee_associated_intermediate_deep_tube,tube_depth_class,50,fit,891,100,7.0,0.0318669885521225,0.0458331540754519,0.4868782982061692,-0.2971899259361895,0.0629536031431883,2.349453350153356e-06,0.6196632886260336
all_observed,tropical,yellow_orange__large_bee_form_given_colour,large_bee_associated_form,floral_form,confirmatory,50,conditional_selfing,fit,839,97,5.0,-0.05075974203991337,0.04485317452117719,0.2577661658551432,-0.08356938331745015,0.04596259189121127,0.06903290938160862,0.4188004303043299,large_bee_associated_form,floral_form,50,fit,839,97,5.0,-0.0492107252392713,0.042159700787396,0.2431112006061779,-0.0829088834438541,0.0456578570300876,0.0693898101377128,0.4904673486559855
all_observed,tropical,blue_purple__butterfly_deep_tube_given_colour,butterfly_associated_deep_tube,tube_depth_class,confirmatory,50,unconditional,fit,957,100,5.0,0.017012943004876324,0.034137224488889346,0.6182238054543122,,,,0.7055321661323012,butterfly_associated_deep_tube,tube_depth_class,50,fit,957,100,5.0,0.0161912840592688,0.0325659447485414,0.6190589268880125,,,,0.6190589268880125
all_observed,tropical,blue_purple__butterfly_form_given_colour,butterfly_associated_form,floral_form,confirmatory,50,unconditional,fit,823,101,3.0,-0.028951858890981286,0.03570777243452399,0.41748058273518523,,,,0.6494142398102881,butterfly_associated_form,floral_form,50,fit,823,101,3.0,-0.0362118927353033,0.0357310417073793,0.3108416792964021,,,,0.4835315011277366
all_observed,tropical,blue_purple__large_bee_deep_tube_given_colour,large_bee_associated_intermediate_deep_tube,tube_depth_class,confirmatory,50,unconditional,fit,957,100,5.0,0.037016638397449286,0.034151123960749444,0.27840608653653787,,,,0.48721065143894127,large_bee_associated_intermediate_deep_tube,tube_depth_class,50,fit,957,100,5.0,0.0382379826019574,0.0333479283016109,0.25153150262032,,,,0.442004774894656
all_observed,tropical,blue_purple__large_bee_form_given_colour,large_bee_associated_form,floral_form,confirmatory,50,unconditional,fit,823,101,3.0,-0.12064937081199717,0.04584811953324349,0.008500862563629032,,,,0.03967069196360215,large_bee_associated_form,floral_form,50,fit,823,101,3.0,-0.1214345567770713,0.0467196019056349,0.0093435676853404,,,,0.0487906399464099
all_observed,tropical,red_pink__bird_deep_tube_given_colour,bird_associated_intermediate_deep_tube,tube_depth_class,confirmatory,50,unconditional,fit,953,99,5.0,-0.021591858906665706,0.039004847050835234,0.5798741145399038,,,,0.7055321661323012,bird_associated_intermediate_deep_tube,tube_depth_class,50,fit,953,99,5.0,-0.0218842706921296,0.036971899113872,0.5539066207109402,,,,0.6190589268880125
all_observed,tropical,red_pink__bird_form_given_colour,bird_associated_form,floral_form,confirmatory,50,unconditional,fit,798,99,3.0,-0.05576541892783002,0.046485489656171906,0.2302828111533812,,,,0.4605656223067624,bird_associated_form,floral_form,50,fit,798,99,3.0,-0.0497588298451414,0.0434909445636721,0.2525741570826605,,,,0.442004774894656
all_observed,tropical,red_pink__butterfly_deep_tube_given_colour,butterfly_associated_deep_tube,tube_depth_class,confirmatory,50,unconditional,fit,953,99,5.0,-0.021574779298945468,0.03377421407393051,0.5229566824586207,,,,0.7055321661323012,butterfly_associated_deep_tube,tube_depth_class,50,fit,953,99,5.0,-0.0161607171000001,0.0316375781500349,0.6094857485039604,,,,0.6190589268880125
all_observed,tropical,red_pink__butterfly_form_given_colour,butterfly_associated_form,floral_form,confirmatory,50,unconditional,fit,798,99,3.0,-0.07537259121789767,0.0421918559935798,0.07403045206497152,,,,0.247414506785608,butterfly_associated_form,floral_form,50,fit,798,99,3.0,-0.0701799405390671,0.0420190131149326,0.0948808128206808,,,,0.2656662758979064
all_observed,tropical,yellow_orange__bird_deep_tube_given_colour,bird_associated_intermediate_deep_tube,tube_depth_class,confirmatory,50,unconditional,fit,986,100,5.0,-0.019666924371487537,0.05204772654762227,0.7055321661323011,,,,0.7055321661323012,bird_associated_intermediate_deep_tube,tube_depth_class,50,fit,986,100,5.0,-0.0285703624543619,0.0503814885279059,0.5706594535792447,,,,0.6190589268880125
all_observed,tropical,yellow_orange__bird_form_given_colour,bird_associated_form,floral_form,confirmatory,50,unconditional,fit,910,99,4.0,-0.12316927463760184,0.03739769749160452,0.000989487374084938,,,,0.013852823237189131,bird_associated_form,floral_form,50,fit,910,99,4.0,-0.1163858143057607,0.0351379133654526,0.000925463465803,,,,0.0129564885212426
all_observed,tropical,yellow_orange__butterfly_deep_tube_given_colour,butterfly_associated_deep_tube,tube_depth_class,confirmatory,50,unconditional,fit,986,100,5.0,0.05969989526295841,0.04139900373096257,0.14928512133250565,,,,0.3483319497758465,butterfly_associated_deep_tube,tube_depth_class,50,fit,986,100,5.0,0.0575913080681652,0.0413792288349908,0.1639851852517519,,,,0.3826320989207545
all_observed,tropical,yellow_orange__butterfly_form_given_colour,butterfly_associated_form,floral_form,confirmatory,50,unconditional,fit,910,99,4.0,-0.1139074744712935,0.04259747579035153,0.007494288082421402,,,,0.03967069196360215,butterfly_associated_form,floral_form,50,fit,910,99,4.0,-0.1090554890985992,0.0425931244234737,0.0104551371313735,,,,0.0487906399464099
all_observed,tropical,yellow_orange__large_bee_deep_tube_given_colour,large_bee_associated_intermediate_deep_tube,tube_depth_class,confirmatory,50,unconditional,fit,986,100,5.0,-0.019666924371487537,0.05204772654762227,0.7055321661323011,,,,0.7055321661323012,large_bee_associated_intermediate_deep_tube,tube_depth_class,50,fit,986,100,5.0,-0.0285703624543619,0.0503814885279059,0.5706594535792447,,,,0.6190589268880125
all_observed,tropical,yellow_orange__large_bee_form_given_colour,large_bee_associated_form,floral_form,confirmatory,50,unconditional,fit,910,99,4.0,-0.07413737488706176,0.04350528466939941,0.08836232385200285,,,,0.247414506785608,large_bee_associated_form,floral_form,50,fit,910,99,4.0,-0.0715988607354474,0.0410998668926664,0.0814961297983618,,,,0.2656662758979064
all_observed,tropical,blue_purple__butterfly_deep_tube_given_colour,butterfly_associated_deep_tube,tube_depth_class,pilot,30,conditional_selfing,fit,862,99,6.0,0.05782514832176226,0.03616739470503586,0.1098606386864311,-0.18356147873494463,0.03005927498786376,1.0174386390674555e-09,0.38451223540250884,butterfly_associated_deep_tube,tube_depth_class,30,fit,862,99,6.0,0.0576463853492533,0.0349282436707955,0.098856399539159,-0.184905382388096,0.0303645280194197,1.1325014307566206e-09,0.3459973983870568
all_observed,tropical,blue_purple__butterfly_form_given_colour,butterfly_associated_form,floral_form,pilot,30,conditional_selfing,fit,774,99,4.0,-0.005497016186258183,0.035439371261601,0.8767342581749084,-0.11018767247895633,0.04780541731589338,0.021171042558324343,0.8767342581749084,butterfly_associated_form,floral_form,30,fit,774,99,4.0,-0.011756852310007,0.0353098517960588,0.7391626804040086,-0.1072633617699038,0.0476399407306057,0.0243511842770509,0.7464444181289123
all_observed,tropical,blue_purple__large_bee_deep_tube_given_colour,large_bee_associated_intermediate_deep_tube,tube_depth_class,pilot,30,conditional_selfing,fit,862,99,6.0,0.04880985457952797,0.0361702874240117,0.17719371060723435,-0.050733909569536606,0.04571321720256912,0.2670721975140833,0.41345199141688016,large_bee_associated_intermediate_deep_tube,tube_depth_class,30,fit,862,99,6.0,0.0499107696184475,0.0356723277021916,0.1617694159756636,-0.0524497662949839,0.0454337718788888,0.248327015066253,0.4529543647318582
all_observed,tropical,blue_purple__large_bee_form_given_colour,large_bee_associated_form,floral_form,pilot,30,conditional_selfing,fit,774,99,4.0,-0.0694197060035609,0.039134156463901934,0.0760812744743565,-0.20302488428463855,0.03996703162548928,3.778146618049074e-07,0.355045947546997,large_bee_associated_form,floral_form,30,fit,774,99,4.0,-0.0664456482305005,0.0397863679065609,0.094907360659001,-0.2021496713522056,0.0397211321821791,3.5953496006208e-07,0.3459973983870568
all_observed,tropical,red_pink__bird_deep_tube_given_colour,bird_associated_intermediate_deep_tube,tube_depth_class,pilot,30,conditional_selfing,fit,861,98,6.0,-0.011002750569187536,0.040401225227189044,0.7853628692158781,-0.015275812816834433,0.047763240081703795,0.7491020336590879,0.8490830160399752,bird_associated_intermediate_deep_tube,tube_depth_class,30,fit,861,98,6.0,-0.0123997109835927,0.0383498731290701,0.7464444181289123,-0.0145102386707423,0.0475601673375369,0.7602958902839465,0.7464444181289123
all_observed,tropical,red_pink__bird_form_given_colour,bird_associated_form,floral_form,pilot,30,conditional_selfing,fit,754,98,4.0,-0.05606659790528333,0.049257635769578825,0.2550237840545447,0.0202373213439683,0.04612112381215022,0.6608163240581939,0.4188004303043299,bird_associated_form,floral_form,30,fit,754,98,4.0,-0.0501049044200397,0.0464054776004003,0.2802670563748489,0.0194674103592143,0.0465419045304478,0.6757445698912414,0.4904673486559855
all_observed,tropical,red_pink__butterfly_deep_tube_given_colour,butterfly_associated_deep_tube,tube_depth_class,pilot,30,conditional_selfing,fit,861,98,6.0,0.009275964931812562,0.03456738717713885,0.788434229179977,-0.13974104473791138,0.02907512857372746,1.5382174224115947e-06,0.8490830160399752,butterfly_associated_deep_tube,tube_depth_class,30,fit,861,98,6.0,0.0158166054143573,0.0326243841741124,0.6278116129576317,-0.1425244788459026,0.0290373050183531,9.185837028295328e-07,0.7324468817839036
all_observed,tropical,red_pink__butterfly_form_given_colour,butterfly_associated_form,floral_form,pilot,30,conditional_selfing,fit,754,98,4.0,-0.04904167988967152,0.04438803087983016,0.2692288480527835,-0.10642909464634273,0.05419461006123924,0.04954960950121956,0.4188004303043299,butterfly_associated_form,floral_form,30,fit,754,98,4.0,-0.041826633567845,0.044296381372916,0.345044499768422,-0.1079006522145351,0.0546559849745832,0.0483614876902511,0.5367358885286565
all_observed,tropical,yellow_orange__bird_deep_tube_given_colour,bird_associated_intermediate_deep_tube,tube_depth_class,pilot,30,conditional_selfing,fit,891,100,7.0,0.03607889335791273,0.04682342576688151,0.4409850712382991,-0.29797779032727156,0.06296169624588326,2.215706776809372e-06,0.5612537270305625,bird_associated_intermediate_deep_tube,tube_depth_class,30,fit,891,100,7.0,0.0318669885521225,0.0458331540754519,0.4868782982061692,-0.2971899259361895,0.0629536031431883,2.349453350153356e-06,0.6196632886260336
all_observed,tropical,yellow_orange__bird_form_given_colour,bird_associated_form,floral_form,pilot,30,conditional_selfing,fit,839,97,5.0,-0.08686387664870816,0.040182746429669194,0.030639707432194775,-0.13676322419546819,0.0515792753751524,0.008013154507990292,0.21447795202536343,bird_associated_form,floral_form,30,fit,839,97,5.0,-0.0797435831538116,0.0377789582705311,0.0347900568821278,-0.1375994042456217,0.0514094483560621,0.0074386861403743,0.2435303981748946
all_observed,tropical,yellow_orange__butterfly_deep_tube_given_colour,butterfly_associated_deep_tube,tube_depth_class,pilot,30,conditional_selfing,fit,891,100,7.0,0.11583931703636147,0.03878579549756961,0.002820590692590315,-0.26067779972458893,0.0444205237420421,4.3999687412770046e-09,0.03948826969626441,butterfly_associated_deep_tube,tube_depth_class,30,fit,891,100,7.0,0.1170287085033035,0.0387595862408663,0.0025331873845839,-0.2637588485266569,0.0444179454792617,2.8831856579576836e-09,0.0354646233841758
all_observed,tropical,yellow_orange__butterfly_form_given_colour,butterfly_associated_form,floral_form,pilot,30,conditional_selfing,fit,839,97,5.0,-0.05435845272809557,0.03953021421254189,0.16909687517136945,-0.23593057301148743,0.04914245694889731,1.579131833943262e-06,0.41345199141688016,butterfly_associated_form,floral_form,30,fit,839,97,5.0,-0.0463527050568466,0.040588810041098,0.2534511113812724,-0.2379857198818876,0.049617545649825,1.615405312548295e-06,0.4904673486559855
all_observed,tropical,yellow_orange__large_bee_deep_tube_given_colour,large_bee_associated_intermediate_deep_tube,tube_depth_class,pilot,30,conditional_selfing,fit,891,100,7.0,0.03607889335791273,0.04682342576688151,0.4409850712382991,-0.29797779032727156,0.06296169624588326,2.215706776809372e-06,0.5612537270305625,large_bee_associated_intermediate_deep_tube,tube_depth_class,30,fit,891,100,7.0,0.0318669885521225,0.0458331540754519,0.4868782982061692,-0.2971899259361895,0.0629536031431883,2.349453350153356e-06,0.6196632886260336
all_observed,tropical,yellow_orange__large_bee_form_given_colour,large_bee_associated_form,floral_form,pilot,30,conditional_selfing,fit,839,97,5.0,-0.05075974203991337,0.04485317452117719,0.2577661658551432,-0.08356938331745015,0.04596259189121127,0.06903290938160862,0.4188004303043299,large_bee_associated_form,floral_form,30,fit,839,97,5.0,-0.0492107252392713,0.042159700787396,0.2431112006061779,-0.0829088834438541,0.0456578570300876,0.0693898101377128,0.4904673486559855
all_observed,tropical,blue_purple__butterfly_deep_tube_given_colour,butterfly_associated_deep_tube,tube_depth_class,pilot,30,unconditional,fit,957,100,5.0,0.017012943004876324,0.034137224488889346,0.6182238054543122,,,,0.7055321661323012,butterfly_associated_deep_tube,tube_depth_class,30,fit,957,100,5.0,0.0161912840592688,0.0325659447485414,0.6190589268880125,,,,0.6190589268880125
all_observed,tropical,blue_purple__butterfly_form_given_colour,butterfly_associated_form,floral_form,pilot,30,unconditional,fit,823,101,3.0,-0.028951858890981286,0.03570777243452399,0.41748058273518523,,,,0.6494142398102881,butterfly_associated_form,floral_form,30,fit,823,101,3.0,-0.0362118927353033,0.0357310417073793,0.3108416792964021,,,,0.4835315011277366
all_observed,tropical,blue_purple__large_bee_deep_tube_given_colour,large_bee_associated_intermediate_deep_tube,tube_depth_class,pilot,30,unconditional,fit,957,100,5.0,0.037016638397449286,0.034151123960749444,0.27840608653653787,,,,0.48721065143894127,large_bee_associated_intermediate_deep_tube,tube_depth_class,30,fit,957,100,5.0,0.0382379826019574,0.0333479283016109,0.25153150262032,,,,0.442004774894656
all_observed,tropical,blue_purple__large_bee_form_given_colour,large_bee_associated_form,floral_form,pilot,30,unconditional,fit,823,101,3.0,-0.12064937081199717,0.04584811953324349,0.008500862563629032,,,,0.03967069196360215,large_bee_associated_form,floral_form,30,fit,823,101,3.0,-0.1214345567770713,0.0467196019056349,0.0093435676853404,,,,0.0487906399464099
all_observed,tropical,red_pink__bird_deep_tube_given_colour,bird_associated_intermediate_deep_tube,tube_depth_class,pilot,30,unconditional,fit,953,99,5.0,-0.021591858906665706,0.039004847050835234,0.5798741145399038,,,,0.7055321661323012,bird_associated_intermediate_deep_tube,tube_depth_class,30,fit,953,99,5.0,-0.0218842706921296,0.036971899113872,0.5539066207109402,,,,0.6190589268880125
all_observed,tropical,red_pink__bird_form_given_colour,bird_associated_form,floral_form,pilot,30,unconditional,fit,798,99,3.0,-0.05576541892783002,0.046485489656171906,0.2302828111533812,,,,0.4605656223067624,bird_associated_form,floral_form,30,fit,798,99,3.0,-0.0497588298451414,0.0434909445636721,0.2525741570826605,,,,0.442004774894656
all_observed,tropical,red_pink__butterfly_deep_tube_given_colour,butterfly_associated_deep_tube,tube_depth_class,pilot,30,unconditional,fit,953,99,5.0,-0.021574779298945468,0.03377421407393051,0.5229566824586207,,,,0.7055321661323012,butterfly_associated_deep_tube,tube_depth_class,30,fit,953,99,5.0,-0.0161607171000001,0.0316375781500349,0.6094857485039604,,,,0.6190589268880125
all_observed,tropical,red_pink__butterfly_form_given_colour,butterfly_associated_form,floral_form,pilot,30,unconditional,fit,798,99,3.0,-0.07537259121789767,0.0421918559935798,0.07403045206497152,,,,0.247414506785608,butterfly_associated_form,floral_form,30,fit,798,99,3.0,-0.0701799405390671,0.0420190131149326,0.0948808128206808,,,,0.2656662758979064
all_observed,tropical,yellow_orange__bird_deep_tube_given_colour,bird_associated_intermediate_deep_tube,tube_depth_class,pilot,30,unconditional,fit,986,100,5.0,-0.019666924371487537,0.05204772654762227,0.7055321661323011,,,,0.7055321661323012,bird_associated_intermediate_deep_tube,tube_depth_class,30,fit,986,100,5.0,-0.0285703624543619,0.0503814885279059,0.5706594535792447,,,,0.6190589268880125
all_observed,tropical,yellow_orange__bird_form_given_colour,bird_associated_form,floral_form,pilot,30,unconditional,fit,910,99,4.0,-0.12316927463760184,0.03739769749160452,0.000989487374084938,,,,0.013852823237189131,bird_associated_form,floral_form,30,fit,910,99,4.0,-0.1163858143057607,0.0351379133654526,0.000925463465803,,,,0.0129564885212426
all_observed,tropical,yellow_orange__butterfly_deep_tube_given_colour,butterfly_associated_deep_tube,tube_depth_class,pilot,30,unconditional,fit,986,100,5.0,0.05969989526295841,0.04139900373096257,0.14928512133250565,,,,0.3483319497758465,butterfly_associated_deep_tube,tube_depth_class,30,fit,986,100,5.0,0.0575913080681652,0.0413792288349908,0.1639851852517519,,,,0.3826320989207545
all_observed,tropical,yellow_orange__butterfly_form_given_colour,butterfly_associated_form,floral_form,pilot,30,unconditional,fit,910,99,4.0,-0.1139074744712935,0.04259747579035153,0.007494288082421402,,,,0.03967069196360215,butterfly_associated_form,floral_form,30,fit,910,99,4.0,-0.1090554890985992,0.0425931244234737,0.0104551371313735,,,,0.0487906399464099
all_observed,tropical,yellow_orange__large_bee_deep_tube_given_colour,large_bee_associated_intermediate_deep_tube,tube_depth_class,pilot,30,unconditional,fit,986,100,5.0,-0.019666924371487537,0.05204772654762227,0.7055321661323011,,,,0.7055321661323012,large_bee_associated_intermediate_deep_tube,tube_depth_class,30,fit,986,100,5.0,-0.0285703624543619,0.0503814885279059,0.5706594535792447,,,,0.6190589268880125
all_observed,tropical,yellow_orange__large_bee_form_given_colour,large_bee_associated_form,floral_form,pilot,30,unconditional,fit,910,99,4.0,-0.07413737488706176,0.04350528466939941,0.08836232385200285,,,,0.247414506785608,large_bee_associated_form,floral_form,30,fit,910,99,4.0,-0.0715988607354474,0.0410998668926664,0.0814961297983618,,,,0.2656662758979064
