candidate_id,trait_name,accepted_species,normalized_value,source_dataset,name_match_method,source_url,source_excerpt,accepted_correct,cultivar_status,reviewer,reviewed_at_utc,audit_reason,audit_hash
rodger2021:stellenbosch:5ce9762bfbeec9f6a2c7868b,autonomous_selfing_capacity,Erica baccans,autonomous,stellenbosch,accepted_name_exact,https://doi.org/10.6084/m9.figshare.14607882.v1,"S3 row 492: genus.species=Erica_baccans; TPL.family=Ericaceae; source.dataset=stellenbosch; study=Malan, UCT Honours thesis, 2013; auto.fs.x=0.289; auto.spfr.x=NA; auto.spofl.x=NA; auto.spofr.x=NA; auto.spfl.x=NA; auto.spp.x=NA",true,wild_or_naturalized_field_population,Codex structured pollinator-exclusion record audit,2026-08-11T00:00:00Z,accepted: exact species and family match; the cited structured record reports non-negative reproductive output under pollinator exclusion,c2f6d7ddde19d00f6df3bc24
rodger2021:stellenbosch:b633b3ca6e3bc33e6e3d25c7,autonomous_selfing_capacity,Cassiope tetragona,autonomous,stellenbosch,accepted_name_exact,https://doi.org/10.6084/m9.figshare.14607882.v1,"S3 row 263: genus.species=Cassiope_tetragona; TPL.family=Ericaceae; source.dataset=stellenbosch; study=Kudo and Suzuki et al., Arctic Antarctic and Alpine Research, 2002; auto.fs.x=0.428571; auto.spfr.x=NA; auto.spofl.x=NA; auto.spofr.x=NA; auto.spfl.x=NA; auto.spp.x=NA",true,wild_or_naturalized_field_population,Codex structured pollinator-exclusion record audit,2026-08-11T00:00:00Z,accepted: exact species and family match; the cited structured record reports non-negative reproductive output under pollinator exclusion,5c3ea5001c7203b0316dcd93
rodger2021:glopl:0ff92927654cdc8e2ccb6e3a,autonomous_selfing_capacity,Glionnetia sericea,autonomous,glopl,accepted_name_exact,https://doi.org/10.6084/m9.figshare.14607882.v1,"S3 row 607: genus.species=Glionnetia_sericea; TPL.family=Rubiaceae; source.dataset=glopl; study=Finger et al, PLOS ONE, 2014; auto.fs.x=0.18; auto.spfr.x=NA; auto.spofl.x=NA; auto.spofr.x=NA; auto.spfl.x=NA; auto.spp.x=NA || S3 row 608: genus.species=Glionnetia_sericea; TPL.family=Rubiaceae; source.dataset=glopl; study=Finger et al, PLOS ONE, 2014; auto.fs.x=0.09; auto.spfr.x=NA; auto.spofl.x=NA; auto.spofr.x=NA; auto.spfl.x=NA; auto.spp.x=NA",true,wild_or_naturalized_field_population,Codex structured pollinator-exclusion record audit,2026-08-11T00:00:00Z,accepted: exact species and family match; the cited structured record reports non-negative reproductive output under pollinator exclusion,4bbe2e9692284ff2f84e54b3
rodger2021:glopl:284f9029c6397f98643e01b5,autonomous_selfing_capacity,Cistus salviifolius,autonomous,glopl,accepted_name_exact,https://doi.org/10.6084/m9.figshare.14607882.v1,"S3 row 316: genus.species=Cistus_salviifolius; TPL.family=Cistaceae; source.dataset=glopl; study=Moragues & Traveset, Biological Conservation, 2005; auto.fs.x=0.14; auto.spfr.x=NA; auto.spofl.x=NA; auto.spofr.x=NA; auto.spfl.x=NA; auto.spp.x=NA",true,wild_or_naturalized_field_population,Codex structured pollinator-exclusion record audit,2026-08-11T00:00:00Z,accepted: exact species and family match; the cited structured record reports non-negative reproductive output under pollinator exclusion,f3254dd2f96c28065cc0c716
rodger2021:glopl:923b13edf76029019f2d25a9,autonomous_selfing_capacity,Melastoma sanguineum,absent,glopl,accepted_name_exact,https://doi.org/10.6084/m9.figshare.14607882.v1,"S3 row 855: genus.species=Melastoma_sanguineum; TPL.family=Melastomataceae; source.dataset=glopl; study=Peng et al., Forest Research, 2014; auto.fs.x=0; auto.spfr.x=NA; auto.spofl.x=NA; auto.spofr.x=NA; auto.spfl.x=NA; auto.spp.x=NA",true,wild_or_naturalized_field_population,Codex structured pollinator-exclusion record audit,2026-08-11T00:00:00Z,accepted: exact species and family match; the cited structured record reports non-negative reproductive output under pollinator exclusion,8750d931a054c3dae76f2f4e
rodger2021:glopl:b7b582c6ff1ddf0d769574ee,autonomous_selfing_capacity,Impatiens latifolia,absent,glopl,accepted_name_exact,https://doi.org/10.6084/m9.figshare.14607882.v1,"S3 row 708: genus.species=Impatiens_latifolia; TPL.family=Balsaminaceae; source.dataset=glopl; study=Sreekala et al. , Journal of Treatened Taxa, 2011; auto.fs.x=0; auto.spfr.x=NA; auto.spofl.x=NA; auto.spofr.x=NA; auto.spfl.x=NA; auto.spp.x=NA",true,wild_or_naturalized_field_population,Codex structured pollinator-exclusion record audit,2026-08-11T00:00:00Z,accepted: exact species and family match; the cited structured record reports non-negative reproductive output under pollinator exclusion,a4a101f137afb322c37dbd7c
rodger2021:glopl:3901b78e58b30e19dd3e441e,autonomous_selfing_capacity,Incarvillea sinensis,absent,glopl,accepted_name_exact,https://doi.org/10.6084/m9.figshare.14607882.v1,"S3 row 710: genus.species=Incarvillea_sinensis; TPL.family=Bignoniaceae; source.dataset=glopl; study=Li et al., Bulletin of Botanical Research, 2011; auto.fs.x=0; auto.spfr.x=NA; auto.spofl.x=NA; auto.spofr.x=NA; auto.spfl.x=NA; auto.spp.x=NA",true,wild_or_naturalized_field_population,Codex structured pollinator-exclusion record audit,2026-08-11T00:00:00Z,accepted: exact species and family match; the cited structured record reports non-negative reproductive output under pollinator exclusion,6fdef9fe7574b0f2b1547330
rodger2021:glopl:7d3831480203014b375988a1,autonomous_selfing_capacity,Psilochilus modestus,absent,glopl,accepted_name_exact,https://doi.org/10.6084/m9.figshare.14607882.v1,"S3 row 1174: genus.species=Psilochilus_modestus; TPL.family=Orchidaceae; source.dataset=glopl; study=Pansarin & Amaral, Flora, 2008; auto.fs.x=0; auto.spfr.x=NA; auto.spofl.x=NA; auto.spofr.x=NA; auto.spfl.x=NA; auto.spp.x=NA || S3 row 1175: genus.species=Psilochilus_modestus; TPL.family=Orchidaceae; source.dataset=glopl; study=Pansarin & Amaral, Flora, 2008; auto.fs.x=0; auto.spfr.x=NA; auto.spofl.x=NA; auto.spofr.x=NA; auto.spfl.x=NA; auto.spp.x=NA",true,wild_or_naturalized_field_population,Codex structured pollinator-exclusion record audit,2026-08-11T00:00:00Z,accepted: exact species and family match; the cited structured record reports non-negative reproductive output under pollinator exclusion,7a1850afa9fbc280e3d3da06
rodger2021:konstanz:f715446002768191811894c3,autonomous_selfing_capacity,Canthium coromandelicum,autonomous,konstanz,accepted_name_exact,https://doi.org/10.6084/m9.figshare.14607882.v1,"S3 row 252: genus.species=Canthium_coromandelicum; TPL.family=Rubiaceae; source.dataset=konstanz; study=Nayak Davidar, Flora, 2010; auto.fs.x=0.053; auto.spfr.x=NA; auto.spofl.x=NA; auto.spofr.x=NA; auto.spfl.x=NA; auto.spp.x=NA",true,wild_or_naturalized_field_population,Codex structured pollinator-exclusion record audit,2026-08-11T00:00:00Z,accepted: exact species and family match; the cited structured record reports non-negative reproductive output under pollinator exclusion,37cda8c554eb0b07f1ebf4e1
rodger2021:glopl:3224c35a8e6785a2511c3489,autonomous_selfing_capacity,Gongora quinquenervis,absent,glopl,accepted_name_exact,https://doi.org/10.6084/m9.figshare.14607882.v1,"S3 row 612: genus.species=Gongora_quinquenervis; TPL.family=Orchidaceae; source.dataset=glopl; study=Martini et al. , Plant Biology, 2003; auto.fs.x=0; auto.spfr.x=NA; auto.spofl.x=NA; auto.spofr.x=NA; auto.spfl.x=NA; auto.spp.x=NA",true,wild_or_naturalized_field_population,Codex structured pollinator-exclusion record audit,2026-08-11T00:00:00Z,accepted: exact species and family match; the cited structured record reports non-negative reproductive output under pollinator exclusion,950dc018adc3928e63daf5ed
rodger2021:glopl:d44f8afafa78514a7368fb55,autonomous_selfing_capacity,Verbascum thapsus,autonomous,glopl,accepted_name_exact,https://doi.org/10.6084/m9.figshare.14607882.v1,"S3 row 1486: genus.species=Verbascum_thapsus; TPL.family=Scrophulariaceae; source.dataset=glopl; study=Thompson and Knight, Unpublished, 2015; auto.fs.x=NA; auto.spfr.x=NA; auto.spofl.x=NA; auto.spofr.x=NA; auto.spfl.x=NA; auto.spp.x=382.0804555",true,wild_or_naturalized_field_population,Codex structured pollinator-exclusion record audit,2026-08-11T00:00:00Z,accepted: exact species and family match; the cited structured record reports non-negative reproductive output under pollinator exclusion,75f334f015efa9881e99503a
rodger2021:konstanz:e8a01549982ae64d15034116,autonomous_selfing_capacity,Chamaecrista rotundifolia,absent,konstanz,accepted_name_exact,https://doi.org/10.6084/m9.figshare.14607882.v1,"S3 row 293: genus.species=Chamaecrista_rotundifolia; TPL.family=Leguminosae; source.dataset=konstanz; study=Costa etal, Plant Systematics and Evolution, 2013; auto.fs.x=0; auto.spfr.x=0; auto.spofl.x=NA; auto.spofr.x=NA; auto.spfl.x=0; auto.spp.x=NA",true,wild_or_naturalized_field_population,Codex structured pollinator-exclusion record audit,2026-08-11T00:00:00Z,accepted: exact species and family match; the cited structured record reports non-negative reproductive output under pollinator exclusion,27bd167e56c5cdd3ace356fa
rodger2021:stellenbosch:680fe0c69da23dbdc1ba5c11,autonomous_selfing_capacity,Pelargonium triste,absent,stellenbosch,accepted_name_exact,https://doi.org/10.6084/m9.figshare.14607882.v1,"S3 row 1023: genus.species=Pelargonium_triste; TPL.family=Geraniaceae; source.dataset=stellenbosch; study=Rodger and Ellis, unpublished, NA; auto.fs.x=0; auto.spfr.x=NA; auto.spofl.x=NA; auto.spofr.x=NA; auto.spfl.x=NA; auto.spp.x=NA",true,wild_or_naturalized_field_population,Codex structured pollinator-exclusion record audit,2026-08-11T00:00:00Z,accepted: exact species and family match; the cited structured record reports non-negative reproductive output under pollinator exclusion,a86e806995aa7dce493168b4
rodger2021:konstanz:32c44af49f6faf216b0b5a1f,autonomous_selfing_capacity,Vigna luteola,absent,konstanz,accepted_name_exact,https://doi.org/10.6084/m9.figshare.14607882.v1,"S3 row 1496: genus.species=Vigna_luteola; TPL.family=Leguminosae; source.dataset=konstanz; study=McMullen, American Journal of Botany, 1987; auto.fs.x=0; auto.spfr.x=0; auto.spofl.x=NA; auto.spofr.x=NA; auto.spfl.x=0; auto.spp.x=NA",true,wild_or_naturalized_field_population,Codex structured pollinator-exclusion record audit,2026-08-11T00:00:00Z,accepted: exact species and family match; the cited structured record reports non-negative reproductive output under pollinator exclusion,0d21bc8c31489dc8ee27c538
rodger2021:glopl:e8d04c00cdba66a4b4d14345,autonomous_selfing_capacity,Tanaecium dichotomum,absent,glopl,synonym_exact_two_backbone,https://doi.org/10.6084/m9.figshare.14607882.v1,"S3 row 568: genus.species=Fridericia_dichotoma; TPL.family=Bignoniaceae; source.dataset=glopl; study=Torretta & Cerino, BolSocArgentBot, 2013; auto.fs.x=0; auto.spfr.x=NA; auto.spofl.x=NA; auto.spofr.x=NA; auto.spfl.x=NA; auto.spp.x=NA",true,wild_or_naturalized_field_population,Codex structured pollinator-exclusion record audit,2026-08-11T00:00:00Z,accepted: exact species and family match; the cited structured record reports non-negative reproductive output under pollinator exclusion,1e6e82c15b01c9c04823bd0c
rodger2021:stellenbosch:993af66c68c1977b1d72d815,autonomous_selfing_capacity,Cotula turbinata,autonomous,stellenbosch,accepted_name_exact,https://doi.org/10.6084/m9.figshare.14607882.v1,"S3 row 369: genus.species=Cotula_turbinata; TPL.family=Compositae; source.dataset=stellenbosch; study=Stanway, University of Stellenbosch MSc Thesis, 2010; auto.fs.x=1; auto.spfr.x=NA; auto.spofl.x=NA; auto.spofr.x=NA; auto.spfl.x=NA; auto.spp.x=NA",true,wild_or_naturalized_field_population,Codex structured pollinator-exclusion record audit,2026-08-11T00:00:00Z,accepted: exact species and family match; the cited structured record reports non-negative reproductive output under pollinator exclusion,d55d95948de6ffd2e40741bf
rodger2021:glopl:9954acc3032f03111c3da9fb,autonomous_selfing_capacity,Commelina erecta,autonomous,glopl,accepted_name_exact,https://doi.org/10.6084/m9.figshare.14607882.v1,"S3 row 342: genus.species=Commelina_erecta; TPL.family=Commelinaceae; source.dataset=glopl; study=Harmon-Threatt et al., American Journal of Botany, 2009; auto.fs.x=0.15; auto.spfr.x=NA; auto.spofl.x=NA; auto.spofr.x=NA; auto.spfl.x=NA; auto.spp.x=NA",true,wild_or_naturalized_field_population,Codex structured pollinator-exclusion record audit,2026-08-11T00:00:00Z,accepted: exact species and family match; the cited structured record reports non-negative reproductive output under pollinator exclusion,565ff782191aea77ed3b671e
rodger2021:glopl:389ecf06582213868b9286f6,autonomous_selfing_capacity,Campanula rotundifolia,autonomous,glopl,accepted_name_exact,https://doi.org/10.6084/m9.figshare.14607882.v1,"S3 row 244: genus.species=Campanula_rotundifolia; TPL.family=Campanulaceae; source.dataset=glopl; study=Giblin, American Journal of Botany, 2005; auto.fs.x=NA; auto.spfr.x=NA; auto.spofl.x=NA; auto.spofr.x=NA; auto.spfl.x=17.5; auto.spp.x=NA || S3 row 245: genus.species=Campanula_rotundifolia; TPL.family=Campanulaceae; source.dataset=glopl; study=Giblin, American Journal of Botany, 2005; auto.fs.x=NA; auto.spfr.x=NA; auto.spofl.x=NA; auto.spofr.x=NA; auto.spfl.x=11.04; auto.spp.x=NA",true,wild_or_naturalized_field_population,Codex structured pollinator-exclusion record audit,2026-08-11T00:00:00Z,accepted: exact species and family match; the cited structured record reports non-negative reproductive output under pollinator exclusion,04676c0873af9a50a493853f
rodger2021:konstanz:036930716c7438923bf45991,autonomous_selfing_capacity,Plumbago zeylanica,autonomous,konstanz,accepted_name_exact,https://doi.org/10.6084/m9.figshare.14607882.v1,"S3 row 1106: genus.species=Plumbago_zeylanica; TPL.family=Plumbaginaceae; source.dataset=konstanz; study=McMullen, American Journal of Botany, 1987; auto.fs.x=0.526; auto.spfr.x=1; auto.spofl.x=NA; auto.spofr.x=NA; auto.spfl.x=0.53; auto.spp.x=NA",true,wild_or_naturalized_field_population,Codex structured pollinator-exclusion record audit,2026-08-11T00:00:00Z,accepted: exact species and family match; the cited structured record reports non-negative reproductive output under pollinator exclusion,e775355f42195db5ac8675bb
rodger2021:glopl:6e86007542319875921afe86,autonomous_selfing_capacity,Polystachya concreta,absent,glopl,accepted_name_exact,https://doi.org/10.6084/m9.figshare.14607882.v1,"S3 row 1116: genus.species=Polystachya_concreta; TPL.family=Orchidaceae; source.dataset=glopl; study=Pansarin Amaral, Rev Bras Bot, 2006; auto.fs.x=0; auto.spfr.x=NA; auto.spofl.x=NA; auto.spofr.x=NA; auto.spfl.x=NA; auto.spp.x=NA",true,wild_or_naturalized_field_population,Codex structured pollinator-exclusion record audit,2026-08-11T00:00:00Z,accepted: exact species and family match; the cited structured record reports non-negative reproductive output under pollinator exclusion,b4bd77df091a1d1d6c52d911
rodger2021:glopl:2fb7db0858c515ec337cb04c,autonomous_selfing_capacity,Metrodorea stipularis,absent,glopl,accepted_name_exact,https://doi.org/10.6084/m9.figshare.14607882.v1,"S3 row 870: genus.species=Metrodorea_stipularis; TPL.family=Rutaceae; source.dataset=glopl; study=Pombal & Morellato, Plant Systematics and Evolution, 2000; auto.fs.x=0; auto.spfr.x=NA; auto.spofl.x=NA; auto.spofr.x=NA; auto.spfl.x=NA; auto.spp.x=NA",true,wild_or_naturalized_field_population,Codex structured pollinator-exclusion record audit,2026-08-11T00:00:00Z,accepted: exact species and family match; the cited structured record reports non-negative reproductive output under pollinator exclusion,5e36e6f6d95c200d50eb3198
rodger2021:stellenbosch:3dc70680babcc2f6de6327a5,autonomous_selfing_capacity,Cyanella hyacinthoides,autonomous,stellenbosch,accepted_name_exact,https://doi.org/10.6084/m9.figshare.14607882.v1,"S3 row 386: genus.species=Cyanella_hyacinthoides; TPL.family=Tecophilaeaceae; source.dataset=stellenbosch; study=Stanway, University of Stellenbosch MSc Thesis, 2010; auto.fs.x=0.1; auto.spfr.x=NA; auto.spofl.x=NA; auto.spofr.x=NA; auto.spfl.x=NA; auto.spp.x=NA",true,wild_or_naturalized_field_population,Codex structured pollinator-exclusion record audit,2026-08-11T00:00:00Z,accepted: exact species and family match; the cited structured record reports non-negative reproductive output under pollinator exclusion,c3c7fc79758ac826db110bda
rodger2021:stellenbosch:c6ef7efd59ab033e6c57c829,autonomous_selfing_capacity,Phaenocoma prolifera,autonomous,stellenbosch,accepted_name_exact,https://doi.org/10.6084/m9.figshare.14607882.v1,"S3 row 1080: genus.species=Phaenocoma_prolifera; TPL.family=Compositae; source.dataset=stellenbosch; study=Rodger and Ellis, unpublished, NA; auto.fs.x=NA; auto.spfr.x=NA; auto.spofl.x=NA; auto.spofr.x=NA; auto.spfl.x=10.625; auto.spp.x=NA",true,wild_or_naturalized_field_population,Codex structured pollinator-exclusion record audit,2026-08-11T00:00:00Z,accepted: exact species and family match; the cited structured record reports non-negative reproductive output under pollinator exclusion,c1797d1f5c51bb30d8edab60
rodger2021:glopl:0117b64558fd6771bed21460,autonomous_selfing_capacity,Bathysa australis,absent,glopl,accepted_name_exact,https://doi.org/10.6084/m9.figshare.14607882.v1,"S3 row 177: genus.species=Bathysa_australis; TPL.family=Rubiaceae; source.dataset=glopl; study=Freitas & Andrich, Journal of Systematics and Evolution, 2013; auto.fs.x=0; auto.spfr.x=NA; auto.spofl.x=NA; auto.spofr.x=NA; auto.spfl.x=NA; auto.spp.x=NA",true,wild_or_naturalized_field_population,Codex structured pollinator-exclusion record audit,2026-08-11T00:00:00Z,accepted: exact species and family match; the cited structured record reports non-negative reproductive output under pollinator exclusion,42aff2afabf6dbf76baab028
rodger2021:konstanz:b4c98bdd9f481f44219762cb,autonomous_selfing_capacity,Fuchsia microphylla,autonomous,konstanz,accepted_name_exact,https://doi.org/10.6084/m9.figshare.14607882.v1,"S3 row 571: genus.species=Fuchsia_microphylla; TPL.family=Onagraceae; source.dataset=konstanz; study=Cuevas etal, Plant Biology, 2014; auto.fs.x=0.2; auto.spfr.x=5; auto.spofl.x=NA; auto.spofr.x=NA; auto.spfl.x=1; auto.spp.x=NA || S3 row 572: genus.species=Fuchsia_microphylla; TPL.family=Onagraceae; source.dataset=konstanz; study=Cuevas etal, Plant Biology, 2014; auto.fs.x=0.21; auto.spfr.x=4; auto.spofl.x=NA; auto.spofr.x=NA; auto.spfl.x=0.84; auto.spp.x=NA",true,wild_or_naturalized_field_population,Codex structured pollinator-exclusion record audit,2026-08-11T00:00:00Z,accepted: exact species and family match; the cited structured record reports non-negative reproductive output under pollinator exclusion,888c910437556eb4f76baf3c
rodger2021:glopl:0c202875668af31a0ae776d8,autonomous_selfing_capacity,Euphorbia nicaeensis,absent,glopl,accepted_name_exact,https://doi.org/10.6084/m9.figshare.14607882.v1,"S3 row 546: genus.species=Euphorbia_nicaeensis; TPL.family=Euphorbiaceae; source.dataset=glopl; study=Narbona et al., PLoS ONE, 2011; auto.fs.x=0; auto.spfr.x=NA; auto.spofl.x=NA; auto.spofr.x=NA; auto.spfl.x=NA; auto.spp.x=NA",true,wild_or_naturalized_field_population,Codex structured pollinator-exclusion record audit,2026-08-11T00:00:00Z,accepted: exact species and family match; the cited structured record reports non-negative reproductive output under pollinator exclusion,c22febfefd89c3448c4b684f
rodger2021:glopl:9bcdc36c6327420f8e00e954,autonomous_selfing_capacity,Laguncularia racemosa,autonomous,glopl,accepted_name_exact,https://doi.org/10.6084/m9.figshare.14607882.v1,"S3 row 759: genus.species=Laguncularia_racemosa; TPL.family=Combretaceae; source.dataset=glopl; study=Nadia Machado, Aquatic Botany, 2014; auto.fs.x=0.054; auto.spfr.x=NA; auto.spofl.x=NA; auto.spofr.x=NA; auto.spfl.x=NA; auto.spp.x=NA",true,wild_or_naturalized_field_population,Codex structured pollinator-exclusion record audit,2026-08-11T00:00:00Z,accepted: exact species and family match; the cited structured record reports non-negative reproductive output under pollinator exclusion,dbdcb2381acb779aba5b29fa
rodger2021:glopl:367a34c741c6f4700127cdb5,autonomous_selfing_capacity,Dicerandra frutescens,autonomous,glopl,accepted_name_exact,https://doi.org/10.6084/m9.figshare.14607882.v1,"S3 row 427: genus.species=Dicerandra_frutescens; TPL.family=Lamiaceae; source.dataset=glopl; study=Evans et al, Biodiversity and Conservation, 2004; auto.fs.x=NA; auto.spfr.x=NA; auto.spofl.x=0.037; auto.spofr.x=NA; auto.spfl.x=NA; auto.spp.x=NA",true,wild_or_naturalized_field_population,Codex structured pollinator-exclusion record audit,2026-08-11T00:00:00Z,accepted: exact species and family match; the cited structured record reports non-negative reproductive output under pollinator exclusion,7a388666ebd66c269f3fe311
rodger2021:glopl:5cf6f90c8996f905a581c263,autonomous_selfing_capacity,Camassia quamash,autonomous,glopl,accepted_name_exact,https://doi.org/10.6084/m9.figshare.14607882.v1,"S3 row 236: genus.species=Camassia_quamash; TPL.family=Asparagaceae; source.dataset=glopl; study=Gielens et al, NRC Research Press, 2014; auto.fs.x=NA; auto.spfr.x=NA; auto.spofl.x=NA; auto.spofr.x=NA; auto.spfl.x=NA; auto.spp.x=3.59",true,wild_or_naturalized_field_population,Codex structured pollinator-exclusion record audit,2026-08-11T00:00:00Z,accepted: exact species and family match; the cited structured record reports non-negative reproductive output under pollinator exclusion,a817ad1a53a3ecb3016205a8
rodger2021:konstanz:bee6eccd4e84492800192091,autonomous_selfing_capacity,Caulophyllum thalictroides,autonomous,konstanz,accepted_name_exact,https://doi.org/10.6084/m9.figshare.14607882.v1,"S3 row 270: genus.species=Caulophyllum_thalictroides; TPL.family=Berberidaceae; source.dataset=konstanz; study=Hannan Prucher, American Midlands Naturalist, 1996; auto.fs.x=NA; auto.spfr.x=NA; auto.spofl.x=NA; auto.spofr.x=NA; auto.spfl.x=0.1; auto.spp.x=NA",true,wild_or_naturalized_field_population,Codex structured pollinator-exclusion record audit,2026-08-11T00:00:00Z,accepted: exact species and family match; the cited structured record reports non-negative reproductive output under pollinator exclusion,1c3de32eba00418f9874c453
rodger2021:stellenbosch:947e5f21c0c86f69f792e919,autonomous_selfing_capacity,Lobelia coronopifolia,absent,stellenbosch,accepted_name_exact,https://doi.org/10.6084/m9.figshare.14607882.v1,"S3 row 796: genus.species=Lobelia_coronopifolia; TPL.family=Campanulaceae; source.dataset=stellenbosch; study=Rodger and Ellis, unpublished, NA; auto.fs.x=0; auto.spfr.x=NA; auto.spofl.x=NA; auto.spofr.x=NA; auto.spfl.x=NA; auto.spp.x=NA",true,wild_or_naturalized_field_population,Codex structured pollinator-exclusion record audit,2026-08-11T00:00:00Z,accepted: exact species and family match; the cited structured record reports non-negative reproductive output under pollinator exclusion,bebd1021417e8783377609fe
rodger2021:glopl:5553b87e964f0b59f1ce3f1f,autonomous_selfing_capacity,Pleroma sellowianum,autonomous,glopl,synonym_exact_two_backbone,https://doi.org/10.6084/m9.figshare.14607882.v1,"S3 row 1418: genus.species=Tibouchina_sellowiana; TPL.family=Melastomataceae; source.dataset=glopl; study=Goldenberg & Varassin, Revista Brasileira de Botânica, 2001; auto.fs.x=0.3448; auto.spfr.x=NA; auto.spofl.x=NA; auto.spofr.x=NA; auto.spfl.x=NA; auto.spp.x=NA",true,wild_or_naturalized_field_population,Codex structured pollinator-exclusion record audit,2026-08-11T00:00:00Z,accepted: exact species and family match; the cited structured record reports non-negative reproductive output under pollinator exclusion,bcd404793c414607f36df5d0
rodger2021:glopl:f3b013d4f2895444d3f7068d,autonomous_selfing_capacity,Alseuosmia turneri,autonomous,glopl,accepted_name_exact,https://doi.org/10.6084/m9.figshare.14607882.v1,"S3 row 72: genus.species=Alseuosmia_turneri; TPL.family=Alseuosmiaceae; source.dataset=glopl; study=Merrett et al, New Zealand Journal of Botany, 2007; auto.fs.x=0.4846; auto.spfr.x=NA; auto.spofl.x=NA; auto.spofr.x=NA; auto.spfl.x=NA; auto.spp.x=NA || S3 row 73: genus.species=Alseuosmia_turneri; TPL.family=Alseuosmiaceae; source.dataset=glopl; study=Merrett et al, New Zealand Journal of Botany, 2007; auto.fs.x=0.3078; auto.spfr.x=NA; auto.spofl.x=NA; auto.spofr.x=NA; auto.spfl.x=NA; auto.spp.x=NA",true,wild_or_naturalized_field_population,Codex structured pollinator-exclusion record audit,2026-08-11T00:00:00Z,accepted: exact species and family match; the cited structured record reports non-negative reproductive output under pollinator exclusion,20312d503db5aacaf896ea49
rodger2021:glopl:9b1e08100065d72ff4f8542f,autonomous_selfing_capacity,Cabralea canjerana,absent,glopl,accepted_name_exact,https://doi.org/10.6084/m9.figshare.14607882.v1,"S3 row 208: genus.species=Cabralea_canjerana; TPL.family=Meliaceae; source.dataset=glopl; study=Fuzeto et al., Acta Bot Bras, 2001; auto.fs.x=0; auto.spfr.x=NA; auto.spofl.x=NA; auto.spofr.x=NA; auto.spfl.x=NA; auto.spp.x=NA",true,wild_or_naturalized_field_population,Codex structured pollinator-exclusion record audit,2026-08-11T00:00:00Z,accepted: exact species and family match; the cited structured record reports non-negative reproductive output under pollinator exclusion,b26325249b206b97be579993
rodger2021:stellenbosch:90f1a5322e0c374ecde3a721,autonomous_selfing_capacity,Calobota cytisoides,autonomous,stellenbosch,accepted_name_exact,https://doi.org/10.6084/m9.figshare.14607882.v1,"S3 row 226: genus.species=Calobota_cytisoides; TPL.family=Leguminosae; source.dataset=stellenbosch; study=Stanway, University of Stellenbosch MSc Thesis, 2010; auto.fs.x=0.01; auto.spfr.x=NA; auto.spofl.x=NA; auto.spofr.x=NA; auto.spfl.x=NA; auto.spp.x=NA",true,wild_or_naturalized_field_population,Codex structured pollinator-exclusion record audit,2026-08-11T00:00:00Z,accepted: exact species and family match; the cited structured record reports non-negative reproductive output under pollinator exclusion,c01589af3781de45a6aea50e
rodger2021:glopl:2d1e097ab022292e31b8e085,autonomous_selfing_capacity,Eugenia selloi,absent,glopl,accepted_name_exact,https://doi.org/10.6084/m9.figshare.14607882.v1,"S3 row 539: genus.species=Eugenia_selloi; TPL.family=Myrtaceae; source.dataset=glopl; study=Silva and Pinheiro, Acta Botanica Brasilica, 2008; auto.fs.x=0; auto.spfr.x=NA; auto.spofl.x=NA; auto.spofr.x=NA; auto.spfl.x=NA; auto.spp.x=NA",true,wild_or_naturalized_field_population,Codex structured pollinator-exclusion record audit,2026-08-11T00:00:00Z,accepted: exact species and family match; the cited structured record reports non-negative reproductive output under pollinator exclusion,6256e24fd5d739fb51dd23a0
rodger2021:glopl:c6411ada56497bb2206b7a59,autonomous_selfing_capacity,Byrsonima microphylla,absent,glopl,accepted_name_exact,https://doi.org/10.6084/m9.figshare.14607882.v1,"S3 row 203: genus.species=Byrsonima_microphylla; TPL.family=Malpighiaceae; source.dataset=glopl; study=Costa et al. , Braz J Bot, 2006; auto.fs.x=0; auto.spfr.x=NA; auto.spofl.x=NA; auto.spofr.x=NA; auto.spfl.x=NA; auto.spp.x=NA",true,wild_or_naturalized_field_population,Codex structured pollinator-exclusion record audit,2026-08-11T00:00:00Z,accepted: exact species and family match; the cited structured record reports non-negative reproductive output under pollinator exclusion,a6185fed7034defe90cf4115
rodger2021:glopl:59a1f679220cb927a9db43bc,autonomous_selfing_capacity,Hortia brasiliana,absent,glopl,accepted_name_exact,https://doi.org/10.6084/m9.figshare.14607882.v1,"S3 row 694: genus.species=Hortia_brasiliana; TPL.family=Rutaceae; source.dataset=glopl; study=Barbosa, Rev Bras Bot, 1999; auto.fs.x=0; auto.spfr.x=NA; auto.spofl.x=NA; auto.spofr.x=NA; auto.spfl.x=NA; auto.spp.x=NA",true,wild_or_naturalized_field_population,Codex structured pollinator-exclusion record audit,2026-08-11T00:00:00Z,accepted: exact species and family match; the cited structured record reports non-negative reproductive output under pollinator exclusion,8b806a09cc8f7b13112cba08
rodger2021:konstanz:5acd9edeb538293b14ab2856,autonomous_selfing_capacity,Opuntia humifusa,autonomous,konstanz,accepted_name_exact,https://doi.org/10.6084/m9.figshare.14607882.v1,"S3 row 954: genus.species=Opuntia_humifusa; TPL.family=Cactaceae; source.dataset=konstanz; study=Rambuda Johnson, Diversity and Distributions, 2004; auto.fs.x=0.519; auto.spfr.x=3.05; auto.spofl.x=NA; auto.spofr.x=NA; auto.spfl.x=1.58; auto.spp.x=NA",true,wild_or_naturalized_field_population,Codex structured pollinator-exclusion record audit,2026-08-11T00:00:00Z,accepted: exact species and family match; the cited structured record reports non-negative reproductive output under pollinator exclusion,6a5d3df62d5929ac5502f44c
rodger2021:glopl:755af3917dcbedecc8384c76,autonomous_selfing_capacity,Solanum melongena,absent,glopl,accepted_name_exact,https://doi.org/10.6084/m9.figshare.14607882.v1,"S3 row 1324: genus.species=Solanum_melongena; TPL.family=Solanaceae; source.dataset=glopl; study=Davidar et al, American Journal of Botany, 2015; auto.fs.x=0; auto.spfr.x=NA; auto.spofl.x=NA; auto.spofr.x=NA; auto.spfl.x=NA; auto.spp.x=NA || S3 row 1325: genus.species=Solanum_melongena; TPL.family=Solanaceae; source.dataset=glopl; study=Davidar et al, American Journal of Botany, 2015; auto.fs.x=0; auto.spfr.x=NA; auto.spofl.x=NA; auto.spofr.x=NA; auto.spfl.x=NA; auto.spp.x=NA || S3 row 1326: genus.species=Solanum_melongena; TPL.family=Solanaceae; source.dataset=glopl; study=Davidar et al, American Journal of Botany, 2015; auto.fs.x=0; auto.spfr.x=NA; auto.spofl.x=NA; auto.spofr.x=NA; auto.spfl.x=NA; auto.spp.x=NA",true,wild_or_naturalized_field_population,Codex structured pollinator-exclusion record audit,2026-08-11T00:00:00Z,accepted: exact species and family match; the cited structured record reports non-negative reproductive output under pollinator exclusion,b58b716b86d133a328ec978a
rodger2021:stellenbosch:3d54a42a3f8d3332cdd9d2a3,autonomous_selfing_capacity,Parkia timoriana,absent,stellenbosch,accepted_name_exact,https://doi.org/10.6084/m9.figshare.14607882.v1,"S3 row 1001: genus.species=Parkia_timoriana; TPL.family=Leguminosae; source.dataset=stellenbosch; study=Bumrungsri et al., Journal of Tropical Ecology, 2008; auto.fs.x=0; auto.spfr.x=NA; auto.spofl.x=NA; auto.spofr.x=NA; auto.spfl.x=NA; auto.spp.x=NA",true,wild_or_naturalized_field_population,Codex structured pollinator-exclusion record audit,2026-08-11T00:00:00Z,accepted: exact species and family match; the cited structured record reports non-negative reproductive output under pollinator exclusion,d58494046afc6f4752f89405
rodger2021:glopl:4b6ffffb86b74850bfe6190e,autonomous_selfing_capacity,Verbascum blattaria,absent,glopl,accepted_name_exact,https://doi.org/10.6084/m9.figshare.14607882.v1,"S3 row 1484: genus.species=Verbascum_blattaria; TPL.family=Scrophulariaceae; source.dataset=glopl; study=Harmon-Threatt et al., American Journal of Botany, 2009; auto.fs.x=0; auto.spfr.x=NA; auto.spofl.x=NA; auto.spofr.x=NA; auto.spfl.x=NA; auto.spp.x=NA",true,wild_or_naturalized_field_population,Codex structured pollinator-exclusion record audit,2026-08-11T00:00:00Z,accepted: exact species and family match; the cited structured record reports non-negative reproductive output under pollinator exclusion,a13321a5b4918a068e839d9e
rodger2021:konstanz:b1c1e2b06557042d4d8f7c9c,autonomous_selfing_capacity,Iochroma ellipticum,absent,konstanz,synonym_exact_two_backbone,https://doi.org/10.6084/m9.figshare.14607882.v1,"S3 row 19: genus.species=Acnistus_ellipticus; TPL.family=Solanaceae; source.dataset=konstanz; study=McMullen, American Journal of Botany, 1987; auto.fs.x=0; auto.spfr.x=0; auto.spofl.x=NA; auto.spofr.x=NA; auto.spfl.x=0; auto.spp.x=NA",true,wild_or_naturalized_field_population,Codex structured pollinator-exclusion record audit,2026-08-11T00:00:00Z,accepted: exact species and family match; the cited structured record reports non-negative reproductive output under pollinator exclusion,9a79146e327ccbcc95f01a25
rodger2021:konstanz:0ecd263827a3a0fe08f1072d,autonomous_selfing_capacity,Opuntia phaeacantha,autonomous,konstanz,accepted_name_exact,https://doi.org/10.6084/m9.figshare.14607882.v1,"S3 row 956: genus.species=Opuntia_phaeacantha; TPL.family=Cactaceae; source.dataset=konstanz; study=Osborn etal, Plant Systematics and Evolution, 1988; auto.fs.x=NA; auto.spfr.x=19.3; auto.spofl.x=NA; auto.spofr.x=NA; auto.spfl.x=NA; auto.spp.x=NA",true,wild_or_naturalized_field_population,Codex structured pollinator-exclusion record audit,2026-08-11T00:00:00Z,accepted: exact species and family match; the cited structured record reports non-negative reproductive output under pollinator exclusion,b55303207c20a4bccbc6befe
rodger2021:konstanz:4d7ed0c1c0d4ae531d6785cd,autonomous_selfing_capacity,Jaegeria gracilis,autonomous,konstanz,accepted_name_exact,https://doi.org/10.6084/m9.figshare.14607882.v1,"S3 row 742: genus.species=Jaegeria_gracilis; TPL.family=Compositae; source.dataset=konstanz; study=McMullen, American Journal of Botany, 1987; auto.fs.x=0.093; auto.spfr.x=1; auto.spofl.x=NA; auto.spofr.x=NA; auto.spfl.x=0.09; auto.spp.x=NA",true,wild_or_naturalized_field_population,Codex structured pollinator-exclusion record audit,2026-08-11T00:00:00Z,accepted: exact species and family match; the cited structured record reports non-negative reproductive output under pollinator exclusion,a0bf61f675d9634796d0f799
rodger2021:konstanz:bb4cabcd516dfd5176af0e19,autonomous_selfing_capacity,Epipogium roseum,autonomous,konstanz,accepted_name_exact,https://doi.org/10.6084/m9.figshare.14607882.v1,"S3 row 484: genus.species=Epipogium_roseum; TPL.family=Orchidaceae; source.dataset=konstanz; study=Zhou etal, Australian Journal of Botany, 2012; auto.fs.x=0.946; auto.spfr.x=NA; auto.spofl.x=NA; auto.spofr.x=NA; auto.spfl.x=NA; auto.spp.x=NA || S3 row 485: genus.species=Epipogium_roseum; TPL.family=Orchidaceae; source.dataset=konstanz; study=Zhou etal, Australian Journal of Botany, 2012; auto.fs.x=0.9306; auto.spfr.x=NA; auto.spofl.x=NA; auto.spofr.x=NA; auto.spfl.x=NA; auto.spp.x=NA",true,wild_or_naturalized_field_population,Codex structured pollinator-exclusion record audit,2026-08-11T00:00:00Z,accepted: exact species and family match; the cited structured record reports non-negative reproductive output under pollinator exclusion,bb0115f5b1985c6cbde24267
rodger2021:glopl:40d8c6284b3e2512134f61f7,autonomous_selfing_capacity,Pulsatilla occidentalis,autonomous,glopl,synonym_exact_two_backbone,https://doi.org/10.6084/m9.figshare.14607882.v1,"S3 row 91: genus.species=Anemone_occidentalis; TPL.family=Ranunculaceae; source.dataset=glopl; study=Straka and Starzomski, Oecologia, 2015; auto.fs.x=NA; auto.spfr.x=NA; auto.spofl.x=NA; auto.spofr.x=NA; auto.spfl.x=NA; auto.spp.x=134.62 || S3 row 92: genus.species=Anemone_occidentalis; TPL.family=Ranunculaceae; source.dataset=glopl; study=Straka and Starzomski, Oecologia, 2015; auto.fs.x=NA; auto.spfr.x=NA; auto.spofl.x=NA; auto.spofr.x=NA; auto.spfl.x=NA; auto.spp.x=129.67",true,wild_or_naturalized_field_population,Codex structured pollinator-exclusion record audit,2026-08-11T00:00:00Z,accepted: exact species and family match; the cited structured record reports non-negative reproductive output under pollinator exclusion,acc208f451ec45c44bbb6d61
rodger2021:konstanz:d7d86abcd32514632ab2af56,autonomous_selfing_capacity,Caldesia grandis,autonomous,konstanz,accepted_name_exact,https://doi.org/10.6084/m9.figshare.14607882.v1,"S3 row 221: genus.species=Caldesia_grandis; TPL.family=Alismataceae; source.dataset=konstanz; study=Gituru etal, Bot. Bull. Acad. Sin., 2002; auto.fs.x=NA; auto.spfr.x=2.31; auto.spofl.x=0.1436; auto.spofr.x=NA; auto.spfl.x=NA; auto.spp.x=NA || S3 row 222: genus.species=Caldesia_grandis; TPL.family=Alismataceae; source.dataset=konstanz; study=Gituru etal, Bot. Bull. Acad. Sin., 2002; auto.fs.x=NA; auto.spfr.x=2.53; auto.spofl.x=0.1687; auto.spofr.x=NA; auto.spfl.x=NA; auto.spp.x=NA || S3 row 223: genus.species=Caldesia_grandis; TPL.family=Alismataceae; source.dataset=konstanz; study=Gituru etal, Bot. Bull. Acad. Sin., 2002; auto.fs.x=NA; auto.spfr.x=2.53; auto.spofl.x=0.1633; auto.spofr.x=NA; auto.spfl.x=NA; auto.spp.x=NA",true,wild_or_naturalized_field_population,Codex structured pollinator-exclusion record audit,2026-08-11T00:00:00Z,accepted: exact species and family match; the cited structured record reports non-negative reproductive output under pollinator exclusion,8a017a4a2c5323c99c049b7f
rodger2021:glopl:1b550afdf6b4ca477a34c615,autonomous_selfing_capacity,Ipomoea purpurea,autonomous,glopl,accepted_name_exact,https://doi.org/10.6084/m9.figshare.14607882.v1,"S3 row 723: genus.species=Ipomoea_purpurea; TPL.family=Convolvulaceae; source.dataset=glopl; study=Galetto et al., Darwiniana, 2002; auto.fs.x=NA; auto.spfr.x=4.7; auto.spofl.x=NA; auto.spofr.x=NA; auto.spfl.x=NA; auto.spp.x=NA",true,wild_or_naturalized_field_population,Codex structured pollinator-exclusion record audit,2026-08-11T00:00:00Z,accepted: exact species and family match; the cited structured record reports non-negative reproductive output under pollinator exclusion,0afcfe1ac5696d84ce102090
rodger2021:konstanz:17078cb72863ac8cce9e77d8,autonomous_selfing_capacity,Ferraria crispa,autonomous,konstanz,accepted_name_exact,https://doi.org/10.6084/m9.figshare.14607882.v1,"S3 row 554: genus.species=Ferraria_crispa; TPL.family=Iridaceae; source.dataset=konstanz; study=vanKleunen etal, American Naturalist, 2008; auto.fs.x=0.0116; auto.spfr.x=4; auto.spofl.x=NA; auto.spofr.x=NA; auto.spfl.x=0.05; auto.spp.x=NA",true,wild_or_naturalized_field_population,Codex structured pollinator-exclusion record audit,2026-08-11T00:00:00Z,accepted: exact species and family match; the cited structured record reports non-negative reproductive output under pollinator exclusion,a9155ff657fd4fadd6c03469
rodger2021:glopl:ed39f52315acf3c0fe51d754,autonomous_selfing_capacity,Alseuosmia macrophylla,autonomous,glopl,accepted_name_exact,https://doi.org/10.6084/m9.figshare.14607882.v1,"S3 row 64: genus.species=Alseuosmia_macrophylla; TPL.family=Alseuosmiaceae; source.dataset=glopl; study=Merrett et al, New Zealand Journal of Botany, 2007; auto.fs.x=0.005; auto.spfr.x=NA; auto.spofl.x=NA; auto.spofr.x=NA; auto.spfl.x=NA; auto.spp.x=NA || S3 row 65: genus.species=Alseuosmia_macrophylla; TPL.family=Alseuosmiaceae; source.dataset=glopl; study=Merrett et al, New Zealand Journal of Botany, 2007; auto.fs.x=0.2163; auto.spfr.x=NA; auto.spofl.x=NA; auto.spofr.x=NA; auto.spfl.x=NA; auto.spp.x=NA || S3 row 66: genus.species=Alseuosmia_macrophylla; TPL.family=Alseuosmiaceae; source.dataset=glopl; study=Merrett et al, New Zealand Journal of Botany, 2007; auto.fs.x=0.2385; auto.spfr.x=NA; auto.spofl.x=NA; auto.spofr.x=NA; auto.spfl.x=NA; auto.spp.x=NA || S3 row 67: genus.species=Alseuosmia_macrophylla; TPL.family=Alseuosmiaceae; source.dataset=glopl; study=Merrett et al, New Zealand Journal of Botany, 2007; auto.fs.x=0.4376; auto.spfr.x=NA; auto.spofl.x=NA; auto.spofr.x=NA; auto.spfl.x=NA; auto.spp.x=NA",true,wild_or_naturalized_field_population,Codex structured pollinator-exclusion record audit,2026-08-11T00:00:00Z,accepted: exact species and family match; the cited structured record reports non-negative reproductive output under pollinator exclusion,4eb2aab2de9e7494c638e1c4
rodger2021:glopl:ba57f1293500896420afc561,autonomous_selfing_capacity,Distimake macrocalyx,autonomous,glopl,synonym_exact_two_backbone,https://doi.org/10.6084/m9.figshare.14607882.v1,"S3 row 868: genus.species=Merremia_macrocalyx; TPL.family=Convolvulaceae; source.dataset=glopl; study=Raimundez-Urrutia et al., J Torrey Bot Soc, 2008; auto.fs.x=0.08; auto.spfr.x=NA; auto.spofl.x=0.03; auto.spofr.x=NA; auto.spfl.x=NA; auto.spp.x=NA",true,wild_or_naturalized_field_population,Codex structured pollinator-exclusion record audit,2026-08-11T00:00:00Z,accepted: exact species and family match; the cited structured record reports non-negative reproductive output under pollinator exclusion,e0894b6dec918dbe196536ec
rodger2021:glopl:f5cdeb9f768c36fcf991b911,autonomous_selfing_capacity,Allium acuminatum,autonomous,glopl,accepted_name_exact,https://doi.org/10.6084/m9.figshare.14607882.v1,"S3 row 50: genus.species=Allium_acuminatum; TPL.family=Amaryllidaceae; source.dataset=glopl; study=Gielens et al, NRC Research Press, 2014; auto.fs.x=NA; auto.spfr.x=NA; auto.spofl.x=NA; auto.spofr.x=NA; auto.spfl.x=NA; auto.spp.x=7.18",true,wild_or_naturalized_field_population,Codex structured pollinator-exclusion record audit,2026-08-11T00:00:00Z,accepted: exact species and family match; the cited structured record reports non-negative reproductive output under pollinator exclusion,984af797ad593be38279fc71
rodger2021:stellenbosch:08d5fc9797b970e3fcfbb16a,autonomous_selfing_capacity,Monopsis debilis,autonomous,stellenbosch,accepted_name_exact,https://doi.org/10.6084/m9.figshare.14607882.v1,"S3 row 898: genus.species=Monopsis_debilis; TPL.family=Campanulaceae; source.dataset=stellenbosch; study=Stanway, University of Stellenbosch MSc Thesis, 2010; auto.fs.x=1; auto.spfr.x=NA; auto.spofl.x=NA; auto.spofr.x=NA; auto.spfl.x=NA; auto.spp.x=NA",true,wild_or_naturalized_field_population,Codex structured pollinator-exclusion record audit,2026-08-11T00:00:00Z,accepted: exact species and family match; the cited structured record reports non-negative reproductive output under pollinator exclusion,719368db292e7e5c41dba09e
rodger2021:glopl:ab50e10780b28a3edf56df94,autonomous_selfing_capacity,Arnica latifolia,autonomous,glopl,accepted_name_exact,https://doi.org/10.6084/m9.figshare.14607882.v1,"S3 row 136: genus.species=Arnica_latifolia; TPL.family=Compositae; source.dataset=glopl; study=Straka and Starzomski, Oecologia, 2015; auto.fs.x=NA; auto.spfr.x=NA; auto.spofl.x=NA; auto.spofr.x=NA; auto.spfl.x=NA; auto.spp.x=35.9 || S3 row 137: genus.species=Arnica_latifolia; TPL.family=Compositae; source.dataset=glopl; study=Straka and Starzomski, Oecologia, 2015; auto.fs.x=NA; auto.spfr.x=NA; auto.spofl.x=NA; auto.spofr.x=NA; auto.spfl.x=NA; auto.spp.x=25.56 || S3 row 138: genus.species=Arnica_latifolia; TPL.family=Compositae; source.dataset=glopl; study=Straka and Starzomski, Oecologia, 2015; auto.fs.x=NA; auto.spfr.x=NA; auto.spofl.x=NA; auto.spofr.x=NA; auto.spfl.x=NA; auto.spp.x=33.56",true,wild_or_naturalized_field_population,Codex structured pollinator-exclusion record audit,2026-08-11T00:00:00Z,accepted: exact species and family match; the cited structured record reports non-negative reproductive output under pollinator exclusion,8421c2e01c0783ce979b8603
rodger2021:stellenbosch:0219af1134a12950167abd6b,autonomous_selfing_capacity,Medicago arborea,autonomous,stellenbosch,accepted_name_exact,https://doi.org/10.6084/m9.figshare.14607882.v1,"S3 row 847: genus.species=Medicago_arborea; TPL.family=Leguminosae; source.dataset=stellenbosch; study=Perez-Banon, Plant Systematics and Evolution, 2003; auto.fs.x=0.042; auto.spfr.x=0.09; auto.spofl.x=NA; auto.spofr.x=NA; auto.spfl.x=0.00378; auto.spp.x=NA",true,wild_or_naturalized_field_population,Codex structured pollinator-exclusion record audit,2026-08-11T00:00:00Z,accepted: exact species and family match; the cited structured record reports non-negative reproductive output under pollinator exclusion,f2201a9b024eb90464ec1cdd
rodger2021:glopl:680f7a691e287dc615a3828e,autonomous_selfing_capacity,Magnolia sumatrana,absent,glopl,accepted_name_exact,https://doi.org/10.6084/m9.figshare.14607882.v1,"S3 row 827: genus.species=Magnolia_sumatrana; TPL.family=Magnoliaceae; source.dataset=glopl; study=Zhao et al., Journal of West China Forestry Science, 2015; auto.fs.x=0; auto.spfr.x=NA; auto.spofl.x=NA; auto.spofr.x=NA; auto.spfl.x=NA; auto.spp.x=NA",true,wild_or_naturalized_field_population,Codex structured pollinator-exclusion record audit,2026-08-11T00:00:00Z,accepted: exact species and family match; the cited structured record reports non-negative reproductive output under pollinator exclusion,cf495632f10905eabe3467d6
rodger2021:konstanz:6adee2e409cfe9b406846c4c,autonomous_selfing_capacity,Argyroxiphium sandwicense,autonomous,konstanz,accepted_name_exact,https://doi.org/10.6084/m9.figshare.14607882.v1,"S3 row 126: genus.species=Argyroxiphium_sandwicense; TPL.family=Compositae; source.dataset=konstanz; study=Carr etal, Evolution, 1986; auto.fs.x=NA; auto.spfr.x=NA; auto.spofl.x=0.0011; auto.spofr.x=NA; auto.spfl.x=NA; auto.spp.x=NA",true,wild_or_naturalized_field_population,Codex structured pollinator-exclusion record audit,2026-08-11T00:00:00Z,accepted: exact species and family match; the cited structured record reports non-negative reproductive output under pollinator exclusion,a7fba45673cbcb3aad01bbb4
rodger2021:glopl:9809e522d9f524fceedd2990,autonomous_selfing_capacity,Euthamia graminifolia,autonomous,glopl,accepted_name_exact,https://doi.org/10.6084/m9.figshare.14607882.v1,"S3 row 548: genus.species=Euthamia_graminifolia; TPL.family=Compositae; source.dataset=glopl; study=Gross and Werner, Ecological Monographs, 1983; auto.fs.x=NA; auto.spfr.x=NA; auto.spofl.x=0.0487; auto.spofr.x=NA; auto.spfl.x=NA; auto.spp.x=NA || S3 row 549: genus.species=Euthamia_graminifolia; TPL.family=Compositae; source.dataset=glopl; study=Gross and Werner, Ecological Monographs, 1983; auto.fs.x=NA; auto.spfr.x=NA; auto.spofl.x=0.0165; auto.spofr.x=NA; auto.spfl.x=NA; auto.spp.x=NA",true,wild_or_naturalized_field_population,Codex structured pollinator-exclusion record audit,2026-08-11T00:00:00Z,accepted: exact species and family match; the cited structured record reports non-negative reproductive output under pollinator exclusion,405d203132bc833e911aea8d
rodger2021:konstanz:45cc350fba86835a12b3fce6,autonomous_selfing_capacity,Chamaecrista desvauxii,absent,konstanz,accepted_name_exact,https://doi.org/10.6084/m9.figshare.14607882.v1,"S3 row 286: genus.species=Chamaecrista_desvauxii; TPL.family=Leguminosae; source.dataset=konstanz; study=Costa etal, Plant Systematics and Evolution, 2013; auto.fs.x=0; auto.spfr.x=0; auto.spofl.x=NA; auto.spofr.x=NA; auto.spfl.x=0; auto.spp.x=NA || S3 row 287: genus.species=Chamaecrista_desvauxii; TPL.family=Leguminosae; source.dataset=konstanz; study=Costa etal, Plant Systematics and Evolution, 2013; auto.fs.x=0; auto.spfr.x=0; auto.spofl.x=NA; auto.spofr.x=NA; auto.spfl.x=0; auto.spp.x=NA",true,wild_or_naturalized_field_population,Codex structured pollinator-exclusion record audit,2026-08-11T00:00:00Z,accepted: exact species and family match; the cited structured record reports non-negative reproductive output under pollinator exclusion,fe27e96fe53a4a8e92dbc009
rodger2021:konstanz:646ed105d13fb9c749738c99,autonomous_selfing_capacity,Quinchamalium chilense,autonomous,konstanz,accepted_name_exact,https://doi.org/10.6084/m9.figshare.14607882.v1,"S3 row 1195: genus.species=Quinchamalium_chilense; TPL.family=Schoepfiaceae; source.dataset=konstanz; study=Gonzalez Perez, International Journal of Plant Science, 2010; auto.fs.x=0.54; auto.spfr.x=NA; auto.spofl.x=NA; auto.spofr.x=NA; auto.spfl.x=NA; auto.spp.x=NA",true,wild_or_naturalized_field_population,Codex structured pollinator-exclusion record audit,2026-08-11T00:00:00Z,accepted: exact species and family match; the cited structured record reports non-negative reproductive output under pollinator exclusion,9d36542aa5605d589144858d
rodger2021:glopl:1278159cf6303316ce32f8b2,autonomous_selfing_capacity,Byrsonima sericea,absent,glopl,accepted_name_exact,https://doi.org/10.6084/m9.figshare.14607882.v1,"S3 row 205: genus.species=Byrsonima_sericea; TPL.family=Malpighiaceae; source.dataset=glopl; study=Costa et al. , Braz J Bot, 2006; auto.fs.x=0; auto.spfr.x=NA; auto.spofl.x=NA; auto.spofr.x=NA; auto.spfl.x=NA; auto.spp.x=NA",true,wild_or_naturalized_field_population,Codex structured pollinator-exclusion record audit,2026-08-11T00:00:00Z,accepted: exact species and family match; the cited structured record reports non-negative reproductive output under pollinator exclusion,c84734210461303485c62c9a
rodger2021:glopl:729a48eac0dcb9c639b074d3,autonomous_selfing_capacity,Marcetia taxifolia,absent,glopl,accepted_name_exact,https://doi.org/10.6084/m9.figshare.14607882.v1,"S3 row 839: genus.species=Marcetia_taxifolia; TPL.family=Melastomataceae; source.dataset=glopl; study=Hokche & Ramírez, Acta Botanica Venezuelana, 2008; auto.fs.x=0; auto.spfr.x=NA; auto.spofl.x=NA; auto.spofr.x=NA; auto.spfl.x=NA; auto.spp.x=NA",true,wild_or_naturalized_field_population,Codex structured pollinator-exclusion record audit,2026-08-11T00:00:00Z,accepted: exact species and family match; the cited structured record reports non-negative reproductive output under pollinator exclusion,30f85d670308c8f5c2503ce9
rodger2021:konstanz:48e65bd3d2e94032bd718d7e,autonomous_selfing_capacity,Romulea rosea,autonomous,konstanz,accepted_name_exact,https://doi.org/10.6084/m9.figshare.14607882.v1,"S3 row 1231: genus.species=Romulea_rosea; TPL.family=Iridaceae; source.dataset=konstanz; study=vanKleunen etal, American Naturalist, 2008; auto.fs.x=0.9; auto.spfr.x=28.22; auto.spofl.x=NA; auto.spofr.x=NA; auto.spfl.x=25.4; auto.spp.x=NA || S3 row 1232: genus.species=Romulea_rosea; TPL.family=Iridaceae; source.dataset=konstanz; study=vanKleunen etal, American Naturalist, 2008; auto.fs.x=0.2; auto.spfr.x=5; auto.spofl.x=NA; auto.spofr.x=NA; auto.spfl.x=1; auto.spp.x=NA",true,wild_or_naturalized_field_population,Codex structured pollinator-exclusion record audit,2026-08-11T00:00:00Z,accepted: exact species and family match; the cited structured record reports non-negative reproductive output under pollinator exclusion,a7fcb77de2aec61c3148a997
rodger2021:glopl:579941dc88c8673e9750c22f,autonomous_selfing_capacity,Tamarix ramosissima,autonomous,glopl,accepted_name_exact,https://doi.org/10.6084/m9.figshare.14607882.v1,"S3 row 1385: genus.species=Tamarix_ramosissima; TPL.family=Tamaricaceae; source.dataset=glopl; study=Chen and Zhao, South African Journal of Botany, 2015; auto.fs.x=0.062; auto.spfr.x=NA; auto.spofl.x=NA; auto.spofr.x=NA; auto.spfl.x=4.9; auto.spp.x=NA",true,wild_or_naturalized_field_population,Codex structured pollinator-exclusion record audit,2026-08-11T00:00:00Z,accepted: exact species and family match; the cited structured record reports non-negative reproductive output under pollinator exclusion,c197314373a68b307fbd35c7
rodger2021:glopl:4eccb093781f24f34d1e10b9,autonomous_selfing_capacity,Aquilaria crassna,autonomous,glopl,accepted_name_exact,https://doi.org/10.6084/m9.figshare.14607882.v1,"S3 row 111: genus.species=Aquilaria_crassna; TPL.family=Thymelaeaceae; source.dataset=glopl; study=Tasen et al, J. Fac. Agr., Kyushu Univ.,, 2009; auto.fs.x=0.004; auto.spfr.x=NA; auto.spofl.x=NA; auto.spofr.x=NA; auto.spfl.x=NA; auto.spp.x=NA || S3 row 112: genus.species=Aquilaria_crassna; TPL.family=Thymelaeaceae; source.dataset=glopl; study=Tasen et al, J. Fac. Agr., Kyushu Univ.,, 2009; auto.fs.x=0.007; auto.spfr.x=NA; auto.spofl.x=NA; auto.spofr.x=NA; auto.spfl.x=NA; auto.spp.x=NA",true,wild_or_naturalized_field_population,Codex structured pollinator-exclusion record audit,2026-08-11T00:00:00Z,accepted: exact species and family match; the cited structured record reports non-negative reproductive output under pollinator exclusion,9ab8dfc8572ecf4f852e5080
rodger2021:glopl:09f08041a89d2f5d10a50361,autonomous_selfing_capacity,Parrya nudicaulis,autonomous,glopl,accepted_name_exact,https://doi.org/10.6084/m9.figshare.14607882.v1,"S3 row 1004: genus.species=Parrya_nudicaulis; TPL.family=Brassicaceae; source.dataset=glopl; study=Fulkerson, Whittall, Carlson, PLoS One, 2012; auto.fs.x=NA; auto.spfr.x=0.09; auto.spofl.x=NA; auto.spofr.x=NA; auto.spfl.x=NA; auto.spp.x=0.45",true,wild_or_naturalized_field_population,Codex structured pollinator-exclusion record audit,2026-08-11T00:00:00Z,accepted: exact species and family match; the cited structured record reports non-negative reproductive output under pollinator exclusion,9341de275a59019ba0c76b71
rodger2021:konstanz:5791d79c36cc612e11600ad2,autonomous_selfing_capacity,Potentilla uniflora,autonomous,konstanz,accepted_name_exact,https://doi.org/10.6084/m9.figshare.14607882.v1,"S3 row 1130: genus.species=Potentilla_uniflora; TPL.family=Rosaceae; source.dataset=konstanz; study=Eriksen, Folia Geobot. Phytotax., 1996; auto.fs.x=NA; auto.spfr.x=NA; auto.spofl.x=0.0022; auto.spofr.x=NA; auto.spfl.x=NA; auto.spp.x=NA",true,wild_or_naturalized_field_population,Codex structured pollinator-exclusion record audit,2026-08-11T00:00:00Z,accepted: exact species and family match; the cited structured record reports non-negative reproductive output under pollinator exclusion,3520bd1fcc8e5c0fd20cbc04
rodger2021:glopl:6a5d1cd65c44fb31a8c598ca,autonomous_selfing_capacity,Tamarix chinensis,autonomous,glopl,accepted_name_exact,https://doi.org/10.6084/m9.figshare.14607882.v1,"S3 row 1384: genus.species=Tamarix_chinensis; TPL.family=Tamaricaceae; source.dataset=glopl; study=Wang et al, Journal of Tropical and Subtropical Botany, 2005; auto.fs.x=0.04; auto.spfr.x=NA; auto.spofl.x=NA; auto.spofr.x=NA; auto.spfl.x=NA; auto.spp.x=NA",true,wild_or_naturalized_field_population,Codex structured pollinator-exclusion record audit,2026-08-11T00:00:00Z,accepted: exact species and family match; the cited structured record reports non-negative reproductive output under pollinator exclusion,d6e23ed0da143ac87898ba1f
rodger2021:glopl:96b6acce819f39c3b9d3132b,autonomous_selfing_capacity,Sophora microphylla,autonomous,glopl,accepted_name_exact,https://doi.org/10.6084/m9.figshare.14607882.v1,"S3 row 1338: genus.species=Sophora_microphylla; TPL.family=Leguminosae; source.dataset=glopl; study=Van Etten et al, Annals of Botany, 2015; auto.fs.x=NA; auto.spfr.x=NA; auto.spofl.x=NA; auto.spofr.x=NA; auto.spfl.x=0.21; auto.spp.x=NA || S3 row 1339: genus.species=Sophora_microphylla; TPL.family=Leguminosae; source.dataset=glopl; study=Van Etten et al, Annals of Botany, 2015; auto.fs.x=NA; auto.spfr.x=NA; auto.spofl.x=NA; auto.spofr.x=NA; auto.spfl.x=0.3; auto.spp.x=NA || S3 row 1340: genus.species=Sophora_microphylla; TPL.family=Leguminosae; source.dataset=glopl; study=Van Etten et al, Annals of Botany, 2015; auto.fs.x=NA; auto.spfr.x=NA; auto.spofl.x=NA; auto.spofr.x=NA; auto.spfl.x=0.08; auto.spp.x=NA || S3 row 1341: genus.species=Sophora_microphylla; TPL.family=Leguminosae; source.dataset=glopl; study=Van Etten et al, Annals of Botany, 2015; auto.fs.x=NA; auto.spfr.x=NA; auto.spofl.x=NA; auto.spofr.x=NA; auto.spfl.x=0.06; auto.spp.x=NA || S3 row 1342: genus.species=Sophora_microphylla; TPL.family=Leguminosae; source.dataset=glopl; study=Van Etten et al, Annals of Botany, 2015; auto.fs.x=NA; auto.spfr.x=NA; auto.spofl.x=NA; auto.spofr.x=NA; auto.spfl.x=0.02; auto.spp.x=NA || S3 row 1343: genus.species=Sophora_microphylla; TPL.family=Leguminosae; source.dataset=glopl; study=Van Etten et al, Annals of Botany, 2015; auto.fs.x=NA; auto.spfr.x=NA; auto.spofl.x=NA; auto.spofr.x=NA; auto.spfl.x=0.2; auto.spp.x=NA || S3 row 1344: genus.species=Sophora_microphylla; TPL.family=Leguminosae; source.dataset=glopl; study=Van Etten et al, Annals of Botany, 2015; auto.fs.x=NA; auto.spfr.x=NA; auto.spofl.x=NA; auto.spofr.x=NA; auto.spfl.x=0.06; auto.spp.x=NA || S3 row 1346: genus.species=Sophora_microphylla; TPL.family=Leguminosae; source.dataset=glopl; study=Van Etten et al, Annals of Botany, 2015; auto.fs.x=NA; auto.spfr.x=NA; auto.spofl.x=NA; auto.spofr.x=NA; auto.spfl.x=0.39; auto.spp.x=NA || S3 row 1347: genus.species=Sophora_microphylla; TPL.family=Leguminosae; source.dataset=glopl; study=Van Etten et al, Annals of Botany, 2015; auto.fs.x=NA; auto.spfr.x=NA; auto.spofl.x=NA; auto.spofr.x=NA; auto.spfl.x=0.07; auto.spp.x=NA",true,wild_or_naturalized_field_population,Codex structured pollinator-exclusion record audit,2026-08-11T00:00:00Z,accepted: exact species and family match; the cited structured record reports non-negative reproductive output under pollinator exclusion,160978d4df4e073bd60313f2
rodger2021:konstanz:4bd69145a4f620266fea509d,autonomous_selfing_capacity,Sparaxis bulbifera,autonomous,konstanz,accepted_name_exact,https://doi.org/10.6084/m9.figshare.14607882.v1,"S3 row 1354: genus.species=Sparaxis_bulbifera; TPL.family=Iridaceae; source.dataset=konstanz; study=vanKleunen etal, American Naturalist, 2008; auto.fs.x=0.5814; auto.spfr.x=7.76; auto.spofl.x=NA; auto.spofr.x=NA; auto.spfl.x=4.51; auto.spp.x=NA || S3 row 1356: genus.species=Sparaxis_bulbifera; TPL.family=Iridaceae; source.dataset=konstanz; study=vanKleunen etal, American Naturalist, 2008; auto.fs.x=0.75; auto.spfr.x=8.67; auto.spofl.x=NA; auto.spofr.x=NA; auto.spfl.x=6.5; auto.spp.x=NA || S3 row 1357: genus.species=Sparaxis_bulbifera; TPL.family=Iridaceae; source.dataset=konstanz; study=vanKleunen etal, American Naturalist, 2008; auto.fs.x=0.3571; auto.spfr.x=9.75; auto.spofl.x=NA; auto.spofr.x=NA; auto.spfl.x=3.48; auto.spp.x=NA",true,wild_or_naturalized_field_population,Codex structured pollinator-exclusion record audit,2026-08-11T00:00:00Z,accepted: exact species and family match; the cited structured record reports non-negative reproductive output under pollinator exclusion,b4733724d2809f18e88ebe09
rodger2021:glopl:2772fe425c373d394393addb,autonomous_selfing_capacity,Pleroma sellowianum,absent,glopl,synonym_exact_two_backbone,https://doi.org/10.6084/m9.figshare.14607882.v1,"S3 row 1419: genus.species=Tibouchina_sellowiana; TPL.family=Melastomataceae; source.dataset=glopl; study=Pereira et al., Flora, 2011; auto.fs.x=0; auto.spfr.x=NA; auto.spofl.x=NA; auto.spofr.x=NA; auto.spfl.x=NA; auto.spp.x=NA",true,wild_or_naturalized_field_population,Codex structured pollinator-exclusion record audit,2026-08-11T00:00:00Z,accepted: exact species and family match; the cited structured record reports non-negative reproductive output under pollinator exclusion,85b5ffe4d2e866099d9f784c
rodger2021:glopl:d3d50a3510c14394f42b297d,autonomous_selfing_capacity,Luculia pinceana,absent,glopl,accepted_name_exact,https://doi.org/10.6084/m9.figshare.14607882.v1,"S3 row 808: genus.species=Luculia_pinceana; TPL.family=Rubiaceae; source.dataset=glopl; study=Ma et al., Forest Research, 2009; auto.fs.x=0; auto.spfr.x=NA; auto.spofl.x=NA; auto.spofr.x=NA; auto.spfl.x=NA; auto.spp.x=NA || S3 row 809: genus.species=Luculia_pinceana; TPL.family=Rubiaceae; source.dataset=glopl; study=Ma et al., Forest Research, 2009; auto.fs.x=0; auto.spfr.x=NA; auto.spofl.x=NA; auto.spofr.x=NA; auto.spfl.x=NA; auto.spp.x=NA",true,wild_or_naturalized_field_population,Codex structured pollinator-exclusion record audit,2026-08-11T00:00:00Z,accepted: exact species and family match; the cited structured record reports non-negative reproductive output under pollinator exclusion,4ae2d4fa1ef7271b286ff766
rodger2021:konstanz:262aa86aec342f6faf6c1060,autonomous_selfing_capacity,Scalesia pedunculata,autonomous,konstanz,accepted_name_exact,https://doi.org/10.6084/m9.figshare.14607882.v1,"S3 row 1275: genus.species=Scalesia_pedunculata; TPL.family=Compositae; source.dataset=konstanz; study=McMullen, American Journal of Botany, 1987; auto.fs.x=0.5; auto.spfr.x=1; auto.spofl.x=NA; auto.spofr.x=NA; auto.spfl.x=0.5; auto.spp.x=NA",true,wild_or_naturalized_field_population,Codex structured pollinator-exclusion record audit,2026-08-11T00:00:00Z,accepted: exact species and family match; the cited structured record reports non-negative reproductive output under pollinator exclusion,22cfd293b86856ce6d8e8198
rodger2021:konstanz:50f092a58374081e08e8e16d,autonomous_selfing_capacity,Chamaecrista lineata,absent,konstanz,accepted_name_exact,https://doi.org/10.6084/m9.figshare.14607882.v1,"S3 row 289: genus.species=Chamaecrista_lineata; TPL.family=Leguminosae; source.dataset=konstanz; study=Liu Koptur, American Journal of Botany, 2003; auto.fs.x=0; auto.spfr.x=0; auto.spofl.x=NA; auto.spofr.x=NA; auto.spfl.x=0; auto.spp.x=NA || S3 row 290: genus.species=Chamaecrista_lineata; TPL.family=Leguminosae; source.dataset=konstanz; study=Liu Koptur, American Journal of Botany, 2003; auto.fs.x=0; auto.spfr.x=0; auto.spofl.x=NA; auto.spofr.x=NA; auto.spfl.x=0; auto.spp.x=NA",true,wild_or_naturalized_field_population,Codex structured pollinator-exclusion record audit,2026-08-11T00:00:00Z,accepted: exact species and family match; the cited structured record reports non-negative reproductive output under pollinator exclusion,d513968959d0bc83a8c37768
rodger2021:glopl:b83608f65d7fb96e4e50b731,autonomous_selfing_capacity,Alseuosmia quercifolia,autonomous,glopl,accepted_name_exact,https://doi.org/10.6084/m9.figshare.14607882.v1,"S3 row 70: genus.species=Alseuosmia_quercifolia; TPL.family=Alseuosmiaceae; source.dataset=glopl; study=Merrett et al, New Zealand Journal of Botany, 2007; auto.fs.x=0.0471; auto.spfr.x=NA; auto.spofl.x=NA; auto.spofr.x=NA; auto.spfl.x=NA; auto.spp.x=NA || S3 row 71: genus.species=Alseuosmia_quercifolia; TPL.family=Alseuosmiaceae; source.dataset=glopl; study=Merrett et al, New Zealand Journal of Botany, 2007; auto.fs.x=0.0718; auto.spfr.x=NA; auto.spofl.x=NA; auto.spofr.x=NA; auto.spfl.x=NA; auto.spp.x=NA",true,wild_or_naturalized_field_population,Codex structured pollinator-exclusion record audit,2026-08-11T00:00:00Z,accepted: exact species and family match; the cited structured record reports non-negative reproductive output under pollinator exclusion,e078628098ea2c23c718f701
rodger2021:konstanz:e7778cef015234bb7b13b201,autonomous_selfing_capacity,Vallesia glabra,absent,konstanz,accepted_name_exact,https://doi.org/10.6084/m9.figshare.14607882.v1,"S3 row 1481: genus.species=Vallesia_glabra; TPL.family=Apocynaceae; source.dataset=konstanz; study=McMullen, American Journal of Botany, 1987; auto.fs.x=0; auto.spfr.x=0; auto.spofl.x=NA; auto.spofr.x=NA; auto.spfl.x=0; auto.spp.x=NA",true,wild_or_naturalized_field_population,Codex structured pollinator-exclusion record audit,2026-08-11T00:00:00Z,accepted: exact species and family match; the cited structured record reports non-negative reproductive output under pollinator exclusion,0217709a1a58735cc9fa34c2
rodger2021:konstanz:8b0e51dc1363f100d816e6ce,autonomous_selfing_capacity,Delphinium nuttallianum,autonomous,konstanz,accepted_name_exact,https://doi.org/10.6084/m9.figshare.14607882.v1,"S3 row 421: genus.species=Delphinium_nuttallianum; TPL.family=Ranunculaceae; source.dataset=konstanz; study=Williams etal, American Journal of Botany, 2001; auto.fs.x=NA; auto.spfr.x=1.1; auto.spofl.x=NA; auto.spofr.x=NA; auto.spfl.x=NA; auto.spp.x=NA",true,wild_or_naturalized_field_population,Codex structured pollinator-exclusion record audit,2026-08-11T00:00:00Z,accepted: exact species and family match; the cited structured record reports non-negative reproductive output under pollinator exclusion,74dcb25e379f56e0ed8b2df0
rodger2021:glopl:9ead9f114a869483937ff664,autonomous_selfing_capacity,Capparis spinosa,autonomous,glopl,accepted_name_exact,https://doi.org/10.6084/m9.figshare.14607882.v1,"S3 row 254: genus.species=Capparis_spinosa; TPL.family=Capparaceae; source.dataset=glopl; study=Zhang and Tan, Journal of Integrative Plant Biology, 2009; auto.fs.x=0.094; auto.spfr.x=79.7; auto.spofl.x=NA; auto.spofr.x=NA; auto.spfl.x=NA; auto.spp.x=NA",true,wild_or_naturalized_field_population,Codex structured pollinator-exclusion record audit,2026-08-11T00:00:00Z,accepted: exact species and family match; the cited structured record reports non-negative reproductive output under pollinator exclusion,9c86e8713354c52e702c9028
rodger2021:stellenbosch:2fe80c3f4776ff5e00ddc3d8,autonomous_selfing_capacity,Ficus cordata,absent,stellenbosch,accepted_name_exact,https://doi.org/10.6084/m9.figshare.14607882.v1,"S3 row 562: genus.species=Ficus_cordata; TPL.family=Moraceae; source.dataset=stellenbosch; study=Stanway, University of Stellenbosch MSc Thesis, 2010; auto.fs.x=0; auto.spfr.x=NA; auto.spofl.x=NA; auto.spofr.x=NA; auto.spfl.x=NA; auto.spp.x=NA",true,wild_or_naturalized_field_population,Codex structured pollinator-exclusion record audit,2026-08-11T00:00:00Z,accepted: exact species and family match; the cited structured record reports non-negative reproductive output under pollinator exclusion,e12ffedb054caa7b7ecfbbde
rodger2021:stellenbosch:ef55bd6c964370d9a593fac0,autonomous_selfing_capacity,Oxalis obtusa,absent,stellenbosch,accepted_name_exact,https://doi.org/10.6084/m9.figshare.14607882.v1,"S3 row 977: genus.species=Oxalis_obtusa; TPL.family=Oxalidaceae; source.dataset=stellenbosch; study=Stanway, University of Stellenbosch MSc Thesis, 2010; auto.fs.x=0; auto.spfr.x=NA; auto.spofl.x=NA; auto.spofr.x=NA; auto.spfl.x=NA; auto.spp.x=NA",true,wild_or_naturalized_field_population,Codex structured pollinator-exclusion record audit,2026-08-11T00:00:00Z,accepted: exact species and family match; the cited structured record reports non-negative reproductive output under pollinator exclusion,8912918983ab2a9b71996f3e
rodger2021:glopl:a6d67154d3dcd2d2e7bb3e81,autonomous_selfing_capacity,Rhynchanthera dichotoma,autonomous,glopl,accepted_name_exact,https://doi.org/10.6084/m9.figshare.14607882.v1,"S3 row 1226: genus.species=Rhynchanthera_dichotoma; TPL.family=Melastomataceae; source.dataset=glopl; study=Guimarães & Ranga, Acta Botanica Brasilica, 1997; auto.fs.x=0.33; auto.spfr.x=NA; auto.spofl.x=NA; auto.spofr.x=NA; auto.spfl.x=NA; auto.spp.x=NA",true,wild_or_naturalized_field_population,Codex structured pollinator-exclusion record audit,2026-08-11T00:00:00Z,accepted: exact species and family match; the cited structured record reports non-negative reproductive output under pollinator exclusion,58ceba899fc5aed30df96a7b
rodger2021:stellenbosch:b274bb9ff55638a4ee9bb210,autonomous_selfing_capacity,Tephrosia capensis,autonomous,stellenbosch,accepted_name_exact,https://doi.org/10.6084/m9.figshare.14607882.v1,"S3 row 1390: genus.species=Tephrosia_capensis; TPL.family=Leguminosae; source.dataset=stellenbosch; study=Rodger and Ellis, unpublished, NA; auto.fs.x=0.666666667; auto.spfr.x=NA; auto.spofl.x=NA; auto.spofr.x=NA; auto.spfl.x=NA; auto.spp.x=NA",true,wild_or_naturalized_field_population,Codex structured pollinator-exclusion record audit,2026-08-11T00:00:00Z,accepted: exact species and family match; the cited structured record reports non-negative reproductive output under pollinator exclusion,90b7718964cb7febd234e297
rodger2021:konstanz:a7562555a32d9537bd6b71b3,autonomous_selfing_capacity,Leonotis leonurus,autonomous,konstanz,accepted_name_exact,https://doi.org/10.6084/m9.figshare.14607882.v1,"S3 row 773: genus.species=Leonotis_leonurus; TPL.family=Lamiaceae; source.dataset=konstanz; study=Vos, Plant Systematics and Evolution, 1994; auto.fs.x=0.013; auto.spfr.x=NA; auto.spofl.x=NA; auto.spofr.x=NA; auto.spfl.x=NA; auto.spp.x=NA",true,wild_or_naturalized_field_population,Codex structured pollinator-exclusion record audit,2026-08-11T00:00:00Z,accepted: exact species and family match; the cited structured record reports non-negative reproductive output under pollinator exclusion,c16fa34c09bcf51b8d939010
rodger2021:glopl:ba4d1730ddd675fd07349c06,autonomous_selfing_capacity,Sophora microphylla,absent,glopl,accepted_name_exact,https://doi.org/10.6084/m9.figshare.14607882.v1,"S3 row 1345: genus.species=Sophora_microphylla; TPL.family=Leguminosae; source.dataset=glopl; study=Van Etten et al, Annals of Botany, 2015; auto.fs.x=NA; auto.spfr.x=NA; auto.spofl.x=NA; auto.spofr.x=NA; auto.spfl.x=0; auto.spp.x=NA || S3 row 1348: genus.species=Sophora_microphylla; TPL.family=Leguminosae; source.dataset=glopl; study=Van Etten et al, Annals of Botany, 2015; auto.fs.x=NA; auto.spfr.x=NA; auto.spofl.x=NA; auto.spofr.x=NA; auto.spfl.x=0; auto.spp.x=NA",true,wild_or_naturalized_field_population,Codex structured pollinator-exclusion record audit,2026-08-11T00:00:00Z,accepted: exact species and family match; the cited structured record reports non-negative reproductive output under pollinator exclusion,312f87cb8386e899b401fa15
rodger2021:glopl:0fc35e37d9a042d5e4eb084a,autonomous_selfing_capacity,Tecoma stans,autonomous,glopl,accepted_name_exact,https://doi.org/10.6084/m9.figshare.14607882.v1,"S3 row 1386: genus.species=Tecoma_stans; TPL.family=Bignoniaceae; source.dataset=glopl; study=Dutra Machado, Neotrop Entomol, 2001; auto.fs.x=0.08; auto.spfr.x=NA; auto.spofl.x=NA; auto.spofr.x=NA; auto.spfl.x=NA; auto.spp.x=NA",true,wild_or_naturalized_field_population,Codex structured pollinator-exclusion record audit,2026-08-11T00:00:00Z,accepted: exact species and family match; the cited structured record reports non-negative reproductive output under pollinator exclusion,e263dcf6e8bb001e08b29168
rodger2021:stellenbosch:c12f7bce915e04248ccd1cc0,autonomous_selfing_capacity,Oxalis purpurea,absent,stellenbosch,accepted_name_exact,https://doi.org/10.6084/m9.figshare.14607882.v1,"S3 row 980: genus.species=Oxalis_purpurea; TPL.family=Oxalidaceae; source.dataset=stellenbosch; study=Stanway, University of Stellenbosch MSc Thesis, 2010; auto.fs.x=0; auto.spfr.x=NA; auto.spofl.x=NA; auto.spofr.x=NA; auto.spfl.x=NA; auto.spp.x=NA",true,wild_or_naturalized_field_population,Codex structured pollinator-exclusion record audit,2026-08-11T00:00:00Z,accepted: exact species and family match; the cited structured record reports non-negative reproductive output under pollinator exclusion,8316324dd390f663f9541615
rodger2021:glopl:a24c322d124d092b4b649cf2,autonomous_selfing_capacity,Rhododendron irroratum,absent,glopl,accepted_name_exact,https://doi.org/10.6084/m9.figshare.14607882.v1,"S3 row 1219: genus.species=Rhododendron_irroratum; TPL.family=Ericaceae; source.dataset=glopl; study=Zhang et al., Biodiversity Science, 2007; auto.fs.x=0; auto.spfr.x=NA; auto.spofl.x=NA; auto.spofr.x=NA; auto.spfl.x=NA; auto.spp.x=NA",true,wild_or_naturalized_field_population,Codex structured pollinator-exclusion record audit,2026-08-11T00:00:00Z,accepted: exact species and family match; the cited structured record reports non-negative reproductive output under pollinator exclusion,21eaa9fdcdc913a686e56469
rodger2021:glopl:a6e0fa0485da7eea472118a9,autonomous_selfing_capacity,Delphinium menziesii,absent,glopl,accepted_name_exact,https://doi.org/10.6084/m9.figshare.14607882.v1,"S3 row 420: genus.species=Delphinium_menziesii; TPL.family=Ranunculaceae; source.dataset=glopl; study=Gielens et al, NRC Research Press, 2014; auto.fs.x=NA; auto.spfr.x=NA; auto.spofl.x=NA; auto.spofr.x=NA; auto.spfl.x=NA; auto.spp.x=0",true,wild_or_naturalized_field_population,Codex structured pollinator-exclusion record audit,2026-08-11T00:00:00Z,accepted: exact species and family match; the cited structured record reports non-negative reproductive output under pollinator exclusion,67ac26e9d3f386d54c9080e7
rodger2021:glopl:11b601d70d75f2e5f23ade5e,autonomous_selfing_capacity,Tephrosia virginiana,absent,glopl,accepted_name_exact,https://doi.org/10.6084/m9.figshare.14607882.v1,"S3 row 1391: genus.species=Tephrosia_virginiana; TPL.family=Leguminosae; source.dataset=glopl; study=Harmon-Threatt et al., American Journal of Botany, 2009; auto.fs.x=0; auto.spfr.x=NA; auto.spofl.x=NA; auto.spofr.x=NA; auto.spfl.x=0; auto.spp.x=NA",true,wild_or_naturalized_field_population,Codex structured pollinator-exclusion record audit,2026-08-11T00:00:00Z,accepted: exact species and family match; the cited structured record reports non-negative reproductive output under pollinator exclusion,5270961cf6e84a3f4a0cb3b3
rodger2021:konstanz:1ed702fe64a125388830dc63,autonomous_selfing_capacity,Acacia mearnsii,autonomous,konstanz,accepted_name_exact,https://doi.org/10.6084/m9.figshare.14607882.v1,"S3 row 11: genus.species=Acacia_mearnsii; TPL.family=Leguminosae; source.dataset=konstanz; study=Rambuda Johnson, Diversity and Distributions, 2004; auto.fs.x=0.666; auto.spfr.x=1.6; auto.spofl.x=NA; auto.spofr.x=NA; auto.spfl.x=1.07; auto.spp.x=NA",true,wild_or_naturalized_field_population,Codex structured pollinator-exclusion record audit,2026-08-11T00:00:00Z,accepted: exact species and family match; the cited structured record reports non-negative reproductive output under pollinator exclusion,fbd2a65c2d0a05b57762f6ef
rodger2021:glopl:d5a32ae8b432efb5fa639e69,autonomous_selfing_capacity,Palicourea tomentosa,autonomous,glopl,synonym_exact_two_backbone,https://doi.org/10.6084/m9.figshare.14607882.v1,"S3 row 1181: genus.species=Psychotria_poeppigiana; TPL.family=Rubiaceae; source.dataset=glopl; study=Coelho Barbosa, Acta Bot Bras, 2004; auto.fs.x=0.033; auto.spfr.x=NA; auto.spofl.x=NA; auto.spofr.x=NA; auto.spfl.x=NA; auto.spp.x=NA || S3 row 1182: genus.species=Psychotria_poeppigiana; TPL.family=Rubiaceae; source.dataset=glopl; study=Coelho Barbosa, Acta Bot Bras, 2004; auto.fs.x=0.064; auto.spfr.x=NA; auto.spofl.x=NA; auto.spofr.x=NA; auto.spfl.x=NA; auto.spp.x=NA",true,wild_or_naturalized_field_population,Codex structured pollinator-exclusion record audit,2026-08-11T00:00:00Z,accepted: exact species and family match; the cited structured record reports non-negative reproductive output under pollinator exclusion,f0680e79f34638ef7c8b43a5
rodger2021:glopl:aa5ceb1b60ead17779690fdc,autonomous_selfing_capacity,Rhododendron decorum,absent,glopl,accepted_name_exact,https://doi.org/10.6084/m9.figshare.14607882.v1,"S3 row 1215: genus.species=Rhododendron_decorum; TPL.family=Ericaceae; source.dataset=glopl; study=Zhang et al., Biodiversity Science, 2007; auto.fs.x=0; auto.spfr.x=NA; auto.spofl.x=NA; auto.spofr.x=NA; auto.spfl.x=NA; auto.spp.x=NA",true,wild_or_naturalized_field_population,Codex structured pollinator-exclusion record audit,2026-08-11T00:00:00Z,accepted: exact species and family match; the cited structured record reports non-negative reproductive output under pollinator exclusion,71fc51b8b2a666b6b8e44067
rodger2021:konstanz:2338b63111a937901108d5a1,autonomous_selfing_capacity,Garcinia spicata,autonomous,konstanz,accepted_name_exact,https://doi.org/10.6084/m9.figshare.14607882.v1,"S3 row 578: genus.species=Garcinia_spicata; TPL.family=Clusiaceae; source.dataset=konstanz; study=Nayak Davidar, Flora, 2010; auto.fs.x=0.015; auto.spfr.x=NA; auto.spofl.x=NA; auto.spofr.x=NA; auto.spfl.x=NA; auto.spp.x=NA",true,wild_or_naturalized_field_population,Codex structured pollinator-exclusion record audit,2026-08-11T00:00:00Z,accepted: exact species and family match; the cited structured record reports non-negative reproductive output under pollinator exclusion,4d31f3f1edbcc9065623f56d
rodger2021:glopl:7cad4a812fd64ba45fa96b20,autonomous_selfing_capacity,Pleroma semidecandrum,absent,glopl,synonym_exact_two_backbone,https://doi.org/10.6084/m9.figshare.14607882.v1,"S3 row 1420: genus.species=Tibouchina_semidecandra; TPL.family=Melastomataceae; source.dataset=glopl; study=Goldenberg & Varassin, Revista Brasileira de Botânica, 2001; auto.fs.x=0; auto.spfr.x=NA; auto.spofl.x=NA; auto.spofr.x=NA; auto.spfl.x=NA; auto.spp.x=NA",true,wild_or_naturalized_field_population,Codex structured pollinator-exclusion record audit,2026-08-11T00:00:00Z,accepted: exact species and family match; the cited structured record reports non-negative reproductive output under pollinator exclusion,5eab603d1c3dcd7d1fc1466e
rodger2021:glopl:43fab182a3dbe929fd8a8636,autonomous_selfing_capacity,Melastoma malabathricum,absent,glopl,accepted_name_exact,https://doi.org/10.6084/m9.figshare.14607882.v1,"S3 row 850: genus.species=Melastoma_malabathricum; TPL.family=Melastomataceae; source.dataset=glopl; study=Lu et al., Biodiversity Science, 2009; auto.fs.x=0; auto.spfr.x=NA; auto.spofl.x=NA; auto.spofr.x=NA; auto.spfl.x=NA; auto.spp.x=NA || S3 row 851: genus.species=Melastoma_malabathricum; TPL.family=Melastomataceae; source.dataset=glopl; study=Lu et al., Biodiversity Science, 2009; auto.fs.x=0; auto.spfr.x=NA; auto.spofl.x=NA; auto.spofr.x=NA; auto.spfl.x=NA; auto.spp.x=NA",true,wild_or_naturalized_field_population,Codex structured pollinator-exclusion record audit,2026-08-11T00:00:00Z,accepted: exact species and family match; the cited structured record reports non-negative reproductive output under pollinator exclusion,c4d578807d03f9aea79b55c9
rodger2021:glopl:015131d6f96fe48f0da1e014,autonomous_selfing_capacity,Fritillaria meleagris,autonomous,glopl,accepted_name_exact,https://doi.org/10.6084/m9.figshare.14607882.v1,"S3 row 569: genus.species=Fritillaria_meleagris; TPL.family=Liliaceae; source.dataset=glopl; study=Zych et al., Plant Biology, 2012; auto.fs.x=NA; auto.spfr.x=5.53; auto.spofl.x=NA; auto.spofr.x=NA; auto.spfl.x=NA; auto.spp.x=NA || S3 row 570: genus.species=Fritillaria_meleagris; TPL.family=Liliaceae; source.dataset=glopl; study=Zych et al., Plant Biology, 2012; auto.fs.x=NA; auto.spfr.x=1.76; auto.spofl.x=NA; auto.spofr.x=NA; auto.spfl.x=NA; auto.spp.x=NA",true,wild_or_naturalized_field_population,Codex structured pollinator-exclusion record audit,2026-08-11T00:00:00Z,accepted: exact species and family match; the cited structured record reports non-negative reproductive output under pollinator exclusion,99e5df6198a3871acab9d260
rodger2021:glopl:b2fbcd6bb183086dd3db5fb2,autonomous_selfing_capacity,Copaifera langsdorffii,absent,glopl,accepted_name_exact,https://doi.org/10.6084/m9.figshare.14607882.v1,"S3 row 354: genus.species=Copaifera_langsdorffii; TPL.family=Leguminosae; source.dataset=glopl; study=Freitas Oliveira, RevBrasBot, 2002; auto.fs.x=0; auto.spfr.x=NA; auto.spofl.x=NA; auto.spofr.x=NA; auto.spfl.x=NA; auto.spp.x=NA",true,wild_or_naturalized_field_population,Codex structured pollinator-exclusion record audit,2026-08-11T00:00:00Z,accepted: exact species and family match; the cited structured record reports non-negative reproductive output under pollinator exclusion,f92cc6f248038fe381cea6a1
rodger2021:glopl:02aa6aa8ce6136b904fa2a5b,autonomous_selfing_capacity,Magnolia officinalis,absent,glopl,accepted_name_exact,https://doi.org/10.6084/m9.figshare.14607882.v1,"S3 row 826: genus.species=Magnolia_officinalis; TPL.family=Magnoliaceae; source.dataset=glopl; study=Yang et al., Chinese Journal of Ecology, 2012; auto.fs.x=0; auto.spfr.x=NA; auto.spofl.x=NA; auto.spofr.x=NA; auto.spfl.x=NA; auto.spp.x=NA",true,wild_or_naturalized_field_population,Codex structured pollinator-exclusion record audit,2026-08-11T00:00:00Z,accepted: exact species and family match; the cited structured record reports non-negative reproductive output under pollinator exclusion,aab9726bf61163024de43caa
rodger2021:glopl:c36235d8935be9c08626ead1,autonomous_selfing_capacity,Triteleia hyacinthina,absent,glopl,accepted_name_exact,https://doi.org/10.6084/m9.figshare.14607882.v1,"S3 row 1451: genus.species=Triteleia_hyacinthina; TPL.family=Asparagaceae; source.dataset=glopl; study=Gielens et al, NRC Research Press, 2014; auto.fs.x=NA; auto.spfr.x=NA; auto.spofl.x=NA; auto.spofr.x=NA; auto.spfl.x=NA; auto.spp.x=0",true,wild_or_naturalized_field_population,Codex structured pollinator-exclusion record audit,2026-08-11T00:00:00Z,accepted: exact species and family match; the cited structured record reports non-negative reproductive output under pollinator exclusion,0de8a4ddbe8fb0af90551400
rodger2021:glopl:16d9cc64acd7005a4dc9cb01,autonomous_selfing_capacity,Crotalaria vitellina,absent,glopl,accepted_name_exact,https://doi.org/10.6084/m9.figshare.14607882.v1,"S3 row 382: genus.species=Crotalaria_vitellina; TPL.family=Leguminosae; source.dataset=glopl; study=Brito et al., Biota Neotropica, 2010; auto.fs.x=0; auto.spfr.x=NA; auto.spofl.x=NA; auto.spofr.x=NA; auto.spfl.x=NA; auto.spp.x=NA",true,wild_or_naturalized_field_population,Codex structured pollinator-exclusion record audit,2026-08-11T00:00:00Z,accepted: exact species and family match; the cited structured record reports non-negative reproductive output under pollinator exclusion,67ad0a8c09db92c38f5d27fe
rodger2021:konstanz:e51278d4852f66202396dd44,autonomous_selfing_capacity,Adenostemma platyphyllum,autonomous,konstanz,accepted_name_exact,https://doi.org/10.6084/m9.figshare.14607882.v1,"S3 row 23: genus.species=Adenostemma_platyphyllum; TPL.family=Compositae; source.dataset=konstanz; study=McMullen, American Journal of Botany, 1987; auto.fs.x=0.262; auto.spfr.x=1; auto.spofl.x=NA; auto.spofr.x=NA; auto.spfl.x=0.26; auto.spp.x=NA",true,wild_or_naturalized_field_population,Codex structured pollinator-exclusion record audit,2026-08-11T00:00:00Z,accepted: exact species and family match; the cited structured record reports non-negative reproductive output under pollinator exclusion,c29c81e92730469236636d0b
rodger2021:konstanz:3f1c64d8304a82a6cc4e9cf8,autonomous_selfing_capacity,Scutia spicata,autonomous,konstanz,accepted_name_exact,https://doi.org/10.6084/m9.figshare.14607882.v1,"S3 row 1284: genus.species=Scutia_spicata; TPL.family=Rhamnaceae; source.dataset=konstanz; study=McMullen, American Journal of Botany, 1987; auto.fs.x=0.053; auto.spfr.x=NA; auto.spofl.x=NA; auto.spofr.x=NA; auto.spfl.x=NA; auto.spp.x=NA",true,wild_or_naturalized_field_population,Codex structured pollinator-exclusion record audit,2026-08-11T00:00:00Z,accepted: exact species and family match; the cited structured record reports non-negative reproductive output under pollinator exclusion,623e74af5a153531ea77ff48
rodger2021:konstanz:16e82e36747312a317e35971,autonomous_selfing_capacity,Kalmia angustifolia,autonomous,konstanz,accepted_name_exact,https://doi.org/10.6084/m9.figshare.14607882.v1,"S3 row 750: genus.species=Kalmia_angustifolia; TPL.family=Ericaceae; source.dataset=konstanz; study=Wheelwright etal, American Midlands Naturalist, 2006; auto.fs.x=0.65; auto.spfr.x=NA; auto.spofl.x=NA; auto.spofr.x=NA; auto.spfl.x=NA; auto.spp.x=NA || S3 row 751: genus.species=Kalmia_angustifolia; TPL.family=Ericaceae; source.dataset=konstanz; study=Wheelwright etal, American Midlands Naturalist, 2006; auto.fs.x=0.889; auto.spfr.x=NA; auto.spofl.x=NA; auto.spofr.x=NA; auto.spfl.x=NA; auto.spp.x=NA",true,wild_or_naturalized_field_population,Codex structured pollinator-exclusion record audit,2026-08-11T00:00:00Z,accepted: exact species and family match; the cited structured record reports non-negative reproductive output under pollinator exclusion,6325bb7c42d9eac8a7ee32c9
rodger2021:glopl:a468417cb6c0a0141d0e2486,autonomous_selfing_capacity,Silene stellata,autonomous,glopl,accepted_name_exact,https://doi.org/10.6084/m9.figshare.14607882.v1,"S3 row 1316: genus.species=Silene_stellata; TPL.family=Caryophyllaceae; source.dataset=glopl; study=Harmon-Threatt et al., American Journal of Botany, 2009; auto.fs.x=0; auto.spfr.x=NA; auto.spofl.x=NA; auto.spofr.x=NA; auto.spfl.x=1.5; auto.spp.x=NA",true,wild_or_naturalized_field_population,Codex structured pollinator-exclusion record audit,2026-08-11T00:00:00Z,accepted: exact species and family match; the cited structured record reports non-negative reproductive output under pollinator exclusion,c19aa226291c2d91de9cce24
rodger2021:stellenbosch:e9ef265c153ba997a10d7ab3,autonomous_selfing_capacity,Parkia speciosa,absent,stellenbosch,accepted_name_exact,https://doi.org/10.6084/m9.figshare.14607882.v1,"S3 row 1000: genus.species=Parkia_speciosa; TPL.family=Leguminosae; source.dataset=stellenbosch; study=Bumrungsri et al., Journal of Tropical Ecology, 2008; auto.fs.x=0; auto.spfr.x=NA; auto.spofl.x=NA; auto.spofr.x=NA; auto.spfl.x=NA; auto.spp.x=NA",true,wild_or_naturalized_field_population,Codex structured pollinator-exclusion record audit,2026-08-11T00:00:00Z,accepted: exact species and family match; the cited structured record reports non-negative reproductive output under pollinator exclusion,9faa1d65ca1f18f6dc10f2cd
rodger2021:glopl:be304244d38c36d96dfa8410,autonomous_selfing_capacity,Miconia dasytricha,absent,glopl,synonym_exact_two_backbone,https://doi.org/10.6084/m9.figshare.14607882.v1,"S3 row 770: genus.species=Leandra_variabilis; TPL.family=Melastomataceae; source.dataset=glopl; study=Goldenberg & Varassin, Revista Brasileira de Botânica, 2001; auto.fs.x=0; auto.spfr.x=NA; auto.spofl.x=NA; auto.spofr.x=NA; auto.spfl.x=NA; auto.spp.x=NA",true,wild_or_naturalized_field_population,Codex structured pollinator-exclusion record audit,2026-08-11T00:00:00Z,accepted: exact species and family match; the cited structured record reports non-negative reproductive output under pollinator exclusion,81f001e15aa6d9a53b5a531f
rodger2021:konstanz:13d1d90f9fc1e22967b757a8,autonomous_selfing_capacity,Diplopterys lutea,absent,konstanz,accepted_name_exact,https://doi.org/10.6084/m9.figshare.14607882.v1,"S3 row 439: genus.species=Diplopterys_lutea; TPL.family=Malpighiaceae; source.dataset=konstanz; study=Sigrist Sazima, Annalso of Botany, 2004; auto.fs.x=0; auto.spfr.x=NA; auto.spofl.x=NA; auto.spofr.x=NA; auto.spfl.x=NA; auto.spp.x=NA",true,wild_or_naturalized_field_population,Codex structured pollinator-exclusion record audit,2026-08-11T00:00:00Z,accepted: exact species and family match; the cited structured record reports non-negative reproductive output under pollinator exclusion,01515c157e9b165813bd0f87
rodger2021:glopl:b937e924a7112f6acc7e8589,autonomous_selfing_capacity,Byrsonima coccolobifolia,autonomous,glopl,accepted_name_exact,https://doi.org/10.6084/m9.figshare.14607882.v1,"S3 row 200: genus.species=Byrsonima_coccolobifolia; TPL.family=Malpighiaceae; source.dataset=glopl; study=Benezar Pessoni, Acta Amazonica, 2006; auto.fs.x=0.14; auto.spfr.x=NA; auto.spofl.x=NA; auto.spofr.x=NA; auto.spfl.x=NA; auto.spp.x=NA || S3 row 201: genus.species=Byrsonima_coccolobifolia; TPL.family=Malpighiaceae; source.dataset=glopl; study=Benezar Pessoni, Acta Amazonica, 2006; auto.fs.x=0.44; auto.spfr.x=NA; auto.spofl.x=NA; auto.spofr.x=NA; auto.spfl.x=NA; auto.spp.x=NA",true,wild_or_naturalized_field_population,Codex structured pollinator-exclusion record audit,2026-08-11T00:00:00Z,accepted: exact species and family match; the cited structured record reports non-negative reproductive output under pollinator exclusion,d8fa241df13c8fdb2d466dc8
rodger2021:glopl:05d5db31b277a0efce36703f,autonomous_selfing_capacity,Aristolochia paucinervis,autonomous,glopl,accepted_name_exact,https://doi.org/10.6084/m9.figshare.14607882.v1,"S3 row 132: genus.species=Aristolochia_paucinervis; TPL.family=Aristolochiaceae; source.dataset=glopl; study=Berjano et al., American Journal of Botany, 2006; auto.fs.x=0.071; auto.spfr.x=NA; auto.spofl.x=NA; auto.spofr.x=NA; auto.spfl.x=NA; auto.spp.x=NA",true,wild_or_naturalized_field_population,Codex structured pollinator-exclusion record audit,2026-08-11T00:00:00Z,accepted: exact species and family match; the cited structured record reports non-negative reproductive output under pollinator exclusion,bc2782aeed154bf37409ee8b
rodger2021:stellenbosch:a3d221fc55a75d3edfa98223,autonomous_selfing_capacity,Oroxylum indicum,absent,stellenbosch,accepted_name_exact,https://doi.org/10.6084/m9.figshare.14607882.v1,"S3 row 967: genus.species=Oroxylum_indicum; TPL.family=Bignoniaceae; source.dataset=stellenbosch; study=Srithongchuay et al., Journal of Tropical Ecology, 2008; auto.fs.x=0; auto.spfr.x=NA; auto.spofl.x=NA; auto.spofr.x=NA; auto.spfl.x=NA; auto.spp.x=NA",true,wild_or_naturalized_field_population,Codex structured pollinator-exclusion record audit,2026-08-11T00:00:00Z,accepted: exact species and family match; the cited structured record reports non-negative reproductive output under pollinator exclusion,26af508dfb741950fc441cd9
rodger2021:konstanz:90ba1d5f8ff89919d1af9eb0,autonomous_selfing_capacity,Ileostylus micranthus,autonomous,konstanz,accepted_name_exact,https://doi.org/10.6084/m9.figshare.14607882.v1,"S3 row 703: genus.species=Ileostylus_micranthus; TPL.family=Loranthaceae; source.dataset=konstanz; study=Ladley etal, New Zealand Journal of Botany, 1997; auto.fs.x=0.0954; auto.spfr.x=NA; auto.spofl.x=NA; auto.spofr.x=NA; auto.spfl.x=NA; auto.spp.x=NA",true,wild_or_naturalized_field_population,Codex structured pollinator-exclusion record audit,2026-08-11T00:00:00Z,accepted: exact species and family match; the cited structured record reports non-negative reproductive output under pollinator exclusion,e5f4d0bb351b956fde38069e
rodger2021:glopl:3644e9a41bc3af424cd653c0,autonomous_selfing_capacity,Aristolochia baetica,absent,glopl,accepted_name_exact,https://doi.org/10.6084/m9.figshare.14607882.v1,"S3 row 128: genus.species=Aristolochia_baetica; TPL.family=Aristolochiaceae; source.dataset=glopl; study=Berjano et al., Plant Biology, 2011; auto.fs.x=0; auto.spfr.x=0; auto.spofl.x=NA; auto.spofr.x=NA; auto.spfl.x=NA; auto.spp.x=NA || S3 row 129: genus.species=Aristolochia_baetica; TPL.family=Aristolochiaceae; source.dataset=glopl; study=Berjano et al., Plant Biology, 2011; auto.fs.x=0; auto.spfr.x=0; auto.spofl.x=NA; auto.spofr.x=NA; auto.spfl.x=NA; auto.spp.x=NA",true,wild_or_naturalized_field_population,Codex structured pollinator-exclusion record audit,2026-08-11T00:00:00Z,accepted: exact species and family match; the cited structured record reports non-negative reproductive output under pollinator exclusion,279cdf7385d76cfc2ad9b5e6
rodger2021:glopl:a2ec34bf2be1b2630a2e64da,autonomous_selfing_capacity,Teucrium parvifolium,autonomous,glopl,synonym_exact_two_backbone,https://doi.org/10.6084/m9.figshare.14607882.v1,"S3 row 1395: genus.species=Teucridium_parvifolium; TPL.family=Lamiaceae; source.dataset=glopl; study=Merrett et al, New Zealand Journal of Botany, 2007; auto.fs.x=0.7702; auto.spfr.x=NA; auto.spofl.x=NA; auto.spofr.x=NA; auto.spfl.x=NA; auto.spp.x=NA || S3 row 1396: genus.species=Teucridium_parvifolium; TPL.family=Lamiaceae; source.dataset=glopl; study=Merrett et al, New Zealand Journal of Botany, 2007; auto.fs.x=0.957; auto.spfr.x=NA; auto.spofl.x=NA; auto.spofr.x=NA; auto.spfl.x=NA; auto.spp.x=NA",true,wild_or_naturalized_field_population,Codex structured pollinator-exclusion record audit,2026-08-11T00:00:00Z,accepted: exact species and family match; the cited structured record reports non-negative reproductive output under pollinator exclusion,b2ac1ae6f52ef7b3e0a99d9b
rodger2021:stellenbosch:eb8174e54a292554b28f7e9b,autonomous_selfing_capacity,Oxalis pes-caprae,absent,stellenbosch,accepted_name_exact,https://doi.org/10.6084/m9.figshare.14607882.v1,"S3 row 978: genus.species=Oxalis_pes-caprae; TPL.family=Oxalidaceae; source.dataset=stellenbosch; study=Stanway, University of Stellenbosch MSc Thesis, 2010; auto.fs.x=0; auto.spfr.x=NA; auto.spofl.x=NA; auto.spofr.x=NA; auto.spfl.x=NA; auto.spp.x=NA",true,wild_or_naturalized_field_population,Codex structured pollinator-exclusion record audit,2026-08-11T00:00:00Z,accepted: exact species and family match; the cited structured record reports non-negative reproductive output under pollinator exclusion,84ba43f1deb9e48dee14be57
rodger2021:konstanz:6ec27042da8055be6d796f53,autonomous_selfing_capacity,Chasmanthe aethiopica,autonomous,konstanz,accepted_name_exact,https://doi.org/10.6084/m9.figshare.14607882.v1,"S3 row 296: genus.species=Chasmanthe_aethiopica; TPL.family=Iridaceae; source.dataset=konstanz; study=vanKleunen etal, American Naturalist, 2008; auto.fs.x=0.0698; auto.spfr.x=1.67; auto.spofl.x=NA; auto.spofr.x=NA; auto.spfl.x=0.12; auto.spp.x=NA",true,wild_or_naturalized_field_population,Codex structured pollinator-exclusion record audit,2026-08-11T00:00:00Z,accepted: exact species and family match; the cited structured record reports non-negative reproductive output under pollinator exclusion,5682820ade2e66bd0c5a9210
rodger2021:konstanz:51621cb3e7eaf66aadee84ef,autonomous_selfing_capacity,Niedenzuella acutifolia,autonomous,konstanz,accepted_name_exact,https://doi.org/10.6084/m9.figshare.14607882.v1,"S3 row 933: genus.species=Niedenzuella_acutifolia; TPL.family=Malpighiaceae; source.dataset=konstanz; study=Sigrist Sazima, Annalso of Botany, 2004; auto.fs.x=0.13; auto.spfr.x=NA; auto.spofl.x=NA; auto.spofr.x=NA; auto.spfl.x=NA; auto.spp.x=NA",true,wild_or_naturalized_field_population,Codex structured pollinator-exclusion record audit,2026-08-11T00:00:00Z,accepted: exact species and family match; the cited structured record reports non-negative reproductive output under pollinator exclusion,8277327d03961fc915b5ec09
rodger2021:glopl:603aafb99a0d8a5e1fa77f17,autonomous_selfing_capacity,Calycanthus chinensis,autonomous,glopl,accepted_name_exact,https://doi.org/10.6084/m9.figshare.14607882.v1,"S3 row 230: genus.species=Calycanthus_chinensis; TPL.family=Calycanthaceae; source.dataset=glopl; study=Chen et al., Journal of Taizhou University, 2014; auto.fs.x=NA; auto.spfr.x=NA; auto.spofl.x=NA; auto.spofr.x=0.4201; auto.spfl.x=NA; auto.spp.x=NA || S3 row 231: genus.species=Calycanthus_chinensis; TPL.family=Calycanthaceae; source.dataset=glopl; study=Chen et al., Journal of Taizhou University, 2014; auto.fs.x=NA; auto.spfr.x=NA; auto.spofl.x=NA; auto.spofr.x=0.4444; auto.spfl.x=NA; auto.spp.x=NA",true,wild_or_naturalized_field_population,Codex structured pollinator-exclusion record audit,2026-08-11T00:00:00Z,accepted: exact species and family match; the cited structured record reports non-negative reproductive output under pollinator exclusion,fd50c2a51f6dca9b51025c1b
rodger2021:glopl:98726ea10847fd607753b4e8,autonomous_selfing_capacity,Pimelea villosa,autonomous,glopl,accepted_name_exact,https://doi.org/10.6084/m9.figshare.14607882.v1,"S3 row 1093: genus.species=Pimelea_villosa; TPL.family=Thymelaeaceae; source.dataset=glopl; study=Merrett et al, New Zealand Journal of Botany, 2007; auto.fs.x=0.0677; auto.spfr.x=NA; auto.spofl.x=NA; auto.spofr.x=NA; auto.spfl.x=NA; auto.spp.x=NA || S3 row 1094: genus.species=Pimelea_villosa; TPL.family=Thymelaeaceae; source.dataset=glopl; study=Merrett et al, New Zealand Journal of Botany, 2007; auto.fs.x=0.4677; auto.spfr.x=NA; auto.spofl.x=NA; auto.spofr.x=NA; auto.spfl.x=NA; auto.spp.x=NA || S3 row 1095: genus.species=Pimelea_villosa; TPL.family=Thymelaeaceae; source.dataset=glopl; study=Merrett et al, New Zealand Journal of Botany, 2007; auto.fs.x=0.0036; auto.spfr.x=NA; auto.spofl.x=NA; auto.spofr.x=NA; auto.spfl.x=NA; auto.spp.x=NA || S3 row 1096: genus.species=Pimelea_villosa; TPL.family=Thymelaeaceae; source.dataset=glopl; study=Merrett et al, New Zealand Journal of Botany, 2007; auto.fs.x=0.4012; auto.spfr.x=NA; auto.spofl.x=NA; auto.spofr.x=NA; auto.spfl.x=NA; auto.spp.x=NA",true,wild_or_naturalized_field_population,Codex structured pollinator-exclusion record audit,2026-08-11T00:00:00Z,accepted: exact species and family match; the cited structured record reports non-negative reproductive output under pollinator exclusion,f2ac96ca59fdea56dee37a38
rodger2021:glopl:f5bcfccf78de4ce795110099,autonomous_selfing_capacity,Leucopogon fasciculatus,autonomous,glopl,accepted_name_exact,https://doi.org/10.6084/m9.figshare.14607882.v1,"S3 row 778: genus.species=Leucopogon_fasciculatus; TPL.family=Ericaceae; source.dataset=glopl; study=Merrett et al, New Zealand Journal of Botany, 2007; auto.fs.x=0.0028; auto.spfr.x=NA; auto.spofl.x=NA; auto.spofr.x=NA; auto.spfl.x=NA; auto.spp.x=NA || S3 row 779: genus.species=Leucopogon_fasciculatus; TPL.family=Ericaceae; source.dataset=glopl; study=Merrett et al, New Zealand Journal of Botany, 2007; auto.fs.x=0.0201; auto.spfr.x=NA; auto.spofl.x=NA; auto.spofr.x=NA; auto.spfl.x=NA; auto.spp.x=NA",true,wild_or_naturalized_field_population,Codex structured pollinator-exclusion record audit,2026-08-11T00:00:00Z,accepted: exact species and family match; the cited structured record reports non-negative reproductive output under pollinator exclusion,b645ef20e0643f673157c165
rodger2021:konstanz:c68a63c259b1dedf972fe0c0,autonomous_selfing_capacity,Carpobrotus edulis,autonomous,konstanz,accepted_name_exact,https://doi.org/10.6084/m9.figshare.14607882.v1,"S3 row 261: genus.species=Carpobrotus_edulis; TPL.family=Aizoaceae; source.dataset=konstanz; study=Suehs etal, Biological Journal of the Linnean Society, 2005; auto.fs.x=NA; auto.spfr.x=1215.47; auto.spofl.x=NA; auto.spofr.x=NA; auto.spfl.x=NA; auto.spp.x=NA || S3 row 262: genus.species=Carpobrotus_edulis; TPL.family=Aizoaceae; source.dataset=konstanz; study=Suehs etal, Biological Journal of the Linnean Society, 2005; auto.fs.x=NA; auto.spfr.x=911.6; auto.spofl.x=NA; auto.spofr.x=NA; auto.spfl.x=NA; auto.spp.x=NA",true,wild_or_naturalized_field_population,Codex structured pollinator-exclusion record audit,2026-08-11T00:00:00Z,accepted: exact species and family match; the cited structured record reports non-negative reproductive output under pollinator exclusion,fa132cd644101c28f3dde846
rodger2021:glopl:2779ad3098236ff8e21c1666,autonomous_selfing_capacity,Erythronium oregonum,autonomous,glopl,accepted_name_exact,https://doi.org/10.6084/m9.figshare.14607882.v1,"S3 row 527: genus.species=Erythronium_oregonum; TPL.family=Liliaceae; source.dataset=glopl; study=Gielens et al, NRC Research Press, 2014; auto.fs.x=NA; auto.spfr.x=NA; auto.spofl.x=NA; auto.spofr.x=NA; auto.spfl.x=NA; auto.spp.x=5.07",true,wild_or_naturalized_field_population,Codex structured pollinator-exclusion record audit,2026-08-11T00:00:00Z,accepted: exact species and family match; the cited structured record reports non-negative reproductive output under pollinator exclusion,1dbeb435a2f177a1a18b12a8
rodger2021:glopl:8952a0858415cdb45f5294f3,autonomous_selfing_capacity,Lupinus arcticus,autonomous,glopl,accepted_name_exact,https://doi.org/10.6084/m9.figshare.14607882.v1,"S3 row 812: genus.species=Lupinus_arcticus; TPL.family=Leguminosae; source.dataset=glopl; study=Straka and Starzomski, Oecologia, 2015; auto.fs.x=NA; auto.spfr.x=NA; auto.spofl.x=NA; auto.spofr.x=NA; auto.spfl.x=NA; auto.spp.x=0.05 || S3 row 813: genus.species=Lupinus_arcticus; TPL.family=Leguminosae; source.dataset=glopl; study=Straka and Starzomski, Oecologia, 2015; auto.fs.x=NA; auto.spfr.x=NA; auto.spofl.x=NA; auto.spofr.x=NA; auto.spfl.x=NA; auto.spp.x=0.05 || S3 row 814: genus.species=Lupinus_arcticus; TPL.family=Leguminosae; source.dataset=glopl; study=Straka and Starzomski, Oecologia, 2015; auto.fs.x=NA; auto.spfr.x=NA; auto.spofl.x=NA; auto.spofr.x=NA; auto.spfl.x=NA; auto.spp.x=0.04",true,wild_or_naturalized_field_population,Codex structured pollinator-exclusion record audit,2026-08-11T00:00:00Z,accepted: exact species and family match; the cited structured record reports non-negative reproductive output under pollinator exclusion,a06e91f4357ad18c603fa030
rodger2021:konstanz:fbc287ef0900502c80847316,autonomous_selfing_capacity,Lupinus arboreus,autonomous,konstanz,accepted_name_exact,https://doi.org/10.6084/m9.figshare.14607882.v1,"S3 row 811: genus.species=Lupinus_arboreus; TPL.family=Leguminosae; source.dataset=konstanz; study=Kittelson Maron, American Journal of Botany, 2000; auto.fs.x=NA; auto.spfr.x=2.22; auto.spofl.x=NA; auto.spofr.x=NA; auto.spfl.x=NA; auto.spp.x=NA",true,wild_or_naturalized_field_population,Codex structured pollinator-exclusion record audit,2026-08-11T00:00:00Z,accepted: exact species and family match; the cited structured record reports non-negative reproductive output under pollinator exclusion,f7aeff9b26914beb37b54a97
rodger2021:konstanz:8c8be690d875cbd63d03eb8c,autonomous_selfing_capacity,Verbascum thapsus,autonomous,konstanz,accepted_name_exact,https://doi.org/10.6084/m9.figshare.14607882.v1,"S3 row 1485: genus.species=Verbascum_thapsus; TPL.family=Scrophulariaceae; source.dataset=konstanz; study=Donnelly etal, American Journal of Botany, 1998; auto.fs.x=NA; auto.spfr.x=389.53; auto.spofl.x=NA; auto.spofr.x=NA; auto.spfl.x=NA; auto.spp.x=NA",true,wild_or_naturalized_field_population,Codex structured pollinator-exclusion record audit,2026-08-11T00:00:00Z,accepted: exact species and family match; the cited structured record reports non-negative reproductive output under pollinator exclusion,3e76ea133461fc78bbcb67e6
rodger2021:glopl:7922098d613cbb861b6e7aa6,autonomous_selfing_capacity,Inga edulis,absent,glopl,accepted_name_exact,https://doi.org/10.6084/m9.figshare.14607882.v1,"S3 row 713: genus.species=Inga_edulis; TPL.family=Leguminosae; source.dataset=glopl; study=Barros etal, Rodriguesia, 2013; auto.fs.x=0; auto.spfr.x=0; auto.spofl.x=NA; auto.spofr.x=NA; auto.spfl.x=NA; auto.spp.x=NA",true,wild_or_naturalized_field_population,Codex structured pollinator-exclusion record audit,2026-08-11T00:00:00Z,accepted: exact species and family match; the cited structured record reports non-negative reproductive output under pollinator exclusion,fffb3a9f1071ec7978b2083b
rodger2021:glopl:5ed0d80358885c5240702d7e,autonomous_selfing_capacity,Chaerophyllum bulbosum,autonomous,glopl,accepted_name_exact,https://doi.org/10.6084/m9.figshare.14607882.v1,"S3 row 278: genus.species=Chaerophyllum_bulbosum; TPL.family=Apiaceae; source.dataset=glopl; study=Reuther & Claßen-Bockhoff, Annals of Botany, 2013; auto.fs.x=0.11; auto.spfr.x=NA; auto.spofl.x=NA; auto.spofr.x=NA; auto.spfl.x=NA; auto.spp.x=NA",true,wild_or_naturalized_field_population,Codex structured pollinator-exclusion record audit,2026-08-11T00:00:00Z,accepted: exact species and family match; the cited structured record reports non-negative reproductive output under pollinator exclusion,4cf2d18b546da4accff40618
rodger2021:glopl:62c7da5e4c109abe5684066a,autonomous_selfing_capacity,Cochliasanthus caracalla,autonomous,glopl,synonym_exact_two_backbone,https://doi.org/10.6084/m9.figshare.14607882.v1,"S3 row 1492: genus.species=Vigna_caracalla; TPL.family=Leguminosae; source.dataset=glopl; study=Etcheverry et al., Annals of Botany, 2008; auto.fs.x=0.0286; auto.spfr.x=NA; auto.spofl.x=NA; auto.spofr.x=NA; auto.spfl.x=NA; auto.spp.x=NA",true,wild_or_naturalized_field_population,Codex structured pollinator-exclusion record audit,2026-08-11T00:00:00Z,accepted: exact species and family match; the cited structured record reports non-negative reproductive output under pollinator exclusion,abe035c8915d8808e1b4e574
rodger2021:konstanz:57374f2d63b67bc774706cfb,autonomous_selfing_capacity,Moraea flaccida,autonomous,konstanz,accepted_name_exact,https://doi.org/10.6084/m9.figshare.14607882.v1,"S3 row 901: genus.species=Moraea_flaccida; TPL.family=Iridaceae; source.dataset=konstanz; study=vanKleunen etal, American Naturalist, 2008; auto.fs.x=1; auto.spfr.x=45.78; auto.spofl.x=NA; auto.spofr.x=NA; auto.spfl.x=45.78; auto.spp.x=NA || S3 row 902: genus.species=Moraea_flaccida; TPL.family=Iridaceae; source.dataset=konstanz; study=vanKleunen etal, American Naturalist, 2008; auto.fs.x=1; auto.spfr.x=47.23; auto.spofl.x=NA; auto.spofr.x=NA; auto.spfl.x=47.23; auto.spp.x=NA || S3 row 903: genus.species=Moraea_flaccida; TPL.family=Iridaceae; source.dataset=konstanz; study=vanKleunen etal, American Naturalist, 2008; auto.fs.x=1; auto.spfr.x=65.59; auto.spofl.x=NA; auto.spofr.x=NA; auto.spfl.x=65.59; auto.spp.x=NA",true,wild_or_naturalized_field_population,Codex structured pollinator-exclusion record audit,2026-08-11T00:00:00Z,accepted: exact species and family match; the cited structured record reports non-negative reproductive output under pollinator exclusion,1519317e9f446c135713e940
rodger2021:glopl:1b0ef82e811eafdfe88540c6,autonomous_selfing_capacity,Calycanthus chinensis,autonomous,glopl,accepted_name_exact,https://doi.org/10.6084/m9.figshare.14607882.v1,"S3 row 233: genus.species=Calycanthus_chinensis; TPL.family=Calycanthaceae; source.dataset=glopl; study=Zhao et al., Acta Ecologica Sinica, 2011; auto.fs.x=0.007; auto.spfr.x=0; auto.spofl.x=NA; auto.spofr.x=0; auto.spfl.x=NA; auto.spp.x=NA",true,wild_or_naturalized_field_population,Codex structured pollinator-exclusion record audit,2026-08-11T00:00:00Z,accepted: exact species and family match; the cited structured record reports non-negative reproductive output under pollinator exclusion,b11e96322109a43831f3bcb6
rodger2021:glopl:711e2693c3bcf77b7ff6b199,autonomous_selfing_capacity,Peraxilla tetrapetala,absent,glopl,accepted_name_exact,https://doi.org/10.6084/m9.figshare.14607882.v1,"S3 row 1060: genus.species=Peraxilla_tetrapetala; TPL.family=Loranthaceae; source.dataset=glopl; study=Kelly et al, Austral Ecology, 2007; auto.fs.x=0; auto.spfr.x=NA; auto.spofl.x=NA; auto.spofr.x=NA; auto.spfl.x=NA; auto.spp.x=NA || S3 row 1063: genus.species=Peraxilla_tetrapetala; TPL.family=Loranthaceae; source.dataset=glopl; study=Kelly et al, Austral Ecology, 2007; auto.fs.x=0; auto.spfr.x=NA; auto.spofl.x=NA; auto.spofr.x=NA; auto.spfl.x=NA; auto.spp.x=NA",true,wild_or_naturalized_field_population,Codex structured pollinator-exclusion record audit,2026-08-11T00:00:00Z,accepted: exact species and family match; the cited structured record reports non-negative reproductive output under pollinator exclusion,acabd2ca239428641b2cf3e8
rodger2021:glopl:91c05d8ac86c15d09fd2059b,autonomous_selfing_capacity,Lobelia chinensis,absent,glopl,accepted_name_exact,https://doi.org/10.6084/m9.figshare.14607882.v1,"S3 row 795: genus.species=Lobelia_chinensis; TPL.family=Campanulaceae; source.dataset=glopl; study=Ren MX, Chinese Journal of Plant Ecology, 2009; auto.fs.x=NA; auto.spfr.x=NA; auto.spofl.x=NA; auto.spofr.x=NA; auto.spfl.x=0; auto.spp.x=NA",true,wild_or_naturalized_field_population,Codex structured pollinator-exclusion record audit,2026-08-11T00:00:00Z,accepted: exact species and family match; the cited structured record reports non-negative reproductive output under pollinator exclusion,5c4782a8802004456a056bfb
rodger2021:glopl:7f40026f343c5622539dd5f0,autonomous_selfing_capacity,Caltha leptosepala,autonomous,glopl,accepted_name_exact,https://doi.org/10.6084/m9.figshare.14607882.v1,"S3 row 228: genus.species=Caltha_leptosepala; TPL.family=Ranunculaceae; source.dataset=glopl; study=Straka and Starzomski, Oecologia, 2015; auto.fs.x=NA; auto.spfr.x=NA; auto.spofl.x=NA; auto.spofr.x=NA; auto.spfl.x=NA; auto.spp.x=13.85 || S3 row 229: genus.species=Caltha_leptosepala; TPL.family=Ranunculaceae; source.dataset=glopl; study=Straka and Starzomski, Oecologia, 2015; auto.fs.x=NA; auto.spfr.x=NA; auto.spofl.x=NA; auto.spofr.x=NA; auto.spfl.x=NA; auto.spp.x=9.67",true,wild_or_naturalized_field_population,Codex structured pollinator-exclusion record audit,2026-08-11T00:00:00Z,accepted: exact species and family match; the cited structured record reports non-negative reproductive output under pollinator exclusion,fde33b0912488ba17db4c7dd
rodger2021:glopl:4c2e75a70686ac583f00634d,autonomous_selfing_capacity,Inga stipularis,absent,glopl,accepted_name_exact,https://doi.org/10.6084/m9.figshare.14607882.v1,"S3 row 714: genus.species=Inga_stipularis; TPL.family=Leguminosae; source.dataset=glopl; study=Barros etal, Rodriguesia, 2013; auto.fs.x=0; auto.spfr.x=0; auto.spofl.x=NA; auto.spofr.x=NA; auto.spfl.x=NA; auto.spp.x=NA",true,wild_or_naturalized_field_population,Codex structured pollinator-exclusion record audit,2026-08-11T00:00:00Z,accepted: exact species and family match; the cited structured record reports non-negative reproductive output under pollinator exclusion,882a2ce5bd575abef805127d
rodger2021:glopl:28a286ca357d3cbc1bbf8acc,autonomous_selfing_capacity,Peraxilla tetrapetala,absent,glopl,accepted_name_exact,https://doi.org/10.6084/m9.figshare.14607882.v1,"S3 row 1039: genus.species=Peraxilla_tetrapetala; TPL.family=Loranthaceae; source.dataset=glopl; study=Kelly et al., New Zealand Journal of Botany,, 2004; auto.fs.x=0; auto.spfr.x=NA; auto.spofl.x=NA; auto.spofr.x=NA; auto.spfl.x=NA; auto.spp.x=NA || S3 row 1044: genus.species=Peraxilla_tetrapetala; TPL.family=Loranthaceae; source.dataset=glopl; study=Kelly et al., New Zealand Journal of Botany,, 2004; auto.fs.x=0; auto.spfr.x=NA; auto.spofl.x=NA; auto.spofr.x=NA; auto.spfl.x=NA; auto.spp.x=NA",true,wild_or_naturalized_field_population,Codex structured pollinator-exclusion record audit,2026-08-11T00:00:00Z,accepted: exact species and family match; the cited structured record reports non-negative reproductive output under pollinator exclusion,4a4290b27ec06492c3ebe94d
rodger2021:konstanz:6e946b283e9ac9bdbbc0d02f,autonomous_selfing_capacity,Frangula alnus,absent,konstanz,accepted_name_exact,https://doi.org/10.6084/m9.figshare.14607882.v1,"S3 row 563: genus.species=Frangula_alnus; TPL.family=Rhamnaceae; source.dataset=konstanz; study=Medan, Plant Systematics and Evolution, 1994; auto.fs.x=0; auto.spfr.x=0; auto.spofl.x=NA; auto.spofr.x=NA; auto.spfl.x=0; auto.spp.x=NA",true,wild_or_naturalized_field_population,Codex structured pollinator-exclusion record audit,2026-08-11T00:00:00Z,accepted: exact species and family match; the cited structured record reports non-negative reproductive output under pollinator exclusion,143d1fcc5761e2d9bb3f8d7b
rodger2021:glopl:345a87aa4352b0184dbc505d,autonomous_selfing_capacity,Phrynium imbricatum,absent,glopl,accepted_name_exact,https://doi.org/10.6084/m9.figshare.14607882.v1,"S3 row 1087: genus.species=Phrynium_imbricatum; TPL.family=Marantaceae; source.dataset=glopl; study=Duan and Li, Journal of Systematics and Evolution, 2008; auto.fs.x=0; auto.spfr.x=NA; auto.spofl.x=NA; auto.spofr.x=NA; auto.spfl.x=NA; auto.spp.x=NA",true,wild_or_naturalized_field_population,Codex structured pollinator-exclusion record audit,2026-08-11T00:00:00Z,accepted: exact species and family match; the cited structured record reports non-negative reproductive output under pollinator exclusion,13337d42eb27dc39d713293a
rodger2021:stellenbosch:ad05bac14dd77f6d70c299f2,autonomous_selfing_capacity,Aristolochia maxima,absent,stellenbosch,accepted_name_exact,https://doi.org/10.6084/m9.figshare.14607882.v1,"S3 row 131: genus.species=Aristolochia_maxima; TPL.family=Aristolochiaceae; source.dataset=stellenbosch; study=Sakai, American Journal of Botany, 2002; auto.fs.x=0; auto.spfr.x=NA; auto.spofl.x=NA; auto.spofr.x=NA; auto.spfl.x=NA; auto.spp.x=NA",true,wild_or_naturalized_field_population,Codex structured pollinator-exclusion record audit,2026-08-11T00:00:00Z,accepted: exact species and family match; the cited structured record reports non-negative reproductive output under pollinator exclusion,079f588ab5d8e60b869e626a
rodger2021:stellenbosch:b7a7f110447f718b03c63b8d,autonomous_selfing_capacity,Chrysanthemoides monilifera,autonomous,stellenbosch,accepted_name_exact,https://doi.org/10.6084/m9.figshare.14607882.v1,"S3 row 308: genus.species=Chrysanthemoides_monilifera; TPL.family=Compositae; source.dataset=stellenbosch; study=Rodger and Ellis, unpublished, NA; auto.fs.x=NA; auto.spfr.x=NA; auto.spofl.x=NA; auto.spofr.x=NA; auto.spfl.x=1.833333333; auto.spp.x=NA",true,wild_or_naturalized_field_population,Codex structured pollinator-exclusion record audit,2026-08-11T00:00:00Z,accepted: exact species and family match; the cited structured record reports non-negative reproductive output under pollinator exclusion,1e515364e6d3981cd9dffffc
rodger2021:glopl:aeab839980664a07260952db,autonomous_selfing_capacity,Manettia cordifolia,autonomous,glopl,accepted_name_exact,https://doi.org/10.6084/m9.figshare.14607882.v1,"S3 row 833: genus.species=Manettia_cordifolia; TPL.family=Rubiaceae; source.dataset=glopl; study=Consolaro etal, RevBrasBot, 2005; auto.fs.x=0.04; auto.spfr.x=NA; auto.spofl.x=NA; auto.spofr.x=NA; auto.spfl.x=NA; auto.spp.x=NA",true,wild_or_naturalized_field_population,Codex structured pollinator-exclusion record audit,2026-08-11T00:00:00Z,accepted: exact species and family match; the cited structured record reports non-negative reproductive output under pollinator exclusion,cb9f815d1238b20d21f95316
rodger2021:konstanz:546c3223561aa8f2a679f326,autonomous_selfing_capacity,Leonotis ocymifolia,absent,konstanz,accepted_name_exact,https://doi.org/10.6084/m9.figshare.14607882.v1,"S3 row 774: genus.species=Leonotis_ocymifolia; TPL.family=Lamiaceae; source.dataset=konstanz; study=Vos, Plant Systematics and Evolution, 1994; auto.fs.x=0; auto.spfr.x=0; auto.spofl.x=NA; auto.spofr.x=NA; auto.spfl.x=0; auto.spp.x=NA",true,wild_or_naturalized_field_population,Codex structured pollinator-exclusion record audit,2026-08-11T00:00:00Z,accepted: exact species and family match; the cited structured record reports non-negative reproductive output under pollinator exclusion,b06689e29de2c8e54624c365
rodger2021:konstanz:c75713c86d95e0f600b68e5b,autonomous_selfing_capacity,Vachellia macracantha,absent,konstanz,synonym_exact_two_backbone,https://doi.org/10.6084/m9.figshare.14607882.v1,"S3 row 10: genus.species=Acacia_macracantha; TPL.family=Leguminosae; source.dataset=konstanz; study=McMullen, American Journal of Botany, 1987; auto.fs.x=0; auto.spfr.x=0; auto.spofl.x=NA; auto.spofr.x=NA; auto.spfl.x=0; auto.spp.x=NA",true,wild_or_naturalized_field_population,Codex structured pollinator-exclusion record audit,2026-08-11T00:00:00Z,accepted: exact species and family match; the cited structured record reports non-negative reproductive output under pollinator exclusion,9aacfe45fecd623791489b4d
rodger2021:stellenbosch:dc041835cb8b472fb97c2cef,autonomous_selfing_capacity,Sparaxis bulbifera,absent,stellenbosch,accepted_name_exact,https://doi.org/10.6084/m9.figshare.14607882.v1,"S3 row 1355: genus.species=Sparaxis_bulbifera; TPL.family=Iridaceae; source.dataset=stellenbosch; study=Rodger and Ellis, unpublished, NA; auto.fs.x=0; auto.spfr.x=NA; auto.spofl.x=NA; auto.spofr.x=NA; auto.spfl.x=NA; auto.spp.x=NA",true,wild_or_naturalized_field_population,Codex structured pollinator-exclusion record audit,2026-08-11T00:00:00Z,accepted: exact species and family match; the cited structured record reports non-negative reproductive output under pollinator exclusion,d484d07e1c35fe680328d67d
rodger2021:konstanz:3a6f2844d1070a545baf8d74,autonomous_selfing_capacity,Cuphea racemosa,autonomous,konstanz,accepted_name_exact,https://doi.org/10.6084/m9.figshare.14607882.v1,"S3 row 385: genus.species=Cuphea_racemosa; TPL.family=Lythraceae; source.dataset=konstanz; study=McMullen, American Journal of Botany, 1987; auto.fs.x=0.361; auto.spfr.x=9.37; auto.spofl.x=NA; auto.spofr.x=NA; auto.spfl.x=3.38; auto.spp.x=NA",true,wild_or_naturalized_field_population,Codex structured pollinator-exclusion record audit,2026-08-11T00:00:00Z,accepted: exact species and family match; the cited structured record reports non-negative reproductive output under pollinator exclusion,3661a73a8abcc0829f476012
rodger2021:konstanz:e0b407158de22f3bbd027aeb,autonomous_selfing_capacity,Carpobrotus acinaciformis,autonomous,konstanz,accepted_name_exact,https://doi.org/10.6084/m9.figshare.14607882.v1,"S3 row 257: genus.species=Carpobrotus_acinaciformis; TPL.family=Aizoaceae; source.dataset=konstanz; study=Bartomeus Vila, Australian Journal of Botany, 2009; auto.fs.x=NA; auto.spfr.x=240.6; auto.spofl.x=NA; auto.spofr.x=NA; auto.spfl.x=NA; auto.spp.x=NA || S3 row 258: genus.species=Carpobrotus_acinaciformis; TPL.family=Aizoaceae; source.dataset=konstanz; study=Bartomeus Vila, Australian Journal of Botany, 2009; auto.fs.x=NA; auto.spfr.x=248.62; auto.spofl.x=NA; auto.spofr.x=NA; auto.spfl.x=NA; auto.spp.x=NA || S3 row 259: genus.species=Carpobrotus_acinaciformis; TPL.family=Aizoaceae; source.dataset=konstanz; study=Bartomeus Vila, Australian Journal of Botany, 2009; auto.fs.x=NA; auto.spfr.x=252.63; auto.spofl.x=NA; auto.spofr.x=NA; auto.spfl.x=NA; auto.spp.x=NA",true,wild_or_naturalized_field_population,Codex structured pollinator-exclusion record audit,2026-08-11T00:00:00Z,accepted: exact species and family match; the cited structured record reports non-negative reproductive output under pollinator exclusion,c36732eb29180b1794dc6076
rodger2021:konstanz:0a617f8550b07c2ecc63968d,autonomous_selfing_capacity,Dyssochroma viridiflorum,absent,konstanz,accepted_name_exact,https://doi.org/10.6084/m9.figshare.14607882.v1,"S3 row 467: genus.species=Dyssochroma_viridiflorum; TPL.family=Solanaceae; source.dataset=konstanz; study=Sazima etal, Annalso of Botany, 2003; auto.fs.x=0; auto.spfr.x=NA; auto.spofl.x=NA; auto.spofr.x=NA; auto.spfl.x=NA; auto.spp.x=NA",true,wild_or_naturalized_field_population,Codex structured pollinator-exclusion record audit,2026-08-11T00:00:00Z,accepted: exact species and family match; the cited structured record reports non-negative reproductive output under pollinator exclusion,72a3abc1447f768feb656754
rodger2021:glopl:0cd171db3f7fe83ccc465576,autonomous_selfing_capacity,Jatropha mollissima,absent,glopl,accepted_name_exact,https://doi.org/10.6084/m9.figshare.14607882.v1,"S3 row 743: genus.species=Jatropha_mollissima; TPL.family=Euphorbiaceae; source.dataset=glopl; study=Neves et al., Revista Brasileira de Botânica, 2011; auto.fs.x=0; auto.spfr.x=NA; auto.spofl.x=NA; auto.spofr.x=NA; auto.spfl.x=NA; auto.spp.x=NA",true,wild_or_naturalized_field_population,Codex structured pollinator-exclusion record audit,2026-08-11T00:00:00Z,accepted: exact species and family match; the cited structured record reports non-negative reproductive output under pollinator exclusion,d4f963972e878b18a34296f8
rodger2021:glopl:72511e512758253166c26bb0,autonomous_selfing_capacity,Convolvulus arvensis,autonomous,glopl,accepted_name_exact,https://doi.org/10.6084/m9.figshare.14607882.v1,"S3 row 351: genus.species=Convolvulus_arvensis; TPL.family=Convolvulaceae; source.dataset=glopl; study=Harmon-Threatt et al., American Journal of Botany, 2009; auto.fs.x=0.55; auto.spfr.x=NA; auto.spofl.x=NA; auto.spofr.x=NA; auto.spfl.x=NA; auto.spp.x=NA",true,wild_or_naturalized_field_population,Codex structured pollinator-exclusion record audit,2026-08-11T00:00:00Z,accepted: exact species and family match; the cited structured record reports non-negative reproductive output under pollinator exclusion,6a6919932abd7d8c9f751af6
rodger2021:stellenbosch:f830939b6706519ced0e6d9b,autonomous_selfing_capacity,Arctotheca calendula,autonomous,stellenbosch,accepted_name_exact,https://doi.org/10.6084/m9.figshare.14607882.v1,"S3 row 120: genus.species=Arctotheca_calendula; TPL.family=Compositae; source.dataset=stellenbosch; study=Stanway, University of Stellenbosch MSc Thesis, 2010; auto.fs.x=0.1; auto.spfr.x=NA; auto.spofl.x=NA; auto.spofr.x=NA; auto.spfl.x=NA; auto.spp.x=NA",true,wild_or_naturalized_field_population,Codex structured pollinator-exclusion record audit,2026-08-11T00:00:00Z,accepted: exact species and family match; the cited structured record reports non-negative reproductive output under pollinator exclusion,7a4d28eeb04c941b0667433b
rodger2021:konstanz:385b68bdf21cdb75c84c32f2,autonomous_selfing_capacity,Aegiceras corniculatum,autonomous,konstanz,accepted_name_exact,https://doi.org/10.6084/m9.figshare.14607882.v1,"S3 row 32: genus.species=Aegiceras_corniculatum; TPL.family=Primulaceae; source.dataset=konstanz; study=Ge Sun, Molecular Ecology, 1999; auto.fs.x=0.115; auto.spfr.x=NA; auto.spofl.x=NA; auto.spofr.x=NA; auto.spfl.x=NA; auto.spp.x=NA",true,wild_or_naturalized_field_population,Codex structured pollinator-exclusion record audit,2026-08-11T00:00:00Z,accepted: exact species and family match; the cited structured record reports non-negative reproductive output under pollinator exclusion,a1843ff44b794de2cfd55c72
rodger2021:konstanz:c46df46308b864745b170703,autonomous_selfing_capacity,Chasmanthe floribunda,autonomous,konstanz,accepted_name_exact,https://doi.org/10.6084/m9.figshare.14607882.v1,"S3 row 298: genus.species=Chasmanthe_floribunda; TPL.family=Iridaceae; source.dataset=konstanz; study=vanKleunen etal, American Naturalist, 2008; auto.fs.x=0.5714; auto.spfr.x=5.05; auto.spofl.x=NA; auto.spofr.x=NA; auto.spfl.x=2.89; auto.spp.x=NA || S3 row 299: genus.species=Chasmanthe_floribunda; TPL.family=Iridaceae; source.dataset=konstanz; study=vanKleunen etal, American Naturalist, 2008; auto.fs.x=0.609; auto.spfr.x=5.24; auto.spofl.x=NA; auto.spofr.x=NA; auto.spfl.x=3.19; auto.spp.x=NA || S3 row 300: genus.species=Chasmanthe_floribunda; TPL.family=Iridaceae; source.dataset=konstanz; study=vanKleunen etal, American Naturalist, 2008; auto.fs.x=0.3579; auto.spfr.x=3.74; auto.spofl.x=NA; auto.spofr.x=NA; auto.spfl.x=1.34; auto.spp.x=NA",true,wild_or_naturalized_field_population,Codex structured pollinator-exclusion record audit,2026-08-11T00:00:00Z,accepted: exact species and family match; the cited structured record reports non-negative reproductive output under pollinator exclusion,39840c870e03d0eb12eef41a
rodger2021:konstanz:d121baedddc34f2616c810c1,autonomous_selfing_capacity,Tillandsia recurvata,autonomous,konstanz,accepted_name_exact,https://doi.org/10.6084/m9.figshare.14607882.v1,"S3 row 1429: genus.species=Tillandsia_recurvata; TPL.family=Bromeliaceae; source.dataset=konstanz; study=Orozco-Ibarrola etal, Botanical Journal of the Linnean Society, 2014; auto.fs.x=0.73; auto.spfr.x=NA; auto.spofl.x=NA; auto.spofr.x=NA; auto.spfl.x=NA; auto.spp.x=NA",true,wild_or_naturalized_field_population,Codex structured pollinator-exclusion record audit,2026-08-11T00:00:00Z,accepted: exact species and family match; the cited structured record reports non-negative reproductive output under pollinator exclusion,5cdc39f2e8c4a7d9fef9dd2a
rodger2021:glopl:4ab350708da95141ecbc4ddc,autonomous_selfing_capacity,Peraxilla tetrapetala,autonomous,glopl,accepted_name_exact,https://doi.org/10.6084/m9.figshare.14607882.v1,"S3 row 1047: genus.species=Peraxilla_tetrapetala; TPL.family=Loranthaceae; source.dataset=glopl; study=Kelly et al, Austral Ecology, 2007; auto.fs.x=0.0132; auto.spfr.x=NA; auto.spofl.x=NA; auto.spofr.x=NA; auto.spfl.x=NA; auto.spp.x=NA || S3 row 1048: genus.species=Peraxilla_tetrapetala; TPL.family=Loranthaceae; source.dataset=glopl; study=Kelly et al, Austral Ecology, 2007; auto.fs.x=0.0304; auto.spfr.x=NA; auto.spofl.x=NA; auto.spofr.x=NA; auto.spfl.x=NA; auto.spp.x=NA || S3 row 1049: genus.species=Peraxilla_tetrapetala; TPL.family=Loranthaceae; source.dataset=glopl; study=Kelly et al, Austral Ecology, 2007; auto.fs.x=0.0118; auto.spfr.x=NA; auto.spofl.x=NA; auto.spofr.x=NA; auto.spfl.x=NA; auto.spp.x=NA || S3 row 1050: genus.species=Peraxilla_tetrapetala; TPL.family=Loranthaceae; source.dataset=glopl; study=Kelly et al, Austral Ecology, 2007; auto.fs.x=0.0425; auto.spfr.x=NA; auto.spofl.x=NA; auto.spofr.x=NA; auto.spfl.x=NA; auto.spp.x=NA || S3 row 1051: genus.species=Peraxilla_tetrapetala; TPL.family=Loranthaceae; source.dataset=glopl; study=Kelly et al, Austral Ecology, 2007; auto.fs.x=0.0437; auto.spfr.x=NA; auto.spofl.x=NA; auto.spofr.x=NA; auto.spfl.x=NA; auto.spp.x=NA || S3 row 1052: genus.species=Peraxilla_tetrapetala; TPL.family=Loranthaceae; source.dataset=glopl; study=Kelly et al, Austral Ecology, 2007; auto.fs.x=0.0341; auto.spfr.x=NA; auto.spofl.x=NA; auto.spofr.x=NA; auto.spfl.x=NA; auto.spp.x=NA || S3 row 1053: genus.species=Peraxilla_tetrapetala; TPL.family=Loranthaceae; source.dataset=glopl; study=Kelly et al, Austral Ecology, 2007; auto.fs.x=0.0116; auto.spfr.x=NA; auto.spofl.x=NA; auto.spofr.x=NA; auto.spfl.x=NA; auto.spp.x=NA || S3 row 1054: genus.species=Peraxilla_tetrapetala; TPL.family=Loranthaceae; source.dataset=glopl; study=Kelly et al, Austral Ecology, 2007; auto.fs.x=0.0487; auto.spfr.x=NA; auto.spofl.x=NA; auto.spofr.x=NA; auto.spfl.x=NA; auto.spp.x=NA || S3 row 1055: genus.species=Peraxilla_tetrapetala; TPL.family=Loranthaceae; source.dataset=glopl; study=Kelly et al, Austral Ecology, 2007; auto.fs.x=0.0147; auto.spfr.x=NA; auto.spofl.x=NA; auto.spofr.x=NA; auto.spfl.x=NA; auto.spp.x=NA || S3 row 1056: genus.species=Peraxilla_tetrapetala; TPL.family=Loranthaceae; source.dataset=glopl; study=Kelly et al, Austral Ecology, 2007; auto.fs.x=0.0465; auto.spfr.x=NA; auto.spofl.x=NA; auto.spofr.x=NA; auto.spfl.x=NA; auto.spp.x=NA || S3 row 1057: genus.species=Peraxilla_tetrapetala; TPL.family=Loranthaceae; source.dataset=glopl; study=Kelly et al, Austral Ecology, 2007; auto.fs.x=0.1266; auto.spfr.x=NA; auto.spofl.x=NA; auto.spofr.x=NA; auto.spfl.x=NA; auto.spp.x=NA || S3 row 1058: genus.species=Peraxilla_tetrapetala; TPL.family=Loranthaceae; source.dataset=glopl; study=Kelly et al, Austral Ecology, 2007; auto.fs.x=0.1625; auto.spfr.x=NA; auto.spofl.x=NA; auto.spofr.x=NA; auto.spfl.x=NA; auto.spp.x=NA || S3 row 1059: genus.species=Peraxilla_tetrapetala; TPL.family=Loranthaceae; source.dataset=glopl; study=Kelly et al, Austral Ecology, 2007; auto.fs.x=0.1465; auto.spfr.x=NA; auto.spofl.x=NA; auto.spofr.x=NA; auto.spfl.x=NA; auto.spp.x=NA || S3 row 1061: genus.species=Peraxilla_tetrapetala; TPL.family=Loranthaceae; source.dataset=glopl; study=Kelly et al, Austral Ecology, 2007; auto.fs.x=0.037; auto.spfr.x=NA; auto.spofl.x=NA; auto.spofr.x=NA; auto.spfl.x=NA; auto.spp.x=NA || S3 row 1062: genus.species=Peraxilla_tetrapetala; TPL.family=Loranthaceae; source.dataset=glopl; study=Kelly et al, Austral Ecology, 2007; auto.fs.x=0.0097; auto.spfr.x=NA; auto.spofl.x=NA; auto.spofr.x=NA; auto.spfl.x=NA; auto.spp.x=NA || S3 row 1064: genus.species=Peraxilla_tetrapetala; TPL.family=Loranthaceae; source.dataset=glopl; study=Kelly et al, Austral Ecology, 2007; auto.fs.x=0.162; auto.spfr.x=NA; auto.spofl.x=NA; auto.spofr.x=NA; auto.spfl.x=NA; auto.spp.x=NA || S3 row 1065: genus.species=Peraxilla_tetrapetala; TPL.family=Loranthaceae; source.dataset=glopl; study=Kelly et al, Austral Ecology, 2007; auto.fs.x=0.0295; auto.spfr.x=NA; auto.spofl.x=NA; auto.spofr.x=NA; auto.spfl.x=NA; auto.spp.x=NA",true,wild_or_naturalized_field_population,Codex structured pollinator-exclusion record audit,2026-08-11T00:00:00Z,accepted: exact species and family match; the cited structured record reports non-negative reproductive output under pollinator exclusion,d36278fdf0c9493b8b2679b5
rodger2021:konstanz:875ec14f86bf61d0084d677d,autonomous_selfing_capacity,Aloysia gratissima,autonomous,konstanz,accepted_name_exact,https://doi.org/10.6084/m9.figshare.14607882.v1,"S3 row 61: genus.species=Aloysia_gratissima; TPL.family=Verbenaceae; source.dataset=konstanz; study=Morales Galetto, Plant Biology, 2003; auto.fs.x=0.68; auto.spfr.x=NA; auto.spofl.x=NA; auto.spofr.x=NA; auto.spfl.x=NA; auto.spp.x=NA",true,wild_or_naturalized_field_population,Codex structured pollinator-exclusion record audit,2026-08-11T00:00:00Z,accepted: exact species and family match; the cited structured record reports non-negative reproductive output under pollinator exclusion,f892164bc6e10ca413f51c7d
rodger2021:glopl:26cd0a11ce54cb43b8c00990,autonomous_selfing_capacity,Sauvagesia erecta,autonomous,glopl,accepted_name_exact,https://doi.org/10.6084/m9.figshare.14607882.v1,"S3 row 1269: genus.species=Sauvagesia_erecta; TPL.family=Ochnaceae; source.dataset=glopl; study=Nadia & Machado, Revista Brasileira de Botânica, 2005; auto.fs.x=0.375; auto.spfr.x=NA; auto.spofl.x=NA; auto.spofr.x=NA; auto.spfl.x=NA; auto.spp.x=NA",true,wild_or_naturalized_field_population,Codex structured pollinator-exclusion record audit,2026-08-11T00:00:00Z,accepted: exact species and family match; the cited structured record reports non-negative reproductive output under pollinator exclusion,117557ac5a2b270eecc0bca1
rodger2021:stellenbosch:68b5940d92a303cfe4728996,autonomous_selfing_capacity,Melianthus major,autonomous,stellenbosch,accepted_name_exact,https://doi.org/10.6084/m9.figshare.14607882.v1,"S3 row 856: genus.species=Melianthus_major; TPL.family=Melianthaceae; source.dataset=stellenbosch; study=Stanway, University of Stellenbosch MSc Thesis, 2010; auto.fs.x=0.4; auto.spfr.x=NA; auto.spofl.x=NA; auto.spofr.x=NA; auto.spfl.x=NA; auto.spp.x=NA",true,wild_or_naturalized_field_population,Codex structured pollinator-exclusion record audit,2026-08-11T00:00:00Z,accepted: exact species and family match; the cited structured record reports non-negative reproductive output under pollinator exclusion,4ebb3a9533e8cd67f9d125f1
rodger2021:glopl:324d158ce88472abc8bce18e,autonomous_selfing_capacity,Lonicera flava,autonomous,glopl,accepted_name_exact,https://doi.org/10.6084/m9.figshare.14607882.v1,"S3 row 804: genus.species=Lonicera_flava; TPL.family=Caprifoliaceae; source.dataset=glopl; study=Harmon-Threatt et al., American Journal of Botany, 2009; auto.fs.x=0.036; auto.spfr.x=NA; auto.spofl.x=NA; auto.spofr.x=NA; auto.spfl.x=NA; auto.spp.x=NA",true,wild_or_naturalized_field_population,Codex structured pollinator-exclusion record audit,2026-08-11T00:00:00Z,accepted: exact species and family match; the cited structured record reports non-negative reproductive output under pollinator exclusion,650e95d9ae584a3e62f79dea
rodger2021:glopl:355ccf6d527d99d6a330f251,autonomous_selfing_capacity,Miconia alata,absent,glopl,accepted_name_exact,https://doi.org/10.6084/m9.figshare.14607882.v1,"S3 row 871: genus.species=Miconia_alata; TPL.family=Melastomataceae; source.dataset=glopl; study=Hokche & Ramírez, Acta Botanica Venezuelana, 2008; auto.fs.x=0; auto.spfr.x=NA; auto.spofl.x=NA; auto.spofr.x=NA; auto.spfl.x=NA; auto.spp.x=NA",true,wild_or_naturalized_field_population,Codex structured pollinator-exclusion record audit,2026-08-11T00:00:00Z,accepted: exact species and family match; the cited structured record reports non-negative reproductive output under pollinator exclusion,a7215755027217eac46a9470
rodger2021:glopl:7439adc290264db261008b96,autonomous_selfing_capacity,Miconia tococa,absent,glopl,synonym_exact_two_backbone,https://doi.org/10.6084/m9.figshare.14607882.v1,"S3 row 1432: genus.species=Tococa_guianensis; TPL.family=Melastomataceae; source.dataset=glopl; study=Hokche & Ramírez, Acta Botanica Venezuelana, 2008; auto.fs.x=0; auto.spfr.x=NA; auto.spofl.x=NA; auto.spofr.x=NA; auto.spfl.x=NA; auto.spp.x=NA",true,wild_or_naturalized_field_population,Codex structured pollinator-exclusion record audit,2026-08-11T00:00:00Z,accepted: exact species and family match; the cited structured record reports non-negative reproductive output under pollinator exclusion,3d2a840cfd40c9cd3d6d8b86
rodger2021:konstanz:9796c0ec07ef998b8cd7317e,autonomous_selfing_capacity,Tropaeolum tricolor,autonomous,konstanz,accepted_name_exact,https://doi.org/10.6084/m9.figshare.14607882.v1,"S3 row 1459: genus.species=Tropaeolum_tricolor; TPL.family=Tropaeolaceae; source.dataset=konstanz; study=Arroyo Uslar, Botanical Journal of the Linnaean Society, 1993; auto.fs.x=0.4849; auto.spfr.x=2.88; auto.spofl.x=NA; auto.spofr.x=NA; auto.spfl.x=1.39; auto.spp.x=NA",true,wild_or_naturalized_field_population,Codex structured pollinator-exclusion record audit,2026-08-11T00:00:00Z,accepted: exact species and family match; the cited structured record reports non-negative reproductive output under pollinator exclusion,976807b8f161cd67a688464a
rodger2021:glopl:2b731ceb4aa3d6c2c1a6c2cf,autonomous_selfing_capacity,Peraxilla colensoi,absent,glopl,accepted_name_exact,https://doi.org/10.6084/m9.figshare.14607882.v1,"S3 row 1035: genus.species=Peraxilla_colensoi; TPL.family=Loranthaceae; source.dataset=glopl; study=Robertson et al, Austral Ecology, 2005; auto.fs.x=0; auto.spfr.x=NA; auto.spofl.x=NA; auto.spofr.x=NA; auto.spfl.x=NA; auto.spp.x=NA",true,wild_or_naturalized_field_population,Codex structured pollinator-exclusion record audit,2026-08-11T00:00:00Z,accepted: exact species and family match; the cited structured record reports non-negative reproductive output under pollinator exclusion,fae062db9a80d4e785e6688b
rodger2021:glopl:f0658e5495f51889638633c1,autonomous_selfing_capacity,Rhabdothamnus solandri,autonomous,glopl,accepted_name_exact,https://doi.org/10.6084/m9.figshare.14607882.v1,"S3 row 1205: genus.species=Rhabdothamnus_solandri; TPL.family=Gesneriaceae; source.dataset=glopl; study=Anderson et al, Science, 2011; auto.fs.x=0.0303; auto.spfr.x=156.291; auto.spofl.x=NA; auto.spofr.x=NA; auto.spfl.x=NA; auto.spp.x=NA || S3 row 1206: genus.species=Rhabdothamnus_solandri; TPL.family=Gesneriaceae; source.dataset=glopl; study=Anderson et al, Science, 2011; auto.fs.x=0.0585; auto.spfr.x=63.5762; auto.spofl.x=NA; auto.spofr.x=NA; auto.spfl.x=NA; auto.spp.x=NA",true,wild_or_naturalized_field_population,Codex structured pollinator-exclusion record audit,2026-08-11T00:00:00Z,accepted: exact species and family match; the cited structured record reports non-negative reproductive output under pollinator exclusion,5fa7b3f3c33cb52358751535
rodger2021:stellenbosch:75811bd42586365ff39eb20d,autonomous_selfing_capacity,Cytisus multiflorus,absent,stellenbosch,accepted_name_exact,https://doi.org/10.6084/m9.figshare.14607882.v1,"S3 row 405: genus.species=Cytisus_multiflorus; TPL.family=Leguminosae; source.dataset=stellenbosch; study=Rodriguez-Riano et al., Annales Botanici Fennici, 2004; auto.fs.x=0; auto.spfr.x=NA; auto.spofl.x=NA; auto.spofr.x=NA; auto.spfl.x=NA; auto.spp.x=NA || S3 row 406: genus.species=Cytisus_multiflorus; TPL.family=Leguminosae; source.dataset=stellenbosch; study=Rodriguez-Riano et al., Annales Botanici Fennici, 2004; auto.fs.x=0; auto.spfr.x=NA; auto.spofl.x=NA; auto.spofr.x=NA; auto.spfl.x=NA; auto.spp.x=NA",true,wild_or_naturalized_field_population,Codex structured pollinator-exclusion record audit,2026-08-11T00:00:00Z,accepted: exact species and family match; the cited structured record reports non-negative reproductive output under pollinator exclusion,58915da35cb5560d4671a03e
rodger2021:glopl:ad700444597c0fdfe9f176fc,autonomous_selfing_capacity,Clivia gardenii,autonomous,glopl,accepted_name_exact,https://doi.org/10.6084/m9.figshare.14607882.v1,"S3 row 326: genus.species=Clivia_gardenii; TPL.family=Amaryllidaceae; source.dataset=glopl; study=Kiepiel & Johnson, Botanical Journal of the Linnaen Society, 2014; auto.fs.x=0.0512; auto.spfr.x=1.00629; auto.spofl.x=NA; auto.spofr.x=NA; auto.spfl.x=0.157233; auto.spp.x=NA",true,wild_or_naturalized_field_population,Codex structured pollinator-exclusion record audit,2026-08-11T00:00:00Z,accepted: exact species and family match; the cited structured record reports non-negative reproductive output under pollinator exclusion,72cce8812ac2d1ab90c71695
rodger2021:glopl:ff52ad36bb24de3e95932137,autonomous_selfing_capacity,Iris ensata,absent,glopl,accepted_name_exact,https://doi.org/10.6084/m9.figshare.14607882.v1,"S3 row 726: genus.species=Iris_ensata; TPL.family=Iridaceae; source.dataset=glopl; study=Xiao et al., Acta Botanica Yunnanica, 2010; auto.fs.x=0; auto.spfr.x=0; auto.spofl.x=NA; auto.spofr.x=NA; auto.spfl.x=NA; auto.spp.x=NA",true,wild_or_naturalized_field_population,Codex structured pollinator-exclusion record audit,2026-08-11T00:00:00Z,accepted: exact species and family match; the cited structured record reports non-negative reproductive output under pollinator exclusion,2aaee7c9b710cf7f8c1eb7eb
rodger2021:konstanz:b00fc1b11c3480fa97fc0ee1,autonomous_selfing_capacity,Passiflora caerulea,absent,konstanz,accepted_name_exact,https://doi.org/10.6084/m9.figshare.14607882.v1,"S3 row 1005: genus.species=Passiflora_caerulea; TPL.family=Passifloraceae; source.dataset=konstanz; study=Morales Galetto, Plant Biology, 2003; auto.fs.x=0; auto.spfr.x=0; auto.spofl.x=NA; auto.spofr.x=NA; auto.spfl.x=0; auto.spp.x=NA",true,wild_or_naturalized_field_population,Codex structured pollinator-exclusion record audit,2026-08-11T00:00:00Z,accepted: exact species and family match; the cited structured record reports non-negative reproductive output under pollinator exclusion,9119d296c1beda54159927cb
rodger2021:glopl:594263899f7c43738a1a4e44,autonomous_selfing_capacity,Sophora tomentosa,absent,glopl,accepted_name_exact,https://doi.org/10.6084/m9.figshare.14607882.v1,"S3 row 1349: genus.species=Sophora_tomentosa; TPL.family=Leguminosae; source.dataset=glopl; study=Brito et al., Biota Neotropica, 2010; auto.fs.x=0; auto.spfr.x=NA; auto.spofl.x=NA; auto.spofr.x=NA; auto.spfl.x=NA; auto.spp.x=NA",true,wild_or_naturalized_field_population,Codex structured pollinator-exclusion record audit,2026-08-11T00:00:00Z,accepted: exact species and family match; the cited structured record reports non-negative reproductive output under pollinator exclusion,142352e759668ec5a8a4655f
rodger2021:glopl:f3dad33bc8dcb526a358eed4,autonomous_selfing_capacity,Satyrium nepalense,autonomous,glopl,accepted_name_exact,https://doi.org/10.6084/m9.figshare.14607882.v1,"S3 row 1264: genus.species=Satyrium_nepalense; TPL.family=Orchidaceae; source.dataset=glopl; study=Huang et al, American Naturalist, 2009; auto.fs.x=NA; auto.spfr.x=NA; auto.spofl.x=0.349; auto.spofr.x=NA; auto.spfl.x=NA; auto.spp.x=NA || S3 row 1265: genus.species=Satyrium_nepalense; TPL.family=Orchidaceae; source.dataset=glopl; study=Huang et al, American Naturalist, 2009; auto.fs.x=NA; auto.spfr.x=NA; auto.spofl.x=0.235; auto.spofr.x=NA; auto.spfl.x=NA; auto.spp.x=NA || S3 row 1266: genus.species=Satyrium_nepalense; TPL.family=Orchidaceae; source.dataset=glopl; study=Huang et al, American Naturalist, 2009; auto.fs.x=NA; auto.spfr.x=NA; auto.spofl.x=0.23; auto.spofr.x=NA; auto.spfl.x=NA; auto.spp.x=NA || S3 row 1267: genus.species=Satyrium_nepalense; TPL.family=Orchidaceae; source.dataset=glopl; study=Huang et al, American Naturalist, 2009; auto.fs.x=NA; auto.spfr.x=NA; auto.spofl.x=0.317; auto.spofr.x=NA; auto.spfl.x=NA; auto.spp.x=NA",true,wild_or_naturalized_field_population,Codex structured pollinator-exclusion record audit,2026-08-11T00:00:00Z,accepted: exact species and family match; the cited structured record reports non-negative reproductive output under pollinator exclusion,777d2a9acc06e8b7fa008096
rodger2021:stellenbosch:2e6bbbe71d1b87aed5cfe9e3,autonomous_selfing_capacity,Erica cerinthoides,autonomous,stellenbosch,accepted_name_exact,https://doi.org/10.6084/m9.figshare.14607882.v1,"S3 row 494: genus.species=Erica_cerinthoides; TPL.family=Ericaceae; source.dataset=stellenbosch; study=Malan, UCT Honours thesis, 2013; auto.fs.x=0.455; auto.spfr.x=NA; auto.spofl.x=NA; auto.spofr.x=NA; auto.spfl.x=NA; auto.spp.x=NA",true,wild_or_naturalized_field_population,Codex structured pollinator-exclusion record audit,2026-08-11T00:00:00Z,accepted: exact species and family match; the cited structured record reports non-negative reproductive output under pollinator exclusion,4d02b3a0c1e138b3f092d17d
rodger2021:glopl:37037d8a148dd2d56fc24cf6,autonomous_selfing_capacity,Penstemon pallidus,absent,glopl,accepted_name_exact,https://doi.org/10.6084/m9.figshare.14607882.v1,"S3 row 1028: genus.species=Penstemon_pallidus; TPL.family=Plantaginaceae; source.dataset=glopl; study=Harmon-Threatt et al., American Journal of Botany, 2009; auto.fs.x=0; auto.spfr.x=NA; auto.spofl.x=NA; auto.spofr.x=NA; auto.spfl.x=NA; auto.spp.x=NA",true,wild_or_naturalized_field_population,Codex structured pollinator-exclusion record audit,2026-08-11T00:00:00Z,accepted: exact species and family match; the cited structured record reports non-negative reproductive output under pollinator exclusion,6390aeb9d447f00c1924d90c
rodger2021:glopl:90a64aebd7bcbd1455fbbfe6,autonomous_selfing_capacity,Pomaderris hamiltonii,autonomous,glopl,accepted_name_exact,https://doi.org/10.6084/m9.figshare.14607882.v1,"S3 row 1118: genus.species=Pomaderris_hamiltonii; TPL.family=Rhamnaceae; source.dataset=glopl; study=Merrett et al, New Zealand Journal of Botany, 2007; auto.fs.x=0.0304; auto.spfr.x=NA; auto.spofl.x=NA; auto.spofr.x=NA; auto.spfl.x=NA; auto.spp.x=NA || S3 row 1119: genus.species=Pomaderris_hamiltonii; TPL.family=Rhamnaceae; source.dataset=glopl; study=Merrett et al, New Zealand Journal of Botany, 2007; auto.fs.x=0.0378; auto.spfr.x=NA; auto.spofl.x=NA; auto.spofr.x=NA; auto.spfl.x=NA; auto.spp.x=NA",true,wild_or_naturalized_field_population,Codex structured pollinator-exclusion record audit,2026-08-11T00:00:00Z,accepted: exact species and family match; the cited structured record reports non-negative reproductive output under pollinator exclusion,1a4d93c9f1920f360cdac076
rodger2021:glopl:9cf312dadfd2e4f6cc78424b,autonomous_selfing_capacity,Barbarea vulgaris,autonomous,glopl,accepted_name_exact,https://doi.org/10.6084/m9.figshare.14607882.v1,"S3 row 175: genus.species=Barbarea_vulgaris; TPL.family=Brassicaceae; source.dataset=glopl; study=Harmon-Threatt et al., American Journal of Botany, 2009; auto.fs.x=0.667; auto.spfr.x=NA; auto.spofl.x=NA; auto.spofr.x=NA; auto.spfl.x=3.67; auto.spp.x=NA",true,wild_or_naturalized_field_population,Codex structured pollinator-exclusion record audit,2026-08-11T00:00:00Z,accepted: exact species and family match; the cited structured record reports non-negative reproductive output under pollinator exclusion,cdaf0ab379b73e7a97ad3140
rodger2021:konstanz:a42032659807d025741375ca,autonomous_selfing_capacity,Senna occidentalis,absent,konstanz,accepted_name_exact,https://doi.org/10.6084/m9.figshare.14607882.v1,"S3 row 1295: genus.species=Senna_occidentalis; TPL.family=Leguminosae; source.dataset=konstanz; study=McMullen, American Journal of Botany, 1987; auto.fs.x=0; auto.spfr.x=0; auto.spofl.x=NA; auto.spofr.x=NA; auto.spfl.x=0; auto.spp.x=NA",true,wild_or_naturalized_field_population,Codex structured pollinator-exclusion record audit,2026-08-11T00:00:00Z,accepted: exact species and family match; the cited structured record reports non-negative reproductive output under pollinator exclusion,2413d5e2ad2c7b1f3b285829
rodger2021:glopl:a734b6a6be1107cd6b966832,autonomous_selfing_capacity,Polystachya foliosa,absent,glopl,synonym_exact_two_backbone,https://doi.org/10.6084/m9.figshare.14607882.v1,"S3 row 1117: genus.species=Polystachya_estrellensis; TPL.family=Orchidaceae; source.dataset=glopl; study=Pansarin Amaral, Rev Bras Bot, 2006; auto.fs.x=0; auto.spfr.x=NA; auto.spofl.x=NA; auto.spofr.x=NA; auto.spfl.x=NA; auto.spp.x=NA",true,wild_or_naturalized_field_population,Codex structured pollinator-exclusion record audit,2026-08-11T00:00:00Z,accepted: exact species and family match; the cited structured record reports non-negative reproductive output under pollinator exclusion,516b45d6c5c053c294890c73
rodger2021:glopl:fc169d7d8a3870c8871c7863,autonomous_selfing_capacity,Vriesea friburgensis,autonomous,glopl,accepted_name_exact,https://doi.org/10.6084/m9.figshare.14607882.v1,"S3 row 1501: genus.species=Vriesea_friburgensis; TPL.family=Bromeliaceae; source.dataset=glopl; study=Paggi et al, Plant Species Biology, 2013; auto.fs.x=NA; auto.spfr.x=200; auto.spofl.x=NA; auto.spofr.x=NA; auto.spfl.x=NA; auto.spp.x=NA",true,wild_or_naturalized_field_population,Codex structured pollinator-exclusion record audit,2026-08-11T00:00:00Z,accepted: exact species and family match; the cited structured record reports non-negative reproductive output under pollinator exclusion,f11cefff390cd7e8f401ae6f
rodger2021:stellenbosch:e284b9b6f33e2d8847ff7d22,autonomous_selfing_capacity,Monopsis debilis,autonomous,stellenbosch,accepted_name_exact,https://doi.org/10.6084/m9.figshare.14607882.v1,"S3 row 897: genus.species=Monopsis_debilis; TPL.family=Campanulaceae; source.dataset=stellenbosch; study=Rodger and Ellis, unpublished, NA; auto.fs.x=0.888888889; auto.spfr.x=NA; auto.spofl.x=NA; auto.spofr.x=NA; auto.spfl.x=NA; auto.spp.x=NA",true,wild_or_naturalized_field_population,Codex structured pollinator-exclusion record audit,2026-08-11T00:00:00Z,accepted: exact species and family match; the cited structured record reports non-negative reproductive output under pollinator exclusion,ee734a00eef3bb2a11525d1f
rodger2021:glopl:5ba52b62a4cf3fd6fc4396c9,autonomous_selfing_capacity,Saxifraga hirculus,autonomous,glopl,accepted_name_exact,https://doi.org/10.6084/m9.figshare.14607882.v1,"S3 row 1271: genus.species=Saxifraga_hirculus; TPL.family=Saxifragaceae; source.dataset=glopl; study=Li et al., Acta Botanica Boreali-Occidentalia Sinica, 2013; auto.fs.x=NA; auto.spfr.x=NA; auto.spofl.x=0.4756; auto.spofr.x=NA; auto.spfl.x=NA; auto.spp.x=NA || S3 row 1272: genus.species=Saxifraga_hirculus; TPL.family=Saxifragaceae; source.dataset=glopl; study=Li et al., Acta Botanica Boreali-Occidentalia Sinica, 2013; auto.fs.x=NA; auto.spfr.x=NA; auto.spofl.x=0.484; auto.spofr.x=NA; auto.spfl.x=NA; auto.spp.x=NA",true,wild_or_naturalized_field_population,Codex structured pollinator-exclusion record audit,2026-08-11T00:00:00Z,accepted: exact species and family match; the cited structured record reports non-negative reproductive output under pollinator exclusion,4d96d816ada8a6e14834f540
rodger2021:glopl:7f7e3b5798538e49cd382a54,autonomous_selfing_capacity,Sauvagesia sprengelii,autonomous,glopl,accepted_name_exact,https://doi.org/10.6084/m9.figshare.14607882.v1,"S3 row 1270: genus.species=Sauvagesia_sprengelii; TPL.family=Ochnaceae; source.dataset=glopl; study=Nadia & Machado, Revista Brasileira de Botânica, 2005; auto.fs.x=0.2083; auto.spfr.x=NA; auto.spofl.x=NA; auto.spofr.x=NA; auto.spfl.x=NA; auto.spp.x=NA",true,wild_or_naturalized_field_population,Codex structured pollinator-exclusion record audit,2026-08-11T00:00:00Z,accepted: exact species and family match; the cited structured record reports non-negative reproductive output under pollinator exclusion,da8b5bd3c050bb09c3a574d9
rodger2021:stellenbosch:0d634a3cca3cbc88042aa4e2,autonomous_selfing_capacity,Dimorphotheca sinuata,absent,stellenbosch,accepted_name_exact,https://doi.org/10.6084/m9.figshare.14607882.v1,"S3 row 437: genus.species=Dimorphotheca_sinuata; TPL.family=Compositae; source.dataset=stellenbosch; study=Stanway, University of Stellenbosch MSc Thesis, 2010; auto.fs.x=0; auto.spfr.x=NA; auto.spofl.x=NA; auto.spofr.x=NA; auto.spfl.x=NA; auto.spp.x=NA",true,wild_or_naturalized_field_population,Codex structured pollinator-exclusion record audit,2026-08-11T00:00:00Z,accepted: exact species and family match; the cited structured record reports non-negative reproductive output under pollinator exclusion,13152ea18a63ab4eca81cec6
rodger2021:glopl:8858ab01c2d9b0b23d5512b1,autonomous_selfing_capacity,Allamanda blanchetii,absent,glopl,accepted_name_exact,https://doi.org/10.6084/m9.figshare.14607882.v1,"S3 row 49: genus.species=Allamanda_blanchetii; TPL.family=Apocynaceae; source.dataset=glopl; study=Araújo et al., RevBrasilBot, 2011; auto.fs.x=0; auto.spfr.x=NA; auto.spofl.x=NA; auto.spofr.x=NA; auto.spfl.x=0; auto.spp.x=NA",true,wild_or_naturalized_field_population,Codex structured pollinator-exclusion record audit,2026-08-11T00:00:00Z,accepted: exact species and family match; the cited structured record reports non-negative reproductive output under pollinator exclusion,f2d843a3f7c104ab7c24c614
rodger2021:glopl:9dc3de8cd56e7047d7235209,autonomous_selfing_capacity,Begonia fimbristipula,autonomous,glopl,accepted_name_exact,https://doi.org/10.6084/m9.figshare.14607882.v1,"S3 row 180: genus.species=Begonia_fimbristipula; TPL.family=Begoniaceae; source.dataset=glopl; study=Chen et al, Acta Horticalturae Sinica, 2013; auto.fs.x=0.3095; auto.spfr.x=NA; auto.spofl.x=NA; auto.spofr.x=NA; auto.spfl.x=NA; auto.spp.x=NA",true,wild_or_naturalized_field_population,Codex structured pollinator-exclusion record audit,2026-08-11T00:00:00Z,accepted: exact species and family match; the cited structured record reports non-negative reproductive output under pollinator exclusion,461efa8074be5be45eb14de1
rodger2021:glopl:fd1829cc6e77382035a4d7e7,autonomous_selfing_capacity,Hedychium spicatum,autonomous,glopl,accepted_name_exact,https://doi.org/10.6084/m9.figshare.14607882.v1,"S3 row 651: genus.species=Hedychium_spicatum; TPL.family=Zingiberaceae; source.dataset=glopl; study=Zhang et al., Journal of Yunnan Normal University , 2013; auto.fs.x=0.06; auto.spfr.x=NA; auto.spofl.x=NA; auto.spofr.x=NA; auto.spfl.x=NA; auto.spp.x=NA",true,wild_or_naturalized_field_population,Codex structured pollinator-exclusion record audit,2026-08-11T00:00:00Z,accepted: exact species and family match; the cited structured record reports non-negative reproductive output under pollinator exclusion,3727ffd8d64239d79e0d52cd
rodger2021:stellenbosch:9defc188065605371b391dc9,autonomous_selfing_capacity,Heliophila variabilis,autonomous,stellenbosch,accepted_name_exact,https://doi.org/10.6084/m9.figshare.14607882.v1,"S3 row 665: genus.species=Heliophila_variabilis; TPL.family=Brassicaceae; source.dataset=stellenbosch; study=Smuts, UCT thesis, 1994; auto.fs.x=1; auto.spfr.x=NA; auto.spofl.x=NA; auto.spofr.x=NA; auto.spfl.x=NA; auto.spp.x=NA",true,wild_or_naturalized_field_population,Codex structured pollinator-exclusion record audit,2026-08-11T00:00:00Z,accepted: exact species and family match; the cited structured record reports non-negative reproductive output under pollinator exclusion,c86b8d07a88efa568ee4cae5
rodger2021:konstanz:a6f9c263966c15342f44f3f1,autonomous_selfing_capacity,Opuntia ficus-indica,autonomous,konstanz,accepted_name_exact,https://doi.org/10.6084/m9.figshare.14607882.v1,"S3 row 953: genus.species=Opuntia_ficus-indica; TPL.family=Cactaceae; source.dataset=konstanz; study=Morales Galetto, Plant Biology, 2003; auto.fs.x=0.09; auto.spfr.x=NA; auto.spofl.x=NA; auto.spofr.x=NA; auto.spfl.x=NA; auto.spp.x=NA",true,wild_or_naturalized_field_population,Codex structured pollinator-exclusion record audit,2026-08-11T00:00:00Z,accepted: exact species and family match; the cited structured record reports non-negative reproductive output under pollinator exclusion,0f1d117334a49e63b41841ef
rodger2021:glopl:477bfef0050ccd1eb3184d38,autonomous_selfing_capacity,Impatiens hainanensis,absent,glopl,accepted_name_exact,https://doi.org/10.6084/m9.figshare.14607882.v1,"S3 row 704: genus.species=Impatiens_hainanensis; TPL.family=Balsaminaceae; source.dataset=glopl; study=Zhong et al., Biodiversity Science, 2014; auto.fs.x=0; auto.spfr.x=NA; auto.spofl.x=NA; auto.spofr.x=NA; auto.spfl.x=NA; auto.spp.x=NA || S3 row 705: genus.species=Impatiens_hainanensis; TPL.family=Balsaminaceae; source.dataset=glopl; study=Zhong et al., Biodiversity Science, 2014; auto.fs.x=0; auto.spfr.x=NA; auto.spofl.x=NA; auto.spofr.x=NA; auto.spfl.x=NA; auto.spp.x=NA || S3 row 706: genus.species=Impatiens_hainanensis; TPL.family=Balsaminaceae; source.dataset=glopl; study=Zhong et al., Biodiversity Science, 2014; auto.fs.x=0; auto.spfr.x=NA; auto.spofl.x=NA; auto.spofr.x=NA; auto.spfl.x=NA; auto.spp.x=NA",true,wild_or_naturalized_field_population,Codex structured pollinator-exclusion record audit,2026-08-11T00:00:00Z,accepted: exact species and family match; the cited structured record reports non-negative reproductive output under pollinator exclusion,1700d32aace587e20f634b26
rodger2021:glopl:92a149e55ee6249abd2bddb3,autonomous_selfing_capacity,Lonicera japonica,absent,glopl,accepted_name_exact,https://doi.org/10.6084/m9.figshare.14607882.v1,"S3 row 805: genus.species=Lonicera_japonica; TPL.family=Caprifoliaceae; source.dataset=glopl; study=Harmon-Threatt et al., American Journal of Botany, 2009; auto.fs.x=0; auto.spfr.x=NA; auto.spofl.x=NA; auto.spofr.x=NA; auto.spfl.x=NA; auto.spp.x=NA",true,wild_or_naturalized_field_population,Codex structured pollinator-exclusion record audit,2026-08-11T00:00:00Z,accepted: exact species and family match; the cited structured record reports non-negative reproductive output under pollinator exclusion,b5c5e74784f8aaadb92d3ce3
rodger2021:glopl:962d140f28949ee8495a706a,autonomous_selfing_capacity,Costus arabicus,absent,glopl,accepted_name_exact,https://doi.org/10.6084/m9.figshare.14607882.v1,"S3 row 366: genus.species=Costus_arabicus; TPL.family=Costaceae; source.dataset=glopl; study=Bergamo et al., Funct Ecol, 2015; auto.fs.x=0; auto.spfr.x=NA; auto.spofl.x=NA; auto.spofr.x=NA; auto.spfl.x=NA; auto.spp.x=NA",true,wild_or_naturalized_field_population,Codex structured pollinator-exclusion record audit,2026-08-11T00:00:00Z,accepted: exact species and family match; the cited structured record reports non-negative reproductive output under pollinator exclusion,bc25cfea8147e6377fe099b5
rodger2021:glopl:774809555bea90262dbb7d05,autonomous_selfing_capacity,Handroanthus serratifolius,autonomous,glopl,accepted_name_exact,https://doi.org/10.6084/m9.figshare.14607882.v1,"S3 row 647: genus.species=Handroanthus_serratifolius; TPL.family=Bignoniaceae; source.dataset=glopl; study=Alves etal, Acta Bot Bras, 2013; auto.fs.x=0.009; auto.spfr.x=NA; auto.spofl.x=NA; auto.spofr.x=NA; auto.spfl.x=NA; auto.spp.x=NA",true,wild_or_naturalized_field_population,Codex structured pollinator-exclusion record audit,2026-08-11T00:00:00Z,accepted: exact species and family match; the cited structured record reports non-negative reproductive output under pollinator exclusion,b52eae02dd79db1a104c68c9
rodger2021:konstanz:1f46f63326ed183d0b19de8e,autonomous_selfing_capacity,Miconia robinsoniana,absent,konstanz,accepted_name_exact,https://doi.org/10.6084/m9.figshare.14607882.v1,"S3 row 884: genus.species=Miconia_robinsoniana; TPL.family=Melastomataceae; source.dataset=konstanz; study=McMullen, American Journal of Botany, 1987; auto.fs.x=0; auto.spfr.x=0; auto.spofl.x=NA; auto.spofr.x=NA; auto.spfl.x=0; auto.spp.x=NA",true,wild_or_naturalized_field_population,Codex structured pollinator-exclusion record audit,2026-08-11T00:00:00Z,accepted: exact species and family match; the cited structured record reports non-negative reproductive output under pollinator exclusion,e3a17ee1f2d6fb61dc83f406
rodger2021:konstanz:163d19f14dee106f39dac5b5,autonomous_selfing_capacity,Abutilon viscosum,autonomous,konstanz,synonym_exact_two_backbone,https://doi.org/10.6084/m9.figshare.14607882.v1,"S3 row 176: genus.species=Bastardia_viscosa; TPL.family=Malvaceae; source.dataset=konstanz; study=McMullen, American Journal of Botany, 1987; auto.fs.x=0.169; auto.spfr.x=8; auto.spofl.x=NA; auto.spofr.x=NA; auto.spfl.x=1.35; auto.spp.x=NA",true,wild_or_naturalized_field_population,Codex structured pollinator-exclusion record audit,2026-08-11T00:00:00Z,accepted: exact species and family match; the cited structured record reports non-negative reproductive output under pollinator exclusion,6195a0d385d62891c405550c
rodger2021:konstanz:f7efa1a75ac3f74f807c925d,autonomous_selfing_capacity,Erigeron tenuifolius,autonomous,konstanz,synonym_exact_two_backbone,https://doi.org/10.6084/m9.figshare.14607882.v1,"S3 row 411: genus.species=Darwiniothamnus_tenuifolius; TPL.family=Compositae; source.dataset=konstanz; study=McMullen, American Journal of Botany, 1987; auto.fs.x=0.0694; auto.spfr.x=1; auto.spofl.x=NA; auto.spofr.x=NA; auto.spfl.x=0.07; auto.spp.x=NA",true,wild_or_naturalized_field_population,Codex structured pollinator-exclusion record audit,2026-08-11T00:00:00Z,accepted: exact species and family match; the cited structured record reports non-negative reproductive output under pollinator exclusion,95f8a038a5104d038194e67a
rodger2021:glopl:b335ccd15ac136a2b9de6be8,autonomous_selfing_capacity,Leptecophylla abietina,autonomous,glopl,synonym_exact_two_backbone,https://doi.org/10.6084/m9.figshare.14607882.v1,"S3 row 1373: genus.species=Styphelia_abietina; TPL.family=Ericaceae; source.dataset=glopl; study=Merrett et al, New Zealand Journal of Botany, 2007; auto.fs.x=0.0175; auto.spfr.x=NA; auto.spofl.x=NA; auto.spofr.x=NA; auto.spfl.x=NA; auto.spp.x=NA",true,wild_or_naturalized_field_population,Codex structured pollinator-exclusion record audit,2026-08-11T00:00:00Z,accepted: exact species and family match; the cited structured record reports non-negative reproductive output under pollinator exclusion,9430aded457fd381b38340e8
rodger2021:glopl:3824023d9aef8f124c7e20dc,autonomous_selfing_capacity,Cochliasanthus caracalla,absent,glopl,synonym_exact_two_backbone,https://doi.org/10.6084/m9.figshare.14607882.v1,"S3 row 1493: genus.species=Vigna_caracalla; TPL.family=Leguminosae; source.dataset=glopl; study=Etcheverry et al., Annals of Botany, 2008; auto.fs.x=0; auto.spfr.x=NA; auto.spofl.x=NA; auto.spofr.x=NA; auto.spfl.x=NA; auto.spp.x=NA || S3 row 1494: genus.species=Vigna_caracalla; TPL.family=Leguminosae; source.dataset=glopl; study=Etcheverry et al., Annals of Botany, 2008; auto.fs.x=0; auto.spfr.x=NA; auto.spofl.x=NA; auto.spofr.x=NA; auto.spfl.x=NA; auto.spp.x=NA || S3 row 1495: genus.species=Vigna_caracalla; TPL.family=Leguminosae; source.dataset=glopl; study=Etcheverry et al., Annals of Botany, 2008; auto.fs.x=0; auto.spfr.x=NA; auto.spofl.x=NA; auto.spofr.x=NA; auto.spfl.x=NA; auto.spp.x=NA",true,wild_or_naturalized_field_population,Codex structured pollinator-exclusion record audit,2026-08-11T00:00:00Z,accepted: exact species and family match; the cited structured record reports non-negative reproductive output under pollinator exclusion,3d82ce43e4a25cf27e6939f0
rodger2021:glopl:64da1d21b0ef9673247845e7,autonomous_selfing_capacity,Miconia nitens,absent,glopl,synonym_exact_two_backbone,https://doi.org/10.6084/m9.figshare.14607882.v1,"S3 row 1433: genus.species=Tococa_nitens; TPL.family=Melastomataceae; source.dataset=glopl; study=Hokche & Ramírez, Acta Botanica Venezuelana, 2008; auto.fs.x=0; auto.spfr.x=NA; auto.spofl.x=NA; auto.spofr.x=NA; auto.spfl.x=NA; auto.spp.x=NA",true,wild_or_naturalized_field_population,Codex structured pollinator-exclusion record audit,2026-08-11T00:00:00Z,accepted: exact species and family match; the cited structured record reports non-negative reproductive output under pollinator exclusion,358ea2939eab05b164d8e753
rodger2021:glopl:25224d969d966e551966aba1,autonomous_selfing_capacity,Aphelandra longiflora,absent,glopl,synonym_exact_two_backbone,https://doi.org/10.6084/m9.figshare.14607882.v1,"S3 row 583: genus.species=Geissomeria_pubescens; TPL.family=Acanthaceae; source.dataset=glopl; study=Matias Consolaro, Botany, 2014; auto.fs.x=0; auto.spfr.x=NA; auto.spofl.x=NA; auto.spofr.x=NA; auto.spfl.x=NA; auto.spp.x=NA",true,wild_or_naturalized_field_population,Codex structured pollinator-exclusion record audit,2026-08-11T00:00:00Z,accepted: exact species and family match; the cited structured record reports non-negative reproductive output under pollinator exclusion,d2d880ed2655209d574bcad4
rodger2021:konstanz:eaff32d3730be9035ab3212f,autonomous_selfing_capacity,Oxalis magellanica,autonomous,konstanz,synonym_exact_two_backbone,https://doi.org/10.6084/m9.figshare.14607882.v1,"S3 row 973: genus.species=Oxalis_carnosa; TPL.family=Oxalidaceae; source.dataset=konstanz; study=Arroyo Uslar, Botanical Journal of the Linnaean Society, 1993; auto.fs.x=0.8526; auto.spfr.x=70.07; auto.spofl.x=NA; auto.spofr.x=NA; auto.spfl.x=59.75; auto.spp.x=NA",true,wild_or_naturalized_field_population,Codex structured pollinator-exclusion record audit,2026-08-11T00:00:00Z,accepted: exact species and family match; the cited structured record reports non-negative reproductive output under pollinator exclusion,4640dea15b011e769b965f6a
rodger2021:glopl:3519742c98cc4d7d6e225e5d,autonomous_selfing_capacity,Erythranthe lutea,autonomous,glopl,synonym_exact_two_backbone,https://doi.org/10.6084/m9.figshare.14607882.v1,"S3 row 891: genus.species=Mimulus_luteus; TPL.family=Phrymaceae; source.dataset=glopl; study=Carvallo & Medel, Evolutionary Ecology, 2010; auto.fs.x=NA; auto.spfr.x=NA; auto.spofl.x=0.0341947; auto.spofr.x=NA; auto.spfl.x=NA; auto.spp.x=NA || S3 row 892: genus.species=Mimulus_luteus; TPL.family=Phrymaceae; source.dataset=glopl; study=Carvallo & Medel, Evolutionary Ecology, 2010; auto.fs.x=NA; auto.spfr.x=NA; auto.spofl.x=0.041694; auto.spofr.x=NA; auto.spfl.x=NA; auto.spp.x=NA",true,wild_or_naturalized_field_population,Codex structured pollinator-exclusion record audit,2026-08-11T00:00:00Z,accepted: exact species and family match; the cited structured record reports non-negative reproductive output under pollinator exclusion,3b60fffa5da45a7ab3380eb4
rodger2021:stellenbosch:c3bb1e53a37422c504590f10,autonomous_selfing_capacity,Salvia africana,autonomous,stellenbosch,synonym_exact_two_backbone,https://doi.org/10.6084/m9.figshare.14607882.v1,"S3 row 1257: genus.species=Salvia_africana-caerulea; TPL.family=Lamiaceae; source.dataset=stellenbosch; study=Rodger and Ellis, unpublished, NA; auto.fs.x=0.041125541; auto.spfr.x=NA; auto.spofl.x=NA; auto.spofr.x=NA; auto.spfl.x=NA; auto.spp.x=NA",true,wild_or_naturalized_field_population,Codex structured pollinator-exclusion record audit,2026-08-11T00:00:00Z,accepted: exact species and family match; the cited structured record reports non-negative reproductive output under pollinator exclusion,2c16e80a1d1904bdb017a98c
rodger2021:glopl:a946e32d2284619cd90268f1,autonomous_selfing_capacity,Hemipilia chusua,absent,glopl,synonym_exact_two_backbone,https://doi.org/10.6084/m9.figshare.14607882.v1,"S3 row 1120: genus.species=Ponerorchis_chusua; TPL.family=Orchidaceae; source.dataset=glopl; study=Sun et al., Annals of Botany, 2011; auto.fs.x=0; auto.spfr.x=NA; auto.spofl.x=NA; auto.spofr.x=NA; auto.spfl.x=NA; auto.spp.x=NA",true,wild_or_naturalized_field_population,Codex structured pollinator-exclusion record audit,2026-08-11T00:00:00Z,accepted: exact species and family match; the cited structured record reports non-negative reproductive output under pollinator exclusion,15d80caf91f624b52af48f9e
rodger2021:konstanz:52e4705b6d965bf31c1f9fea,autonomous_selfing_capacity,Vachellia aroma,absent,konstanz,synonym_exact_two_backbone,https://doi.org/10.6084/m9.figshare.14607882.v1,"S3 row 6: genus.species=Acacia_aroma; TPL.family=Leguminosae; source.dataset=konstanz; study=Morales Galetto, Plant Biology, 2003; auto.fs.x=0; auto.spfr.x=0; auto.spofl.x=NA; auto.spofr.x=NA; auto.spfl.x=0; auto.spp.x=NA",true,wild_or_naturalized_field_population,Codex structured pollinator-exclusion record audit,2026-08-11T00:00:00Z,accepted: exact species and family match; the cited structured record reports non-negative reproductive output under pollinator exclusion,6ed453a0c5a721936f806b6b
