source_row_number,Reference,PubYear,Family,Genus,species,Genus species,Monocot/Dicot/Gymno,"Lform(0=ann,1=Hper,2=Wper)","Pollination(0=anim,1=wind,2=water)",MarkerType,nMarkers,"PopType (0=natural, 1= experimental, 2=seed orchard, 3=agricultural)",nPops(t),Mean-tm,Mean ts,Upper-tm,Where-t,nPops(F),Mech of selfing,Use for t & F?,Mean-F,Lower-F,Upper-F,Where-F,Reference.1
2,Iddrisu & Ritland 2004,2004,Aceraceae,Acer,macrophyllum,Acer macrophyllum,D,2,1,I,9,0,2,0.945,0.941,0.95,Table 4,2,,1,0.052,0.052,0.053,Table 4,"Iddrisu, M. N., and K. Ritland. 2004. Genetic variation, population structure, and mating system in bigleaf maple (Acer macrophyllum Pursh). Canadian Journal of Botany 82:1817-1825."
3,Marr et al. 2000,2000,Agavacae,Yucca,filamentosa,Yucca filamentosa,M,1,0,I,4,0,1,0.94,,,Table 4,,,0,,,,,"Marr, D. L., J. Leebens-Mack, L. Elms, and O. Pellmyr. 2000. Pollen dispersal in Yucca filamentosa (Agavaceae): The paradox of self-pollination behavior by Tegeticula yuccasella (Prodoxidae). American Journal of Botany 87:670-677."
4,Massey & Hamrick 1998&1999,1999,Agavacae,Yucca,filamentosa,Yucca filamentosa,M,1,0,I,10,0,1,0.971,,,Results M&H 1999,12,,1,0.0464,,,Table 1 - M&H 1998,"Massey, L. K., and J. L. Hamrick. 1998. Genetic diversity and population structure of Yucca filamentosa (Agavaceae). American Journal of Botany 85:340-345. & Massey, L. K., and J. L. Hamrick. 1999. Breeding structure of a Yucca filamentosa (Agavaceae) population. Evolution 53:1293-1298."
5,"Marr et al. 2000, Massey & Hamrick 1998&1999",2000 & 1999,Agavacae,Yucca,filamentosa,Yucca filamentosa,M,1,0,I,7,0,2,0.9555,0.94,0.971,Table 4 & Results M&H 1999,,,0,,,,,Species summary
6,Dorken et al.,2002,Alismataceae,Sagittaria,latifolia,Sagittaria latifolia,M,1,0,I,12,0,12,0.74,0.37,0.96,Fig. 2,12,,1,0.05,0,0.19,Table 1,"Dorken ME, Friedman J, SCH Barrett. 2002. The evolution and maintenance of monoecy and dioecy in Sagittaria latifolia (Alismataceae). Evolution 56(1):31-41"
7,Drzewiecki,2001,Amaranthaceae,Amaranthus,cruentus,Amaranthus cruentus,D,0,1,I,,0,1,0.31,,,Introduction,,,0,,,,,Drzewiecki J. 2001. Similarities and differences between Amaranthus species and cultivars and estimation of outcrossing rate on the basis of electrophoretic separations of urea-soluble seed proteins. Euphytica 119(3):279-287
8,Drzewiecki,2001,Amaranthaceae,Amaranthus,hypochondriacus,Amaranthus hypochondriacus,D,0,1,I,,0,1,0.088,0.035,0.14,Introduction (middle value in range),,,0,,,,,Drzewiecki J. 2001. Similarities and differences between Amaranthus species and cultivars and estimation of outcrossing rate on the basis of electrophoretic separations of urea-soluble seed proteins. Euphytica 119(3):279-287
9,Arroyo et al. 2002,2002,Amaryllidacae,Narcissus,papyraceus,Narcissus  papyraceus,M,1,0,I,4,0,8,0.81,0.66,0.91,Results,,0,0,,,,,"Arroyo et al.. 2002. Arroyo, J., S. C. H. Barrett, R. Hidalgo, and W. W. Cole. 2002. Evolutionary maintenance of stigma-height dimorphism in Narcissus papyraceus (Amaryllidaceae). American Journal of Botany 89:1242-1249.. Amer J Bot 89:1242-1249"
10,Baker et al 2000,2000,Amaryllidacae,Narcissus,assoanus,Narcissus  assoanus,M,1,0,I,6,0,6,0.976,0.886,1,Fig. 3,,facil,0,,,,,"Baker, A. M., J. D. Thompson, and S. C. H. Barrett. 2000. Evolution and maintenance of stigma-height dimorphism in Narcissus. II. Fitness comparisons between style morphs. Heredity 84:514-524."
11,Baker et al 2000,2000,Amaryllidacae,Narcissus,dubius,Narcissus  dubius,M,1,0,I,2,0,5,0.582,0.406,0.707,Fig. 3,,facil,0,,,,,"Baker, A. M., J. D. Thompson, and S. C. H. Barrett. 2000. Evolution and maintenance of stigma-height dimorphism in Narcissus. II. Fitness comparisons between style morphs. Heredity 84:514-524."
12,Barrett et al. 2004,2004,Amaryllidacae,Narcissus,longispathus,Narcissus  longispathus,M,1,0,I,12,0,6,0.635,0.539,0.774,Table 2,6,"auton,geit",1,-0.0093,-0.351,0.132,Table 2,"Barrett, S. C. H., W. W. Cole, and C. M. Herrera. 2004. Mating patterns and genetic diversity in the wild Daffodil Narcissus longispathus (Amaryllidaceae). Heredity 92:459-465."
13,Barrett et al. unpubl.,unpubl.,Amaryllidacae,Narcissus,triandrus,Narcissus  triandrus,M,1,0,I,,0,4,0.77,0.685,0.866,,,,0,,,,,Barrett et al. unpubl.
14,Gaudeul & Till-Bottraud 2003,2003,Apiaceae,Eryngium,alpinum,Eryngium alpinum,D,1,0,U,3,0,3,0.887,0.65,1.05,Table 2,3,,1,0.15,-0.02,0.42,Table 2,"Gaudeul, M., and I. Till-Bottraud. 2003. Low selfing in a mass-flowering, endangered perennial, Eryngium alpinum L. (Apiaceae). American Journal of Botany 90:716-723."
15,James et al. 1998,1998,Aponcynaceae,Stemmadenia,donnenell-smithii,Stemmadenia donnenell-smithii,D,2,0,I,3,0,1,0.896,,,Table 2,,,0,,,,,"James, T., S. Vege, P. Aldrich, and J. L. Hamrick. 1998. Mating systems of three tropical dry forest tree species. Biotropica 30:587-594."
16,Eguiarte et al. 1992,1992,Arecaceae,Astrocaryum,mexicanum,Astrocaryum mexicanum,M,2,0,I,,0,1,0.998,0.992,1.05,Table 4 (range for multilocus estimate),1,,1,-0.2683,-0.3585,-0.1781,Table 10 (av of FIT for adults and seeds),"Eguiarte LE, Perez-Nasser N, D. Piñero. 1992. Genetic structure, outcrossing rate and heterosis in Astrocaryum mexicanum (tropical palm): implications for evolution and conservation. Heredity 69: 217-228"
17,Gaiotto et al. 2003,2003,Arecaceae,Euterpe,edulis,Euterpe edulis,M,2,0,U,6,0,2,0.94,0.9,0.98,Table 3,1,,1,0.085,0.06,0.11,Table 1,"Gaiotto, F. A., D. Grattapaglia, and R. Vencovsky. 2003. Genetic structure, mating system, and long-distance gene flow in heart of palm (Euterpe edulis Mart.). Journal of Heredity 94:399-406."
18,Gold & Shore 1989,1989,Asclepiadaceae,Asclepias,syriaca,Asclepias  syriaca,D,1,0,I,,0,1,1.03,,,,,,0,,,,,"Gold, J. J., and J. S. Shore. 1995. Multiple paternity in Asclepias syriaca using a paired-fruit analysis. Canadian Journal of Botany 73:1212-1216."
19,Ivey et al. 1999,1999,Asclepiadaceae,Asclepias,incarnata,Asclepias  incarnata,D,1,0,I,9,0,3,0.932,0.8865,0.9725,Table 6 (range for multi-locus estimate),3,,1,-0.03883333333333334,-0.152,0.068,Table 6,"Ivey CT, Lipow SR, R Wyatt. 1999. The mating system and interfertility of swamp milkweed (Asclepias incarnata ssp. incarnata and ssp. pulchra). Heredity 82:25-35"
20,Abbott & Forbes 1993,1993,Asteraceae,Senecio,squalidus,Senecio  squalidus,D,0,0,I,,0,2,0.93,0.719,1.116,Table 1,2,auton,1,-0.056,-0.234,0.086,Table 1 Fm (F of maternal parents),"Abbott RJ, DG Forbes. 1993. Outcrossing rate and self-incompatibility in the colonizing species Senecio squalidus.. Heredity 71:155-159"
21,Antlfinger 1982,1982,Asteraceae,Borrichia,frutescens,Borrichia  frutescens,D,2,0,I,,0,1,1.13,,,Results (mating system estimates),1,none,0,,,,,"Antlfinger AE. 1982. Genetic neighborhood structure of the salt marsh composite, Borrichia frutescens. J of Heredity 73:128-132"
22,Baye & Becker 2004,2004,Asteraceae,Veronia,galamensis,Veronia galamensis,D,2,0,F,1,1,2,0.0765,0.063,0.09,Table 1,,auton,0,,,,,"Baye, T., and H. C. Becker. 2004. Natural outcrossing rate in Vernonia galamensis. Plant Breeding 123:398-399."
23,Bayer et al. unpubl,unpubl,Asteraceae,Antennaria,media,Antennaria media,D,1,0,I,,0,2,0.729,0.58,0.87,,,,0,,,,,Bayer et al. unpubl
24,"Cheptou et al., 2002",2002,Asteraceae,Crepis,sancta,Crepis sancta,D,1,0,I,6,0,9,0.911,0.77,0.99,Table 3,9,auton,1,0,0,0,Table 4,"Cheptou P-O, Lepart J, J Escarré. 2002. Mating system variation along a successional gradient in the allogamous and colonizing plant Crepis sancta (Asteraceae). J Evol Biol 15:753-762."
25,Damgaard & Abbott 1995,1995,Asteraceae,Senecio,vulgaris,Senecio  vulgaris,D,0,0,F,1,1,1,0.21,,,Results,,,0,,,,,"Damgaard, C., and R. J. Abbott. 1995. Positive correlations between selfing rate and pollen-ovule ratio within plant populations. Evolution 49:214–217."
26,Ellstrand et al. 1978,1978,Asteraceae,Helianthus,annuus,Helianthus  annuus,D,0,0,I,1,0,6,0.748,0.655,0.86,Table 1,6,,1,-0.1,-0.17,-0.035,Table 6,"Ellstrand NC, Torres AM, DA Levin. 1978. Density and the rate of apparent outcrossing in Helianthus annuus (Asteraceae). Syst Bot 3:403-407"
27,Ferrer et al. 2004,2004,Asteraceae,Flourensia,cernua,Flourensia cernua,D,2,0,I,12,0,10,0.99,,,Results,10,,1,-0.27,-0.5,-0.11,Table 1,"Ferrer, M. M., L. E. Eguiarte, and C. Montana. 2004. Genetic structure and outcrossing rates in Flourensia cernua (Asteraceae) growing at different densities in the South-western Chihuahuan Desert. Annals of Botany 94:419-426."
28,Godt & Hamrick 1995,1995,Asteraceae,Liatris,helleri,Liatris  helleri,D,1,0,I,9,0,7,0.97,0.88,1.04,Table 2 (range for multilocus estimate),7,,1,-0.096,-0.3,0.225,Table 4 (FIS),"Godt MJW, JL Hamrick. 1995. The mating system of Liatris helleri (Asteraceae), a threatened plant species. Heredity 75:398-404"
29,Hetz et al. 1995,1995,Asteraceae,Silybum,marianum,Silybum marianum,D,0,0,M,,0,1,0.02,,,Abstract,,,0,,,,,"Hetz E, Liersch R, O Schieder. 1995. Genetic Investigations on Silybum marianum and S. eburneum with respect to leaf colour, outcrossing ratio, and flavonolignan composition. Planta Medica 61:54-57."
30,Innes & Hermanutz 1988,1988,Asteraceae,Solidago,sempervirens,Solidago  sempervirens,D,1,0,I,,0,2,0.935,0.9,0.97,??,,,0,,,,,"Innes, D. J., and L. A. Hermanutz. 1988. The mating system and genetic-structure in a disjunct population of the seaside goldenrod Solidago sempervirens L (Asteraceae). Heredity 61:447-454."
31,Marshall & Abbott 1982,1982,Asteraceae,Senecio,vulgaris,Senecio  vulgaris,D,0,0,F,1,0,2,0.055,0.002,0.199,Table 2,2,,1,0.9461666666666666,0.9,0.98,Table 1,"Marshall DF, RJ Abbott. 1982. Polymorphism for outcrossing frequency at the ray floret locus in Senecio vulgaris LI Evidence. Heredity 48:227-235"
32,"Innes & Hermanutz 1988, Marshall & Abbott 1982",1988 & 1982,Asteraceae,Senecio,vulgaris,Senecio  vulgaris,D,0,0,F,1,0&1,3,0.49500000000000005,0.002,0.21,?? & Table 2,2,,0,,,,,Species summary
33,Michalakis et al. 1993,1993,Asteraceae,Onopordum,illyricum,Onopordum  illyricum,D,2,0,I,,0,1,0.568,0.52,0.57,Table 1,,,0,,,,,"Michalakis Y, Derancourt F, Noël V, C Espiau. 1993. A first estimation of the mating system of Onopordum illyricum (L.) and its relevance to the invasion of Australia. Acta Oecologica 14:539-545"
34,Moran & Marshall 1978,1978,Asteraceae,Xanthium,strumarium italicum,Xanthium  strumarium italicum,D,0,0,I,,0,2,0.11,0,0.11,??,,,0,,,,,"Moran GF, DR Marshall. 1978. Allozyme uniformity within and variation between races of the colonizing species Xanthium strumarium L. (Noogora burr). Austr J Biol Sci 31:283-291."
35,Ritland & Ganders 1985,1985,Asteraceae,Bidens,menziesii filiformis,Bidens menziesii filiformis,D,2,0,I,3,0,4,0.52,0.35,0.59,Table 2,4,,1,0.105,0.17,0.57,Table 2,"Ritland, K., and F. R. Ganders. 1985. Variation in the mating system of Bidens menziesii (Asteraceae) in relation to population substructure. Heredity 55:235-244."
36,Smyth & Hamrick 1984,1984,Asteraceae,Carduus,nutans,Carduus  nutans,D,0,0,I,2,0,2,1.1,1.095,1.105,Table II,2,,1,-0.2225,-0.245,-0.2,Table IV,"Smyth CA, JL Hamrick. 1984. Variation in estimates of outcrossing in musk thistle populations. J Hered 75:303-307"
37,"Ritland & Ganders 1985, Smyth & Hamrick 1984",1985 & 1984,Asteraceae,Carduus,nutans,Carduus  nutans,D,0,0,I,2,0,5,0.7133333333333334,0.35,1.105,Table 2 & Table II,2,,0,,,,,Species summary
38,Sun & Ganders 1988,1988,Asteraceae,Bidens,amplectens,Bidens  amplectens,D,2,0,I,,0,1,0.588,,,Table 5,,,0,,,,,"Sun M, FR Ganders. 1988. Mixed mating systems in Hawaiian Bidens. Evolution 42:516-527"
39,Sun & Ganders 1988,1988,Asteraceae,Bidens,cervicata,Bidens  cervicata,D,2,0,I,,0,1,0.664,,,Table 4,,,0,,,,,"Sun M, FR Ganders. 1988. Mixed mating systems in Hawaiian Bidens. Evolution 42:516-527"
40,Sun & Ganders 1988,1988,Asteraceae,Bidens,forbesii,Bidens  forbesii,D,2,0,I,,0,1,0.612,,,Table 4,,,0,,,,,"Sun M, FR Ganders. 1988. Mixed mating systems in Hawaiian Bidens. Evolution 42:516-527"
41,Sun & Ganders 1988,1988,Asteraceae,Bidens,hawaiensis,Bidens  hawaiensis,D,2,0,I,,0,1,0.634,,,Table 5,,,0,,,,,"Sun M, FR Ganders. 1988. Mixed mating systems in Hawaiian Bidens. Evolution 42:516-527"
42,Sun & Ganders 1988,1988,Asteraceae,Bidens,mauiensis,Bidens  mauiensis,D,1,0,I,,0,2,0.659,0.584,0.73,Table 5,,,0,,,,,"Sun M, FR Ganders. 1988. Mixed mating systems in Hawaiian Bidens. Evolution 42:516-527"
43,Sun & Ganders 1988,1988,Asteraceae,Bidens,menziesii filiformis,Bidens  menziesii filiformis,D,2,0,I,,0,2,0.618,0.584,0.653,Table 4,,,0,,,,,"Sun M, FR Ganders . 1988. Mixed mating systems in Hawaiian Bidens. Evolution 42:516-527"
44,Sun & Ganders 1988,1988,Asteraceae,Bidens,sandvicensis sandvicensis,Bidens sandvicensis sandvicensis,D,1,0,I,,0,4,0.689,0.425,0.877,Table 4,,,0,,,,,"Sun M, FR Ganders. 1988. Mixed mating systems in Hawaiian Bidens. Evolution 42:516-527"
45,Sun & Ganders 1988,1988,Asteraceae,Bidens,sandvicensis confusa,Bidens sandvicensis confusa,D,1,0,I,,0,1,0.881,,,Table 4,,,0,,,,,"Sun M, FR Ganders. 1988. Mixed mating systems in Hawaiian Bidens. Evolution 42:516-527"
46,Sun & Ganders 1988,1988,Asteraceae,Bidens,torta,Bidens  torta,D,1,0,I,,0,2,0.615,0.56,0.67,Table 5,,,0,,,,,"Sun M, FR Ganders. 1988. Mixed mating systems in Hawaiian Bidens. Evolution 42:516-527"
47,"Sun & Ganders 1988, Sun & Ganders 1988",1988 & 1988,Asteraceae,Bidens,menziesii filiformis,Bidens menziesii filiformis,D,2,0,I,,0,6,0.7036666666666666,0.56,0.67,Table 4 & Table 5,4,,0,,,,,Species summary
48,Sun & Ganders 1990,1990,Asteraceae,Bidens,pilosa,Bidens  pilosa,D,1,0,I &M,,0,3,0.062,0.048,0.088,Table 3 (av of all three morphs),3,,1,0.7233333333333333,0.64,0.84,Table 3 (av of all three morphs),"Sun M, FR Ganders. 1990. Outcrossing rates and allozyme variation in rayed and rayless morphs of Bidens pilosa. Heredity 64: 139-143"
49,Sun & Ritland 1998,1998,Asteraceae,Centaurea,solstitialis,Centaurea solstitialis,D,0,0,I,9,0,8,0.978,0.948,0.99,Table 2,8,,1,-0.028,-0.108,0.27,Table 2,"Sun, M., and K. Ritland. 1998. Mating system of yellow starthistle (Centaurea solstitialis), a successful colonizer in North America. Heredity 80:225–232."
50,Warwick & Thompson 1989,1989,Asteraceae,Carduus,acanthoides,Carduus  acanthoides,D,0,0,I,3,0,3,0.71,0.6,0.87,Table 4 (range for multilocus estimate),,,0,,,,,"Warwick SI,  BK Thompson. 1989. The mating system in sympatric populations of Carduus nutans, C. acanthoides and their hybrid swarms. Heredity 63:329-337"
51,Warwick & Thompson 1989,1989,Asteraceae,Carduus,nutans,Carduus  nutans,D,0,0,I,2,0,3,0.77,0.71,0.84,Table 4 (range for multilocus estimate),,,0,,,,,"Warwick SI,  BK Thompson. 1989. The mating system in sympatric populations of Carduus nutans, C. acanthoides and their hybrid swarms. Heredity 63:329-337"
52,Iwaizumi & Sakai 2004,2004,Balsaminaceae,Impatiens,textori,Impatiens textori,D,0,0,I,2,0,4,0.536,0.339,0.682,Table 1,4,,1,0.23,0.07,0.428,Table 1,"Iwaizumi, M. G., and S. Sakai. 2004. Variation in flower biomass among nearby populations of Impatiens textori (Balsaminaceae): effects of population plant densities. Canadian Journal of Botany 82:563-572."
53,Lu 2000,2000,Balsaminaceae,Impatiens,capensis,Impatiens capensis,D,0,0,I,3,0,3,0.127,0.11,0.14,"Fig. 1 - high (natural) density treatment, plant t's",,,0,,,,,"Lu, Y. 2000. Effects of density on mixed mating systems and reproduction in natural populations of Impatiens capensis. International Journal of Plant Science 161:671–681."
54,Waller & Knight 1989,1989,Balsaminaceae,Impatiens,capensis,Impatiens capensis,D,0,0,I,2,0,6,0.496,0.295,0.678,Table 2,6,,1,0.49333333333333335,0.4,0.63,Table 1,"Waller DM, SE Knight. 1989. Genetic consequences of outcrossing in the cleistogamous annual, Impatiens capensis. II. Outcrossing rates and genotypic correlations. Evolution 43:860-869."
55,"Lu 2000, Waller & Knight 1989",2000 & 1989,Balsaminaceae,Impatiens,capensis,Impatiens capensis,D,0,0,I,2.5,0,9,0.373,0.11,0.678,"Fig. 1 - high (natural) density treatment, plant t's & Table 2",6,,0,,,,,Species summary
56,Agren & Schemske 1993,1993,Begoniaceae,Begonia,hirsuta,Begonia  hirsuta,D,0,0,I,,0,1,0.03,,,Results (Outcrossing rates),1,auton,1,0.94,,,Results (Fobs),"Agren J, DW Schemske. 1993. Outcrossing rate and inbreeding depression in two annual monoecious herbs, Begonia hirsuta and B. semiovata. Evolution 47:125-135"
57,Agren & Schemske1993,1993,Begoniaceae,Begonia,semiovata,Begonia  semiovata,D,0,0,I,,0,1,0.05,,,Results (Outcrossing rates),1,auton,1,0.49,,,Results (Fobs),"Agren J, DW Schemske. 1993. Outcrossing rate and inbreeding depression in two annual monoecious herbs, Begonia hirsuta and B. semiovata. Evolution 47:125-135"
58,Bousquet et al. 1987,1987,Betulaceae,Alnus,crispa,Alnus  crispa,D,2,1,I,8,0,9,0.951,,,Table 6,22,biparental,1,0.009,,,Table 4,"Bousquet J, Cheliak WM, M Lalonde. 1987. Allozyme variability in natural populations of green alder (Alnus crispa) in Quebec. Genome 29:345-352"
59,Xie et al. 2002,2002,Betulaceae,Alnus,rubra,Alnus rubra,D,2,1,I,10,0,17,0.85,0.56,0.98,Table 6,,,0,,,,,"Xie C-Y, El-Kassaby YA, CC Ying. 2002. Genetics of red alder (Alnus rubra Bong.) populations in British Columbia and its implications for gene resources management. New Forests 24:97-112."
60,James et al. 1998,1998,Bignoniaceae,Jacaranda,copaia,Jacaranda copaia,D,2,0,I,4,0,2,0.9625,0.943,0.982,Table 2,,,0,,,,,"James, T., S. Vege, P. Aldrich, and J. L. Hamrick. 1998. Mating systems of three tropical dry forest tree species. Biotropica 30:587-594."
61,Fuchs et al. 2003,2003,Bombacaceae,Pachira,quinata,Pachira quinata,D,2,0,I,6,0,2,0.846,0.777,0.915,Table 1,,,0,,,,,"Fuchs, E. J., J. A. Lobo, and M. Quesada. 2003. Effects of forest fragmentation and flowering phenology on the reproductive success and mating patterns of the tropical dry forest tree Pachira quinata. Conservation Biology 17:149-157."
62,Murawski & Hamrick 1991,1991,Bombacaceae,Cavanillesia,platanifolia,Cavanillesia  platanifolia,D,2,0,I,,0,3,0.37633333333333335,0.213,0.569,Table 3,,,0,,,,,"Murawski DA, JL Hamrick. 1991. The effect of the density of flowering individuals on the mating systems of nine tropical tree species. Heredity 67:167-174"
63,Murawski & Hamrick 1991,1991,Bombacaceae,Ceiba,pentandra,Ceiba  pentandra,D,2,0,I,,0,1,0.689,,,Table 3,,,0,,,,,"Murawski DA, JL Hamrick. 1991. The effect of the density of flowering individuals on the mating systems of nine tropical tree species. Heredity 67:167-174"
64,Murawski & Hamrick 1991,1991,Bombacaceae,Quararibea,asterolepis,Quararibea  asterolepis,D,2,0,I,,0,1,1.008,,,Table 3,,,0,,,,,"Murawski DA, JL Hamrick. 1991. The effect of the density of flowering individuals on the mating systems of nine tropical tree species. Heredity 67:167-174"
65,Boshier et al. 1995,1995,Boraginaceae,Cordia,alliodora,Cordia  alliodora,D,2,0,I,,0,1,0.966,,,Table 1,,biparental,0,,,,,"Boshier, D. H., M. R. Chase, and K. S. Bawa. 1995. Population-Genetics of Cordia-Alliodora (Boraginaceae), a Neotropical Tree .2. Mating System. American Journal of Botany 82:476-483."
66,Burdon & Brown 1986,1986,Boraginaceae,Echium,plantagineum,Echium  plantagineum,D,0,0,I,5,0,1,0.73,,,Table 5 (range for single-locus estimate),1,geit,0,0.08,,,Table 4,"Burdon, J. J., and A. H. D. Brown. 1986. Population genetics of Echium plantagineum L. - Target weed for biological control. Australian Journal of Biological Science 39:369-378."
67,"Boshier et al. 1995, Burdon & Brown 1986",1995 & 1986,Boraginaceae,Echium,plantagineum,Echium plantagineum,D,0,0,I,4.5,0,4,0.848,0.73,0,Table 1 & Table 5 (range for single-locus estimate),4,,1,0.08,,, & Table 4,Species summary
68,Burdon et al. 1988,1988,Boraginaceae,Echium,plantagineum,Echium plantagineum,D,0,0,I,4,0,3,0.9383333333333334,0.875,0.97,Table 4,3,geit,0,-0.217,-0.177,-0.247,Table 2,"Burdon, J. J., A. M. Jarosz, and A. H. D. Brown. 1988. Temporal patterns of reproduction and outcrossing in weedy populations of Echium plantagineum. Biological Journal of the Linnean Society 34:81–92."
69,Johnston & Schoen 1996,1996,Boraginaceae,Amsinckia,douglasiana,Amsinckia  douglasiana,D,0,0,I,1,0,2,0.665,0.58,0.75,Table 2,2,,1,0.0395,0.032,0.047,Tabl e 2,"Johnston, M. O., and D. J. Schoen. 1996. Correlated evolution of self-fertilization and inbreeding depression: An experimental study of nine populations of Amsinckia (Boraginaceae). Evolution 50:1478-1491."
70,Johnston & Schoen 1996,1996,Boraginaceae,Amsinckia,gloriosa,Amsinckia  gloriosa,D,0,0,I,1,0,2,0.002,0.001,0.003,Table 2,2,,1,0.735,0.73,0.74,Tabl e 2,"Johnston, M. O., and D. J. Schoen. 1996. Correlated evolution of self-fertilization and inbreeding depression: An experimental study of nine populations of Amsinckia (Boraginaceae). Evolution 50:1478-1491."
71,Johnston & Schoen 1996,1996,Boraginaceae,Amsinckia,spectabilis,Amsinckia  spectabilis,D,0,0,I,1,0,4,0.348,0.002,0.45,Table 2,4,,1,0.389,0.036,1,Tabl e 2,"Johnston, M. O., and D. J. Schoen. 1996. Correlated evolution of self-fertilization and inbreeding depression: An experimental study of nine populations of Amsinckia (Boraginaceae). Evolution 50:1478-1491."
72,Leach et al. 1993,1993,Boraginaceae,Borago,officinalis,Borago officinalis,D,0,0,I,2,0,1,0.915,,,cited in Montaner et al. 2001,,,0,,,,,"Leach, C. R., A. Renfrey, and O. Mayo. 1993. Quantitatively determined self-incompatibility. IV. Pollination and seed set in Borago officinalis. Theoretical and Applied Genetics 85:755-760."
73,Rademaker et al. 1999,1999,Boraginaceae,Echium,vulgare,Echium vulgare,D,0,0,R,,0,1,0.875,,,Results,,,0,,,,,"Rademaker, M. C. J., T. J. De Jong, and E. Van der Meijden. 1999. Selfing rates in natural populations of Echium vulgare: a combined empirical and model approach. Functional Ecology 13:828-837."
74,Vrieling et al. 1999,1999,Boraginaceae,Cynoglossum,officinale,Cynoglossum officinale,D,0,0,V,,0,1,0.678,,,Results,,,0,,,,,"Vrieling, K., L. Saumitou, P., J. Cuguen, H. vanDijk, T. J. deJong, and P. G. L. Klinkhamer. 1999. Direct and indirect estimates of the selfing rate in small and large individuals of the bumblebee pollinated Cynoglossum officinale L. (Boraginaceae). Ecology Letters 2:331-337."
75,Abbott & Gomes,1989,Brassicaceae,Arabidopsis,thaliana,Arabidopsis  thaliana,D,0,0,I,,0,7,0.0028,0,0.003,Abstract,7,auton,1,0.9979,,,Results Population Structure,"Abbott RJ, MF Gomes. 1989. Population genetic structure and outcrossing rate of Arabidopsis thaliana (L.) Heynh. Heredity 62:411-418"
76,Damgaard & Abbott 1995,1995,Brassicaceae,Brassica,napus,Brassica napus,D,0,0,I,1,3,1,0.37,,,Results,,,0,,,,,"Damgaard, C., and R. J. Abbott. 1995. Positive correlations between selfing rate and pollen-ovule ratio within plant populations. Evolution 49:214–217."
77,"Hurka et al., 1989",1989,Brassicaceae,Capsella,bursa-pastoris,Capsella  bursa-pastoris,D,0,0,I,,0,2,0.07,0.03,0.11,??,,,0,,,,,"Hurka H, Freundner S, Brown AH, U Plantholt. 1989. Aspartate aminotransferase isozymes in the genus Capsella (Brassicaceae): subcellular location, gene duplication, and polymorphism. Biochem Genet 27(1-2):77-90."
78,"Hurka et al., 1989",1989,Brassicaceae,Capsella,rubella,Capsella  rubella,D,0,0,I,,0,1,0,,,??,,,0,,,,,"Hurka H, Freundner S, Brown AH, U Plantholt. 1989. Aspartate aminotransferase isozymes in the genus Capsella (Brassicaceae): subcellular location, gene duplication, and polymorphism. Biochem Genet 27(1-2):77-90."
79,Lyons & Antonovics 1991,1991,Brassicaceae,Leavenworthia,crassa,Leavenworthia  crassa,D,0,0,I,5,0,2,0.1855,0.03,0.33,Table 2,,,0,,,,,"Lyons E.E., J. Antonovics. 1991. Breeding system evolution in Leavenworthia:  I.  Breeding system variation and reproductive success in natural populations of Leavenworthia crassa. Amer. J. Bot. 78:270-287."
80,Preston 1990,1990,Brassicaceae,Streptanthus,tortuous,Streptanthus  tortuous,D,0,0,I,,0,2,0.9,,,Thesis,,,0,,,,,"Preston, R. E. 1990. The reproductive biology of Streptanthus tortuosus. University of California, Davis, Davis, California, U.S.A."
81,Molina-Freaner et al. 2003,2003,Cactaceae,Pachycereus,pringlei,Pachycereus  pringlei,D,1,0,I,3,0,4,1.1725,0.979,1.269,Table 5,,,0,,,,,"Molina-Freamer, F., M. Cervantes-Salas, D. Morales-Romero, S. Buchmann, and T. H. Fleming. 2003. Does the pollinator abundance hypothesis explain geographic variation in the breeding system of Pachycereus pringlei? International Journal of Plant Sciences 164:383-393."
82,Murawski et al. 1994,1994,Cactaceae,Pachycereus,pringlei,Pachycereus  pringlei,D,1,0,I,8,0,1,0.6898,,,Table 3 (range for multilocus estimate),1,,1,0.12,,,Discussion,"Murawski DA, Fleming TH, Ritland K, JL Hamrick. 1994. Mating system of Pachycereus pringlei: an autotetraploid cactus. Heredity 72:86-94"
83,"Molina-Freaner et al. 2003, Murawski et al. 1994",2003 & 1994,Cactaceae,Pachycereus,pringlei,Pachycereus  pringlei,D,1,0,I,5.5,0,5,1.07596,0.69,1.269,Table 5 & Table 3 (range for multilocus estimate),1,,0,,,,,Species summary
84,Galloway et al. 2003,2003,Campanulaceae,Campanula,americana,Campanula americana,D,0,0,I,,0,1,0.938,,,Results,1,,1,0.276,,,Results-Outcrossing rate,"Galloway LF, Etterson JR, JL Hamrick. 2003. Outcrossing rates and inbreeding depression in the herbaceous autotetraploid Campanula americana. Heredity 90:308-315"
85,Inoue et al. 1996,1996,Campanulaceae,Campanula,punctata,Campanula punctata,D,1,0,I,~5,0,6,0.487,0.087,0.931,Table 14.2,,,0,,,,,"Inoue, K., M. Maki, and M. Masuda. 1996. Evolution of Campanula flowers in relation to insect pollination on islands. Pp. 377–400 in D. G. Lloyd and S. C. H. Barrett, eds. Floral biology. Studies on floral evolution in animal-pollinated plants. Champman & Hall, New York, NY, U.S.A."
86,Collevatti et al. 2001,2001,Caryocaraceae,Caryocar,brasiliense,Caryocar brasiliense,D,2,0,U,10,0,4,1,1,1,Results,4,,1,0.06505,0.0189,0.103,Table 1,"Collevatti, R. G., D. Grattapaglia, and J. D. Hay. 2001. High resolution microsatellite based analysis of the mating system allows the detection of significant biparental inbreeding in Caryocar brasiliense, an endangered tropical tree species. Heredity 86:60-67."
87,Cole 1988,1988,Caryophyllaceae,Silene,cucubalis,Silene  cucubalis,D,1,0,I,,0,1,0.8625,,,??,,,0,,,,,"Cole, W.W. 1988. Unpublished MSc. Thesis"
88,Collin & Shykoff 2003,2003,Caryophyllaceae,Dianthus,sylvestris,Dianthus sylvestris,D,1,0,I,5,0,1,0.885,,,Results,,,0,,,,,"Collin, C. L., and J. A. Shykoff. 2003. Outcrossing rates in the gynomonoecious-gynodioecious species Dianthus sylvestris (Caryophyllaceae). American Journal of Botany 90:579-585."
89,Culley et al. 1999,1999,Caryophyllaceae,Schiedea,membranacea,Schiedea membranacea,D,1,0,I,3,0,1,0.829,0.749,0.925,Table 3,,,0,,,,,"Culley, T. M., S. G. Weller, A. K. Sakai, and A. E. Rankin. 1999. Inbreeding depression and selfing rates in a self-compatible, hermaphroditic species, Schiedea membranacea (Caryophyllaceae). American Journal of Botany 86:980-987."
90,Dudash & Fenster,2001,Caryophyllaceae,Silene,virginica,Silene  virginica,D,1,0,I,,0,1,0.89,,,Results,1,,1,0.06999999999999999,-0.22,0.19,Results (outcrossing rate),"Dudash MR, CB Fenster. 2001. The role of breeding system and inbreeding depression in the maintenance of an outcrossing mating strategy in Silene virginica (Caryophyllaceae). Am J Bot 88(11):1953-1959"
91,in Norman et al. 1997,1997,Caryophyllaceae,Schiedea,salicaria,Schiedea salicaria,D,1,1,I,?,0,1,0.613,,,Discussion of Norman et al. 1997,,,0,,,,,"Norman, J. K., S. G. Weller, and A. K. Sakai. 1997. Pollination biology and outcrossing rates in hermaphroditic Schiedea lydgatei (Caryophyllaceae). American Journal of Botany 84:641–648."
92,in Rankin et al. 2002,2002,Caryophyllaceae,Alsinidendron,viscosum,Alsinidendron viscosum,D,1,0,I,?,0,1,0,,,,,,0,,,,,"Rankin, A. E., S. G. Weller, and A. K. Sakai. 2002. Mating system instability in Schiedea menziesii (Caryophyllaceae). Evolution 56:1574-1585."
93,Norman et al. 1997,1997,Caryophyllaceae,Schiedea,lydgatei,Schiedea lydgatei,D,1,0,I,4,0,2,0.781,0.694,0.875,Table 3,,,0,,,,,"Norman, J. K., S. G. Weller, and A. K. Sakai. 1997. Pollination biology and outcrossing rates in hermaphroditic Schiedea lydgatei (Caryophyllaceae). American Journal of Botany 84:641–648."
94,Purdy et al.,1994,Caryophyllaceae,Stellaria,arenicola,Stellaria arenicola,D,1,0,I,,0,1,0.667,,,Table 4,,,0,,,,,"Purdy BG, Bayer RJ, SE MacDonald. 1994. Genetic variation, breeding system evolution, and conservation of the narrow sand dune endemic Stellaria arenicola and the widespread S. longipes (Caryphyllaceae). Am. J. Bot. 81: 904-911"
95,Purdy et al.,1994,Caryophyllaceae,Stellaria,longpipes,Stellaria longpipes,D,1,0,I,,0,1,0.802,,,Table 4,,,0,,,,,"Purdy BG, Bayer RJ, SE MacDonald. 1994. Genetic variation, breeding system evolution, and conservation of the narrow sand dune endemic Stellaria arenicola and the widespread S. longipes (Caryphyllaceae). Am. J. Bot. 81: 904-911"
96,Rankin et al. 2002,2002,Caryophyllaceae,Schiedea,menziesii,Schiedea menziesii,D,1,0,I,3,0,1,0.393,0.296,0.575,Table 1,1,,1,-0.141,-0.234,-0.036,Table 1,"Rankin, A. E., S. G. Weller, and A. K. Sakai. 2002. Mating system instability in Schiedea menziesii (Caryophyllaceae). Evolution 56:1574-1585."
97,Sakai et al. 1997,1997,Caryophyllaceae,Schiedea,adamantis,Schiedea adamantis,D,1,1,I,1,0,1,0.54893,,,Results - Mating System,1,,1,-0.178,,,Results - Mating System,"Sakai, A. K., S. G. Weller, M. L. Chen, S. Y. Chou, and C. Tasanont. 1997. Evolution of gynodioecy and maintenance of females: The role of inbreeding depression, outcrossing rates, and resource allocation in Schiedea adamantis (Caryophyllaceae). Evolution 51:724-736."
98,Sterk & Dijkhuizen 1972,1972,Caryophyllaceae,Spergularia,marina,Spergularia  marina,D,0,0,M,,0,1,0.015,,,??,,,0,,,,,Sterk and Dijkhuizen 1972 ????
99,Sterk & Dijkhuizen 1972,1972,Caryophyllaceae,Spergularia,media,Spergularia  media,D,0,0,M,,0,1,0.12,,,??,,,0,,,,,Sterk and Dijkhuizen 1972 ????
100,Degen et al. 2004,2004,Clusiaceae,Symphonia,globulifera,Symphonia globulifera,D,2,0,U,3,0,1,0.92,,,Results,1,,1,0.16,,,Table 1,"Degen, B., E. Bandou, and H. Caron. 2004. Limited pollen dispersal and biparental inbreeding in Symphonia globulifera in French Guiana. Heredity 93:585-591."
101,Ennos 1981,1981,Convolvulaceae,Ipomoea,hederacea,Ipomoea  hederacea,D,0,0,I,,0,1,0.0695,.,,Table 1b,,,0,,,,,Ennos RA. 1981. Quantitative studies of the mating system in two sympatric species of Ipomoea (Convolvulaceae). Genetica 57:93-98
102,Ennos 1981,1981,Convolvulaceae,Ipomoea,purpurea,Ipomoea  purpurea,D,0,0,I,,0,1,0.699,.,,Table 1b,,,0,,,,,Ennos RA. 1981. Quantitative studies of the mating system in two sympatric species of Ipomoea (Convolvulaceae). Genetica 57:93-98
103,Kohn & Biardi 1994,1994,Cucurbitaceae,Cucurbita,foetidissma,Cucurbita  foetidissma,D,1,0,I,4,0,2,0.498,0.451,0.546,Table 1,2,,1,-0.0645,-0.114,-0.015,Table 1,"Kohn, J. R., and J. E. Biardi. 1995. Outcrossing rates and inferred levels of inbreeding depression in gynodioecious Cucurbita foetidissima (Cucurbitaceae). Heredity 75:77-83."
104,El-Kassaby et al.,1994,Cupressaceae,Thuja,plicata,Thuja  plicata,G,2,1,I,,1,1,0.32,0.001,1.23,Table 1 & Results,,,0,,,,,"El-Kassaby Y, Russell JH, K Ritland. 1994. Mixed mating in an experimental population of western red cedar, Thuja plicata. J Hered 85:227-231"
105,"Ennos 1981, Kohn & Biardi 1994, El-Kassaby et al.","1981, 1994, 1994",Cupressaceae,Thuja,plicata,Thuja  plicata,G,2,1,I&U,,0&1,11,0.5037499999999999,0.001,1.203,"Table 1b, Table 1, Table 1 & Results",4,,0,,,,,Species summary
106,Lamy et al.,1999,Cupressaceae,Thuja,occidentalis,Thuja  occidentalis,G,2,1,I,3,0,2,0.288,0.24,0.335,Table 5 (range for multi-locus estimate),2,,1,0.12,0.051,0.19,Results,"Lamy S, Bouchard A, J-P Simon. 1999. Genetic structure, variability, and mating system in eastern white cedar (Thuja occidentalis) populations of recent origin in an agricultural landscape in southern Quebec. Can J For Res 29:1383-1392"
107,"Ennos 1981, Kohn & Biardi 1994, El-Kassaby et al., Lamy et al.","1981, 1994, 1994 & 1999",Cupressaceae,Thuja,occidentalis,Thuja  occidentalis,G,2,1,I,,0,6,0.4705576923076922,0.24,0.63,"Table 1b, Table 1, Table 1 & Results, Table 5 (range for multi-locus estimate)",2,,0,,,,,Species summary
108,O'Connell et al. 2001,2001,Cupressaceae,Thuja,plicata,Thuja  plicata,G,2,1,I,1,0,6,0.715,0.173,1.257,Table 1,,,0,,,,,"O'Connell L, Viard F, K Ritland. 2001. The mating system in natural populations of western red cedar (Thuja plicata). Can. J. Bot. 79:753-756."
109,O'connell et al. 2004,2004,Cupressaceae,Thuja,plicata,Thuja  plicata,G,2,1,U,4,0,4,0.731,0.662,0.778,Table 5,4,,1,0.055,0.013,0.109,Table 3,"O'Connell, L. M., J. Russell, and K. Ritland. 2004. Fine-scale estimation of outcrossing in western redcedar with microsatellite assay of bulked DNA. Heredity 93:443-449."
110,Seido et al. 2000,2000,Cupressaceae,Chamaecyparis,obtusa,Chamaecyparis obtusa,G,2,1,U,,2,1,0.977,,,??,,,0,,,,,"Seido K, Maeda H, S Shiraishi. 2000. Determination of the selfing rate in a hinoki (Chamaecyparis obtusa) seed orchard by using a chloroplast PCR-SSCP marker. Silvae Genet. 49:165–168."
111,Xie et al. 1991,1991,Cupressaceae,Thuja,occidentalis,Thuja  occidentalis,G,2,1,I,,0,4,0.63,,,Abstract,,,0,,,,,"Xie CY, Dancik BP, FC Yeh. 1991. The mating system in natural populations of Thuja orientalis. Can J For Res 21:333-339."
112,Xie et al. 1991,1991,Cupressaceae,Thuja,orientalis,Thuja  orientalis,G,2,1,I,7,0,4,0.75,,,Abstract,,,0,,,,,"Xie CY, Dancik BP, FC Yeh. 1991. The mating system in natural populations of Thuja orientalis. Can J For Res 21:333-339."
113,Fritsch & Rieseberg 1992,1992,Datiscaceae,Datisca,glomerata,Datisca  glomerata,D,1,1,R,,0,2,0.785,0.65,0.92,??,,,0,,,,,"Fritsch, P., and L. H. Rieseberg. 1992. High outcrossing rates maintain male and hermaphrodite individuals in populations of the flowering plant Datisca glomerata. Nature 359:633–636."
114,Kenta et al. 2004,2004,Dipterocarpaceae,Dipterocarpus,tempehes,Dipterocarpus tempehes,D,2,0,U,6,0,1,0.945,0.93,0.96,Table 3,1,,1,0.0891,,,Table 1 - calc from Ho and He,"Kenta, T., Y. Isagi, M. Nakagawa, M. Yamashita, and T. Nakashizuka. 2004. Variation in pollen dispersal between years with different pollination conditions in a tropical emergent tree. Molecular Ecology 13:3575-3584."
115,Kitamura et al. 1994,1994,Dipterocarpaceae,Dryobalanops,aromatica,Dryobalanops  aromatica,D,2,0,I,,0,1,0.816,,,??,,,0,,,,,"Kitamura K, Abdul Rahman MY, Ochiai Y, H Yoshimaru. 1994. Estimation of the outcrossing rate on Dryobalanops aromatica Gaertn. f. in primary and secondary forest in Brunei, Borneo, southeast Asia. Plant Species Biol. 9:37–41."
116,Lee 2000,2000,Dipterocarpaceae,Dryobalanops,aromatica,Dryobalanops  aromatica,D,2,0,I &M,5,0,2,0.844,0.766,0.923,Table 1,,,0,,,,,"Lee, S. L. 2000. Mating system parameters of Dryobalanops aromatica Gaertn. f. (Dipterocarpaceae) in three different forest types and a seed orchard. Heredity 85:338-345."
117,"Kitamura et al. 1994, Lee 2000","1994, 2000",Dipterocarpaceae,Dryobalanops,aromatica,Dryobalanops  aromatica,D,2,0,I,,0,3,0.8346666666666667,0.766,0.923,"??, Table 1",,,0,,,,,Species summary
118,Murawski & Bawa 1994,1994,Dipterocarpaceae,Stemonoporus,oblongifolius,Stemonoporus  oblongifolius,D,2,0,I,5,0,1,0.844,,,Table 6 & Results,1,,1,0.0953,,,Table 2,"Murawski D.A., K.S. Bawa. 1994. Genetic structure and mating system on Stemonoporus oblongifolius (Dipterocarapaceae) in Sri Lanka. Amer. J. Bot. 81:155-160."
119,Murawski et al.,1994,Dipterocarpaceae,Shorea,congestiflora,Shorea congestiflora,D,2,0,I,4,0,1,0.874,,,Table 3,1,,1,0.088,,,Results,"Murawski DA, Dayanandan B, KS Bawa. 1994. Outcrossing rates of two endemic Shorea species from Sri Lankan tropical rain forests. Biotropica 26(1): 23-29"
120,Murawski et al.,1994,Dipterocarpaceae,Shorea,trapezifolia,Shorea trapezifolia,D,2,0,I,4,0,1,0.581,0.544,0.617,Table 3 (range for multilocus estimate),1,,1,-0.18,-0.3,-0.06,Results,"Murawski DA, Dayanandan B, KS Bawa. 1994. Outcrossing rates of two endemic Shorea species from Sri Lankan tropical rain forests. Biotropica 26(1): 23-29"
121,Nagamitsu et al. 2001,2001,Dipterocarpaceae,Shorea,leprosula,Shorea leprosula,D,2,0,U,3,0,1,0.91,,,Table 2 - mature fruit estimate,,,0,,,,,"Nagamitsu, T., S. Ichikawa, M. Ozawa, R. Shimamura, N. Kachi, Y. Tsumura, and N. Muhammad. 2001. Microsatellite analysis of the breeding system and seed dispersal in Shorea leprosula (Dipterocarpaceae). International Journal of Plant Sciences 162:155-159."
122,Obayashi et al. 2002,2002,Dipterocarpaceae,Shorea,curtisii,Shorea curtisii,D,2,0,U,3,0,2,0.7425,0.522,0.963,Table 3,2,,1,0.09,0.041,0.139,Table 1,"Obayashi, K., Y. Tsumura, T. Ihara-Ujino, K. Niiyama, H. Tanouchi, Y. Suyama, I. Washitani, C. T. Lee, S. L. Lee, and N. Muhammad. 2002. Genetic diversity and outcrossing rate between undisturbed and selectively logged forests of Shorea curtisii (Dipterocarpaceae) using microsatellite DNA analysis. International Journal of Plant Sciences 163:151-158."
123,Levri 2000,2000,Ericaeae,Kalmia,latifolia,Kalmia latifolia,D,2,0,I,3,0,2,0.967,0.89,1,Table 3,,,0,,,,,"Levri, M. A. 2000. A measure of the various modes of inbreeding in Kalmia latifolia. Annals of Botany 86:415–420."
124,Mahy & Jacquemart 1998,1998,Ericaeae,Calluna,vulgaris,Calluna vulgaris,D,2,0,I,4,0,3,0.78,0.71,0.9,Table 3,,,0,,,,,"Mahy, G., and A. L. Jacquemart. 1998. Mating system of Calluna vulgaris: self-sterility and outcrossing estimations. Canadian Journal of Botany 76:37-42."
125,daSilva et al. 2003,2003,Euphorbiaceae,Manihot,esculenta,Manihot esculenta,D,1,0,I,8,1,1,0.915,,,Table 1,,,0,,,,,"da Silva, R. M., G. Bandel, and P. S. Martins. 2003. Mating system in an experimental garden composed of cassava (Manihot esculenta Crantz) ethnovarieties. Euphytica 134:127-135."
126,Paiva et al. 1994,1994,Euphorbiaceae,Hevea,brasiliensis,Hevea brasiliensis,D,2,0,I,4,0,2,0.64,,,??,,,0,,,,,"Paiva, J. R., P. Y. Kageyama, and R. Vencovsky. 1994. Genetics of rubber tree (Hevea brasiliensis (Willd. ex Adr. de Juss.) Müll. Arg.) 2. Mating system. Silvae Genetica 43:373-376."
127,Bessega et al. 2000,2000,Fabaceae,Prosopis,alba,Prosopis alba,D,2,0,I,4,0,1,0.718,,,Table 6,1,0,1,0.008,,,Table 5,"Bessega, C., L. Ferreyra, N. Julio, S. Montoya, B. Saidman, and J. C. Vilardi. 2000. Mating system parameters in species of genus Prosopis (Leguminosae). Hereditas 132:19-27."
128,Bessega et al. 2000,2000,Fabaceae,Prosopis,chilensis,Prosopis chilensis,D,2,0,I,5,0,1,0.809,,,Table 6,1,0,1,0.225,,,Table 5,"Bessega, C., L. Ferreyra, N. Julio, S. Montoya, B. Saidman, and J. C. Vilardi. 2000. Mating system parameters in species of genus Prosopis (Leguminosae). Hereditas 132:19-27."
129,Bessega et al. 2000,2000,Fabaceae,Prosopis,flexuosa,Prosopis flexuosa,D,2,0,I,9,0,1,0.882,,,Table 6,1,0,1,0,,,Table 5,"Bessega, C., L. Ferreyra, N. Julio, S. Montoya, B. Saidman, and J. C. Vilardi. 2000. Mating system parameters in species of genus Prosopis (Leguminosae). Hereditas 132:19-27."
130,Bessega et al. 2000,2000,Fabaceae,Prosopis,glandulosa,Prosopis glandulosa,D,2,0,I,9,0,1,0.976,,,Table 6,1,0,1,0.022,,,Table 5,"Bessega, C., L. Ferreyra, N. Julio, S. Montoya, B. Saidman, and J. C. Vilardi. 2000. Mating system parameters in species of genus Prosopis (Leguminosae). Hereditas 132:19-27."
131,Bessega et al. 2000,2000,Fabaceae,Prosopis,nigra,Prosopis nigra,D,2,0,I,4,0,1,1,,,Table 6,1,0,1,0,,,Table 5,"Bessega, C., L. Ferreyra, N. Julio, S. Montoya, B. Saidman, and J. C. Vilardi. 2000. Mating system parameters in species of genus Prosopis (Leguminosae). Hereditas 132:19-27."
132,Bessega et al. 2000,2000,Fabaceae,Prosopis,ruscifolia,Prosopis ruscifolia,D,2,0,I,4,0,1,0.782,,,Table 6,1,0,1,0.022,,,Table 5,"Bessega, C., L. Ferreyra, N. Julio, S. Montoya, B. Saidman, and J. C. Vilardi. 2000. Mating system parameters in species of genus Prosopis (Leguminosae). Hereditas 132:19-27."
133,Bessega et al. 2000,2000,Fabaceae,Prosopis,velutina,Prosopis velutina,D,2,0,I,9,0,1,0.741,,,Table 6,1,0,0,0.098,,,Table 5,"Bessega, C., L. Ferreyra, N. Julio, S. Montoya, B. Saidman, and J. C. Vilardi. 2000. Mating system parameters in species of genus Prosopis (Leguminosae). Hereditas 132:19-27."
134,"Bessega et al. 2000, Bessega et al. 2000","2000, 2000",Fabaceae,Prosopis,velutina,Prosopis velutina,D,2,0,I,8.5,0,4,0.7615000000000001,0.609,1.004,"Table 6, Table 6",4,0,1,0.06,-0.3,0.098,"Table 5, Table 5, Table 5",Species summary
135,Brown et al. 1986,1986,Fabaceae,Glycine,argyrea,Glycine  argyrea,D,1,0,I,10,0,1,0.38,,,Table 2,1,cleis,0,0.16,,,Results,"Brown, A. H. D., J. E. Grant, and R. Pullen. 1986. Outcrossing and paternity in Glycine argyrea by paired fruit analysis. Biological Journal of the Linnean Society 29:283-294."
136,"Bessega et al. 2000, Bessega et al. 2000, Brown et al. 1986","2000, 2000, 1986",Fabaceae,Glycine,argyrea,Glycine  argyrea,D,1,0,I,7.5,0,2,0.6852,0.38,0.47,"Table 6, Table 6, Table 2",2,,1,0.08,,,"Table 5, Table 5, Table 5, Results",Species summary
137,Casiva et al. 2004,2004,Fabaceae,Acacia,aroma,Acacia aroma,D,2,0,I,5,0,3,0.969,0.914,1,Table 7,3,none,1,-0.197,-0.329,0,Table 7,"Casiva, P. V., J. C. Vilardiu, A. M. Cialdella, and B. O. Saidman. 2004. Mating system and population structure of Acacia aroma and A. macracantha (Fabaceae). American Journal of Botany 91:58-64."
138,Casiva et al. 2004,2004,Fabaceae,Acacia,macracantha,Acacia macracantha,D,2,0,I,5,0,2,0.988,0.977,1,Table 7,2,none,1,0.0015,0,0.003,Table 7,"Casiva, P. V., J. C. Vilardiu, A. M. Cialdella, and B. O. Saidman. 2004. Mating system and population structure of Acacia aroma and A. macracantha (Fabaceae). American Journal of Botany 91:58-64."
139,Escalante et al. 1994,1994,Fabaceae,Phaseolus,coccineus coccineus,Phaseolus  coccineus coccineus,D,1,0,I,7,3,2,0.645,0.592,0.698,Table 5,2,,1,0.24665873864202503,0.138,0.355,Table 5 - back-calculated from equilibrium t,"Escalante, A. M., G. Coello, L. E. Eguiarte, and D. Pinero. 1994. Genetic tructure and mating systems in wild and cultivated populations of Phaseolus coccineus and Phaseolus vulgaris (Fabaceae). American Journal of Botany 81:1096-1103."
140,Escalante et al. 1994,1994,Fabaceae,Phaseolus,coccineus formosus,Phaseolus  coccineus formosus,D,1,0,I,7,0,2,0.6775,0.662,0.693,Table 5,2,,1,0.22881084160526388,0.2,0.258,Table 5 - back-calculated from equilibrium t,"Escalante, A. M., G. Coello, L. E. Eguiarte, and D. Pinero. 1994. Genetic tructure and mating systems in wild and cultivated populations of Phaseolus coccineus and Phaseolus vulgaris (Fabaceae). American Journal of Botany 81:1096-1103."
141,Fenster 1995,1995,Fabaceae,Chamaecrista,fasiculata,Chamaecrista  fasiculata,D,0,0,I,,1,2,0.665,0.64,0.69,Results (outcrossing rate),,,0,,,,,Fenster C.B. 1995. Mirror image flowers and mating system in Chamaecrista fasciculata (Leguminosae). Amer. J. Bot. 82:46-50.
142,Gasim et al. 2004,2004,Fabaceae,Vicia,faba,Vicia  faba,D,0,0,M,1,3,8,0.542,0.445,0.66,Table 2,,,0,,,,,"Gasim, S., S. Abel, and W. Link. 2004. Extent, variation and breeding impact of natural cross-fertilization in German winter faba beans using hilum colour as marker. Euphytica 136:193-200."
143,Godt & Hamrick,1991,Fabaceae,Lathyrus,latifolius,Lathyrus latifolius,D,1,0,I,9,0,7,0.807,0.702,0.87,Table 1,7,,1,-0.074,-0.187,0.12,Table 2,"Godt MJW, JL Hamrick. 1991. Estimates of outcrossing rates in Lathyrus latifolius populations. Genome 34:988-992"
144,Harding & Barnes,1977,Fabaceae,Lupinus,succulentus,Lupinus  succulentus,D,0,0,F,1,0,29,0.439,0.138,0.903,Table 1,,,0,,,,,"Harding, J., and K. Barnes. 1977. Genetics of Lupinus. X. Genetic variability, heterozygosity and outcrossing in colonial populations of Lupinus succulentus. Evolution 31:247-255."
145,Harding 1970,1970,Fabaceae,Lupinus,nanus apricus,Lupinus  nanus apricus,D,0,0,F,1,0,4,0.294,0.0451,0.4951,Table 2,,,0,,,,,"Harding, J. 1970. Genetics of Lupinus. II. The selctive disadvantage of the pink flower color mutant in Lupinus nanus. Evolution 24:120-127."
146,"Godt & Hamrick, Harding & Barnes, Harding 1970","1991, 1977, 1970",Fabaceae,Lupinus,nanus apricus,Lupinus  nanus apricus,D,0,0,F&I,1.333,0,16,0.48889999999999995,0.045,0.9,"Table 1, Table 1, Table 2",,,0,,,,,Species summary
147,Harding et al. 1974,1974,Fabaceae,Lupinus,affinis,Lupinus affinis,D,0,0,F,1,0,1,0.4,0.3,0.5,Table 3,,,0,,,,,"Harding J, Mankinen CB, M Elliott. 1974. Genetics of Lupinus. VII. Outcrossing, autofertility, and variability in natural populations of the nanus group. Taxon 23:729-738"
148,Harding et al. 1974,1974,Fabaceae,Lupinus,bicolor,Lupinus  bicolor,D,0,0,F,1,0,4,0.0675,0,0.16,Table 3,,,0,,,,,"Harding, J., C. B. Mankinen, and M. Elliot. 1974. Genetics of Lupinus. VII. Outcrossing autofertility, and variability in natural populations of the Nanus group. Taxon 23:729-738."
149,Harding et al. 1974,1974,Fabaceae,Lupinus,nanus apricus,Lupinus  nanus apricus,D,0,0,F,1,0,10,0.4915,0.05,0.9,Table 1,,,0,,,,,"Harding, J., C. B. Mankinen, and M. Elliot. 1974. Genetics of Lupinus. VII. Outcrossing autofertility, and variability in natural populations of the Nanus group. Taxon 23:729-738."
150,Harding et al. 1974,1974,Fabaceae,Lupinus,nanus latifolius,Lupinus  nanus latifolius,D,0,0,F,1,0,3,0.657,0.33,0.94,Table 2,,,0,,,,,"Harding, J., C. B. Mankinen, and M. Elliot. 1974. Genetics of Lupinus. VII. Outcrossing autofertility, and variability in natural populations of the Nanus group. Taxon 23:729-738."
151,Harding et al. 1974,1974,Fabaceae,Lupinus,nanus Menkerae,Lupinus  nanus Menkerae,D,0,0,F,1,0,5,0.374,0.06,0.66,Table 2,,,0,,,,,"Harding, J., C. B. Mankinen, and M. Elliot. 1974. Genetics of Lupinus. VII. Outcrossing autofertility, and variability in natural populations of the Nanus group. Taxon 23:729-738."
152,Harding et al. 1974,1974,Fabaceae,Lupinus,nanus vallicola,Lupinus  nanus vallicola,D,0,0,F,1,0,2,0.45,0.24,0.66,Table 2,,,0,,,,,"Harding, J., C. B. Mankinen, and M. Elliot. 1974. Genetics of Lupinus. VII. Outcrossing autofertility, and variability in natural populations of the Nanus group. Taxon 23:729-738."
153,Harding et al. 1974,1974,Fabaceae,Lupinus,pachylobus,Lupinus  pachylobus,D,0,0,F,1,0,1,0,,,Table 3,,,0,,,,,"Harding, J., C. B. Mankinen, and M. Elliot. 1974. Genetics of Lupinus. VII. Outcrossing autofertility, and variability in natural populations of the Nanus group. Taxon 23:729-738."
154,Harding et al. 1974,1974,Fabaceae,Lupinus,polycarpus,Lupinus  polycarpus,D,0,0,F,1,0,1,0.01,,,Table 3,,,0,,,,,"Harding, J., C. B. Mankinen, and M. Elliot. 1974. Genetics of Lupinus. VII. Outcrossing autofertility, and variability in natural populations of the Nanus group. Taxon 23:729-738."
155,Horovitz & Harding 1972,1972,Fabaceae,Lupinus,nanus nanus,Lupinus nanus nanus,D,0,0,F,1,1,2,0.2505,0.055,0.446,Table 6,,,0,,,,,"Horovitz, A., and J. Harding. 1972. Genetics of Lupinus. V. Intraspecific variability for reproductive traits in Lupinus nanus. Botanical Gazette 133:155-165."
156,Horovitz & Harding 1983,1983,Fabaceae,Lupinus,pilosus,Lupinus  pilosus,D,0,0,M,1,0,1,0.3,,,Table 2,,,0,,,,,"Horovitz, A., and J. Harding. 1983. Genetics of Lupinus XII. The mating system of Lupinus pilosus. Botanical Gazette 144:276-279."
157,Hufford & Hamrick 2003,2003,Fabaceae,Platypodium,elegans,Platypodium  elegans,D,2,0,U,4,0,1,0.78,,,Table 1 - t for mature seeds,1,,1,0.0137,,,Table 1 - Fis value for adults,"Hufford, K. M., and J. L. Hamrick. 2003. Viability selection at three early life stages of the tropical tree, Platypodium elegans (Fabaceae, Papilionoideae). Evolution 57:518-526."
158,Jain & Martins 1979,1979,Fabaceae,Trifolium,hirtum,Trifolium  hirtum,D,0,0,M,3,0,21,0.0462,0.01,0.1,Table 1,,,0,,,,,"Jain S, P Martins. 1979. Ecological genetics of the colonizing ability of rose clover (Trifolium hirtum All.). Am. J. Bot. 66:361–366"
159,"Hufford & Hamrick 2003, Jain & Martins 1979","2003, 1979",Fabaceae,Trifolium,hirtum,Trifolium  hirtum,D,0,0,M&I,,0,24,0.07955454545454545,0.01,0.235,"Table 1 - t for mature seeds, Table 1",3,,0,,,,,Species summary
160,Jain 1975,1975,Fabaceae,Medicago,polymorpha,Medicago  polymorpha,D,1,0,I,,0,6,0.082,0.03,0.1,Table 2.3,,,0,,,,,"Jain, S. K. 1975. Population structure and the effects of breeding system. Pp. 15-36 in O. H. Frankel and J. G. Hakwes, eds. Crop genetics resources for today and tomorrow. Cambridge University Press, Cambridge, U.K."
161,Karoly 1992,1992,Fabaceae,Lupinus,nanus apricus,Lupinus  nanus apricus,D,0,0,I,3,0,2,0.53,0.4,0.66,Fig. 2,,,0,,,,,"Karoly, K. 1992. Pollinator limitation in the facultatively autogamous annual, Lupinus nanus (Leguminosae). American Journal of Botany 79:49–56."
162,Keys & Smith 1994,1994,Fabaceae,Prosopis,velutina,Prosopis velutina,D,2,0,I,8,0,3,0.758,0.609,1.004,Table 6,3,,0,-0.116,-0.3,0.001,Table 6,"Keys R.N., S.E. Smith. 1994. Mating system parameters and population genetic structure in pioneer populations of Prosopis velutina (Leguminosae). Amer. J. Bot. 81:1013–1020."
163,Khasa et al. 1993,1993,Fabaceae,Acacia,auriculiformis,Acacia  auriculiformis,D,2,0,I,5,2,1,0.961,,,??,,,0,,,,,"Khasa, P. D., W. M. Cheliak, and J. Bousquet. 1993. Mating system of Racosperma auriculiforme in a seed production area in Zaire. Canadian Journal of Botany 71:779-785."
164,Kiang et al. 1992,1992,Fabaceae,Glycine,soja,Glycine soja,D,0,0,I,,0,4,0.023,,,Abstract,,,0,,,,,"Kiang YT, Chiang YC, N Kaizuma. 1992. Genetic diversity in natural populations of wild soybean in Iwate Prefecture, Japan. J. of Heredity 83:325-329"
165,Kittleson & Maron 2000,2000,Fabaceae,Lupinus,arboreus,Lupinus  arboreus,D,2,0,I,5,0,1,0.779,,,Results,1,,1,0.001,,,Results,"Kittelson, P. M., and J. L. Maron. 2000. Outcrossing rate and inbreeding depression in the perennial yellow bush lupine, Lupinus arboreus (Fabaceae). American Journal of Botany 87:652-660."
166,Latouche-Hallé et al. 2004,2004,Fabaceae,Dicorynia,guianensis,Dicorynia guianensis,D,2,0,U,6,0,1,0.887,,,Table 2,1,,1,0.0127,,,Table 1 - from Ho vs He,"Latouche-Hallé, C., A. Ramboer, E. Bandou, H. Caron, and A. Kremer. 2004. Long-distance pollen flow and tolerance to selfing in a neotropical tree species. Molecular Ecology 13:1055-1064."
167,Lee et al. 2002,2002,Fabaceae,Intsia,Palembanica,Intsia Palembanica,D,2,0,I,5,0,1,0.766,,,Table 6,,,0,,,,,"Lee, S. L., K. K. S. Ng, L. G. Saw, A. Norwati, M. H. S. Salwana, C. T. Lee, and M. Norwati. 2002. Population genetics of Intsia palembanica (Leguminosae) and genetic conservation of virgin jungle reserves in peninsular Malaysia. American Journal of Botany 89:447-459."
168,Louati-Namouchi et al. 2000,2000,Fabaceae,Hedysarum,coronarium,Hedysarum coronarium,D,1,0,I,2,0,4,0.898,0.822,1.013,Table II,4,,0,0.042,0.001,0.159,Table IV,"Louati-Namouchi, I., M. Louati, and A. Chriki. 2000. Mating system and multiple paternity in Hedysarum coronarium L. (Fabaceae). Agronomie 20:655-663."
169,Mandal et al.,1995,Fabaceae,Acacia,nilotica,Acacia  nilotica,D,2,0,I,,0,1,0.384,0.18,1.017,Table 1 (range for single locus estimate),,,0,,,,,"Mandal AK, RA Ennos, CW Fagg. 1995. Mating system analysis in a natural population of Acacia nilotica subspecies leiocarpa. Theor Appl Genet 89(7-8):931-935"
170,Marshall & Broué 1973,1973,Fabaceae,Trifolium,subterraneum,Trifolium  subterraneum,D,1,0,I,,0,1,0.0015,,,??,,,0,,,,,"Marshall D.R., P. Broué. 1973. Outcrossing rates in Australian populations of subterranean clover. Aust. J. Agric. Res. 24:863-867."
171,Moffett 1956,1956,Fabaceae,Acacia,mearnsii,Acacia  mearnsii,D,2,0,M,,0,1,0.84,,,??,,,0,,,,,"Moffett, A. A. 1956. Genetical studies in Acacias. I. The estimation of natural crossing in black wattle. Heredity 10:57-67."
172,Molina-Freaner et al. 1992,1992,Fabaceae,Trifolium,hirtum,Trifolium  hirtum,D,0,0,I,,0,3,0.17400000000000002,0.099,0.235,Table 4 (range for multilocus estimate),3,,1,0.4670588235294118,0.3,0.89,Table 5 (minimum variance fixation index among mothers),"Molina-Freaner F, SK Jain. 1992. Breeding systems of hermaphroditic and gynodioecious populations of the colonizing species Trifolium hirtum All. in California. Theor Appl Genet 84:155-160"
173,Moran et al. 1989,1989,Fabaceae,Acacia,auriculiformis,Acacia  auriculiformis,D,2,0,I,9,0,2,0.925,0.92,0.93,Table 5,,,0,,,,,"Moran, G. F., O. Muona, and J. C. Bell. 1989. Breeding systems and genetic diversity in Acacia auriculiformis and A. crassicarpa. Biotropica 21:250-256."
174,Moran et al. 1989,1989,Fabaceae,Acacia,crassicarpa,Acacia  crassicarpa,D,2,0,I,7,0,2,0.96,0.93,0.99,Table 5,,,0,,,,,"Moran, G. F., O. Muona, and J. C. Bell. 1989. Breeding systems and genetic diversity in Acacia auriculiformis and A. crassicarpa. Biotropica 21:250-256."
175,"Moran et al. 1989, Moran et al. 1989","1989, 1989",Fabaceae,Acacia,auriculiformis,Acacia  auriculiformis,D,2,0,I,7,0&2,3,0.9425,0.92,0.961,"Table 5, Table 5",,,0,,,,,Species summary
176,Muona et al.,1991,Fabaceae,Acacia,melanoxylon,Acacia  melanoxylon,D,2,0,I,,0,2,0.87,0.86,0.87,Results,,,0,,,,,"Muona O, Moran GF, JC Bell. 1991. Hierarchical patterns of correlated mating in Acacia melanoxylon. Genetics 127:619-626"
177,Murawski & Hamrick 1991,1991,Fabaceae,Platypodium,elegans,Platypodium  elegans,D,2,0,I,10,0,2,0.911,0.898,0.924,Table 3,,,0,,,,,"Murawski DA, JL Hamrick. 1991. The effect of the density of flowering individuals on the mating systems of nine tropical tree species. Heredity 67:167-174."
178,Murawski & Hamrick 1991,1991,Fabaceae,Tachigali,versicolor,Tachigali versicolor,D,2,0,I,2,0,1,0.937,,,Table 3,,,0,,,,,"Murawski DA, JL Hamrick. 1991. The effect of the density of flowering individuals on the mating systems of nine tropical tree species. Heredity 67:167-174"
179,"Murawski & Hamrick 1991, Murawski & Hamrick 1991","1991, 1991",Fabaceae,Platypodium,elegans,Platypodium  elegans,D,2,0,I&U,7,0,3,0.9196666666666667,0.78,0.924,"Table 3, Table 3",1,,0,,,,,Species summary
180,O'Malley & Bawa 1987,1987,Fabaceae,Pithecellobium,pedicellare,Pithecellobium  pedicellare,D,2,0,I,4,0,1,0.951,,,Table 3,1,,1,0.04,,,Table 2,"O'Malley D.M., K.S. Bawa. 1987. Mating system of a tropical rain forest tree species. Amer. J. Bot. 74(8):1143-1149."
181,Polowick et al. 2002,2002,Fabaceae,Pisum,sativum,Pisum sativum,D,0,0,I,,3,1,0.001,,,??,,,0,,,,,"Polowick P.L., Vandenberg A., J.D. Mahon. 2002. Field assessment of outcrossing from transgenic pea (Pisum sativum L.) plants. Transgenic Res 11:515-519."
182,Rocha & Aguilar 2001a,2001,Fabaceae,Enterolobium,cyclocarpum,Enterolobium cyclocarpum,D,2,0,I,5,0,2,0.995,0.999,1,Table 6 (range for multi-locus estimate),,,0,,,,,"Rocha OJ, G Aguilar. 2001a. Reproductive biology of the dry forest tree Enterolobium cyclocarpum (Guanacaste) in Costa Rica: a comparison between trees left in pastures and trees in continuous forest. Am. J. Bot. 88:1607-1614"
183,"Polowick et al. 2002, Rocha & Aguilar 2001a","2002, 2001",Fabaceae,Enterolobium,cyclocarpum,Enterolobium cyclocarpum,D,2,0,I,5,0,6,0.6636666666666666,0.812,1,"??, Table 6 (range for multi-locus estimate)",4,,0,,,,,Species summary
184,Rocha & Aguilar 2001b,2001,Fabaceae,Enterolobium,cyclocarpum,Enterolobium cyclocarpum,D,2,0,I,5,0,4,0.878,0.812,0.913,Table 2,4,,1,0,,,Results,"Rocha, O. J., and G. Aguilar. 2001b. Variation in the breeding behavior of the dry forest tree Enterolobium cyclocarpum (Guanacaste) in Costa Rica. American Journal of Botany 88:1600-1606."
185,Schoen & Brown 1991,1991,Fabaceae,Glycine,argyrea,Glycine  argyrea,D,1,0,I,5,0,1,0.47,,,Table 4,1,,0,0.13,,,Table 4,"Schoen, D. J., and A. H. D. Brown. 1991. Whole- and within-flower self-pollination in Glycine clandestina and G. argyrea and the evolution of autogamy. Evolution 45:1651-1665."
186,Schoen & Brown 1991,1991,Fabaceae,Glycine,clandestina,Glycine  clandestina,D,1,0,I,5,0,2,0.29,0.11,0.47,Tables 2 & 3,2,,1,0.555,0.38,0.73,Tables 2&3,"Schoen, D. J., and A. H. D. Brown. 1991. Whole- and within-flower self-pollination in Glycine clandestina and G. argyrea and the evolution of autogamy. Evolution 45:1651-1665."
187,Stace 1982,1982,Fabaceae,Stylosanthes,scabra,Stylosanthes  scabra,D,1?,0,I,1,0,1,0.018,,,??,,,0,,,,,Stace H.M. 1982. Breeding systems in Stylosanthes. I. Observations of outcrossing in S. scabra at an alcohol dehydrogenase locus. Austr. J. Agric. Res. 33:87–96.
188,Surles et al. 1990,1990,Fabaceae,Robinia,pseudoacacia,Robinia pseudoacacia,D,2,0,I,6,0,23,0.8,0.46,1.12,Abstract,,,0,,,,,"Surles S.E., Hamrick J.L., B.C. Bongarten. 1990. Mating systems in open-pollinated families of black locust, Robinia pseudoacacia. Silvae Genetica 39:35-40."
189,Suso et al. 2001,2001,Fabaceae,Vicia,faba,Vicia  faba,D,0,0,I,7,3,2,0.475,0.33,0.62,Table 3,,,0,,,,,"Suso M.J., Pierre J., Moreno M.T., Esnault R., J. Le Guen. 2001. Variation in outcrossing levels in faba bean cultivars: role of ecological factors. J. Agric. Sci. 136:399-405."
190,"Surles et al. 1990, Suso et al. 2001","1990, 2001",Fabaceae,Vicia,faba,Vicia  faba,D,0,0,I&M,4,3,10,0.774,0.33,0.66,"Abstract, Table 3",,,0,,,,,Species summary
191,Veasey et al. 2002,2002,Fabaceae,Sesbania,sesban,Sesbania sesban,D,1,0,I,2,1,2,0.6805,0.568,0.793,Table 3,,,0,,,,,"Veasey, E. A., R. Vencovsky, P. S. Martins, and G. Bandel. 2002. Germplasm characterization of Sesbania accessions based on isozyme analyses - Isozyme electrophoresis in Sesbania species. Genetic Resources and Crop Evolution 49:449-462."
192,Yagoubi & Chakri 2000,2000,Fabaceae,Hedysarum,coronarium,Hedysarum coronarium,D,1,0,I,2,0,3,0.83,0.815,0.902,Table VII,3,,0,0.013,-0.167,0.159,Table VII,"Yagoubi, N., and A. Chriki. 2000. Estimation of mating system parameters in Hedysarum coronarium L. (Leguminoseae, Fabaceae). Agronomie 20:933-942."
193,"Veasey et al. 2002, Yagoubi & Chakri 2000","2002, 2000",Fabaceae,Hedysarum,coronarium,Hedysarum coronarium,D,1,0,I,2,0,7,0.7702,0.815,1.013,"Table 3, Table VII",7,,1,0.013,-0.167,0.159,", Table VII",Species summary
194,Young & Brown 1998,1998,Fabaceae,Daviesia,mimosoides,Daviesia mimosoides,D,2,0,I,4,0,5,0.86,0.71,0.96,Table 2,,,0,,,,,"Young, A. G., and A. H. D. Brown. 1998. Comparative analysis of the mating system of the rare woodland shrub Daviesia suaveolens and its common congener D. mimosoides. Heredity 80:374–381."
195,Young & Brown 1998,1998,Fabaceae,Daviesia,suaveolens,Daviesia suaveolens,D,2,0,I,4,0,3,0.9,0.78,1,Table 2,,,0,,,,,"Young, A. G., and A. H. D. Brown. 1998. Comparative analysis of the mating system of the rare woodland shrub Daviesia suaveolens and its common congener D. mimosoides. Heredity 80:374–381."
196,Wang 2003,2003,Fagaceae,Fagus,sylvatica,Fagus sylvatica,D,2,1,I,9,0,1,1.015,,,Abstract,,,0,,,,,"Wang, K. S. 2003. Relationship between empty seed and genetic factors in European beech (Fagus sylvatica L.). Silva Fennica 37:419-428."
197,Dudash & Barrett 1989,1989,Gentianaceae,Sabatia,angularis,Sabatia angularis,D,1,0,I,,0,2,0.723,0.71,0.72,Abstract,,,0,,,,,"Dudash M.R., S.C.H. Barrett. 1989. The influence of environmental and demographic factors on the mixed mating system of Sabatia angularis. Amer. J. Bot. 76 (suppl) abstract no 261."
198,Jesson & Barrett 2002,2002,Haemodoraceae,Wachendorfia,brachyandra,Wachendorfia brachyandra,M,1,0,I,3,0,2,0.48839750931585,0.388,0.589,Fig. 5,,,0,,,,,"Jesson, L. K., and S. C. H. Barrett. 2002. Enantiostyly in Wachendorfia (Haemodoraceae): The influence of reproductive systems on the maintenance of the polymorphism. American Journal of Botany 89:253-262."
199,Jesson & Barrett 2002,2002,Haemodoraceae,Wachendorfia,paniculata,Wachendorfia paniculata,M,1,0,I,5,0,4,0.8581,0.777,0.988,Fig. 5,,,0,,,,,"Jesson, L. K., and S. C. H. Barrett. 2002. Enantiostyly in Wachendorfia (Haemodoraceae): The influence of reproductive systems on the maintenance of the polymorphism. American Journal of Botany 89:253-262."
200,Jesson & Barrett 2002,2002,Haemodoraceae,Wachendorfia,parviflora,Wachendorfia parviflora,M,1,0,I,3,0,2,0.3454,0.0757,0.6151,Fig. 5,,,0,,,,,"Jesson, L. K., and S. C. H. Barrett. 2002. Enantiostyly in Wachendorfia (Haemodoraceae): The influence of reproductive systems on the maintenance of the polymorphism. American Journal of Botany 89:253-262."
201,Jesson & Barrett 2002,2002,Haemodoraceae,Wachendorfia,thyrsiflora,Wachendorfia thyrsiflora,M,1,0,I,3,0,1,0.7577,,,Fig. 5,,,0,,,,,"Jesson, L. K., and S. C. H. Barrett. 2002. Enantiostyly in Wachendorfia (Haemodoraceae): The influence of reproductive systems on the maintenance of the polymorphism. American Journal of Botany 89:253-262."
202,Wolfe & Shore 1992,1992,Hydrophyllaceae,Hydrophyllum,appendiculata,Hydrophyllum  appendiculata,D,0,0,I,3,0,4,0.7075,0.62,0.81,Table 2 (range for multilocus estimate),,,0,,,,,"Wolfe LM, JS Shore. 1992. The mating system of Hydrophyllum appendiculatum, a protandrous species. Sexual Plant Reproduction 5:239-245"
203,Cruzan et al. 1994,1994,Iridaceae,Iris,fulva,Iris  fulva,M,1,0,I,,0,1,0.752,,,Table 1,,,0,,,,,"Cruzan MB, Hamrick JL, Arnold ML, BD Bennett. 1994. Mating system variation in hybridizing irises: effects of phenology and floral densities on family outcrossing rates. Heredity 72:95-105"
204,Cruzan et al. 1994,1994,Iridaceae,Iris,hexagona,Iris  hexagona,M,1,0,I,,0,1,0.9,,,Table 1,,,0,,,,,"Cruzan MB, Hamrick JL, Arnold ML, BD Bennett. 1994. Mating system variation in hybridizing irises: effects of phenology and floral densities on family outcrossing rates. Heredity 72:95-105"
205,Rink et al. 1989,1989,Juglandaceae,Juglans,nigra,Juglans  nigra,D,2,1,I,,0,1,0.905,,,??,,,0,,,,,"Rink, G., E. R. Carroll, and F. H. King. 1989. Estimation of Juglans nigra L. mating system parameters. Forest Science 35:623-627."
206,Assouad et al. 1978,1978,Lamiaceae,Thymus,vulgaris,Thymus vulgaris,D,1,0,I,,0,1,0.7,,,??,,,0,,,,,"Assouad, M. W., B. Dommée, R. Lumaret, and G. Valdeyron. 1978. Reproductive capacities in the sexual forms of the gynodioecious species Thymus vulgaris L. Botanical Journal of the Linnean Society 77:29-39."
207,Krishnan 1981,1981,Lamiaceae,Ocimum,basilicum,Ocimum  basilicum,D,1,0,M,,0,1,0.667,,,??,,,0,,,,,Krishnan R. 1981. Natural outcrossing in sweet basil Ocimum basilicum L. Indian Perfumer 23(3/4):74-77.
208,Valdeyron et al. 1977,1977,Lamiaceae,Thymus,vulgaris,Thymus vulgaris,D,1,0,I,,0,4,0.675,0.51,0.9,abstract,,,0,,,,,"Valdeyron G, Dommee B, P Vernet. 1977. Self-fertilisation in male-fertile plants of a gynodioecious species: Thymus vulgaris L.. Heredity 39(2):243-249"
209,"Krishnan 1981, Valdeyron et al. 1977","1981, 1977",Lamiaceae,Thymus,vulgaris,Thymus vulgaris,D,1,0,I,,0,5,0.6734,0.51,0.9,"??, abstract",,,0,,,,,Species summary
210,van Treuren et al. 1993,1993,Lamiaceae,Salvia,pratensis,Salvia  pratensis,D,1,0,I,9,0,4,0.645,0.382,0.818,Table 3,4,,1,-0.024,-0.051,0.007,Table 3,"vanTreuren, R., R. Bijlsma, N. J. Ouborg, and W. vanDelden. 1993. The effects of population size and plant density on outcrossing rates in locally endangered Salvia pratensis. Evolution 47:1094-1104."
211,Murawski & Hamrick 1991,1991,Lauraceae,Beilschmedia,pendula,Beilschmedia  pendula,D,2,0,I,3,0,1,0.918,,,Table 3,,,0,,,,,"Murawski DA, JL Hamrick. 1991. The effect of the density of flowering individuals on the mating systems of nine tropical tree species. Heredity 67:167-174"
212,O' Malley et al. 1988,1988,Lecythidaceae,Bertholletia,excelsa,Bertholletia excelsa,D,2,0,I,2,0,1,0.849,,,Table 2 (range for single locus estimate),1,,1,-0.207,-0.309,-0.105,Table 1,"O'Malley DM, Buckley DP, Prance GT, KS Bawa. 1988. Genetics of brazil nut Bertholletia excelsa Humb. & Bompl. Lecythidaceae) 2. Mating system. Theor Appl Genet 76: 929-932"
213,He et al. 1998,1998,Liliaceae,Ophiopogon,xylorrhizus,Ophiopogon xylorrhizus,M,1,0,I,8,0,3,0.293666666666667,0.091,0.467,Table 2,3,,1,0.267,0.14,0.374,Table 2,"He TH, Rao GY, You RL, S Ge. 1998. Mating system of Ophiopogon xylorrhizus (Liliaceae), an endangered species in Southwest China. Int J Plant Sci 159:440-445."
214,Maki 1993,1993,Liliaceae,Chionographis,japonica,Chionographis  japonica,M,1,0,I,3,0,2,0.1655,0,0.331,Table 1 - I weighted by sex ratio,,,0,,,,,"Maki, M. 1993. Outcrossing and fecundity advantage of females in gynodioecious Chionographis japonica var. kurohimensis (Liliaceae). American Journal of Botany 80:629–634."
215,Morinaga et al. 2003,2003,Liliaceae,Heloniopsis,orientalis,Heloniopsis orientalis,M,1,0,U,3,0,2,0.519345,0.499,0.54,Results,,,0,,,,,"Morinaga, S. I., K. Tsuji, and S. Sakai. 2003. Consequences of differences in flowering date on seed production in Heloniopsis orientalis (Liliaceae). American Journal of Botany 90:1153-1158."
216,Rigney et al. 1993,1993,Liliaceae,Erythronium,grandiflorum,Erythronium  grandiflorum,M,1,0,I,,0,3,0.82,0.808,0.831,Results (estimation of outcrossing rate),,,0,,,,,"Rigney LP, Thomson JD, Cruzan MB, J Brunet. 1993. Differential success of pollen donors in a self-compatible lily. Evolution 47:915-924"
217,Stevens & Bougourd 1988,1988,Liliaceae,Allium,schoenoprasum,Allium schoenoprasum,M,1,0,I,,0,1,0.91,0.88,0.97,Table 3,,,0,,,,,"Stevens JP, SM Bougourd. 1988. Inbreeding depression and the outcrossing rate in natural populations of Allium schoenoprasum L. (wild chives). Heredity 60(2):257-262"
218,Jain 1978,1978,Limnanthaceae,Limnanthes,alba,Limnanthes  alba,D,0,0,I,2,0,6,0.78,0.43,0.96,Table 1,,,0,,,,,"Jain, S. K. 1978. Breeding system in Limnanthes alba: several alternative maesures. American Journal of Botany 65:272-275."
219,"Stevens & Bougourd 1988, Jain 1978","1988, 1978",Limnanthaceae,Limnanthes,alba,Limnanthes  alba,D,0,0,I,,0,8,0.7985714285714286,0.43,0.96,"Table 3, Table 1",,,0,,,,,Species summary
220,Kesseli & Jain 1985,1985,Limnanthaceae,Limnanthes,bakeri,Limnanthes  bakeri,D,0,0,I,4,0,1,0.21,,,Table 3,1,,1,0.25,,,,"Kesseli, R. W., and S. K. Jain. 1985. Breeding systems and population structure in Limnanthes. Theoretical and Applied Genetics 71:292-299."
221,Kesseli & Jain 1985,1985,Limnanthaceae,Limnanthes,douglasii douglasii,Limnanthes  douglasii douglasii,D,0,0,I,9,0,1,0.87,,,Table 3,1,,1,0.05,,,,"Kesseli, R. W., and S. K. Jain. 1985. Breeding systems and population structure in Limnanthes. Theoretical and Applied Genetics 71:292-299."
222,Kesseli & Jain 1985,1985,Limnanthaceae,Limnanthes,douglasii nivea,Limnanthes  douglasii nivea,D,0,0,I,7,0,1,0.82,,,Table 3,1,,1,0.012,,,,"Kesseli, R. W., and S. K. Jain. 1985. Breeding systems and population structure in Limnanthes. Theoretical and Applied Genetics 71:292-299."
223,Kesseli & Jain 1985,1985,Limnanthaceae,Limnanthes,douglasii rosea,Limnanthes  douglasii rosea,D,0,0,I,10,0,3,0.823,0.75,0.95,Table 3,3,,1,-0.0743,,,,"Kesseli, R. W., and S. K. Jain. 1985. Breeding systems and population structure in Limnanthes. Theoretical and Applied Genetics 71:292-299."
224,Ritland & Jain 1981,1981,Limnanthaceae,Limnanthes,alba,Limnanthes  alba,D,0,0,I,,0,2,0.795,0.68,0.91,Table 3 (range for multilocus estimate),,,0,,,,,"Ritland K, S Jain. 1981. A model for the estimation of outcrossing rate and gene frequencies using n independent loci. Heredity 47:35-52"
225,Johnston 1990,1990,Lobeliaceae,Lobelia,cardinalis,Lobelia  cardinalis,D,1,0,I,,0,1,0.73,,,??,,,0,,,,,"Johnston, M. O. 1990. Natural selection, inbreeding depression and self-fertilization in two species of Lobelia with different pollinators. university of Chicago, Chicago, Illinois, U.S.A."
226,Eckert 2002,2002,Lythraceae,Decodon,verticillatus,Decodon verticillatus,D,2,0,I,3,0,15,0.732,0.627,0.856,Results,15,,1,-0.026,-0.239,0.101,Results,"Eckert. 2002. Eckert, C. G. 2002. Effect of geographical variation in pollinator fauna on the mating system of Decodon verticillatus (Lythraceae). International Journal of Plant Science 163:123-132.. Int J Plant Sci 163:123-132"
227,Knapp et al. 1991,1991,Lythraceae,Cuphea,lanceolata,Cuphea lanceolata,D,0,0,I,5,1,6,0.811666666666667,0.61,0.94,Abstract,,,0,,,,,"Knapp, SJ, Tagliani LA, BH Liu. 1991. Outcrossing rates of experimental populations of Cuphea lanceolata. Plant Breeding 106:334-337."
228,Krueger & Knapp 1991,1991,Lythraceae,Cuphea,laminuligera,Cuphea laminuligera,D,0,0,I,,0,4,0.9466666666666667,0.83,1.01,Table 1 (range for multilocus estimate),,,0,,,,,"Krueger SK, SJ Knapp. 1991. Mating systems of Cuphea laminuligera and Cuphea lutea. Theor Appl Genet 82:221-226"
229,Krueger & Knapp 1991,1991,Lythraceae,Cuphea,lutea,Cuphea lutea,D,0,0,I,,0,3,0.29333333333333333,0.17,0.54,Table 3 (range for multilocus estimate),,,0,,,,,"Krueger SK, SJ Knapp. 1991. Mating systems of Cuphea laminuligera and Cuphea lutea. Theor Appl Genet 82:221-226"
230,Brotoschol et al. 1986,1986,Magnoliaceae,Liriodendron,tulipifera,Liriodendron tulipifera,D,2,0,I,,0,2,0.705,0.55,0.86,??,,,0,,,,,"Brotoschol, J. V., J. H. Roberds, and G. Mankoong. 1986. Allozyme variation among North Carolina populations of Liriodendron tulipifera L. Silvae Genetica 35:131-138."
231,Ishida et al. 2003,2003,Magnoliaceae,Magnolia,obovata,Magnolia obovata,D,2,0,I,4,0,1,0.405,0.39,0.42,Table 1,,,0,,,,,"Ishida, K., H. Yoshimaru, and H. Ito. 2003. Effects of geitonogamy on the seed set of Magnolia obovata Thunb. (Magnoliaceae). International Journal of Plant Sciences 164:729-735."
232,Lopes et al. 2002,2002,Malpighiaceae,Malpighia,emarginata,Malpighia emarginata,D,2,0,I,7,0,1,1.013,,,Table 1,1,,1,-0.421,,,Table 1,"Lopes, R., C. H. Bruckner, and M. T. G. Lopes. 2002. Estimation of outcrossing rates in acerola (Malpighia emarginata) based on isoenzymic data. Pesquisa Agropecuaria Brasileira 37:321-327."
233,Andersen 1988,1988,Malvaceae,Abutilon,theophrasti,Abutilon theophrasti,D,0,0,M,,0,1,0.057,,,??,,,0,,,,,Andersen R.N. 1988. Outcrossing in velvetleaf (Abutilon theophrasti). Weed Sci 36(5):599-602.
234,Crawford 1984,1984,Malvaceae,Malva,moschata,Malva  moschata,D,1,0,I,,0,1,0.64,.,,Variation in flower number between plants (Ne/N which earlier in the paper is eqn 9 that calculates t),,,0,,,,,"Crawford TJ. 1984. What is a population?. In Shorrocks, B (ed) Evolutionary Ecology. Blackwell Scientific, Oxford UK: 135-173"
235,Broyles et al. 1997,1997,Melanthiaceae,Trillium,erectum,Trillium erectum,M,1,0,I,11,0,1,0.423,,,Table 3,1,facil,1,0.0091,,,,"Broyles SB, Sherman-Broyles SL, P Rogati. 1997. Evidence of outcrossing in Trillium erectum and Trillium grandiflorum (Liliaceae). J of Heredity 88:325-329"
236,Broyles et al. 1997,1997,Melanthiaceae,Trillium,grandiflorium,Trillium grandiflorium,M,1,0,I,8,0,1,0.761,,,Table 3,1,auton,1,-0.538,,,,"Broyles SB, Sherman-Broyles SL, P Rogati. 1997. Evidence of outcrossing in Trillium erectum and Trillium grandiflorum (Liliaceae). J of Heredity 88:325-329"
237,"Broyles et al. 1997, Broyles et al. 1997","1997, 1997",Melanthiaceae,Trillium,erectum,Trillium erectum,M,1,0,I,7.5,0,2,0.592,0.423,0.529,"Table 3, Table 3",,,0,,,,,Species summary
238,"Broyles et al. 1997, Broyles et al. 1997, Broyles et al. 1997","1997, 1997, 1997",Melanthiaceae,Trillium,grandiflorium,Trillium grandiflorium,M,1,0,I,5,0,2,0.6483333333333333,0.681,0.729,"Table 3, Table 3, Table 3",,,0,,,,,Species summary
239,Sage et al. 2001,2001,Melanthiaceae,Trillium,erectum,Trillium erectum,M,1,0,I,4,0,1,0.529,,,Results,,,0,,,,,"Sage, T. L., S. R. Griffin, V. Pontieri, P. Drobac, W. W. Cole, and S. C. H. Barrett. 2001. Sigmatic self-incompatibility and Mating Patterns in Trillium grandiflorum and Trillium erectum (Melanthiaceae). Annals of Botany 88:829-841."
240,Sage et al. 2001,2001,Melanthiaceae,Trillium,grandiflorium,Trillium grandiflorium,M,1,0,I,2,0,1,0.681,,,Results,,,0,,,,,"Sage, T. L., S. R. Griffin, V. Pontieri, P. Drobac, W. W. Cole, and S. C. H. Barrett. 2001. Sigmatic self-incompatibility and Mating Patterns in Trillium grandiflorum and Trillium erectum (Melanthiaceae). Annals of Botany 88:829-841."
241,Doliges & Joly 1997,1997,Meliaceae,Carapa,procera,Carapa  procera,D,2,0,I,10,0,1,0.78,,,Table 4,,,0,,,,,"Doligez, A., and H. I. Joly. 1997. Mating system of Carapa guianensis (Meliaceae) in the French Guiana tropical forest. American Journal of Botany 48:461-470."
242,Hall et al. 1994,1994,Meliaceae,Carapa,guianensis,Carapa  guianensis,D,2,0,I,6,0,2,0.977,0.967,0.986,Table 3,,,0,,,,,"Hall, P., L. C. Orrell, and K. S. Bawa. 1994. Genetic diversity and mating system in a tropical tree, Carapa guianensis (Meliaceae). American Journal of Botany 81:1104-1111."
243,James et al. 1998,1998,Meliaceae,Cedrela,odorata,Cedrela odorata,D,2,0,I,4,0,1,0.969,,,Table 2,,,0,,,,,"James, T., S. Vege, P. Aldrich, and J. L. Hamrick. 1998. Mating systems of three tropical dry forest tree species. Biotropica 30:587-594."
244,Kundu 1999,1999,Meliaceae,Azadirachta,indica,Azadirachta indica,D,2,0,I,3,0,1,0.904,,,Results,,,0,,,,,Kundu 1999  ???
245,Murawski & Hamrick 1991,1991,Meliaceae,Trichilia,tuberculata,Trichilia  tuberculata,D,2,0,I,3,0,1,1.077,,,Table 3,,,0,,,,,"Murawski DA, JL Hamrick. 1991. The effect of the density of flowering individuals on the mating systems of nine tropical tree species. Heredity 67:167-174"
246,Alvarez-Buylla & Garay 1994,1994,Moraceae,Cecropia,obtusifolia,Cecropia obtusifolia,D,2,0,I,,0,8,0.974,,,Results,1,none,1,-0.0421,,,Table 6,"Alvarez-Buylla ER, AA Garay. 1994. Population genetic structure of Cecropia obtusifolia, a tropical pioneer tree species. Evolution 48:437-453"
247,Murawski & Hamrick 1991,1991,Moraceae,Brosimum,alicastrum,Brosimum  alicastrum,D,2,0,I,7,0,1,0.875,,,Table 3,,,0,,,,,"Murawski DA, JL Hamrick. 1991. The effect of the density of flowering individuals on the mating systems of nine tropical tree species. Heredity 67:167-174"
248,Murawski & Hamrick 1991,1991,Moraceae,Sorocea,affinis,Sorocea affinis,D,2,0,I,5,0,2,1.029,0.969,1.089,Table 3,,,0,,,,,"Murawski DA, JL Hamrick. 1991. The effect of the density of flowering individuals on the mating systems of nine tropical tree species. Heredity 67:167-174"
249,Ge & Sun 1999,1999,Myrsinaceae,Aegiceras,corniculatum,Aegiceras corniculatum,D,2,0,S,,0,1,0.653,,,Abstract,,,0,,,,,"Ge, X. J., and M. Sun. 1999. Reproductive biology and genetic diversity of a cryptoviviparous mangrove Aegiceras corniculatum (Myrsinaceae) using allozyme and intersimple sequence repeat (ISSR) analysis. Molecular Ecology 8:2061-2069."
250,Pascarella 1997,1997,Myrsinaceae,Ardisia,escalloniodes,Ardisia escalloniodes,D,2,0,I,5,0,4,0.6295,0.39,1.051,Table 1,4,,1,-0.265,-0.3,-0.207,Table 3,"Pascarella, J. B. 1997. The mating system of the tropical understory shrub Ardisia eascalloniodes (Myrsinaceae). American Journal of Botany 87:456-460."
251,Brown et al. 1975,1975,Myrtaceae,Eucalyptus,obliqua,Eucalyptus  obliqua,D,2,0,I,3,2,4,0.763,0.64,0.84,Table 3,,,0,,,,,"Brown, A. H. D., A. C. Matheson, and K. G. Eldredge. 1975. Estimation of the mating system of Eucalyptus obliqua L'He´rit. using allozyme polymorphisms. Australian Journal of Biological Science 23:931-949."
252,Brown et al. 1985,1985,Myrtaceae,Eucalyptus,grandis,Eucalyptus  grandis,D,2,0,I,6,0,2,0.84,,,Table 5,,,0,,,,,"Brown, A. H. D., S. C. H. Barrett, and G. Morgan. 1985. Mating system estimation in forest trees:  models, methods and meetings. Proceedings of the meeting of the IUFRO Working Party ""Ecological and Popualation Genetics"", Goettingen, Germany"
253,Brown et al. 1985,1985,Myrtaceae,Eucalyptus,regnans,Eucalyptus  regnans,D,2,0,I,4,0,1,0.69,,,Table 5,,,0,,,,,"Brown, A. H. D., S. C. H. Barrett, and G. Morgan. 1985. Mating system estimation in forest trees:  models, methods and meetings. Proceedings of the meeting of the IUFRO Working Party ""Ecological and Popualation Genetics"", Goettingen, Germany"
254,Brown et al. 1985,1985,Myrtaceae,Eucalyptus,saligna,Eucalyptus saligna,D,2,0,I,6,0,1,0.77,,,Table 5,,,0,,,,,"Brown, A. H. D., S. C. H. Barrett, and G. Morgan. 1985. Mating system estimation in forest trees:  models, methods and meetings. Proceedings of the meeting of the IUFRO Working Party ""Ecological and Popualation Genetics"", Goettingen, Germany"
255,Brown et al. 1985,1985,Myrtaceae,Eucalyptus,stelluata,Eucalyptus  stelluata,D,2,0,I,4,0,1,0.8,,,Table 3,,,0,,,,,"Brown, A. H. D., S. C. H. Barrett, and G. Morgan. 1985. Mating system estimation in forest trees:  models, methods and meetings. Proceedings of the meeting of the IUFRO Working Party ""Ecological and Popualation Genetics"", Goettingen, Germany"
256,"Brown et al. 1985, Brown et al. 1985","1985, 1985",Myrtaceae,Eucalyptus,grandis,Eucalyptus  grandis,D,2,0,I&U,6,0&2,3,0.785,0.84,0.967,"Table 5, Table 3",,,0,,,,,Species summary
257,"Brown et al. 1985, Brown et al. 1985, Brown et al. 1985, Brown et al. 1985","1985, 1985, 1985, 1985",Myrtaceae,Eucalyptus,regnans,Eucalyptus  regnans,D,2,0,I,,0&2,5,0.7849999999999999,0.52,0.69,"Table 5, Table 3, Table 5, Table 3",,,0,,,,,Species summary
258,Butcher & Williams 2002,2002,Myrtaceae,Eucalyptus,camaldulensis,Eucalyptus  camaldulensis,D,2,0,I,11,0,4,0.9527,0.912,0.995,Table 3,4,geit,1,-0.099,-0.396,0.025,Table 3,"Butcher, P. A., and E. R. Williams. 2002. Variation in outcrossing rates and growth in Eucalyptus camaldulensis from the Petford Region, Queensland; Evidence of outbreeding depression. Silvae Genetica 51:6-12."
259,Butcher et al. 1992,1992,Myrtaceae,Melaleuca,alternifolia,Melaleuca  alternifolia,D,2,0,I,10,0,2,0.935,0.9,0.97,Table 6 (range for multi-locus estimate),2,,1,0.01,-0.02,0.04,Table 6,"Butcher PA, Bell JC, GF Moran. 1992. Patterns of genetic diversity and nature of the breeding system in Melaleuca alternifolia (Myrtaceae). Aust J Bot 40:365-375"
260,Chaix et al. 2003,2003,Myrtaceae,Eucalyptus,grandis,Eucalyptus  grandis,D,2,0,U,6,2,1,0.967,,,Table 3,,0,0,,,,,"Chaix, G., S. Gerber, V. Razafimaharo, P. Vigneron, D. Verhaegen, and S. Hamon. 2003. Gene flow estimation with microsatellites in a Malagasy seed orchard of Eucalyptus grandis. Theoretical and Applied Genetics 107:705-712."
261,Ellis & Sedgley 1993,1993,Myrtaceae,Eucalyptus,leucoxylon,Eucalyptus  leucoxylon,D,2,0,I,,0,1,0.89,0.64,1,Results,,,0,,,,,"Ellis MF, M Sedgley. 1993. Gynodioecy and male sterility in Eucalyptus leucoxylon F. Muell. (Myrtaceae). Int. J. of Plant Sci 154: 314-324"
262,Fripp 1982,1982,Myrtaceae,Eucalyptus,kitsoniana,Eucalyptus  kitsoniana,D,2,0,I,,0,2,0.765,0.75,0.78,Table 3,2,,1,0.08142857142857142,0.01,0.21,"Table 4 (F for progeny, averaged across the 4 loci)",Fripp YJ. 1982. Allozyme variation and mating system in two populations of Eucalyptus kitsoniana (Luehm.) Maiden. Aust For Res 13:1-10
263,Fripp et al. 1987,1987,Myrtaceae,Eucalyptus,regnans,Eucalyptus  regnans,D,2,0,I,,0,3,0.58,0.52,0.61,Table 2,,,0,,,,,"Fripp YJ, Griffin AR, GF Moran. 1987. Variation in allele frequencies in the outcross pollen pool of Eucalyptus regnans F. Muell. throughout a flowering season. Heredity 59:161-171"
264,Griffin et al. 1987,1987,Myrtaceae,Eucalyptus,regnans,Eucalyptus  regnans,D,2,0,I,6,2,1,0.56,,,Table 6 (range for open pollination multilocus estimate),,,0,,,,,"Griffin, A. R., G. F. Moran, and Y. J. Fripp. 1987. Preferential outcrossing in Eucalyptus regnans F. Muell. Australian Journal of Botany 35:465–475."
265,Hopper & Moran 1981,1981,Myrtaceae,Eucalyptus,stoatei,Eucalyptus  stoatei,D,2,0,I,,0,1,0.82,0.47,1.01,Table 6,,,0,,,,,"Hopper SD, GF Moran. 1981. Bird pollination and the mating system of Eucalyptus stoatei. Aust J Bot 29:625-638"
266,House & Bell 1994,1994,Myrtaceae,Eucalyptus,urophylla,Eucalyptus urophylla,D,2,0,I,13,0,2,0.9,,,Abstract,,,0,,,,,"House A.P.N., J.C. Bell. 1994. Isozyme variation and mating system in Eucalyptus urophylla ST Blake. Silvae Gen 43:167-76."
267,Kennington & James 1997,1997,Myrtaceae,Eucalyptus,argutifolia,Eucalyptus argutifolia,D,2,0,I,3,0,6,0.69,0.25,0.96,Table 2,6,,1,-0.058,-0.48,0.3,Table 3,"Kennington, W. J., and S. H. James. 1997. The effect of small population size on the mating systems of a rare clonal mallee, Eucalyptus argutifolia (Myrtaceae). Heredity 78:252–260."
268,McDonald et al. 2003,2003,Myrtaceae,Eucalyptus,cladocalyx,Eucalyptus  cladocalyx,D,2,0,I,8,0,4,0.57,0.44,0.66,Table 3,,,0,,,,,"McDonald, M. W., M. Rawlings, P. A. Butcher, and J. C. Bell. 2003. Regional divergence and inbreeding in Eucalyptus cladocalyx (Myrtaceae). Australian Journal of Botany 51:393-403."
269,Millar et al. 2000,2000,Myrtaceae,Eucalyptus,marginata,Eucalyptus  marginata,D,2,0,I,4,0,4,0.81,0.71,0.92,Table 2,4,,1,-0.35,-0.14,-0.57,Table 2,Millar et al. 2000
270,Moran & Brown 1980,1980,Myrtaceae,Eucalyptus,delegatensis,Eucalyptus  delegatensis,D,2,0,I,,2,1,0.77,0.66,0.85,Table 5 (range for multi-locus estimate),1,,1,0.15,0.13,0.21,Table 3 (estimation of Wright's fixation index),"Moran GF, AHD Brown. 1980. Temporal heterogeneity of outcrossing rates in alpine ash (Eucalyptus delegatensis R.T. Bak.). Theor Appl Genet 57:101-105"
271,Patterson et al. 2004,2004,Myrtaceae,Eucalyptus,globulus,Eucalyptus  globulus,D,2,0,I,5,2,1,0.597,,,Table 3,,,0,,,,,"Patterson, B., R. E. vaillancourt, D. J. Pilbeam, and B. M. Potts. 2004. factors affecting variation in outcrossing rate in Eucalyptus globulus. Australian Journal of Botany 52:773-780."
272,Peters et al. 1990,1990,Myrtaceae,Eucalyptus,pulverulenta,Eucalyptus  pulverulenta,D,2,0,I,,0,3,0.7,0.48,0.98,Abstract,,,0,,,,,"Peters, G. B., J. S. Lonie, and G. F. Moran. 1990. The breeding system, genetic diversity and pollen sterility in Eucalyptus pulverulenta, a rare species with small disjunct populations. Australian Journal of Botany 38:559-570."
273,Phillips & Brown 1977,1977,Myrtaceae,Eucalyptus,pauciflora,Eucalyptus  pauciflora,D,2,0,I,,0,3,0.64,0.62,0.67,??,,,0,,,,,"Phillips, M. A., and A. H. D. Brown. 1977. Mating system and hybridity in Eucalyptus pauciflora. Australian Journal of Biological Sciences 30:337-344."
274,Sampson et al. 1989,1989,Myrtaceae,Eucalyptus,rhodantha,Eucalyptus  rhodantha,D,2,0,I,4,0,2,0.63,0.59,0.67,Table 5 (range for multilocus estimate),2,,1,-0.12,-0.12,-0.12,Table 2 (estimates of F for progeny),"Sampson JF, Hopper SD, SH James. 1989. The mating system and population genetic structure in a bird-pollinated mallee, Eucalyptus rhodantha. Heredity 63: 383-393"
275,Telles et al. 2003,2003,Myrtaceae,Eugenia,dysenterica,Eugenia dysenterica,D,2,0,I,8,0,10,0.835,0.683,0.955,Table 3,,,0,,,,,"Telles, M. P. D., A. S. G. Coelho, L. J. Chaves, J. A. F. Diniz, and F. D. Valva. 2003. Genetic diversity and population structure of Eugenia dysenterica DC. (""cagaiteira""-Myrtaceae) in Central Brazil: Spatial analysis and implications for conservation and management. Conservation Genetics 4:685-695."
276,Yeh et al. 1983,1983,Myrtaceae,Eucalyptus,citriodora,Eucalyptus  citriodora,D,2,0,I,3,2,1,0.853,,,Table 3,1,,1,-0.3,,,Table 2,"Yeh FC, Brune A, Cheliak WM, DC Chipman. 1983. Mating system of Eucalyptus citriodora in a seed-production area. Can. J. For. Res. 13(6): 1051-1055"
277,Ishida & Hiura 2002,2002,Oleaceae,Fraxinus,lanuginosa,Fraxinus lanuginosa,D,2,1,I,3,0,4,0.86,0.69,0.99,Table 2 (range for multilocus estimate),5,,1,-0.0044,-0.056,0.101,Table 3,"Ishida K, T Hiura. 2002. Mating system and population genetic structure of an androdioecious tree, Fraxinus lanuginosa in northern Japan. Heredity 88:296-301"
278,Flores 1990,1990,Onagraceae,Ludwigia,peploides,Ludwigia peploides,D,0,0,I,,0,1,0.2,,,??,,,0,,,,,Flores 1990
279,Holtsford & Ellstrand,1989,Onagraceae,Clarkia,tembloriensis,Clarkia  tembloriensis,D,0,0,I,4,0,8,0.483,0.03,0.87,Table 5,8,,1,0.48,0.07,1,Table 5 (F of progeny),"Holtsford TP, NC Ellstrand. 1989. Variation in outcrossing rate and population genetic structure of Clarkia tembloriensis (Onagraceae). Theor Appl Genet 78:480-488"
280,Husband & Schemske 1995,1995,Onagraceae,Epilobium,angusifolium,Epilobium  angusifolium,D,1,0,I,2,0,1,0.94,,,Results,1,,1,-0.26,,,Results (mating system- parental inbreeding coefficient),"Husband BC, DW Schemske. 1995. . Magnitude and timing of inbreeding depression in a diploid population of Epilobium angustifolium (Onagraceae)"
281,Kelley & Latta 1998,1998,Onagraceae,Epilobium,anagallidifolium,Epilobium anagallidifolium,D,1,0,I,1,0,1,0,,,Results,1,,1,1,,,,"Kelley, S. T., and R. G. Latta. 1998. Evidence for high rates of self-fertilization in the alpine herb Epilobium anagallidifolium (Onagraceae). Canadian Journal of Botany 76:1978–1980."
282,Levin et al. 1979,1979,Onagraceae,Oenothera,organensis,Oenothera  organensis,D,1,0,I,1,0,7,1.0428,1,1.08,Table 4,7,,1,0.075,-0.2,0.59,Table 3 (estimates of F for adults and progeny),"Levin DA, Ritter K, NC Ellstrand. 1979. Protein polymorphism in the narrow endemic Oenothera organensis. Evolution 33(2):534-542"
283,Parker et al. 1995,1995,Onagraceae,Epilobium,angustifolium,Epilobium angustifolium,D,1,0,I,1,0,1,0.64,,,Results,,,0,,,,,"Parker, I. M., R. R. Nakamura, and D. W. Schemske. 1995. Reproductive allocation and the fitness consequences of selfing in 2 sympatric species of Epilobium (Onagraceae) with contrasting mating systems. American Journal of Botany 82:1007-1016."
284,"Levin et al. 1979, Parker et al. 1995","1979, 1995",Onagraceae,Epilobium,angusifolium,Epilobium  angusifolium,D,1,0,I,1.5,0,2,0.9924499999999999,0.64,0.94,"Table 4, Results",,,0,,,,,Species summary
285,Vasek & Harding 1976,1976,Onagraceae,Clarkia,exilis,Clarkia  exilis,D,0,0,F,1,0,4,0.52,0.38,0.89,??,,,0,,,,,"Vasek, F. C., and J. Harding. 1976. Outcrossing in natural populations. V. Analysis of outcrossing, inbreeding, and selection in Clarkia exilis and Clarkia trembloriensis. Evolution 30:403-411."
286,Vasek 1965,1965,Onagraceae,Clarkia,unguiculata,Clarkia  unguiculata,D,0,0,F,1,0,1,0.964,.,,Table 4 (delta estimate),,,0,,,,,Vasek FC. 1965. Outcrossing in natural populations. II. Clarkia unguiculata. Evolution 19:152-156
287,Ortiz-Barney & Ackerman 1999,1999,Orchidaceae,Encyclia,cochleata,Encyclia cochleata,M,1,0,I,,0,1,0.4,,,Abstract,,,0,,,,,"Ortiz-Barney, E., and J. D. Ackerman. 1999. The cost of selfing in Encyclia cochleata (Orchidaceae). Plant Systematics and Evolution 219:55-64."
288,Humphreys & Gale 1974,1974,Papaveraceae,Papaver,dubium,Papaver  dubium,D,0,0,F,,0,1,0.24,0.12,0.43999999999999995,Results/Table 2 (selfing rates),,,0,,,,,"Humphreys MO, JS Gale. 1974. Variation in wild populations of Papaver dubium. VIII. The mating system. Heredity 33:33-41"
289,Patra et al. 1992,1992,Papaveraceae,Papaver,somniferum,Papaver somniferum,D,0,0,M,,0,2,0.2203,0.1924,0.2482,Tables 1&2,,,0,,,,,"Patra NK, RS Ram, et al.. 1992. Quantitative studies on the mating system of opium poppy (Papaver somniferum L.). Theor Appl Genet 84(3-4):299-302"
290,Boyle & Morgenstern 1986,1986,Pinaceae,Picea,mariana,Picea  mariana,G,2,1,I,6,0,6,0.924,0.7,0.98,Abstract,,,0,,,,,"Boyle T.J.B., E.K. Morgenstern. 1986. Estimates of outcrossing rates in six populations of black spruce in central New Brunswick. Silvae Genet. 35: 102–106."
291,Boyle & Morgenstern 1987,1986,Pinaceae,Picea,mariana,Picea  mariana,G,2,1,I,,0,8,0.748075,0.7,0.98,"Tables 1&2, Abstract",,,0,,,,,Species summary
292,Boyle et al. 1991,1991,Pinaceae,Pinus,kesiya,Pinus  kesiya,G,2,1,I,,0,4,0.825,0.68,0.97,??,,,0,,,,,"Boyle T.J.B., Liengsiri C., C. Piewluang. 1991. Genetic studies in a tropical pine - Pinus kesiya. III. The mating system in four populations from northern Thailand. J. Tropical Forest Sci. 4:37-44."
293,Chaisurisri et al. 1994,1994,Pinaceae,Picea,sitchensis,Picea  sitchensis,G,2,1,I,5,2,1,0.923,,,Table 2,,,0,,,,,"Chaisurisri K, Mitton JB, YA El-Kassaby. 1994. Variation in the mating system of Sitka spruce (Picea sitchensis): evidence for partial assortative mating. Am J Bot 81:1410-1415"
294,Cheliak et al. 1985a,1985,Pinaceae,Picea,glauca,Picea  glauca,G,2,1,I,,0,1,0.7925,,,??,,,0,,,,,"Cheliak, W. M., J. A. Pitel, and G. Murray. 1985. Population structure and the mating system of white spruce. Canadian Journal of Forest Science 15:301-308."
295,"Chaisurisri et al. 1994, Cheliak et al. 1985a","1994, 1985",Pinaceae,Picea,glauca,Picea  glauca,G,2,1,I,,0,3,0.85775,0.793,0.793,"Table 2, ??",,,0,,,,,Species summary
296,Cheliak et al. 1985b,1985b,Pinaceae,Pinus,banksiana,Pinus  banksiana,G,2,1,I,4,0,1,0.88,,,Table 3 range for single-locus pooled means,1,,1,-0.06375,,,Table 1 (av of mature and filial population F values),"Cheliak WM, Dancik BP, Morgan K, Yeh FCH, C Strobeck. 1985b. Temporal variation of the mating system in a natural population of jack pine. Genetics 109:569-584"
297,El-Kassaby et al. 1981,1981,Pinaceae,Pseudotsuga,menziesii,Pseudotsuga  menziesii,G,2,1,I,,0,1,0.9,0.62,1.12,Table 2,,,0,,,,,"El-Kassaby YA, Yeh FC, O Sziklai. 1981. Estimation of the outcrossing rate of Douglas-Fir (Pseudotsuga menziesii (Mirb.) franco) using allozyme polymorphisms. Silvae Genetica 30:182-184"
298,El-Kassaby et al. 1987,1987,Pinaceae,Pinus,monticola,Pinus  monticola,G,2,1,I,,0,1,0.977,,,,,,0,,,,,El-Kassaby et al. 1987
299,"El-Kassaby et al. 1981, El-Kassaby et al. 1987","1981, 1987",Pinaceae,Pinus,monticola,Pinus  monticola,G,2,1,I,,0,2,0.9385,0.977,0.982,,,,0,,,,,Species summary
300,El-Kassaby et al. 1993,1993,Pinaceae,Pinus,monticola,Pinus  monticola,G,2,1,I,6,0,1,0.9823333333333334,,,,,,0,,,,,"El-Kassaby Y.A., Meagher M.D., R. Davidson. 1993. Temporal variation in the outcrossing rate in a natural stand of western white pine. Silvae Genetica 42: 131-135."
301,El-Kassaby et al. 2003,2003,Pinaceae,Aibes,amabilis,Aibes amabilis,G,2,1,I,9,1,4,0.808,0.796,0.837,Table 6,4,,1,0.141,,,,"El-Kassaby, Y. A., B. G. Dunsworth, and J. Krakowski. 2003. Genetic evaluation of alternative silvicultural systems in coastal montane forests: western hemlock and amabilis fir. Theoretical and Applied Genetics 107:598-610."
302,El-Kassaby et al. 2003,2003,Pinaceae,Tsuga,heterophylla,Tsuga heterophylla,G,2,1,I,11,1,4,0.9285,0.921,0.946,Table 6,4,,1,0.11,,,Table 2,"El-Kassaby, Y. A., B. G. Dunsworth, and J. Krakowski. 2003. Genetic evaluation of alternative silvicultural systems in coastal montane forests: western hemlock and amabilis fir. Theoretical and Applied Genetics 107:598-610."
303,Epperson & Allard 1984,1984,Pinaceae,Pinus,contorta,Pinus  contorta,G,2,1,I &M,7,0,2,1,0.94,1.06,Table 1 (range for multilocus estimate),2,,1,-0.02,-0.03,-0.01,Table 2 (mean of maternal and embryo F values),"Epperson BK, RW Allard. 1984. Allozyme analysis of the mating system in lodgepole pine populations. J. Heredity 75(3):212-214"
304,"El-Kassaby et al. 2003, Epperson & Allard 1984","2003, 1984",Pinaceae,Pinus,contorta,Pinus contorta,G,2,1,I &M,,0,5,0.9523333333333334,0.787,1.06,"Table 6, Table 1 (range for multilocus estimate)",,,0,,,,,Species summary
305,Fady & Westfall 1997,1997,Pinaceae,Abies,borisii,Abies borisii,G,2,1,I,7,0,1,0.952,,,Table 1,1,,1,-0.267,,,Table 2,"Fady, B., and R. D. Westfall. 1997. Mating system parameters in a natural population of Abies borisii regis Mattfeld. Annales Des Sciences Forestieres 54:643-647."
306,Farris & Mitton 1984,1984,Pinaceae,Pinus,ponderosa,Pinus  ponderosa,G,2,1,I,4,0,2,0.885,0.81,0.96,Table 1 (normal density stand),,,0,,,,,"Farris MA, JB Mitton. 1984. Population density, outcorssing rate, and heterozygote superiority in Ponderosa pine. Evolution 38(5):1151-1154"
307,"Fady & Westfall 1997, Farris & Mitton 1984","1997, 1984",Pinaceae,Pinus,ponderosa,Pinus  ponderosa,G,2,1,I,3.5,0,3,0.9073333333333333,0.81,0.96,"Table 1, Table 1 (normal density stand)",,,0,,,,,Species summary
308,Fowler 1962,1962,Pinaceae,Pinus,resinosa,Pinus  resinosa,G,2,1,M,,0,1,0.81,,,??,,,0,,,,,Fowler 1962
309,"Farris & Mitton 1984, Fady & Westfall 1997, Farris & Mitton 1984, Fowler 1962","1984, 1997, 1984, 1962",Pinaceae,Pinus,resinosa,Pinus  resinosa,G,2,1,M,,0,3,0.8836666666666666,0.81,0.81,"Table 1 (normal density stand), Table 1, Table 1 (normal density stand), ??",,,0,,,,,Species summary
310,Fowler 1965a,1965,Pinaceae,Pinus,resinosa,Pinus  resinosa,G,2,1,M,,0,1,0.81,,,??,,,0,,,,,"Fowler, D. P. 1965. Effects of inbreeding in red pine, Pinus resinosa Ait. II. Pollination studies. Silvae Genetica 14:12-23."
311,Fowler 1965b,1965,Pinaceae,Pinus,resinosa,Pinus  resinosa,G,2,1,M,,0,1,0.81,,,??,,,0,,,,,"Fowler, D. P. 1965. Effects of inbreeding in red pine, Pinus resinosa Ait. III. Factors affecting natural selfing. Silvae Genetica 14:37-46."
312,Furnier & Adams 1986,1986,Pinaceae,Pinus,jeffreyi,Pinus  jeffreyi,G,2,1,I,,0,5,0.935,0.881,0.971,Table 1 (range for multilocus estimate),5,,1,-0.0298,0.015,0.063,Table 2 (av of FIS),"Furnier GR, WT Adams. 1986. Mating system in natural populations of Jeffrey pine. Am J Bot 73(7):1002-1008"
313,Giannini et al. 1995,1995,Pinaceae,Abies,alba,Abies  alba,G,2,1,I &M,,0,10,0.8956000000000001,,,??,,,0,,,,,Giannini et al. 1995. J. Genetics & Breeding 48: 335-337.
314,"Furnier & Adams 1986, Giannini et al. 1995","1986, 1995",Pinaceae,Abies,alba,Abies  alba,G,2,1,I,,0,11,0.9087333333333335,0.89,0.896,"Table 1 (range for multilocus estimate), ??",,,0,,,,,Species summary
315,Gibson & Hamrick 1991,1991,Pinaceae,Pinus,pungens,Pinus  pungens,G,2,1,I,,0,1,1.12,0.98,1.39,Table 2,,,0,,,,,"Gibson JP, JL Hamrick. 1991. Heterogeneity in pollen allele frequencies among cones, whorls, and trees of Table Mountain pine (Pinus pungens). Am J Bot 78:1244-1251"
316,Guries & Ledig 1982,1982,Pinaceae,Pinus,rigida,Pinus  rigida,G,2,1,I,,0,11,0.95,,,Discussion (selfing rate estimated),11,,1,0.009,,,Table 3 (Fis),"Guries RP, FT Ledig. 1982. Genetic diversity and population structure in pitch pine (Pinus rigida Mill.). Evolution 36:387-402"
317,Innes & Ringius 1990,1990,Pinaceae,Picea,glauca,Picea  glauca,G,2,1,I,,0,2,0.7925,,,??,,,0,,,,,"Innes D.J., G.G. Ringius. 1990. Mating system and genetic structure of two populations of white spruce (Picea glauca) in eastern Newfoundland. Can J Bot 68:1661-1666."
318,Kärkkäinen & Savolainen 1993,1993,Pinaceae,Pinus,sylvestris,Pinus  sylvestris,G,2,1,M &  I,1,2,1,0.9538333333333332,0.88,1.23,Table 1 (experimental population),,,0,,,,,"Kärkkäinen K, O Savolainen. 1993. The degree of early inbreeding depression determines the selfing rate at the seed stage: model and results from Pinus sylvestris (Scots pine). Heredity 71:160-166"
319,"Innes & Ringius 1990, Kärkkäinen & Savolainen 1993","1990, 1993",Pinaceae,Pinus,sylvestris,Pinus  sylvestris,G,2,1,U&M,3,0&2,6,0.8462777777777778,0.748,1.23,"??, Table 1 (experimental population)",,,0,,,,,Species summary
320,Krakowski et al. 2003.,2003,Pinaceae,Pinus,albicaulis,Pinus albicaulis,G,2,1,I,9,0,2,0.729,0.722,0.736,Table 3,2,,1,-0.0085,-0.115,0.098,Table 1 - just 2 populations used for t,"Krakowski, J., S. N. Aitken, and Y. A. El-Kassaby. 2003. Inbreeding and conservation genetics in whitebark pine. Conservation Genetics 4:581-593."
321,Ledig et al. 2000,2000,Pinaceae,Picea,martínezii,Picea martínezii,G,2,1,I,9,0,2,0.518,0.399,0.637,Table 5,2,,1,0.0315,-0.058,0.121,Table 3,"Ledig, F. T., B. Bermejo-Velazquez, P. D. Hodgskiss, D. R. Johnson, C. Flores-Lopez, and V. Jacob-Cervantes. 2000. The mating system and genic diversity in Martinez spruce, an extremely rare endemic of Mexico's Sierra Madre Oriental: an example of facultative selfing and survival in interglacial refugia. Canadian Journal of Forest Research-Revue Canadienne De Recherche Forestiere 30:1156-1164."
322,Ledig et al. 2001,2001,Pinaceae,Pinus,pinceana,Pinus  pinceana,G,2,1,I,12,0,3,0.87,0.836,0.897,Table 6,3,,1,0.0907,0.076,0.099,Table 3 - just the pops used for t,"Ledig, F. T., M. A. Capo-Arteaga, P. D. Hodgskiss, H. Sbay, C. Flores-Lopez, M. T. Conkle, and B. Bermejo-Velazquez. 2001. Genetic diversity and the mating system of a rare Mexican pinon, Pinus pinceana, and a comparison with Pinus maximartinezii (Pinaceae). American Journal of Botany 88:1977-1987."
323,Ledig et al. 2002,2002,Pinaceae,Picea,mexicana,Picea mexicana,G,2,1,I,5,0,3,0.677,0.59,0.807,Table 7,3,,1,-0.094,-0.185,0.007,Table 3,"Ledig, F. T., P. D. Hodgkiss, and V. Jacob-Cerevantes. 2002. Genetic diversity, mating system, and conservation of a Mexican subalpine relict, Picea mexicana Martínez. Conservation Genetics 3:113–122."
324,Lewandowski & Burczyk 2000,2000,Pinaceae,Pinus,cembra,Pinus cembra,G,2,1,I,3,0,1,0.808,,,Table 3,1,,1,0.014,,,Results,"Lewandowski, A., and J. Burczyk. 2000. Mating system and genetic diversity in natural populations of European larch (Larix decidua) and stone pine (Pinus cembra) located at higher elevations. Silvae Genetica 49:158-161."
325,Lian et al. 2001,2001,Pinaceae,Pinus,densiflora,Pinus  densiflora,G,2,1,U,,0,1,0.955,,,Abstract (av offspring outcrossing rate),,,0,,,,,"Lian C, Miwa M, T Hogetsu. 2001. Outcrossing and paternity analysis of Pinus densiflora (Japanese red pine) by microsatellite polymorphism. Heredity 87:88-98"
326,Lundquist 1979,1979,Pinaceae,Picea,abies,Picea abies,G,2,1,M,,0,4,0.9,,,??,,,0,,,,,"Lundquist, K. 1979. Allozyme frequency distributions in four Swedish populations of Norway spruce (Picea abies Ok.). I. Estimation of genetic variation within and among populations, genetic linkage and a mating system parameter. Hereditas 90:127-143."
327,"Lewandowski & Burczyk 2000, Lian et al. 2001, Lundquist 1979","2000, 2001, 1979",Pinaceae,Picea,abies,Picea  abies,G,2,1,I&M,,0&2,8,0.8938333333333333,0.9,0.98,"Table 3, Abstract (av offspring outcrossing rate), ??",,,0,,,,,Species summary
328,Matheson et al. 1989,1989,Pinaceae,Pinus,caribaea,Pinus  caribaea,G,2,1,I,,0,4,0.8975,0.85,0.93,??,,,0,,,,,"Matheson A.C., Bell J.C., R.D. Barnes. 1989. Breeding systems and genetic structure in some Central American pine populations. Silvae Genetica 38:107-113."
329,Matheson et al. 1989,1989,Pinaceae,Pinus,maximinoi,Pinus  maximinoi,G,2,1,I,13,0,1,0.65,,,??,,,0,,,,,"Matheson A.C., Bell J.C., R.D. Barnes. 1989. Breeding systems and genetic structure in some Central American pine populations. Silvae Genetica 38:107-113."
330,Matheson et al. 1989,1989,Pinaceae,Pinus,oocarpa,Pinus  oocarpa,G,2,1,I,13,0,5,0.874,0.81,0.96,??,,,0,,,,,"Matheson A.C., Bell J.C., R.D. Barnes. 1989. Breeding systems and genetic structure in some Central American pine populations. Silvae Genetica 38:107-113."
331,Mitton et al. 1981,1981,Pinaceae,Pinus,ponderosa,Pinus  ponderosa,G,2,1,I,3,0,1,0.94,,,Table 2,,,0,,,,,"Mitton JB, Linhart YB, Davis ML, KB Sturgeon. 1981. Estimation of outcrossing in Ponderosa pine, Pinus ponderosa Laws., from patterns of segregation of protein polymorphisms and from frequencies of albino seedlings. Silvae Genetica 30: 117-121"
332,Morgante et al. 1991,1991,Pinaceae,Picea,abies,Picea  abies,G,2,1,I,,0,2,0.9555,0.955,0.956,Abstract,,,0,,,,,"Morgante, M., G. G. Vendramin, and P. Rossi. 1991. Effects of Stand Density on Outcrossing Rate in 2 Norway Spruce (Picea abies) Populations. Canadian Journal of Botany 69:2704-2708."
333,Morgante et al. 1991,1991,Pinaceae,Picea,leucodermis,Picea  leucodermis,G,2,1,I,,0,2,0.802,0.765,0.84,??,,,0,,,,,"Morgante M., Rossi P., Vendramin G.G., G. Boscherini. 1994. Low level of outcrossing in Pinus leucodermis: futher evidences in artificial stand. Can. J. Bot. 72:1289-1293."
334,Morgante et al. 1994,1994,Pinaceae,Pinus,leucodermis,Pinus  leucodermis,G,2,1,I,5,1,2,0.7985,,,??,,,0,,,,,"Morgante M., Rossi P., Vendramin G.G., G. Boscherini. 1994. Low level of outcrossing in Pinus leucodermis: futher evidences in artificial stand. Can. J. Bot. 72:1289-1293."
335,Neale & Adams 1985,1985,Pinaceae,Pseudotsuga,menziesii,Pseudotsuga  menziesii,G,2,1,I,,0,4,0.965,0.94,1,Table 2 (range for multilocus estimate),,,0,,,,,"Neale DB, WT Adams. 1985. The mating system in natural shelterwood stands of Douglas fir. Theor Appl Genet 71:201-207"
336,Neale & Adams 1985a,1985,Pinaceae,Abies,balsamea,Abies  balsamea,G,2,1,I,,0,1,0.887,0.78,0.99,??,,,0,,,,,"Neale, D. B., and W. T. Adams. 1985. Allozyme and mating-system variation in balsam fir (Aibes balsamea) across a continuous elevational transect. Canadian Journal of Botany 63:2448-2453."
337,Paule et al. 1993,1993,Pinaceae,Picea,abies,Picea  abies,G,2,1,M,,2,2,0.965,0.95,0.98,Abstract,,,0,,,,,"Paule, L., D. Lindgren, and R. Yazdani. 1993. Allozyme Frequencies, Outcrossing Rate and Pollen Contamination in Picea abies Seed Orchards. Scandinavian Journal of Forest Research 8:8-17."
338,Politov & Krutovskii 1990,1990,Pinaceae,Pinus,sibirica,Pinus  sibirica,G,2,1,I,,0,7,0.854,,,??,,,0,,,,,"Politov D.V., K.V. Krutovskii. 1990. Genetic variability in Siberian stone pine, Pinus sibirica Du Tour. V. Analysis of mating system. Genetika (Russian) 26(11): 2002-2011 (translated in English as Soviet Genetics (1991) 26: 1309-1316)."
339,Potenko & Velikov 2001,2001,Pinaceae,Pinus,koraiensis,Pinus koraiensis,G,2,1,I,4,0,5,0.8778,0.751,0.986,Table 4,5,,1,0.0088,-0.105,0.113,Table 4,"Potenko, V. V., and A. V. Velikov. 2001. Allozyme variation and mating system of coastal populations of Pinus koraiensis SIEB. et ZUCC. in Russia. Silvae Genetica 50:117-122."
340,Rajora et al. 2000,2000,Pinaceae,Picea,rubens,Picea  rubens,G,2,1,I,,0,10,0.595,0.469,0.839,Table 5 (range for multilocus estimate),10,,1,-0.012,,,Table 2 (mean fixation index),"Rajora OP, Mosseler A, JE Major. 2000. Indicators of population viability in red spruce, Picea rubens. II. Genetic diversity, population structure, and mating behaviour. Can J Bot 78:941-956"
341,Rajora et al. 2002,2002,Pinaceae,Pinus,strobus,Pinus  strobus,G,2,1,I,6,0,9,0.924,0.867,0.991,Table 2,9,,1,-0.149,-0.266,0.035,Table 5,"Rajora, O. P., A. Mosseler, and J. E. Major. 2002. Mating system and reproductive fitness traits of eastern white pine (Pinus strobus) in large, central versus small, isolated, marginal populations. Canadian Journal of Botany 80:1173-1184."
342,Robledo-Arnuncio et al. 2004,2004,Pinaceae,Pinus,sylvestris,Pinus  sylvestris,G,2,1,U,5,0,5,0.9248,0.748,0.989,Table 2,,,0,,,,,"Robledo-Arnuncio, J. J., R. Alia, and L. Gil. 2004. Increased selfing and correlated paternity in a small population of a predominantly outcrossing conifer, Pinus sylvestris. Molecular Ecology 13:2567-2577."
343,Schroeder 1989,1989,Pinaceae,Abies,alba,Abies  alba,G,2,1,I,,0,1,0.89,,,Abstract,,,0,,,,,"Schroeder, S. 1989. Outcrossing Rates and Seed Characteristics in Damaged Natural-Populations of Abies alba Mill. Silvae Genetica 38:185-185."
344,Shaw & Allard 1982,1982,Pinaceae,Pseudotsuga,menziesii,Pseudotsuga menziesii,G,2,1,I,,0,8,0.9,0.86,0.96,Table 4 (range for multilocus estimate),,,0,,,,,"Shaw DV, RW Allard. 1982. Estimation of outcrossing rates in Douglas-fir using isozyme markers. Theor Appl Genet 62:113-120"
345,"Rajora et al. 2000, Rajora et al. 2002, Robledo-Arnuncio et al. 2004, Schroeder 1989, Shaw & Allard 1982","2000, 2002, 2004, 1989, 1982",Pinaceae,Pseudotsuga,menziesii,Pseudotsuga  menziesii,G,2,1,I,,0,30,0.8175757575757576,0.62,1.12,"Table 5 (range for multilocus estimate), Table 2, Table 2, Abstract, Table 4 (range for multilocus estimate)",,,0,,,,,Species summary
346,Shea 1987,1987,Pinaceae,Abies,lasiocarpa,Abies  lasiocarpa,G,2,1,I,7,0,2,0.7949999999999999,0.65,0.94,Table 1,2,,1,-0.10200000000000001,-0.107,-0.097,Table 5,"Shea, K. L. 1987. Effects of population structure and cone production on outcrossing rates in Engelmann spruce and subalpine fir. Evolution 41:124-136."
347,Shea 1987,1987,Pinaceae,Picea,engelmannii,Picea engelmannii,G,2,1,I,6,0,2,0.89,0.85,0.93,Table 1,2,,1,-0.03425,-0.0455,-0.023,Table 5,"Shea, K. L. 1987. Effects of population structure and cone production on outcrossing rates in Engelmann spruce and subalpine fir. Evolution 41:124-136."
348,Sorensen 2001,2001,Pinaceae,Pinus,contorta,Pinus contorta,G,2,1,I &M,?,0,3,0.916,0.787,0.983,Table 1,,,0,,,,,Sorensen FC. 2001. Effect of population outcrossing rate on inbreeding depression in Pinus contorta var. murrayana seedlings. Scandinavian Journal of Forest Research 16:391-403
349,Sorenson 1973,1973,Pinaceae,Pseudotsuga,menziesii,Pseudotsuga  menziesii,G,2,1,I &M,,0,16,0.930625,0.88,1.065,Table 1 (selfing rate) range from past database,,,0,,,,,Sorensen FC. 1973. Frequency of seedlings from natural self-fertilization in coastal Douglas fir. Silvae Genetica 22:20-24
350,Sproule (in Barrett et al.1987),19??,Pinaceae,Picea,mariana,Picea  mariana,G,2,1,I,,0,2,0.898,0.7,0.98,??,,,0,,,,,"Barrett, J. W., P. Knowles, and w. M. Cheliak. 1987. The mating system in a black spruce clonal orchard. Canadian Journal of Forest Science 17:379-382."
351,Squillace & Kraus 1962,1962,Pinaceae,Pinus,elliotii,Pinus  elliotii,G,2,1,M,,0,1,0.94,,,??,,,0,,,,,"Squillace, A. E., and J. F. Kraus. 1962. Effects of inbreeding on seed yield, germination, rate of germination and seedling growth in Slash Pine. For. Gen. Workshop, Macon, GA"
352,Yeh & Morgan 1987,1987,Pinaceae,Pseudotsuga,menziesii,Pseudotsuga  menziesii,G,2,1,I,10,0,1,0.887,,,Table 2,,,0,,,,,"Yeh FC, K Morgan. 1987. Mating system and multilocus associations in a natural population of Pseudotsuga menziesii (Mirb.) Franco. Theor Appl Genet 73:799-808"
353,Wadt & Kageyama 2004,2004,Piperaceae,Piper,hispidinervum,Piper hispidinervum,D,1,0,R,?,0,1,1.086,,,Results,1,,1,0.05,,,,"Wadt, L. H. D., and P. Y. Kageyama. 2004. Genetic structure and mating system of Piper hispidinervum. Pesquisa Agropecuaria Brasileira 39:151-157."
354,Wolff et al. 1988,1988,Plantaginaceae,Plantago,coronopus,Plantago coronopus,D,1,1,I,7,0,3,0.576,0.34,0.75,Table 4,3,,1,-0.0376,-0.184,0.08,Table 4,"Wolff K, Friso B, JMM van Damme. 1988. Outcrossing rates and male sterility in natural populations of Plantago coronopus. Theor Appl Genet 76:190-196"
355,Abdel-Ghani et al. 2004,2004,Poaceae,Hordeum,spontaneum,Hordeum  spontaneum,M,1,1,U,4,0,12,0.0047,0,0.018,Table 3,,cleis,0,,,,,"Abdel-Ghani, A. H., H. K. Parzies, A. Omary, and H. H. Geiger. 2004. Estimating the outcrossing rate of barley landraces and wild barley populations collected from ecologically different regions of Jordan. Theoretical and Applied Genetics 109:588-595."
356,Abdel-Ghani et al. 2004,2004,Poaceae,Hordeum,vulgare,Hordeum  vulgare,M,0,1,U,4,0,12,0.0019,0,0.005,Table 3,,cleis,0,,,,,"Abdel-Ghani, A. H., H. K. Parzies, A. Omary, and H. H. Geiger. 2004. Estimating the outcrossing rate of barley landraces and wild barley populations collected from ecologically different regions of Jordan. Theoretical and Applied Genetics 109:588-595."
357,"Abdel-Ghani et al. 2004, Abdel-Ghani et al. 2004","2004, 2004",Poaceae,Hordeum,spontaneum,Hordeum  spontaneum,M,1,1,I&U,3,0,19,0.0033000000000000004,0,0.034,"Table 3, Table 3",,cleis,0,,,,,Species summary
358,Adams & Allard 1982,1982,Poaceae,Festuca,microstachys,Festuca  microstachys,M,0,1,I,,0,23,0.001,0.01,0.084,Results,,0,0,,,,,"Adams WT, RW Allard. 1982. Mating system variation in Festuca microstachys. Evolution 36:591–595"
359,Allard et al. 1972,1972,Poaceae,Avena,barbata,Avena  barbata,M,0,1,I,1,0,12,0.02,0,0.07,??,,cleis,0,,,,,"Allard, R. W., G. R. Babbel, M. T. Clegg, and A. L. Kahler. 1972. Evidence for coadaptation in Avena barbata. Proceedings of the National Academy of Sciences USA 69:3043-3048."
360,Allard et al. 1972,1972,Poaceae,Hordeum,vulgare,Hordeum  vulgare,M,0,1,I,4,1,1,0.006,,,Results (Amount of Outcrossing),,cleis,0,,,,,"Allard RW, Kahler AL, BS Weir. 1972. The effect of selection on esterase allozymes in a barley population. Genetics 72:489-503"
361,Allard et al. 1972,"1982, 1972, 1972",Poaceae,Avena,barbata,Avena  barbata,M,0,1,I,,0,12,0.007472222222222223,0,0.07,"Results, ??, Results (Amount of Outcrossing)",,cleis,0,,,,,Species summary
362,"Allard et al. 1972, Allard et al. 1972, Allard et al. 1972","1972, 1972, 1982, 1972, 1972",Poaceae,Hordeum,vulgare,Hordeum  vulgare,M,0,1,I&U,3.3,0&1,23,0.013426666666666667,0,0.03,"??, Results (Amount of Outcrossing), Results, ??, Results (Amount of Outcrossing)",,cleis,0,,,,,Species summary
363,Babbel & Wain 1977,1977,Poaceae,Hordeum,jubatum,Hordeum  jubatum,M,1,1,I,,0,2,0.013,0.01,0.02,??,,,0,,,,,"Babbel, G. R., and R. P. Wain. 1977. Genetic structure of Hordeum jubatum. I. Outcrossing rates and heterozygosity levels. Canadian Journal of Genetics and Cytology 19:143-152."
364,Brown et al. 1974,1974,Poaceae,Bromus,mollis,Bromus  mollis,M,0,1,I,,0,1,0.0935,,,??,,,0,,,,,"Brown, A. H. D., D. R. Marshall, and L. Albrecht. 1974. The maintenance of alcohol dehydrogenase polymorphism in Bromus mollis L. Australian Journal of Biological Science 27:545-559."
365,"Babbel & Wain 1977, Brown et al. 1974","1977, 1974",Poaceae,Bromus,mollis,Bromus  mollis,M,0,1,I,,0,27,0.03983333333333333,0,0.1,"??, ??",,,0,,,,,Species summary
366,Brown et al. 1978,1978,Poaceae,Hordeum,spontaneum,Hordeum  spontaneum,M,1,1,I,2,0,7,0.0149,0,0.034,Table 3,,auton,0,,,,,"Brown, A. H. D., D. Zohary, and E. Nevo. 1978. Outcrossing rates and heterozygosity in natural populations of Hordeum spontaneum Koch in Isreal. Heredity 41:49-62."
367,Bush & Barrett 1993,1993,Poaceae,Deschampsia,cespitosa,Deschampsia  cespitosa,M,1,1,I,3,0,2,0.92,0.87,0.97,Table 5 (range for multi-locus estimate),,auton,0,,,,,"Bush EJ, SCH Barrett. 1993. Genetics of mine invasions by Deschampsia cespitosa (Poaceae). Can. J. Bot. 71:1336-1348"
368,Clegg 1972,1972,Poaceae,Avena,fatua,Avena  fatua,M,0,1,M,,0,4,0.025,0.01,0.1,??,,,0,,,,,"Clegg, M. T., and R. W. Allard. 1972. Patterns of genetic differentiation in the slender wild oat species Avena barbata. Proceedings of the National Academy of Sciences U.S.A. 69:1820–1824."
369,"Bush & Barrett 1993, Clegg 1972","1993, 1972",Poaceae,Avena,fatua,Avena  fatua,M,0,1,M,,0,4,0.32333333333333336,0.01,0.1,"Table 5 (range for multi-locus estimate), ??",,,0,,,,,Species summary
370,Djé et al. 2004,2004,Poaceae,Sorghum,bicolor,Sorghum bicolor,M,0,1,U,5,3,2,0.115,0.069,0.161,Table 3,,,0,,,,,"Dje, Y., M. Heuertz, M. Ater, C. Lefebvre, and X. Vekemans. 2004. In situ estimation of outcrossing rate in sorghum landraces using microsatellite markers. Euphytica 138:205-212."
371,Ennos 1985,1985,Poaceae,Cynosurus,cristatus,Cynosurus  cristatus,M,1,1,I,4,0,3,0.96,0.93,1.02,Table 1 (range for multilocus estimate),3,,1,0.013,-0.059,0.065,Table 4 (FIT for total population),"Ennos RA. 1985. The mating system and genetic structure in a perennial grass, Cynosurus cristatus L.. Heredity 55:121-126"
372,Golenberg 1988,1988,Poaceae,Triticum,dicoccoides,Triticum  dicoccoides,M,0,1,I,,0,1,0,,,??,,,0,,,,,"Golenberg, E. M. 1988. Outcrossing rates and their relationship to phenology in Triticum dicoccoides. Theoretical and Applied Genetics 75:937-944."
373,Hamrick & Allard 1972,1972,Poaceae,Avena,barbata,Avena  barbata,M,0,1,I,,0,12,0.02,0,0.07,??,,,0,,,,,"Hamrick, J. L., and R. W. Allard. 1972. Microgeographical variation in allozyme frequencies in Avena barbata. Proceedings of the National Academy of Sciences USA 69:2100-2104."
374,Imam & Allard 1965,1965,Poaceae,Avena,fatua,Avena  fatua,M,0,1,M,,0,4,0.025,0.01,0.1,??,,,0,,,,,"Imam, A. G., and R. W. Allard. 1965. Population studies in predominantly self-pollinated species. VI. Genetiv variability between and within natural populations of wild oats from differing habitats in California. Genetics 51:49-62."
375,Jain 1975,1975,Poaceae,Avena,sterilis,Avena  sterilis,M,0,1,I,,0,11,0.04,0,0.06,Table 2.3,,,0,,,,,"Jain, S. K. 1975. Population structure and the effects of breeding system. Pp. 15-36 in O. H. Frankel and J. G. Hakwes, eds. Crop genetics resources for today and tomorrow. Cambridge University Press, Cambridge, U.K."
376,Jain 1975,1975,Poaceae,Bromus,mollis,Bromus  mollis,M,0,1,I,,0,26,0.035,0,0.1,Table 2.3,,,0,,,,,"Jain, S. K. 1975. Population structure and the effects of breeding system. Pp. 15-36 in O. H. Frankel and J. G. Hakwes, eds. Crop genetics resources for today and tomorrow. Cambridge University Press, Cambridge, U.K."
377,Jain 1975,1975,Poaceae,Bromus,rubens,Bromus  rubens,M,0,1,I,,0,6,0,0,0,Table 2.3,,,0,,,,,"Jain, S. K. 1975. Population structure and the effects of breeding system. Pp. 15-36 in O. H. Frankel and J. G. Hakwes, eds. Crop genetics resources for today and tomorrow. Cambridge University Press, Cambridge, U.K."
378,MacDonald & Lieffers 1991,1991,Poaceae,Calamagrostis,canadensis,Calamagrostis  canadensis,M,1,1,I,5,0,3,0.928666666666667,0.888,0.998,Table 4,,,0,,,,,"Macdonald, S. E., and V. J. Lieffers. 1991. Population variation, outcrossing, and colonization of disturbed areas by Calamagrostis canadensis - Evidence from allozyme analysis. American Journal of Botany 78:1123-1129."
379,Marshall & Allard 1970,1970,Poaceae,Avena,barbata,Avena  barbata,M,0,1,I,,0,12,0.02,0,0.07,??,,,0,,,,,"Marshall, D. R., and R. W. Allard. 1970. Maintenance of isozyme polymorphisms in natural populations of Avena barbata. Genetics 66:393-399."
380,Mitton et al.,unpubl,Poaceae,Lolium,multiflorum,Lolium  multiflorum,M,1,1,I,,0,1,0.82,,,,,,0,,,,,Mitton et al. unpublished data
381,Morishima & Barbier 1990,1990,Poaceae,Oryza,rufipogon,Oryza  rufipogon,M,0,1,I,8,1,3,0.369,0.043,0.559,Table 4 (range for multilocus estimate),,,0,,,,,"Morishima H, P Barbier. 1990. Mating system and genetic structure of natural populations in wild rice Oryza rufipogon. Plant Species Biol 5:31-39"
382,Parzies et al. 2000,2000,Poaceae,Hordeum,vulgare,Hordeum  vulgare,M,0,1,I,2,0,10,0.0172,0.002,0.03,Table 1,10,,1,0.866,0.696,0.963,Table 1,"Parzies, H. K., W. Spoor, and R. A. Ennos. 2000. Outcrossing rates of barley landraces from Syria. Plant Breeding 119:520-522."
383,"Petit, et al. 1997",1997,Poaceae,Arrhenatherum,elatius,Arrhenatherum  elatius,M,1,1,I,3,0,4,0.7035,0.541,0.93,Table 3 - all four pops,,,0,,,,,"Petit, C., P. Lesbros, X. J. Ge, and J. D. Thompson. 1997. Variation in flowering phenology and selfing rate across a contact zone between diploid and tetraploid Arrhenatherum elatius (Poaceae). Heredity 79:31-40."
384,Sanders & Hamrick 1980,1980,Poaceae,Elymus,canadensis,Elymus  canadensis,M,1,1,I,,0,15,0.069,0,0.251,Table 1,,,0,,,,,"Sanders TB, JL Hamrick. 1980. Variation in the breeding system of Elymus canadensis. Evolution 34(1):117-122"
385,Sun & Corke 1992,1992,Poaceae,Secale,montanum,Secale montanum,M,0,1,I,10,0,5,0.92,0.86,0.97,Table 2,5,,1,0.04,-0.02,0.1,Table 2,"Sun M, H Corke. 1992. Population genetics of colonizing success of weedy rye in Northern California. Theor Appl Genet 83: 321-329"
386,Travis et al. 2004,2004,Poaceae,Spartina,alterniflora,Spartina alterniflora,M,1,1,A&R,20,0,3,0.782,0.67,0.887,Fig. 4,3,,1,-0.152,-0.279,-0.018,Table 4,"Travis, S. E., C. E. Proffitt, and K. Ritland. 2004. Population structure and inbreeding vary with successional stage in created Spartina alterniflora marshes. Ecological Applications 14:1189–1202."
387,Zohary & Imber 1963,1963,Poaceae,Triticum,speltoides,Triticum  speltoides,M,0,1,I,,0,1,0.85,,,??,,,0,,,,,"Zohary, D., and D. Imber. 1963. Genetic dimorphism in fruit types in Aegilops speltoides. Heredity 18:223-231."
388,Goodwillie 2000,2000,Polemoniaceae,Linanthus,bicolor,Linanthus bicolor,D,0,0,I,,0,2,0.038,0.001,0.075,Table 1,2,,1,0.757,0.569,0.944,Table 1,Goodwillie C. 2000. Inbreeding depression and mating systems in two species of Linanthus (Polemoniaceae)
389,Goodwillie 2000,2000,Polemoniaceae,Linanthus,jepsonii,Linanthus jepsonii,D,0,0,I,,0,3,0.182,0.104,0.3,Table 1,3,,1,0.164,0.048,0.292,Table 1,Goodwillie C. 2000. Inbreeding depression and mating systems in two species of Linanthus (Polemoniaceae)
390,Levin 1978,1978,Polemoniaceae,Phlox,cuspidata,Phlox  cuspidata,D,0,0,I,1,0,1,0.22,,,Introduction,,,0,,,,,Levin DA. 1978. Genetic variation in annual phlox: self-compatible versus self-incompatible species. Evolution 32(2):245-263
391,Schoen 1982,1982,Polemoniaceae,Gilia,achilleifolia,Gilia  achilleifolia,D,0,0,I,2,0,7,0.573,0.15,0.96,Table 2,7,,1,0.16428571428571428,0.04,0.47,Table 4 (Fobs),Schoen DJ. 1982. Genetic variation and the breeding system of Gilia achilleifolia. Evolution 36:361-370
392,Watkins & Levin 1990,1990,Polemoniaceae,Phlox,drummondii,Phlox  drummondii,D,0,0,I,4,0,20,0.86,0.689,1.015,Table 2,20,,1,0.352,-0.105,0.381,Table 4,"Watkins L, DA Levin. 1990. Outcrossing rates in Phlox as related to plant density. Heredity 65: 81-89"
393,Neel et al. 2001,2001,Polygonaceae,Eriogonum,ovalifolium var. vineum,Eriogonum ovalifolium var. vineum,D,1,0,I,4,0,6,0.8,0.68,0.89,Table 1,6,,1,-0.1,-0.45,0.35,Fig. 2,"Neel, M. C., J. Ross-Ibarra, and N. C. Ellstrand. 2001. Implications of mating patterns for conserrvation of the endangered plant Eriogonum ovalifolium var. vineum (Polygonaceae). American Journal of Botany 88:1214–1222."
394,Barrett & Husband 1990,1990,Pontederiaceae,Eichhornia,paniculata,Eichhornia paniculata,M,0,0,I,,0,31,0.567,0,1,Results,,auton,0,,,,,"Barrett, S. C. H., and B. C. Husband. 1990. Variation in outcrossing rates in Eichhornia paniculata: The role of demographic and reproductive factors. Plant Species Biology 5:41-55."
395,Barrett 1979,1979,Pontederiaceae,Eichhornia,crassipes,Eichhornia crassipes,M,1,0,M,,0,1,0.613,,,Results,,auton,0,,,,,Barrett SCH. 1979. The evolutionary breakdown of tristyly in Eichhornia crassipes (Mart.) Solms (water hyacinth). Evolution 33:499-510
396,Barrett et al. unpubl,unpubl,Pontederiaceae,Monochoria,korsakowii,Monochoria korsakowii,M,1,0,M,,0,1,0.5066666666666667,,,,,,0,,,,,Barrett et al. unpublished data
397,Waycott & Sampson 1997,1997,Posidoniaceae,Posidonia,australis,Posidonia australis,M,1,2,I,,0,1,0.5857142857142857,0.2,0.89,Table 4 (range for multilocus estimate),,,0,,,,,"Waycott M, JF Sampson. 1997. The mating system of an hydrophilous angiosperm Posidonia australis (Posidoniaceae). Am J Bot 84(5):621-625"
398,Reusch 2000,2000,Potamogetonaceae,Zostera,marina,Zostera marina,M,1,2,U,8,0,2,0.965,0.96,0.97,Results,,,0,,,,,"Reusch, T. B. H. 2000. Pollination in the marine realm: microsatellites reveal high outcrossing rates and multiple paternity in eelgrass Zostera marina. Heredity 85:459-464."
399,Reusch 2001,2001,Potamogetonaceae,Zostera,marina,Zostera marina,M,1,2,U,8,0,2,0.79,0.65,0.93,Fig. 3,2,,1,0.0705,0.054,0.087,Results,"Reusch, T. B. H. 2001. Fitness-consequences of geitonogamous selfing in a clonal marine angiosperm (Zostera marina). Journal of Evolutionary Biology 14:129-138."
400,Ruckelshaus 1995,1995,Potamogetonaceae,Zostera,marina,Zostera marina,M,1,2,I,2,0,1,0.84,,,Abstract,,,0,,,,,"Ruckelshaus, M. H. 1995. Estimates of outcrossing rates and of inbreeding depression in a population of the marine angiosperm Zostera marina. Marine Biology 123:583–593."
401,"Reusch 2000, Reusch 2001, Ruckelshaus 1995","2000, 2001, 1995",Potamogetonaceae,Zostera,marina,Zostera marina,M,1,2,I&U,6.5,0,5,0.8699999999999999,0.65,0.97,"Results, Fig. 3, Abstract",,,0,,,,,Species summary
402,"Piper et al., 1984",1984,Primulaceae,Primula,vulgaris,Primula vulgaris,D,1,0,I,2,0,1,0.852,,,Results,,,0,,,,,"Piper, J. G., B. Charlesworth, and D. Charlesworth. 1984. A high rate of self-fertilization and increased seed fertility of homostyle primroses. Nature 310:50-51."
403,Ayre et al. 1994,1994,Proteaceae,Grevillea,barklyana,Grevillea barklyana,D,2,0,I,2,0,3,0.35625,0.07,0.85,Table 3,4,"auton,geit",1,0.5860000000000001,0.42,0.77,Table 3,"Ayre D, Whelan RJ, Reid A. 1994. Unexpectedly high levels of selfing in the Australian shrub Grevillea barklyana (Proteaceae). Heredity 72:168-174"
404,Carthew et al. 1988,1988,Proteaceae,Banksia,paludosa,Banksia  paludosa,D,2,0,I,1,0,2,0.8,0.676,0.924,Table 6,2,"facil,geit",1,0.161,0.155,0.167,Table 4,"Carthew SM, Ayre DJ, RJ Whelan. 1988. High levels of outcrossing in populations of Banksia spinulosa Sm. and Banksia paludosa R.Br.. Aust J Bot 36:217-223"
405,Carthew et al. 1988,1988,Proteaceae,Banksia,spinulosa,Banksia  spinulosa,D,2,0,I,4,0,1,0.898,,,Table 5 (range for single-locus estimate),1,"facil,geit",1,0.002,,,Table 4,"Carthew SM, Ayre DJ, RJ Whelan. 1988. High levels of outcrossing in populations of Banksia spinulosa Sm. and Banksia paludosa R.Br.. Aust J Bot 36:217-223"
406,Coates & Sokolowski 1992,1992,Proteaceae,Banksia,cuneata,Banksia  cuneata,D,2,0,I,,0,4,0.815,0.67,0.95,Table 2,4,,1,0.06666666666666667,0,0.18,Table 3 (F of parents),"Coates DJ, RES Sokolowski. 1992. The mating system and patterns of genetic variation in Banksia cuneata AS George (Proteaceae). Heredity 69:11-20"
407,England et al. 2001,2001,Proteaceae,Grevillea,macleayana,Grevillea macleayana,D,2,0,U,2,0,3,0.15,0.06,0.225,Fig. 2,3,,1,0.21,0.07,0.24,Fig. 3,"England, P. R., F. Beynon, D. J. Ayre, and R. J. Whelan. 2001. A molecular genetic assessment of mating-system variation in a naturally bird-pollinated shrub: Contributions from birds and introduced honeybees. Conservation Biology 15:1645-1655."
408,Krauss 1994,1994,Proteaceae,Persoonia,mollis,Persoonia mollis,D,2,0,I,,0,6,1.16,1.03,1.38,Table 4 (range for multilocus estimate),4,,1,-0.035,-0.16,0.05,Table 2 (estimate of F),Krauss SL. 1994. Restricted gene flow within the morphologically complex species Persoonia mollis (Proteaceae): contrasting evidence from the mating system and pollen dispersal. Heredity 73:142-54
409,"England et al. 2001, Krauss 1994","2001, 1994",Proteaceae,Persoonia,mollis,Persoonia mollis,D,2,0,I&A,,0,7,0.8233333333333333,0.988,1.38,"Fig. 2, Table 4 (range for multilocus estimate)",,,0,,,,,
410,Krauss 2000,2000,Proteaceae,Persoonia,mollis,Persoonia mollis,D,2,0,A,,0,1,0.988,,,Abstract,,,0,,,,,"Krauss, S. L. 2000. Patterns of mating in Persoonia mollis (Proteaceae) revealed by an analysis of paternity using AFLP: implications for conservation. Australian Journal of Botany 48:349-356."
411,Sampson et al. 1994,1994,Proteaceae,Banksia,brownii,Banksia  brownii,D,2,0,I,4,0,2,0.715,0.68,0.75,Table 2 (range for multilocus estimate),2,,1,0.065,0,0.13,Table 4 (fixation index of parents),"Sampson JF, Collins BG, DJ Coates. 1994. Mixed mating in Banksia brownii Baxter ex R. Br. (Proteaceae). Aust. J of Bot. 42: 103-111"
412,Scott 1980,1980,Proteaceae,Banksia,attenuata,Banksia  attenuata,D,2,0,I,2,0,1,1.1,1.05,1.15,Table 4,1,,1,-0.06,,,Table 3,Scott JK. 1980. Estimation of the outcrossing rate for Banksia attenuata R. Br. and Banksia menziesii R. Br. (Proteaceae). Aust. J. Bot. 28:53–59
413,Scott 1980,1980,Proteaceae,Banksia,menziesii,Banksia  menziesii,D,2,0,I,1,0,1,1.04,,,Table 4,1,,1,-0.01,,,Table 3,Scott JK. 1980. Estimation of the outcrossing rate for Banksia attenuata R. Br. and Banksia menziesii R. Br. (Proteaceae). Aust. J. Bot. 28:53–59
414,Brunet & Eckert 1988,1998,Ranunculaceae,Aquilegia,coerulea,Aquilegia coerulea,D,1,0,I,4,0,1,0.469,,,Results,1,"facil, auton, geit",1,0.336,,,Results,"Brunet, J., and C. G. Eckert. 1998. Effect of floral morphology and display on outcrossing in blue columbine, Aquilegia caerulea (Ranunculaceae). Functional Ecology 12:596–606."
415,Eckert & Herlihy 2004,2004,Ranunculaceae,Aquilegia,canadensis,Aquilegia canadensis,D,1,0,I,2,0,38,0.225,0,0.545,Fig. 2,38,,1,0.134,-0.16,0.625,Fig. 2,"Eckert, C. G., and C. R. Herlihy. 2004. Using a cost-benefit approach to understanding the evolution of self-fertilization in plants: the perplexing case of Aquilegia canadensis (Ranunculaceae). Plant Species Biology 19:159–173."
416,Herlihy et al. unpubl,unpubl,Ranunculaceae,Aquilegia,viscosa,Aquilegia viscosa,D,1,0,I,2,0,2,0.387,0.381,0.393,na,2,,1,-0.377,-0.5,-0.255,na,Herlihy et al. 2005 unpublished data
417,Herlihy et al. unpubl,unpubl,Ranunculaceae,Aquilegia,vulgaris,Aquilegia vulgaris,D,1,0,I,2,0,2,0.365,0.303,0.427,na,2,,1,-0.0975,-0.289,0.094,na,Herlihy et al. 2005 unpublished data
418,Williams et al. 2001,2001,Ranunculaceae,Delphinium,barbeyi,Delphinium barbeyi,D,1,0,I &M,3,0,1,0.554,,,Table 6,1,,1,0,,,Table 6,"Williams, C. F., J. Ruvinsky, P. E. Scott, and D. K. Hews. 2001. Pollination, breeding system, and genetic structure in two sympatric Delphinium (Ranunculaceae) species. American Journal of Botany 88:1623–1633."
419,Williams et al. 2001,2001,Ranunculaceae,Delphinium,nuttallianum,Delphinium nuttallianum,D,1,0,I &M,4,0,4,0.926,0.88,0.973,Table 6,4,,1,0.058,0,0.117,Table 6,"Williams, C. F., J. Ruvinsky, P. E. Scott, and D. K. Hews. 2001. Pollination, breeding system, and genetic structure in two sympatric Delphinium (Ranunculaceae) species. American Journal of Botany 88:1623–1633."
420,Klekowski et al. 1994,1994,Rhizophoraceae,Rizophora,mangle,Rizophora  mangle,D,2,0,M,1,0,1,0.288,,,Results,,,0,,,,,"Klekowski EJ Jr, Lowenfeld R, PK Hepler. 1994. Mangrove genetics. II. Outcrossing and lower spontaneous mutation rates in Puerto Rican Rhizophora. Int. J. of Plant Sci 155:373-381"
421,Lowenfeld & Klekowski 1992,1992,Rhizophoraceae,Rizophora,mangle,Rizophora  mangle,D,2,0,M,1,0,1,0.048,,,Results,,,0,,,,,"Lowenfeld, R., and E. J. Klekowski. 1992. Mangrove genetics .1. Mating system and mutation rates of Rhizophora mangle in Florida and San Salvador Island, Bahamas. International Journal of Plant Sciences 153:394-399."
422,"Klekowski et al. 1994, Lowenfeld & Klekowski 1992","1994, 1992",Rhizophoraceae,Rizophora,mangle,Rizophora  mangle,D,2,0,M,1,0,2,0.16799999999999998,0.048,0.288,"Results, Results",,,0,,,,,Species summary
423,Sun et al. 1998,1998,Rhizophoraceae,Kandelia,candel,Kandelia candel,D,2,0,I,,0,2,0.747,0.697,0.797,Table 1,2,,1,-0.029,-0.17,0.112,Table 1 (F of maternal parents),"Sun M, Wong KC, JSY Lee. 1998. Reproductive biology and population genetic structure of Kandelia candel (Rhizophoraceae), a viviparous mangrove species. Am J Bot 85:1631-1637"
424,Gomory & Paule 2001,2001,Rosaceae,Prunus,avium,Prunus avium,D,2,0,I,,0,1,0.949,,,Abstract,,,0,,,,,"Gomory, D., and L. Paule. 2001. Spatial structure and mating system in wild cherry (Prunus avium) population. Biologia 56:117-123."
425,Weidema et al. 2000,2000,Rosaceae,Filipendula,vulgaris,Filipendula vulgaris,D,1,0,I &M,,0,17,0.96,,,Results (av outcrossing rate for field-collected offspring),17,,1,0.0611,-0.0148,0.1336,Table 2 (FIT),"Weidema IR, Magnussen LS, M Philipp. 2000. Gene flow and mode of pollination in a dry-grassland species, Filipendula vulgaris (Rosaceae). Heredity 84:311-320"
426,Pérez-Nasser et al. 1993,1993,Rubiaceae,Psychotria,faxucens,Psychotria  faxucens,D,2,0,I,6,0,2,1.0165,1.008,1.025,Table 6 (range for multi-locus estimate),2,,1,0.0745,0.029,0.12,Table 4 (mean FIT of adults and seedlings),"Pérez-Nasser N, Eugiarte LE, D Piñero. 1993. Mating system and genetic structure of the distylous tropical tree Psychotria faxlucens (Rubiaceae). Am J Bot 80(1):45-52"
427,Allard et al. 1977,1977,Scrophulariaceae,Collinsia,sparsiflora,Collinsia  sparsiflora,D,0,0,I,,0,2,0.42,0,0.84,??,,,0,,,,,"Allard, R. W., A. L. Kahler, and M. T. Clegg. 1977. Estimation of mating cycle components of selection in plants. Pp. 1-19 in F. B. Christiansen and T. M. Fenchel, eds. Measuring Selection in Natural Populations. Springer-Verlag, Berlin."
428,"Pérez-Nasser et al. 1993, Allard et al. 1977",1977,Scrophulariaceae,Collinsia,sparsiflora,Collinsia  sparsiflora,D,0,0,I,,0,4,0.7182499999999999,0,0.84,"Table 6 (range for multi-locus estimate), ??",,,0,,,,,Species summary
429,Charlesworth & Mayer 1995,1995,Scrophulariaceae,Collinsia,heterophylla,Collinsia  heterophylla,D,0,0,I,,0,4,0.505,0.32,0.64,Table 2,,auton,0,,,,,"Charlesworth, D., and S. Mayer. 1995. Genetic variability of plant characters in the partial inbreeder Collinsia heterophylla (Scrophulariaceae). American Journal of Botany 82:112-120."
430,Dole & Ritland 1993,1993,Scrophulariaceae,Mimulus,guttatus,Mimulus  guttatus,D,1,0,I,7,0,1,0.371,0.29700000000000004,0.43200000000000005,Table 2 (range for multilocus estimate),1,,0,0.168,0.114,0.281,Table 2 (mean estimate of F),"Dole J, K Ritland. 1993. Inbreeding depression in two Mimulus taxa measured by multigenerational changes in the inbreeding coefficient. Evolution 47(2):361-373"
431,Dole & Ritland 1993,1993,Scrophulariaceae,Mimulus,platycalyx,Mimulus  platycalyx,D,0,0,I,7,0,1,0.156,0.078,0.203,Table 2 (range for multilocus estimate),1,,1,0.543,0.497,0.599,Table 2 (mean estimate of F),"Dole J, K Ritland. 1993. Inbreeding depression in two Mimulus taxa measured by multigenerational changes in the inbreeding coefficient. Evolution 47(2):361-373"
432,Dudash & Carr 1998,1998,Scrophulariaceae,Mimulus,guttatus,Mimulus guttatus,D,1,0,I,,0,3,0.74,0.68,0.8,Results,,,0,,,,,"Dudash MR, DE Carr. 1998. Genetics underlying inbreeding depression in Mimulus with contrasting mating systems. Nature 393:682-684"
433,Dudash & Carr 1998,1998,Scrophulariaceae,Mimulus,micranthus,Mimulus micranthus,D,0,0,I,,0,1,0.16,,,Results,,,0,,,,,"Dudash MR, DE Carr. 1998. Genetics underlying inbreeding depression in Mimulus with contrasting mating systems. Nature 393:682-684"
434,"Dudash & Carr 1998, Dudash & Carr 1998","1998, 1998",Scrophulariaceae,Mimulus,micranthus,Mimulus micranthus,D,0,0,I&U,,0,2,0.595,0.16,0.264,"Results, Results",,,0,,,,,Species summary
435,Dudash & Ritland 1991,1991,Scrophulariaceae,Mimulus,guttatus,Mimulus guttatus,D,1,0,I,6,0,3,0.74,0.69,0.8,Table 5,,,0,,,,,"Dudash, M., and K. M. Ritland. 1991. Multiple paternity and self-fertilization in relation to floral age in Mimulus guttatus (Scrophulariaceae). American Journal of Botany 78:1746-1753."
436,Kahler(in Schemske & Lande1985),1985,Scrophulariaceae,Collinsia,sparsiflora,Collinsia  sparsiflora,D,0,0,I,,0,2,0.42,0,0.84,??,,,0,,,,,"Schemske, D. W., and R. Lande. 1985. The evolution of self-fertilization and inbreeding depression in plants. II. Empirical observations. Evolution 39:41-52."
437,Kalisz et al. 2004,2004,Scrophulariaceae,Collinsia,verna,Collinsia  verna,D,0,0,I,5,0,3,0.9049,0.8566,0.9914,Fig. 2,3,,1,0.032,-0.04,0.123,Unpublished,"Kalisz, S., D. W. Vogler, and K. M. Hanle. 2004. Context-dependent autonomous self-fertilization yields reproductive assurance and mixed mating. Nature"
438,Karron et al. 1995,1995,Scrophulariaceae,Mimulus,ringens,Mimulus  ringens,D,1,0,I,,0,1,0.225,0.15,0.34,Fig 1 (approximate values) - range from past database,,,0,,,,,"Karron JD, Thumser NN, Tucker R, AJ Hessenauer. 1995. The influence of population density on outcrossing rates in Mimulus ringens. Heredity 75:175-180"
439,Leclerc-Potvin & Ritland 1994,1994,Scrophulariaceae,Mimulus,guttatus,Mimulus  guttatus,D,1,0,I,8,0,1,0.726,,,Table 4 - range from past database,,,0,,,,,"LeClerc-Potvin C, K Ritland. 1994. Factors contributing to self-fertilization in Mimulus guttatus (Scrophulariaceae): a field experiment. Amer. J. Bot. 82:199-205"
440,Mimulus guttatus t,87-98,Scrophulariaceae,Mimulus,guttatus,Mimulus guttatus,D,1,0,I&M&F,,0,16,0.64348125,0.25,0.845,summary for t,,,0,,,,,Species summary
441,Mimulus guttatus t &F,87-94,Scrophulariaceae,Mimulus,guttatus,Mimulus guttatus,D,1,0,I&M&F,,0,11,0.6477,0.25,0.845,summary for t & F,,,1,0.032,,,Summary for t & F,Species summary
442,Ritland & Ganders 1987,1987,Scrophulariaceae,Mimulus,guttatus,Mimulus guttatus,D,1,0,I&M&F,8,0,5,0.52,0.34,0.72,Table 3,5,,0,0.22,0.01,0.3,Table 3,"Ritland K, FR Ganders. 1987. Crossability of Mimulus guttatus in relation to components of gene fixation. Evolution 41:772-786."
443,Ritland & Leblanc 2004,2004,Scrophulariaceae,Mimulus,laciniatus,Mimulus laciniatus,D,0,0,U,11,0,1,0.084,,,Table 6,1,,1,0.787,,,Table 6,"Ritland, K., and M. Leblanc. 2004. Mating system of four inbreeding monkeyflower (Mimulus) species revealed using 'progeny-pair' analysis of highly infortmative microsatellite markers. Plant Species Biology 19:149–157."
444,Ritland & Leblanc 2004,2004,Scrophulariaceae,Mimulus,micranthus,Mimulus micranthus,D,0,0,U,11,0,1,0.264,,,Table 6,1,,1,0.724,,,Table 6,"Ritland, K., and M. Leblanc. 2004. Mating system of four inbreeding monkeyflower (Mimulus) species revealed using 'progeny-pair' analysis of highly infortmative microsatellite markers. Plant Species Biology 19:149–157."
445,Ritland & Leblanc 2004,2004,Scrophulariaceae,Mimulus,nasutus,Mimulus nasutus,D,0,0,U,11,0,1,0.358,,,Table 6,1,,1,0.109,,,Table 6,"Ritland, K., and M. Leblanc. 2004. Mating system of four inbreeding monkeyflower (Mimulus) species revealed using 'progeny-pair' analysis of highly infortmative microsatellite markers. Plant Species Biology 19:149–157."
446,Ritland & Leblanc 2004,2004,Scrophulariaceae,Mimulus,nudatus,Mimulus nudatus,D,0,0,U,11,0,1,0.282,,,Table 6,1,,1,0.219,,,Table 6,"Ritland, K., and M. Leblanc. 2004. Mating system of four inbreeding monkeyflower (Mimulus) species revealed using 'progeny-pair' analysis of highly infortmative microsatellite markers. Plant Species Biology 19:149–157."
447,Ritland 1989,1989,Scrophulariaceae,Mimulus,guttatus,Mimulus guttatus,D,1,0,I,9,0,2,0.47,0.46,0.48,Table 5,2,,0,0.32,0.3,0.34,Table 5 (gene fixation index),"Ritland K. 1989. Correlated matings in the partial selfer, Mimulus guttatus. Evolution 43:848-859"
448,Ritland 1990,1990,Scrophulariaceae,Mimulus,guttatus,Mimulus guttatus,D,1,0,I,5,0,14,0.48,0.25,0.79,Table 1,14,,0,0.13,-0.12,0.4,Table 1,"Ritland, K. 1990. Inferences about inbreeding depression based on changes of the inbreeding coefficient. Evolution 44:1230-1241."
449,Stewart et al. 1996,1996,Scrophulariaceae,Agalinis,neoscotica,Agalinis neoscotica,D,1,0,I,2,0,2,0.4685,0.356,0.581,Table 3,2,,1,0.3075,0.032,0.583,Table 3,"Stewart, H. M., S. C. Stewart, and J. M. CanneHilliker. 1996. Mixed mating system in Agalinis neoscotica (Scrophulariaceae) with bud pollination and delayed pollen germination. International Journal of Plant Science 157:501-508."
450,Weil & Allard 1964,1964,Scrophulariaceae,Collinsia,heterophylla,Collinsia heterophylla,D,0,0,M&F,2,1,3,0.89,,,Table 7,,,0,,,,,"Weil, J., and R. W. Allard. 1964. The mating system and genetic variability in natural populations of Collinsia heterophylla. Evolution 18:515-525."
451,"Stewart et al. 1996, Weil & Allard 1964","1996, 1964",Scrophulariaceae,Collinsia,heterophylla,Collinsia  heterophylla,D,0,0,M&F&I,,0&1,7,0.7214,0.32,0.89,"Table 3, Table 7",,,0,,,,,Species summary
452,Willis 1993,1993,Scrophulariaceae,Mimulus,guttatus,Mimulus  guttatus,D,1,0,I,3,0,2,0.84,0.835,0.845,Table 1,2,,0,-0.0225,-0.1,0.055,Table 1,"Willis, J. H. 1993. Partial self-fertilization and inbreeding depression in two populations of Mimulus guttatus. Heredity 71:145–154."
453,Elle & Hare 2002,2002,Solanaceae,Datura,wrightii,Datura  wrightii,D,0,0,M,,1,1,0.265,,,Results - midpoint of range among treatments,,,0,,,,,"Elle, E., and J. D. Hare. 2002. Environmentally induced variation in floral traits affaects the mating system in Datura wrightii. Functional Ecology 16:79–88."
454,Hermautz 1991,1991,Solanaceae,Solanum,ptycanthum,Solanum  ptycanthum,D,0,0,I,1,0,6,0.0615,0.0177,0.1719,Table 1,,,0,,,,,Hermanutz L. 1991. Outcrossing in the weed Solanum ptycanthum (Solanaceae): a comparison of agrestal and ruderal populations. Amer. J. Bot. 79:419-427
455,Motten & Antonovics 1992,1992,Solanaceae,Datura,stramonium,Datura  stramonium,D,0,0,F,1,0,1,0.013,,,Table 1,,,0,,,,,"Motten, A. F., and J. Antonovics. 1992. Determinants of outcrossing rate in a predominantly self-fertilizing weed, Datura stramonium (Solanaceae). American Journal of Botany 79:419–4127."
456,"Hermautz 1991, Motten & Antonovics 1992","1991, 1992",Solanaceae,Datura,stramonium,Datura  stramonium,D,0,0,F,1,0&1,2,0.05457142857142857,0.013,0.076,"Table 1, Table 1",,,0,,,,,Species summary
457,Motten & Stone 2000,2000,Solanaceae,Datura,stramonium,Datura  stramonium,D,0,0,F,1,1,1,0.076,,,Results - averaged across 3 flower classes,,,0,,,,,"Motten, A. F., and J. L. Stone. 2000. Heritability of stigma position and the effect of stigma-anther separation on outcrossing in a predominantly self-fertilizing weed, Datura stramonium (Solanaceae). American Journal of Botany 87:339-347."
458,Rick et al. 1977,1977,Solanaceae,Lycopersicon,pimpinellifolium,Lycopersicon  pimpinellifolium,D,1,0,I,,1,39,0.135,0,0.4,Table 1,,,0,,,,,"Rick CM, Fobes JF, M Holle. 1977. Genetic variation in Lycopersicon pimpinellifolium: evidence of evolutionary change in mating systems. Plant Systematics and Evolution 127:139-170"
459,Alves et al. 2003,2003,Sterculiaceae,Theobroma,grandiflorum,Theobroma grandiflorum,D,2,0,U,8,0,1,1,,,Table 2,1,none,1,0.008,,,Table 2,"Alves, R. M., A. S. Arter, A. M. Sebbenn, and A. Figueira. 2003. Mating system in a natural population of Theobroma grandiflorum (Willd. ex Spreng.) Schum., by microsatellite markers. Genetics and Molecular Biology 26:373-379."
460,Franceschinelli & Bawa 2000,2000,Sterculiaceae,Helicteres,brevispira,Helicteres brevispira,D,1,0,I,6,0,4,0.5725,0.478,0.676,Table 1,4,,1,-0.1122,-0.233,0.049,Table 1,"Franceschinelli, E. V., and K. S. Bawa. 2000. The effect of ecological factors on the mating system of a South American shrub species (Helicteres brevispira). Heredity 84:116-123."
461,Knowles et al. 1987,1987,Taxodiaceae,Larix,laricina,Larix  laricina,G,2,1,I,5,0,5,0.729,0.537,0.908,Table 2 (range for multilocus estimate),5,,1,-0.068,-0.261,0.297,Table 4,"Knowles P, Furnier GR, Aleksiuk MA, DJ Perry. 1987. Significant levels of self-fertilization in natural populations of tamarack. Can J Bot 65:1087-1091"
462,Lewandowski & Burczyk 2000,2000,Taxodiaceae,Larix,decidua,Larix  decidua,G,2,1,I,3,0,1,0.675,,,Table 3,1,,0,0.021,,,Results,"Lewandowski, A., and J. Burczyk. 2000. Mating system and genetic diversity in natural populations of European larch (Larix decidua) and stone pine (Pinus cembra) located at higher elevations. Silvae Genetica 49:158-161."
463,Lewandowski et al. 1991,1991,Taxodiaceae,Larix,decidua,Larix  decidua,G,2,1,I,6,0,1,0.943,,,Abstract,1,,0,-0.02116,,,Abstract,"Lewandowski A., Burczyk J., L. Mejnartowicz. 1991. Genetic structure and the mating system in old stand of Polish larch. Silvae Genetica 40(2):75-79."
464,"Lewandowski & Burczyk 2000, Lewandowski et al. 1991","2000, 1991",Taxodiaceae,Larix,decidua,Larix  decidua,G,2,1,I,4.5,0,2,0.8089999999999999,0.675,0.943,"Table 3, Abstract",2,,1,-8.000000000000021e-05,,,"Results, Abstract",Species summary
465,Medrano et al. 2005,2005,Thymelaeaceae,Daphne,laureola,Daphne laureola,D,2,0,I,3,0,5,0.348,0.228,0.428,Table 2,5,,1,0.28,0.12,0.65,Fig. 1,"Medrano, M., C. Alonso, and C. M. Herrera. 2005. Mating system, sex ratio, and persistence of females in the gynodioecious shrub Daphne laureola L. (Thymelaeaceae). Heredity 94:37–43."
466,Barrett & Shore 1987,1987,Turneraceae,Turnera,ulmifolia elegans,Turnera  ulmifolia elegans,D,1,0,I,1,0,1,1.07,,,Results,,auton,0,,,,,"Barrett SCH, JS Shore. 1987. Variation and evolution of breeding systems in the Turnera ulmifolia L. complex (Turneraceae). Evolution 41:340-354"
467,Belaousoff & Shore 1995,1995,Turneraceae,Turnera,ulmifolia angustifolia,Turnera  ulmifolia angustifolia,D,1,0,I,2,0,9,0.221,0.001,0.45,Table 2,,"auton,geit",0,,,,,"Belaoussoff, S., and J. S. Shore. 1995. Floral correlates and fitness consequences of mating system variation in Turnera ulmifolia. Evolution 49:545–556."
468,Ganders et al. 1977a,1977a,Valerianaceae,Plectritis,brachystemon,Plectritis  brachystemon,D,0,0,M,1,0,2,0.02,0.007,0.0333,Table 2,,,0,,,,,"Ganders FR, Carey K, AJF Griffiths. 1977a. Outcrossing rates in natural populations of Plectritis brachystemon (Valerianaceae). Can J Bot 55:2070-2074"
469,Ganders et al. 1977b,1977b,Valerianaceae,Plectritis,congesta,Plectritis  congesta,D,0,0,M,1,0,4,0.661,0.48,0.8,Table 4,,,0,,,,,"Ganders FR, Carey K, AJF Griffiths. 1977b. Natural selection for a fruit dimorphism in Plectritis congesta (Valerianaceae). Evolution 31:873-881"
470,Culley 2002,2002,Violaceae,Viola,pubescens,Viola  pubescens,D,1,0,I,3,0,1,0.4,,,Table 4,1,,1,0.28,,,Table 4,"Culley, T. M. 2002. Reproductive biology and delayed selfing in Viola pubescens (Violaceae), an understory herb with chasmogamous and cleistogamous flowers. International Journal of Plant Science 163:113–122."
