stratum,context,combination,architecture_label_corrected,trait_name_corrected,support_tier,threshold_corrected,model,status_corrected,n_unique_islands_corrected,n_clusters_corrected,median_trials_corrected,distance_estimate_corrected,distance_se_corrected,distance_p_corrected,selfing_core_estimate_corrected,selfing_core_se_corrected,selfing_core_p_corrected,distance_q_corrected,architecture_label_original,trait_name_original,threshold_original,status_original,n_unique_islands_original,n_clusters_original,median_trials_original,distance_estimate_original,distance_se_original,distance_p_original,selfing_core_estimate_original,selfing_core_se_original,selfing_core_p_original,distance_q_original
all_observed,northern_high_latitude,blue_purple__butterfly_deep_tube_given_colour,butterfly_associated_deep_tube,tube_depth_class,confirmatory,50,conditional_selfing,fit,199,43,7.0,-0.35178856675832826,0.2295455326737587,0.12538831511960383,-0.08128647209783191,0.31798828279767716,0.7982386704200233,0.19504849018605042,butterfly_associated_deep_tube,tube_depth_class,50,fit,199,43,7.0,-0.2476779749760398,0.2194534255596047,0.2590611511861735,-0.113476072652547,0.319731386834932,0.7226565335864894,0.362685611660643
all_observed,northern_high_latitude,blue_purple__butterfly_form_given_colour,butterfly_associated_form,floral_form,confirmatory,50,conditional_selfing,fit,289,56,6.0,-0.2633587932737633,0.06621466578070974,6.968803127882929e-05,0.0030093856125190666,0.1415407738106651,0.9830369627298045,0.000487816218951805,butterfly_associated_form,floral_form,50,fit,289,56,6.0,-0.2018606534196569,0.0543730139956835,0.0002052095461308,-0.0163073937514217,0.1457809382874733,0.9109325745002096,0.0014364668229156
all_observed,northern_high_latitude,blue_purple__large_bee_deep_tube_given_colour,large_bee_associated_intermediate_deep_tube,tube_depth_class,confirmatory,50,conditional_selfing,fit,199,43,7.0,-0.27050585591102183,0.06558615007231791,3.7164486585334984e-05,-0.16830466872001326,0.08918482862438161,0.059140877830549665,0.000487816218951805,large_bee_associated_intermediate_deep_tube,tube_depth_class,50,fit,199,43,7.0,-0.2550537143016771,0.0684125344632412,0.0001928735172654,-0.1807295488503489,0.0895941559936555,0.0436743929910719,0.0014364668229156
all_observed,northern_high_latitude,blue_purple__large_bee_form_given_colour,large_bee_associated_form,floral_form,confirmatory,50,conditional_selfing,fit,289,56,6.0,-0.03552316863644766,0.032849195251991495,0.27951855989190416,-0.1657543057105493,0.09738337669855508,0.08874035733753965,0.32610498654055486,large_bee_associated_form,floral_form,50,fit,289,56,6.0,-0.042751463062395,0.0323250198467604,0.1859849882480255,-0.1640950842015559,0.0978148945582756,0.0934235809852359,0.2893099817191508
all_observed,northern_high_latitude,red_pink__bird_deep_tube_given_colour,bird_associated_intermediate_deep_tube,tube_depth_class,confirmatory,50,conditional_selfing,fit,204,42,5.0,0.13493535334952667,0.1681219011850432,0.42220350787016325,0.15224587943929463,0.12393364442459666,0.21927931731371753,0.45468070078325273,bird_associated_intermediate_deep_tube,tube_depth_class,50,fit,204,42,5.0,0.0689478618047748,0.1449376018206197,0.6342829854945844,0.1585403838537539,0.1209128375389829,0.1897916793415865,0.6342829854945844
all_observed,northern_high_latitude,red_pink__bird_form_given_colour,bird_associated_form,floral_form,confirmatory,50,conditional_selfing,fit,299,56,6.0,0.1413979525130844,0.08305378242677296,0.08866418640053073,-0.1356860966201599,0.1086872602036014,0.21188150742455955,0.15516232620092876,bird_associated_form,floral_form,50,fit,299,56,6.0,0.1134552787985327,0.0704350141461689,0.1072277847980304,-0.1288465470682924,0.1115701836489951,0.2481528838017871,0.1876486233965533
all_observed,northern_high_latitude,red_pink__butterfly_deep_tube_given_colour,butterfly_associated_deep_tube,tube_depth_class,confirmatory,50,conditional_selfing,fit,204,42,5.0,0.09120059762524413,0.15633683046645824,0.5596512194468586,-0.6680291874438238,0.1465205299574235,5.132751951288975e-06,0.5596512194468586,butterfly_associated_deep_tube,tube_depth_class,50,fit,204,42,5.0,0.0973758453835729,0.1454846821940311,0.5032912052958508,-0.6664552868562836,0.1469436961722472,5.748172173954638e-06,0.5420059133955316
all_observed,northern_high_latitude,red_pink__butterfly_form_given_colour,butterfly_associated_form,floral_form,confirmatory,50,conditional_selfing,fit,299,56,6.0,-0.2207113957907998,0.08319286046664333,0.007977777708924702,-0.14524286396591757,0.09869648640953328,0.1411258742767408,0.022337777584989164,butterfly_associated_form,floral_form,50,fit,299,56,6.0,-0.1735744373146728,0.0785631126883895,0.027149399785958,-0.1557818163424329,0.1010214121359258,0.1230572399976066,0.0760183194006824
all_observed,northern_high_latitude,yellow_orange__bird_deep_tube_given_colour,bird_associated_intermediate_deep_tube,tube_depth_class,confirmatory,50,conditional_selfing,fit,192,44,7.0,0.15922207886786754,0.13489227749125324,0.2378552065172485,0.040607537715617203,0.18274207866666173,0.8241486189942221,0.3027248082946799,bird_associated_intermediate_deep_tube,tube_depth_class,50,fit,192,44,7.0,0.108626550283704,0.1455129169796747,0.4553606271002721,0.053971450895234,0.1811768221503934,0.7657842248824629,0.5312540649503176
all_observed,northern_high_latitude,yellow_orange__bird_form_given_colour,bird_associated_form,floral_form,confirmatory,50,conditional_selfing,fit,260,54,10.0,-0.18181220726927627,0.0673165859403417,0.006916188658143095,-0.11902547467376134,0.153438823811382,0.43791467370852166,0.022337777584989164,bird_associated_form,floral_form,50,fit,260,54,10.0,-0.1310471195943847,0.0747015188762981,0.0793831392868505,-0.1385491656950934,0.1532208007135599,0.3658654248461285,0.158766278573701
all_observed,northern_high_latitude,yellow_orange__butterfly_deep_tube_given_colour,butterfly_associated_deep_tube,tube_depth_class,confirmatory,50,conditional_selfing,fit,192,44,7.0,-0.35458375653580276,0.15285264073154195,0.020353044410887082,-0.10334773061572111,0.14050542413221387,0.4620090812490488,0.047490436958736525,butterfly_associated_deep_tube,tube_depth_class,50,fit,192,44,7.0,-0.2636237982157459,0.1125460456164136,0.0191620195852651,-0.1241938769875483,0.1372794030608845,0.3656351456093858,0.0670670685484278
all_observed,northern_high_latitude,yellow_orange__butterfly_form_given_colour,butterfly_associated_form,floral_form,confirmatory,50,conditional_selfing,fit,260,54,10.0,-0.2979040591995794,0.08721898898174318,0.0006364465671608098,-0.17143089925227262,0.18351829072054548,0.35023414520474644,0.0029700839800837786,butterfly_associated_form,floral_form,50,fit,260,54,10.0,-0.2215979976483577,0.0917541568351067,0.0157296976588681,-0.1971927716167991,0.1837527931483445,0.2832075759076897,0.0670670685484278
all_observed,northern_high_latitude,yellow_orange__large_bee_deep_tube_given_colour,large_bee_associated_intermediate_deep_tube,tube_depth_class,confirmatory,50,conditional_selfing,fit,192,44,7.0,0.15922207886786754,0.13489227749125324,0.2378552065172485,0.040607537715617203,0.18274207866666173,0.8241486189942221,0.3027248082946799,large_bee_associated_intermediate_deep_tube,tube_depth_class,50,fit,192,44,7.0,0.108626550283704,0.1455129169796747,0.4553606271002721,0.053971450895234,0.1811768221503934,0.7657842248824629,0.5312540649503176
all_observed,northern_high_latitude,yellow_orange__large_bee_form_given_colour,large_bee_associated_form,floral_form,confirmatory,50,conditional_selfing,fit,260,54,10.0,-0.11421990828161577,0.05923278164872403,0.05381501922310194,0.09300822063574854,0.0693013394273076,0.17956875261313632,0.10763003844620388,large_bee_associated_form,floral_form,50,fit,260,54,10.0,-0.0891669709947924,0.0457143908389377,0.0511138141540287,0.082927545569134,0.0704375687789115,0.239067880242883,0.1192655663594004
all_observed,northern_high_latitude,blue_purple__butterfly_deep_tube_given_colour,butterfly_associated_deep_tube,tube_depth_class,confirmatory,50,unconditional,fit,201,43,7.0,-0.37201352540669674,0.23035616847785337,0.10632168190623933,,,,0.17965758530584708,butterfly_associated_deep_tube,tube_depth_class,50,fit,201,43,7.0,-0.2706684712967955,0.2211974540497345,0.2210839364892291,,,,0.3095175110849208
all_observed,northern_high_latitude,blue_purple__butterfly_form_given_colour,butterfly_associated_form,floral_form,confirmatory,50,unconditional,fit,294,57,5.0,-0.26477565263176484,0.06999250472550116,0.00015500274441287117,,,,0.0010850192108900981,butterfly_associated_form,floral_form,50,fit,294,57,5.0,-0.2038815790589792,0.0584788419036042,0.0004895388153846,,,,0.0034267717076926
all_observed,northern_high_latitude,blue_purple__large_bee_deep_tube_given_colour,large_bee_associated_intermediate_deep_tube,tube_depth_class,confirmatory,50,unconditional,fit,201,43,7.0,-0.2886142792821214,0.06632517123599257,1.3520656305052625e-05,,,,0.00018928918827073674,large_bee_associated_intermediate_deep_tube,tube_depth_class,50,fit,201,43,7.0,-0.2716040563153154,0.068155241556584,6.745753541354136e-05,,,,0.0009444054957895
all_observed,northern_high_latitude,blue_purple__large_bee_form_given_colour,large_bee_associated_form,floral_form,confirmatory,50,unconditional,fit,294,57,5.0,-0.04883293625854812,0.03615329324905643,0.17678549765077478,,,,0.24749969671108468,large_bee_associated_form,floral_form,50,fit,294,57,5.0,-0.0542687874233983,0.0339851548914255,0.110301818692564,,,,0.1930281827119871
all_observed,northern_high_latitude,red_pink__bird_deep_tube_given_colour,bird_associated_intermediate_deep_tube,tube_depth_class,confirmatory,50,unconditional,fit,210,43,5.0,0.14142949954657277,0.165982500724588,0.39417259949901934,,,,0.42449356869125154,bird_associated_intermediate_deep_tube,tube_depth_class,50,fit,210,43,5.0,0.0758400926658596,0.1422229084296767,0.5938618639514383,,,,0.625433319315655
all_observed,northern_high_latitude,red_pink__bird_form_given_colour,bird_associated_form,floral_form,confirmatory,50,unconditional,fit,305,58,5.0,0.13578813704797116,0.08627105583494174,0.11549416198233026,,,,0.17965758530584708,bird_associated_form,floral_form,50,fit,305,58,5.0,0.1085487858677422,0.0735263643786529,0.1398567535951349,,,,0.2175549500368766
all_observed,northern_high_latitude,red_pink__butterfly_deep_tube_given_colour,butterfly_associated_deep_tube,tube_depth_class,confirmatory,50,unconditional,fit,210,43,5.0,0.053668820768905556,0.15893992782813202,0.7356138983974381,,,,0.7356138983974381,butterfly_associated_deep_tube,tube_depth_class,50,fit,210,43,5.0,0.0687329128740489,0.1407986677261544,0.625433319315655,,,,0.625433319315655
all_observed,northern_high_latitude,red_pink__butterfly_form_given_colour,butterfly_associated_form,floral_form,confirmatory,50,unconditional,fit,305,58,5.0,-0.22927872146302186,0.08270119712142751,0.00556489080665936,,,,0.01947711782330776,butterfly_associated_form,floral_form,50,fit,305,58,5.0,-0.1818094805383172,0.0774966301228599,0.0189745398372635,,,,0.0531287115443379
all_observed,northern_high_latitude,yellow_orange__bird_deep_tube_given_colour,bird_associated_intermediate_deep_tube,tube_depth_class,confirmatory,50,unconditional,fit,200,46,7.0,0.16914219262676822,0.14001450504369398,0.22703443166712564,,,,0.2648735036116466,bird_associated_intermediate_deep_tube,tube_depth_class,50,fit,200,46,7.0,0.1187331674424544,0.1499748996453989,0.4285432467842294,,,,0.4999671212482677
all_observed,northern_high_latitude,yellow_orange__bird_form_given_colour,bird_associated_form,floral_form,confirmatory,50,unconditional,fit,271,55,9.0,-0.19075343353792257,0.0732180585790907,0.009179960906820411,,,,0.025703890539097152,bird_associated_form,floral_form,50,fit,271,55,9.0,-0.1395436922301903,0.0790218464753248,0.0774147219282676,,,,0.1548294438565352
all_observed,northern_high_latitude,yellow_orange__butterfly_deep_tube_given_colour,butterfly_associated_deep_tube,tube_depth_class,confirmatory,50,unconditional,fit,200,46,7.0,-0.35809156706396833,0.15237524510684006,0.0187701870051048,,,,0.0437971030119112,butterfly_associated_deep_tube,tube_depth_class,50,fit,200,46,7.0,-0.2686517066317441,0.1142966538058174,0.0187493440270779,,,,0.0531287115443379
all_observed,northern_high_latitude,yellow_orange__butterfly_form_given_colour,butterfly_associated_form,floral_form,confirmatory,50,unconditional,fit,271,55,9.0,-0.31046615180782267,0.093631278878032,0.0009136877949131582,,,,0.004263876376261405,butterfly_associated_form,floral_form,50,fit,271,55,9.0,-0.2334353505973186,0.0969114781490879,0.0160073368483153,,,,0.0531287115443379
all_observed,northern_high_latitude,yellow_orange__large_bee_deep_tube_given_colour,large_bee_associated_intermediate_deep_tube,tube_depth_class,confirmatory,50,unconditional,fit,200,46,7.0,0.16914219262676822,0.14001450504369398,0.22703443166712564,,,,0.2648735036116466,large_bee_associated_intermediate_deep_tube,tube_depth_class,50,fit,200,46,7.0,0.1187331674424544,0.1499748996453989,0.4285432467842294,,,,0.4999671212482677
all_observed,northern_high_latitude,yellow_orange__large_bee_form_given_colour,large_bee_associated_form,floral_form,confirmatory,50,unconditional,fit,271,55,9.0,-0.10741859002428081,0.06022635103886513,0.07449173579216894,,,,0.1489834715843379,large_bee_associated_form,floral_form,50,fit,271,55,9.0,-0.0837363994313468,0.0471518936360058,0.0757516682099176,,,,0.1548294438565352
all_observed,northern_high_latitude,blue_purple__butterfly_deep_tube_given_colour,butterfly_associated_deep_tube,tube_depth_class,pilot,30,conditional_selfing,fit,199,43,7.0,-0.35178856675832826,0.2295455326737587,0.12538831511960383,-0.08128647209783191,0.31798828279767716,0.7982386704200233,0.19504849018605042,butterfly_associated_deep_tube,tube_depth_class,30,fit,199,43,7.0,-0.2476779749760398,0.2194534255596047,0.2590611511861735,-0.113476072652547,0.319731386834932,0.7226565335864894,0.362685611660643
all_observed,northern_high_latitude,blue_purple__butterfly_form_given_colour,butterfly_associated_form,floral_form,pilot,30,conditional_selfing,fit,289,56,6.0,-0.2633587932737633,0.06621466578070974,6.968803127882929e-05,0.0030093856125190666,0.1415407738106651,0.9830369627298045,0.000487816218951805,butterfly_associated_form,floral_form,30,fit,289,56,6.0,-0.2018606534196569,0.0543730139956835,0.0002052095461308,-0.0163073937514217,0.1457809382874733,0.9109325745002096,0.0014364668229156
all_observed,northern_high_latitude,blue_purple__large_bee_deep_tube_given_colour,large_bee_associated_intermediate_deep_tube,tube_depth_class,pilot,30,conditional_selfing,fit,199,43,7.0,-0.27050585591102183,0.06558615007231791,3.7164486585334984e-05,-0.16830466872001326,0.08918482862438161,0.059140877830549665,0.000487816218951805,large_bee_associated_intermediate_deep_tube,tube_depth_class,30,fit,199,43,7.0,-0.2550537143016771,0.0684125344632412,0.0001928735172654,-0.1807295488503489,0.0895941559936555,0.0436743929910719,0.0014364668229156
all_observed,northern_high_latitude,blue_purple__large_bee_form_given_colour,large_bee_associated_form,floral_form,pilot,30,conditional_selfing,fit,289,56,6.0,-0.03552316863644766,0.032849195251991495,0.27951855989190416,-0.1657543057105493,0.09738337669855508,0.08874035733753965,0.32610498654055486,large_bee_associated_form,floral_form,30,fit,289,56,6.0,-0.042751463062395,0.0323250198467604,0.1859849882480255,-0.1640950842015559,0.0978148945582756,0.0934235809852359,0.2893099817191508
all_observed,northern_high_latitude,red_pink__bird_deep_tube_given_colour,bird_associated_intermediate_deep_tube,tube_depth_class,pilot,30,conditional_selfing,fit,204,42,5.0,0.13493535334952667,0.1681219011850432,0.42220350787016325,0.15224587943929463,0.12393364442459666,0.21927931731371753,0.45468070078325273,bird_associated_intermediate_deep_tube,tube_depth_class,30,fit,204,42,5.0,0.0689478618047748,0.1449376018206197,0.6342829854945844,0.1585403838537539,0.1209128375389829,0.1897916793415865,0.6342829854945844
all_observed,northern_high_latitude,red_pink__bird_form_given_colour,bird_associated_form,floral_form,pilot,30,conditional_selfing,fit,299,56,6.0,0.1413979525130844,0.08305378242677296,0.08866418640053073,-0.1356860966201599,0.1086872602036014,0.21188150742455955,0.15516232620092876,bird_associated_form,floral_form,30,fit,299,56,6.0,0.1134552787985327,0.0704350141461689,0.1072277847980304,-0.1288465470682924,0.1115701836489951,0.2481528838017871,0.1876486233965533
all_observed,northern_high_latitude,red_pink__butterfly_deep_tube_given_colour,butterfly_associated_deep_tube,tube_depth_class,pilot,30,conditional_selfing,fit,204,42,5.0,0.09120059762524413,0.15633683046645824,0.5596512194468586,-0.6680291874438238,0.1465205299574235,5.132751951288975e-06,0.5596512194468586,butterfly_associated_deep_tube,tube_depth_class,30,fit,204,42,5.0,0.0973758453835729,0.1454846821940311,0.5032912052958508,-0.6664552868562836,0.1469436961722472,5.748172173954638e-06,0.5420059133955316
all_observed,northern_high_latitude,red_pink__butterfly_form_given_colour,butterfly_associated_form,floral_form,pilot,30,conditional_selfing,fit,299,56,6.0,-0.2207113957907998,0.08319286046664333,0.007977777708924702,-0.14524286396591757,0.09869648640953328,0.1411258742767408,0.022337777584989164,butterfly_associated_form,floral_form,30,fit,299,56,6.0,-0.1735744373146728,0.0785631126883895,0.027149399785958,-0.1557818163424329,0.1010214121359258,0.1230572399976066,0.0760183194006824
all_observed,northern_high_latitude,yellow_orange__bird_deep_tube_given_colour,bird_associated_intermediate_deep_tube,tube_depth_class,pilot,30,conditional_selfing,fit,192,44,7.0,0.15922207886786754,0.13489227749125324,0.2378552065172485,0.040607537715617203,0.18274207866666173,0.8241486189942221,0.3027248082946799,bird_associated_intermediate_deep_tube,tube_depth_class,30,fit,192,44,7.0,0.108626550283704,0.1455129169796747,0.4553606271002721,0.053971450895234,0.1811768221503934,0.7657842248824629,0.5312540649503176
all_observed,northern_high_latitude,yellow_orange__bird_form_given_colour,bird_associated_form,floral_form,pilot,30,conditional_selfing,fit,260,54,10.0,-0.18181220726927627,0.0673165859403417,0.006916188658143095,-0.11902547467376134,0.153438823811382,0.43791467370852166,0.022337777584989164,bird_associated_form,floral_form,30,fit,260,54,10.0,-0.1310471195943847,0.0747015188762981,0.0793831392868505,-0.1385491656950934,0.1532208007135599,0.3658654248461285,0.158766278573701
all_observed,northern_high_latitude,yellow_orange__butterfly_deep_tube_given_colour,butterfly_associated_deep_tube,tube_depth_class,pilot,30,conditional_selfing,fit,192,44,7.0,-0.35458375653580276,0.15285264073154195,0.020353044410887082,-0.10334773061572111,0.14050542413221387,0.4620090812490488,0.047490436958736525,butterfly_associated_deep_tube,tube_depth_class,30,fit,192,44,7.0,-0.2636237982157459,0.1125460456164136,0.0191620195852651,-0.1241938769875483,0.1372794030608845,0.3656351456093858,0.0670670685484278
all_observed,northern_high_latitude,yellow_orange__butterfly_form_given_colour,butterfly_associated_form,floral_form,pilot,30,conditional_selfing,fit,260,54,10.0,-0.2979040591995794,0.08721898898174318,0.0006364465671608098,-0.17143089925227262,0.18351829072054548,0.35023414520474644,0.0029700839800837786,butterfly_associated_form,floral_form,30,fit,260,54,10.0,-0.2215979976483577,0.0917541568351067,0.0157296976588681,-0.1971927716167991,0.1837527931483445,0.2832075759076897,0.0670670685484278
all_observed,northern_high_latitude,yellow_orange__large_bee_deep_tube_given_colour,large_bee_associated_intermediate_deep_tube,tube_depth_class,pilot,30,conditional_selfing,fit,192,44,7.0,0.15922207886786754,0.13489227749125324,0.2378552065172485,0.040607537715617203,0.18274207866666173,0.8241486189942221,0.3027248082946799,large_bee_associated_intermediate_deep_tube,tube_depth_class,30,fit,192,44,7.0,0.108626550283704,0.1455129169796747,0.4553606271002721,0.053971450895234,0.1811768221503934,0.7657842248824629,0.5312540649503176
all_observed,northern_high_latitude,yellow_orange__large_bee_form_given_colour,large_bee_associated_form,floral_form,pilot,30,conditional_selfing,fit,260,54,10.0,-0.11421990828161577,0.05923278164872403,0.05381501922310194,0.09300822063574854,0.0693013394273076,0.17956875261313632,0.10763003844620388,large_bee_associated_form,floral_form,30,fit,260,54,10.0,-0.0891669709947924,0.0457143908389377,0.0511138141540287,0.082927545569134,0.0704375687789115,0.239067880242883,0.1192655663594004
all_observed,northern_high_latitude,blue_purple__butterfly_deep_tube_given_colour,butterfly_associated_deep_tube,tube_depth_class,pilot,30,unconditional,fit,201,43,7.0,-0.37201352540669674,0.23035616847785337,0.10632168190623933,,,,0.17965758530584708,butterfly_associated_deep_tube,tube_depth_class,30,fit,201,43,7.0,-0.2706684712967955,0.2211974540497345,0.2210839364892291,,,,0.3095175110849208
all_observed,northern_high_latitude,blue_purple__butterfly_form_given_colour,butterfly_associated_form,floral_form,pilot,30,unconditional,fit,294,57,5.0,-0.26477565263176484,0.06999250472550116,0.00015500274441287117,,,,0.0010850192108900981,butterfly_associated_form,floral_form,30,fit,294,57,5.0,-0.2038815790589792,0.0584788419036042,0.0004895388153846,,,,0.0034267717076926
all_observed,northern_high_latitude,blue_purple__large_bee_deep_tube_given_colour,large_bee_associated_intermediate_deep_tube,tube_depth_class,pilot,30,unconditional,fit,201,43,7.0,-0.2886142792821214,0.06632517123599257,1.3520656305052625e-05,,,,0.00018928918827073674,large_bee_associated_intermediate_deep_tube,tube_depth_class,30,fit,201,43,7.0,-0.2716040563153154,0.068155241556584,6.745753541354136e-05,,,,0.0009444054957895
all_observed,northern_high_latitude,blue_purple__large_bee_form_given_colour,large_bee_associated_form,floral_form,pilot,30,unconditional,fit,294,57,5.0,-0.04883293625854812,0.03615329324905643,0.17678549765077478,,,,0.24749969671108468,large_bee_associated_form,floral_form,30,fit,294,57,5.0,-0.0542687874233983,0.0339851548914255,0.110301818692564,,,,0.1930281827119871
all_observed,northern_high_latitude,red_pink__bird_deep_tube_given_colour,bird_associated_intermediate_deep_tube,tube_depth_class,pilot,30,unconditional,fit,210,43,5.0,0.14142949954657277,0.165982500724588,0.39417259949901934,,,,0.42449356869125154,bird_associated_intermediate_deep_tube,tube_depth_class,30,fit,210,43,5.0,0.0758400926658596,0.1422229084296767,0.5938618639514383,,,,0.625433319315655
all_observed,northern_high_latitude,red_pink__bird_form_given_colour,bird_associated_form,floral_form,pilot,30,unconditional,fit,305,58,5.0,0.13578813704797116,0.08627105583494174,0.11549416198233026,,,,0.17965758530584708,bird_associated_form,floral_form,30,fit,305,58,5.0,0.1085487858677422,0.0735263643786529,0.1398567535951349,,,,0.2175549500368766
all_observed,northern_high_latitude,red_pink__butterfly_deep_tube_given_colour,butterfly_associated_deep_tube,tube_depth_class,pilot,30,unconditional,fit,210,43,5.0,0.053668820768905556,0.15893992782813202,0.7356138983974381,,,,0.7356138983974381,butterfly_associated_deep_tube,tube_depth_class,30,fit,210,43,5.0,0.0687329128740489,0.1407986677261544,0.625433319315655,,,,0.625433319315655
all_observed,northern_high_latitude,red_pink__butterfly_form_given_colour,butterfly_associated_form,floral_form,pilot,30,unconditional,fit,305,58,5.0,-0.22927872146302186,0.08270119712142751,0.00556489080665936,,,,0.01947711782330776,butterfly_associated_form,floral_form,30,fit,305,58,5.0,-0.1818094805383172,0.0774966301228599,0.0189745398372635,,,,0.0531287115443379
all_observed,northern_high_latitude,yellow_orange__bird_deep_tube_given_colour,bird_associated_intermediate_deep_tube,tube_depth_class,pilot,30,unconditional,fit,200,46,7.0,0.16914219262676822,0.14001450504369398,0.22703443166712564,,,,0.2648735036116466,bird_associated_intermediate_deep_tube,tube_depth_class,30,fit,200,46,7.0,0.1187331674424544,0.1499748996453989,0.4285432467842294,,,,0.4999671212482677
all_observed,northern_high_latitude,yellow_orange__bird_form_given_colour,bird_associated_form,floral_form,pilot,30,unconditional,fit,271,55,9.0,-0.19075343353792257,0.0732180585790907,0.009179960906820411,,,,0.025703890539097152,bird_associated_form,floral_form,30,fit,271,55,9.0,-0.1395436922301903,0.0790218464753248,0.0774147219282676,,,,0.1548294438565352
all_observed,northern_high_latitude,yellow_orange__butterfly_deep_tube_given_colour,butterfly_associated_deep_tube,tube_depth_class,pilot,30,unconditional,fit,200,46,7.0,-0.35809156706396833,0.15237524510684006,0.0187701870051048,,,,0.0437971030119112,butterfly_associated_deep_tube,tube_depth_class,30,fit,200,46,7.0,-0.2686517066317441,0.1142966538058174,0.0187493440270779,,,,0.0531287115443379
all_observed,northern_high_latitude,yellow_orange__butterfly_form_given_colour,butterfly_associated_form,floral_form,pilot,30,unconditional,fit,271,55,9.0,-0.31046615180782267,0.093631278878032,0.0009136877949131582,,,,0.004263876376261405,butterfly_associated_form,floral_form,30,fit,271,55,9.0,-0.2334353505973186,0.0969114781490879,0.0160073368483153,,,,0.0531287115443379
all_observed,northern_high_latitude,yellow_orange__large_bee_deep_tube_given_colour,large_bee_associated_intermediate_deep_tube,tube_depth_class,pilot,30,unconditional,fit,200,46,7.0,0.16914219262676822,0.14001450504369398,0.22703443166712564,,,,0.2648735036116466,large_bee_associated_intermediate_deep_tube,tube_depth_class,30,fit,200,46,7.0,0.1187331674424544,0.1499748996453989,0.4285432467842294,,,,0.4999671212482677
all_observed,northern_high_latitude,yellow_orange__large_bee_form_given_colour,large_bee_associated_form,floral_form,pilot,30,unconditional,fit,271,55,9.0,-0.10741859002428081,0.06022635103886513,0.07449173579216894,,,,0.1489834715843379,large_bee_associated_form,floral_form,30,fit,271,55,9.0,-0.0837363994313468,0.0471518936360058,0.0757516682099176,,,,0.1548294438565352
all_observed,northern_midlatitude,blue_purple__butterfly_deep_tube_given_colour,butterfly_associated_deep_tube,tube_depth_class,confirmatory,50,conditional_selfing,fit,1753,84,17.0,-0.046014998875825525,0.03621858134705573,0.20391354879085175,-0.13615998674781682,0.05279821458974007,0.009912269597835073,0.4757982805119874,butterfly_associated_deep_tube,tube_depth_class,50,fit,1754,84,17.0,-0.0574239521033272,0.0356883473789072,0.1076077569754615,-0.1359849374631991,0.0520303258387844,0.0089601531441181,0.3013017195312922
all_observed,northern_midlatitude,blue_purple__butterfly_form_given_colour,butterfly_associated_form,floral_form,confirmatory,50,conditional_selfing,fit,1780,83,25.0,-0.024275635661279993,0.03145867719217753,0.44031144315426257,-0.04687293065479581,0.045263271851523526,0.30040646244087194,0.6849289115732974,butterfly_associated_form,floral_form,50,fit,1781,83,25.0,-0.0231702280650959,0.0315393986503579,0.4625563707002427,-0.0480153301428017,0.0449365623709928,0.2852888777835499,0.7195321322003775
all_observed,northern_midlatitude,blue_purple__large_bee_deep_tube_given_colour,large_bee_associated_intermediate_deep_tube,tube_depth_class,confirmatory,50,conditional_selfing,fit,1753,84,17.0,-0.007573285917909456,0.027370229656591954,0.7820120606666663,-0.14322059874136017,0.040158001438185625,0.00036188093120487154,0.9039834019550888,large_bee_associated_intermediate_deep_tube,tube_depth_class,50,fit,1754,84,17.0,-0.0163608780012859,0.0267626002395152,0.5409787203108573,-0.1430748620895946,0.0400695625433121,0.0003560802202872,0.7573702084352002
all_observed,northern_midlatitude,blue_purple__large_bee_form_given_colour,large_bee_associated_form,floral_form,confirmatory,50,conditional_selfing,fit,1780,83,25.0,-0.03291839288540403,0.016721795991809875,0.04899996837068249,-0.0368521225645642,0.037586964313937966,0.3268642569616245,0.22866651906318494,large_bee_associated_form,floral_form,50,fit,1781,83,25.0,-0.0266081542075203,0.0141411275322762,0.0598883414817156,-0.0395747468525244,0.0393584062392814,0.3146577467251831,0.2245277573233773
all_observed,northern_midlatitude,red_pink__bird_deep_tube_given_colour,bird_associated_intermediate_deep_tube,tube_depth_class,confirmatory,50,conditional_selfing,fit,1728,83,16.0,-0.056381075524350566,0.026851033131358466,0.03574881072462366,0.08972899728545441,0.04751742859605936,0.058980500853186096,0.22866651906318494,bird_associated_intermediate_deep_tube,tube_depth_class,50,fit,1729,83,16.0,-0.0563827863412877,0.0247948701557185,0.0229678013617235,0.0881869884240012,0.0476398235780062,0.0641524176208893,0.1607746095320646
all_observed,northern_midlatitude,red_pink__bird_form_given_colour,bird_associated_form,floral_form,confirmatory,50,conditional_selfing,fit,1800,83,26.0,-0.0014047674442660418,0.034967571334927866,0.9679548565513922,-0.02413870936126869,0.048988002663951556,0.6221911039250163,0.9679548565513922,bird_associated_form,floral_form,50,fit,1801,83,26.0,-0.0079994803819025,0.0307121621191036,0.7945041786809338,-0.0230450247651141,0.0490421895160337,0.6384250087219314,0.8556198847333133
all_observed,northern_midlatitude,red_pink__butterfly_deep_tube_given_colour,butterfly_associated_deep_tube,tube_depth_class,confirmatory,50,conditional_selfing,fit,1728,83,16.0,-0.06284605828449533,0.03618919124426808,0.0824582448151692,-0.047065212737227746,0.07100356420240306,0.5074221148424408,0.27801195926671357,butterfly_associated_deep_tube,tube_depth_class,50,fit,1729,83,16.0,-0.0703247690432732,0.0379901745364882,0.0641507878066792,-0.0481993738907922,0.0706614222539654,0.4951648240214032,0.2245277573233773
all_observed,northern_midlatitude,red_pink__butterfly_form_given_colour,butterfly_associated_form,floral_form,confirmatory,50,conditional_selfing,fit,1800,83,26.0,-0.029137732835460173,0.028810997752223275,0.3118534224932564,-0.040491336841796066,0.049367476341106074,0.4121005693320568,0.5457434893631987,butterfly_associated_form,floral_form,50,fit,1801,83,26.0,-0.0231364830293034,0.0285932388030549,0.418423563844505,-0.0427779152321417,0.0494879251734006,0.3873620596691299,0.7195321322003775
all_observed,northern_midlatitude,yellow_orange__bird_deep_tube_given_colour,bird_associated_intermediate_deep_tube,tube_depth_class,confirmatory,50,conditional_selfing,fit,1726,82,15.0,0.009546207891430486,0.047108227276136366,0.8394131589582967,-0.04528384062412294,0.06797897244922863,0.5053185364076884,0.9039834019550888,bird_associated_intermediate_deep_tube,tube_depth_class,50,fit,1727,82,15.0,0.0171508646203207,0.0461995219575163,0.7104627469064847,-0.0473162338277542,0.0680370609682864,0.4867746265141027,0.8288732047242321
all_observed,northern_midlatitude,yellow_orange__bird_form_given_colour,bird_associated_form,floral_form,confirmatory,50,conditional_selfing,fit,1799,84,28.0,-0.09431236132710041,0.05721776587790882,0.09928998545239771,-0.20786750566945478,0.06722937155832953,0.0019886975228967417,0.27801195926671357,bird_associated_form,floral_form,50,fit,1800,84,28.0,-0.088749789960223,0.0585807620420957,0.1297726830938679,-0.2136988283702832,0.065760679515765,0.0011554937035089,0.3028029272190252
all_observed,northern_midlatitude,yellow_orange__butterfly_deep_tube_given_colour,butterfly_associated_deep_tube,tube_depth_class,confirmatory,50,conditional_selfing,fit,1726,82,15.0,0.022890787519799435,0.04793600082828682,0.6329861143012652,-0.12151249478595527,0.0828823188148664,0.14262522891526547,0.8861805600217713,butterfly_associated_deep_tube,tube_depth_class,50,fit,1727,82,15.0,0.0074654185705948,0.0452955702308265,0.8690890904347168,-0.1190431526681294,0.0833975835618072,0.1534596502306219,0.8690890904347169
all_observed,northern_midlatitude,yellow_orange__butterfly_form_given_colour,butterfly_associated_form,floral_form,confirmatory,50,conditional_selfing,fit,1799,84,28.0,-0.03559123988235119,0.033646813748834374,0.29015150771739245,-0.1593361018227369,0.05868505034991779,0.006625466433614816,0.5457434893631987,butterfly_associated_form,floral_form,50,fit,1800,84,28.0,-0.0430780857258018,0.0342601823453427,0.2086158813855712,-0.1596034434411939,0.0580423499836244,0.0059636071365549,0.4172317627711424
all_observed,northern_midlatitude,yellow_orange__large_bee_deep_tube_given_colour,large_bee_associated_intermediate_deep_tube,tube_depth_class,confirmatory,50,conditional_selfing,fit,1726,82,15.0,0.009546207891430486,0.047108227276136366,0.8394131589582967,-0.04528384062412294,0.06797897244922863,0.5053185364076884,0.9039834019550888,large_bee_associated_intermediate_deep_tube,tube_depth_class,50,fit,1727,82,15.0,0.0171508646203207,0.0461995219575163,0.7104627469064847,-0.0473162338277542,0.0680370609682864,0.4867746265141027,0.8288732047242321
all_observed,northern_midlatitude,yellow_orange__large_bee_form_given_colour,large_bee_associated_form,floral_form,confirmatory,50,conditional_selfing,fit,1799,84,28.0,-0.0803816814560202,0.016262155462097423,7.698176369516847e-07,-0.05237649320632748,0.049193668719724915,0.2870117641867143,1.0777446917323585e-05,large_bee_associated_form,floral_form,50,fit,1800,84,28.0,-0.0596183747956056,0.0209813528909863,0.0044902787883685,-0.0596768212645026,0.0486830772367774,0.220265402257677,0.0628639030371601
all_observed,northern_midlatitude,blue_purple__butterfly_deep_tube_given_colour,butterfly_associated_deep_tube,tube_depth_class,confirmatory,50,unconditional,fit,1792,84,16.0,-0.049933044072463975,0.037322271811657176,0.18093273562867176,,,,0.4221763831335674,butterfly_associated_deep_tube,tube_depth_class,50,fit,1793,84,16.0,-0.0603688835120414,0.037106565562864,0.1037571244003326,,,,0.2905199483209314
all_observed,northern_midlatitude,blue_purple__butterfly_form_given_colour,butterfly_associated_form,floral_form,confirmatory,50,unconditional,fit,1797,83,24.0,-0.025869143677876627,0.03169265798414224,0.4143569557692516,,,,0.6445552645299469,butterfly_associated_form,floral_form,50,fit,1798,83,24.5,-0.0243673954705048,0.0318343886194814,0.444008066348061,,,,0.6461188324640551
all_observed,northern_midlatitude,blue_purple__large_bee_deep_tube_given_colour,large_bee_associated_intermediate_deep_tube,tube_depth_class,confirmatory,50,unconditional,fit,1792,84,16.0,-0.011592191093694082,0.02724872644809965,0.6705295154649448,,,,0.8878321911172958,large_bee_associated_intermediate_deep_tube,tube_depth_class,50,fit,1793,84,16.0,-0.0195197263580782,0.0265085084253774,0.4615134517600393,,,,0.6461188324640551
all_observed,northern_midlatitude,blue_purple__large_bee_form_given_colour,large_bee_associated_form,floral_form,confirmatory,50,unconditional,fit,1797,83,24.0,-0.03405300931378537,0.016439670893466773,0.0383221407437764,,,,0.2076420677322561,large_bee_associated_form,floral_form,50,fit,1798,83,24.5,-0.0274674517385353,0.0138450291339971,0.0472645854991188,,,,0.2205680656625545
all_observed,northern_midlatitude,red_pink__bird_deep_tube_given_colour,bird_associated_intermediate_deep_tube,tube_depth_class,confirmatory,50,unconditional,fit,1747,83,15.0,-0.05464371343965243,0.027194044526255005,0.044494728799769165,,,,0.2076420677322561,bird_associated_intermediate_deep_tube,tube_depth_class,50,fit,1748,83,15.0,-0.055090014771619,0.024930603479307,0.0271235934591848,,,,0.1898651542142939
all_observed,northern_midlatitude,red_pink__bird_form_given_colour,bird_associated_form,floral_form,confirmatory,50,unconditional,fit,1828,84,25.0,-0.0021760914980309687,0.035221523511256264,0.9507356391482362,,,,0.9507356391482362,bird_associated_form,floral_form,50,fit,1829,84,25.0,-0.0085699615785025,0.0309870738410716,0.782113609816703,,,,0.8422761951872186
all_observed,northern_midlatitude,red_pink__butterfly_deep_tube_given_colour,butterfly_associated_deep_tube,tube_depth_class,confirmatory,50,unconditional,fit,1747,83,15.0,-0.06520693222883314,0.037274356622840524,0.0802257345601299,,,,0.2460011761146299,butterfly_associated_deep_tube,tube_depth_class,50,fit,1748,83,15.0,-0.0724103478181267,0.0390087035833117,0.0634163187529336,,,,0.2219571156352677
all_observed,northern_midlatitude,red_pink__butterfly_form_given_colour,butterfly_associated_form,floral_form,confirmatory,50,unconditional,fit,1828,84,25.0,-0.03032850185852559,0.029099574950042416,0.2973042313151033,,,,0.5202824048014307,butterfly_associated_form,floral_form,50,fit,1829,84,25.0,-0.0241146274421025,0.0289406786982222,0.4047075107993445,,,,0.6461188324640551
all_observed,northern_midlatitude,yellow_orange__bird_deep_tube_given_colour,bird_associated_intermediate_deep_tube,tube_depth_class,confirmatory,50,unconditional,fit,1749,82,15.0,0.008409357715808974,0.04659482572851567,0.8567770419317812,,,,0.9226829682342259,bird_associated_intermediate_deep_tube,tube_depth_class,50,fit,1750,82,15.0,0.0163063696763493,0.045664982447172,0.7210267076148258,,,,0.8411978255506302
all_observed,northern_midlatitude,yellow_orange__bird_form_given_colour,bird_associated_form,floral_form,confirmatory,50,unconditional,fit,1823,84,27.0,-0.10078061537174299,0.05904621817002806,0.08785756289808211,,,,0.2460011761146299,bird_associated_form,floral_form,50,fit,1824,84,27.5,-0.0933448608513936,0.0609297886564814,0.125520714992377,,,,0.2928816683155465
all_observed,northern_midlatitude,yellow_orange__butterfly_deep_tube_given_colour,butterfly_associated_deep_tube,tube_depth_class,confirmatory,50,unconditional,fit,1749,82,15.0,0.019098118533712932,0.04914772860583239,0.6975824358778753,,,,0.8878321911172958,butterfly_associated_deep_tube,tube_depth_class,50,fit,1750,82,15.0,0.0049023468209221,0.0464452518425225,0.9159385347333636,,,,0.9159385347333636
all_observed,northern_midlatitude,yellow_orange__butterfly_form_given_colour,butterfly_associated_form,floral_form,confirmatory,50,unconditional,fit,1823,84,27.0,-0.04082529612433275,0.034539974077406825,0.23721665160075242,,,,0.47443330320150484,butterfly_associated_form,floral_form,50,fit,1824,84,27.5,-0.0468426265683765,0.0353102183657912,0.18464018398363,,,,0.3692803679672601
all_observed,northern_midlatitude,yellow_orange__large_bee_deep_tube_given_colour,large_bee_associated_intermediate_deep_tube,tube_depth_class,confirmatory,50,unconditional,fit,1749,82,15.0,0.008409357715808974,0.04659482572851567,0.8567770419317812,,,,0.9226829682342259,large_bee_associated_intermediate_deep_tube,tube_depth_class,50,fit,1750,82,15.0,0.0163063696763493,0.045664982447172,0.7210267076148258,,,,0.8411978255506302
all_observed,northern_midlatitude,yellow_orange__large_bee_form_given_colour,large_bee_associated_form,floral_form,confirmatory,50,unconditional,fit,1823,84,27.0,-0.08211918171774744,0.016301653530774205,4.717116977267778e-07,,,,6.60396376817489e-06,large_bee_associated_form,floral_form,50,fit,1824,84,27.5,-0.0610409941714262,0.0214064411214292,0.0043510114836075,,,,0.0609141607705049
all_observed,northern_midlatitude,blue_purple__butterfly_deep_tube_given_colour,butterfly_associated_deep_tube,tube_depth_class,pilot,30,conditional_selfing,fit,1753,84,17.0,-0.046014998875825525,0.03621858134705573,0.20391354879085175,-0.13615998674781682,0.05279821458974007,0.009912269597835073,0.4757982805119874,butterfly_associated_deep_tube,tube_depth_class,30,fit,1754,84,17.0,-0.0574239521033272,0.0356883473789072,0.1076077569754615,-0.1359849374631991,0.0520303258387844,0.0089601531441181,0.3013017195312922
all_observed,northern_midlatitude,blue_purple__butterfly_form_given_colour,butterfly_associated_form,floral_form,pilot,30,conditional_selfing,fit,1780,83,25.0,-0.024275635661279993,0.03145867719217753,0.44031144315426257,-0.04687293065479581,0.045263271851523526,0.30040646244087194,0.6849289115732974,butterfly_associated_form,floral_form,30,fit,1781,83,25.0,-0.0231702280650959,0.0315393986503579,0.4625563707002427,-0.0480153301428017,0.0449365623709928,0.2852888777835499,0.7195321322003775
all_observed,northern_midlatitude,blue_purple__large_bee_deep_tube_given_colour,large_bee_associated_intermediate_deep_tube,tube_depth_class,pilot,30,conditional_selfing,fit,1753,84,17.0,-0.007573285917909456,0.027370229656591954,0.7820120606666663,-0.14322059874136017,0.040158001438185625,0.00036188093120487154,0.9039834019550888,large_bee_associated_intermediate_deep_tube,tube_depth_class,30,fit,1754,84,17.0,-0.0163608780012859,0.0267626002395152,0.5409787203108573,-0.1430748620895946,0.0400695625433121,0.0003560802202872,0.7573702084352002
all_observed,northern_midlatitude,blue_purple__large_bee_form_given_colour,large_bee_associated_form,floral_form,pilot,30,conditional_selfing,fit,1780,83,25.0,-0.03291839288540403,0.016721795991809875,0.04899996837068249,-0.0368521225645642,0.037586964313937966,0.3268642569616245,0.22866651906318494,large_bee_associated_form,floral_form,30,fit,1781,83,25.0,-0.0266081542075203,0.0141411275322762,0.0598883414817156,-0.0395747468525244,0.0393584062392814,0.3146577467251831,0.2245277573233773
all_observed,northern_midlatitude,red_pink__bird_deep_tube_given_colour,bird_associated_intermediate_deep_tube,tube_depth_class,pilot,30,conditional_selfing,fit,1728,83,16.0,-0.056381075524350566,0.026851033131358466,0.03574881072462366,0.08972899728545441,0.04751742859605936,0.058980500853186096,0.22866651906318494,bird_associated_intermediate_deep_tube,tube_depth_class,30,fit,1729,83,16.0,-0.0563827863412877,0.0247948701557185,0.0229678013617235,0.0881869884240012,0.0476398235780062,0.0641524176208893,0.1607746095320646
all_observed,northern_midlatitude,red_pink__bird_form_given_colour,bird_associated_form,floral_form,pilot,30,conditional_selfing,fit,1800,83,26.0,-0.0014047674442660418,0.034967571334927866,0.9679548565513922,-0.02413870936126869,0.048988002663951556,0.6221911039250163,0.9679548565513922,bird_associated_form,floral_form,30,fit,1801,83,26.0,-0.0079994803819025,0.0307121621191036,0.7945041786809338,-0.0230450247651141,0.0490421895160337,0.6384250087219314,0.8556198847333133
all_observed,northern_midlatitude,red_pink__butterfly_deep_tube_given_colour,butterfly_associated_deep_tube,tube_depth_class,pilot,30,conditional_selfing,fit,1728,83,16.0,-0.06284605828449533,0.03618919124426808,0.0824582448151692,-0.047065212737227746,0.07100356420240306,0.5074221148424408,0.27801195926671357,butterfly_associated_deep_tube,tube_depth_class,30,fit,1729,83,16.0,-0.0703247690432732,0.0379901745364882,0.0641507878066792,-0.0481993738907922,0.0706614222539654,0.4951648240214032,0.2245277573233773
all_observed,northern_midlatitude,red_pink__butterfly_form_given_colour,butterfly_associated_form,floral_form,pilot,30,conditional_selfing,fit,1800,83,26.0,-0.029137732835460173,0.028810997752223275,0.3118534224932564,-0.040491336841796066,0.049367476341106074,0.4121005693320568,0.5457434893631987,butterfly_associated_form,floral_form,30,fit,1801,83,26.0,-0.0231364830293034,0.0285932388030549,0.418423563844505,-0.0427779152321417,0.0494879251734006,0.3873620596691299,0.7195321322003775
all_observed,northern_midlatitude,yellow_orange__bird_deep_tube_given_colour,bird_associated_intermediate_deep_tube,tube_depth_class,pilot,30,conditional_selfing,fit,1726,82,15.0,0.009546207891430486,0.047108227276136366,0.8394131589582967,-0.04528384062412294,0.06797897244922863,0.5053185364076884,0.9039834019550888,bird_associated_intermediate_deep_tube,tube_depth_class,30,fit,1727,82,15.0,0.0171508646203207,0.0461995219575163,0.7104627469064847,-0.0473162338277542,0.0680370609682864,0.4867746265141027,0.8288732047242321
all_observed,northern_midlatitude,yellow_orange__bird_form_given_colour,bird_associated_form,floral_form,pilot,30,conditional_selfing,fit,1799,84,28.0,-0.09431236132710041,0.05721776587790882,0.09928998545239771,-0.20786750566945478,0.06722937155832953,0.0019886975228967417,0.27801195926671357,bird_associated_form,floral_form,30,fit,1800,84,28.0,-0.088749789960223,0.0585807620420957,0.1297726830938679,-0.2136988283702832,0.065760679515765,0.0011554937035089,0.3028029272190252
all_observed,northern_midlatitude,yellow_orange__butterfly_deep_tube_given_colour,butterfly_associated_deep_tube,tube_depth_class,pilot,30,conditional_selfing,fit,1726,82,15.0,0.022890787519799435,0.04793600082828682,0.6329861143012652,-0.12151249478595527,0.0828823188148664,0.14262522891526547,0.8861805600217713,butterfly_associated_deep_tube,tube_depth_class,30,fit,1727,82,15.0,0.0074654185705948,0.0452955702308265,0.8690890904347168,-0.1190431526681294,0.0833975835618072,0.1534596502306219,0.8690890904347169
all_observed,northern_midlatitude,yellow_orange__butterfly_form_given_colour,butterfly_associated_form,floral_form,pilot,30,conditional_selfing,fit,1799,84,28.0,-0.03559123988235119,0.033646813748834374,0.29015150771739245,-0.1593361018227369,0.05868505034991779,0.006625466433614816,0.5457434893631987,butterfly_associated_form,floral_form,30,fit,1800,84,28.0,-0.0430780857258018,0.0342601823453427,0.2086158813855712,-0.1596034434411939,0.0580423499836244,0.0059636071365549,0.4172317627711424
all_observed,northern_midlatitude,yellow_orange__large_bee_deep_tube_given_colour,large_bee_associated_intermediate_deep_tube,tube_depth_class,pilot,30,conditional_selfing,fit,1726,82,15.0,0.009546207891430486,0.047108227276136366,0.8394131589582967,-0.04528384062412294,0.06797897244922863,0.5053185364076884,0.9039834019550888,large_bee_associated_intermediate_deep_tube,tube_depth_class,30,fit,1727,82,15.0,0.0171508646203207,0.0461995219575163,0.7104627469064847,-0.0473162338277542,0.0680370609682864,0.4867746265141027,0.8288732047242321
all_observed,northern_midlatitude,yellow_orange__large_bee_form_given_colour,large_bee_associated_form,floral_form,pilot,30,conditional_selfing,fit,1799,84,28.0,-0.0803816814560202,0.016262155462097423,7.698176369516847e-07,-0.05237649320632748,0.049193668719724915,0.2870117641867143,1.0777446917323585e-05,large_bee_associated_form,floral_form,30,fit,1800,84,28.0,-0.0596183747956056,0.0209813528909863,0.0044902787883685,-0.0596768212645026,0.0486830772367774,0.220265402257677,0.0628639030371601
all_observed,northern_midlatitude,blue_purple__butterfly_deep_tube_given_colour,butterfly_associated_deep_tube,tube_depth_class,pilot,30,unconditional,fit,1792,84,16.0,-0.049933044072463975,0.037322271811657176,0.18093273562867176,,,,0.4221763831335674,butterfly_associated_deep_tube,tube_depth_class,30,fit,1793,84,16.0,-0.0603688835120414,0.037106565562864,0.1037571244003326,,,,0.2905199483209314
all_observed,northern_midlatitude,blue_purple__butterfly_form_given_colour,butterfly_associated_form,floral_form,pilot,30,unconditional,fit,1797,83,24.0,-0.025869143677876627,0.03169265798414224,0.4143569557692516,,,,0.6445552645299469,butterfly_associated_form,floral_form,30,fit,1798,83,24.5,-0.0243673954705048,0.0318343886194814,0.444008066348061,,,,0.6461188324640551
all_observed,northern_midlatitude,blue_purple__large_bee_deep_tube_given_colour,large_bee_associated_intermediate_deep_tube,tube_depth_class,pilot,30,unconditional,fit,1792,84,16.0,-0.011592191093694082,0.02724872644809965,0.6705295154649448,,,,0.8878321911172958,large_bee_associated_intermediate_deep_tube,tube_depth_class,30,fit,1793,84,16.0,-0.0195197263580782,0.0265085084253774,0.4615134517600393,,,,0.6461188324640551
all_observed,northern_midlatitude,blue_purple__large_bee_form_given_colour,large_bee_associated_form,floral_form,pilot,30,unconditional,fit,1797,83,24.0,-0.03405300931378537,0.016439670893466773,0.0383221407437764,,,,0.2076420677322561,large_bee_associated_form,floral_form,30,fit,1798,83,24.5,-0.0274674517385353,0.0138450291339971,0.0472645854991188,,,,0.2205680656625545
all_observed,northern_midlatitude,red_pink__bird_deep_tube_given_colour,bird_associated_intermediate_deep_tube,tube_depth_class,pilot,30,unconditional,fit,1747,83,15.0,-0.05464371343965243,0.027194044526255005,0.044494728799769165,,,,0.2076420677322561,bird_associated_intermediate_deep_tube,tube_depth_class,30,fit,1748,83,15.0,-0.055090014771619,0.024930603479307,0.0271235934591848,,,,0.1898651542142939
all_observed,northern_midlatitude,red_pink__bird_form_given_colour,bird_associated_form,floral_form,pilot,30,unconditional,fit,1828,84,25.0,-0.0021760914980309687,0.035221523511256264,0.9507356391482362,,,,0.9507356391482362,bird_associated_form,floral_form,30,fit,1829,84,25.0,-0.0085699615785025,0.0309870738410716,0.782113609816703,,,,0.8422761951872186
all_observed,northern_midlatitude,red_pink__butterfly_deep_tube_given_colour,butterfly_associated_deep_tube,tube_depth_class,pilot,30,unconditional,fit,1747,83,15.0,-0.06520693222883314,0.037274356622840524,0.0802257345601299,,,,0.2460011761146299,butterfly_associated_deep_tube,tube_depth_class,30,fit,1748,83,15.0,-0.0724103478181267,0.0390087035833117,0.0634163187529336,,,,0.2219571156352677
all_observed,northern_midlatitude,red_pink__butterfly_form_given_colour,butterfly_associated_form,floral_form,pilot,30,unconditional,fit,1828,84,25.0,-0.03032850185852559,0.029099574950042416,0.2973042313151033,,,,0.5202824048014307,butterfly_associated_form,floral_form,30,fit,1829,84,25.0,-0.0241146274421025,0.0289406786982222,0.4047075107993445,,,,0.6461188324640551
all_observed,northern_midlatitude,yellow_orange__bird_deep_tube_given_colour,bird_associated_intermediate_deep_tube,tube_depth_class,pilot,30,unconditional,fit,1749,82,15.0,0.008409357715808974,0.04659482572851567,0.8567770419317812,,,,0.9226829682342259,bird_associated_intermediate_deep_tube,tube_depth_class,30,fit,1750,82,15.0,0.0163063696763493,0.045664982447172,0.7210267076148258,,,,0.8411978255506302
all_observed,northern_midlatitude,yellow_orange__bird_form_given_colour,bird_associated_form,floral_form,pilot,30,unconditional,fit,1823,84,27.0,-0.10078061537174299,0.05904621817002806,0.08785756289808211,,,,0.2460011761146299,bird_associated_form,floral_form,30,fit,1824,84,27.5,-0.0933448608513936,0.0609297886564814,0.125520714992377,,,,0.2928816683155465
all_observed,northern_midlatitude,yellow_orange__butterfly_deep_tube_given_colour,butterfly_associated_deep_tube,tube_depth_class,pilot,30,unconditional,fit,1749,82,15.0,0.019098118533712932,0.04914772860583239,0.6975824358778753,,,,0.8878321911172958,butterfly_associated_deep_tube,tube_depth_class,30,fit,1750,82,15.0,0.0049023468209221,0.0464452518425225,0.9159385347333636,,,,0.9159385347333636
all_observed,northern_midlatitude,yellow_orange__butterfly_form_given_colour,butterfly_associated_form,floral_form,pilot,30,unconditional,fit,1823,84,27.0,-0.04082529612433275,0.034539974077406825,0.23721665160075242,,,,0.47443330320150484,butterfly_associated_form,floral_form,30,fit,1824,84,27.5,-0.0468426265683765,0.0353102183657912,0.18464018398363,,,,0.3692803679672601
all_observed,northern_midlatitude,yellow_orange__large_bee_deep_tube_given_colour,large_bee_associated_intermediate_deep_tube,tube_depth_class,pilot,30,unconditional,fit,1749,82,15.0,0.008409357715808974,0.04659482572851567,0.8567770419317812,,,,0.9226829682342259,large_bee_associated_intermediate_deep_tube,tube_depth_class,30,fit,1750,82,15.0,0.0163063696763493,0.045664982447172,0.7210267076148258,,,,0.8411978255506302
all_observed,northern_midlatitude,yellow_orange__large_bee_form_given_colour,large_bee_associated_form,floral_form,pilot,30,unconditional,fit,1823,84,27.0,-0.08211918171774744,0.016301653530774205,4.717116977267778e-07,,,,6.60396376817489e-06,large_bee_associated_form,floral_form,30,fit,1824,84,27.5,-0.0610409941714262,0.0214064411214292,0.0043510114836075,,,,0.0609141607705049
all_observed,southern_extratropical,blue_purple__butterfly_deep_tube_given_colour,butterfly_associated_deep_tube,tube_depth_class,confirmatory,50,conditional_selfing,fit,175,36,4.0,-0.009383356527387032,0.0486344208406961,0.8470086735555654,-0.06322958822400526,0.16043606964814716,0.6934992355891343,0.8470086735555654,butterfly_associated_deep_tube,tube_depth_class,50,fit,175,36,4.0,-0.0535146042895536,0.0640575356508286,0.4034842791339147,-0.044272038194759,0.1606857378339173,0.7829172227521976,0.5797004301859271
all_observed,southern_extratropical,blue_purple__butterfly_form_given_colour,butterfly_associated_form,floral_form,confirmatory,50,conditional_selfing,fit,183,37,6.0,-0.07705003003192268,0.041188603826572696,0.06139169578987928,-0.2313329093220755,0.06584153160696748,0.0004422775855009597,0.12278339157975857,butterfly_associated_form,floral_form,50,fit,183,37,6.0,-0.0773465640523612,0.0477015477750328,0.104917169155819,-0.2349309255988299,0.0671952793112878,0.0004718613968036,0.1836050460226834
all_observed,southern_extratropical,blue_purple__large_bee_deep_tube_given_colour,large_bee_associated_intermediate_deep_tube,tube_depth_class,confirmatory,50,conditional_selfing,fit,175,36,4.0,0.013128461474350983,0.0381094937241344,0.7304754084524077,-0.18367208522162226,0.12421169095997066,0.1392199573711142,0.7866658244872082,large_bee_associated_intermediate_deep_tube,tube_depth_class,50,fit,175,36,4.0,-0.0190166588122563,0.0496872196392253,0.7019219197436255,-0.1703520168387351,0.1253978642447159,0.174307565132187,0.7134544210726039
all_observed,southern_extratropical,blue_purple__large_bee_form_given_colour,large_bee_associated_form,floral_form,confirmatory,50,conditional_selfing,fit,183,37,6.0,0.04042385600473197,0.057640962637889724,0.483113119424652,-0.11153483124627367,0.09640121485462756,0.24727818502133914,0.6763583671945128,large_bee_associated_form,floral_form,50,fit,183,37,6.0,0.0499979485050459,0.0612157869404418,0.4140717358470908,-0.1141649223399474,0.0944688877868682,0.2268579604549384,0.5797004301859271
all_observed,southern_extratropical,red_pink__bird_deep_tube_given_colour,bird_associated_intermediate_deep_tube,tube_depth_class,confirmatory,50,conditional_selfing,fit,179,36,5.0,0.10626104077382822,0.11812811991866139,0.3683647762804657,-0.1281437205614493,0.202267213532449,0.5263831658612643,0.5730118742140577,bird_associated_intermediate_deep_tube,tube_depth_class,50,fit,179,36,5.0,0.0612806716376679,0.1298113512753725,0.6368733772408628,-0.1139710891934093,0.2093641790726627,0.5861884925829276,0.7134544210726039
all_observed,southern_extratropical,red_pink__bird_form_given_colour,bird_associated_form,floral_form,confirmatory,50,conditional_selfing,fit,201,38,6.0,-0.024846515573882316,0.05525783629404062,0.6529650547139607,-0.30283598056133476,0.07773719730309606,9.794057425777049e-05,0.7617925638329542,bird_associated_form,floral_form,50,fit,201,38,6.0,-0.022048526682183,0.060041627234969,0.7134544210726039,-0.3047121265594795,0.0786553527237788,0.0001070562026633,0.7134544210726039
all_observed,southern_extratropical,red_pink__butterfly_deep_tube_given_colour,butterfly_associated_deep_tube,tube_depth_class,confirmatory,50,conditional_selfing,fit,179,36,5.0,0.2248544175788724,0.05142202275761124,1.2270466843672626e-05,-0.15434346169563362,0.1271662762326506,0.2248570407706555,0.00017178653581141677,butterfly_associated_deep_tube,tube_depth_class,50,fit,179,36,5.0,0.1684899465273239,0.089939733150654,0.0610180022386949,-0.131501343279528,0.1335497134996597,0.3247900679700186,0.1423753385569548
all_observed,southern_extratropical,red_pink__butterfly_form_given_colour,butterfly_associated_form,floral_form,confirmatory,50,conditional_selfing,fit,201,38,6.0,0.08655147431522242,0.037146515079230814,0.01980601711624032,-0.08562246357112269,0.10778369094805713,0.4269674665310556,0.04621403993789408,butterfly_associated_form,floral_form,50,fit,201,38,6.0,0.0754164741019376,0.0419191626262557,0.0720039630098233,-0.0778498098290678,0.1140192186857126,0.4947471569766005,0.1440079260196466
all_observed,southern_extratropical,yellow_orange__bird_deep_tube_given_colour,bird_associated_intermediate_deep_tube,tube_depth_class,confirmatory,50,conditional_selfing,fit,176,34,8.0,0.18323861641650827,0.06495842764259457,0.004789513171281776,-0.2550200590203393,0.13567712036224544,0.06016126264561903,0.021243350223359773,bird_associated_intermediate_deep_tube,tube_depth_class,50,fit,176,34,8.0,0.1923759995088549,0.0642728372104023,0.0027614558440943,-0.2597646249946526,0.1309529985546923,0.0472951186662259,0.0128867939391069
all_observed,southern_extratropical,yellow_orange__bird_form_given_colour,bird_associated_form,floral_form,confirmatory,50,conditional_selfing,fit,185,35,11.0,-0.11281285910518088,0.04111253759744768,0.00606952863524565,-0.328013985009425,0.10260485565854092,0.0013892940058754066,0.021243350223359773,bird_associated_form,floral_form,50,fit,185,35,11.0,-0.1249542942759391,0.0380303226238583,0.0010174768632884,-0.3225559068078192,0.1014359499013419,0.001473272380452,0.0128867939391069
all_observed,southern_extratropical,yellow_orange__butterfly_deep_tube_given_colour,butterfly_associated_deep_tube,tube_depth_class,confirmatory,50,conditional_selfing,fit,176,34,8.0,0.19899961483863066,0.08364150845587885,0.017350406920628097,-0.030622719725463377,0.20696076431226657,0.882371266257558,0.04621403993789408,butterfly_associated_deep_tube,tube_depth_class,50,fit,176,34,8.0,0.2054671529711224,0.087378767768781,0.0187002016657954,-0.0359340251008784,0.2094801771783652,0.8637999485950913,0.0654507058302841
all_observed,southern_extratropical,yellow_orange__butterfly_form_given_colour,butterfly_associated_form,floral_form,confirmatory,50,conditional_selfing,fit,185,35,11.0,-0.06714138395926614,0.04035396846063814,0.09615016868482855,-0.21137407164379152,0.09639099794921056,0.028315891424820272,0.16826279519844997,butterfly_associated_form,floral_form,50,fit,185,35,11.0,-0.0782534948480836,0.0372287723744991,0.0355565340547107,-0.2061686324639273,0.0962416302104415,0.0321775484534529,0.0995582953531899
all_observed,southern_extratropical,yellow_orange__large_bee_deep_tube_given_colour,large_bee_associated_intermediate_deep_tube,tube_depth_class,confirmatory,50,conditional_selfing,fit,176,34,8.0,0.18323861641650827,0.06495842764259457,0.004789513171281776,-0.2550200590203393,0.13567712036224544,0.06016126264561903,0.021243350223359773,large_bee_associated_intermediate_deep_tube,tube_depth_class,50,fit,176,34,8.0,0.1923759995088549,0.0642728372104023,0.0027614558440943,-0.2597646249946526,0.1309529985546923,0.0472951186662259,0.0128867939391069
all_observed,southern_extratropical,yellow_orange__large_bee_form_given_colour,large_bee_associated_form,floral_form,confirmatory,50,conditional_selfing,fit,185,35,11.0,0.024492505864580294,0.043134410636949054,0.5701583816048665,0.1069373339725006,0.06702693200501081,0.11061425867575143,0.7256561220425574,large_bee_associated_form,floral_form,50,fit,185,35,11.0,0.0218941887717874,0.0415297840887412,0.5980599486136008,0.1083017588368071,0.0655716995384226,0.098605108135714,0.7134544210726039
all_observed,southern_extratropical,blue_purple__butterfly_deep_tube_given_colour,butterfly_associated_deep_tube,tube_depth_class,confirmatory,50,unconditional,fit,175,36,4.0,-0.020439614742218948,0.047634511674880815,0.6678558636404825,,,,0.6859186574454501,butterfly_associated_deep_tube,tube_depth_class,50,fit,175,36,4.0,-0.0613844515042056,0.0648891065348645,0.3441536426141838,,,,0.4112257780485455
all_observed,southern_extratropical,blue_purple__butterfly_form_given_colour,butterfly_associated_form,floral_form,confirmatory,50,unconditional,fit,185,37,6.0,-0.1176685365945962,0.05462924739848475,0.031244281079170384,,,,0.07290332251806424,butterfly_associated_form,floral_form,50,fit,185,37,6.0,-0.1226503430792619,0.0635928595138422,0.0537704701501664,,,,0.1254644303503884
all_observed,southern_extratropical,blue_purple__large_bee_deep_tube_given_colour,large_bee_associated_intermediate_deep_tube,tube_depth_class,confirmatory,50,unconditional,fit,175,36,4.0,-0.01627848131263565,0.036640307618189774,0.656841630153004,,,,0.6859186574454501,large_bee_associated_intermediate_deep_tube,tube_depth_class,50,fit,175,36,4.0,-0.0463087679768119,0.0498055599214501,0.3524792383273247,,,,0.4112257780485455
all_observed,southern_extratropical,blue_purple__large_bee_form_given_colour,large_bee_associated_form,floral_form,confirmatory,50,unconditional,fit,185,37,6.0,0.0226359783955581,0.055974240241708974,0.6859186574454501,,,,0.6859186574454501,large_bee_associated_form,floral_form,50,fit,185,37,6.0,0.0318237120563278,0.0615002270061424,0.6048373023176248,,,,0.6513632486497497
all_observed,southern_extratropical,red_pink__bird_deep_tube_given_colour,bird_associated_intermediate_deep_tube,tube_depth_class,confirmatory,50,unconditional,fit,179,36,5.0,0.09061051993817693,0.11400204308292017,0.4267211953094738,,,,0.5430997031211485,bird_associated_intermediate_deep_tube,tube_depth_class,50,fit,179,36,5.0,0.0467790835756688,0.1293664237998408,0.7176498974272482,,,,0.7176498974272482
all_observed,southern_extratropical,red_pink__bird_form_given_colour,bird_associated_form,floral_form,confirmatory,50,unconditional,fit,207,38,5.0,-0.07072113609847902,0.061356944633838874,0.24906709606094635,,,,0.3874377049836943,bird_associated_form,floral_form,50,fit,207,38,5.0,-0.0741246491844294,0.0689063206685937,0.282047683265752,,,,0.4112257780485455
all_observed,southern_extratropical,red_pink__butterfly_deep_tube_given_colour,butterfly_associated_deep_tube,tube_depth_class,confirmatory,50,unconditional,fit,179,36,5.0,0.20287220332763298,0.05187609370927189,9.202634916373405e-05,,,,0.0006441844441461384,butterfly_associated_deep_tube,tube_depth_class,50,fit,179,36,5.0,0.1478314447904023,0.0875430865889084,0.0912825547384233,,,,0.1825651094768467
all_observed,southern_extratropical,red_pink__butterfly_form_given_colour,butterfly_associated_form,floral_form,confirmatory,50,unconditional,fit,207,38,5.0,0.07149999352235831,0.03290607688651445,0.029791552962570318,,,,0.07290332251806424,butterfly_associated_form,floral_form,50,fit,207,38,5.0,0.0577622204963395,0.0372059883003867,0.1205431232793076,,,,0.2109504657387883
all_observed,southern_extratropical,yellow_orange__bird_deep_tube_given_colour,bird_associated_intermediate_deep_tube,tube_depth_class,confirmatory,50,unconditional,fit,176,34,8.0,0.14405532559403417,0.07129944787917063,0.04333912093232274,,,,0.0758434616315648,bird_associated_intermediate_deep_tube,tube_depth_class,50,fit,176,34,8.0,0.1517263444626558,0.0723859074054959,0.0360754726554571,,,,0.10101132343528
all_observed,southern_extratropical,yellow_orange__bird_form_given_colour,bird_associated_form,floral_form,confirmatory,50,unconditional,fit,190,35,11.0,-0.16143367818480786,0.039464004724961164,4.301542666208273e-05,,,,0.0006022159732691583,bird_associated_form,floral_form,50,fit,190,35,11.0,-0.1718898542448953,0.0396323559114961,1.4436892882451624e-05,,,,0.0002021165003543
all_observed,southern_extratropical,yellow_orange__butterfly_deep_tube_given_colour,butterfly_associated_deep_tube,tube_depth_class,confirmatory,50,unconditional,fit,176,34,8.0,0.19424675850150885,0.07312350390680698,0.007897512176853198,,,,0.027641292618986193,butterfly_associated_deep_tube,tube_depth_class,50,fit,176,34,8.0,0.1995053621121533,0.0768997163256913,0.0094767866628303,,,,0.0442250044265415
all_observed,southern_extratropical,yellow_orange__butterfly_form_given_colour,butterfly_associated_form,floral_form,confirmatory,50,unconditional,fit,190,35,11.0,-0.09961615906462151,0.03635652774047363,0.006144292217296488,,,,0.027641292618986193,butterfly_associated_form,floral_form,50,fit,190,35,11.0,-0.1091431896964116,0.0339731623736646,0.0013152575725499,,,,0.0092068030078495
all_observed,southern_extratropical,yellow_orange__large_bee_deep_tube_given_colour,large_bee_associated_intermediate_deep_tube,tube_depth_class,confirmatory,50,unconditional,fit,176,34,8.0,0.14405532559403417,0.07129944787917063,0.04333912093232274,,,,0.0758434616315648,large_bee_associated_intermediate_deep_tube,tube_depth_class,50,fit,176,34,8.0,0.1517263444626558,0.0723859074054959,0.0360754726554571,,,,0.10101132343528
all_observed,southern_extratropical,yellow_orange__large_bee_form_given_colour,large_bee_associated_form,floral_form,confirmatory,50,unconditional,fit,190,35,11.0,0.041199655856161255,0.039521159451470514,0.29719344311549406,,,,0.4160708203616917,large_bee_associated_form,floral_form,50,fit,190,35,11.0,0.0387975247824872,0.0389966966796233,0.3197885044299222,,,,0.4112257780485455
all_observed,southern_extratropical,blue_purple__butterfly_deep_tube_given_colour,butterfly_associated_deep_tube,tube_depth_class,pilot,30,conditional_selfing,fit,175,36,4.0,-0.009383356527387032,0.0486344208406961,0.8470086735555654,-0.06322958822400526,0.16043606964814716,0.6934992355891343,0.8470086735555654,butterfly_associated_deep_tube,tube_depth_class,30,fit,175,36,4.0,-0.0535146042895536,0.0640575356508286,0.4034842791339147,-0.044272038194759,0.1606857378339173,0.7829172227521976,0.5797004301859271
all_observed,southern_extratropical,blue_purple__butterfly_form_given_colour,butterfly_associated_form,floral_form,pilot,30,conditional_selfing,fit,183,37,6.0,-0.07705003003192268,0.041188603826572696,0.06139169578987928,-0.2313329093220755,0.06584153160696748,0.0004422775855009597,0.12278339157975857,butterfly_associated_form,floral_form,30,fit,183,37,6.0,-0.0773465640523612,0.0477015477750328,0.104917169155819,-0.2349309255988299,0.0671952793112878,0.0004718613968036,0.1836050460226834
all_observed,southern_extratropical,blue_purple__large_bee_deep_tube_given_colour,large_bee_associated_intermediate_deep_tube,tube_depth_class,pilot,30,conditional_selfing,fit,175,36,4.0,0.013128461474350983,0.0381094937241344,0.7304754084524077,-0.18367208522162226,0.12421169095997066,0.1392199573711142,0.7866658244872082,large_bee_associated_intermediate_deep_tube,tube_depth_class,30,fit,175,36,4.0,-0.0190166588122563,0.0496872196392253,0.7019219197436255,-0.1703520168387351,0.1253978642447159,0.174307565132187,0.7134544210726039
all_observed,southern_extratropical,blue_purple__large_bee_form_given_colour,large_bee_associated_form,floral_form,pilot,30,conditional_selfing,fit,183,37,6.0,0.04042385600473197,0.057640962637889724,0.483113119424652,-0.11153483124627367,0.09640121485462756,0.24727818502133914,0.6763583671945128,large_bee_associated_form,floral_form,30,fit,183,37,6.0,0.0499979485050459,0.0612157869404418,0.4140717358470908,-0.1141649223399474,0.0944688877868682,0.2268579604549384,0.5797004301859271
all_observed,southern_extratropical,red_pink__bird_deep_tube_given_colour,bird_associated_intermediate_deep_tube,tube_depth_class,pilot,30,conditional_selfing,fit,179,36,5.0,0.10626104077382822,0.11812811991866139,0.3683647762804657,-0.1281437205614493,0.202267213532449,0.5263831658612643,0.5730118742140577,bird_associated_intermediate_deep_tube,tube_depth_class,30,fit,179,36,5.0,0.0612806716376679,0.1298113512753725,0.6368733772408628,-0.1139710891934093,0.2093641790726627,0.5861884925829276,0.7134544210726039
all_observed,southern_extratropical,red_pink__bird_form_given_colour,bird_associated_form,floral_form,pilot,30,conditional_selfing,fit,201,38,6.0,-0.024846515573882316,0.05525783629404062,0.6529650547139607,-0.30283598056133476,0.07773719730309606,9.794057425777049e-05,0.7617925638329542,bird_associated_form,floral_form,30,fit,201,38,6.0,-0.022048526682183,0.060041627234969,0.7134544210726039,-0.3047121265594795,0.0786553527237788,0.0001070562026633,0.7134544210726039
all_observed,southern_extratropical,red_pink__butterfly_deep_tube_given_colour,butterfly_associated_deep_tube,tube_depth_class,pilot,30,conditional_selfing,fit,179,36,5.0,0.2248544175788724,0.05142202275761124,1.2270466843672626e-05,-0.15434346169563362,0.1271662762326506,0.2248570407706555,0.00017178653581141677,butterfly_associated_deep_tube,tube_depth_class,30,fit,179,36,5.0,0.1684899465273239,0.089939733150654,0.0610180022386949,-0.131501343279528,0.1335497134996597,0.3247900679700186,0.1423753385569548
all_observed,southern_extratropical,red_pink__butterfly_form_given_colour,butterfly_associated_form,floral_form,pilot,30,conditional_selfing,fit,201,38,6.0,0.08655147431522242,0.037146515079230814,0.01980601711624032,-0.08562246357112269,0.10778369094805713,0.4269674665310556,0.04621403993789408,butterfly_associated_form,floral_form,30,fit,201,38,6.0,0.0754164741019376,0.0419191626262557,0.0720039630098233,-0.0778498098290678,0.1140192186857126,0.4947471569766005,0.1440079260196466
all_observed,southern_extratropical,yellow_orange__bird_deep_tube_given_colour,bird_associated_intermediate_deep_tube,tube_depth_class,pilot,30,conditional_selfing,fit,176,34,8.0,0.18323861641650827,0.06495842764259457,0.004789513171281776,-0.2550200590203393,0.13567712036224544,0.06016126264561903,0.021243350223359773,bird_associated_intermediate_deep_tube,tube_depth_class,30,fit,176,34,8.0,0.1923759995088549,0.0642728372104023,0.0027614558440943,-0.2597646249946526,0.1309529985546923,0.0472951186662259,0.0128867939391069
all_observed,southern_extratropical,yellow_orange__bird_form_given_colour,bird_associated_form,floral_form,pilot,30,conditional_selfing,fit,185,35,11.0,-0.11281285910518088,0.04111253759744768,0.00606952863524565,-0.328013985009425,0.10260485565854092,0.0013892940058754066,0.021243350223359773,bird_associated_form,floral_form,30,fit,185,35,11.0,-0.1249542942759391,0.0380303226238583,0.0010174768632884,-0.3225559068078192,0.1014359499013419,0.001473272380452,0.0128867939391069
all_observed,southern_extratropical,yellow_orange__butterfly_deep_tube_given_colour,butterfly_associated_deep_tube,tube_depth_class,pilot,30,conditional_selfing,fit,176,34,8.0,0.19899961483863066,0.08364150845587885,0.017350406920628097,-0.030622719725463377,0.20696076431226657,0.882371266257558,0.04621403993789408,butterfly_associated_deep_tube,tube_depth_class,30,fit,176,34,8.0,0.2054671529711224,0.087378767768781,0.0187002016657954,-0.0359340251008784,0.2094801771783652,0.8637999485950913,0.0654507058302841
all_observed,southern_extratropical,yellow_orange__butterfly_form_given_colour,butterfly_associated_form,floral_form,pilot,30,conditional_selfing,fit,185,35,11.0,-0.06714138395926614,0.04035396846063814,0.09615016868482855,-0.21137407164379152,0.09639099794921056,0.028315891424820272,0.16826279519844997,butterfly_associated_form,floral_form,30,fit,185,35,11.0,-0.0782534948480836,0.0372287723744991,0.0355565340547107,-0.2061686324639273,0.0962416302104415,0.0321775484534529,0.0995582953531899
all_observed,southern_extratropical,yellow_orange__large_bee_deep_tube_given_colour,large_bee_associated_intermediate_deep_tube,tube_depth_class,pilot,30,conditional_selfing,fit,176,34,8.0,0.18323861641650827,0.06495842764259457,0.004789513171281776,-0.2550200590203393,0.13567712036224544,0.06016126264561903,0.021243350223359773,large_bee_associated_intermediate_deep_tube,tube_depth_class,30,fit,176,34,8.0,0.1923759995088549,0.0642728372104023,0.0027614558440943,-0.2597646249946526,0.1309529985546923,0.0472951186662259,0.0128867939391069
all_observed,southern_extratropical,yellow_orange__large_bee_form_given_colour,large_bee_associated_form,floral_form,pilot,30,conditional_selfing,fit,185,35,11.0,0.024492505864580294,0.043134410636949054,0.5701583816048665,0.1069373339725006,0.06702693200501081,0.11061425867575143,0.7256561220425574,large_bee_associated_form,floral_form,30,fit,185,35,11.0,0.0218941887717874,0.0415297840887412,0.5980599486136008,0.1083017588368071,0.0655716995384226,0.098605108135714,0.7134544210726039
all_observed,southern_extratropical,blue_purple__butterfly_deep_tube_given_colour,butterfly_associated_deep_tube,tube_depth_class,pilot,30,unconditional,fit,175,36,4.0,-0.020439614742218948,0.047634511674880815,0.6678558636404825,,,,0.6859186574454501,butterfly_associated_deep_tube,tube_depth_class,30,fit,175,36,4.0,-0.0613844515042056,0.0648891065348645,0.3441536426141838,,,,0.4112257780485455
all_observed,southern_extratropical,blue_purple__butterfly_form_given_colour,butterfly_associated_form,floral_form,pilot,30,unconditional,fit,185,37,6.0,-0.1176685365945962,0.05462924739848475,0.031244281079170384,,,,0.07290332251806424,butterfly_associated_form,floral_form,30,fit,185,37,6.0,-0.1226503430792619,0.0635928595138422,0.0537704701501664,,,,0.1254644303503884
all_observed,southern_extratropical,blue_purple__large_bee_deep_tube_given_colour,large_bee_associated_intermediate_deep_tube,tube_depth_class,pilot,30,unconditional,fit,175,36,4.0,-0.01627848131263565,0.036640307618189774,0.656841630153004,,,,0.6859186574454501,large_bee_associated_intermediate_deep_tube,tube_depth_class,30,fit,175,36,4.0,-0.0463087679768119,0.0498055599214501,0.3524792383273247,,,,0.4112257780485455
all_observed,southern_extratropical,blue_purple__large_bee_form_given_colour,large_bee_associated_form,floral_form,pilot,30,unconditional,fit,185,37,6.0,0.0226359783955581,0.055974240241708974,0.6859186574454501,,,,0.6859186574454501,large_bee_associated_form,floral_form,30,fit,185,37,6.0,0.0318237120563278,0.0615002270061424,0.6048373023176248,,,,0.6513632486497497
all_observed,southern_extratropical,red_pink__bird_deep_tube_given_colour,bird_associated_intermediate_deep_tube,tube_depth_class,pilot,30,unconditional,fit,179,36,5.0,0.09061051993817693,0.11400204308292017,0.4267211953094738,,,,0.5430997031211485,bird_associated_intermediate_deep_tube,tube_depth_class,30,fit,179,36,5.0,0.0467790835756688,0.1293664237998408,0.7176498974272482,,,,0.7176498974272482
all_observed,southern_extratropical,red_pink__bird_form_given_colour,bird_associated_form,floral_form,pilot,30,unconditional,fit,207,38,5.0,-0.07072113609847902,0.061356944633838874,0.24906709606094635,,,,0.3874377049836943,bird_associated_form,floral_form,30,fit,207,38,5.0,-0.0741246491844294,0.0689063206685937,0.282047683265752,,,,0.4112257780485455
all_observed,southern_extratropical,red_pink__butterfly_deep_tube_given_colour,butterfly_associated_deep_tube,tube_depth_class,pilot,30,unconditional,fit,179,36,5.0,0.20287220332763298,0.05187609370927189,9.202634916373405e-05,,,,0.0006441844441461384,butterfly_associated_deep_tube,tube_depth_class,30,fit,179,36,5.0,0.1478314447904023,0.0875430865889084,0.0912825547384233,,,,0.1825651094768467
all_observed,southern_extratropical,red_pink__butterfly_form_given_colour,butterfly_associated_form,floral_form,pilot,30,unconditional,fit,207,38,5.0,0.07149999352235831,0.03290607688651445,0.029791552962570318,,,,0.07290332251806424,butterfly_associated_form,floral_form,30,fit,207,38,5.0,0.0577622204963395,0.0372059883003867,0.1205431232793076,,,,0.2109504657387883
all_observed,southern_extratropical,yellow_orange__bird_deep_tube_given_colour,bird_associated_intermediate_deep_tube,tube_depth_class,pilot,30,unconditional,fit,176,34,8.0,0.14405532559403417,0.07129944787917063,0.04333912093232274,,,,0.0758434616315648,bird_associated_intermediate_deep_tube,tube_depth_class,30,fit,176,34,8.0,0.1517263444626558,0.0723859074054959,0.0360754726554571,,,,0.10101132343528
all_observed,southern_extratropical,yellow_orange__bird_form_given_colour,bird_associated_form,floral_form,pilot,30,unconditional,fit,190,35,11.0,-0.16143367818480786,0.039464004724961164,4.301542666208273e-05,,,,0.0006022159732691583,bird_associated_form,floral_form,30,fit,190,35,11.0,-0.1718898542448953,0.0396323559114961,1.4436892882451624e-05,,,,0.0002021165003543
all_observed,southern_extratropical,yellow_orange__butterfly_deep_tube_given_colour,butterfly_associated_deep_tube,tube_depth_class,pilot,30,unconditional,fit,176,34,8.0,0.19424675850150885,0.07312350390680698,0.007897512176853198,,,,0.027641292618986193,butterfly_associated_deep_tube,tube_depth_class,30,fit,176,34,8.0,0.1995053621121533,0.0768997163256913,0.0094767866628303,,,,0.0442250044265415
all_observed,southern_extratropical,yellow_orange__butterfly_form_given_colour,butterfly_associated_form,floral_form,pilot,30,unconditional,fit,190,35,11.0,-0.09961615906462151,0.03635652774047363,0.006144292217296488,,,,0.027641292618986193,butterfly_associated_form,floral_form,30,fit,190,35,11.0,-0.1091431896964116,0.0339731623736646,0.0013152575725499,,,,0.0092068030078495
all_observed,southern_extratropical,yellow_orange__large_bee_deep_tube_given_colour,large_bee_associated_intermediate_deep_tube,tube_depth_class,pilot,30,unconditional,fit,176,34,8.0,0.14405532559403417,0.07129944787917063,0.04333912093232274,,,,0.0758434616315648,large_bee_associated_intermediate_deep_tube,tube_depth_class,30,fit,176,34,8.0,0.1517263444626558,0.0723859074054959,0.0360754726554571,,,,0.10101132343528
all_observed,southern_extratropical,yellow_orange__large_bee_form_given_colour,large_bee_associated_form,floral_form,pilot,30,unconditional,fit,190,35,11.0,0.041199655856161255,0.039521159451470514,0.29719344311549406,,,,0.4160708203616917,large_bee_associated_form,floral_form,30,fit,190,35,11.0,0.0387975247824872,0.0389966966796233,0.3197885044299222,,,,0.4112257780485455
all_observed,tropical,blue_purple__butterfly_deep_tube_given_colour,butterfly_associated_deep_tube,tube_depth_class,confirmatory,50,conditional_selfing,fit,903,99,6.0,0.024641889384412904,0.03283045225355263,0.4529053048675656,-0.01897955959146347,0.03509537213863064,0.5886457897366908,0.6850916513672995,butterfly_associated_deep_tube,tube_depth_class,50,fit,903,99,6.0,0.0219834148048538,0.0314674794850607,0.4847974024129759,-0.0183374134746645,0.0350504073471375,0.6008541325871775,0.6787163633781663
all_observed,tropical,blue_purple__butterfly_form_given_colour,butterfly_associated_form,floral_form,confirmatory,50,conditional_selfing,fit,804,99,4.0,-0.025205993168975302,0.03274240712710316,0.4414024466986467,0.041451004004521785,0.04104048948733716,0.3124940103253372,0.6850916513672995,butterfly_associated_form,floral_form,50,fit,804,99,4.0,-0.0302678240909863,0.0325257635743304,0.3520708795781663,0.04411527216716,0.0411687696453744,0.2839126281489724,0.6787163633781663
all_observed,tropical,blue_purple__large_bee_deep_tube_given_colour,large_bee_associated_intermediate_deep_tube,tube_depth_class,confirmatory,50,conditional_selfing,fit,903,99,6.0,0.08385979289711254,0.03450667165721603,0.015088466659559482,-0.12580112630052476,0.04380934994053526,0.004084527284724887,0.10561926661691637,large_bee_associated_intermediate_deep_tube,tube_depth_class,50,fit,903,99,6.0,0.083434310030894,0.0340303133739347,0.0142157714866055,-0.1275082759693218,0.044138683738132,0.0038670251302493,0.0995104004062385
all_observed,tropical,blue_purple__large_bee_form_given_colour,large_bee_associated_form,floral_form,confirmatory,50,conditional_selfing,fit,804,99,4.0,-0.05270826440497636,0.04336506684728636,0.2241928033445115,-0.17566381978098958,0.04297468585484684,4.35837233901035e-05,0.6850916513672995,large_bee_associated_form,floral_form,50,fit,804,99,4.0,-0.053081430073624,0.0435193631135022,0.222571102574938,-0.1745222556138171,0.0433889274297293,5.763838082835368e-05,0.6787163633781663
all_observed,tropical,red_pink__bird_deep_tube_given_colour,bird_associated_intermediate_deep_tube,tube_depth_class,confirmatory,50,conditional_selfing,fit,902,98,6.0,0.002851390999678849,0.039932712431030776,0.9430755166704965,-0.032924147454133745,0.060920708294773585,0.5888918193888298,0.9430755166704964,bird_associated_intermediate_deep_tube,tube_depth_class,50,fit,902,98,6.0,0.0032420760911791,0.0386738985299887,0.9331907077411576,-0.0331349739411381,0.0608063752673172,0.5858044237305893,0.9419091322027
all_observed,tropical,red_pink__bird_form_given_colour,bird_associated_form,floral_form,confirmatory,50,conditional_selfing,fit,814,98,4.0,0.002729662940573363,0.038117006348764984,0.9429101078333518,-0.19812476289553294,0.055584579230217555,0.00036471224673979803,0.9430755166704964,bird_associated_form,floral_form,50,fit,814,98,4.0,0.0026150586774016,0.0358863602320853,0.9419091322027,-0.1981378389228592,0.0557527811457671,0.0003796145054032,0.9419091322027
all_observed,tropical,red_pink__butterfly_deep_tube_given_colour,butterfly_associated_deep_tube,tube_depth_class,confirmatory,50,conditional_selfing,fit,902,98,6.0,-0.04629567904092491,0.041899863267518954,0.26919754307209665,0.047456049183425275,0.039950490438387214,0.23488403779323397,0.6850916513672995,butterfly_associated_deep_tube,tube_depth_class,50,fit,902,98,6.0,-0.039382388181287,0.0402214597314346,0.3275114473498001,0.0455728268576016,0.0402102617047622,0.257061803306727,0.6787163633781663
all_observed,tropical,red_pink__butterfly_form_given_colour,butterfly_associated_form,floral_form,confirmatory,50,conditional_selfing,fit,814,98,4.0,-0.022546971265388766,0.03737779091128929,0.5463634080385184,-0.055334624771209956,0.06160571184449092,0.36907569404351065,0.6953716102308415,butterfly_associated_form,floral_form,50,fit,814,98,4.0,-0.0148119434981325,0.0383823473060198,0.6995669548921097,-0.0578840864274137,0.0616989992079684,0.3481575830685355,0.8903579425899579
all_observed,tropical,yellow_orange__bird_deep_tube_given_colour,bird_associated_intermediate_deep_tube,tube_depth_class,confirmatory,50,conditional_selfing,fit,944,102,7.0,-0.03857806151040942,0.05580177264989247,0.4893511795480711,0.23360435491389775,0.04448869566927293,1.5138254097912114e-07,0.6850916513672995,bird_associated_intermediate_deep_tube,tube_depth_class,50,fit,944,102,7.0,-0.0430222301603606,0.0552833244083048,0.4364431511500333,0.2358574451988533,0.0442699071838863,9.945605954952425e-08,0.6787163633781663
all_observed,tropical,yellow_orange__bird_form_given_colour,bird_associated_form,floral_form,confirmatory,50,conditional_selfing,fit,900,100,6.0,-0.0670316293734228,0.034817145514088425,0.05419837699637352,-0.14431959147303275,0.048563683662301536,0.0029609846452992145,0.25292575931640976,bird_associated_form,floral_form,50,fit,900,100,6.0,-0.0668628020994759,0.0337172658713556,0.0473625801418284,-0.1430640698561879,0.0493594134229548,0.0037505381971578,0.2210253739951994
all_observed,tropical,yellow_orange__butterfly_deep_tube_given_colour,butterfly_associated_deep_tube,tube_depth_class,confirmatory,50,conditional_selfing,fit,944,102,7.0,0.013102497554230652,0.04851690820155826,0.7871137563116214,0.2070788056640992,0.05473500013405456,0.0001547640576261594,0.9182993823635583,butterfly_associated_deep_tube,tube_depth_class,50,fit,944,102,7.0,0.0121650568735039,0.0486773684501328,0.8026554288771818,0.2072456692911691,0.0540371123243144,0.0001254382047467,0.9364313336900456
all_observed,tropical,yellow_orange__butterfly_form_given_colour,butterfly_associated_form,floral_form,confirmatory,50,conditional_selfing,fit,900,100,6.0,-0.12284226003043328,0.049208891112557156,0.012548127977617538,0.030975678572082554,0.0583231351494102,0.5953463774500931,0.10561926661691637,butterfly_associated_form,floral_form,50,fit,900,100,6.0,-0.1213051089829754,0.0491714993246045,0.0136257940210344,0.0329306427198915,0.0587457524572205,0.5750960902427374,0.0995104004062385
all_observed,tropical,yellow_orange__large_bee_deep_tube_given_colour,large_bee_associated_intermediate_deep_tube,tube_depth_class,confirmatory,50,conditional_selfing,fit,944,102,7.0,-0.03857806151040942,0.05580177264989247,0.4893511795480711,0.23360435491389775,0.04448869566927293,1.5138254097912114e-07,0.6850916513672995,large_bee_associated_intermediate_deep_tube,tube_depth_class,50,fit,944,102,7.0,-0.0430222301603606,0.0552833244083048,0.4364431511500333,0.2358574451988533,0.0442699071838863,9.945605954952425e-08,0.6787163633781663
all_observed,tropical,yellow_orange__large_bee_form_given_colour,large_bee_associated_form,floral_form,confirmatory,50,conditional_selfing,fit,900,100,6.0,0.03898794290089994,0.045011091542906036,0.38638858905268814,-0.18385855950890984,0.05318984925729079,0.0005469397877697165,0.6850916513672995,large_bee_associated_form,floral_form,50,fit,900,100,6.0,0.0381792012665855,0.0435764043101993,0.3809518042324429,-0.1843203620137636,0.0540049919781542,0.0006424616053964,0.6787163633781663
all_observed,tropical,blue_purple__butterfly_deep_tube_given_colour,butterfly_associated_deep_tube,tube_depth_class,confirmatory,50,unconditional,fit,980,100,5.0,0.02310094077486996,0.03226503442242089,0.4740071159329765,,,,0.737344402562408,butterfly_associated_deep_tube,tube_depth_class,50,fit,980,100,5.0,0.0214385886000909,0.0309968102576662,0.4891643522077772,,,,0.7581462474599354
all_observed,tropical,blue_purple__butterfly_form_given_colour,butterfly_associated_form,floral_form,confirmatory,50,unconditional,fit,843,103,4.0,-0.015504149905268369,0.03103121262538736,0.6173350593016422,,,,0.8642690830222991,butterfly_associated_form,floral_form,50,fit,843,103,4.0,-0.0194817137103975,0.030976227133447,0.5293983682972027,,,,0.7581462474599354
all_observed,tropical,blue_purple__large_bee_deep_tube_given_colour,large_bee_associated_intermediate_deep_tube,tube_depth_class,confirmatory,50,unconditional,fit,980,100,5.0,0.06175047261325517,0.03407796517178457,0.06998075694001955,,,,0.24493264929006844,large_bee_associated_intermediate_deep_tube,tube_depth_class,50,fit,980,100,5.0,0.0609315925571628,0.0332474346299266,0.0668515872765055,,,,0.2339805554677692
all_observed,tropical,blue_purple__large_bee_form_given_colour,large_bee_associated_form,floral_form,confirmatory,50,unconditional,fit,843,103,4.0,-0.087190142070033,0.04165630579704311,0.036341667641981976,,,,0.1695944489959159,large_bee_associated_form,floral_form,50,fit,843,103,4.0,-0.0888630970446974,0.0412529837174734,0.0312322453683281,,,,0.1457504783855312
all_observed,tropical,red_pink__bird_deep_tube_given_colour,bird_associated_intermediate_deep_tube,tube_depth_class,confirmatory,50,unconditional,fit,979,99,5.0,-0.009413078807743003,0.03802613790940705,0.8044885353983793,,,,0.9622612047803901,bird_associated_intermediate_deep_tube,tube_depth_class,50,fit,979,99,5.0,-0.0087342823732227,0.0367773526181609,0.8122760666220503,,,,0.9749930928711054
all_observed,tropical,red_pink__bird_form_given_colour,bird_associated_form,floral_form,confirmatory,50,unconditional,fit,850,100,4.0,-0.030675323547143085,0.04011225345321423,0.44442818125734196,,,,0.737344402562408,bird_associated_form,floral_form,50,fit,850,100,4.0,-0.0319127101412907,0.0378097695302785,0.3986507150960323,,,,0.7581462474599354
all_observed,tropical,red_pink__butterfly_deep_tube_given_colour,butterfly_associated_deep_tube,tube_depth_class,confirmatory,50,unconditional,fit,979,99,5.0,-0.039400175900101225,0.03883547144508883,0.31032470213095237,,,,0.7240909716388888,butterfly_associated_deep_tube,tube_depth_class,50,fit,979,99,5.0,-0.032003100874746,0.0368797523986889,0.3855208778468917,,,,0.7581462474599354
all_observed,tropical,red_pink__butterfly_form_given_colour,butterfly_associated_form,floral_form,confirmatory,50,unconditional,fit,850,100,4.0,-0.03133368970260479,0.039251494813248994,0.42470792660958945,,,,0.737344402562408,butterfly_associated_form,floral_form,50,fit,850,100,4.0,-0.0244394255602945,0.0400320558019314,0.5415330338999539,,,,0.7581462474599354
all_observed,tropical,yellow_orange__bird_deep_tube_given_colour,bird_associated_intermediate_deep_tube,tube_depth_class,confirmatory,50,unconditional,fit,1020,103,6.0,0.002685887605680004,0.056764633441602694,0.9622612047803901,,,,0.9622612047803901,bird_associated_intermediate_deep_tube,tube_depth_class,50,fit,1020,103,6.0,-0.001741324143045,0.0555505780565673,0.9749930928711056,,,,0.9749930928711054
all_observed,tropical,yellow_orange__bird_form_given_colour,bird_associated_form,floral_form,confirmatory,50,unconditional,fit,964,101,5.0,-0.0918090758694654,0.032938344801778714,0.005314911398550293,,,,0.0744087595797041,bird_associated_form,floral_form,50,fit,964,101,5.0,-0.0917772073609665,0.0311998926165187,0.0032653480493682,,,,0.0457148726911548
all_observed,tropical,yellow_orange__butterfly_deep_tube_given_colour,butterfly_associated_deep_tube,tube_depth_class,confirmatory,50,unconditional,fit,1020,103,6.0,0.049995948705583326,0.049140114126157826,0.30895547356577174,,,,0.7240909716388888,butterfly_associated_deep_tube,tube_depth_class,50,fit,1020,103,6.0,0.0497200317044527,0.049367921514756,0.3138711684084135,,,,0.7581462474599354
all_observed,tropical,yellow_orange__butterfly_form_given_colour,butterfly_associated_form,floral_form,confirmatory,50,unconditional,fit,964,101,5.0,-0.1164360785456971,0.04849563408830841,0.016352123000353127,,,,0.11446486100247188,butterfly_associated_form,floral_form,50,fit,964,101,5.0,-0.1147803526018323,0.0482505671102622,0.0173672382628595,,,,0.1215706678400166
all_observed,tropical,yellow_orange__large_bee_deep_tube_given_colour,large_bee_associated_intermediate_deep_tube,tube_depth_class,confirmatory,50,unconditional,fit,1020,103,6.0,0.002685887605680004,0.056764633441602694,0.9622612047803901,,,,0.9622612047803901,large_bee_associated_intermediate_deep_tube,tube_depth_class,50,fit,1020,103,6.0,-0.001741324143045,0.0555505780565673,0.9749930928711056,,,,0.9749930928711054
all_observed,tropical,yellow_orange__large_bee_form_given_colour,large_bee_associated_form,floral_form,confirmatory,50,unconditional,fit,964,101,5.0,0.008264276118418512,0.04496334942203478,0.854170138131081,,,,0.9622612047803901,large_bee_associated_form,floral_form,50,fit,964,101,5.0,0.006845432023442,0.0433145921163154,0.874425390562195,,,,0.9749930928711054
all_observed,tropical,blue_purple__butterfly_deep_tube_given_colour,butterfly_associated_deep_tube,tube_depth_class,pilot,30,conditional_selfing,fit,903,99,6.0,0.024641889384412904,0.03283045225355263,0.4529053048675656,-0.01897955959146347,0.03509537213863064,0.5886457897366908,0.6850916513672995,butterfly_associated_deep_tube,tube_depth_class,30,fit,903,99,6.0,0.0219834148048538,0.0314674794850607,0.4847974024129759,-0.0183374134746645,0.0350504073471375,0.6008541325871775,0.6787163633781663
all_observed,tropical,blue_purple__butterfly_form_given_colour,butterfly_associated_form,floral_form,pilot,30,conditional_selfing,fit,804,99,4.0,-0.025205993168975302,0.03274240712710316,0.4414024466986467,0.041451004004521785,0.04104048948733716,0.3124940103253372,0.6850916513672995,butterfly_associated_form,floral_form,30,fit,804,99,4.0,-0.0302678240909863,0.0325257635743304,0.3520708795781663,0.04411527216716,0.0411687696453744,0.2839126281489724,0.6787163633781663
all_observed,tropical,blue_purple__large_bee_deep_tube_given_colour,large_bee_associated_intermediate_deep_tube,tube_depth_class,pilot,30,conditional_selfing,fit,903,99,6.0,0.08385979289711254,0.03450667165721603,0.015088466659559482,-0.12580112630052476,0.04380934994053526,0.004084527284724887,0.10561926661691637,large_bee_associated_intermediate_deep_tube,tube_depth_class,30,fit,903,99,6.0,0.083434310030894,0.0340303133739347,0.0142157714866055,-0.1275082759693218,0.044138683738132,0.0038670251302493,0.0995104004062385
all_observed,tropical,blue_purple__large_bee_form_given_colour,large_bee_associated_form,floral_form,pilot,30,conditional_selfing,fit,804,99,4.0,-0.05270826440497636,0.04336506684728636,0.2241928033445115,-0.17566381978098958,0.04297468585484684,4.35837233901035e-05,0.6850916513672995,large_bee_associated_form,floral_form,30,fit,804,99,4.0,-0.053081430073624,0.0435193631135022,0.222571102574938,-0.1745222556138171,0.0433889274297293,5.763838082835368e-05,0.6787163633781663
all_observed,tropical,red_pink__bird_deep_tube_given_colour,bird_associated_intermediate_deep_tube,tube_depth_class,pilot,30,conditional_selfing,fit,902,98,6.0,0.002851390999678849,0.039932712431030776,0.9430755166704965,-0.032924147454133745,0.060920708294773585,0.5888918193888298,0.9430755166704964,bird_associated_intermediate_deep_tube,tube_depth_class,30,fit,902,98,6.0,0.0032420760911791,0.0386738985299887,0.9331907077411576,-0.0331349739411381,0.0608063752673172,0.5858044237305893,0.9419091322027
all_observed,tropical,red_pink__bird_form_given_colour,bird_associated_form,floral_form,pilot,30,conditional_selfing,fit,814,98,4.0,0.002729662940573363,0.038117006348764984,0.9429101078333518,-0.19812476289553294,0.055584579230217555,0.00036471224673979803,0.9430755166704964,bird_associated_form,floral_form,30,fit,814,98,4.0,0.0026150586774016,0.0358863602320853,0.9419091322027,-0.1981378389228592,0.0557527811457671,0.0003796145054032,0.9419091322027
all_observed,tropical,red_pink__butterfly_deep_tube_given_colour,butterfly_associated_deep_tube,tube_depth_class,pilot,30,conditional_selfing,fit,902,98,6.0,-0.04629567904092491,0.041899863267518954,0.26919754307209665,0.047456049183425275,0.039950490438387214,0.23488403779323397,0.6850916513672995,butterfly_associated_deep_tube,tube_depth_class,30,fit,902,98,6.0,-0.039382388181287,0.0402214597314346,0.3275114473498001,0.0455728268576016,0.0402102617047622,0.257061803306727,0.6787163633781663
all_observed,tropical,red_pink__butterfly_form_given_colour,butterfly_associated_form,floral_form,pilot,30,conditional_selfing,fit,814,98,4.0,-0.022546971265388766,0.03737779091128929,0.5463634080385184,-0.055334624771209956,0.06160571184449092,0.36907569404351065,0.6953716102308415,butterfly_associated_form,floral_form,30,fit,814,98,4.0,-0.0148119434981325,0.0383823473060198,0.6995669548921097,-0.0578840864274137,0.0616989992079684,0.3481575830685355,0.8903579425899579
all_observed,tropical,yellow_orange__bird_deep_tube_given_colour,bird_associated_intermediate_deep_tube,tube_depth_class,pilot,30,conditional_selfing,fit,944,102,7.0,-0.03857806151040942,0.05580177264989247,0.4893511795480711,0.23360435491389775,0.04448869566927293,1.5138254097912114e-07,0.6850916513672995,bird_associated_intermediate_deep_tube,tube_depth_class,30,fit,944,102,7.0,-0.0430222301603606,0.0552833244083048,0.4364431511500333,0.2358574451988533,0.0442699071838863,9.945605954952425e-08,0.6787163633781663
all_observed,tropical,yellow_orange__bird_form_given_colour,bird_associated_form,floral_form,pilot,30,conditional_selfing,fit,900,100,6.0,-0.0670316293734228,0.034817145514088425,0.05419837699637352,-0.14431959147303275,0.048563683662301536,0.0029609846452992145,0.25292575931640976,bird_associated_form,floral_form,30,fit,900,100,6.0,-0.0668628020994759,0.0337172658713556,0.0473625801418284,-0.1430640698561879,0.0493594134229548,0.0037505381971578,0.2210253739951994
all_observed,tropical,yellow_orange__butterfly_deep_tube_given_colour,butterfly_associated_deep_tube,tube_depth_class,pilot,30,conditional_selfing,fit,944,102,7.0,0.013102497554230652,0.04851690820155826,0.7871137563116214,0.2070788056640992,0.05473500013405456,0.0001547640576261594,0.9182993823635583,butterfly_associated_deep_tube,tube_depth_class,30,fit,944,102,7.0,0.0121650568735039,0.0486773684501328,0.8026554288771818,0.2072456692911691,0.0540371123243144,0.0001254382047467,0.9364313336900456
all_observed,tropical,yellow_orange__butterfly_form_given_colour,butterfly_associated_form,floral_form,pilot,30,conditional_selfing,fit,900,100,6.0,-0.12284226003043328,0.049208891112557156,0.012548127977617538,0.030975678572082554,0.0583231351494102,0.5953463774500931,0.10561926661691637,butterfly_associated_form,floral_form,30,fit,900,100,6.0,-0.1213051089829754,0.0491714993246045,0.0136257940210344,0.0329306427198915,0.0587457524572205,0.5750960902427374,0.0995104004062385
all_observed,tropical,yellow_orange__large_bee_deep_tube_given_colour,large_bee_associated_intermediate_deep_tube,tube_depth_class,pilot,30,conditional_selfing,fit,944,102,7.0,-0.03857806151040942,0.05580177264989247,0.4893511795480711,0.23360435491389775,0.04448869566927293,1.5138254097912114e-07,0.6850916513672995,large_bee_associated_intermediate_deep_tube,tube_depth_class,30,fit,944,102,7.0,-0.0430222301603606,0.0552833244083048,0.4364431511500333,0.2358574451988533,0.0442699071838863,9.945605954952425e-08,0.6787163633781663
all_observed,tropical,yellow_orange__large_bee_form_given_colour,large_bee_associated_form,floral_form,pilot,30,conditional_selfing,fit,900,100,6.0,0.03898794290089994,0.045011091542906036,0.38638858905268814,-0.18385855950890984,0.05318984925729079,0.0005469397877697165,0.6850916513672995,large_bee_associated_form,floral_form,30,fit,900,100,6.0,0.0381792012665855,0.0435764043101993,0.3809518042324429,-0.1843203620137636,0.0540049919781542,0.0006424616053964,0.6787163633781663
all_observed,tropical,blue_purple__butterfly_deep_tube_given_colour,butterfly_associated_deep_tube,tube_depth_class,pilot,30,unconditional,fit,980,100,5.0,0.02310094077486996,0.03226503442242089,0.4740071159329765,,,,0.737344402562408,butterfly_associated_deep_tube,tube_depth_class,30,fit,980,100,5.0,0.0214385886000909,0.0309968102576662,0.4891643522077772,,,,0.7581462474599354
all_observed,tropical,blue_purple__butterfly_form_given_colour,butterfly_associated_form,floral_form,pilot,30,unconditional,fit,843,103,4.0,-0.015504149905268369,0.03103121262538736,0.6173350593016422,,,,0.8642690830222991,butterfly_associated_form,floral_form,30,fit,843,103,4.0,-0.0194817137103975,0.030976227133447,0.5293983682972027,,,,0.7581462474599354
all_observed,tropical,blue_purple__large_bee_deep_tube_given_colour,large_bee_associated_intermediate_deep_tube,tube_depth_class,pilot,30,unconditional,fit,980,100,5.0,0.06175047261325517,0.03407796517178457,0.06998075694001955,,,,0.24493264929006844,large_bee_associated_intermediate_deep_tube,tube_depth_class,30,fit,980,100,5.0,0.0609315925571628,0.0332474346299266,0.0668515872765055,,,,0.2339805554677692
all_observed,tropical,blue_purple__large_bee_form_given_colour,large_bee_associated_form,floral_form,pilot,30,unconditional,fit,843,103,4.0,-0.087190142070033,0.04165630579704311,0.036341667641981976,,,,0.1695944489959159,large_bee_associated_form,floral_form,30,fit,843,103,4.0,-0.0888630970446974,0.0412529837174734,0.0312322453683281,,,,0.1457504783855312
all_observed,tropical,red_pink__bird_deep_tube_given_colour,bird_associated_intermediate_deep_tube,tube_depth_class,pilot,30,unconditional,fit,979,99,5.0,-0.009413078807743003,0.03802613790940705,0.8044885353983793,,,,0.9622612047803901,bird_associated_intermediate_deep_tube,tube_depth_class,30,fit,979,99,5.0,-0.0087342823732227,0.0367773526181609,0.8122760666220503,,,,0.9749930928711054
all_observed,tropical,red_pink__bird_form_given_colour,bird_associated_form,floral_form,pilot,30,unconditional,fit,850,100,4.0,-0.030675323547143085,0.04011225345321423,0.44442818125734196,,,,0.737344402562408,bird_associated_form,floral_form,30,fit,850,100,4.0,-0.0319127101412907,0.0378097695302785,0.3986507150960323,,,,0.7581462474599354
all_observed,tropical,red_pink__butterfly_deep_tube_given_colour,butterfly_associated_deep_tube,tube_depth_class,pilot,30,unconditional,fit,979,99,5.0,-0.039400175900101225,0.03883547144508883,0.31032470213095237,,,,0.7240909716388888,butterfly_associated_deep_tube,tube_depth_class,30,fit,979,99,5.0,-0.032003100874746,0.0368797523986889,0.3855208778468917,,,,0.7581462474599354
all_observed,tropical,red_pink__butterfly_form_given_colour,butterfly_associated_form,floral_form,pilot,30,unconditional,fit,850,100,4.0,-0.03133368970260479,0.039251494813248994,0.42470792660958945,,,,0.737344402562408,butterfly_associated_form,floral_form,30,fit,850,100,4.0,-0.0244394255602945,0.0400320558019314,0.5415330338999539,,,,0.7581462474599354
all_observed,tropical,yellow_orange__bird_deep_tube_given_colour,bird_associated_intermediate_deep_tube,tube_depth_class,pilot,30,unconditional,fit,1020,103,6.0,0.002685887605680004,0.056764633441602694,0.9622612047803901,,,,0.9622612047803901,bird_associated_intermediate_deep_tube,tube_depth_class,30,fit,1020,103,6.0,-0.001741324143045,0.0555505780565673,0.9749930928711056,,,,0.9749930928711054
all_observed,tropical,yellow_orange__bird_form_given_colour,bird_associated_form,floral_form,pilot,30,unconditional,fit,964,101,5.0,-0.0918090758694654,0.032938344801778714,0.005314911398550293,,,,0.0744087595797041,bird_associated_form,floral_form,30,fit,964,101,5.0,-0.0917772073609665,0.0311998926165187,0.0032653480493682,,,,0.0457148726911548
all_observed,tropical,yellow_orange__butterfly_deep_tube_given_colour,butterfly_associated_deep_tube,tube_depth_class,pilot,30,unconditional,fit,1020,103,6.0,0.049995948705583326,0.049140114126157826,0.30895547356577174,,,,0.7240909716388888,butterfly_associated_deep_tube,tube_depth_class,30,fit,1020,103,6.0,0.0497200317044527,0.049367921514756,0.3138711684084135,,,,0.7581462474599354
all_observed,tropical,yellow_orange__butterfly_form_given_colour,butterfly_associated_form,floral_form,pilot,30,unconditional,fit,964,101,5.0,-0.1164360785456971,0.04849563408830841,0.016352123000353127,,,,0.11446486100247188,butterfly_associated_form,floral_form,30,fit,964,101,5.0,-0.1147803526018323,0.0482505671102622,0.0173672382628595,,,,0.1215706678400166
all_observed,tropical,yellow_orange__large_bee_deep_tube_given_colour,large_bee_associated_intermediate_deep_tube,tube_depth_class,pilot,30,unconditional,fit,1020,103,6.0,0.002685887605680004,0.056764633441602694,0.9622612047803901,,,,0.9622612047803901,large_bee_associated_intermediate_deep_tube,tube_depth_class,30,fit,1020,103,6.0,-0.001741324143045,0.0555505780565673,0.9749930928711056,,,,0.9749930928711054
all_observed,tropical,yellow_orange__large_bee_form_given_colour,large_bee_associated_form,floral_form,pilot,30,unconditional,fit,964,101,5.0,0.008264276118418512,0.04496334942203478,0.854170138131081,,,,0.9622612047803901,large_bee_associated_form,floral_form,30,fit,964,101,5.0,0.006845432023442,0.0433145921163154,0.874425390562195,,,,0.9749930928711054
