accepted_species,page_title,original_source_url,archive_url,archive_timestamp,archive_cdx_digest,retrieved_at,response_sha256,normalized_content_fingerprint,audit_stratum,accepted_candidate_rows,rejected_candidate_rows,identity_correct,cultivar_status,reviewer,reviewed_at_utc,review_decision,review_reason
Areca caliso,Areca caliso - Palmpedia - Palm Grower's Guide,http://www.palmpedia.net:80/wiki/Areca_caliso,https://web.archive.org/web/20200217205358id_/http://www.palmpedia.net:80/wiki/Areca_caliso,20200217205358,HLN4BFDUO4TF7P47TKGEDKFV4PF5FQOF,2026-08-12T15:29:28.239071+00:00,e6e8b7c19b072ccb5eee3aacd1362a4028c7cc56330b92326f6e1cb12b6a6768,2f3a9cbd9573d872b09579a0e054ab6fde131a041e2dfd5b1fa446cb7400eade,no_supported_candidate_page,0,0,true,wild_species_treatment,Codex source-backed line-by-line evidence audit,2026-08-12T16:10:00Z,reviewed,exact species page reviewed; no explicit statement supporting a candidate for the strict three-axis traits was found
Areca macrocalyx,Areca macrocalyx - Palmpedia - Palm Grower's Guide,http://www.palmpedia.net:80/wiki/Areca_macrocalyx,https://web.archive.org/web/20200217205449id_/http://www.palmpedia.net:80/wiki/Areca_macrocalyx,20200217205449,DAV2JZFACUANWIBZRKDTJX54S3ZWY6TF,2026-08-12T15:28:40.921028+00:00,71e7e44a3ec26060f4dcdad29c9c4c660eb851daf416939ff14b4fc8921b8fea,074cc51d33083ed22164c85a7152c9c6a5ab0ab2efaf8ff06f8a3be9eb6534dc,no_supported_candidate_page,0,0,true,wild_species_treatment,Codex source-backed line-by-line evidence audit,2026-08-12T16:10:00Z,reviewed,exact species page reviewed; no explicit statement supporting a candidate for the strict three-axis traits was found
Areca minuta,Areca minuta - Palmpedia - Palm Grower's Guide,http://www.palmpedia.net:80/wiki/Areca_minuta,https://web.archive.org/web/20200217205459id_/http://www.palmpedia.net:80/wiki/Areca_minuta,20200217205459,XFQTI6BEUQ2ETOGU7AOCBH5MFWMS5B4T,2026-08-12T15:30:38.242796+00:00,ebcc476719cf74d4946db6ec9171e280ce47741b16d0a75f0f4e400d44f410e4,a818927519319b76ceb89ade553910287db321bc46fa86e153d6fbf1ba744dff,no_supported_candidate_page,0,0,true,wild_species_treatment,Codex source-backed line-by-line evidence audit,2026-08-12T16:10:00Z,reviewed,exact species page reviewed; no explicit statement supporting a candidate for the strict three-axis traits was found
Arenga brevipes,Arenga brevipes - Palmpedia - Palm Grower's Guide,http://www.palmpedia.net:80/wiki/Arenga_brevipes,https://web.archive.org/web/20200130232343id_/http://www.palmpedia.net:80/wiki/Arenga_brevipes,20200130232343,GUVZ5VOPZCGL2BKKV2PX6DSVCAI24EER,2026-08-12T15:29:39.854762+00:00,1959e66cacc8dbe297d96c2beecd143c431a50c624dbe2359dd5b6bc325d8417,43f904f7e2a7db1e4c2f30448c3337eafc5e722df7be5f55b9951a9b0d4b7322,no_supported_candidate_page,0,0,true,wild_species_treatment,Codex source-backed line-by-line evidence audit,2026-08-12T16:10:00Z,reviewed,exact species page reviewed; no explicit statement supporting a candidate for the strict three-axis traits was found
Arenga tremula,Arenga tremula - Palmpedia - Palm Grower's Guide,http://www.palmpedia.net:80/wiki/Arenga_tremula,https://web.archive.org/web/20200124142656id_/http://www.palmpedia.net:80/wiki/Arenga_tremula,20200124142656,P2AMQBXC2S3WPMN5TA7UCWU6QXM6P33T,2026-08-12T15:28:48.881388+00:00,d740d420123a926c312aa99e6a6e129602367e963f067bea55abb7a97a814fd9,036376f2409c213c389c10e43660336a2b0c2babdb584a5b2dabf7a25e1a0e73,no_supported_candidate_page,0,0,true,wild_species_treatment,Codex source-backed line-by-line evidence audit,2026-08-12T16:10:00Z,reviewed,exact species page reviewed; no explicit statement supporting a candidate for the strict three-axis traits was found
Basselinia eriostachys,Basselinia eriostachys - Palmpedia - Palm Grower's Guide,http://www.palmpedia.net:80/wiki/Basselinia_eriostachys,https://web.archive.org/web/20200125035921id_/http://www.palmpedia.net:80/wiki/Basselinia_eriostachys,20200125035921,K5K6Z4KP7UCJD5OR2DI6Z2GB33WHJ74L,2026-08-12T15:38:25.291482+00:00,8ceb034bf68b4dc695dc298bbbaf840f9863b0e62ba8b0627e82ad2382ff36a0,6a362c8932b20696caecea4efd7064e3e39cf58f37d60400be6e659fecdc037b,no_supported_candidate_page,0,0,true,wild_species_treatment,Codex source-backed line-by-line evidence audit,2026-08-12T16:10:00Z,reviewed,exact species page reviewed; no explicit statement supporting a candidate for the strict three-axis traits was found
Basselinia vestita,Basselinia vestita - Palmpedia - Palm Grower's Guide,http://www.palmpedia.net:80/wiki/Basselinia_vestita,https://web.archive.org/web/20200119122843id_/http://www.palmpedia.net:80/wiki/Basselinia_vestita,20200119122843,PY2DASM46SAGAMHNCSIYJCRL55IZ6DGE,2026-08-12T15:39:05.627887+00:00,0560d77ef8668cea97c27ad2898a6237668ca0051a291665fa3d5cfe5917d715,7f7789ea3c863d8379cbb2c4539d5a2c8534068fd031500bbe87a4e80c80e13d,no_supported_candidate_page,0,0,true,wild_species_treatment,Codex source-backed line-by-line evidence audit,2026-08-12T16:10:00Z,reviewed,exact species page reviewed; no explicit statement supporting a candidate for the strict three-axis traits was found
Beccariophoenix fenestralis,Beccariophoenix fenestralis - Palmpedia - Palm Grower's Guide,http://www.palmpedia.net:80/wiki/Beccariophoenix_fenestralis,https://web.archive.org/web/20200129185530id_/http://www.palmpedia.net:80/wiki/Beccariophoenix_fenestralis,20200129185530,FAZTQTRPK7Z7BNSVMKNAB3FOYDMGNUFC,2026-08-12T15:31:33.864054+00:00,1d605756184a3a82f3cae0db2a83a3cf0cf4922a779ecf300972a864004f2f11,fffcc057c23a67ef70d0d40016cb4086ac85be2b6d1d3ca2d5eebf278777a5c6,no_supported_candidate_page,0,0,true,wild_species_treatment,Codex source-backed line-by-line evidence audit,2026-08-12T16:10:00Z,reviewed,exact species page reviewed; no explicit statement supporting a candidate for the strict three-axis traits was found
Bismarckia nobilis,Bismarckia nobilis - Palmpedia - Palm Grower's Guide,http://www.palmpedia.net:80/wiki/Bismarckia_nobilis,https://web.archive.org/web/20200203115410id_/http://www.palmpedia.net:80/wiki/Bismarckia_nobilis,20200203115410,CLRDFKAH6EQNUQ5HTBOEBKJV2UEGA25C,2026-08-12T15:28:38.950093+00:00,b3afe96ca5efe7d49003f8d5a289ad34b06fcbdf2de57e46c6fe826b63a034c5,e5de049eb621091ce0f236f232ce79311e0da0bfb3550e54c0ed30f411026943,no_supported_candidate_page,0,0,true,wild_species_treatment,Codex source-backed line-by-line evidence audit,2026-08-12T16:10:00Z,reviewed,exact species page reviewed; no explicit statement supporting a candidate for the strict three-axis traits was found
Borassodendron borneense,Borassodendron borneense - Palmpedia - Palm Grower's Guide,http://www.palmpedia.net:80/wiki/Borassodendron_borneense,https://web.archive.org/web/20200123051030id_/http://www.palmpedia.net:80/wiki/Borassodendron_borneense,20200123051030,MLPNI7WY7RFWDEKCLEWHON6AKPUQHHQS,2026-08-12T15:38:47.284513+00:00,ee5b24b9e684629b9695033a0feca5bd05accd3733bc77ec4805259ec16d1153,d7d06bf4c72c7d9ecfd38f20b532ed952cd112fe1bae724c2bbd1570d5531868,no_supported_candidate_page,0,0,true,wild_species_treatment,Codex source-backed line-by-line evidence audit,2026-08-12T16:10:00Z,reviewed,exact species page reviewed; no explicit statement supporting a candidate for the strict three-axis traits was found
Calyptrocalyx lauterbachianus,Calyptrocalyx lauterbachianus - Palmpedia - Palm Grower's Guide,https://palmpedia.net/wiki/Calyptrocalyx_lauterbachianus,https://web.archive.org/web/20250429023853id_/https://palmpedia.net/wiki/Calyptrocalyx_lauterbachianus,20250429023853,J55A74DKAJYROHY5S6QEOECEG7OHI7B4,2026-08-12T15:40:04.290881+00:00,99e8f2a1b80ed16ab7e9995b3ce4b8bffaa28a18f363f12bbbd7304426d2844d,63aa50f99786f439a6efa861c18b69c9a595a178122dfe728894f1a2b33d87a8,no_supported_candidate_page,0,0,true,wild_species_treatment,Codex source-backed line-by-line evidence audit,2026-08-12T16:10:00Z,reviewed,exact species page reviewed; no explicit statement supporting a candidate for the strict three-axis traits was found
Calyptrocalyx pachystachys,Calyptrocalyx pachystachys - Palmpedia - Palm Grower's Guide,http://www.palmpedia.net:80/wiki/Calyptrocalyx_pachystachys,https://web.archive.org/web/20200128062533id_/http://www.palmpedia.net:80/wiki/Calyptrocalyx_pachystachys,20200128062533,4CUHCD3CQ743JAFXFFIODYHMXMVZYINT,2026-08-12T15:31:45.294193+00:00,4e8f43d06c03b5cea8ae2767f6ce41d702550dc9e75ca22cf121cf28758cdc33,18fc03dbc4cada2d02105f19c338a1fa99e76b0350baa3ea0622811cfd272552,no_supported_candidate_page,0,0,true,wild_species_treatment,Codex source-backed line-by-line evidence audit,2026-08-12T16:10:00Z,reviewed,exact species page reviewed; no explicit statement supporting a candidate for the strict three-axis traits was found
Chamaedorea metallica,Chamaedorea metallica - Palmpedia - Palm Grower's Guide,http://palmpedia.net/wiki/Chamaedorea_metallica,https://web.archive.org/web/20210516070533id_/http://palmpedia.net/wiki/Chamaedorea_metallica,20210516070533,WJMZWNWFVVCUI62N5NNAY4HPIQDHU4WC,2026-08-12T15:31:41.551534+00:00,f688566648676287a4a7c3d3ceacd95d7ea720c598d82cd5578d9d4ea451c41e,21d7f3493c4a6ac3d110b60f12063b57b3705e5727f60e8b2860e4b87a2701bf,no_supported_candidate_page,0,0,true,wild_species_treatment,Codex source-backed line-by-line evidence audit,2026-08-12T16:10:00Z,reviewed,exact species page reviewed; no explicit statement supporting a candidate for the strict three-axis traits was found
Clinosperma lanuginosa,Clinosperma lanuginosa - Palmpedia - Palm Grower's Guide,http://www.palmpedia.net:80/wiki/Clinosperma_lanuginosa,https://web.archive.org/web/20200123051526id_/http://www.palmpedia.net:80/wiki/Clinosperma_lanuginosa,20200123051526,GVXSWTDSLN36OCRRKDCLVWT7WISGDGVF,2026-08-12T15:39:05.735828+00:00,b489b165002e4a3273d315b7bf5ecd7fdcd81786e4c0fdf1ef333d4d224b376b,8800244f3acbbe02c5d881b54576c7ae8a0dfb133f6787bf700c3021c721ed8b,no_supported_candidate_page,0,0,true,wild_species_treatment,Codex source-backed line-by-line evidence audit,2026-08-12T16:10:00Z,reviewed,exact species page reviewed; no explicit statement supporting a candidate for the strict three-axis traits was found
Clinostigma warburgii,Clinostigma warburgii - Palmpedia - Palm Grower's Guide,http://www.palmpedia.net:80/wiki/Clinostigma_warburgii,https://web.archive.org/web/20200122055710id_/http://www.palmpedia.net:80/wiki/Clinostigma_warburgii,20200122055710,5SK4JWO3XCDDLAYVEPZAQDQDDW23Y6B6,2026-08-12T15:31:24.280451+00:00,db8fc34c8c5770d67e798e708fd58dac1fd534fd3ce46d12451495e77ad474c9,c102b9981bb92dc06e4ec271018b5315f464f3c85365e70f3e128fbebd895cbf,no_supported_candidate_page,0,0,true,wild_species_treatment,Codex source-backed line-by-line evidence audit,2026-08-12T16:10:00Z,reviewed,exact species page reviewed; no explicit statement supporting a candidate for the strict three-axis traits was found
Coccothrinax clarensis,Coccothrinax clarensis - Palmpedia - Palm Grower's Guide,http://www.palmpedia.net:80/wiki/Coccothrinax_clarensis,https://web.archive.org/web/20200124084932id_/http://www.palmpedia.net:80/wiki/Coccothrinax_clarensis,20200124084932,DDL2DCKRZGS46SRHSNUVBX6UMUCC5LEV,2026-08-12T15:40:10.458690+00:00,d74e78d37091c28d74b3bb0bff20c1a6e684dd20afd85f25835e3c231c2178b5,d7dd87f10b69b27d6cc092e5d89cc34d4ca5369de4c42b9f21f7c19d0c599afd,no_supported_candidate_page,0,0,true,wild_species_treatment,Codex source-backed line-by-line evidence audit,2026-08-12T16:10:00Z,reviewed,exact species page reviewed; no explicit statement supporting a candidate for the strict three-axis traits was found
Copernicia berteroana,Copernicia berteroana - Palmpedia - Palm Grower's Guide,http://www.palmpedia.net:80/wiki/Copernicia_berteroana,https://web.archive.org/web/20200119072921id_/http://www.palmpedia.net:80/wiki/Copernicia_berteroana,20200119072921,LIG5TAPCGGOH2EWY2OQKEZ2HKUUHXXJB,2026-08-12T15:40:05.197098+00:00,d350d2baa54918bdcf7df38f1e44e3a7e6c668c3e8336608db9f8b6628d00e7f,eb4a7a57939027db0b11254f4d4b73f25e61be2e8ec3510273eace11f000d402,no_supported_candidate_page,0,0,true,wild_species_treatment,Codex source-backed line-by-line evidence audit,2026-08-12T16:10:00Z,reviewed,exact species page reviewed; no explicit statement supporting a candidate for the strict three-axis traits was found
Copernicia cowellii,Copernicia cowellii - Palmpedia - Palm Grower's Guide,http://www.palmpedia.net:80/wiki/Copernicia_cowellii,https://web.archive.org/web/20200129185210id_/http://www.palmpedia.net:80/wiki/Copernicia_cowellii,20200129185210,MLPSA6MHT3JZZNLLEFRCOCXMJQBXSA4L,2026-08-12T15:39:18.822786+00:00,48867c8bf61592daf4ed62082fe4fc1898e4a6773d4b0074801b0d4e41be11e2,082cc36a6d949548bb0dd3c29c609a5ddebc7fb452a94353672966ab0960efca,no_supported_candidate_page,0,0,true,wild_species_treatment,Codex source-backed line-by-line evidence audit,2026-08-12T16:10:00Z,reviewed,exact species page reviewed; no explicit statement supporting a candidate for the strict three-axis traits was found
Copernicia yarey,Copernicia yarey - Palmpedia - Palm Grower's Guide,http://www.palmpedia.net:80/wiki/Copernicia_yarey,https://web.archive.org/web/20200124125706id_/http://www.palmpedia.net:80/wiki/Copernicia_yarey,20200124125706,U5GKCML3HM3JNTLS3QXAOHZVOU75MZXR,2026-08-12T15:29:26.645897+00:00,b8a55e4142e2ff70f313862fcd6fbf54161eb9e03150e3182675ab9996f8ea17,2b8ca277ee1cb49bc21b9f99ed8131f9e21ab6779591f38224486431537bfc8a,no_supported_candidate_page,0,0,true,wild_species_treatment,Codex source-backed line-by-line evidence audit,2026-08-12T16:10:00Z,reviewed,exact species page reviewed; no explicit statement supporting a candidate for the strict three-axis traits was found
Cyphophoenix nucele,Cyphophoenix nucele - Palmpedia - Palm Grower's Guide,http://www.palmpedia.net:80/wiki/Cyphophoenix_nucele,https://web.archive.org/web/20200119073346id_/http://www.palmpedia.net:80/wiki/Cyphophoenix_nucele,20200119073346,7QEXJV5SZL4CO23WRMODWVLVFWC47Z73,2026-08-12T15:39:06.527221+00:00,2b0e69d51579dd924db7f11b65fc315b9bf9c9a723a28aecdddd0c5a51566f1b,59641cb7d60276dea0197e89bd203ea31710cda6fdbb400e7de79cd3c0cfe420,no_supported_candidate_page,0,0,true,wild_species_treatment,Codex source-backed line-by-line evidence audit,2026-08-12T16:10:00Z,reviewed,exact species page reviewed; no explicit statement supporting a candidate for the strict three-axis traits was found
Deckenia nobilis,Deckenia nobilis - Palmpedia - Palm Grower's Guide,http://www.palmpedia.net:80/wiki/Deckenia_nobilis,https://web.archive.org/web/20200121193827id_/http://www.palmpedia.net:80/wiki/Deckenia_nobilis,20200121193827,SNG53ECJGMNC44SQDDUOSWNUOLJWVXVZ,2026-08-12T15:29:38.154466+00:00,761e0ee5ba7961ac7c791e5a1d59bba274f365f6c15d2fe1c426ff099ab1b23f,924975489f4a24c5ef95af0c707590394a1dd0756e0f99b18b14d58ba7f26e0b,no_supported_candidate_page,0,0,true,wild_species_treatment,Codex source-backed line-by-line evidence audit,2026-08-12T16:10:00Z,reviewed,exact species page reviewed; no explicit statement supporting a candidate for the strict three-axis traits was found
Dypsis ambositrae,Dypsis ambositrae - Palmpedia - Palm Grower's Guide,http://www.palmpedia.net:80/wiki/Dypsis_ambositrae,https://web.archive.org/web/20200129185240id_/http://www.palmpedia.net:80/wiki/Dypsis_ambositrae,20200129185240,4YGX2G3V4GQTT6WT3RM7RIOKJPKF7YMY,2026-08-12T15:39:54.998380+00:00,29d6444c3593eca200776d28e47904cc7ac13fd7d715a892f00177f9f20b040b,73b77f600f0195ad27816781860e84c93128ae38df590a3175c93ccfa4861bc3,no_supported_candidate_page,0,0,true,wild_species_treatment,Codex source-backed line-by-line evidence audit,2026-08-12T16:10:00Z,reviewed,exact species page reviewed; no explicit statement supporting a candidate for the strict three-axis traits was found
Dypsis bejofo,Dypsis bejofo - Palmpedia - Palm Grower's Guide,http://www.palmpedia.net:80/wiki/Dypsis_bejofo,https://web.archive.org/web/20200219134136id_/http://www.palmpedia.net:80/wiki/Dypsis_bejofo,20200219134136,QI4BM2EOWBSWIZFQ4WLI6XH7LGQAOMJA,2026-08-12T15:40:45.961294+00:00,abe2cde5bd01e5e285513c403b4aaf9c5555c98bef763e02f3edea6073e4401a,90dbcfb2adc6535084c02533ec54a2e542c67ec3a67e81042dac2ffd85615c55,no_supported_candidate_page,0,0,true,wild_species_treatment,Codex source-backed line-by-line evidence audit,2026-08-12T16:10:00Z,reviewed,exact species page reviewed; no explicit statement supporting a candidate for the strict three-axis traits was found
Dypsis canaliculata,Dypsis canaliculata - Palmpedia - Palm Grower's Guide,http://www.palmpedia.net:80/wiki/Dypsis_canaliculata,https://web.archive.org/web/20200105115934id_/http://www.palmpedia.net:80/wiki/Dypsis_canaliculata,20200105115934,LVM3XRPM7HZXMIHAXAD4APKHMOGUNRW2,2026-08-12T15:40:21.800547+00:00,4f024d3792dcf843d9b0780f14800c414b6a92b4385c7382a7c26267e8178c43,b877a8f93a65ade0910396259d556a96c7aec3afbc197a05b6a0cdc344703be6,no_supported_candidate_page,0,0,true,wild_species_treatment,Codex source-backed line-by-line evidence audit,2026-08-12T16:10:00Z,reviewed,exact species page reviewed; no explicit statement supporting a candidate for the strict three-axis traits was found
Dypsis concinna,Dypsis concinna - Palmpedia - Palm Grower's Guide,http://www.palmpedia.net:80/wiki/Dypsis_concinna,https://web.archive.org/web/20200130232544id_/http://www.palmpedia.net:80/wiki/Dypsis_concinna,20200130232544,Y2QKRCH3RWZNWAL7HMA2CUWGGGEDEMWD,2026-08-12T15:32:01.989182+00:00,3d9deb1679046c551010cf8aeb098981dc5b54c0de6603bd48c509c1319ef362,51c0a80f643ca5da34788db7c22af89be25329642c48f0bfaa58c30127eef090,no_supported_candidate_page,0,0,true,wild_species_treatment,Codex source-backed line-by-line evidence audit,2026-08-12T16:10:00Z,reviewed,exact species page reviewed; no explicit statement supporting a candidate for the strict three-axis traits was found
Dypsis malcomberi,Dypsis malcomberi - Palmpedia - Palm Grower's Guide,http://www.palmpedia.net:80/wiki/Dypsis_malcomberi,https://web.archive.org/web/20200119123617id_/http://www.palmpedia.net:80/wiki/Dypsis_malcomberi,20200119123617,33ZYSQRBR7J222K2SYHRIPHRWEFIRYR5,2026-08-12T15:39:27.511452+00:00,e760e3444022200f64b45616684ab83c88af011a32bb3b354fe37627957304ca,8ec76c47ca6478b4bcd0a9e6c539520288d5c3fd6d9c64b9ae43368db931b7fe,no_supported_candidate_page,0,0,true,wild_species_treatment,Codex source-backed line-by-line evidence audit,2026-08-12T16:10:00Z,reviewed,exact species page reviewed; no explicit statement supporting a candidate for the strict three-axis traits was found
Eugeissona minor,Eugeissona minor - Palmpedia - Palm Grower's Guide,http://www.palmpedia.net:80/wiki/Eugeissona_minor,https://web.archive.org/web/20200217170203id_/http://www.palmpedia.net:80/wiki/Eugeissona_minor,20200217170203,U5PQQ7W2TKAT4GZGLYSSVNPIQFHK3LFU,2026-08-12T15:40:13.427016+00:00,fd25cb849b4626e55a01d3b29fcf8ec6e18a082c3893a002d3d42e9eb1eb5250,f695e8fb0edd6ba51a0a54da747cba7f33c448b643ea7c3b24d2b9549f6ecc4f,no_supported_candidate_page,0,0,true,wild_species_treatment,Codex source-backed line-by-line evidence audit,2026-08-12T16:10:00Z,reviewed,exact species page reviewed; no explicit statement supporting a candidate for the strict three-axis traits was found
Iguanura elegans,Iguanura elegans - Palmpedia - Palm Grower's Guide,http://www.palmpedia.net:80/wiki/Iguanura_elegans,https://web.archive.org/web/20200129185800id_/http://www.palmpedia.net:80/wiki/Iguanura_elegans,20200129185800,62TCSVVN5EIHTJLOXF7B6ZUFLL7M4ZIJ,2026-08-12T15:39:37.416533+00:00,e855af403a863998c06fc3bd9ac19f18df1586f8766bd0fbd9b9eaf3cc285251,beaa80ce74d07ef11771b6c3ef451f2cfa57e0b7aaaced3da2510f3d355229ed,no_supported_candidate_page,0,0,true,wild_species_treatment,Codex source-backed line-by-line evidence audit,2026-08-12T16:10:00Z,reviewed,exact species page reviewed; no explicit statement supporting a candidate for the strict three-axis traits was found
Korthalsia jala,Korthalsia jala - Palmpedia - Palm Grower's Guide,https://www.palmpedia.net/wiki/Korthalsia_jala,https://web.archive.org/web/20240726195526id_/https://www.palmpedia.net/wiki/Korthalsia_jala,20240726195526,5NYTRUM4REX5P2MN54OKIZF4SQLYJ3YV,2026-08-12T15:39:33.013823+00:00,cb6c3c6d0af1b4412797797a4f791e53fb66e40fea9716b0612c9b124f63c0ea,ca0fa618eeb9738e7ed1250b6f06819c4016c958ea3074068757fb858cf92f4f,no_supported_candidate_page,0,0,true,wild_species_treatment,Codex source-backed line-by-line evidence audit,2026-08-12T16:10:00Z,reviewed,exact species page reviewed; no explicit statement supporting a candidate for the strict three-axis traits was found
Latania verschaffeltii,Latania verschaffeltii - Palmpedia - Palm Grower's Guide,http://www.palmpedia.net:80/wiki/Latania_verschaffeltii,https://web.archive.org/web/20200119123858id_/http://www.palmpedia.net:80/wiki/Latania_verschaffeltii,20200119123858,46KMNKYF6X7MMKDFXUCODKBKQKEKK3ZK,2026-08-12T15:29:36.700199+00:00,0fbdf047c5c0d9da2bf0dc9771d34df03f79c8f373df8aa2ce2822ea1d167b9d,c28cf895ab2f22709ffa057b40d4aec2f70e524c169cb811577b39247965426d,no_supported_candidate_page,0,0,true,wild_species_treatment,Codex source-backed line-by-line evidence audit,2026-08-12T16:10:00Z,reviewed,exact species page reviewed; no explicit statement supporting a candidate for the strict three-axis traits was found
Licuala grandis,Licuala grandis - Palmpedia - Palm Grower's Guide,http://www.palmpedia.net:80/wiki/Licuala_grandis,https://web.archive.org/web/20200119123029id_/http://www.palmpedia.net:80/wiki/Licuala_grandis,20200119123029,GXOMGAYKMIDGRFA3EFZQGSM6CXVCLYL2,2026-08-12T15:28:36.957407+00:00,eb0833d783eb86fc2e4312949fd15eeeac4ddb06b283e2b37ec02b2f7096dd4e,5aa10a5f50b9e1e7517d8b348695aa43aafbed6de339de107a700036b2e691c5,no_supported_candidate_page,0,0,true,wild_species_treatment,Codex source-backed line-by-line evidence audit,2026-08-12T16:10:00Z,reviewed,exact species page reviewed; no explicit statement supporting a candidate for the strict three-axis traits was found
Licuala mattanensis,Licuala mattanensis - Palmpedia - Palm Grower's Guide,http://www.palmpedia.net:80/wiki/Licuala_mattanensis,https://web.archive.org/web/20200130232413id_/http://www.palmpedia.net:80/wiki/Licuala_mattanensis,20200130232413,OPHKRPY4ORC3BFUIZMNHARL4IT4MFC5U,2026-08-12T15:39:16.064625+00:00,b7d32c9f05145a3ddc8f15551a655dd265c889a2fa79b5daba2839cae1c1cd90,7d20d3915b1e261a6b2bf86f5244e60cf834070e99616d568131254d5e33e984,no_supported_candidate_page,0,0,true,wild_species_treatment,Codex source-backed line-by-line evidence audit,2026-08-12T16:10:00Z,reviewed,exact species page reviewed; no explicit statement supporting a candidate for the strict three-axis traits was found
Orania lauterbachiana,Orania lauterbachiana - Palmpedia - Palm Grower's Guide,https://palmpedia.net/wiki/Orania_lauterbachiana,https://web.archive.org/web/20220818015444id_/https://palmpedia.net/wiki/Orania_lauterbachiana,20220818015444,EYJ5CBSKX6VMLIM4ZKJ7EAJS4USCWB5M,2026-08-12T15:29:47.011263+00:00,bcad3c2b2631dc103dd8803b2f371d6efab464b22af5b41cea4c03b533624009,b6d4dc4b93c0d2728629a6a9615fc98363af56125fc67fc1c93fb69f700afbeb,no_supported_candidate_page,0,0,true,wild_species_treatment,Codex source-backed line-by-line evidence audit,2026-08-12T16:10:00Z,reviewed,exact species page reviewed; no explicit statement supporting a candidate for the strict three-axis traits was found
Pelagodoxa henryana,Pelagodoxa henryana - Palmpedia - Palm Grower's Guide,https://palmpedia.net/wiki/Pelagodoxa_henryana,https://web.archive.org/web/20221127131047id_/https://palmpedia.net/wiki/Pelagodoxa_henryana,20221127131047,J2XJA3U43Q47M5MFOWO532JXSJQVIB4L,2026-08-12T15:29:35.308038+00:00,b071609df3af881cdac7dd6ec8d75f7ea8c3f46b06556986c63be7df8c955131,aa3054f8808dec4d84745376c0fa82fd65e8d3bd26e4693ce4385531f45b6e8e,no_supported_candidate_page,0,0,true,wild_species_treatment,Codex source-backed line-by-line evidence audit,2026-08-12T16:10:00Z,reviewed,exact species page reviewed; no explicit statement supporting a candidate for the strict three-axis traits was found
Phytelephas macrocarpa,Phytelephas macrocarpa - Palmpedia - Palm Grower's Guide,http://www.palmpedia.net:80/wiki/Phytelephas_macrocarpa,https://web.archive.org/web/20200111110610id_/http://www.palmpedia.net:80/wiki/Phytelephas_macrocarpa,20200111110610,SV4JG62L52ZI6RPA26MJTTHXUDCABBJ4,2026-08-12T15:30:30.317318+00:00,9008f40dbf757f37f3a43e473fdb707994efe5ddb22508739abd5b15589dfc43,c5f2c810c5303c12326299eb0b37ec60a1dfefbdabd3e870bad21837f50457ab,no_supported_candidate_page,0,0,true,wild_species_treatment,Codex source-backed line-by-line evidence audit,2026-08-12T16:10:00Z,reviewed,exact species page reviewed; no explicit statement supporting a candidate for the strict three-axis traits was found
Plectocomiopsis mira,Plectocomiopsis mira - Palmpedia - Palm Grower's Guide,http://www.palmpedia.net:80/wiki/Plectocomiopsis_mira,https://web.archive.org/web/20200217170758id_/http://www.palmpedia.net:80/wiki/Plectocomiopsis_mira,20200217170758,SPEYHX65RFGJ6CEPP6TJJOJZLSK7KPIA,2026-08-12T15:38:58.029898+00:00,71812c1939c4b10f82e84eec2703864c1c65a0ae2f984a679cd2d8547912f275,3d62a0284e1c2026589d328f007b70b143c351a1753c786e2fc6e4fb180799e9,no_supported_candidate_page,0,0,true,wild_species_treatment,Codex source-backed line-by-line evidence audit,2026-08-12T16:10:00Z,reviewed,exact species page reviewed; no explicit statement supporting a candidate for the strict three-axis traits was found
Ponapea hentyi,Ponapea hentyi - Palmpedia - Palm Grower's Guide,http://www.palmpedia.net:80/wiki/Ponapea_hentyi,https://web.archive.org/web/20200224122951id_/http://www.palmpedia.net:80/wiki/Ponapea_hentyi,20200224122951,V5TZR6T5WUCVG5LJ4HXVH2MKR432FH3E,2026-08-12T15:31:10.275961+00:00,bf88c97d30f35fcd4df25c7a2ed171f79aa52cd44c4080a4d54ce62d8b523ee1,d9561346055f23eb79258683c62e94c01d192efc2197d113cca94a25164ffe46,no_supported_candidate_page,0,0,true,wild_species_treatment,Codex source-backed line-by-line evidence audit,2026-08-12T16:10:00Z,reviewed,exact species page reviewed; no explicit statement supporting a candidate for the strict three-axis traits was found
Raphia hookeri,Raphia hookeri - Palmpedia - Palm Grower's Guide,http://www.palmpedia.net:80/wiki/Raphia_hookeri,https://web.archive.org/web/20200123051426id_/http://www.palmpedia.net:80/wiki/Raphia_hookeri,20200123051426,VYO5MF6BV27CI6ADQG4XBB5DJKZLSQMQ,2026-08-12T15:31:26.584183+00:00,b2d18068d803248eebaefaab4a161c42981476ae95b24b7a1cfbc46a43b2ed72,e38689e9b446fe2158cde4d0a67dd0f29ea2e2ec1d8d4b30f6050849c140c783,no_supported_candidate_page,0,0,true,wild_species_treatment,Codex source-backed line-by-line evidence audit,2026-08-12T16:10:00Z,reviewed,exact species page reviewed; no explicit statement supporting a candidate for the strict three-axis traits was found
Ravenea albicans,Ravenea albicans - Palmpedia - Palm Grower's Guide,http://www.palmpedia.net:80/wiki/Ravenea_albicans,https://web.archive.org/web/20200120194152id_/http://www.palmpedia.net:80/wiki/Ravenea_albicans,20200120194152,ASIY2Z47AHL3QSF3WWBK234LQTDFXQBL,2026-08-12T15:39:50.421438+00:00,ea41adf3a43a27d796fd9c77b6b3a2d91c1f4a7c87cbcfb4779b95fbe202b3ed,57e8fec37eda1cc61b9bd6034ede2616cd2e6a7a54ff087f312018e84ed9ea12,no_supported_candidate_page,0,0,true,wild_species_treatment,Codex source-backed line-by-line evidence audit,2026-08-12T16:10:00Z,reviewed,exact species page reviewed; no explicit statement supporting a candidate for the strict three-axis traits was found
Ravenea hypoleuca,Ravenea hypoleuca - Palmpedia - Palm Grower's Guide,http://www.palmpedia.net:80/wiki/Ravenea_hypoleuca,https://web.archive.org/web/20200121042601id_/http://www.palmpedia.net:80/wiki/Ravenea_hypoleuca,20200121042601,WESKMDKGWD577UMKGFJEQY2GMAZZ6NC6,2026-08-12T15:40:16.529382+00:00,50da38602fa061ec8d82acda917722e1da4165ae57e0fed15115fcea53407bb5,3634cadc44088030808b5d85b5575ede9ea38523237a879035d0e5313c04accf,no_supported_candidate_page,0,0,true,wild_species_treatment,Codex source-backed line-by-line evidence audit,2026-08-12T16:10:00Z,reviewed,exact species page reviewed; no explicit statement supporting a candidate for the strict three-axis traits was found
Ravenea julietiae,Ravenea julietiae - Palmpedia - Palm Grower's Guide,http://www.palmpedia.net:80/wiki/Ravenea_julietiae,https://web.archive.org/web/20200121100749id_/http://www.palmpedia.net:80/wiki/Ravenea_julietiae,20200121100749,JF5MKN3UMZKAEPZ7JUIJHOMS5OWHFZSF,2026-08-12T15:30:52.772850+00:00,a1ddf0785a8b19fb5a4708cdac4bdb4b7341c955472b5da7bd7c25ebe9c746bd,503dbdb9fa40f46b7cd3fe6475a09d58dc9202400962fba7b3ab128ad56f2c90,no_supported_candidate_page,0,0,true,wild_species_treatment,Codex source-backed line-by-line evidence audit,2026-08-12T16:10:00Z,reviewed,exact species page reviewed; no explicit statement supporting a candidate for the strict three-axis traits was found
Ravenea musicalis,Ravenea musicalis - Palmpedia - Palm Grower's Guide,http://www.palmpedia.net:80/wiki/Ravenea_musicalis,https://web.archive.org/web/20200121175200id_/http://www.palmpedia.net:80/wiki/Ravenea_musicalis,20200121175200,PVAKLZFWAI7MXL5BC2UMHXVECHKKROWU,2026-08-12T15:39:39.008767+00:00,c97f3ba66b9f9e3dcc09dbfb45a6a1cc4ad76c14342dff74776977c75f4d242c,251f127040249b254f087e52491748d7317ecf4f4f59eed8d86de4806fb939bf,no_supported_candidate_page,0,0,true,wild_species_treatment,Codex source-backed line-by-line evidence audit,2026-08-12T16:10:00Z,reviewed,exact species page reviewed; no explicit statement supporting a candidate for the strict three-axis traits was found
Ravenea robustior,Ravenea robustior - Palmpedia - Palm Grower's Guide,http://www.palmpedia.net:80/wiki/Ravenea_robustior,https://web.archive.org/web/20200120194157id_/http://www.palmpedia.net:80/wiki/Ravenea_robustior,20200120194157,KNBMW2FOVG7HNQJ3O73C52HAE2H7AS3F,2026-08-12T15:30:39.108452+00:00,8485355f805cf04fd83903cf233af5823b88a4c6e5f34f2156de91444f9f61a6,fc91cc0bb4eb6c7e2574311f21f32174cba57c7317a1832a667441f53c7b1b08,no_supported_candidate_page,0,0,true,wild_species_treatment,Codex source-backed line-by-line evidence audit,2026-08-12T16:10:00Z,reviewed,exact species page reviewed; no explicit statement supporting a candidate for the strict three-axis traits was found
Synechanthus warscewiczianus,Synechanthus warscewiczianus - Palmpedia - Palm Grower's Guide,http://palmpedia.net/wiki/Synechanthus_warscewiczianus,https://web.archive.org/web/20210801055052id_/http://palmpedia.net/wiki/Synechanthus_warscewiczianus,20210801055052,OGE2MO5KHHYB4VJZRP7ODZ3CAHPFY5PT,2026-08-12T15:40:41.564616+00:00,99071aec87ba1f0fa2e3f0c58554c23c26b98be9daee78fb04f8bc086bb7a4dc,0740ed60ec73d25f3a598b3ff3a04c9a2d417d9f04b55695913134b88111cc56,no_supported_candidate_page,0,0,true,wild_species_treatment,Codex source-backed line-by-line evidence audit,2026-08-12T16:10:00Z,reviewed,exact species page reviewed; no explicit statement supporting a candidate for the strict three-axis traits was found
Veitchia metiti,Veitchia metiti - Palmpedia - Palm Grower's Guide,http://www.palmpedia.net:80/wiki/Veitchia_metiti,https://web.archive.org/web/20200124191148id_/http://www.palmpedia.net:80/wiki/Veitchia_metiti,20200124191148,BOJVI224ZOPBF7IOWK5ODKZNYG4L3ZUD,2026-08-12T15:31:23.174314+00:00,7411a43a0976b19e5cbd53eecc00aa6f1d515c49c67b8d9134a0ef90f8c87a47,2964c7e2fcd752f27305d14e952de90b56cdd1859ef182ff01591ae61d67217d,no_supported_candidate_page,0,0,true,wild_species_treatment,Codex source-backed line-by-line evidence audit,2026-08-12T16:10:00Z,reviewed,exact species page reviewed; no explicit statement supporting a candidate for the strict three-axis traits was found
Veitchia spiralis,Veitchia spiralis - Palmpedia - Palm Grower's Guide,http://www.palmpedia.net:80/wiki/Veitchia_spiralis,https://web.archive.org/web/20200124143640id_/http://www.palmpedia.net:80/wiki/Veitchia_spiralis,20200124143640,V5JD2BQPXBMDNSK3CHV4PY6CAJPXVGXL,2026-08-12T15:30:28.501363+00:00,2119eea7ebc294032f087647a3a9b8d62117804bdb79f4d3400d79dc1b46368f,42a0f9e18ea3510ad4cd4af250513e3398fa17de7220337e15b2451af67303b0,no_supported_candidate_page,0,0,true,wild_species_treatment,Codex source-backed line-by-line evidence audit,2026-08-12T16:10:00Z,reviewed,exact species page reviewed; no explicit statement supporting a candidate for the strict three-axis traits was found
Acanthophoenix crinita,Acanthophoenix crinita - Palmpedia - Palm Grower's Guide,http://www.palmpedia.net:80/wiki/Acanthophoenix_crinita,https://web.archive.org/web/20200129185045id_/http://www.palmpedia.net:80/wiki/Acanthophoenix_crinita,20200129185045,OR32X2PH2N6LNQKG3VXFJFEASHIBEH76,2026-08-12T15:31:56.659269+00:00,20ce8db0eb636190db343d5f11ea710697d6659024c63155dd4c0e748fa3b57f,c327c5498aa6ef5f363874068936023ba4330ab4b77461c0dc3be277a0b65308,trait_candidate_page,3,1,true,wild_species_treatment,Codex source-backed line-by-line evidence audit,2026-08-12T16:10:00Z,reviewed,exact species page reviewed against every extracted quote; candidate-level decisions are recorded in the source audit
Acanthophoenix rubra,Acanthophoenix rubra - Palmpedia - Palm Grower's Guide,http://www.palmpedia.net:80/wiki/Acanthophoenix_rubra,https://web.archive.org/web/20200119124039id_/http://www.palmpedia.net:80/wiki/Acanthophoenix_rubra,20200119124039,7X5IWN4HYHJ4QLX6G7MH5X6RPVQSS6TB,2026-08-12T15:29:22.452168+00:00,e12cf953aee1a4f1508c9109d586dfb3c64ff776c8ac6f076e9ea8c60770974b,99abd450726de141f844fecf5097277797eec4d5370cb686f2f27cefcb1a9a37,trait_candidate_page,1,0,true,wild_species_treatment,Codex source-backed line-by-line evidence audit,2026-08-12T16:10:00Z,reviewed,exact species page reviewed against every extracted quote; candidate-level decisions are recorded in the source audit
Actinorhytis calapparia,Actinorhytis calapparia - Palmpedia - Palm Grower's Guide,http://www.palmpedia.net:80/wiki/Actinorhytis_calapparia,https://web.archive.org/web/20200119122828id_/http://www.palmpedia.net:80/wiki/Actinorhytis_calapparia,20200119122828,7KS2GU4NLN4CRV2LM6IDHVIIF2X5PLFY,2026-08-12T15:29:08.108704+00:00,fa0ea098e16636b7bf92df8b3ecf71e7c0e848d8ded0b9b160e1d6a85dec9ec3,7fe4fb43bb5790ee83e81f85f2cafb3c8dc7d69fdb139bb2b3165e2454f9cc47,trait_candidate_page,1,0,true,wild_species_treatment,Codex source-backed line-by-line evidence audit,2026-08-12T16:10:00Z,reviewed,exact species page reviewed against every extracted quote; candidate-level decisions are recorded in the source audit
Aiphanes horrida,Aiphanes horrida - Palmpedia - Palm Grower's Guide,http://www.palmpedia.net:80/wiki/Aiphanes_horrida,https://web.archive.org/web/20200130232007id_/http://www.palmpedia.net:80/wiki/Aiphanes_horrida,20200130232007,MY4NCH24I5QEIQD3RPYD4C5UONXVCGR2,2026-08-12T15:30:19.940289+00:00,f39caf0f83be90cb5b92003110d19a1ff3f8a743cc92dd64313303896ea50d82,e0086282d5e187465bfb91caa147d41dbdb1c404ead065d56c62ce4249a18de2,trait_candidate_page,1,0,true,wild_species_treatment,Codex source-backed line-by-line evidence audit,2026-08-12T16:10:00Z,reviewed,exact species page reviewed against every extracted quote; candidate-level decisions are recorded in the source audit
Aiphanes minima,Aiphanes minima - Palmpedia - Palm Grower's Guide,http://www.palmpedia.net:80/wiki/Aiphanes_minima,https://web.archive.org/web/20200124083418id_/http://www.palmpedia.net:80/wiki/Aiphanes_minima,20200124083418,NUXXDC22RH5ENDZQHSFAYJYTZQVTR6PM,2026-08-12T15:28:58.033175+00:00,9b320e590bcfd59d8b53de2cc884597b90a3a7f9b09bec0942880e5250b36042,eba549803b5e9686d922b0bbb1b6906970b48aff83c38bc9f3ec071d1b72fb84,trait_candidate_page,2,0,true,wild_species_treatment,Codex source-backed line-by-line evidence audit,2026-08-12T16:10:00Z,reviewed,exact species page reviewed against every extracted quote; candidate-level decisions are recorded in the source audit
Areca jugahpunya,Areca jugahpunya - Palmpedia - Palm Grower's Guide,http://www.palmpedia.net:80/wiki/Areca_jugahpunya,https://web.archive.org/web/20200217205434id_/http://www.palmpedia.net:80/wiki/Areca_jugahpunya,20200217205434,I4B5SCBU6ZARBA3NDVKJQV4QSUA3ZKVP,2026-08-12T15:31:08.697091+00:00,8a33927b5fa03408ff8a8774ac11bb11050f4bce8d0885f67dcac0fa96e84900,860f6a35d68b2cd70458b1a1f893ae6b3555ec69ca7461031bdb7f47b1d63efb,trait_candidate_page,3,0,true,wild_species_treatment,Codex source-backed line-by-line evidence audit,2026-08-12T16:10:00Z,reviewed,exact species page reviewed against every extracted quote; candidate-level decisions are recorded in the source audit
Areca rheophytica,Areca rheophytica - Palmpedia - Palm Grower's Guide,http://www.palmpedia.net:80/wiki/Areca_rheophytica,https://web.archive.org/web/20200217205519id_/http://www.palmpedia.net:80/wiki/Areca_rheophytica,20200217205519,UD6OPMLWGP33WY4UZ7VTUFJQT7PMQJGV,2026-08-12T15:39:08.825483+00:00,a9a82f06becd965da8fe391654e3ead733ad0f0c1683a70a899aead89d363354,a224b6034252842b3dfe7d1a83bd01c6f49481e233522f7094ae060e986d8511,trait_candidate_page,1,0,true,wild_species_treatment,Codex source-backed line-by-line evidence audit,2026-08-12T16:10:00Z,reviewed,exact species page reviewed against every extracted quote; candidate-level decisions are recorded in the source audit
Areca tunku,Areca tunku - Palmpedia - Palm Grower's Guide,http://www.palmpedia.net:80/wiki/Areca_tunku,https://web.archive.org/web/20200217205540id_/http://www.palmpedia.net:80/wiki/Areca_tunku,20200217205540,EBSZXGTOJATOC5KVREQH6ETHW4QEPN6P,2026-08-12T15:30:33.247490+00:00,7fbcdc62526361a02dc62a948d09f009052785691fa6173cf539fb9819d7ce76,98bbce295ac3809dd55b4cdfaa12dc6e6b02ef9e096fb70d96535c6c9aa3b861,trait_candidate_page,2,0,true,wild_species_treatment,Codex source-backed line-by-line evidence audit,2026-08-12T16:10:00Z,reviewed,exact species page reviewed against every extracted quote; candidate-level decisions are recorded in the source audit
Arenga pinnata,Arenga pinnata - Palmpedia - Palm Grower's Guide,http://www.palmpedia.net:80/wiki/Arenga_pinnata,https://web.archive.org/web/20200124142907id_/http://www.palmpedia.net:80/wiki/Arenga_pinnata,20200124142907,FX76XHISQPHCHMJJE5JRMWL6U6NVFVXG,2026-08-12T15:28:42.318313+00:00,710ada961fe9e2cafc1411d4e00b29144846017a00c2082436e08220af9f8064,ea62d4f304776de97ba2c2ba507a5bb6f7e87d6a70f441800e6f4cdd631fb0f7,trait_candidate_page,1,0,true,wild_species_treatment,Codex source-backed line-by-line evidence audit,2026-08-12T16:10:00Z,reviewed,exact species page reviewed against every extracted quote; candidate-level decisions are recorded in the source audit
Arenga retroflorescens,Arenga retroflorescens - Palmpedia - Palm Grower's Guide,http://www.palmpedia.net:80/wiki/Arenga_retroflorescens,https://web.archive.org/web/20200124191315id_/http://www.palmpedia.net:80/wiki/Arenga_retroflorescens,20200124191315,IZCIWMI75YYYPSF2QKUXMSYRKKVN2CBO,2026-08-12T15:39:29.795882+00:00,798d3d79698cdf0dd2a7a94b7281dc6c99244544676cdbcbe7edc89b55a631f8,0a6d132389d96db1156d2130f7de3bf87641d5cace06f334ab8fbcb8b72b7817,trait_candidate_page,4,0,true,wild_species_treatment,Codex source-backed line-by-line evidence audit,2026-08-12T16:10:00Z,reviewed,exact species page reviewed against every extracted quote; candidate-level decisions are recorded in the source audit
Arenga ryukyuensis,Arenga ryukyuensis - Palmpedia - Palm Grower's Guide,http://www.palmpedia.net:80/wiki/Arenga_ryukyuensis,https://web.archive.org/web/20200124143433id_/http://www.palmpedia.net:80/wiki/Arenga_ryukyuensis,20200124143433,FMWBFT43EDP52KAPMPBJKWJNFKDBZJHA,2026-08-12T15:29:01.842130+00:00,e78aeaaa50dad6528362a322657d948272000ab597cd281dc428f357405bc4fa,c3e0dbc243fcf9e57be033d13df937d818be4aba3a718073a47e9be20e1fbcb2,trait_candidate_page,2,0,true,wild_species_treatment,Codex source-backed line-by-line evidence audit,2026-08-12T16:10:00Z,reviewed,exact species page reviewed against every extracted quote; candidate-level decisions are recorded in the source audit
Astrocaryum aculeatissimum,Astrocaryum aculeatissimum - Palmpedia - Palm Grower's Guide,http://www.palmpedia.net:80/wiki/Astrocaryum_aculeatissimum,https://web.archive.org/web/20200124085013id_/http://www.palmpedia.net:80/wiki/Astrocaryum_aculeatissimum,20200124085013,LVY3TWPCBJY2GZ2KWQEJP4KC6VGWO2U2,2026-08-12T15:29:15.705584+00:00,6123a8dfcead5c7c4d5ab454789155a2b110445e4777ad2ca9f7b70d207aef04,3baacef626eedc0ef1ec9c769a5867c9e8e5bbd20b79026475a618aacf03da90,trait_candidate_page,2,0,true,wild_species_treatment,Codex source-backed line-by-line evidence audit,2026-08-12T16:10:00Z,reviewed,exact species page reviewed against every extracted quote; candidate-level decisions are recorded in the source audit
Astrocaryum murumuru,Astrocaryum murumuru - Palmpedia - Palm Grower's Guide,http://www.palmpedia.net:80/wiki/Astrocaryum_murumuru,https://web.archive.org/web/20200124084316id_/http://www.palmpedia.net:80/wiki/Astrocaryum_murumuru,20200124084316,NDLWGP53YXIUNT4NMOD5W366OAJXOSNS,2026-08-12T15:31:37.811135+00:00,0adcd7aa516be58e5e041c9cc2a2094bdba50d080ffd2cefdc5107916f23cce7,a65056f4fba148b0951c65d8619a28bf55643c7dec82cc296c38fe2c9dca2b4f,trait_candidate_page,1,0,true,wild_species_treatment,Codex source-backed line-by-line evidence audit,2026-08-12T16:10:00Z,reviewed,exact species page reviewed against every extracted quote; candidate-level decisions are recorded in the source audit
Astrocaryum standleyanum,Astrocaryum standleyanum - Palmpedia - Palm Grower's Guide,http://www.palmpedia.net:80/wiki/Astrocaryum_standleyanum,https://web.archive.org/web/20200124124735id_/http://www.palmpedia.net:80/wiki/Astrocaryum_standleyanum,20200124124735,PREDVVQ4VZBGLBZ7WTIFTYYVNBZAFWUB,2026-08-12T15:31:17.830231+00:00,4a1dd4c59511432c976688af51b36d6fb8bc1d2bcf8ce62e4874c1a6c7bd5889,93d1a166157c0fa4477cd74d578cd921c07db682a21481fdaa16f7fd0d736dcb,trait_candidate_page,1,0,true,wild_species_treatment,Codex source-backed line-by-line evidence audit,2026-08-12T16:10:00Z,reviewed,exact species page reviewed against every extracted quote; candidate-level decisions are recorded in the source audit
Astrocaryum vulgare,Astrocaryum vulgare - Palmpedia - Palm Grower's Guide,http://www.palmpedia.net:80/wiki/Astrocaryum_vulgare,https://web.archive.org/web/20200124091144id_/http://www.palmpedia.net:80/wiki/Astrocaryum_vulgare,20200124091144,PAEECFOHUVCM5L5A2JGXCW7YAESLAAVU,2026-08-12T15:30:14.004602+00:00,33e2eae6efca1ec207c99c7081560d1094edb5689d08e3f21e6235607c1fdd91,19ee0db612473997d212e2bcfb325250e79e7475001540fd1a4c1bdaa212c7ad,trait_candidate_page,0,1,true,wild_species_treatment,Codex source-backed line-by-line evidence audit,2026-08-12T16:10:00Z,reviewed,exact species page reviewed against every extracted quote; candidate-level decisions are recorded in the source audit
Borassus heineanus,Borassus heineanus - Palmpedia - Palm Grower's Guide,https://palmpedia.net/wiki/Borassus_heineanus,https://web.archive.org/web/20240222110846id_/https://palmpedia.net/wiki/Borassus_heineanus,20240222110846,COGQMG45IKKQPCXIJ7Q4IBPPMT2SZMP6,2026-08-12T15:40:02.793074+00:00,9d4f7da7bfd4588185ff61c0576f88b07104f8f0c68070984814b24b210b3f16,3837e58c0d590c1edebf517b8a750a2343b784792d668da9b8e4f76679dd09ec,trait_candidate_page,1,0,true,wild_species_treatment,Codex source-backed line-by-line evidence audit,2026-08-12T16:10:00Z,reviewed,exact species page reviewed against every extracted quote; candidate-level decisions are recorded in the source audit
Borassus madagascariensis,Borassus madagascariensis - Palmpedia - Palm Grower's Guide,http://www.palmpedia.net:80/wiki/Borassus_madagascariensis,https://web.archive.org/web/20200130232533id_/http://www.palmpedia.net:80/wiki/Borassus_madagascariensis,20200130232533,SE42M33TPSISAXSNUP4JRQ6X7CMAMJOF,2026-08-12T15:32:12.080670+00:00,1f36dca2153d937685c7b1e03c69daa3ee9424e0eeec4d365a3191418e477d49,f902170a08472fb50706195e0493c38aa97c4d3e31315a5f0911364749daea34,trait_candidate_page,1,0,true,wild_species_treatment,Codex source-backed line-by-line evidence audit,2026-08-12T16:10:00Z,reviewed,exact species page reviewed against every extracted quote; candidate-level decisions are recorded in the source audit
Brahea armata,Brahea armata - Palmpedia - Palm Grower's Guide,http://www.palmpedia.net:80/wiki/Brahea_armata,https://web.archive.org/web/20200123051301id_/http://www.palmpedia.net:80/wiki/Brahea_armata,20200123051301,RTE53NS22IOQ7KSZ4ZKIGGCQRGA2NYKM,2026-08-12T15:29:46.445422+00:00,9e91693efbffb1994351ab1ce9337dea820b9fea90dc97ea060c6225a4ef544f,34f14f3f798ac6bf228595dd1b3a67f81e3bd0fda16e2aef8852547df43a07ae,trait_candidate_page,1,0,true,wild_species_treatment,Codex source-backed line-by-line evidence audit,2026-08-12T16:10:00Z,reviewed,exact species page reviewed against every extracted quote; candidate-level decisions are recorded in the source audit
Brassiophoenix schumannii,Brassiophoenix schumannii - Palmpedia - Palm Grower's Guide,https://palmpedia.net/wiki/Brassiophoenix_schumannii,https://web.archive.org/web/20241214012936id_/https://palmpedia.net/wiki/Brassiophoenix_schumannii,20241214012936,4BYAPPLCYCCEHJELKRQDF3AXWAIAITSK,2026-08-12T15:31:11.824577+00:00,bc5ed739b27eb4cf4a06caba0965e15390444d1fd9f4714421e058f89ebbc772,cb88401039cb468bf3935da99d873052e4bbcf006554fd5b912ac6520e166f46,trait_candidate_page,2,0,true,wild_species_treatment,Codex source-backed line-by-line evidence audit,2026-08-12T16:10:00Z,reviewed,exact species page reviewed against every extracted quote; candidate-level decisions are recorded in the source audit
Butia eriospatha,Butia eriospatha - Palmpedia - Palm Grower's Guide,http://www.palmpedia.net:80/wiki/Butia_eriospatha,https://web.archive.org/web/20200131122352id_/http://www.palmpedia.net:80/wiki/Butia_eriospatha,20200131122352,FNVVC7S7QYTEDWYAJ4GNDSXUHG26OVTT,2026-08-12T15:31:51.934255+00:00,6d6cbf91a9b457705f31e7097b5f59c8f611e6b0a349f207b00cb7857b8f0d34,af1cedc82dd3b22441d7ba0593de6d3e8ffc3008335ac9a515eb79067066ace3,trait_candidate_page,2,0,true,wild_species_treatment,Codex source-backed line-by-line evidence audit,2026-08-12T16:10:00Z,reviewed,exact species page reviewed against every extracted quote; candidate-level decisions are recorded in the source audit
Calyptronoma plumeriana,Calyptronoma plumeriana - Palmpedia - Palm Grower's Guide,http://www.palmpedia.net:80/wiki/Calyptronoma_plumeriana,https://web.archive.org/web/20200131210755id_/http://www.palmpedia.net:80/wiki/Calyptronoma_plumeriana,20200131210755,CDUHTLBMRHOVO25VYW6XPXNQ2DJG5GTK,2026-08-12T15:30:00.878909+00:00,e8228360ab7a7461b7c39e0d7f408e2ed94497203480174f161e804b90955138,883412c1bcb3c44bb22dfdf720cfea4a2743d4a2f16be5ad618a7eeadff0d196,trait_candidate_page,2,0,true,wild_species_treatment,Codex source-backed line-by-line evidence audit,2026-08-12T16:10:00Z,reviewed,exact species page reviewed against every extracted quote; candidate-level decisions are recorded in the source audit
Coccothrinax barbadensis,Coccothrinax barbadensis - Palmpedia - Palm Grower's Guide,http://www.palmpedia.net:80/wiki/Coccothrinax_barbadensis,https://web.archive.org/web/20200119123253id_/http://www.palmpedia.net:80/wiki/Coccothrinax_barbadensis,20200119123253,ZIFQNY2GPC3RAM7R57ZNEP5A32XI4GEM,2026-08-12T15:28:46.799422+00:00,e76f017290fb712a050536c9044af474003d225ca519a216a39aa73dddf7c89e,32fd4147f542a91ae202293714f82b323dd33c460b0a3d24d79eedc645a98419,trait_candidate_page,1,0,true,wild_species_treatment,Codex source-backed line-by-line evidence audit,2026-08-12T16:10:00Z,reviewed,exact species page reviewed against every extracted quote; candidate-level decisions are recorded in the source audit
Coccothrinax crinita,Coccothrinax crinita - Palmpedia - Palm Grower's Guide,http://www.palmpedia.net:80/wiki/Coccothrinax_crinita,https://web.archive.org/web/20200123051536id_/http://www.palmpedia.net:80/wiki/Coccothrinax_crinita,20200123051536,VPUBBBPURZ5N6JO6JTZ2DK2CHQNWIJUN,2026-08-12T15:40:17.557865+00:00,a4edc426ffc13e4f1075c5736851a7c5abb5cf6345b584d68478e38f7edb8b2f,dad95e0dd817636bacbc1a709cae82abf63d4a614e297127525989d81a14b2bb,trait_candidate_page,1,0,true,wild_species_treatment,Codex source-backed line-by-line evidence audit,2026-08-12T16:10:00Z,reviewed,exact species page reviewed against every extracted quote; candidate-level decisions are recorded in the source audit
Coccothrinax fragrans,Coccothrinax fragrans - Palmpedia - Palm Grower's Guide,http://www.palmpedia.net:80/wiki/Coccothrinax_fragrans,https://web.archive.org/web/20200124123627id_/http://www.palmpedia.net:80/wiki/Coccothrinax_fragrans,20200124123627,6C67LR2VASK7HV2OB32VSPEP5ZHVVPN3,2026-08-12T15:30:18.164375+00:00,5104c6eaa44a1e67d021f73890b10a2682c5ebba087b03069f4bfa16e0989f66,0bdb1ce09ceb9f02a4811fcacd6dfd000c9aaeb3fc9263c34517a1e4a666c5f1,trait_candidate_page,3,0,true,wild_species_treatment,Codex source-backed line-by-line evidence audit,2026-08-12T16:10:00Z,reviewed,exact species page reviewed against every extracted quote; candidate-level decisions are recorded in the source audit
Coccothrinax inaguensis,Coccothrinax inaguensis - Palmpedia - Palm Grower's Guide,http://www.palmpedia.net:80/wiki/Coccothrinax_inaguensis,https://web.archive.org/web/20200124124900id_/http://www.palmpedia.net:80/wiki/Coccothrinax_inaguensis,20200124124900,JGYAOOFWAIL75D72KECWCGJ7HPWB3KNT,2026-08-12T15:31:46.255045+00:00,36dec1fb56a063985dc0bc7ab021817df8cc0fd1ef528a077d0776eabef9bbc4,9af5432b457d97e4cc686f6d66135c7fac284885a9bada94899754bbcd44b816,trait_candidate_page,1,0,true,wild_species_treatment,Codex source-backed line-by-line evidence audit,2026-08-12T16:10:00Z,reviewed,exact species page reviewed against every extracted quote; candidate-level decisions are recorded in the source audit
Coccothrinax miraguama,Coccothrinax miraguama - Palmpedia - Palm Grower's Guide,http://www.palmpedia.net:80/wiki/Coccothrinax_miraguama,https://web.archive.org/web/20200129185200id_/http://www.palmpedia.net:80/wiki/Coccothrinax_miraguama,20200129185200,3YJ4XHCRGPFX73GIXAZQLSJICMN2GOKJ,2026-08-12T15:29:54.737934+00:00,0f1483d6d26ca80615a83353c7dce1e228f69d63f0cd0abedaa03a7173cebf80,e82eec91bd0cc8f4c2239cab486ecae5814fb44ec52f351f479d24aa14b904a6,trait_candidate_page,1,0,true,wild_species_treatment,Codex source-backed line-by-line evidence audit,2026-08-12T16:10:00Z,reviewed,exact species page reviewed against every extracted quote; candidate-level decisions are recorded in the source audit
Colpothrinax wrightii,Colpothrinax wrightii - Palmpedia - Palm Grower's Guide,http://www.palmpedia.net:80/wiki/Colpothrinax_wrightii,https://web.archive.org/web/20200129185720id_/http://www.palmpedia.net:80/wiki/Colpothrinax_wrightii,20200129185720,Q646YD55LVESDUD75TZPM3FJYUP5YPT3,2026-08-12T15:29:55.967227+00:00,e56c0eca2ab19efbcae9d4041a8a606896d6dd62f2ebe83a9e06c2cd7c5295b5,f77cd14df0daf7d167476dab6144e67ed5f5ae7c3e1619fa40e809354c0a2484,trait_candidate_page,1,0,true,wild_species_treatment,Codex source-backed line-by-line evidence audit,2026-08-12T16:10:00Z,reviewed,exact species page reviewed against every extracted quote; candidate-level decisions are recorded in the source audit
Copernicia gigas,Copernicia gigas - Palmpedia - Palm Grower's Guide,http://www.palmpedia.net:80/wiki/Copernicia_gigas,https://web.archive.org/web/20200119124053id_/http://www.palmpedia.net:80/wiki/Copernicia_gigas,20200119124053,QU3P6PHUHYNGHOJTZBMT3MGBG4GNWQXX,2026-08-12T15:39:56.794362+00:00,e14b3faba375ee96c4667e130c3907b64fdc2e41b9bb807302897eb6f7d53394,c0b926e40809b1a8b376058f68fac8a980fc46a4ef63d3aa1832c9417636c2b1,trait_candidate_page,1,0,true,wild_species_treatment,Codex source-backed line-by-line evidence audit,2026-08-12T16:10:00Z,reviewed,exact species page reviewed against every extracted quote; candidate-level decisions are recorded in the source audit
Copernicia hospita,Copernicia hospita - Palmpedia - Palm Grower's Guide,http://www.palmpedia.net:80/wiki/Copernicia_hospita,https://web.archive.org/web/20200124130905id_/http://www.palmpedia.net:80/wiki/Copernicia_hospita,20200124130905,25RVFKDHXZYJ65NDX3YIMVIVSJQEAEKV,2026-08-12T15:38:35.261886+00:00,a8c2a7787c3a63351a054c4cee8c7081c834a73b718229222554a0e84cff5323,d7ce6a66ecb3c23c10671951388545f16e12b73d3755e71411ae233d7bfd75f7,trait_candidate_page,1,0,true,wild_species_treatment,Codex source-backed line-by-line evidence audit,2026-08-12T16:10:00Z,reviewed,exact species page reviewed against every extracted quote; candidate-level decisions are recorded in the source audit
Cyphophoenix alba,Cyphophoenix alba - Palmpedia - Palm Grower's Guide,http://www.palmpedia.net:80/wiki/Cyphophoenix_alba,https://web.archive.org/web/20200124142742id_/http://www.palmpedia.net:80/wiki/Cyphophoenix_alba,20200124142742,UBH326E44G2EB4XJLJQEZICRWWBSSZAY,2026-08-12T15:38:20.816477+00:00,f86d5ada1f20c9e676a87f388af7e69c58c3667a88d9b1193a5e481f5005e672,64c4273aba5c693cfcc37638ac4c51cdb2543106704134fa97a54ef3ecc04ed9,trait_candidate_page,2,0,true,wild_species_treatment,Codex source-backed line-by-line evidence audit,2026-08-12T16:10:00Z,reviewed,exact species page reviewed against every extracted quote; candidate-level decisions are recorded in the source audit
Cyrtostachys elegans,Cyrtostachys elegans - Palmpedia - Palm Grower's Guide,http://www.palmpedia.net:80/wiki/Cyrtostachys_elegans,https://web.archive.org/web/20200128062548id_/http://www.palmpedia.net:80/wiki/Cyrtostachys_elegans,20200128062548,LCFS2675EVC6DCLUEUN2PCXYFRSMM54Y,2026-08-12T15:31:46.649356+00:00,14a20b64dcf20d4b7db31a93625f4fbd767030f99998bc40b0eef8c7e7dc8750,8fee7287ca2b38c81c9e06083e2572bc87fdaa8eadf0cb23ec8e6882da1c819c,trait_candidate_page,2,0,true,wild_species_treatment,Codex source-backed line-by-line evidence audit,2026-08-12T16:10:00Z,reviewed,exact species page reviewed against every extracted quote; candidate-level decisions are recorded in the source audit
Cyrtostachys loriae,Cyrtostachys loriae - Palmpedia - Palm Grower's Guide,https://palmpedia.net/wiki/Cyrtostachys_loriae,https://web.archive.org/web/20250516100225id_/https://palmpedia.net/wiki/Cyrtostachys_loriae,20250516100225,YI37TFZTWUHSH2PRSXUQVETEPBXKFDJ6,2026-08-12T15:30:46.733445+00:00,4bb5b41e565c04c67ef7e4bf79e6eb111905d320bc8d1f7ed13e5eb525f6e3e2,6c46637e2dbb3c5cf17fa70c271f810995d1f59c8d680163e620c838d4723288,trait_candidate_page,2,0,true,wild_species_treatment,Codex source-backed line-by-line evidence audit,2026-08-12T16:10:00Z,reviewed,exact species page reviewed against every extracted quote; candidate-level decisions are recorded in the source audit
Cyrtostachys renda,Cyrtostachys renda - Palmpedia - Palm Grower's Guide,http://www.palmpedia.net:80/wiki/Cyrtostachys_renda,https://web.archive.org/web/20200123051546id_/http://www.palmpedia.net:80/wiki/Cyrtostachys_renda,20200123051546,P2WM4D5O2PRD43OV3THYHZJXOWDI4EKH,2026-08-12T15:28:34.489102+00:00,2ff4caea6f35f2a1989ba42dd0370acf7bd57d0c7f3d7dbb685388aa8a4da248,5f90a6573ffc19de37d7645a9f768b8d79caaf98441aa234833aa36119a505a0,trait_candidate_page,2,0,true,wild_species_treatment,Codex source-backed line-by-line evidence audit,2026-08-12T16:10:00Z,reviewed,exact species page reviewed against every extracted quote; candidate-level decisions are recorded in the source audit
Desmoncus orthacanthos,Desmoncus orthacanthos - Palmpedia - Palm Grower's Guide,http://www.palmpedia.net:80/wiki/Desmoncus_orthacanthos,https://web.archive.org/web/20200124085038id_/http://www.palmpedia.net:80/wiki/Desmoncus_orthacanthos,20200124085038,CDCGCSYLRHFVSJO3HJHVVBE4LWDH3OAR,2026-08-12T15:29:48.810757+00:00,79c24c59d02b6796cfc3127e36ac45f1895e601f43397686882ba6db68a448b3,3014e20438bbb34006c5291b2642ce9b7bda1f5454b09f5700dcb0e4f9ce5e6a,trait_candidate_page,3,0,true,wild_species_treatment,Codex source-backed line-by-line evidence audit,2026-08-12T16:10:00Z,reviewed,exact species page reviewed against every extracted quote; candidate-level decisions are recorded in the source audit
Dransfieldia micrantha,Dransfieldia micrantha - Palmpedia - Palm Grower's Guide,http://www.palmpedia.net:80/wiki/Dransfieldia_micrantha,https://web.archive.org/web/20200124142957id_/http://www.palmpedia.net:80/wiki/Dransfieldia_micrantha,20200124142957,B7HVO4ERGLRWKP6Z6YYGFENZFW22VEYD,2026-08-12T15:31:21.065744+00:00,d0ab8b6c6fb127afb1717bea8e4ac1bc49a13067cae4797ee30120efda196327,079b3626d2ae69d86d51d4be4f76ab7b65b1a801bcb6bc1df0a2ac8bfdb9fa6a,trait_candidate_page,3,0,true,wild_species_treatment,Codex source-backed line-by-line evidence audit,2026-08-12T16:10:00Z,reviewed,exact species page reviewed against every extracted quote; candidate-level decisions are recorded in the source audit
Drymophloeus litigiosus,Drymophloeus litigiosus - Palmpedia - Palm Grower's Guide,http://www.palmpedia.net:80/wiki/Drymophloeus_litigiosus,https://web.archive.org/web/20200121193726id_/http://www.palmpedia.net:80/wiki/Drymophloeus_litigiosus,20200121193726,GF43QNDRYWUOXWCXP5JE32YRRHBP2DDH,2026-08-12T15:29:46.339555+00:00,ccfb25ed5ce3bfa1e1a6e439f369a3a5013420c2c2ae797234f0f5405447bec3,b30297d4abf959a3b6fc120d0ee0084846aec162d04139a108e228532ce868d1,trait_candidate_page,1,0,true,wild_species_treatment,Codex source-backed line-by-line evidence audit,2026-08-12T16:10:00Z,reviewed,exact species page reviewed against every extracted quote; candidate-level decisions are recorded in the source audit
Dypsis acaulis,Dypsis acaulis - Palmpedia - Palm Grower's Guide,http://www.palmpedia.net:80/wiki/Dypsis_acaulis,https://web.archive.org/web/20200126115355id_/http://www.palmpedia.net:80/wiki/Dypsis_acaulis,20200126115355,EB6QLBYMA23644RB6KHES2C62TON7PPX,2026-08-12T15:40:36.086731+00:00,ecd813db93902008180feb28254b4908a7767490eeadfa2517cb4a125a01ca27,28cb6ce2c3ba816870f796f67dbb7fa149a83eaf62d8c8434ae4a745d87baae0,trait_candidate_page,1,0,true,wild_species_treatment,Codex source-backed line-by-line evidence audit,2026-08-12T16:10:00Z,reviewed,exact species page reviewed against every extracted quote; candidate-level decisions are recorded in the source audit
Dypsis ampasindavae,Dypsis ampasindavae - Palmpedia - Palm Grower's Guide,http://www.palmpedia.net:80/wiki/Dypsis_ampasindavae,https://web.archive.org/web/20200124143524id_/http://www.palmpedia.net:80/wiki/Dypsis_ampasindavae,20200124143524,2QFWSFANIUEJWFV4HTMDSJ7UWPCHYTAW,2026-08-12T15:31:28.461411+00:00,d39c7088b4bcf930ffbc650b22e76962403999d3e0a660a29e9074b2b2618ee5,3a10eab01057cde2cc330a412a0424ef850408fe5042d4d474df821a5e895fa4,trait_candidate_page,1,0,true,wild_species_treatment,Codex source-backed line-by-line evidence audit,2026-08-12T16:10:00Z,reviewed,exact species page reviewed against every extracted quote; candidate-level decisions are recorded in the source audit
Dypsis basilonga,Dypsis basilonga - Palmpedia - Palm Grower's Guide,http://www.palmpedia.net:80/wiki/Dypsis_basilonga,https://web.archive.org/web/20200105115012id_/http://www.palmpedia.net:80/wiki/Dypsis_basilonga,20200105115012,66W6MXWI7SMQGREJNPLT2UCCPMNCOP2C,2026-08-12T15:40:45.842946+00:00,d6331897047c824bc000f87232520f79d3f6ae17b7ee6da0bf763721c122ae26,6b82246afd7b7f6967de281a4ae7d9ded85a8e3e1bd92f5dcbec312baa9ce416,trait_candidate_page,1,0,true,wild_species_treatment,Codex source-backed line-by-line evidence audit,2026-08-12T16:10:00Z,reviewed,exact species page reviewed against every extracted quote; candidate-level decisions are recorded in the source audit
Dypsis bonsai,Dypsis bonsai - Palmpedia - Palm Grower's Guide,http://www.palmpedia.net:80/wiki/Dypsis_bonsai,https://web.archive.org/web/20200105120526id_/http://www.palmpedia.net:80/wiki/Dypsis_bonsai,20200105120526,MZXB5Q3HTOY7HRM72N5RQQMI5QHDG7XQ,2026-08-12T15:39:12.283819+00:00,86b21c87abe085f20cfb97137c315cb11554af2875b9ee84f21e76f9fb0134d6,112b7815a8bf4197e65a6b5299767a8e7b084bbf9343451fcff80c6f755ba213,trait_candidate_page,1,0,true,wild_species_treatment,Codex source-backed line-by-line evidence audit,2026-08-12T16:10:00Z,reviewed,exact species page reviewed against every extracted quote; candidate-level decisions are recorded in the source audit
Dypsis bosseri,Dypsis bosseri - Palmpedia - Palm Grower's Guide,http://www.palmpedia.net:80/wiki/Dypsis_bosseri,https://web.archive.org/web/20200105120726id_/http://www.palmpedia.net:80/wiki/Dypsis_bosseri,20200105120726,EY473O3HFSARI7DXLGB6MIIJ45IMIPTR,2026-08-12T15:40:37.560986+00:00,3154bdab48ae6149563a70e18ddbc0df83569b15a67bbe8adfc662d8f6c43a7d,85011d7173d33772e847d190618df879362f0b31fa4688a66c12707ffde33b94,trait_candidate_page,1,0,true,wild_species_treatment,Codex source-backed line-by-line evidence audit,2026-08-12T16:10:00Z,reviewed,exact species page reviewed against every extracted quote; candidate-level decisions are recorded in the source audit
Dypsis brevicaulis,Dypsis brevicaulis - Palmpedia - Palm Grower's Guide,http://www.palmpedia.net:80/wiki/Dypsis_brevicaulis,https://web.archive.org/web/20200105120946id_/http://www.palmpedia.net:80/wiki/Dypsis_brevicaulis,20200105120946,V437VZF7UAJFW7IE3TGTX755LVJZHWIK,2026-08-12T15:39:13.354445+00:00,d5791fd5455524bcf51891dd011901b9b0c3a7a9a1301dc7b4bd835f7a821bc0,6259e21791a01f0a0429d7938283c98e8a9652665732d4e998866e5bb19566f5,trait_candidate_page,1,0,true,wild_species_treatment,Codex source-backed line-by-line evidence audit,2026-08-12T16:10:00Z,reviewed,exact species page reviewed against every extracted quote; candidate-level decisions are recorded in the source audit
Dypsis catatiana,Dypsis catatiana - Palmpedia - Palm Grower's Guide,http://www.palmpedia.net:80/wiki/Dypsis_catatiana,https://web.archive.org/web/20200105120951id_/http://www.palmpedia.net:80/wiki/Dypsis_catatiana,20200105120951,YTKIWYENDG3UAHOQS245NFEUWGPCXF5G,2026-08-12T15:32:01.192737+00:00,90414821f603fed5c62c4d6944ef513b2d8dd0a28ec5b8434c35597bac553e9b,d722c71c2d0978a62c549649fc79ab3f52125217c62deebf3090f213230a3916,trait_candidate_page,1,0,true,wild_species_treatment,Codex source-backed line-by-line evidence audit,2026-08-12T16:10:00Z,reviewed,exact species page reviewed against every extracted quote; candidate-level decisions are recorded in the source audit
Dypsis cookei,Dypsis cookei - Palmpedia - Palm Grower's Guide,http://www.palmpedia.net:80/wiki/Dypsis_cookei,https://web.archive.org/web/20200105120731id_/http://www.palmpedia.net:80/wiki/Dypsis_cookei,20200105120731,UXFKDZ3EVLRLBTINZ3ZMRHSZAIPIGTF7,2026-08-12T15:39:58.939587+00:00,365d348f16a6a1032da7f34fe60e0d1de988ebf30b7f16f574553235777c8625,17c230643adc613c5db2abe531a8eef46af94c2a273bf80241ad4f36cac53729,trait_candidate_page,1,0,true,wild_species_treatment,Codex source-backed line-by-line evidence audit,2026-08-12T16:10:00Z,reviewed,exact species page reviewed against every extracted quote; candidate-level decisions are recorded in the source audit
Dypsis coriacea,Dypsis coriacea - Palmpedia - Palm Grower's Guide,http://www.palmpedia.net:80/wiki/Dypsis_coriacea,https://web.archive.org/web/20200105120319id_/http://www.palmpedia.net:80/wiki/Dypsis_coriacea,20200105120319,OXSZE77AFSKH4ACJQTODQOGQQQCXCJDA,2026-08-12T15:38:35.762493+00:00,d021b2c8dbea68b3fd8626533515bfedd29230cbc00035e994c0ba56236fc0f7,26fdafe494551ca03409f66310bc9b6c8cbc56c985b8cef4bda630b79e8fb7f5,trait_candidate_page,1,0,true,wild_species_treatment,Codex source-backed line-by-line evidence audit,2026-08-12T16:10:00Z,reviewed,exact species page reviewed against every extracted quote; candidate-level decisions are recorded in the source audit
Dypsis corniculata,Dypsis corniculata - Palmpedia - Palm Grower's Guide,http://www.palmpedia.net:80/wiki/Dypsis_corniculata,https://web.archive.org/web/20200130232549id_/http://www.palmpedia.net:80/wiki/Dypsis_corniculata,20200130232549,OA467UPPYDDGH4DCLBMXUXPTQK7GP7PM,2026-08-12T15:31:05.026682+00:00,d15ffd0e88d1dfeb7aeddf35f71aa7a0ad7f48a0c5e09e410e5df1246d646ca2,e114fe8f13ef64813317af86bfba05389682fbd21fa7718e5210923ce6df7d0b,trait_candidate_page,1,0,true,wild_species_treatment,Codex source-backed line-by-line evidence audit,2026-08-12T16:10:00Z,reviewed,exact species page reviewed against every extracted quote; candidate-level decisions are recorded in the source audit
Dypsis coursii,Dypsis coursii - Palmpedia - Palm Grower's Guide,http://www.palmpedia.net:80/wiki/Dypsis_coursii,https://web.archive.org/web/20200105121212id_/http://www.palmpedia.net:80/wiki/Dypsis_coursii,20200105121212,5QV5LWB27TCM4R3CZBGUOZWTHWZO3V7Z,2026-08-12T15:39:03.501201+00:00,b8089d814b64c4afacb9d0baa9c700da6d387f34a82fd3e8d75d4837e4d3a478,48135462854cd99ab65cc521664a3ecb810ab0d6c1d966275c182b20911d8970,trait_candidate_page,1,0,true,wild_species_treatment,Codex source-backed line-by-line evidence audit,2026-08-12T16:10:00Z,reviewed,exact species page reviewed against every extracted quote; candidate-level decisions are recorded in the source audit
Dypsis crinita,Dypsis crinita - Palmpedia - Palm Grower's Guide,http://www.palmpedia.net:80/wiki/Dypsis_crinita,https://web.archive.org/web/20200130232142id_/http://www.palmpedia.net:80/wiki/Dypsis_crinita,20200130232142,W35QPOMQJ6WC3ILL33BQ5573LXV3ZDQE,2026-08-12T15:38:34.282250+00:00,a8b54a8b248e49c2b147418cd4435d946f6ca88340cf993b023217cb2039ecfc,a876f2bdf0fe20ae87f1ebb4b8dc684d45ada6718368cdeca1cb35b8a4588c40,trait_candidate_page,1,0,true,wild_species_treatment,Codex source-backed line-by-line evidence audit,2026-08-12T16:10:00Z,reviewed,exact species page reviewed against every extracted quote; candidate-level decisions are recorded in the source audit
Dypsis decaryi,Dypsis decaryi - Palmpedia - Palm Grower's Guide,http://www.palmpedia.net:80/wiki/Dypsis_decaryi,https://web.archive.org/web/20200203115541id_/http://www.palmpedia.net:80/wiki/Dypsis_decaryi,20200203115541,7JU3CPVQE3Z6EBN5LN2B436YDIMRCBQW,2026-08-12T15:28:53.907818+00:00,3934f17a709f838a46f15d9ae1e46d2c95cfdaa8ea15b2fba012ef2e19b3f39d,39f3128ed79a90e8852d02053d6af0d087bf12dce3eda8c2e14718b1b599c39b,trait_candidate_page,1,0,true,wild_species_treatment,Codex source-backed line-by-line evidence audit,2026-08-12T16:10:00Z,reviewed,exact species page reviewed against every extracted quote; candidate-level decisions are recorded in the source audit
Dypsis delicatula,Dypsis delicatula - Palmpedia - Palm Grower's Guide,http://www.palmpedia.net:80/wiki/Dypsis_delicatula,https://web.archive.org/web/20200105121217id_/http://www.palmpedia.net:80/wiki/Dypsis_delicatula,20200105121217,SX4QHIP3XNBKMN42TKZMRTRRCQVNS766,2026-08-12T15:39:56.062292+00:00,5024fbb8c553fea05a2627339efeb89ab49ac08d4a250dc0e6c54509ef0cc7e0,b4dd41fe4773545540714360571eef3237c96b01b5418296391d14abd3d7e76d,trait_candidate_page,2,0,true,wild_species_treatment,Codex source-backed line-by-line evidence audit,2026-08-12T16:10:00Z,reviewed,exact species page reviewed against every extracted quote; candidate-level decisions are recorded in the source audit
Dypsis dransfieldii,Dypsis dransfieldii - Palmpedia - Palm Grower's Guide,http://www.palmpedia.net:80/wiki/Dypsis_dransfieldii,https://web.archive.org/web/20200105120329id_/http://www.palmpedia.net:80/wiki/Dypsis_dransfieldii,20200105120329,TA2IO7B3ZMP47NZY7RVTZWRUZRH2J6T3,2026-08-12T15:39:35.220334+00:00,a0b369ed0a891e37e3d15028bd874fd410e00100d1293b2fbcbab7a7cea9a3cf,1df885d79ba38cfcd918b474f6753c880cbe3f19ce904af26944ac050747b293,trait_candidate_page,1,0,true,wild_species_treatment,Codex source-backed line-by-line evidence audit,2026-08-12T16:10:00Z,reviewed,exact species page reviewed against every extracted quote; candidate-level decisions are recorded in the source audit
Dypsis elegans,Dypsis elegans - Palmpedia - Palm Grower's Guide,http://www.palmpedia.net:80/wiki/Dypsis_elegans,https://web.archive.org/web/20200105115954id_/http://www.palmpedia.net:80/wiki/Dypsis_elegans,20200105115954,DDB73T6G7UM5BKMHWAQIURCLJM2PHHDN,2026-08-12T15:39:30.500752+00:00,c7226ebc141fd5a10b003feac2a3b07d363be5add267dd5d783eaaf247a2c6c7,2a643701791f571b788c3529dd28383fa5333a7a5595958105467c22f0ac372d,trait_candidate_page,1,0,true,wild_species_treatment,Codex source-backed line-by-line evidence audit,2026-08-12T16:10:00Z,reviewed,exact species page reviewed against every extracted quote; candidate-level decisions are recorded in the source audit
Dypsis eriostachys,Dypsis eriostachys - Palmpedia - Palm Grower's Guide,http://www.palmpedia.net:80/wiki/Dypsis_eriostachys,https://web.archive.org/web/20200105121442id_/http://www.palmpedia.net:80/wiki/Dypsis_eriostachys,20200105121442,4PV2GVPXLWFI4C7M6EIDQJIOZOM6LLJB,2026-08-12T15:39:45.022815+00:00,2335efcc634baef4aa349d4b3f83e3bcdee7c37fde5bc00d03d13a330f2ba201,0133e7c460efea0020df3d9b0a8bb85a07c63694acbd16b1533fd76e9bb14872,trait_candidate_page,2,0,true,wild_species_treatment,Codex source-backed line-by-line evidence audit,2026-08-12T16:10:00Z,reviewed,exact species page reviewed against every extracted quote; candidate-level decisions are recorded in the source audit
Dypsis faneva,Dypsis faneva - Palmpedia - Palm Grower's Guide,http://www.palmpedia.net:80/wiki/Dypsis_faneva,https://web.archive.org/web/20200105115018id_/http://www.palmpedia.net:80/wiki/Dypsis_faneva,20200105115018,B7RIM3LZRY6HDHS4WJUE4BPC32J6WMXC,2026-08-12T15:39:56.575810+00:00,41541ab18914a1792f6a7ced250eb1df345f3492b9688c8dd75ae887cca2d1db,963c1b32d24a5836f9eec634bdf76f2e09737e5b983dbb8fdaf19fef0053647b,trait_candidate_page,1,0,true,wild_species_treatment,Codex source-backed line-by-line evidence audit,2026-08-12T16:10:00Z,reviewed,exact species page reviewed against every extracted quote; candidate-level decisions are recorded in the source audit
Dypsis fasciculata,Dypsis fasciculata - Palmpedia - Palm Grower's Guide,http://www.palmpedia.net:80/wiki/Dypsis_fasciculata,https://web.archive.org/web/20200105115023id_/http://www.palmpedia.net:80/wiki/Dypsis_fasciculata,20200105115023,L77CHCWNZQFSUVMRPSYXGQQ2B2OUADQ7,2026-08-12T15:30:44.883749+00:00,8e1c8de444d29de6c39740830799722c9e41ced01aea1eec4086ebae4b968fa4,7fe8ed5c98fed2065445ac0b2426d0e7bb8c52f2b225010b46588c5e95d21f9c,trait_candidate_page,1,0,true,wild_species_treatment,Codex source-backed line-by-line evidence audit,2026-08-12T16:10:00Z,reviewed,exact species page reviewed against every extracted quote; candidate-level decisions are recorded in the source audit
Dypsis fibrosa,Dypsis fibrosa - Palmpedia - Palm Grower's Guide,http://www.palmpedia.net:80/wiki/Dypsis_fibrosa,https://web.archive.org/web/20200130232147id_/http://www.palmpedia.net:80/wiki/Dypsis_fibrosa,20200130232147,LI6EVI7GXEIQRE2Y3BCXCCC5KEMUXMTR,2026-08-12T15:29:53.221993+00:00,19351df7d21c6cb8ef5a3d22bbd49fe087c41b2cd4e40fa32db11d5cafa1cb9b,2b3733329da4d3fe2446c860f314f317e594a2ba3c43109fa5a461cccd06e2ad,trait_candidate_page,1,0,true,wild_species_treatment,Codex source-backed line-by-line evidence audit,2026-08-12T16:10:00Z,reviewed,exact species page reviewed against every extracted quote; candidate-level decisions are recorded in the source audit
Dypsis forficifolia,Dypsis forficifolia - Palmpedia - Palm Grower's Guide,http://www.palmpedia.net:80/wiki/Dypsis_forficifolia,https://web.archive.org/web/20200130232518id_/http://www.palmpedia.net:80/wiki/Dypsis_forficifolia,20200130232518,MFZ65TS67DLCJCSDTFHSGWN2PANZIKCU,2026-08-12T15:30:39.853101+00:00,f5f61938df24c8ca1370432e70db2bd634e70bb8a28b1dc23c70f2af821b533b,b63f2a4c8c13aafbd58c1477f00ab0c79a41aecbd115b74ea952d5cfb70c3ec1,trait_candidate_page,2,0,true,wild_species_treatment,Codex source-backed line-by-line evidence audit,2026-08-12T16:10:00Z,reviewed,exact species page reviewed against every extracted quote; candidate-level decisions are recorded in the source audit
Dypsis glabrescens,Dypsis glabrescens - Palmpedia - Palm Grower's Guide,http://www.palmpedia.net:80/wiki/Dypsis_glabrescens,https://web.archive.org/web/20200130232042id_/http://www.palmpedia.net:80/wiki/Dypsis_glabrescens,20200130232042,EQ5EZACACGQ4HQSGB2SXOOXYVQPZZMSF,2026-08-12T15:30:59.439911+00:00,b43c98cbf36cd9120407877612ac1066f26a0006f20d8f30025f58164364c7f3,03494ecaa01bb6ad1894c0a8ff9cf0054f5320fd56c9ef740a844a7c76d49d33,trait_candidate_page,1,0,true,wild_species_treatment,Codex source-backed line-by-line evidence audit,2026-08-12T16:10:00Z,reviewed,exact species page reviewed against every extracted quote; candidate-level decisions are recorded in the source audit
Dypsis henrici,Dypsis henrici - Palmpedia - Palm Grower's Guide,http://www.palmpedia.net:80/wiki/Dypsis_henrici,https://web.archive.org/web/20200105121001id_/http://www.palmpedia.net:80/wiki/Dypsis_henrici,20200105121001,5FAAXV3RH2TY4NSTF4FP23GEEIO3HFMO,2026-08-12T15:40:24.279892+00:00,441c6bc597d165da1bcaf6c81632d73c4ddbb2e9419d484b11c02acbc89e5eff,23ab8f294573d978d2a722b5ed15f9333af2a40fbe985c07d2a761e8461aef8a,trait_candidate_page,1,0,true,wild_species_treatment,Codex source-backed line-by-line evidence audit,2026-08-12T16:10:00Z,reviewed,exact species page reviewed against every extracted quote; candidate-level decisions are recorded in the source audit
Dypsis hildebrandtii,Dypsis hildebrandtii - Palmpedia - Palm Grower's Guide,http://www.palmpedia.net:80/wiki/Dypsis_hildebrandtii,https://web.archive.org/web/20200105121222id_/http://www.palmpedia.net:80/wiki/Dypsis_hildebrandtii,20200105121222,CBSUSSYNUHDYM6OKJFQFWXEAFYOPAAXO,2026-08-12T15:31:59.039383+00:00,5a0af5e55fa75e9cf8ae43bc39952427077fa84e81aa4f395c5e8042157a58c8,0815ac1d78f40b94c91fc96fd0def146f1061e43bfc954e5ca3e5b31b597383a,trait_candidate_page,1,0,true,wild_species_treatment,Codex source-backed line-by-line evidence audit,2026-08-12T16:10:00Z,reviewed,exact species page reviewed against every extracted quote; candidate-level decisions are recorded in the source audit
Dypsis lantzeana,Dypsis lantzeana - Palmpedia - Palm Grower's Guide,http://www.palmpedia.net:80/wiki/Dypsis_lantzeana,https://web.archive.org/web/20200130232303id_/http://www.palmpedia.net:80/wiki/Dypsis_lantzeana,20200130232303,VBYELYGVD2FLUJRCORIWNR4HG2FN7WYZ,2026-08-12T15:30:52.013615+00:00,c3116ee4f0c6759bacce926b4de5a6756cb629e99fe77de021a1c4c0e4cc808b,8737d471e43c729047fd65260f71502c3b8b5de3b58a4a1da35a2d7fb74b49e5,trait_candidate_page,2,0,true,wild_species_treatment,Codex source-backed line-by-line evidence audit,2026-08-12T16:10:00Z,reviewed,exact species page reviewed against every extracted quote; candidate-level decisions are recorded in the source audit
Dypsis lutea,Dypsis lutea - Palmpedia - Palm Grower's Guide,http://www.palmpedia.net:80/wiki/Dypsis_lutea,https://web.archive.org/web/20200105121007id_/http://www.palmpedia.net:80/wiki/Dypsis_lutea,20200105121007,XIUV7OU3AIU2JV5DKYQGFSL7I6524PFX,2026-08-12T15:39:31.252283+00:00,19883ff94a6c8ebdd86c23729b88978eca31e3a301eeaf70a26e95faaa6ff935,44e7aa906b7b9c441486f8e84570ae947b3d716d7bc9b028dc3f1be544a82d33,trait_candidate_page,1,0,true,wild_species_treatment,Codex source-backed line-by-line evidence audit,2026-08-12T16:10:00Z,reviewed,exact species page reviewed against every extracted quote; candidate-level decisions are recorded in the source audit
Dypsis madagascariensis,Dypsis madagascariensis - Palmpedia - Palm Grower's Guide,http://www.palmpedia.net:80/wiki/Dypsis_madagascariensis,https://web.archive.org/web/20200119155722id_/http://www.palmpedia.net:80/wiki/Dypsis_madagascariensis,20200119155722,OJRK35S4QVKKBWDGRSWCLGAYJ4DB75GW,2026-08-12T15:28:50.650954+00:00,7204edb62656ea96859d8e380d8b1f75eb5c317e2cc0e83fdcc4d9329955ed77,7ddc56881d2d7ba2a709491627d2771f891584ef45efe08828e20dbc0fa16f48,trait_candidate_page,1,0,true,wild_species_treatment,Codex source-backed line-by-line evidence audit,2026-08-12T16:10:00Z,reviewed,exact species page reviewed against every extracted quote; candidate-level decisions are recorded in the source audit
Dypsis minuta,Dypsis minuta - Palmpedia - Palm Grower's Guide,http://www.palmpedia.net:80/wiki/Dypsis_minuta,https://web.archive.org/web/20200105121457id_/http://www.palmpedia.net:80/wiki/Dypsis_minuta,20200105121457,MZPFXE2YKJ6MGEQAJCJZTRLJPDCBSINZ,2026-08-12T15:38:53.462747+00:00,d9f88b28fba05c77816f239282cddb195d3c2572db44f5fd3e31070ce6f84f57,82d6a49df45bcd13c990e37b1e906c08e795b637e04cd140066705c250a0281b,trait_candidate_page,1,0,true,wild_species_treatment,Codex source-backed line-by-line evidence audit,2026-08-12T16:10:00Z,reviewed,exact species page reviewed against every extracted quote; candidate-level decisions are recorded in the source audit
Dypsis mirabilis,Dypsis mirabilis - Palmpedia - Palm Grower's Guide,http://www.palmpedia.net:80/wiki/Dypsis_mirabilis,https://web.archive.org/web/20200105120806id_/http://www.palmpedia.net:80/wiki/Dypsis_mirabilis,20200105120806,PVCDGKE5JHRH2OCPXDCPCRPFUI4LSWR4,2026-08-12T15:31:14.914239+00:00,f84361d46655511800a2ab2b2db447d4b658fef156a4fc31609f4e084e431e1a,40fcf372226b67216749c00e06dc3374f98abe708157de802ccc057c1426d82e,trait_candidate_page,2,0,true,wild_species_treatment,Codex source-backed line-by-line evidence audit,2026-08-12T16:10:00Z,reviewed,exact species page reviewed against every extracted quote; candidate-level decisions are recorded in the source audit
Dypsis mocquerysiana,Dypsis mocquerysiana - Palmpedia - Palm Grower's Guide,http://www.palmpedia.net:80/wiki/Dypsis_mocquerysiana,https://web.archive.org/web/20200105120113id_/http://www.palmpedia.net:80/wiki/Dypsis_mocquerysiana,20200105120113,5VTURT33FHKNSUKE2INTYH6OC3XZG4HZ,2026-08-12T15:31:00.065211+00:00,b464886ca4522f95f7047f169fe45ea7cfc3ef3bc1062d7bd23ec7cedb639045,cd1e6587ecbebf0b10a2e3cd95dbf99805714ec71a3e6f92bdb74ceeddfc0db8,trait_candidate_page,2,0,true,wild_species_treatment,Codex source-backed line-by-line evidence audit,2026-08-12T16:10:00Z,reviewed,exact species page reviewed against every extracted quote; candidate-level decisions are recorded in the source audit
Dypsis nodifera,Dypsis nodifera - Palmpedia - Palm Grower's Guide,http://www.palmpedia.net:80/wiki/Dypsis_nodifera,https://web.archive.org/web/20200105120811id_/http://www.palmpedia.net:80/wiki/Dypsis_nodifera,20200105120811,DZFTYONM5QVMRSTSYASTYVHMJIMYU744,2026-08-12T15:30:35.312409+00:00,bf2ea144db5a94737deafd3140724a8ba0eb498456b16ecbcde8ead7b7d0e7a0,63b00ae09d0f2999e59eb3961f41db81add1df261afaf1236a2295ac792c1d33,trait_candidate_page,3,0,true,wild_species_treatment,Codex source-backed line-by-line evidence audit,2026-08-12T16:10:00Z,reviewed,exact species page reviewed against every extracted quote; candidate-level decisions are recorded in the source audit
Dypsis nossibensis,Dypsis nossibensis - Palmpedia - Palm Grower's Guide,http://www.palmpedia.net:80/wiki/Dypsis_nossibensis,https://web.archive.org/web/20200105120816id_/http://www.palmpedia.net:80/wiki/Dypsis_nossibensis,20200105120816,KN7HWPJI3IDBQW66WJP4JLTOORAD4DDC,2026-08-12T15:31:42.112175+00:00,839409727e32f36f3f122851999f7fcbb498eef9541f09969dc7af459dc9a256,d398e4c4935bf49f4cbf4d7973982076ab8c411e96e194debf725e5c3d5aba50,trait_candidate_page,2,0,true,wild_species_treatment,Codex source-backed line-by-line evidence audit,2026-08-12T16:10:00Z,reviewed,exact species page reviewed against every extracted quote; candidate-level decisions are recorded in the source audit
Dypsis onilahensis,Dypsis onilahensis - Palmpedia - Palm Grower's Guide,http://www.palmpedia.net:80/wiki/Dypsis_onilahensis,https://web.archive.org/web/20200129185255id_/http://www.palmpedia.net:80/wiki/Dypsis_onilahensis,20200129185255,TFOMRUHURNSHEF2LJX37NW7PLHKC4VJQ,2026-08-12T15:30:41.657595+00:00,e5ef68330416299aedbd2116472f34b3eaaf3dd3c4b18ef661b7f919ed14f36d,512a5e85c13795c60c25d82a1870bb69ddee94e74733ff0cb225e091193e3cb9,trait_candidate_page,1,0,true,wild_species_treatment,Codex source-backed line-by-line evidence audit,2026-08-12T16:10:00Z,reviewed,exact species page reviewed against every extracted quote; candidate-level decisions are recorded in the source audit
Dypsis oreophila,Dypsis oreophila - Palmpedia - Palm Grower's Guide,http://www.palmpedia.net:80/wiki/Dypsis_oreophila,https://web.archive.org/web/20200105121016id_/http://www.palmpedia.net:80/wiki/Dypsis_oreophila,20200105121016,GGR3CE5VTHCIEQ5WTNRKEA7GYKZHPO6K,2026-08-12T15:38:30.640456+00:00,214cfce765019e84ae12797bdc72785b26f325097111eb7bb8dd9b9167271391,1c2d6eb98eed6422565280ed598743525eebcaa32646c428665cd053a29d528d,trait_candidate_page,1,0,true,wild_species_treatment,Codex source-backed line-by-line evidence audit,2026-08-12T16:10:00Z,reviewed,exact species page reviewed against every extracted quote; candidate-level decisions are recorded in the source audit
Dypsis pachyramea,Dypsis pachyramea - Palmpedia - Palm Grower's Guide,http://www.palmpedia.net:80/wiki/Dypsis_pachyramea,https://web.archive.org/web/20200105120827id_/http://www.palmpedia.net:80/wiki/Dypsis_pachyramea,20200105120827,OY4JC6TPRHI2WNS26OJRLTWYNCMRPZU6,2026-08-12T15:39:00.097026+00:00,9e9286794440f40fdfb3505b645e0c6b864ac7bd25606a9d5343ef488fefbbaf,2236587ac843fca386c8b9b58b18eab987a1de3231d724b44b6bb86009ae8cf3,trait_candidate_page,2,0,true,wild_species_treatment,Codex source-backed line-by-line evidence audit,2026-08-12T16:10:00Z,reviewed,exact species page reviewed against every extracted quote; candidate-level decisions are recorded in the source audit
Dypsis perrieri,Dypsis perrieri - Palmpedia - Palm Grower's Guide,http://www.palmpedia.net:80/wiki/Dypsis_perrieri,https://web.archive.org/web/20200105121232id_/http://www.palmpedia.net:80/wiki/Dypsis_perrieri,20200105121232,ZNGCPOVSEQVVHX3U3PWGVQ7WNIAIEKZZ,2026-08-12T15:32:13.234689+00:00,de55b14bbbedb166f8de539c24e46b20f14f839256b3def0fa2ebce9c1ad4360,b4be64c712f6cbcb9fd37e09ce14f4ecbc85ad7c2bce048455f45e36d655e68f,trait_candidate_page,1,0,true,wild_species_treatment,Codex source-backed line-by-line evidence audit,2026-08-12T16:10:00Z,reviewed,exact species page reviewed against every extracted quote; candidate-level decisions are recorded in the source audit
Dypsis pinnatifrons,Dypsis pinnatifrons - Palmpedia - Palm Grower's Guide,http://www.palmpedia.net:80/wiki/Dypsis_pinnatifrons,https://web.archive.org/web/20200119122758id_/http://www.palmpedia.net:80/wiki/Dypsis_pinnatifrons,20200119122758,UJA35LSOAU6Q2BQV2WQM4YUCSI74CMKV,2026-08-12T15:29:38.872335+00:00,2e461f9bd5778df82ca5373efebc0d6cf053c16cfe522427543d718ee9611d20,5020438d58d8dcb9aac844d2deaba51c7d08c43e574d3acd2c9869e97c6beabb,trait_candidate_page,1,0,true,wild_species_treatment,Codex source-backed line-by-line evidence audit,2026-08-12T16:10:00Z,reviewed,exact species page reviewed against every extracted quote; candidate-level decisions are recorded in the source audit
Dypsis procera,Dypsis procera - Palmpedia - Palm Grower's Guide,http://www.palmpedia.net:80/wiki/Dypsis_procera,https://web.archive.org/web/20200105120119id_/http://www.palmpedia.net:80/wiki/Dypsis_procera,20200105120119,RZ623LMW7NGNWSNZG6IUQAEQNW4MRFUH,2026-08-12T15:30:55.338489+00:00,83a37cee31dac3359d29fb46389c1e050b6106258bb63fdd574b5ccc2fb4c01f,150a3424c4ca391cc8477941b1d9d16d47487a6f7eefd4ab20491188e5aac149,trait_candidate_page,2,0,true,wild_species_treatment,Codex source-backed line-by-line evidence audit,2026-08-12T16:10:00Z,reviewed,exact species page reviewed against every extracted quote; candidate-level decisions are recorded in the source audit
Dypsis procumbens,Dypsis procumbens - Palmpedia - Palm Grower's Guide,http://www.palmpedia.net:80/wiki/Dypsis_procumbens,https://web.archive.org/web/20200105115835id_/http://www.palmpedia.net:80/wiki/Dypsis_procumbens,20200105115835,AE4UNY4TF63Z264O2OQNN2BFWMAMITC7,2026-08-12T15:32:05.253473+00:00,d524a654238725e92a100a4e69094877e2928f5611eff7377ec46afd5771b795,30a9cf1c5f8492aafb8524a935b52e3ae87ccd5b363af84b68786dce6b150d01,trait_candidate_page,1,0,true,wild_species_treatment,Codex source-backed line-by-line evidence audit,2026-08-12T16:10:00Z,reviewed,exact species page reviewed against every extracted quote; candidate-level decisions are recorded in the source audit
Dypsis pulchella,Dypsis pulchella - Palmpedia - Palm Grower's Guide,http://www.palmpedia.net:80/wiki/Dypsis_pulchella,https://web.archive.org/web/20200105120400id_/http://www.palmpedia.net:80/wiki/Dypsis_pulchella,20200105120400,F2T5P5UTOJYC6D5YH573ONGWE2WEKHIU,2026-08-12T15:40:38.454105+00:00,f82fe65fdd0e60cff4fee7ba0f53c8ca4279486df0538b346c9d7c2631acbe80,b2971651000c73088814dc6cc3c27da42ee5a770c8275bb37d59ad569aee13d5,trait_candidate_page,2,0,true,wild_species_treatment,Codex source-backed line-by-line evidence audit,2026-08-12T16:10:00Z,reviewed,exact species page reviewed against every extracted quote; candidate-level decisions are recorded in the source audit
Dypsis pustulata,Dypsis pustulata - Palmpedia - Palm Grower's Guide,http://www.palmpedia.net:80/wiki/Dypsis_pustulata,https://web.archive.org/web/20200105120831id_/http://www.palmpedia.net:80/wiki/Dypsis_pustulata,20200105120831,OZN4A566V6VAUGODABBNYCT5WFDQJX7B,2026-08-12T15:40:32.095530+00:00,cdbfaff206a0f4018d6787ca44f45df49bbfdb1693167d03df1ca35502931575,73cdfadc4e284935bd5828af16514631ef52028c8c8586fd85e7b27e6884dceb,trait_candidate_page,3,0,true,wild_species_treatment,Codex source-backed line-by-line evidence audit,2026-08-12T16:10:00Z,reviewed,exact species page reviewed against every extracted quote; candidate-level decisions are recorded in the source audit
Dypsis remotiflora,Dypsis remotiflora - Palmpedia - Palm Grower's Guide,http://www.palmpedia.net:80/wiki/Dypsis_remotiflora,https://web.archive.org/web/20200105120410id_/http://www.palmpedia.net:80/wiki/Dypsis_remotiflora,20200105120410,DZLRHKF5FNPDESA6NEADJDXMRKWMM27M,2026-08-12T15:40:05.384088+00:00,730ee703736440f606991d19a24d153bb476b8164914fb6ae1c9f38211271b35,a5374f9880ea8c6ebe985a0c7975d429e0fe269f0092be2a83000eb64155e56f,trait_candidate_page,1,0,true,wild_species_treatment,Codex source-backed line-by-line evidence audit,2026-08-12T16:10:00Z,reviewed,exact species page reviewed against every extracted quote; candidate-level decisions are recorded in the source audit
Dypsis rivularis,Dypsis rivularis - Palmpedia - Palm Grower's Guide,http://www.palmpedia.net:80/wiki/Dypsis_rivularis,https://web.archive.org/web/20200105121252id_/http://www.palmpedia.net:80/wiki/Dypsis_rivularis,20200105121252,UTQ2DNOP2C5PBHPU5LQDOPXV7JVWUZAV,2026-08-12T15:38:28.354959+00:00,b87f2e64548d9651e3ab463a77603c4b6a5bb2ec9d34aeada9db76598e2e8464,5aaf29cedc6f2b319ed6f225fdfa76bfa367bfda78801c88fb1f6b5682b4ce6a,trait_candidate_page,1,0,true,wild_species_treatment,Codex source-backed line-by-line evidence audit,2026-08-12T16:10:00Z,reviewed,exact species page reviewed against every extracted quote; candidate-level decisions are recorded in the source audit
Dypsis saintelucei,Dypsis saintelucei - Palmpedia - Palm Grower's Guide,http://www.palmpedia.net:80/wiki/Dypsis_saintelucei,https://web.archive.org/web/20200129185750id_/http://www.palmpedia.net:80/wiki/Dypsis_saintelucei,20200129185750,4SHKABLUNALLRYHDLFRUZ5KMUPWEGS4L,2026-08-12T15:39:21.572246+00:00,ae582fdb00acfe31bc933d7daa90c6e9e66c699d7ba103fc722aba4dd212345b,857a390540e9778d783028f1bcc60a10d415d5d96afac1ba8f6bbe64adcfdc7e,trait_candidate_page,1,0,true,wild_species_treatment,Codex source-backed line-by-line evidence audit,2026-08-12T16:10:00Z,reviewed,exact species page reviewed against every extracted quote; candidate-level decisions are recorded in the source audit
Dypsis sanctaemariae,Dypsis sanctaemariae - Palmpedia - Palm Grower's Guide,http://www.palmpedia.net:80/wiki/Dypsis_sanctaemariae,https://web.archive.org/web/20200105121021id_/http://www.palmpedia.net:80/wiki/Dypsis_sanctaemariae,20200105121021,MP4CFYDJQ4VNIUPHHOB6XDOSX6LFZHS4,2026-08-12T15:40:26.218440+00:00,c9eb5b277a620bf34cb41ed7a1af2d65dc438ea5773287d1515c34a5c63420f4,af832ac28fd96075c11a4fe3a63bb99a40923e0c172989ee280598c5725090d3,trait_candidate_page,2,0,true,wild_species_treatment,Codex source-backed line-by-line evidence audit,2026-08-12T16:10:00Z,reviewed,exact species page reviewed against every extracted quote; candidate-level decisions are recorded in the source audit
Dypsis scottiana,Dypsis scottiana - Palmpedia - Palm Grower's Guide,http://www.palmpedia.net:80/wiki/Dypsis_scottiana,https://web.archive.org/web/20200128062318id_/http://www.palmpedia.net:80/wiki/Dypsis_scottiana,20200128062318,ZOFOYGZZJOW2YKORZ4EJZSSEDDLFWUCB,2026-08-12T15:32:02.706558+00:00,e27ea70cd5d304885b523d8909b788e103f9ba4c4c7297941781949610ae0a9b,21f17e9d98c3f9360d00b337e1a51524763ace8033b10c8bbc044d53c23f7e75,trait_candidate_page,1,0,true,wild_species_treatment,Codex source-backed line-by-line evidence audit,2026-08-12T16:10:00Z,reviewed,exact species page reviewed against every extracted quote; candidate-level decisions are recorded in the source audit
Dypsis simianensis,Dypsis simianensis - Palmpedia - Palm Grower's Guide,http://www.palmpedia.net:80/wiki/Dypsis_simianensis,https://web.archive.org/web/20200105121031id_/http://www.palmpedia.net:80/wiki/Dypsis_simianensis,20200105121031,3CULNRWD3QTKVH5655BMN27VFOL5QPRE,2026-08-12T15:39:28.312362+00:00,8ffc1aa7ee4a3ad03148fe72149224813711920ae8380b4d197fb2d1d2d3e4f0,9a9efcf69a5aabc144596c2b0eb2ce258578458caf551b63b0af01c950b804a1,trait_candidate_page,1,0,true,wild_species_treatment,Codex source-backed line-by-line evidence audit,2026-08-12T16:10:00Z,reviewed,exact species page reviewed against every extracted quote; candidate-level decisions are recorded in the source audit
Dypsis spicata,Dypsis spicata - Palmpedia - Palm Grower's Guide,http://www.palmpedia.net:80/wiki/Dypsis_spicata,https://web.archive.org/web/20200105121317id_/http://www.palmpedia.net:80/wiki/Dypsis_spicata,20200105121317,TVZAIUFSYCSOXCZER6XF6O2KFHFPCFQA,2026-08-12T15:32:15.654439+00:00,a0b9dc74d3e4a7a7060f83a04cb90f421e173d600706a7301cc5b7643ed1d9b2,351f0b662832b3d2943ff123efb30be3699a16a098036e20f24f4ce54e68bcab,trait_candidate_page,2,0,true,wild_species_treatment,Codex source-backed line-by-line evidence audit,2026-08-12T16:10:00Z,reviewed,exact species page reviewed against every extracted quote; candidate-level decisions are recorded in the source audit
Dypsis thermarum,Dypsis thermarum - Palmpedia - Palm Grower's Guide,http://www.palmpedia.net:80/wiki/Dypsis_thermarum,https://web.archive.org/web/20200105120430id_/http://www.palmpedia.net:80/wiki/Dypsis_thermarum,20200105120430,M56LN3SVSNRXHEFI35LUFAJHLH2CPSGG,2026-08-12T15:38:40.709448+00:00,39021203f12ae792a37c3e806b6f7259c8e5ab6e766a65413ced812dd29b7131,e7aa345f80aff1862562c879b57016f7c0d604fa852fbe5be6e2921fb3667ff2,trait_candidate_page,2,0,true,wild_species_treatment,Codex source-backed line-by-line evidence audit,2026-08-12T16:10:00Z,reviewed,exact species page reviewed against every extracted quote; candidate-level decisions are recorded in the source audit
Dypsis thiryana,Dypsis thiryana - Palmpedia - Palm Grower's Guide,http://www.palmpedia.net:80/wiki/Dypsis_thiryana,https://web.archive.org/web/20200105120631id_/http://www.palmpedia.net:80/wiki/Dypsis_thiryana,20200105120631,B23Q2DK4Q66OQ5UHCP2I7PWLZ5CZV2UB,2026-08-12T15:32:16.267471+00:00,7018241a04f84bf15c9c4d6176febee4de72bdf28746171a3824b506beb816ea,7ae56e3c630f24e32199f818d0874e4f7557ad66397913979d75754440e77a7a,trait_candidate_page,1,0,true,wild_species_treatment,Codex source-backed line-by-line evidence audit,2026-08-12T16:10:00Z,reviewed,exact species page reviewed against every extracted quote; candidate-level decisions are recorded in the source audit
Dypsis trapezoidea,Dypsis trapezoidea - Palmpedia - Palm Grower's Guide,http://www.palmpedia.net:80/wiki/Dypsis_trapezoidea,https://web.archive.org/web/20200105121522id_/http://www.palmpedia.net:80/wiki/Dypsis_trapezoidea,20200105121522,HOS3YCP5SDWVX3442NIBE3FNBCDCZEOZ,2026-08-12T15:40:05.598260+00:00,dc4f391fdb0bb63844be6b1a4b67eb651255ae712050a8bb53127535160d4fc8,35a5326dea4f0eab60913d52be7b25b763af7e025cd73640a9a7d994604f00f7,trait_candidate_page,1,0,true,wild_species_treatment,Codex source-backed line-by-line evidence audit,2026-08-12T16:10:00Z,reviewed,exact species page reviewed against every extracted quote; candidate-level decisions are recorded in the source audit
Dypsis turkii,Dypsis turkii - Palmpedia - Palm Grower's Guide,http://www.palmpedia.net:80/wiki/Dypsis_turkii,https://web.archive.org/web/20200105121322id_/http://www.palmpedia.net:80/wiki/Dypsis_turkii,20200105121322,TH3LURUK6DDZABUUKNQ5YMUWM7G5XLOQ,2026-08-12T15:39:07.752352+00:00,d82b0175c1461026b359024fa9eec59026e4b908fecede5f3fcbd4f288c8f418,6996e528099696c5fb5b23d5576eb7e03cb1fe242119d269635f740e965db20d,trait_candidate_page,2,0,true,wild_species_treatment,Codex source-backed line-by-line evidence audit,2026-08-12T16:10:00Z,reviewed,exact species page reviewed against every extracted quote; candidate-level decisions are recorded in the source audit
Dypsis utilis,Dypsis utilis - Palmpedia - Palm Grower's Guide,http://www.palmpedia.net:80/wiki/Dypsis_utilis,https://web.archive.org/web/20200123051336id_/http://www.palmpedia.net:80/wiki/Dypsis_utilis,20200123051336,XE4QSKRRD26O3ZAWNEAFNFVZFVR5LBYE,2026-08-12T15:38:23.299379+00:00,24897a75b3d29a1a6ce3636474ffd7b813ec21dc8bc4d18fc3b9413c16a2d34f,ba124d033f3a0aabd8b22f2789472a69aa4f6d44ad9fb72ab4e1324c1c783f9a,trait_candidate_page,1,0,true,wild_species_treatment,Codex source-backed line-by-line evidence audit,2026-08-12T16:10:00Z,reviewed,exact species page reviewed against every extracted quote; candidate-level decisions are recorded in the source audit
Dypsis viridis,Dypsis viridis - Palmpedia - Palm Grower's Guide,http://www.palmpedia.net:80/wiki/Dypsis_viridis,https://web.archive.org/web/20200105121527id_/http://www.palmpedia.net:80/wiki/Dypsis_viridis,20200105121527,VLHTXDLCHJNW5NOIE7QOBLS6IO5WR6EG,2026-08-12T15:39:10.778134+00:00,bb24523fd58e7a792e2061fbca86d9b2ba184399c1fc62034105329e94ed0c64,1de209b76433a2dfe4b8ed7dbe1951dc532ef5178b8d29000632637646310d07,trait_candidate_page,2,0,true,wild_species_treatment,Codex source-backed line-by-line evidence audit,2026-08-12T16:10:00Z,reviewed,exact species page reviewed against every extracted quote; candidate-level decisions are recorded in the source audit
Eugeissona tristis,Eugeissona tristis - Palmpedia - Palm Grower's Guide,http://www.palmpedia.net:80/wiki/Eugeissona_tristis,https://web.archive.org/web/20200121193731id_/http://www.palmpedia.net:80/wiki/Eugeissona_tristis,20200121193731,7GWPH7BY2UKT6GU74MSQ7M7C7S2VICDI,2026-08-12T15:31:19.114173+00:00,e75c8451e7fb78fa40ea2341538cd76b065a66efca992c39d0c62726110b2297,5c4858e87e310ad036f0359bc4e3d6ca82967d47a09572e2e4529caeaa95c3be,trait_candidate_page,1,0,true,wild_species_treatment,Codex source-backed line-by-line evidence audit,2026-08-12T16:10:00Z,reviewed,exact species page reviewed against every extracted quote; candidate-level decisions are recorded in the source audit
Heterospathe barfodii,Heterospathe barfodii - Palmpedia - Palm Grower's Guide,https://palmpedia.net/wiki/Heterospathe_barfodii,https://web.archive.org/web/20250804225703id_/https://palmpedia.net/wiki/Heterospathe_barfodii,20250804225703,6AATER2W6VYXZWUNKQT7Q4OCKNKP5T3F,2026-08-12T15:31:42.695605+00:00,db22ebb6e143b1156c467a3cdef194e61b9f8ffa6e3707fa1275468c9a02711d,a650e0bc3352e713bf8597dd679d2a1178f3a7e3d7559ae76c11b38b6af939a8,trait_candidate_page,2,0,true,wild_species_treatment,Codex source-backed line-by-line evidence audit,2026-08-12T16:10:00Z,reviewed,exact species page reviewed against every extracted quote; candidate-level decisions are recorded in the source audit
Hyophorbe lagenicaulis,Hyophorbe lagenicaulis - Palmpedia - Palm Grower's Guide,http://www.palmpedia.net:80/wiki/Hyophorbe_lagenicaulis,https://web.archive.org/web/20200111120652id_/http://www.palmpedia.net:80/wiki/Hyophorbe_lagenicaulis,20200111120652,MSWP64KL32OGOK7M5AI6EHEWG23M6V25,2026-08-12T15:29:03.214474+00:00,682fc107d94eea9104e49d93610854670ceb0582de3d8890d9211bbaff30166c,7f66983981433d299e5aafd3cc5e4eefc746db7e5a90f90c4d8a03c8f9af5772,trait_candidate_page,2,0,true,wild_species_treatment,Codex source-backed line-by-line evidence audit,2026-08-12T16:10:00Z,reviewed,exact species page reviewed against every extracted quote; candidate-level decisions are recorded in the source audit
Jubaea chilensis,Jubaea chilensis - Palmpedia - Palm Grower's Guide,https://palmpedia.net/wiki/Jubaea_chilensis,https://web.archive.org/web/20220906055507id_/https://palmpedia.net/wiki/Jubaea_chilensis,20220906055507,ELOO2NUSOHQUOB7ZAYOINFQFXPHL2F5H,2026-08-12T15:29:35.892787+00:00,e33fb93c63528cb8eb4e1bb178a95436db19de1f9e630d6afc23d51587c4c934,3343cb4ef047b50c9b760206f0edb6bbd77e89b4f5b842c91b79ed0d2aff3f41,trait_candidate_page,2,0,true,wild_species_treatment,Codex source-backed line-by-line evidence audit,2026-08-12T16:10:00Z,reviewed,exact species page reviewed against every extracted quote; candidate-level decisions are recorded in the source audit
Korthalsia laciniosa,Korthalsia laciniosa - Palmpedia - Palm Grower's Guide,http://www.palmpedia.net:80/wiki/Korthalsia_laciniosa,https://web.archive.org/web/20200119122553id_/http://www.palmpedia.net:80/wiki/Korthalsia_laciniosa,20200119122553,BTBTY6YCPHEKGUGPQRPAQHMPSOTXHCSU,2026-08-12T15:28:53.027981+00:00,0860d2d915b2ce7bb6d9aad0a638aaee77379bb11b7fbc9d2344ca4aee8a5da3,07ae3cdacba7494aeff94441af4b5347982c7bc8ab3cf2ac3493849222190344,trait_candidate_page,1,0,true,wild_species_treatment,Codex source-backed line-by-line evidence audit,2026-08-12T16:10:00Z,reviewed,exact species page reviewed against every extracted quote; candidate-level decisions are recorded in the source audit
Lemurophoenix halleuxii,Lemurophoenix halleuxii - Palmpedia - Palm Grower's Guide,http://www.palmpedia.net:80/wiki/Lemurophoenix_halleuxii,https://web.archive.org/web/20200121193842id_/http://www.palmpedia.net:80/wiki/Lemurophoenix_halleuxii,20200121193842,WTG4TV55Q36M4KUZY7LZ7DDDEZTRNN76,2026-08-12T15:38:40.133632+00:00,2f93b85be8f2f3ce2556c8bbc042027ac173acf4f73ab904f2db7afb4e32a758,fd30ef0a4c9fbe295e26bb718156a330a769da75342fbfe4b8f6e9d9a5fb7066,trait_candidate_page,2,0,true,wild_species_treatment,Codex source-backed line-by-line evidence audit,2026-08-12T16:10:00Z,reviewed,exact species page reviewed against every extracted quote; candidate-level decisions are recorded in the source audit
Licuala ferruginea,Licuala ferruginea - Palmpedia - Palm Grower's Guide,http://www.palmpedia.net:80/wiki/Licuala_ferruginea,https://web.archive.org/web/20200216004402id_/http://www.palmpedia.net:80/wiki/Licuala_ferruginea,20200216004402,AX2RIAJUHREMQVHMG7KSCRXOOKGVQ5CM,2026-08-12T15:31:00.406171+00:00,47fb05f9bf8af04e903fe4fc8a6302c99a89576943f9fccbadfc0bb02f50503b,2cc09e0febbac364d62dd68d75abecdb7f814efb32ce5d5305f9d1c1acaa26c9,trait_candidate_page,1,0,true,wild_species_treatment,Codex source-backed line-by-line evidence audit,2026-08-12T16:10:00Z,reviewed,exact species page reviewed against every extracted quote; candidate-level decisions are recorded in the source audit
Licuala pumila,Licuala pumila - Palmpedia - Palm Grower's Guide,http://www.palmpedia.net:80/wiki/Licuala_pumila,https://web.archive.org/web/20200119160355id_/http://www.palmpedia.net:80/wiki/Licuala_pumila,20200119160355,QTXX6S6NM5CJPKRCJZBKZP36DLOK7ELU,2026-08-12T15:29:32.897191+00:00,d715b813e0d3a55c7a761e8478d5b93745ea99737f4fbb966437161fe82981e4,57df266f606097d36d86a70171eff19d2a07893dd62766c00168077955759b55,trait_candidate_page,2,0,true,wild_species_treatment,Codex source-backed line-by-line evidence audit,2026-08-12T16:10:00Z,reviewed,exact species page reviewed against every extracted quote; candidate-level decisions are recorded in the source audit
Linospadix albertisianus,Linospadix albertisianus - Palmpedia - Palm Grower's Guide,https://palmpedia.net/wiki/Linospadix_albertisianus,https://web.archive.org/web/20220702063210id_/https://palmpedia.net/wiki/Linospadix_albertisianus,20220702063210,IZXIVYT3QVMHNODGGXXBDXDTGYG24CTO,2026-08-12T15:29:57.879388+00:00,538884695e1eff3bdb865d104e03f776a4cf65a96b4d79520b3251490afdfebb,60e420b0107948050a166c0f63dbd88a3c72cb4649d5ed5e13d31de0653b3a0d,trait_candidate_page,2,0,true,wild_species_treatment,Codex source-backed line-by-line evidence audit,2026-08-12T16:10:00Z,reviewed,exact species page reviewed against every extracted quote; candidate-level decisions are recorded in the source audit
Lodoicea maldivica,Lodoicea maldivica - Palmpedia - Palm Grower's Guide,http://www.palmpedia.net:80/wiki/Lodoicea_maldivica,https://web.archive.org/web/20200121193555id_/http://www.palmpedia.net:80/wiki/Lodoicea_maldivica,20200121193555,HMHKFPQI6C7SU57OOTPAKOHZDFPIYLXX,2026-08-12T15:29:16.191105+00:00,04cbaac414da745c9438aadd998f0cb53458948f4bdb8468a1304491c2e97d9d,6aa034d45affaf4a3f1f078a58d9cb0ef9f1f78e6bd2910e5dc27e82516b7ad3,trait_candidate_page,2,0,true,wild_species_treatment,Codex source-backed line-by-line evidence audit,2026-08-12T16:10:00Z,reviewed,exact species page reviewed against every extracted quote; candidate-level decisions are recorded in the source audit
Manjekia maturbongsii,Manjekia maturbongsii - Palmpedia - Palm Grower's Guide,http://www.palmpedia.net:80/wiki/Manjekia_maturbongsii,https://web.archive.org/web/20200118131249id_/http://www.palmpedia.net:80/wiki/Manjekia_maturbongsii,20200118131249,ERLQ5ZQIBKFT4522MQBC3OXYPKANXX2J,2026-08-12T15:31:22.505213+00:00,8f449d48eb15e409243cbc6101f852d2fe51ec333adbc8857345eed61f421d57,485fc5521c57c1aaa4e80b800cd7108e851e645ff5304ebe1b36b51bfd8cf259,trait_candidate_page,2,0,true,wild_species_treatment,Codex source-backed line-by-line evidence audit,2026-08-12T16:10:00Z,reviewed,exact species page reviewed against every extracted quote; candidate-level decisions are recorded in the source audit
Marojejya insignis,Marojejya insignis - Palmpedia - Palm Grower's Guide,http://www.palmpedia.net:80/wiki/Marojejya_insignis,https://web.archive.org/web/20200111120322id_/http://www.palmpedia.net:80/wiki/Marojejya_insignis,20200111120322,CDM35D2NDS76X3BP364PO5YTWJYGBQQK,2026-08-12T15:32:06.540040+00:00,944e9de2ad971a2c8011840d661bf502eb885e3ba99cc440a0df4b9645bea53a,f57c86d6b39db51879a1d79d6d87b6dcb8442cff16a5a6df0fbfd4a20cbf92fe,trait_candidate_page,1,0,true,wild_species_treatment,Codex source-backed line-by-line evidence audit,2026-08-12T16:10:00Z,reviewed,exact species page reviewed against every extracted quote; candidate-level decisions are recorded in the source audit
Masoala kona,Masoala kona - Palmpedia - Palm Grower's Guide,http://www.palmpedia.net:80/wiki/Masoala_kona,https://web.archive.org/web/20200111115552id_/http://www.palmpedia.net:80/wiki/Masoala_kona,20200111115552,PJQGPBQMRX6MIZHPQLZTUGE2V4DWY3HX,2026-08-12T15:38:42.640547+00:00,d771ee24feb7b5f68952671ad54d6072085fa78ecd458f8aaeef05c7face6bda,35028c22c074660b2fd28f9e631da54b43a39f8797746f58f870fbeb1db2c0dd,trait_candidate_page,1,0,true,wild_species_treatment,Codex source-backed line-by-line evidence audit,2026-08-12T16:10:00Z,reviewed,exact species page reviewed against every extracted quote; candidate-level decisions are recorded in the source audit
Masoala madagascariensis,Masoala madagascariensis - Palmpedia - Palm Grower's Guide,http://www.palmpedia.net:80/wiki/Masoala_madagascariensis,https://web.archive.org/web/20200111115157id_/http://www.palmpedia.net:80/wiki/Masoala_madagascariensis,20200111115157,AAPXGMOR4RTPBUQ7WL4XSDGM2VBSIAOE,2026-08-12T15:38:46.529692+00:00,3ceec132ac5be4260bfdc2ab6a8f1ebc370070383f3728e3ed6c7e4211ef4b4d,3202be0f11574880386fbad90bcf0d8dbbc2aec82c057c82b9939ade01226747,trait_candidate_page,1,0,true,wild_species_treatment,Codex source-backed line-by-line evidence audit,2026-08-12T16:10:00Z,reviewed,exact species page reviewed against every extracted quote; candidate-level decisions are recorded in the source audit
Maxburretia gracilis,Maxburretia gracilis - Palmpedia - Palm Grower's Guide,http://www.palmpedia.net:80/wiki/Maxburretia_gracilis,https://web.archive.org/web/20200217170247id_/http://www.palmpedia.net:80/wiki/Maxburretia_gracilis,20200217170247,MADMAFCOJCUMFVG646XE6HVU2GYBAGY7,2026-08-12T15:31:29.400028+00:00,53dce8d1ea3011a0a77dcb45cec5337df4f72734a0ec501fd48b084c6d4d4c54,59a7a6ecbd2037e1d6eb743abe504a16785ca9537a32f86e6b7b8b79be3fdbe6,trait_candidate_page,1,0,true,wild_species_treatment,Codex source-backed line-by-line evidence audit,2026-08-12T16:10:00Z,reviewed,exact species page reviewed against every extracted quote; candidate-level decisions are recorded in the source audit
Myrialepis paradoxa,Myrialepis paradoxa - Palmpedia - Palm Grower's Guide,http://www.palmpedia.net:80/wiki/Myrialepis_paradoxa,https://web.archive.org/web/20200119155124id_/http://www.palmpedia.net:80/wiki/Myrialepis_paradoxa,20200119155124,RRKSHPWSWGDSUPOTSXRD3234FYK6EFKC,2026-08-12T15:30:05.818079+00:00,0ac8dd1cbb27f6a3ccd9baff08bed980236853a59e6852fb21150b0f159751de,0e4bdd52bdd2e13c56cd217bd7610ed63fc849ae0a919e9add829699e7629226,trait_candidate_page,4,0,true,wild_species_treatment,Codex source-backed line-by-line evidence audit,2026-08-12T16:10:00Z,reviewed,exact species page reviewed against every extracted quote; candidate-level decisions are recorded in the source audit
Oenocarpus bataua,Oenocarpus bataua - Palmpedia - Palm Grower's Guide,http://www.palmpedia.net:80/wiki/Oenocarpus_bataua,https://web.archive.org/web/20200124143047id_/http://www.palmpedia.net:80/wiki/Oenocarpus_bataua,20200124143047,THHB3OBNRH2QKRCHDYXKPV7LKNL5NHMB,2026-08-12T15:30:21.479767+00:00,95a84bf7f2ef5a63b65d204427860245f56881c61037edc4b2821486ea7a7f5f,8fb7ce6a21dc3abefd3d64729465603e0f3c3132091603cec81f230a4ee647d0,trait_candidate_page,2,0,true,wild_species_treatment,Codex source-backed line-by-line evidence audit,2026-08-12T16:10:00Z,reviewed,exact species page reviewed against every extracted quote; candidate-level decisions are recorded in the source audit
Oncosperma tigillarium,Oncosperma tigillarium - Palmpedia - Palm Grower's Guide,http://www.palmpedia.net:80/wiki/Oncosperma_tigillarium,https://web.archive.org/web/20200217165943id_/http://www.palmpedia.net:80/wiki/Oncosperma_tigillarium,20200217165943,MIV3ELMRYZWCVVJJ6ZPB654TONZVXTZC,2026-08-12T15:28:53.595978+00:00,750472d1dec9fe89638154764b48f55f41d3f7d2d04decc6d0f663cd37b40eda,c8137a5060aaf4466c16cccebb9dca52faaa79faed6049a60e4e2869b6a06af0,trait_candidate_page,1,0,true,wild_species_treatment,Codex source-backed line-by-line evidence audit,2026-08-12T16:10:00Z,reviewed,exact species page reviewed against every extracted quote; candidate-level decisions are recorded in the source audit
Physokentia insolita,Physokentia insolita - Palmpedia - Palm Grower's Guide,https://palmpedia.net/wiki/Physokentia_insolita,https://web.archive.org/web/20250619010918id_/https://palmpedia.net/wiki/Physokentia_insolita,20250619010918,U3ONCJPQSK2YY4DQKQ5XTXKFJMCXXVSY,2026-08-12T15:31:34.586566+00:00,587c7fb9f0b9959479d7d5b2e58f2ad10edbcd3d08dbdb5a45adbd697d4a4ac3,fa61c5c02625027d5712f08760df568d3e4a76f4debb2ed7f42928e0e1d49faf,trait_candidate_page,2,0,true,wild_species_treatment,Codex source-backed line-by-line evidence audit,2026-08-12T16:10:00Z,reviewed,exact species page reviewed against every extracted quote; candidate-level decisions are recorded in the source audit
Pritchardia arecina,Pritchardia arecina - Palmpedia - Palm Grower's Guide,http://www.palmpedia.net:80/wiki/Pritchardia_arecina,https://web.archive.org/web/20200124090143id_/http://www.palmpedia.net:80/wiki/Pritchardia_arecina,20200124090143,LTWITBFGIFN24RMD2GULCGRZ75ZO6Z54,2026-08-12T15:39:38.156911+00:00,a125f41e7558093af42105cb977e9db187ba2cd125a89a5014761ad365523725,30f1c7e62c81640d82cea40b02a6c92f4b619bd2280204c4f072d4b97ab5c334,trait_candidate_page,1,0,true,wild_species_treatment,Codex source-backed line-by-line evidence audit,2026-08-12T16:10:00Z,reviewed,exact species page reviewed against every extracted quote; candidate-level decisions are recorded in the source audit
Pritchardia beccariana,Pritchardia beccariana - Palmpedia - Palm Grower's Guide,http://www.palmpedia.net:80/wiki/Pritchardia_beccariana,https://web.archive.org/web/20200124084106id_/http://www.palmpedia.net:80/wiki/Pritchardia_beccariana,20200124084106,6JUGNE2JCW753OAY2OU4ZBNADSPXE7N6,2026-08-12T15:31:07.239300+00:00,d31f26e43294951f2ac556cb45ccbe9663054bffa23ec244bbe732a345b0d574,85336bf7430ae269d36494a2ad01a9a26c2871cda9299f8af67ee51808f2905d,trait_candidate_page,1,0,true,wild_species_treatment,Codex source-backed line-by-line evidence audit,2026-08-12T16:10:00Z,reviewed,exact species page reviewed against every extracted quote; candidate-level decisions are recorded in the source audit
Pritchardia forbesiana,Pritchardia forbesiana - Palmpedia - Palm Grower's Guide,http://www.palmpedia.net:80/wiki/Pritchardia_forbesiana,https://web.archive.org/web/20200124090514id_/http://www.palmpedia.net:80/wiki/Pritchardia_forbesiana,20200124090514,JUCSF3ZFT47YPZYKZIWYL6HMXQWMAA5Z,2026-08-12T15:40:33.355520+00:00,bcd19cdbf80e55e146bf539bb94608bf19809ca99fa30237fadf677af818b426,be3f0bd038f0c6ce2365cb93b0ce52325df20d378f96f9b371ceaf9014edb2b2,trait_candidate_page,1,0,true,wild_species_treatment,Codex source-backed line-by-line evidence audit,2026-08-12T16:10:00Z,reviewed,exact species page reviewed against every extracted quote; candidate-level decisions are recorded in the source audit
Pritchardia glabrata,Pritchardia glabrata - Palmpedia - Palm Grower's Guide,http://www.palmpedia.net:80/wiki/Pritchardia_glabrata,https://web.archive.org/web/20200124091159id_/http://www.palmpedia.net:80/wiki/Pritchardia_glabrata,20200124091159,Y5VWYTY2ZYXBXFFGSJIPZPED3W5AKLWJ,2026-08-12T15:30:06.726879+00:00,41c242801eee6c47dbd0f2dab5aefc1798af0e0b13bb7c13d0a54e14a2726490,f40c98128895a72785879ca86de49feb235d9640be4539f4b65f359f4b47f101,trait_candidate_page,2,0,true,wild_species_treatment,Codex source-backed line-by-line evidence audit,2026-08-12T16:10:00Z,reviewed,exact species page reviewed against every extracted quote; candidate-level decisions are recorded in the source audit
Pritchardia hillebrandii,Pritchardia hillebrandii - Palmpedia - Palm Grower's Guide,http://www.palmpedia.net:80/wiki/Pritchardia_hillebrandii,https://web.archive.org/web/20200119124204id_/http://www.palmpedia.net:80/wiki/Pritchardia_hillebrandii,20200119124204,BSOMWIY2P7R3IXCTS74UUESUY34YGWVN,2026-08-12T15:30:11.566847+00:00,490ea196b8b10aa0ca1302d4e07d0c831afeaa249b791be5597e281f7eba8401,21a38307fa9075281c8c2dd152775fd3dbd8f2708885da02869586f963b8c6ec,trait_candidate_page,1,0,true,wild_species_treatment,Codex source-backed line-by-line evidence audit,2026-08-12T16:10:00Z,reviewed,exact species page reviewed against every extracted quote; candidate-level decisions are recorded in the source audit
Pritchardia kaalae,Pritchardia kaalae - Palmpedia - Palm Grower's Guide,http://www.palmpedia.net:80/wiki/Pritchardia_kaalae,https://web.archive.org/web/20200124131301id_/http://www.palmpedia.net:80/wiki/Pritchardia_kaalae,20200124131301,RBSGPYQMCEGKLKCIX2LGBG35GLH5Y7T6,2026-08-12T15:40:00.736935+00:00,e357db9ce89e22e6a5aa5eb8248cc65884d30a7ae311ce7676677ecc25266026,7b30f419810188d225b308aa8ee8136400bf4f898dcfec461321cf682cd0011a,trait_candidate_page,1,0,true,wild_species_treatment,Codex source-backed line-by-line evidence audit,2026-08-12T16:10:00Z,reviewed,exact species page reviewed against every extracted quote; candidate-level decisions are recorded in the source audit
Pritchardia kahukuensis,Pritchardia kahukuensis - Palmpedia - Palm Grower's Guide,http://www.palmpedia.net:80/wiki/Pritchardia_kahukuensis,https://web.archive.org/web/20200124085823id_/http://www.palmpedia.net:80/wiki/Pritchardia_kahukuensis,20200124085823,2UW242BXHKCDT6AVIAPKLSRLTK6MBSCU,2026-08-12T15:39:22.210023+00:00,d8ccf0511d4225fb3dc1db6b3dcfe4cb7371567b75ef365a1b3b9fdddf3a5725,64c7ab2fc0c3ae35c59eaab22c10ec38d11189fd8030a57d4e9d8a0d6f649e7f,trait_candidate_page,1,0,true,wild_species_treatment,Codex source-backed line-by-line evidence audit,2026-08-12T16:10:00Z,reviewed,exact species page reviewed against every extracted quote; candidate-level decisions are recorded in the source audit
Pritchardia lowreyana,Pritchardia lowreyana - Palmpedia - Palm Grower's Guide,http://www.palmpedia.net:80/wiki/Pritchardia_lowreyana,https://web.archive.org/web/20200124125716id_/http://www.palmpedia.net:80/wiki/Pritchardia_lowreyana,20200124125716,KM6HESAUGFM3CEFO4YYQCHGNIKEXNKRI,2026-08-12T15:30:49.239800+00:00,f7778549f6d2bec672f87bea511d7a83528bede7b9b897f6310169f154ffe487,6cc9d26cf64a2e04b0991d63e8e508fc331a47c56a66597ced860c2eb24dbd68,trait_candidate_page,1,0,true,wild_species_treatment,Codex source-backed line-by-line evidence audit,2026-08-12T16:10:00Z,reviewed,exact species page reviewed against every extracted quote; candidate-level decisions are recorded in the source audit
Pritchardia maideniana,Pritchardia maideniana - Palmpedia - Palm Grower's Guide,http://www.palmpedia.net:80/wiki/Pritchardia_maideniana,https://web.archive.org/web/20200219224109id_/http://www.palmpedia.net:80/wiki/Pritchardia_maideniana,20200219224109,I2ETIE562J4U4BY5UDT6X74XRBR4QYUI,2026-08-12T15:30:47.562642+00:00,63f3326258a7151d188d982e02fc20e466bd6d1ee6065aedd078b69468abe4ce,57a9dc22664d467c0d9d1aaa3bc8123f1e037250650ea54908742f852685f606,trait_candidate_page,1,0,true,wild_species_treatment,Codex source-backed line-by-line evidence audit,2026-08-12T16:10:00Z,reviewed,exact species page reviewed against every extracted quote; candidate-level decisions are recorded in the source audit
Pritchardia martii,Pritchardia martii - Palmpedia - Palm Grower's Guide,http://www.palmpedia.net:80/wiki/Pritchardia_martii,https://web.archive.org/web/20200123051146id_/http://www.palmpedia.net:80/wiki/Pritchardia_martii,20200123051146,67L4LYGSXEXEGHQCZ4CDZVFPK6U5P7VZ,2026-08-12T15:32:08.133473+00:00,194efa578272d8aa13544f50a89a726d314b85f25289f43107b32ea433938e8c,69d3fec1fd1c4dee5725c4ed739c213b8c08d4dbb6423c1150190170f1cbf9c2,trait_candidate_page,1,0,true,wild_species_treatment,Codex source-backed line-by-line evidence audit,2026-08-12T16:10:00Z,reviewed,exact species page reviewed against every extracted quote; candidate-level decisions are recorded in the source audit
Pritchardia minor,Pritchardia minor - Palmpedia - Palm Grower's Guide,http://www.palmpedia.net:80/wiki/Pritchardia_minor,https://web.archive.org/web/20200119154038id_/http://www.palmpedia.net:80/wiki/Pritchardia_minor,20200119154038,NX4CSHCJIBFVSSYIDSRA3LZXWYQNFLV7,2026-08-12T15:30:50.551528+00:00,35b1723533c330603704cd62ac7c633cfc59ad3b9bf409f2c16e92e6332b53ff,4ced27dccaeef5c9dcdf363d61a4750251a131da43b1fe143acab0e535d27d35,trait_candidate_page,1,0,true,wild_species_treatment,Codex source-backed line-by-line evidence audit,2026-08-12T16:10:00Z,reviewed,exact species page reviewed against every extracted quote; candidate-level decisions are recorded in the source audit
Pritchardia munroi,Pritchardia munroi - Palmpedia - Palm Grower's Guide,http://www.palmpedia.net:80/wiki/Pritchardia_munroi,https://web.archive.org/web/20200124083221id_/http://www.palmpedia.net:80/wiki/Pritchardia_munroi,20200124083221,HSJLOO3LNEPFIVUD4M2TMCBKIS5COKGB,2026-08-12T15:31:35.552117+00:00,52b58eab1719225bd17f36281ec1f9aab1cfb0842bf4a58e49aa78562b2f6f7e,59341495730db6a83bed19adefaaadf362b041bbd04ad14468bcfeb8bba3151b,trait_candidate_page,1,0,true,wild_species_treatment,Codex source-backed line-by-line evidence audit,2026-08-12T16:10:00Z,reviewed,exact species page reviewed against every extracted quote; candidate-level decisions are recorded in the source audit
Pritchardia napaliensis,Pritchardia napaliensis - Palmpedia - Palm Grower's Guide,http://www.palmpedia.net:80/wiki/Pritchardia_napaliensis,https://web.archive.org/web/20200124131642id_/http://www.palmpedia.net:80/wiki/Pritchardia_napaliensis,20200124131642,3ET3GDXHHO3JNZBLSSN6J7CQUTEO77Y4,2026-08-12T15:39:22.927890+00:00,211b9cd4f65ac1a653106dfc69446aa6ed325b8592827049dc135255b5d29843,5e11fd2913c90f5f5ad8f6814fd2331ac01ca583ce0137b0dca96d49ca7991b0,trait_candidate_page,1,0,true,wild_species_treatment,Codex source-backed line-by-line evidence audit,2026-08-12T16:10:00Z,reviewed,exact species page reviewed against every extracted quote; candidate-level decisions are recorded in the source audit
Pritchardia pacifica,Pritchardia pacifica - Palmpedia - Palm Grower's Guide,http://www.palmpedia.net:80/wiki/Pritchardia_pacifica,https://web.archive.org/web/20200119124209id_/http://www.palmpedia.net:80/wiki/Pritchardia_pacifica,20200119124209,UG7F6HRQSNRKFPJRBQGLUYMDOUK27YD4,2026-08-12T15:28:35.206886+00:00,0a372301ce5adcec7a3428e8dc9c15dd62cf59c52649162541d4b984aeef7033,6f118d9f20b2beee884c4408a527b15614d77cda7b4a1f98edaca74e21f98a49,trait_candidate_page,1,0,true,wild_species_treatment,Codex source-backed line-by-line evidence audit,2026-08-12T16:10:00Z,reviewed,exact species page reviewed against every extracted quote; candidate-level decisions are recorded in the source audit
Pritchardia perlmanii,Pritchardia perlmanii - Palmpedia - Palm Grower's Guide,http://www.palmpedia.net:80/wiki/Pritchardia_perlmanii,https://web.archive.org/web/20200124130945id_/http://www.palmpedia.net:80/wiki/Pritchardia_perlmanii,20200124130945,J7IIANBP63H7P66WSN2KWABVV5L3A373,2026-08-12T15:39:54.190613+00:00,ce19181336f356f2399ce089008494aa2a83e41dcce6547579c77a79e136fa61,ae91e64d91608ca0eba3bdc5567e0ce2be3d91833481056833e8c1cd213ea44e,trait_candidate_page,1,0,true,wild_species_treatment,Codex source-backed line-by-line evidence audit,2026-08-12T16:10:00Z,reviewed,exact species page reviewed against every extracted quote; candidate-level decisions are recorded in the source audit
Pritchardia schattaueri,Pritchardia schattaueri - Palmpedia - Palm Grower's Guide,http://www.palmpedia.net:80/wiki/Pritchardia_schattaueri,https://web.archive.org/web/20200124092948id_/http://www.palmpedia.net:80/wiki/Pritchardia_schattaueri,20200124092948,FFCNJDKWMWX2KFD3RQIT3HNVV6W34CLE,2026-08-12T15:31:54.306587+00:00,ea15579e585dfd7355b2934712e8c41060f92e29ec8ba62cf3fbc8b4719074a0,1020c4a28daae6c5ded1679392d9bd4aba8fe34ffecce47c2fff4402cb8588e0,trait_candidate_page,1,0,true,wild_species_treatment,Codex source-backed line-by-line evidence audit,2026-08-12T16:10:00Z,reviewed,exact species page reviewed against every extracted quote; candidate-level decisions are recorded in the source audit
Pritchardia waialealeana,Pritchardia waialealeana - Palmpedia - Palm Grower's Guide,http://www.palmpedia.net:80/wiki/Pritchardia_waialealeana,https://web.archive.org/web/20200124124910id_/http://www.palmpedia.net:80/wiki/Pritchardia_waialealeana,20200124124910,HXBJKDOHTDIM62WY6F52542O2W373AEK,2026-08-12T15:40:33.933599+00:00,d570893e9f57a101439b7f05b4e6efb9db9e374d2aaa42ec1bf8519a4c5b2ed4,a917669d2615ff7ce10348f922108bbd5f537812f7524099ba1d1ef0bb3872ae,trait_candidate_page,2,0,true,wild_species_treatment,Codex source-backed line-by-line evidence audit,2026-08-12T16:10:00Z,reviewed,exact species page reviewed against every extracted quote; candidate-level decisions are recorded in the source audit
Ptychosperma schefferi,Ptychosperma schefferi - Palmpedia - Palm Grower's Guide,http://palmpedia.net/wiki/Ptychosperma_schefferi,https://web.archive.org/web/20200919001432id_/http://palmpedia.net/wiki/Ptychosperma_schefferi,20200919001432,4IH2S7LEWOTHYJH62TJP7F3WNFBPWFN4,2026-08-12T15:31:43.755550+00:00,9a15327bb39a5a076a6011d239c381450adf36470014efa3eea08e1024b8ca1e,c0aed467b12790ab4e92b63476bbbb6082add4238b116bb11ce63c0269d4bdeb,trait_candidate_page,1,0,true,wild_species_treatment,Codex source-backed line-by-line evidence audit,2026-08-12T16:10:00Z,reviewed,exact species page reviewed against every extracted quote; candidate-level decisions are recorded in the source audit
Ptychosperma waitianum,Ptychosperma waitianum - Palmpedia - Palm Grower's Guide,https://palmpedia.net/wiki/Ptychosperma_waitianum,https://web.archive.org/web/20250715174056id_/https://palmpedia.net/wiki/Ptychosperma_waitianum,20250715174056,CET572M3MRDJFJKXZIP6LSR5YPUIKDGZ,2026-08-12T15:31:25.517366+00:00,594e1bae72e1de0a8d6b2cf9310be74a128279177d0d6a2f16bfb728201c2f75,7c04950c71e2bd05e238d47f46e4833331a122b61e80c84b641886b2dd85b3c6,trait_candidate_page,1,0,true,wild_species_treatment,Codex source-backed line-by-line evidence audit,2026-08-12T16:10:00Z,reviewed,exact species page reviewed against every extracted quote; candidate-level decisions are recorded in the source audit
Ravenea beentjei,Ravenea beentjei - Palmpedia - Palm Grower's Guide,http://www.palmpedia.net:80/wiki/Ravenea_beentjei,https://web.archive.org/web/20200120200708id_/http://www.palmpedia.net:80/wiki/Ravenea_beentjei,20200120200708,YPC63KJATNOTG6KK2T2IYWXQZG2RR27B,2026-08-12T15:40:28.438180+00:00,27ecc5595caa40a33db84c29f13d0f8b91a0a9473fa0b64a3baf9d49a244b8a1,4c7e2e54dfa7ef38089ecf75cac45f52ae6b2b01ceb0498c4072be7239c30f33,trait_candidate_page,2,0,true,wild_species_treatment,Codex source-backed line-by-line evidence audit,2026-08-12T16:10:00Z,reviewed,exact species page reviewed against every extracted quote; candidate-level decisions are recorded in the source audit
Ravenea hildebrandtii,Ravenea hildebrandtii - Palmpedia - Palm Grower's Guide,http://www.palmpedia.net:80/wiki/Ravenea_hildebrandtii,https://web.archive.org/web/20200129185850id_/http://www.palmpedia.net:80/wiki/Ravenea_hildebrandtii,20200129185850,KLKL2YBZXV52YMMPBC57FPEDS2GBBROC,2026-08-12T15:29:24.284284+00:00,fe96eb3c6c12fb18e4e96f3347e693d0e6a358448b2a8277e5d2ca20c15def68,86889c0a8bf0f4575b54eb76555b0269573e3503679a993b206af7c869048fbc,trait_candidate_page,1,0,true,wild_species_treatment,Codex source-backed line-by-line evidence audit,2026-08-12T16:10:00Z,reviewed,exact species page reviewed against every extracted quote; candidate-level decisions are recorded in the source audit
Rhopaloblaste augusta,Rhopaloblaste augusta - Palmpedia - Palm Grower's Guide,https://palmpedia.net/wiki/Rhopaloblaste_augusta,https://web.archive.org/web/20240914115851id_/https://palmpedia.net/wiki/Rhopaloblaste_augusta,20240914115851,OW4ZTGLLCSLMQRQJLCM4ZBGHAITJGOMV,2026-08-12T15:31:50.425286+00:00,f1afedddd03a76fd78404a0a3a4ac2579928f3877a3d8b86c44a09cd72e96922,33b3a66672969df3ca927a305f1f33f4e771f084cfeb78699c6afeef003db0f0,trait_candidate_page,2,0,true,wild_species_treatment,Codex source-backed line-by-line evidence audit,2026-08-12T16:10:00Z,reviewed,exact species page reviewed against every extracted quote; candidate-level decisions are recorded in the source audit
Rhopaloblaste ceramica,Rhopaloblaste ceramica - Palmpedia - Palm Grower's Guide,http://www.palmpedia.net:80/wiki/Rhopaloblaste_ceramica,https://web.archive.org/web/20200131210629id_/http://www.palmpedia.net:80/wiki/Rhopaloblaste_ceramica,20200131210629,M7SPJHHXXQ3OH2ES4OEISPWF4IDPDA64,2026-08-12T15:29:20.096133+00:00,b327c2ac6b99f0c827d2761f1b2fed344d06e593553cdfa7df17d3edf5b78ed4,5b319e2f8a5ed00a8ccb301a0644a08d317d0a1e8b6091df4e040c72fd26a1d6,trait_candidate_page,2,0,true,wild_species_treatment,Codex source-backed line-by-line evidence audit,2026-08-12T16:10:00Z,reviewed,exact species page reviewed against every extracted quote; candidate-level decisions are recorded in the source audit
Rhopaloblaste elegans,Rhopaloblaste elegans - Palmpedia - Palm Grower's Guide,http://palmpedia.net/wiki/Rhopaloblaste_elegans,https://web.archive.org/web/20210301164940id_/http://palmpedia.net/wiki/Rhopaloblaste_elegans,20210301164940,2VM4CWWKBBZYI7ZUCVWWWTT54TR2VW2T,2026-08-12T15:30:24.025541+00:00,921df309b2d907b39008d37a34e227a90d2dace7c8959c62f245453125f498ba,d6665ecfbd045f899dc533545b14abdf8aa52fb493ecb850266de92ba9042612,trait_candidate_page,2,0,true,wild_species_treatment,Codex source-backed line-by-line evidence audit,2026-08-12T16:10:00Z,reviewed,exact species page reviewed against every extracted quote; candidate-level decisions are recorded in the source audit
Rhopaloblaste ledermanniana,Rhopaloblaste ledermanniana - Palmpedia - Palm Grower's Guide,http://palmpedia.net/wiki/Rhopaloblaste_ledermanniana,https://web.archive.org/web/20201124072756id_/http://palmpedia.net/wiki/Rhopaloblaste_ledermanniana,20201124072756,MUSLUYYDSDO32X6GC5MOKJIRWI7WZR6N,2026-08-12T15:29:41.133932+00:00,911d99c76eae51a6bf11fb75db09a34180834a6899b72bc8825e0d8b2f7d902e,41e892df1a6e982991ce8a7c0a5a8536e77ae9f32d5318cc2c1879c22071a70d,trait_candidate_page,2,0,true,wild_species_treatment,Codex source-backed line-by-line evidence audit,2026-08-12T16:10:00Z,reviewed,exact species page reviewed against every extracted quote; candidate-level decisions are recorded in the source audit
Rhopalostylis sapida,Rhopalostylis sapida - Palmpedia - Palm Grower's Guide,http://www.palmpedia.net:80/wiki/Rhopalostylis_sapida,https://web.archive.org/web/20200119072942id_/http://www.palmpedia.net:80/wiki/Rhopalostylis_sapida,20200119072942,LDILU7KQRKVFBUX7IJMJ6UVJ32SYLT4J,2026-08-12T15:28:47.594060+00:00,05780eb090415075f413ce37eaeffa12fd8f4c02091cf226b6d1f48ee51eadb8,b66c94ffe08bb76b0995581b289b5c1357aad226335e8e76dd61798f06338d11,trait_candidate_page,3,0,true,wild_species_treatment,Codex source-backed line-by-line evidence audit,2026-08-12T16:10:00Z,reviewed,exact species page reviewed against every extracted quote; candidate-level decisions are recorded in the source audit
Roystonea altissima,Roystonea altissima - Palmpedia - Palm Grower's Guide,http://www.palmpedia.net:80/wiki/Roystonea_altissima,https://web.archive.org/web/20200224105106id_/http://www.palmpedia.net:80/wiki/Roystonea_altissima,20200224105106,3FYAZGCADHUMZFR2JUXKGXL6GJNEWYUL,2026-08-12T15:40:01.073716+00:00,3a9e9c9228dceee230a816c4c9dd0119298ca64f23ed490a99d51560c1b1777d,eceb195f32cc333ba6222f30f2bf1ffc872ab6bd71a68de30fa63a4000994d5e,trait_candidate_page,3,0,true,wild_species_treatment,Codex source-backed line-by-line evidence audit,2026-08-12T16:10:00Z,reviewed,exact species page reviewed against every extracted quote; candidate-level decisions are recorded in the source audit
Roystonea oleracea,Roystonea oleracea - Palmpedia - Palm Grower's Guide,http://www.palmpedia.net:80/wiki/Roystonea_oleracea,https://web.archive.org/web/20200119154842id_/http://www.palmpedia.net:80/wiki/Roystonea_oleracea,20200119154842,SLJKEDXQ2UJ4VWC65KBDLSLEMWI2YVVU,2026-08-12T15:28:44.399832+00:00,a42de79cf4f198c9673eec350314510701860eed7f6dd113a701135219a05cc4,c3e5b637315d84d00cf7463376059a0c67ff56e6a2a695886f4a9638b5681c24,trait_candidate_page,3,0,true,wild_species_treatment,Codex source-backed line-by-line evidence audit,2026-08-12T16:10:00Z,reviewed,exact species page reviewed against every extracted quote; candidate-level decisions are recorded in the source audit
Roystonea princeps,Roystonea princeps - Palmpedia - Palm Grower's Guide,http://www.palmpedia.net:80/wiki/Roystonea_princeps,https://web.archive.org/web/20200130232328id_/http://www.palmpedia.net:80/wiki/Roystonea_princeps,20200130232328,KUFBBQFEZP5DABZTCYBXHAYZFHF2EFZC,2026-08-12T15:40:07.298722+00:00,a118b925701d50b1faa644b562e05be3dec38f5369ed5c11dc72d86d8a8e0caf,9894cd2512f8caab0538fb69bb3e46f8caf1dfedd88aafa8c00b16a127d58a46,trait_candidate_page,2,1,true,wild_species_treatment,Codex source-backed line-by-line evidence audit,2026-08-12T16:10:00Z,reviewed,exact species page reviewed against every extracted quote; candidate-level decisions are recorded in the source audit
Roystonea regia,Roystonea regia - Palmpedia - Palm Grower's Guide,http://www.palmpedia.net:80/wiki/Roystonea_regia,https://web.archive.org/web/20200119123734id_/http://www.palmpedia.net:80/wiki/Roystonea_regia,20200119123734,DBO5FAGPEZTSJB2EBCUC3MXIVMUWF7OB,2026-08-12T15:28:33.141476+00:00,30ee20122eddc8ef7039601d132f692e15215dd0625d6599ed1d3f2cbbec0a83,093a4e6b6dadc890f0b44d282936a260a5d445bf5ced92590bb69e3eb9c88838,trait_candidate_page,2,0,true,wild_species_treatment,Codex source-backed line-by-line evidence audit,2026-08-12T16:10:00Z,reviewed,exact species page reviewed against every extracted quote; candidate-level decisions are recorded in the source audit
Roystonea violacea,Roystonea violacea - Palmpedia - Palm Grower's Guide,http://www.palmpedia.net:80/wiki/Roystonea_violacea,https://web.archive.org/web/20200124191414id_/http://www.palmpedia.net:80/wiki/Roystonea_violacea,20200124191414,LFDMMC6FYN3DYM6H6NBQTLMTVVHXN6UD,2026-08-12T15:40:34.538990+00:00,74ec3224378a41545330da4fec320ec81a1436c9bd6472bcc09fb3c04b50f542,dc32453593cc4f9a63063e21e375eb137139ab8c65a7edbb6662350fa12393d7,trait_candidate_page,2,0,true,wild_species_treatment,Codex source-backed line-by-line evidence audit,2026-08-12T16:10:00Z,reviewed,exact species page reviewed against every extracted quote; candidate-level decisions are recorded in the source audit
Sabal antillensis,Sabal antillensis - Palmpedia - Palm Grower's Guide,http://www.palmpedia.net:80/wiki/Sabal_antillensis,https://web.archive.org/web/20200121200417id_/http://www.palmpedia.net:80/wiki/Sabal_antillensis,20200121200417,FZUJKDFQJXC6TRNAQ5QU5K7FVXPY3TYA,2026-08-12T15:32:10.368027+00:00,ac4946efee1599ab77c36a1404abd90e37d7fa0eec4759f8f68a3a0188ff4833,96489082919fe27515b620a26cced9e1a264079aea46584101302d531c0b5f20,trait_candidate_page,1,1,true,wild_species_treatment,Codex source-backed line-by-line evidence audit,2026-08-12T16:10:00Z,reviewed,exact species page reviewed against every extracted quote; candidate-level decisions are recorded in the source audit
Sabal bermudana,Sabal bermudana - Palmpedia - Palm Grower's Guide,http://www.palmpedia.net:80/wiki/Sabal_bermudana,https://web.archive.org/web/20200123050945id_/http://www.palmpedia.net:80/wiki/Sabal_bermudana,20200123050945,EF2YQUE6YNDQGEDMWI2WRC2FWZKGATS3,2026-08-12T15:29:19.171005+00:00,7979f4ca81c70743822d14dd6f7ddf22d7f076fc9c64ab1e5c77bf6bbd70f1a0,43bfaac582e4b3dbae2112cddc0bfd0ec4ea52b18843f52e492fd22e3705a8c5,trait_candidate_page,6,0,true,wild_species_treatment,Codex source-backed line-by-line evidence audit,2026-08-12T16:10:00Z,reviewed,exact species page reviewed against every extracted quote; candidate-level decisions are recorded in the source audit
Sabal causiarum,Sabal causiarum - Palmpedia - Palm Grower's Guide,http://www.palmpedia.net:80/wiki/Sabal_causiarum,https://web.archive.org/web/20200120205543id_/http://www.palmpedia.net:80/wiki/Sabal_causiarum,20200120205543,2MV3PEXDLYYSAPGB343WLPY7XMAEGUY2,2026-08-12T15:29:12.583542+00:00,f7c13b03102e133564dc9ae3a87ce9ccec9e007f66353d6447f57aa0e92d41ff,6ac82be9f6929f517ff5e21285a7f34789606e660f90b922b7105bf7dd928b45,trait_candidate_page,1,0,true,wild_species_treatment,Codex source-backed line-by-line evidence audit,2026-08-12T16:10:00Z,reviewed,exact species page reviewed against every extracted quote; candidate-level decisions are recorded in the source audit
Sabal domingensis,Sabal domingensis - Palmpedia - Palm Grower's Guide,http://www.palmpedia.net:80/wiki/Sabal_domingensis,https://web.archive.org/web/20200129185405id_/http://www.palmpedia.net:80/wiki/Sabal_domingensis,20200129185405,DDWT6MNIKRZMHCV32ZKVALKCPFJSUX4E,2026-08-12T15:39:39.941076+00:00,1f6d51da113a8ec8d4b413a15384b21bd7f55cd79601e704e520a52c6289a719,df7b0054ab763aa72b8c0e093284e074debcc90efe0bb76231e9ce8160a3e699,trait_candidate_page,1,0,true,wild_species_treatment,Codex source-backed line-by-line evidence audit,2026-08-12T16:10:00Z,reviewed,exact species page reviewed against every extracted quote; candidate-level decisions are recorded in the source audit
Sabal mexicana,Sabal mexicana - Palmpedia - Palm Grower's Guide,http://www.palmpedia.net:80/wiki/Sabal_mexicana,https://web.archive.org/web/20200129185415id_/http://www.palmpedia.net:80/wiki/Sabal_mexicana,20200129185415,24POZQZ7NYO35DY4PC3XUU3TOUS2HERW,2026-08-12T15:29:05.887137+00:00,a134dd87295409cdde1c17cfbc176e2a0bb04dc37096357f1c85e7a3dbf89b6a,55f5654c550e0a07ad2bcba4e2909458b897305784a91ba35c85fb2dd6c56079,trait_candidate_page,1,0,true,wild_species_treatment,Codex source-backed line-by-line evidence audit,2026-08-12T16:10:00Z,reviewed,exact species page reviewed against every extracted quote; candidate-level decisions are recorded in the source audit
Salacca wallichiana,Salacca wallichiana - Palmpedia - Palm Grower's Guide,http://www.palmpedia.net:80/wiki/Salacca_wallichiana,https://web.archive.org/web/20200119124034id_/http://www.palmpedia.net:80/wiki/Salacca_wallichiana,20200119124034,SHEY22UETC2TUWATXWXA65BW5JYNRUPN,2026-08-12T15:30:34.576166+00:00,bd01ea91ed8458f2bbef8b65f874cecee72c057e99436c362ca0250061808ffb,a2a5c71b56b9d6257f980905e659d0a7f98ef892cbc38d66b3e4687b24e09e63,trait_candidate_page,3,0,true,wild_species_treatment,Codex source-backed line-by-line evidence audit,2026-08-12T16:10:00Z,reviewed,exact species page reviewed against every extracted quote; candidate-level decisions are recorded in the source audit
Salacca zalacca,Salacca zalacca - Palmpedia - Palm Grower's Guide,http://www.palmpedia.net:80/wiki/Salacca_zalacca,https://web.archive.org/web/20200119154427id_/http://www.palmpedia.net:80/wiki/Salacca_zalacca,20200119154427,HVZLT3JTL46SV2SAEYSZW4GOA32RIIHN,2026-08-12T15:28:49.635993+00:00,77a0e1a7b32768b47a4683652329edc6296d8299e3a8c1af360bfab0d75c4f47,9fed218a89542e6efe751c2e8cca1707578cbd0f02547ff54755385f161ab0d7,trait_candidate_page,4,0,true,wild_species_treatment,Codex source-backed line-by-line evidence audit,2026-08-12T16:10:00Z,reviewed,exact species page reviewed against every extracted quote; candidate-level decisions are recorded in the source audit
Saribus jeanneneyi,Saribus jeanneneyi - Palmpedia - Palm Grower's Guide,http://www.palmpedia.net:80/wiki/Saribus_jeanneneyi,https://web.archive.org/web/20200121193741id_/http://www.palmpedia.net:80/wiki/Saribus_jeanneneyi,20200121193741,YSNDRXBH2KNYZLPZKUW7FG4M44N4WLEX,2026-08-12T15:38:49.298691+00:00,e8a8abe8d18a048900848f38db94b1e84050f0e7d0489b2eb11d92dccfe22496,df37248e99d34d80637ee6626b70899e2e415cb3cdc87e4a53371fb927b9f075,trait_candidate_page,1,0,true,wild_species_treatment,Codex source-backed line-by-line evidence audit,2026-08-12T16:10:00Z,reviewed,exact species page reviewed against every extracted quote; candidate-level decisions are recorded in the source audit
Saribus merrillii,Saribus merrillii - Palmpedia - Palm Grower's Guide,http://www.palmpedia.net:80/wiki/Saribus_merrillii,https://web.archive.org/web/20200217170828id_/http://www.palmpedia.net:80/wiki/Saribus_merrillii,20200217170828,6ZYBI4A2WPISUKZRG64S4KKLD7CBNUO7,2026-08-12T15:31:44.769482+00:00,3cd378de110b99ecd5e4bf7a344b60477fa97ac71ec5ea6e31b0d37efec5f7fb,c59618746795a2cecb73ce6cd131b41849e40a5f4e925db3924017c68dc60a17,trait_candidate_page,2,0,true,wild_species_treatment,Codex source-backed line-by-line evidence audit,2026-08-12T16:10:00Z,reviewed,exact species page reviewed against every extracted quote; candidate-level decisions are recorded in the source audit
Saribus papuanus,Saribus papuanus - Palmpedia - Palm Grower's Guide,http://www.palmpedia.net:80/wiki/Saribus_papuanus,https://web.archive.org/web/20200217170833id_/http://www.palmpedia.net:80/wiki/Saribus_papuanus,20200217170833,WGF7ZU2BLT2VNSFXYFT23EMK3FIQLOYS,2026-08-12T15:31:40.508326+00:00,c82f487667ca18bfb04af8c9ca89b50d1751311fbc7da64a24276fae8ef6467b,b6888f832bce69964107db605ba69c979fecf8a82cd699fbc0bebbc95d2e62c7,trait_candidate_page,3,0,true,wild_species_treatment,Codex source-backed line-by-line evidence audit,2026-08-12T16:10:00Z,reviewed,exact species page reviewed against every extracted quote; candidate-level decisions are recorded in the source audit
Thrinax radiata,Thrinax radiata - Palmpedia - Palm Grower's Guide,http://www.palmpedia.net:80/wiki/Thrinax_radiata,https://web.archive.org/web/20200119073246id_/http://www.palmpedia.net:80/wiki/Thrinax_radiata,20200119073246,TMSCJP6472KJIPLS4GTJ6NPNCGY7VLJC,2026-08-12T15:28:30.742745+00:00,6691e553929d06ef80bcd9fda889262d45aba6cd2b9e4451cf2059e159f7d88e,df8f18e58f54a83c46fe40e96b53882b5595afcced83b849a63d747384644694,trait_candidate_page,2,0,true,wild_species_treatment,Codex source-backed line-by-line evidence audit,2026-08-12T16:10:00Z,reviewed,exact species page reviewed against every extracted quote; candidate-level decisions are recorded in the source audit
Veitchia vitiensis,Veitchia vitiensis - Palmpedia - Palm Grower's Guide,http://www.palmpedia.net:80/wiki/Veitchia_vitiensis,https://web.archive.org/web/20200124143403id_/http://www.palmpedia.net:80/wiki/Veitchia_vitiensis,20200124143403,BNWGDAMS466JZTZTZ47FQWXUL5MWMWX6,2026-08-12T15:30:13.221856+00:00,727189d0533fa2d8cc8362a2a310caf16b927a7a5aca1eb4202025ed33769a24,83d755f7a5df291f40d9f42df44627c188cf90ef8cda7ded7d34eaaf3bd00384,trait_candidate_page,1,0,true,wild_species_treatment,Codex source-backed line-by-line evidence audit,2026-08-12T16:10:00Z,reviewed,exact species page reviewed against every extracted quote; candidate-level decisions are recorded in the source audit
Wallaceodoxa raja-ampat,Wallaceodoxa raja-ampat - Palmpedia - Palm Grower's Guide,http://www.palmpedia.net:80/wiki/Wallaceodoxa_raja-ampat,https://web.archive.org/web/20200129185445id_/http://www.palmpedia.net:80/wiki/Wallaceodoxa_raja-ampat,20200129185445,H6GPOGF4SY2QAOZVDZJORNCP2DP7B26M,2026-08-12T15:31:36.081925+00:00,3d7434e38f9f152e08264a16e89f132ba766bf49e2ecc41655dc26525c6f9dd0,3f3f5cb1589c6f237685bc95d6af7a7ea071ac0487cc653785ae712ed9cfc404,trait_candidate_page,1,0,true,wild_species_treatment,Codex source-backed line-by-line evidence audit,2026-08-12T16:10:00Z,reviewed,exact species page reviewed against every extracted quote; candidate-level decisions are recorded in the source audit
Zombia antillarum,Zombia antillarum - Palmpedia - Palm Grower's Guide,http://www.palmpedia.net:80/wiki/Zombia_antillarum,https://web.archive.org/web/20200131210606id_/http://www.palmpedia.net:80/wiki/Zombia_antillarum,20200131210606,H6PQRGZQ6RKCV4FLZNBN3MCH45D7LSKR,2026-08-12T15:40:08.016031+00:00,5e8e01414bf2987d29cea1ec1850ff735d7893271922da2132aff15b1879bdb9,994a77ba5c10616bf4d972f457d9a48dddd0a0e7012f54bb4428ce7342eb2c14,trait_candidate_page,1,0,true,wild_species_treatment,Codex source-backed line-by-line evidence audit,2026-08-12T16:10:00Z,reviewed,exact species page reviewed against every extracted quote; candidate-level decisions are recorded in the source audit
