candidate_id,accepted_species,trait_name,normalized_value,source_url,source_excerpt,accepted_correct,cultivar_status,reviewer,reviewed_at_utc,audit_reason
palmpedia-1a3aac6e5f8df95e908d4bc6,Thrinax radiata,flower_primary_color,green_brown_inconspicuous|white,https://web.archive.org/web/20200119073246id_/http://www.palmpedia.net:80/wiki/Thrinax_radiata,The inconspicuous flowers along the stem are bisexual and wind-pollinated.,true,wild_species_treatment,Codex source-backed line-by-line evidence audit,2026-08-12T16:10:00Z,accepted: exact species-page identity; quote directly supports the trait and reviewed state; provenance complete; no named cultivar transfer
palmpedia-51f9840a8f21083a34d82bef,Thrinax radiata,flower_primary_color,green_brown_inconspicuous|white,https://web.archive.org/web/20200119073246id_/http://www.palmpedia.net:80/wiki/Thrinax_radiata,The bisexual flowers are white.,true,wild_species_treatment,Codex source-backed line-by-line evidence audit,2026-08-12T16:10:00Z,accepted: exact species-page identity; quote directly supports the trait and reviewed state; provenance complete; no named cultivar transfer
palmpedia-f90d21f46b45d868476aa6dc,Roystonea regia,flower_primary_color,white,https://web.archive.org/web/20200119123734id_/http://www.palmpedia.net:80/wiki/Roystonea_regia,Staminate flowers white;,true,wild_species_treatment,Codex source-backed line-by-line evidence audit,2026-08-12T16:10:00Z,accepted: exact species-page identity; quote directly supports the trait and reviewed state; provenance complete; no named cultivar transfer
palmpedia-f5e2cb65c90ba50d82a1465b,Roystonea regia,flower_primary_color,white,https://web.archive.org/web/20200119123734id_/http://www.palmpedia.net:80/wiki/Roystonea_regia,"Pistillate flowers white,2-4.5 per cm;",true,wild_species_treatment,Codex source-backed line-by-line evidence audit,2026-08-12T16:10:00Z,accepted: exact species-page identity; quote directly supports the trait and reviewed state; provenance complete; no named cultivar transfer
palmpedia-46d2c4415c46932cee06653d,Cyrtostachys renda,flower_size_class,very_small,https://web.archive.org/web/20200123051546id_/http://www.palmpedia.net:80/wiki/Cyrtostachys_renda,"Staminate flowers 2 – 2.5 × 2 – 3 mm, asymmetrical;",true,wild_species_treatment,Codex source-backed line-by-line evidence audit,2026-08-12T16:10:00Z,accepted: exact species-page identity; quote directly supports the trait and reviewed state; provenance complete; no named cultivar transfer
palmpedia-776fd95aeda6c783e1f1e64b,Cyrtostachys renda,flower_size_class,very_small,https://web.archive.org/web/20200123051546id_/http://www.palmpedia.net:80/wiki/Cyrtostachys_renda,Pistillate flowers 4 – 5 × 3 – 4 mm;,true,wild_species_treatment,Codex source-backed line-by-line evidence audit,2026-08-12T16:10:00Z,accepted: exact species-page identity; quote directly supports the trait and reviewed state; provenance complete; no named cultivar transfer
palmpedia-394a2ecdbc03fb70a3fcd9c6,Pritchardia pacifica,inflorescence_display,raceme_spike_panicle,https://web.archive.org/web/20200119124209id_/http://www.palmpedia.net:80/wiki/Pritchardia_pacifica,"inflorescences composed of 1-4 panicles, shorter than to equaling petioles in flower and fruit, panicles branched to 2 orders, rachillae glabrous;",true,wild_species_treatment,Codex source-backed line-by-line evidence audit,2026-08-12T16:10:00Z,accepted: exact species-page identity; quote directly supports the trait and reviewed state; provenance complete; no named cultivar transfer
palmpedia-de7d4a41fc524014bac033a1,Arenga pinnata,flower_primary_color,yellow_orange,https://web.archive.org/web/20200124142907id_/http://www.palmpedia.net:80/wiki/Arenga_pinnata,Flower: Showy yellow flowers.,true,wild_species_treatment,Codex source-backed line-by-line evidence audit,2026-08-12T16:10:00Z,accepted: exact species-page identity; quote directly supports the trait and reviewed state; provenance complete; no named cultivar transfer
palmpedia-e2ec191154138fe710fbaba2,Roystonea oleracea,inflorescence_display,raceme_spike_panicle,https://web.archive.org/web/20200119154842id_/http://www.palmpedia.net:80/wiki/Roystonea_oleracea,flowers born in large-stalked panicles revealed when the leaf-sheaths beneath them drop off;,true,wild_species_treatment,Codex source-backed line-by-line evidence audit,2026-08-12T16:10:00Z,accepted: exact species-page identity; quote directly supports the trait and reviewed state; provenance complete; no named cultivar transfer
palmpedia-a8d4e0fdfab8f87a54211200,Roystonea oleracea,flower_primary_color,white,https://web.archive.org/web/20200119154842id_/http://www.palmpedia.net:80/wiki/Roystonea_oleracea,Staminate flowers white;,true,wild_species_treatment,Codex source-backed line-by-line evidence audit,2026-08-12T16:10:00Z,accepted: exact species-page identity; quote directly supports the trait and reviewed state; provenance complete; no named cultivar transfer
palmpedia-a1424feaa4355e4328e23aca,Roystonea oleracea,flower_primary_color,white,https://web.archive.org/web/20200119154842id_/http://www.palmpedia.net:80/wiki/Roystonea_oleracea,"Pistillate flowers white, 2.5-4.5 per cm;",true,wild_species_treatment,Codex source-backed line-by-line evidence audit,2026-08-12T16:10:00Z,accepted: exact species-page identity; quote directly supports the trait and reviewed state; provenance complete; no named cultivar transfer
palmpedia-d75f747913aa22914c23e2f9,Coccothrinax barbadensis,flower_primary_color,yellow_orange,https://web.archive.org/web/20200119123253id_/http://www.palmpedia.net:80/wiki/Coccothrinax_barbadensis,"Monoecious, the yellow flowers have both male and female parts.",true,wild_species_treatment,Codex source-backed line-by-line evidence audit,2026-08-12T16:10:00Z,accepted: exact species-page identity; quote directly supports the trait and reviewed state; provenance complete; no named cultivar transfer
palmpedia-49b595c8047a6b3ec692c412,Rhopalostylis sapida,inflorescence_display,raceme_spike_panicle,https://web.archive.org/web/20200119072942id_/http://www.palmpedia.net:80/wiki/Rhopalostylis_sapida,"Flowers pinkish, in multiple spikes at the top of trunk.",true,wild_species_treatment,Codex source-backed line-by-line evidence audit,2026-08-12T16:10:00Z,accepted: exact species-page identity; quote directly supports the trait and reviewed state; provenance complete; no named cultivar transfer
palmpedia-07f5f14f453b1f7f5c5f3773,Rhopalostylis sapida,flower_primary_color,red_pink,https://web.archive.org/web/20200119072942id_/http://www.palmpedia.net:80/wiki/Rhopalostylis_sapida,"Flowers pinkish, in multiple spikes at the top of trunk.",true,wild_species_treatment,Codex source-backed line-by-line evidence audit,2026-08-12T16:10:00Z,accepted: exact species-page identity; quote directly supports the trait and reviewed state; provenance complete; no named cultivar transfer
palmpedia-9f090e4bb4647b16b4912db3,Rhopalostylis sapida,flower_size_class,small,https://web.archive.org/web/20200119072942id_/http://www.palmpedia.net:80/wiki/Rhopalostylis_sapida,"flower-buds tightly packed, lilac Fragrance, about 10 × 7 mm., elliptic-oblong, brick-red.",true,wild_species_treatment,Codex source-backed line-by-line evidence audit,2026-08-12T16:10:00Z,accepted: exact species-page identity; quote directly supports the trait and reviewed state; provenance complete; no named cultivar transfer
palmpedia-2ad87d42b17e2e618a8210bc,Salacca zalacca,inflorescence_display,raceme_spike_panicle,https://web.archive.org/web/20200119154427id_/http://www.palmpedia.net:80/wiki/Salacca_zalacca,"Inflorescence an axillary compound spadix, stalked, at first enclosed by spathes;",true,wild_species_treatment,Codex source-backed line-by-line evidence audit,2026-08-12T16:10:00Z,accepted: exact species-page identity; quote directly supports the trait and reviewed state; provenance complete; no named cultivar transfer
palmpedia-1bc4670fa69730a5bfd07166,Salacca zalacca,inflorescence_display,raceme_spike_panicle,https://web.archive.org/web/20200119154427id_/http://www.palmpedia.net:80/wiki/Salacca_zalacca,"male inflorescence 50-100 cm long, consisting of 4-12 spadices, each 7-15 cm x 0.7-2 cm, female one 20-30 cm long, composed of 1-3 spadices, 7-10 cm long.",true,wild_species_treatment,Codex source-backed line-by-line evidence audit,2026-08-12T16:10:00Z,accepted: exact species-page identity; quote directly supports the trait and reviewed state; provenance complete; no named cultivar transfer
palmpedia-ee7d114ad36508b824c14fb3,Salacca zalacca,floral_form,tubular,https://web.archive.org/web/20200119154427id_/http://www.palmpedia.net:80/wiki/Salacca_zalacca,"staminate flowers with reddish, tubular corolla and 6 stamens borne on the corolla throat and a minute pistillode;",true,wild_species_treatment,Codex source-backed line-by-line evidence audit,2026-08-12T16:10:00Z,accepted: exact species-page identity; quote directly supports the trait and reviewed state; provenance complete; no named cultivar transfer
palmpedia-a74f68808d2d2081ab12bc70,Salacca zalacca,floral_form,tubular,https://web.archive.org/web/20200119154427id_/http://www.palmpedia.net:80/wiki/Salacca_zalacca,"pistillate ones with tubular corolla, yellow-green outside and dark red inside, a trilocular ovary with short trifid, red style and 6 staminodes borne on the corolla throat.",true,wild_species_treatment,Codex source-backed line-by-line evidence audit,2026-08-12T16:10:00Z,accepted: exact species-page identity; quote directly supports the trait and reviewed state; provenance complete; no named cultivar transfer
palmpedia-3b81451da885d79e859b3f7e,Dypsis madagascariensis,flower_primary_color,green_brown_inconspicuous|yellow_orange,https://web.archive.org/web/20200119155722id_/http://www.palmpedia.net:80/wiki/Dypsis_madagascariensis,"Saminate flowers yellow-greeen with sepals 1.5-1.6 x 1.3-1.8 mm, keeled, basally gibbous, membranous apart from the keel, hooded distally;",true,wild_species_treatment,Codex source-backed line-by-line evidence audit,2026-08-12T16:10:00Z,accepted: exact species-page identity; quote directly supports the trait and reviewed state; provenance complete; no named cultivar transfer
palmpedia-45c2e027f7494f9668dcc05d,Korthalsia laciniosa,flower_size_class,very_small,https://web.archive.org/web/20200119122553id_/http://www.palmpedia.net:80/wiki/Korthalsia_laciniosa,Flowers about 0.5 x 0.2 cm.,true,wild_species_treatment,Codex source-backed line-by-line evidence audit,2026-08-12T16:10:00Z,accepted: exact species-page identity; quote directly supports the trait and reviewed state; provenance complete; no named cultivar transfer
palmpedia-c76b9e563202e521dead5eda,Oncosperma tigillarium,inflorescence_display,raceme_spike_panicle,https://web.archive.org/web/20200217165943id_/http://www.palmpedia.net:80/wiki/Oncosperma_tigillarium,"Inflorescence: Ramified and thorny, among the leaves, yellow with flowers of both sexes placed in the typical triad (a feminine flower amidst two masculine ones) The spadix is 30-40 cm wide and longer at crown apex.",true,wild_species_treatment,Codex source-backed line-by-line evidence audit,2026-08-12T16:10:00Z,accepted: exact species-page identity; quote directly supports the trait and reviewed state; provenance complete; no named cultivar transfer
palmpedia-09843ce96b48d2882a0046c2,Dypsis decaryi,flower_primary_color,yellow_orange,https://web.archive.org/web/20200203115541id_/http://www.palmpedia.net:80/wiki/Dypsis_decaryi,"triads, distant, slightly sunken, with small yellowish flowers.",true,wild_species_treatment,Codex source-backed line-by-line evidence audit,2026-08-12T16:10:00Z,accepted: exact species-page identity; quote directly supports the trait and reviewed state; provenance complete; no named cultivar transfer
palmpedia-644600633c6fe24109461336,Aiphanes minima,inflorescence_display,raceme_spike_panicle,https://web.archive.org/web/20200124083418id_/http://www.palmpedia.net:80/wiki/Aiphanes_minima,"Flowers monoecious , whitish yellow, grouped in panicles, axillary and interlayer compounds (length: 2 m).",true,wild_species_treatment,Codex source-backed line-by-line evidence audit,2026-08-12T16:10:00Z,accepted: exact species-page identity; quote directly supports the trait and reviewed state; provenance complete; no named cultivar transfer
palmpedia-26261e83274b12cec6dc3308,Aiphanes minima,flower_primary_color,yellow_orange,https://web.archive.org/web/20200124083418id_/http://www.palmpedia.net:80/wiki/Aiphanes_minima,Fragrant creamy to light yellow flowers.,true,wild_species_treatment,Codex source-backed line-by-line evidence audit,2026-08-12T16:10:00Z,accepted: exact species-page identity; quote directly supports the trait and reviewed state; provenance complete; no named cultivar transfer
palmpedia-8054cef8223b6a57d7a8e138,Arenga ryukyuensis,flower_size_class,small|very_small,https://web.archive.org/web/20200124143433id_/http://www.palmpedia.net:80/wiki/Arenga_ryukyuensis,"staminate flowers 8-9.5 mm long, spirally and distantly arranged;",true,wild_species_treatment,Codex source-backed line-by-line evidence audit,2026-08-12T16:10:00Z,accepted: exact species-page identity; quote directly supports the trait and reviewed state; provenance complete; no named cultivar transfer
palmpedia-1f2e2438d87a39deeabd95b3,Arenga ryukyuensis,flower_size_class,small|very_small,https://web.archive.org/web/20200124143433id_/http://www.palmpedia.net:80/wiki/Arenga_ryukyuensis,pistillate flowers 2.5 mm long;,true,wild_species_treatment,Codex source-backed line-by-line evidence audit,2026-08-12T16:10:00Z,accepted: exact species-page identity; quote directly supports the trait and reviewed state; provenance complete; no named cultivar transfer
palmpedia-9486f363ad5e36587ee30eb3,Hyophorbe lagenicaulis,flower_primary_color,white,https://web.archive.org/web/20200111120652id_/http://www.palmpedia.net:80/wiki/Hyophorbe_lagenicaulis,They grow upward as they mature supporting numerous male and female small white flowers on the same stalk.,true,wild_species_treatment,Codex source-backed line-by-line evidence audit,2026-08-12T16:10:00Z,accepted: exact species-page identity; quote directly supports the trait and reviewed state; provenance complete; no named cultivar transfer
palmpedia-b9c67c3d1e10cb59b2530776,Hyophorbe lagenicaulis,flower_primary_color,white,https://web.archive.org/web/20200111120652id_/http://www.palmpedia.net:80/wiki/Hyophorbe_lagenicaulis,Flowers/Fruits: The Bottle Palm produces beautiful white flowers that are held by 30 in.,true,wild_species_treatment,Codex source-backed line-by-line evidence audit,2026-08-12T16:10:00Z,accepted: exact species-page identity; quote directly supports the trait and reviewed state; provenance complete; no named cultivar transfer
palmpedia-2919bfc1033028d02531f678,Sabal mexicana,flower_primary_color,white,https://web.archive.org/web/20200129185415id_/http://www.palmpedia.net:80/wiki/Sabal_mexicana,The Texas Sabal Palm Tree produces small white flowers in a branched inflorescence about as long as the leaves.,true,wild_species_treatment,Codex source-backed line-by-line evidence audit,2026-08-12T16:10:00Z,accepted: exact species-page identity; quote directly supports the trait and reviewed state; provenance complete; no named cultivar transfer
palmpedia-637364f6fd8a96ef165058b1,Actinorhytis calapparia,flower_primary_color,white,https://web.archive.org/web/20200119122828id_/http://www.palmpedia.net:80/wiki/Actinorhytis_calapparia,"A monoceious palm, it forms cream flowers of both sexes, which produce large, 75 mm/3"" ovoid fruit that ripen to red or reddish purple.",true,wild_species_treatment,Codex source-backed line-by-line evidence audit,2026-08-12T16:10:00Z,accepted: exact species-page identity; quote directly supports the trait and reviewed state; provenance complete; no named cultivar transfer
palmpedia-cd6dfb01be380985799393ec,Sabal causiarum,flower_primary_color,white,https://web.archive.org/web/20200120205543id_/http://www.palmpedia.net:80/wiki/Sabal_causiarum,"Flowers creamy white, bisexual.",true,wild_species_treatment,Codex source-backed line-by-line evidence audit,2026-08-12T16:10:00Z,accepted: exact species-page identity; quote directly supports the trait and reviewed state; provenance complete; no named cultivar transfer
palmpedia-bb8277e9d49d36971cb23c90,Astrocaryum aculeatissimum,flower_primary_color,white|yellow_orange,https://web.archive.org/web/20200124085013id_/http://www.palmpedia.net:80/wiki/Astrocaryum_aculeatissimum,"It is a monoecious plant with inflorescence interfoliar, pendulum, 50 cm long and yellow-cream flowers, protected by a leathery spathe covered with thorns.",true,wild_species_treatment,Codex source-backed line-by-line evidence audit,2026-08-12T16:10:00Z,accepted: exact species-page identity; quote directly supports the trait and reviewed state; provenance complete; no named cultivar transfer
palmpedia-f90b63e268cd489f4e37051c,Astrocaryum aculeatissimum,flower_primary_color,white|yellow_orange,https://web.archive.org/web/20200124085013id_/http://www.palmpedia.net:80/wiki/Astrocaryum_aculeatissimum,"It is a monoecious plant with inflorescence interfoliar, 50 cm long and yellow-cream flowers, protected by a leathery spathe covered with thorns.",true,wild_species_treatment,Codex source-backed line-by-line evidence audit,2026-08-12T16:10:00Z,accepted: exact species-page identity; quote directly supports the trait and reviewed state; provenance complete; no named cultivar transfer
palmpedia-74cd7d3fa981e5e91888f7b8,Lodoicea maldivica,flower_size_class,large,https://web.archive.org/web/20200121193555id_/http://www.palmpedia.net:80/wiki/Lodoicea_maldivica,"The female inflorescence (flower stem) is up to 1 meter long, with multiple flowers 4–5 cm (2 inches) wide;",true,wild_species_treatment,Codex source-backed line-by-line evidence audit,2026-08-12T16:10:00Z,accepted: exact species-page identity; quote directly supports the trait and reviewed state; provenance complete; no named cultivar transfer
palmpedia-17b377c46e4a44b940420bfc,Lodoicea maldivica,inflorescence_display,raceme_spike_panicle,https://web.archive.org/web/20200121193555id_/http://www.palmpedia.net:80/wiki/Lodoicea_maldivica,"male flowers are catkin-like, up to 1 m long.",true,wild_species_treatment,Codex source-backed line-by-line evidence audit,2026-08-12T16:10:00Z,accepted: exact species-page identity; quote directly supports the trait and reviewed state; provenance complete; no named cultivar transfer
palmpedia-c9d2f612728b128ef5eb680f,Sabal bermudana,inflorescence_display,raceme_spike_panicle,https://web.archive.org/web/20200123050945id_/http://www.palmpedia.net:80/wiki/Sabal_bermudana,"The flowers are yellowish-white, 5 mm (0.20 in) across, produced in large panicles up to 2.5 m (8.2 ft) long, extending out beyond the leaves.",true,wild_species_treatment,Codex source-backed line-by-line evidence audit,2026-08-12T16:10:00Z,accepted: exact species-page identity; quote directly supports the trait and reviewed state; provenance complete; no named cultivar transfer
palmpedia-54b3e6d1a5f58ae4daceba01,Sabal bermudana,flower_primary_color,white|yellow_orange,https://web.archive.org/web/20200123050945id_/http://www.palmpedia.net:80/wiki/Sabal_bermudana,"The flowers are yellowish-white, 5 mm (0.20 in) across, produced in large panicles up to 2.5 m (8.2 ft) long, extending out beyond the leaves.",true,wild_species_treatment,Codex source-backed line-by-line evidence audit,2026-08-12T16:10:00Z,accepted: exact species-page identity; quote directly supports the trait and reviewed state; provenance complete; no named cultivar transfer
palmpedia-93995ed2e764291d1abbaeab,Sabal bermudana,flower_size_class,very_small,https://web.archive.org/web/20200123050945id_/http://www.palmpedia.net:80/wiki/Sabal_bermudana,"The flowers are yellowish-white, 5 mm (0.20 in) across, produced in large panicles up to 2.5 m (8.2 ft) long, extending out beyond the leaves.",true,wild_species_treatment,Codex source-backed line-by-line evidence audit,2026-08-12T16:10:00Z,accepted: exact species-page identity; quote directly supports the trait and reviewed state; provenance complete; no named cultivar transfer
palmpedia-b2c1f95b3981ba7069b545e9,Sabal bermudana,inflorescence_display,raceme_spike_panicle,https://web.archive.org/web/20200123050945id_/http://www.palmpedia.net:80/wiki/Sabal_bermudana,Its yellow/ white flowers are up to 5 mm across and are arranged in panicles which are up to 2.5 m long.,true,wild_species_treatment,Codex source-backed line-by-line evidence audit,2026-08-12T16:10:00Z,accepted: exact species-page identity; quote directly supports the trait and reviewed state; provenance complete; no named cultivar transfer
palmpedia-786c5bc115aa2bdeb2dbd972,Sabal bermudana,flower_primary_color,white|yellow_orange,https://web.archive.org/web/20200123050945id_/http://www.palmpedia.net:80/wiki/Sabal_bermudana,Its yellow/ white flowers are up to 5 mm across and are arranged in panicles which are up to 2.5 m long.,true,wild_species_treatment,Codex source-backed line-by-line evidence audit,2026-08-12T16:10:00Z,accepted: exact species-page identity; quote directly supports the trait and reviewed state; provenance complete; no named cultivar transfer
palmpedia-00ddc0cef2c635269c24a7c0,Sabal bermudana,flower_size_class,very_small,https://web.archive.org/web/20200123050945id_/http://www.palmpedia.net:80/wiki/Sabal_bermudana,Its yellow/ white flowers are up to 5 mm across and are arranged in panicles which are up to 2.5 m long.,true,wild_species_treatment,Codex source-backed line-by-line evidence audit,2026-08-12T16:10:00Z,accepted: exact species-page identity; quote directly supports the trait and reviewed state; provenance complete; no named cultivar transfer
palmpedia-c14adecb999d7eefbfa9ff17,Rhopaloblaste ceramica,flower_size_class,small|very_small,https://web.archive.org/web/20200131210629id_/http://www.palmpedia.net:80/wiki/Rhopaloblaste_ceramica,"Staminate flower symmetric, greenish, 6.5 - 7 mm long, 6.5 - 6.8 mm in diam.",true,wild_species_treatment,Codex source-backed line-by-line evidence audit,2026-08-12T16:10:00Z,accepted: exact species-page identity; quote directly supports the trait and reviewed state; provenance complete; no named cultivar transfer
palmpedia-a7c06fe874b8ad0866a79653,Rhopaloblaste ceramica,flower_size_class,small|very_small,https://web.archive.org/web/20200131210629id_/http://www.palmpedia.net:80/wiki/Rhopaloblaste_ceramica,"Pistillate flower slightly asymmetric, 4.3 - 4.7 mm long, 7.6 - 7.9 mm in diam., borne throughout the rachillae;",true,wild_species_treatment,Codex source-backed line-by-line evidence audit,2026-08-12T16:10:00Z,accepted: exact species-page identity; quote directly supports the trait and reviewed state; provenance complete; no named cultivar transfer
palmpedia-788b38a4e3da16930a7f348f,Acanthophoenix rubra,flower_primary_color,white,https://web.archive.org/web/20200119124039id_/http://www.palmpedia.net:80/wiki/Acanthophoenix_rubra,"These comprise a multitude of small, creamy-white flowers suspended from a central stem.",true,wild_species_treatment,Codex source-backed line-by-line evidence audit,2026-08-12T16:10:00Z,accepted: exact species-page identity; quote directly supports the trait and reviewed state; provenance complete; no named cultivar transfer
palmpedia-ab1717191ba75635b3976b6c,Ravenea hildebrandtii,inflorescence_display,solitary,https://web.archive.org/web/20200129185850id_/http://www.palmpedia.net:80/wiki/Ravenea_hildebrandtii,"rachillae 2.4-10 cm long, 0.7-1.2 mm in diam., bearing spiral or subdistichous solitary flowers;",true,wild_species_treatment,Codex source-backed line-by-line evidence audit,2026-08-12T16:10:00Z,accepted: exact species-page identity; quote directly supports the trait and reviewed state; provenance complete; no named cultivar transfer
palmpedia-ecc5b15c1fd13524affa05d8,Licuala pumila,inflorescence_display,solitary,https://web.archive.org/web/20200119160355id_/http://www.palmpedia.net:80/wiki/Licuala_pumila,"Flowers solitary, irregularly, sessile, bud size 6 x 2.5-3 mm;",true,wild_species_treatment,Codex source-backed line-by-line evidence audit,2026-08-12T16:10:00Z,accepted: exact species-page identity; quote directly supports the trait and reviewed state; provenance complete; no named cultivar transfer
palmpedia-93712934d99a99d9c98cb08a,Licuala pumila,flower_size_class,very_small,https://web.archive.org/web/20200119160355id_/http://www.palmpedia.net:80/wiki/Licuala_pumila,"corolla coriaceus, triangular, tripartitus, about 5 x 3 mm, thick, glabrous, base thickened, apex acute, striate externally, deeply sculptured inside, whitish in colour;",true,wild_species_treatment,Codex source-backed line-by-line evidence audit,2026-08-12T16:10:00Z,accepted: exact species-page identity; quote directly supports the trait and reviewed state; provenance complete; no named cultivar transfer
palmpedia-82b3a1c851dd2d06b72b099d,Jubaea chilensis,flower_primary_color,blue_purple,https://web.archive.org/web/20220906055507id_/https://palmpedia.net/wiki/Jubaea_chilensis,Flower: Large number of very small purple flowers.,true,wild_species_treatment,Codex source-backed line-by-line evidence audit,2026-08-12T16:10:00Z,accepted: exact species-page identity; quote directly supports the trait and reviewed state; provenance complete; no named cultivar transfer
palmpedia-a6e09c5ed1579d0a00acfc41,Jubaea chilensis,inflorescence_display,raceme_spike_panicle,https://web.archive.org/web/20220906055507id_/https://palmpedia.net/wiki/Jubaea_chilensis,"The species is monoecious, with male and female flowers in separate panicles but on the same tree.",true,wild_species_treatment,Codex source-backed line-by-line evidence audit,2026-08-12T16:10:00Z,accepted: exact species-page identity; quote directly supports the trait and reviewed state; provenance complete; no named cultivar transfer
palmpedia-ac1c6604add76d2f9ec29901,Dypsis pinnatifrons,flower_size_class,very_small,https://web.archive.org/web/20200119122758id_/http://www.palmpedia.net:80/wiki/Dypsis_pinnatifrons,STAMINATE FLOWER about 2 x 1.2 mm;,true,wild_species_treatment,Codex source-backed line-by-line evidence audit,2026-08-12T16:10:00Z,accepted: exact species-page identity; quote directly supports the trait and reviewed state; provenance complete; no named cultivar transfer
palmpedia-42960756e15b5dfe3c4c3fb4,Rhopaloblaste ledermanniana,flower_size_class,small|very_small,https://web.archive.org/web/20201124072756id_/http://palmpedia.net/wiki/Rhopaloblaste_ledermanniana,"Staminate flower 5 - 6 mm long, 3 - 4 mm diam.",true,wild_species_treatment,Codex source-backed line-by-line evidence audit,2026-08-12T16:10:00Z,accepted: exact species-page identity; quote directly supports the trait and reviewed state; provenance complete; no named cultivar transfer
palmpedia-f694854deaf712b046c0e8bd,Rhopaloblaste ledermanniana,flower_size_class,small|very_small,https://web.archive.org/web/20201124072756id_/http://palmpedia.net/wiki/Rhopaloblaste_ledermanniana,"Pistillate flower 2 - 3 mm long, 3 - 3.5 mm diam., borne throughout the rachillae;",true,wild_species_treatment,Codex source-backed line-by-line evidence audit,2026-08-12T16:10:00Z,accepted: exact species-page identity; quote directly supports the trait and reviewed state; provenance complete; no named cultivar transfer
palmpedia-e1eb180de8fbdd0b56cdb744,Drymophloeus litigiosus,flower_primary_color,white,https://web.archive.org/web/20200121193726id_/http://www.palmpedia.net:80/wiki/Drymophloeus_litigiosus,"tall, with broad, dark green, leaflets, with premorse leaf tips, and white flowers.",true,wild_species_treatment,Codex source-backed line-by-line evidence audit,2026-08-12T16:10:00Z,accepted: exact species-page identity; quote directly supports the trait and reviewed state; provenance complete; no named cultivar transfer
palmpedia-81b3fdfab679247a90597ab1,Brahea armata,inflorescence_display,raceme_spike_panicle,https://web.archive.org/web/20200123051301id_/http://www.palmpedia.net:80/wiki/Brahea_armata,"Flower stalk coming from between the leaves, from the crown, very long spadix, and flower, (up to 15 feet - 4.5 m).",true,wild_species_treatment,Codex source-backed line-by-line evidence audit,2026-08-12T16:10:00Z,accepted: exact species-page identity; quote directly supports the trait and reviewed state; provenance complete; no named cultivar transfer
palmpedia-20d4de9f5dd3b710893a2394,Desmoncus orthacanthos,inflorescence_display,few_flowered|solitary,https://web.archive.org/web/20200124085038id_/http://www.palmpedia.net:80/wiki/Desmoncus_orthacanthos,flowers either in triads with 1 pistillate between 2 staminate or with staminate flowers solitary near end of rachilla;,true,wild_species_treatment,Codex source-backed line-by-line evidence audit,2026-08-12T16:10:00Z,accepted: exact species-page identity; quote directly supports the trait and reviewed state; provenance complete; no named cultivar transfer
palmpedia-1e3e9603e26f2e7698f5f9b0,Desmoncus orthacanthos,flower_size_class,small,https://web.archive.org/web/20200124085038id_/http://www.palmpedia.net:80/wiki/Desmoncus_orthacanthos,"staminate flowers soon de­ciduous, about 8 mm long;",true,wild_species_treatment,Codex source-backed line-by-line evidence audit,2026-08-12T16:10:00Z,accepted: exact species-page identity; quote directly supports the trait and reviewed state; provenance complete; no named cultivar transfer
palmpedia-afc4afdc2ccb11dfe046b68d,Desmoncus orthacanthos,floral_form,urn_urceolate,https://web.archive.org/web/20200124085038id_/http://www.palmpedia.net:80/wiki/Desmoncus_orthacanthos,"corollas much longer than calyx, urceolate, tridentate, with very small, adnate staminodia;",true,wild_species_treatment,Codex source-backed line-by-line evidence audit,2026-08-12T16:10:00Z,accepted: exact species-page identity; quote directly supports the trait and reviewed state; provenance complete; no named cultivar transfer
palmpedia-309030ea7793742db8c077e3,Dypsis fibrosa,flower_primary_color,yellow_orange,https://web.archive.org/web/20200130232147id_/http://www.palmpedia.net:80/wiki/Dypsis_fibrosa,"FLOWERS orange in bud, yellow at anthesis.",true,wild_species_treatment,Codex source-backed line-by-line evidence audit,2026-08-12T16:10:00Z,accepted: exact species-page identity; quote directly supports the trait and reviewed state; provenance complete; no named cultivar transfer
palmpedia-773a08e1b534b062de6ad931,Coccothrinax miraguama,flower_primary_color,white,https://web.archive.org/web/20200129185200id_/http://www.palmpedia.net:80/wiki/Coccothrinax_miraguama,Flower: Cream bisexual flowers.,true,wild_species_treatment,Codex source-backed line-by-line evidence audit,2026-08-12T16:10:00Z,accepted: exact species-page identity; quote directly supports the trait and reviewed state; provenance complete; no named cultivar transfer
palmpedia-7ae96730874c6a573d1ce13c,Colpothrinax wrightii,flower_size_class,small,https://web.archive.org/web/20200129185720id_/http://www.palmpedia.net:80/wiki/Colpothrinax_wrightii,"1 corolla 5.3-6.2 mm long, yellow, the lobes valvate, with parallel sides and mucronulate apices, fleshy, adaxially furrowed with involute or thickened margins, forming a hood apically, deciduous, with a clear line of abscission;",true,wild_species_treatment,Codex source-backed line-by-line evidence audit,2026-08-12T16:10:00Z,accepted: exact species-page identity; quote directly supports the trait and reviewed state; provenance complete; no named cultivar transfer
palmpedia-f0f4b07cde63c2ff311c115b,Linospadix albertisianus,flower_size_class,very_small,https://web.archive.org/web/20220702063210id_/https://palmpedia.net/wiki/Linospadix_albertisianus,"Staminate flowers elongate, curved, subcylindrical[y obtuse, 3.5-4 mm long in bud;",true,wild_species_treatment,Codex source-backed line-by-line evidence audit,2026-08-12T16:10:00Z,accepted: exact species-page identity; quote directly supports the trait and reviewed state; provenance complete; no named cultivar transfer
palmpedia-90685e5e39137687ac3da9d1,Linospadix albertisianus,flower_size_class,very_small,https://web.archive.org/web/20220702063210id_/https://palmpedia.net/wiki/Linospadix_albertisianus,"pistillate flower ovate, to 3 mm long, petals 2 times the length of the sepals.",true,wild_species_treatment,Codex source-backed line-by-line evidence audit,2026-08-12T16:10:00Z,accepted: exact species-page identity; quote directly supports the trait and reviewed state; provenance complete; no named cultivar transfer
palmpedia-4790296303619d9b8bd4ce6c,Calyptronoma plumeriana,flower_size_class,small,https://web.archive.org/web/20200131210755id_/http://www.palmpedia.net:80/wiki/Calyptronoma_plumeriana,Staminate flowers 5.1-8.5 mm long;,true,wild_species_treatment,Codex source-backed line-by-line evidence audit,2026-08-12T16:10:00Z,accepted: exact species-page identity; quote directly supports the trait and reviewed state; provenance complete; no named cultivar transfer
palmpedia-e6be323e24e0f372f08a5893,Calyptronoma plumeriana,flower_size_class,small,https://web.archive.org/web/20200131210755id_/http://www.palmpedia.net:80/wiki/Calyptronoma_plumeriana,Pistillate flowers 3.4-6.7 mm.,true,wild_species_treatment,Codex source-backed line-by-line evidence audit,2026-08-12T16:10:00Z,accepted: exact species-page identity; quote directly supports the trait and reviewed state; provenance complete; no named cultivar transfer
palmpedia-556b77d26d3c523f372fba70,Myrialepis paradoxa,flower_size_class,very_small,https://web.archive.org/web/20200119155124id_/http://www.palmpedia.net:80/wiki/Myrialepis_paradoxa,Staminate flower to 4 x 1.5 mm;,true,wild_species_treatment,Codex source-backed line-by-line evidence audit,2026-08-12T16:10:00Z,accepted: exact species-page identity; quote directly supports the trait and reviewed state; provenance complete; no named cultivar transfer
palmpedia-958e1984061e1b59e1fe820d,Myrialepis paradoxa,floral_form,tubular,https://web.archive.org/web/20200119155124id_/http://www.palmpedia.net:80/wiki/Myrialepis_paradoxa,corolla tubular in basal about 1 mm with 3 triangular tipped petals to 3 x 1.5 mm;,true,wild_species_treatment,Codex source-backed line-by-line evidence audit,2026-08-12T16:10:00Z,accepted: exact species-page identity; quote directly supports the trait and reviewed state; provenance complete; no named cultivar transfer
palmpedia-df93a98c6cd9fd48619a9365,Myrialepis paradoxa,flower_size_class,very_small,https://web.archive.org/web/20200119155124id_/http://www.palmpedia.net:80/wiki/Myrialepis_paradoxa,Pistillate flower to 4.5 x 3 mm;,true,wild_species_treatment,Codex source-backed line-by-line evidence audit,2026-08-12T16:10:00Z,accepted: exact species-page identity; quote directly supports the trait and reviewed state; provenance complete; no named cultivar transfer
palmpedia-9b39a0344fa59b2b0e69f3c7,Myrialepis paradoxa,floral_form,tubular,https://web.archive.org/web/20200119155124id_/http://www.palmpedia.net:80/wiki/Myrialepis_paradoxa,corolla tubular in basal 1 mm with 3 triangular petals to 3.5 x 3 mm;,true,wild_species_treatment,Codex source-backed line-by-line evidence audit,2026-08-12T16:10:00Z,accepted: exact species-page identity; quote directly supports the trait and reviewed state; provenance complete; no named cultivar transfer
palmpedia-ac604ebfca99f5bae6e18350,Pritchardia glabrata,inflorescence_display,raceme_spike_panicle,https://web.archive.org/web/20200124091159id_/http://www.palmpedia.net:80/wiki/Pritchardia_glabrata,"inflorescences composed of 1-3 panicles, shorter than or equaling petioles in flower and fruit, panicles branched to 2 or 3 orders, rachillae glabrous;",true,wild_species_treatment,Codex source-backed line-by-line evidence audit,2026-08-12T16:10:00Z,accepted: exact species-page identity; quote directly supports the trait and reviewed state; provenance complete; no named cultivar transfer
palmpedia-1f82f999b158db23abc9f948,Pritchardia glabrata,inflorescence_display,raceme_spike_panicle,https://web.archive.org/web/20200124091159id_/http://www.palmpedia.net:80/wiki/Pritchardia_glabrata,"All three share the undulate leaf blades incompletely covered abaxially with lepidia and with drooping segment tips, inflorescences shorter than or equaling the petioles with panicles branched to three orders, glabrous rachillae, and small fruits.",true,wild_species_treatment,Codex source-backed line-by-line evidence audit,2026-08-12T16:10:00Z,accepted: exact species-page identity; quote directly supports the trait and reviewed state; provenance complete; no named cultivar transfer
palmpedia-1d57077b42fbe09d9bb9ff64,Pritchardia hillebrandii,inflorescence_display,raceme_spike_panicle,https://web.archive.org/web/20200119124204id_/http://www.palmpedia.net:80/wiki/Pritchardia_hillebrandii,"inflorescences composed of 1-5 panicles, shorter than or equaling petioles in flower and fruit, panicles branched to 3 orders, rachillae glabrous;",true,wild_species_treatment,Codex source-backed line-by-line evidence audit,2026-08-12T16:10:00Z,accepted: exact species-page identity; quote directly supports the trait and reviewed state; provenance complete; no named cultivar transfer
palmpedia-48a19d1d87e183ceaf89a3e2,Veitchia vitiensis,inflorescence_display,raceme_spike_panicle,https://web.archive.org/web/20200124143403id_/http://www.palmpedia.net:80/wiki/Veitchia_vitiensis,"Inflorescence: Infrafoliar, much branched, glabrous, panicle;",true,wild_species_treatment,Codex source-backed line-by-line evidence audit,2026-08-12T16:10:00Z,accepted: exact species-page identity; quote directly supports the trait and reviewed state; provenance complete; no named cultivar transfer
palmpedia-cbe0e670bb3aacf6b511b7a3,Astrocaryum vulgare,floral_form,urn_urceolate,https://web.archive.org/web/20200124091144id_/http://www.palmpedia.net:80/wiki/Astrocaryum_vulgare,"pistillate flower with calyx urn-shaped, corolla as long as the calyx;",false,wild_species_treatment,Codex source-backed line-by-line evidence audit,2026-08-12T16:10:00Z,"urn-shaped statement describes the calyx, not the corolla or whole flower"
palmpedia-5bf7b2d9efbb7b0f7d8a96c5,Coccothrinax fragrans,inflorescence_display,raceme_spike_panicle,https://web.archive.org/web/20200124123627id_/http://www.palmpedia.net:80/wiki/Coccothrinax_fragrans,"Produces fragrant yellow flowers, 6-8 mm across, in panicles to 2 m or more long, in summer.",true,wild_species_treatment,Codex source-backed line-by-line evidence audit,2026-08-12T16:10:00Z,accepted: exact species-page identity; quote directly supports the trait and reviewed state; provenance complete; no named cultivar transfer
palmpedia-b4ffcbd86cd5b1535b40dd85,Coccothrinax fragrans,flower_primary_color,yellow_orange,https://web.archive.org/web/20200124123627id_/http://www.palmpedia.net:80/wiki/Coccothrinax_fragrans,"Produces fragrant yellow flowers, 6-8 mm across, in panicles to 2 m or more long, in summer.",true,wild_species_treatment,Codex source-backed line-by-line evidence audit,2026-08-12T16:10:00Z,accepted: exact species-page identity; quote directly supports the trait and reviewed state; provenance complete; no named cultivar transfer
palmpedia-ddda7935272ebd431e3a4cf1,Coccothrinax fragrans,flower_size_class,small,https://web.archive.org/web/20200124123627id_/http://www.palmpedia.net:80/wiki/Coccothrinax_fragrans,"Produces fragrant yellow flowers, 6-8 mm across, in panicles to 2 m or more long, in summer.",true,wild_species_treatment,Codex source-backed line-by-line evidence audit,2026-08-12T16:10:00Z,accepted: exact species-page identity; quote directly supports the trait and reviewed state; provenance complete; no named cultivar transfer
palmpedia-63814b0bf7c8a12fd6cf3134,Aiphanes horrida,inflorescence_display,raceme_spike_panicle,https://web.archive.org/web/20200130232007id_/http://www.palmpedia.net:80/wiki/Aiphanes_horrida,"Flowers monoecious , grouped in panicles axillary and interlayer compounds (length: 0.7 to 1.5 m).",true,wild_species_treatment,Codex source-backed line-by-line evidence audit,2026-08-12T16:10:00Z,accepted: exact species-page identity; quote directly supports the trait and reviewed state; provenance complete; no named cultivar transfer
palmpedia-72bd5d4775c8cf84ae6b77f8,Oenocarpus bataua,inflorescence_display,raceme_spike_panicle,https://web.archive.org/web/20200124143047id_/http://www.palmpedia.net:80/wiki/Oenocarpus_bataua,"Flowers collected from another tree, as the two panicles on this tree are unripe.",true,wild_species_treatment,Codex source-backed line-by-line evidence audit,2026-08-12T16:10:00Z,accepted: exact species-page identity; quote directly supports the trait and reviewed state; provenance complete; no named cultivar transfer
palmpedia-8f03377ebda3abc6f945d41c,Oenocarpus bataua,flower_primary_color,yellow_orange,https://web.archive.org/web/20200124143047id_/http://www.palmpedia.net:80/wiki/Oenocarpus_bataua,The flowers are yellow with sepals 2 mm and petals 7 mm long.,true,wild_species_treatment,Codex source-backed line-by-line evidence audit,2026-08-12T16:10:00Z,accepted: exact species-page identity; quote directly supports the trait and reviewed state; provenance complete; no named cultivar transfer
palmpedia-b0ea2f30927dcd9e33fcc48c,Rhopaloblaste elegans,flower_size_class,small,https://web.archive.org/web/20210301164940id_/http://palmpedia.net/wiki/Rhopaloblaste_elegans,"Staminate flower slightly assymmetric, 6 - 7 mm long, 4 - 4.5 mm in diam.",true,wild_species_treatment,Codex source-backed line-by-line evidence audit,2026-08-12T16:10:00Z,accepted: exact species-page identity; quote directly supports the trait and reviewed state; provenance complete; no named cultivar transfer
palmpedia-bf609c82d6bda409c2cacc1b,Rhopaloblaste elegans,flower_size_class,small,https://web.archive.org/web/20210301164940id_/http://palmpedia.net/wiki/Rhopaloblaste_elegans,"Pistillate flower 5 - 5.8 mm long, 4 - 4.3 mm in diam.",true,wild_species_treatment,Codex source-backed line-by-line evidence audit,2026-08-12T16:10:00Z,accepted: exact species-page identity; quote directly supports the trait and reviewed state; provenance complete; no named cultivar transfer
palmpedia-c9b1598042e4663f32be246f,Areca tunku,flower_size_class,small,https://web.archive.org/web/20200217205540id_/http://www.palmpedia.net:80/wiki/Areca_tunku,"Staminate flowers terete, about 4-10 x 1.5-2 mm;",true,wild_species_treatment,Codex source-backed line-by-line evidence audit,2026-08-12T16:10:00Z,accepted: exact species-page identity; quote directly supports the trait and reviewed state; provenance complete; no named cultivar transfer
palmpedia-e5bf2494b6031d3d55be8528,Areca tunku,flower_primary_color,white,https://web.archive.org/web/20200217205540id_/http://www.palmpedia.net:80/wiki/Areca_tunku,"Pistillate flowers at anthesis cream-colored, borne on enlarged rachillae;",true,wild_species_treatment,Codex source-backed line-by-line evidence audit,2026-08-12T16:10:00Z,accepted: exact species-page identity; quote directly supports the trait and reviewed state; provenance complete; no named cultivar transfer
palmpedia-322ce58b27efffcf9ee13fed,Salacca wallichiana,inflorescence_display,raceme_spike_panicle,https://web.archive.org/web/20200119124034id_/http://www.palmpedia.net:80/wiki/Salacca_wallichiana,"Male inflorescences about 1 m long, branching into many reddish spadices;",true,wild_species_treatment,Codex source-backed line-by-line evidence audit,2026-08-12T16:10:00Z,accepted: exact species-page identity; quote directly supports the trait and reviewed state; provenance complete; no named cultivar transfer
palmpedia-86bb4eb8a4f14e2183fa3eff,Salacca wallichiana,inflorescence_display,raceme_spike_panicle,https://web.archive.org/web/20200119124034id_/http://www.palmpedia.net:80/wiki/Salacca_wallichiana,"female inflorescences 1-2 m long, with 3-8 reddish spadices, each with staminate and hermaphrodite flowers in 1:1 ratio, both without functional pollen;",true,wild_species_treatment,Codex source-backed line-by-line evidence audit,2026-08-12T16:10:00Z,accepted: exact species-page identity; quote directly supports the trait and reviewed state; provenance complete; no named cultivar transfer
palmpedia-012f5d1b0c0dac458c4a671f,Salacca wallichiana,floral_form,tubular,https://web.archive.org/web/20200119124034id_/http://www.palmpedia.net:80/wiki/Salacca_wallichiana,"staminate flowers with a reddish, tubular corolla and 5 staminodes borne on the corolla throat;",true,wild_species_treatment,Codex source-backed line-by-line evidence audit,2026-08-12T16:10:00Z,accepted: exact species-page identity; quote directly supports the trait and reviewed state; provenance complete; no named cultivar transfer
palmpedia-b9c4208966022bc5f67276e8,Dypsis nodifera,flower_primary_color,red_pink|white,https://web.archive.org/web/20200105120811id_/http://www.palmpedia.net:80/wiki/Dypsis_nodifera,"buds red, flowers white, pink or cher-ry-red.",true,wild_species_treatment,Codex source-backed line-by-line evidence audit,2026-08-12T16:10:00Z,accepted: exact species-page identity; quote directly supports the trait and reviewed state; provenance complete; no named cultivar transfer
palmpedia-5a5c056d32a72fc07ce95889,Dypsis nodifera,flower_primary_color,red_pink|white,https://web.archive.org/web/20200105120811id_/http://www.palmpedia.net:80/wiki/Dypsis_nodifera,"petals red, with fleshy apex, 0.8-1.6 x 1.7-2.3 mm, broadly ovate, rounded with small apiculus;",true,wild_species_treatment,Codex source-backed line-by-line evidence audit,2026-08-12T16:10:00Z,accepted: exact species-page identity; quote directly supports the trait and reviewed state; provenance complete; no named cultivar transfer
palmpedia-5b8e8bd9752bb9fa7726ab16,Dypsis nodifera,flower_primary_color,red_pink|white,https://web.archive.org/web/20200105120811id_/http://www.palmpedia.net:80/wiki/Dypsis_nodifera,"petals white, elliptical with broad membranous wings, distally fleshy, 1.4-2.2 x 2-2.5 mm;",true,wild_species_treatment,Codex source-backed line-by-line evidence audit,2026-08-12T16:10:00Z,accepted: exact species-page identity; quote directly supports the trait and reviewed state; provenance complete; no named cultivar transfer
palmpedia-cf646fa5b25d451707f6c469,Dypsis forficifolia,flower_size_class,very_small,https://web.archive.org/web/20200130232518id_/http://www.palmpedia.net:80/wiki/Dypsis_forficifolia,FLOWERS about 1 mm in diam.,true,wild_species_treatment,Codex source-backed line-by-line evidence audit,2026-08-12T16:10:00Z,accepted: exact species-page identity; quote directly supports the trait and reviewed state; provenance complete; no named cultivar transfer
palmpedia-dfcd1e67c13ffef8373af24c,Dypsis forficifolia,flower_size_class,very_small,https://web.archive.org/web/20200130232518id_/http://www.palmpedia.net:80/wiki/Dypsis_forficifolia,"FLOWERS about 1 mm in diam., globose;",true,wild_species_treatment,Codex source-backed line-by-line evidence audit,2026-08-12T16:10:00Z,accepted: exact species-page identity; quote directly supports the trait and reviewed state; provenance complete; no named cultivar transfer
palmpedia-abbc8b72368532f57caa6195,Dypsis onilahensis,flower_primary_color,green_brown_inconspicuous|white|yellow_orange,https://web.archive.org/web/20200129185255id_/http://www.palmpedia.net:80/wiki/Dypsis_onilahensis,"FLOWERS creamy green or yellowish, with a sweet or unpleasant smell, with sepals 1.4-2.9 x 1.5-2.8 mm, concave, acute, keeled and gibbous;",true,wild_species_treatment,Codex source-backed line-by-line evidence audit,2026-08-12T16:10:00Z,accepted: exact species-page identity; quote directly supports the trait and reviewed state; provenance complete; no named cultivar transfer
palmpedia-afc5706ac7c5f0c76eaf2ef4,Dypsis fasciculata,flower_size_class,very_small,https://web.archive.org/web/20200105115023id_/http://www.palmpedia.net:80/wiki/Dypsis_fasciculata,FLOWERS about 2.5 x 1.9 mm;,true,wild_species_treatment,Codex source-backed line-by-line evidence audit,2026-08-12T16:10:00Z,accepted: exact species-page identity; quote directly supports the trait and reviewed state; provenance complete; no named cultivar transfer
palmpedia-fa23697eeb3b049196b83a8f,Cyrtostachys loriae,flower_size_class,very_small,https://web.archive.org/web/20250516100225id_/https://palmpedia.net/wiki/Cyrtostachys_loriae,Staminate flowers 2.5 – 4 × 2 – 3 mm;,true,wild_species_treatment,Codex source-backed line-by-line evidence audit,2026-08-12T16:10:00Z,accepted: exact species-page identity; quote directly supports the trait and reviewed state; provenance complete; no named cultivar transfer
palmpedia-6b171b044a0c8a2f2b533046,Cyrtostachys loriae,flower_size_class,very_small,https://web.archive.org/web/20250516100225id_/https://palmpedia.net/wiki/Cyrtostachys_loriae,Pistillate flowers 2 – 6 × 2.2 – 5.5 mm;,true,wild_species_treatment,Codex source-backed line-by-line evidence audit,2026-08-12T16:10:00Z,accepted: exact species-page identity; quote directly supports the trait and reviewed state; provenance complete; no named cultivar transfer
palmpedia-0f409d2ce1ce02938591a26d,Pritchardia maideniana,inflorescence_display,raceme_spike_panicle,https://web.archive.org/web/20200219224109id_/http://www.palmpedia.net:80/wiki/Pritchardia_maideniana,"inflorescences composed of 1-5 panicles, shorter than to equaling petioles in flower and fruit, panicles branched to 2 orders, rachillae glabrous;",true,wild_species_treatment,Codex source-backed line-by-line evidence audit,2026-08-12T16:10:00Z,accepted: exact species-page identity; quote directly supports the trait and reviewed state; provenance complete; no named cultivar transfer
palmpedia-982bd37f95cc83debf835315,Pritchardia lowreyana,inflorescence_display,raceme_spike_panicle,https://web.archive.org/web/20200124125716id_/http://www.palmpedia.net:80/wiki/Pritchardia_lowreyana,"inflorescences composed of 1-3 panicles, equaling or exceeding petioles in flower, exceeding petioles or equaling leaf blades in fruit, panicles branched to 2 or 3 orders, rachillae glabrous to clothed with scurfy indumentum in flower, glabrous in fruit or rarely with scurfy indumentum;",true,wild_species_treatment,Codex source-backed line-by-line evidence audit,2026-08-12T16:10:00Z,accepted: exact species-page identity; quote directly supports the trait and reviewed state; provenance complete; no named cultivar transfer
palmpedia-ee94d86b1eb164f60900a21e,Pritchardia minor,inflorescence_display,raceme_spike_panicle,https://web.archive.org/web/20200119154038id_/http://www.palmpedia.net:80/wiki/Pritchardia_minor,"inflorescences composed of 1 or 2 panicles, shorter than petioles in flower and fruit, panicles branched to 2 orders, rachillae permanently clothed with dense, pinkish brown, woolly indumentum;",true,wild_species_treatment,Codex source-backed line-by-line evidence audit,2026-08-12T16:10:00Z,accepted: exact species-page identity; quote directly supports the trait and reviewed state; provenance complete; no named cultivar transfer
palmpedia-f3d91fbaf0de5c6a71fb8fe0,Dypsis lantzeana,flower_size_class,very_small,https://web.archive.org/web/20200130232303id_/http://www.palmpedia.net:80/wiki/Dypsis_lantzeana,"FLOWERS spherical, about 1x 0.85 mm;",true,wild_species_treatment,Codex source-backed line-by-line evidence audit,2026-08-12T16:10:00Z,accepted: exact species-page identity; quote directly supports the trait and reviewed state; provenance complete; no named cultivar transfer
palmpedia-ed1fbd4303374a8360eb5484,Dypsis lantzeana,flower_size_class,very_small,https://web.archive.org/web/20200130232303id_/http://www.palmpedia.net:80/wiki/Dypsis_lantzeana,FLOWERS about 1.2 mm in diam.;,true,wild_species_treatment,Codex source-backed line-by-line evidence audit,2026-08-12T16:10:00Z,accepted: exact species-page identity; quote directly supports the trait and reviewed state; provenance complete; no named cultivar transfer
palmpedia-4ed8373cffb6db2b5677a40b,Dypsis procera,flower_size_class,very_small,https://web.archive.org/web/20200105120119id_/http://www.palmpedia.net:80/wiki/Dypsis_procera,FLOWERS about 2 x 1.3 mm;,true,wild_species_treatment,Codex source-backed line-by-line evidence audit,2026-08-12T16:10:00Z,accepted: exact species-page identity; quote directly supports the trait and reviewed state; provenance complete; no named cultivar transfer
palmpedia-dd73eceb2c5fa1f7f85a668f,Dypsis procera,flower_size_class,very_small,https://web.archive.org/web/20200105120119id_/http://www.palmpedia.net:80/wiki/Dypsis_procera,"FLOWERS in very young bud about 1 mm in diam., rounded;",true,wild_species_treatment,Codex source-backed line-by-line evidence audit,2026-08-12T16:10:00Z,accepted: exact species-page identity; quote directly supports the trait and reviewed state; provenance complete; no named cultivar transfer
palmpedia-9a82e8565f28b2fd936f6a69,Dypsis glabrescens,flower_size_class,very_small,https://web.archive.org/web/20200130232042id_/http://www.palmpedia.net:80/wiki/Dypsis_glabrescens,"PISTILLATE FLOWER bud rounded, about 1 mm in diam.;",true,wild_species_treatment,Codex source-backed line-by-line evidence audit,2026-08-12T16:10:00Z,accepted: exact species-page identity; quote directly supports the trait and reviewed state; provenance complete; no named cultivar transfer
palmpedia-f3e6e5596fc0abd696df0719,Dypsis mocquerysiana,flower_size_class,very_small,https://web.archive.org/web/20200105120113id_/http://www.palmpedia.net:80/wiki/Dypsis_mocquerysiana,FLOWERS about 0.7-1 mm in diam.;,true,wild_species_treatment,Codex source-backed line-by-line evidence audit,2026-08-12T16:10:00Z,accepted: exact species-page identity; quote directly supports the trait and reviewed state; provenance complete; no named cultivar transfer
palmpedia-2b225ef12bfa451d7f9788f8,Dypsis mocquerysiana,flower_size_class,very_small,https://web.archive.org/web/20200105120113id_/http://www.palmpedia.net:80/wiki/Dypsis_mocquerysiana,FLOWERS about 1.5 mm in diam.;,true,wild_species_treatment,Codex source-backed line-by-line evidence audit,2026-08-12T16:10:00Z,accepted: exact species-page identity; quote directly supports the trait and reviewed state; provenance complete; no named cultivar transfer
palmpedia-5c24a716afb2c3668a084417,Licuala ferruginea,flower_primary_color,red_pink,https://web.archive.org/web/20200216004402id_/http://www.palmpedia.net:80/wiki/Licuala_ferruginea,It has a short inflorescence that is covered in rust-colored hairs and has bright pink flowers.,true,wild_species_treatment,Codex source-backed line-by-line evidence audit,2026-08-12T16:10:00Z,accepted: exact species-page identity; quote directly supports the trait and reviewed state; provenance complete; no named cultivar transfer
palmpedia-fb81f1f59e7c2cfed0755b6a,Dypsis corniculata,flower_primary_color,white,https://web.archive.org/web/20200130232549id_/http://www.palmpedia.net:80/wiki/Dypsis_corniculata,"petals white, 2.2-2.5 x 1.2-1.4 mm, on a 0.4 mm high receptacle;",true,wild_species_treatment,Codex source-backed line-by-line evidence audit,2026-08-12T16:10:00Z,accepted: exact species-page identity; quote directly supports the trait and reviewed state; provenance complete; no named cultivar transfer
palmpedia-31627327111022787da8b210,Pritchardia beccariana,inflorescence_display,raceme_spike_panicle,https://web.archive.org/web/20200124084106id_/http://www.palmpedia.net:80/wiki/Pritchardia_beccariana,"inflorescences composed of 2-4 panicles, shorter than or equaling petioles in flower and fruit (infrequently slightly exceeding petioles in fruit), panicles branched to 3 orders, rachillae glabrous to clothed with scurfy indumentum in flower, glabrous in fruit;",true,wild_species_treatment,Codex source-backed line-by-line evidence audit,2026-08-12T16:10:00Z,accepted: exact species-page identity; quote directly supports the trait and reviewed state; provenance complete; no named cultivar transfer
palmpedia-b123be368dc114d7180d6647,Areca jugahpunya,inflorescence_display,few_flowered|solitary,https://web.archive.org/web/20200217205434id_/http://www.palmpedia.net:80/wiki/Areca_jugahpunya,"peduncle very short, about 2 x 2 cm just above the clasping base, bearing about 20 stiff erect rachillae, those at the base forking near the insertion, to 24 x 0.7 cm, deep scarlet when fresh, proximally bearing 2-3 triads about 3 cm distant distally bearing staminate flowers solitary or in pairs about 1-5 cm distant, all ± uniseriate on one side of the rachilla.",true,wild_species_treatment,Codex source-backed line-by-line evidence audit,2026-08-12T16:10:00Z,accepted: exact species-page identity; quote directly supports the trait and reviewed state; provenance complete; no named cultivar transfer
palmpedia-bed537500c82f5de4b5c5296,Areca jugahpunya,flower_primary_color,green_brown_inconspicuous|white,https://web.archive.org/web/20200217205434id_/http://www.palmpedia.net:80/wiki/Areca_jugahpunya,"Staminate flowers green in bud, becoming white after anthesis, relatively very large (perhaps the largest in the genus), about 18 mm long;",true,wild_species_treatment,Codex source-backed line-by-line evidence audit,2026-08-12T16:10:00Z,accepted: exact species-page identity; quote directly supports the trait and reviewed state; provenance complete; no named cultivar transfer
palmpedia-20a482d45fa04c5b4aa622ca,Areca jugahpunya,flower_size_class,small,https://web.archive.org/web/20200217205434id_/http://www.palmpedia.net:80/wiki/Areca_jugahpunya,"Pistillate flower bud about 15 x 7 mm, ± ovoid, subtrigonous;",true,wild_species_treatment,Codex source-backed line-by-line evidence audit,2026-08-12T16:10:00Z,accepted: exact species-page identity; quote directly supports the trait and reviewed state; provenance complete; no named cultivar transfer
palmpedia-9cb1301b04380a7ab103eb94,Brassiophoenix schumannii,flower_primary_color,green_brown_inconspicuous|white|yellow_orange,https://web.archive.org/web/20241214012936id_/https://palmpedia.net/wiki/Brassiophoenix_schumannii,"Flowers cream-colored or yellow-green, glabrous or sparsely punctate;",true,wild_species_treatment,Codex source-backed line-by-line evidence audit,2026-08-12T16:10:00Z,accepted: exact species-page identity; quote directly supports the trait and reviewed state; provenance complete; no named cultivar transfer
palmpedia-d91a1f96b93a23a9885d67f4,Brassiophoenix schumannii,flower_size_class,small,https://web.archive.org/web/20241214012936id_/https://palmpedia.net/wiki/Brassiophoenix_schumannii,staminate flowers 7-9 mm.,true,wild_species_treatment,Codex source-backed line-by-line evidence audit,2026-08-12T16:10:00Z,accepted: exact species-page identity; quote directly supports the trait and reviewed state; provenance complete; no named cultivar transfer
palmpedia-2e0a60aa02ffb0eb2dfc9412,Dypsis mirabilis,flower_primary_color,yellow_orange,https://web.archive.org/web/20200105120806id_/http://www.palmpedia.net:80/wiki/Dypsis_mirabilis,"FLOWERS at anthesis rounded, orange, about 1.8 mm in diam.;",true,wild_species_treatment,Codex source-backed line-by-line evidence audit,2026-08-12T16:10:00Z,accepted: exact species-page identity; quote directly supports the trait and reviewed state; provenance complete; no named cultivar transfer
palmpedia-556ccb754f1f38a048a7623d,Dypsis mirabilis,flower_size_class,very_small,https://web.archive.org/web/20200105120806id_/http://www.palmpedia.net:80/wiki/Dypsis_mirabilis,"FLOWERS at anthesis rounded, orange, about 1.8 mm in diam.;",true,wild_species_treatment,Codex source-backed line-by-line evidence audit,2026-08-12T16:10:00Z,accepted: exact species-page identity; quote directly supports the trait and reviewed state; provenance complete; no named cultivar transfer
palmpedia-2f7c37613be19fa0d4bbacec,Astrocaryum standleyanum,flower_size_class,small,https://web.archive.org/web/20200124124735id_/http://www.palmpedia.net:80/wiki/Astrocaryum_standleyanum,Female flowers 6-8 mm long including stigmas.,true,wild_species_treatment,Codex source-backed line-by-line evidence audit,2026-08-12T16:10:00Z,accepted: exact species-page identity; quote directly supports the trait and reviewed state; provenance complete; no named cultivar transfer
palmpedia-5f3bee189417fbd4493bdf9d,Eugeissona tristis,floral_form,tubular,https://web.archive.org/web/20200121193731id_/http://www.palmpedia.net:80/wiki/Eugeissona_tristis,"petals to 6 cm, tubular at the base, distally split into 3 spine tipped woody petals;",true,wild_species_treatment,Codex source-backed line-by-line evidence audit,2026-08-12T16:10:00Z,accepted: exact species-page identity; quote directly supports the trait and reviewed state; provenance complete; no named cultivar transfer
palmpedia-19a2521ddf49452434acde8b,Dransfieldia micrantha,flower_primary_color,blue_purple,https://web.archive.org/web/20200124142957id_/http://www.palmpedia.net:80/wiki/Dransfieldia_micrantha,"micrantha is monoecious (both male and female flowers are borne on the same plant), and bears small purple flowers, followed by olive-shaped black fruits.",true,wild_species_treatment,Codex source-backed line-by-line evidence audit,2026-08-12T16:10:00Z,accepted: exact species-page identity; quote directly supports the trait and reviewed state; provenance complete; no named cultivar transfer
palmpedia-19620b116be091a5c1725742,Dransfieldia micrantha,flower_size_class,very_small,https://web.archive.org/web/20200124142957id_/http://www.palmpedia.net:80/wiki/Dransfieldia_micrantha,Staminate flowers 4.5–5.5 x 2.2–3.4 mm.,true,wild_species_treatment,Codex source-backed line-by-line evidence audit,2026-08-12T16:10:00Z,accepted: exact species-page identity; quote directly supports the trait and reviewed state; provenance complete; no named cultivar transfer
palmpedia-da700b7758c4d2f27868dd36,Dransfieldia micrantha,flower_size_class,very_small,https://web.archive.org/web/20200124142957id_/http://www.palmpedia.net:80/wiki/Dransfieldia_micrantha,Pistillate flowers 3.8–4.3 x 3.3–3.9 mm.,true,wild_species_treatment,Codex source-backed line-by-line evidence audit,2026-08-12T16:10:00Z,accepted: exact species-page identity; quote directly supports the trait and reviewed state; provenance complete; no named cultivar transfer
palmpedia-7ea12dde42aaea68610a2e3b,Manjekia maturbongsii,flower_size_class,small|very_small,https://web.archive.org/web/20200118131249id_/http://www.palmpedia.net:80/wiki/Manjekia_maturbongsii,"Staminate flower 6.5-8 mm long, 2.5 ?",true,wild_species_treatment,Codex source-backed line-by-line evidence audit,2026-08-12T16:10:00Z,accepted: exact species-page identity; quote directly supports the trait and reviewed state; provenance complete; no named cultivar transfer
palmpedia-80eb60574a9780fda90e7ec4,Manjekia maturbongsii,flower_size_class,small|very_small,https://web.archive.org/web/20200118131249id_/http://www.palmpedia.net:80/wiki/Manjekia_maturbongsii,"Pistillate flower 4.5-5 mm long, c.",true,wild_species_treatment,Codex source-backed line-by-line evidence audit,2026-08-12T16:10:00Z,accepted: exact species-page identity; quote directly supports the trait and reviewed state; provenance complete; no named cultivar transfer
palmpedia-92760e90c04750583f2ec89a,Ptychosperma waitianum,flower_size_class,small,https://web.archive.org/web/20250715174056id_/https://palmpedia.net/wiki/Ptychosperma_waitianum,Flowers densely dark-lepidotel staminate flowers 6-7 mm.,true,wild_species_treatment,Codex source-backed line-by-line evidence audit,2026-08-12T16:10:00Z,accepted: exact species-page identity; quote directly supports the trait and reviewed state; provenance complete; no named cultivar transfer
palmpedia-742a93997f06dda02dfaa48d,Dypsis ampasindavae,flower_primary_color,white,https://web.archive.org/web/20200124143524id_/http://www.palmpedia.net:80/wiki/Dypsis_ampasindavae,FLOWERS cream;,true,wild_species_treatment,Codex source-backed line-by-line evidence audit,2026-08-12T16:10:00Z,accepted: exact species-page identity; quote directly supports the trait and reviewed state; provenance complete; no named cultivar transfer
palmpedia-72704bb18cc28e6de3ec26b0,Maxburretia gracilis,inflorescence_display,few_flowered|solitary,https://web.archive.org/web/20200217170247id_/http://www.palmpedia.net:80/wiki/Maxburretia_gracilis,"Flowers solitary or inserted in groups of 2–3, bisexual, anout 2 x 1.5 mm, stamen filaments fused into a conspicuous about 2.5 mm long tube, shortly adnate to corolla basally, gynoecium about 1 mm long, densely covered by silky hairs.",true,wild_species_treatment,Codex source-backed line-by-line evidence audit,2026-08-12T16:10:00Z,accepted: exact species-page identity; quote directly supports the trait and reviewed state; provenance complete; no named cultivar transfer
palmpedia-9e3c40f48b32d1477f3ade0a,Physokentia insolita,flower_primary_color,white,https://web.archive.org/web/20250619010918id_/https://palmpedia.net/wiki/Physokentia_insolita,"Flowers cream-colored in bud: staminate flowers asymmetric, 5.5-7 mm.",true,wild_species_treatment,Codex source-backed line-by-line evidence audit,2026-08-12T16:10:00Z,accepted: exact species-page identity; quote directly supports the trait and reviewed state; provenance complete; no named cultivar transfer
palmpedia-5cf3d4484e46a1d5f541225b,Physokentia insolita,flower_size_class,small,https://web.archive.org/web/20250619010918id_/https://palmpedia.net/wiki/Physokentia_insolita,"Flowers cream-colored in bud: staminate flowers asymmetric, 5.5-7 mm.",true,wild_species_treatment,Codex source-backed line-by-line evidence audit,2026-08-12T16:10:00Z,accepted: exact species-page identity; quote directly supports the trait and reviewed state; provenance complete; no named cultivar transfer
palmpedia-0702069f4e8219b5f04d6253,Pritchardia munroi,inflorescence_display,raceme_spike_panicle,https://web.archive.org/web/20200124083221id_/http://www.palmpedia.net:80/wiki/Pritchardia_munroi,"inflorescences composed of 1-5 panicles, shorter than petioles in flower and fruit, panicles branched to 2 orders, rachillae permanently clothed with thick, uniform, grayish brown hairs;",true,wild_species_treatment,Codex source-backed line-by-line evidence audit,2026-08-12T16:10:00Z,accepted: exact species-page identity; quote directly supports the trait and reviewed state; provenance complete; no named cultivar transfer
palmpedia-5161a4d74a0c8938f856c637,Wallaceodoxa raja-ampat,flower_size_class,small,https://web.archive.org/web/20200129185445id_/http://www.palmpedia.net:80/wiki/Wallaceodoxa_raja-ampat,"Pistillate flowers 5-6 × 3.5-4 mm near anthesis, cream to light green;",true,wild_species_treatment,Codex source-backed line-by-line evidence audit,2026-08-12T16:10:00Z,accepted: exact species-page identity; quote directly supports the trait and reviewed state; provenance complete; no named cultivar transfer
palmpedia-6d14c1eada8267eeb0afd4ea,Astrocaryum murumuru,floral_form,tubular,https://web.archive.org/web/20200124084316id_/http://www.palmpedia.net:80/wiki/Astrocaryum_murumuru,"corolla of the pistillate flower vase-shaped, or tubular often shallowly contracted at the middle or at the distal third (like a 8), large enough to encompass the proximal part of the stigmas.",true,wild_species_treatment,Codex source-backed line-by-line evidence audit,2026-08-12T16:10:00Z,accepted: exact species-page identity; quote directly supports the trait and reviewed state; provenance complete; no named cultivar transfer
palmpedia-e9445c391d86bc62fea38f2b,Saribus papuanus,inflorescence_display,few_flowered|solitary,https://web.archive.org/web/20200217170833id_/http://www.palmpedia.net:80/wiki/Saribus_papuanus,"Flowers solitary or in clusters of 2-4, ca 1.2 mm long, sessile on superficial pulvinuli, with an inconspicuous bracteole;",true,wild_species_treatment,Codex source-backed line-by-line evidence audit,2026-08-12T16:10:00Z,accepted: exact species-page identity; quote directly supports the trait and reviewed state; provenance complete; no named cultivar transfer
palmpedia-e7b0793ab2bbf02405d3e553,Saribus papuanus,flower_primary_color,yellow_orange,https://web.archive.org/web/20200217170833id_/http://www.palmpedia.net:80/wiki/Saribus_papuanus,"Recent collections from Yapen Is, such as Arisoi HA1 (MAN), have yellow flowers and orange-red fruits.",true,wild_species_treatment,Codex source-backed line-by-line evidence audit,2026-08-12T16:10:00Z,accepted: exact species-page identity; quote directly supports the trait and reviewed state; provenance complete; no named cultivar transfer
palmpedia-b720e16ba94cd13883a79795,Saribus papuanus,flower_primary_color,yellow_orange,https://web.archive.org/web/20200217170833id_/http://www.palmpedia.net:80/wiki/Saribus_papuanus,flowers are yellow;,true,wild_species_treatment,Codex source-backed line-by-line evidence audit,2026-08-12T16:10:00Z,accepted: exact species-page identity; quote directly supports the trait and reviewed state; provenance complete; no named cultivar transfer
palmpedia-d9de05db748ab930c33d2cd1,Dypsis nossibensis,flower_primary_color,blue_purple|white,https://web.archive.org/web/20200105120816id_/http://www.palmpedia.net:80/wiki/Dypsis_nossibensis,"petals purplish white, 4.4-4.5 x 5 mm, fleshy, ovate, slightly acute, inserted on the edge of a fleshy receptacle about 3 mm high and 4 mm in diam.;",true,wild_species_treatment,Codex source-backed line-by-line evidence audit,2026-08-12T16:10:00Z,accepted: exact species-page identity; quote directly supports the trait and reviewed state; provenance complete; no named cultivar transfer
palmpedia-35d2875dc492171408da588f,Dypsis nossibensis,flower_primary_color,blue_purple|white,https://web.archive.org/web/20200105120816id_/http://www.palmpedia.net:80/wiki/Dypsis_nossibensis,"petals purplish white, 7-8.3 x 7 mm, broadly ovate, acute, hooded;",true,wild_species_treatment,Codex source-backed line-by-line evidence audit,2026-08-12T16:10:00Z,accepted: exact species-page identity; quote directly supports the trait and reviewed state; provenance complete; no named cultivar transfer
palmpedia-d37649172844a3e0ae2761dd,Heterospathe barfodii,flower_size_class,very_small,https://web.archive.org/web/20250804225703id_/https://palmpedia.net/wiki/Heterospathe_barfodii,"Staminate flower 2.9-3.7 mm long, 2.7-3.3 mm in diam.",true,wild_species_treatment,Codex source-backed line-by-line evidence audit,2026-08-12T16:10:00Z,accepted: exact species-page identity; quote directly supports the trait and reviewed state; provenance complete; no named cultivar transfer
palmpedia-728eee63629eb963fe7bbd7a,Heterospathe barfodii,flower_size_class,very_small,https://web.archive.org/web/20250804225703id_/https://palmpedia.net/wiki/Heterospathe_barfodii,"Pistillate flower immature, bud about 4.9 mm long, about 2.7 mm in diam., globose-ovoid, deep maroon;",true,wild_species_treatment,Codex source-backed line-by-line evidence audit,2026-08-12T16:10:00Z,accepted: exact species-page identity; quote directly supports the trait and reviewed state; provenance complete; no named cultivar transfer
palmpedia-ead3547a1bf2bfa3d961a853,Ptychosperma schefferi,flower_primary_color,white,https://web.archive.org/web/20200919001432id_/http://palmpedia.net/wiki/Ptychosperma_schefferi,"It has dark green leaves, and a whitish covering on the crownshaft, The flowers are white in color and are followed by a dark purple fruit.",true,wild_species_treatment,Codex source-backed line-by-line evidence audit,2026-08-12T16:10:00Z,accepted: exact species-page identity; quote directly supports the trait and reviewed state; provenance complete; no named cultivar transfer
palmpedia-a5541e17af50a0097d10dd70,Saribus merrillii,inflorescence_display,solitary,https://web.archive.org/web/20200217170828id_/http://www.palmpedia.net:80/wiki/Saribus_merrillii,"Flowers solitary, sessile, 3-4.5 mm long, ovate-acute in bud, on large raised pulvini;",true,wild_species_treatment,Codex source-backed line-by-line evidence audit,2026-08-12T16:10:00Z,accepted: exact species-page identity; quote directly supports the trait and reviewed state; provenance complete; no named cultivar transfer
palmpedia-a85446b167376e0c6fa98ad7,Saribus merrillii,flower_primary_color,yellow_orange,https://web.archive.org/web/20200217170828id_/http://www.palmpedia.net:80/wiki/Saribus_merrillii,flowers are yellow;,true,wild_species_treatment,Codex source-backed line-by-line evidence audit,2026-08-12T16:10:00Z,accepted: exact species-page identity; quote directly supports the trait and reviewed state; provenance complete; no named cultivar transfer
palmpedia-d1a799cd9d1ef9cd87e3a395,Coccothrinax inaguensis,flower_primary_color,yellow_orange,https://web.archive.org/web/20200124124900id_/http://www.palmpedia.net:80/wiki/Coccothrinax_inaguensis,"The outer petals and specialised leaves of the flower are yellow or straw-coloured, and the ovaries are yellowish-green.",true,wild_species_treatment,Codex source-backed line-by-line evidence audit,2026-08-12T16:10:00Z,accepted: exact species-page identity; quote directly supports the trait and reviewed state; provenance complete; no named cultivar transfer
palmpedia-70150686f0688b107102c06c,Cyrtostachys elegans,flower_size_class,very_small,https://web.archive.org/web/20200128062548id_/http://www.palmpedia.net:80/wiki/Cyrtostachys_elegans,"Staminate flowers 2 – 2.5 × 2 – 2.7 mm, asymmetrical;",true,wild_species_treatment,Codex source-backed line-by-line evidence audit,2026-08-12T16:10:00Z,accepted: exact species-page identity; quote directly supports the trait and reviewed state; provenance complete; no named cultivar transfer
palmpedia-b7a437b013015372c7987874,Cyrtostachys elegans,flower_size_class,very_small,https://web.archive.org/web/20200128062548id_/http://www.palmpedia.net:80/wiki/Cyrtostachys_elegans,Pistillate flowers 2 – 5.2 × 1.3 – 4.5 mm;,true,wild_species_treatment,Codex source-backed line-by-line evidence audit,2026-08-12T16:10:00Z,accepted: exact species-page identity; quote directly supports the trait and reviewed state; provenance complete; no named cultivar transfer
palmpedia-05b2c836a76c9185ed464691,Rhopaloblaste augusta,flower_size_class,small|very_small,https://web.archive.org/web/20240914115851id_/https://palmpedia.net/wiki/Rhopaloblaste_augusta,"Staminate flower symmetric, 6 - 6.8 mm long, 4 -4.8 mm in diam.;",true,wild_species_treatment,Codex source-backed line-by-line evidence audit,2026-08-12T16:10:00Z,accepted: exact species-page identity; quote directly supports the trait and reviewed state; provenance complete; no named cultivar transfer
palmpedia-8a76131d7d719dbd02c4104f,Rhopaloblaste augusta,flower_size_class,small|very_small,https://web.archive.org/web/20240914115851id_/https://palmpedia.net/wiki/Rhopaloblaste_augusta,"Pistillate flower 4 - 4.1 mm long, 3.8 - 4 mm diam., borne throughout the rachillae;",true,wild_species_treatment,Codex source-backed line-by-line evidence audit,2026-08-12T16:10:00Z,accepted: exact species-page identity; quote directly supports the trait and reviewed state; provenance complete; no named cultivar transfer
palmpedia-8a29c5231d1c5a83621893c6,Butia eriospatha,flower_size_class,small|very_small,https://web.archive.org/web/20200131122352id_/http://www.palmpedia.net:80/wiki/Butia_eriospatha,"pistillate flowers rounded, 3-5 mm long, 3.5-5 mm in diam.;",true,wild_species_treatment,Codex source-backed line-by-line evidence audit,2026-08-12T16:10:00Z,accepted: exact species-page identity; quote directly supports the trait and reviewed state; provenance complete; no named cultivar transfer
palmpedia-c282fa723a830fb7479d49a9,Butia eriospatha,flower_size_class,small|very_small,https://web.archive.org/web/20200131122352id_/http://www.palmpedia.net:80/wiki/Butia_eriospatha,"staminate flowers 6-8 mm long below, those above 4-5 mm long;",true,wild_species_treatment,Codex source-backed line-by-line evidence audit,2026-08-12T16:10:00Z,accepted: exact species-page identity; quote directly supports the trait and reviewed state; provenance complete; no named cultivar transfer
palmpedia-9afc067e78a74e611368f979,Pritchardia schattaueri,inflorescence_display,raceme_spike_panicle,https://web.archive.org/web/20200124092948id_/http://www.palmpedia.net:80/wiki/Pritchardia_schattaueri,"leaf blade slightly undulate, divided 1/3-2/5, abaxial surface incompletely covered with scattered lepidia, segment tips drooping inflorescences composed of 1-4 panicles, shorter than or about equaling petioles, when in flower, and in fruit, panicles branched to 2 orders, rachillae glabrous;",true,wild_species_treatment,Codex source-backed line-by-line evidence audit,2026-08-12T16:10:00Z,accepted: exact species-page identity; quote directly supports the trait and reviewed state; provenance complete; no named cultivar transfer
palmpedia-eed59e09b94f0bfb1e58152e,Acanthophoenix crinita,flower_size_class,small|very_small,https://web.archive.org/web/20200129185045id_/http://www.palmpedia.net:80/wiki/Acanthophoenix_crinita,"Staminate flowers 12 × 12 mm, ivory white turning to light yellow except pistillode and basal part of filaments pinkcolored;",true,wild_species_treatment,Codex source-backed line-by-line evidence audit,2026-08-12T16:10:00Z,accepted: exact species-page identity; quote directly supports the trait and reviewed state; provenance complete; no named cultivar transfer
palmpedia-2e8ebb453cd3a84e5b3b5e32,Acanthophoenix crinita,flower_primary_color,white,https://web.archive.org/web/20200129185045id_/http://www.palmpedia.net:80/wiki/Acanthophoenix_crinita,"Pistillate flowers ivory-white, globose to subspherical, slightly asymetrical, smaller than staminate flowers 4.5 × 3–4 mm;",true,wild_species_treatment,Codex source-backed line-by-line evidence audit,2026-08-12T16:10:00Z,accepted: exact species-page identity; quote directly supports the trait and reviewed state; provenance complete; no named cultivar transfer
palmpedia-48458061b9f1bbe39bb38361,Acanthophoenix crinita,flower_size_class,small|very_small,https://web.archive.org/web/20200129185045id_/http://www.palmpedia.net:80/wiki/Acanthophoenix_crinita,"Pistillate flowers ivory-white, globose to subspherical, slightly asymetrical, smaller than staminate flowers 4.5 × 3–4 mm;",true,wild_species_treatment,Codex source-backed line-by-line evidence audit,2026-08-12T16:10:00Z,accepted: exact species-page identity; quote directly supports the trait and reviewed state; provenance complete; no named cultivar transfer
palmpedia-e2a2ee91ef6f1721cb250cef,Acanthophoenix crinita,flower_primary_color,green_brown_inconspicuous,https://web.archive.org/web/20200129185045id_/http://www.palmpedia.net:80/wiki/Acanthophoenix_crinita,"Mature fruit black with persistent beige or light brown perianth, ellipsoidal and slightly curved, 15–20 × 8 mm;",false,wild_species_treatment,Codex source-backed line-by-line evidence audit,2026-08-12T16:10:00Z,fruit-stage persistent perianth is not primary flower colour at anthesis
palmpedia-8fa015ad289ca36616e43a9e,Dypsis hildebrandtii,flower_size_class,very_small,https://web.archive.org/web/20200105121222id_/http://www.palmpedia.net:80/wiki/Dypsis_hildebrandtii,"FLOWERS rounded, to 1.2 x 1 mm at anthesis;",true,wild_species_treatment,Codex source-backed line-by-line evidence audit,2026-08-12T16:10:00Z,accepted: exact species-page identity; quote directly supports the trait and reviewed state; provenance complete; no named cultivar transfer
palmpedia-93323761a61d9de71a4f0cdc,Dypsis catatiana,flower_primary_color,green_brown_inconspicuous|yellow_orange,https://web.archive.org/web/20200105120951id_/http://www.palmpedia.net:80/wiki/Dypsis_catatiana,flowers yellow-green.,true,wild_species_treatment,Codex source-backed line-by-line evidence audit,2026-08-12T16:10:00Z,accepted: exact species-page identity; quote directly supports the trait and reviewed state; provenance complete; no named cultivar transfer
palmpedia-5a0024b70abc49a63498543a,Dypsis scottiana,flower_primary_color,green_brown_inconspicuous|white,https://web.archive.org/web/20200128062318id_/http://www.palmpedia.net:80/wiki/Dypsis_scottiana,"rachillae 0.7-6.5 cm long, about 1 mm in diam., sparsely scaly, with distant superficial triads, with green to cream flowers.",true,wild_species_treatment,Codex source-backed line-by-line evidence audit,2026-08-12T16:10:00Z,accepted: exact species-page identity; quote directly supports the trait and reviewed state; provenance complete; no named cultivar transfer
palmpedia-c85dee934f03d81e60af25dd,Dypsis procumbens,flower_primary_color,yellow_orange,https://web.archive.org/web/20200105115835id_/http://www.palmpedia.net:80/wiki/Dypsis_procumbens,"petals orange, connate for 0.5-0.8 mm, free lobes 1.5-2.8 x 1- 2.2 mm;",true,wild_species_treatment,Codex source-backed line-by-line evidence audit,2026-08-12T16:10:00Z,accepted: exact species-page identity; quote directly supports the trait and reviewed state; provenance complete; no named cultivar transfer
palmpedia-ba315fe15d078496d0200a33,Marojejya insignis,flower_primary_color,green_brown_inconspicuous,https://web.archive.org/web/20200111120322id_/http://www.palmpedia.net:80/wiki/Marojejya_insignis,FLOWERS green to creamcoloured;,true,wild_species_treatment,Codex source-backed line-by-line evidence audit,2026-08-12T16:10:00Z,accepted: exact species-page identity; quote directly supports the trait and reviewed state; provenance complete; no named cultivar transfer
palmpedia-234b57a738a19b5533d8e718,Pritchardia martii,inflorescence_display,raceme_spike_panicle,https://web.archive.org/web/20200123051146id_/http://www.palmpedia.net:80/wiki/Pritchardia_martii,"inflorescences composed of 1-4 panicles, shorter than petioles in flower and fruit to exceeding petioles or leaf blades in flower and greatly exceeding leaf blades in fruit, panicles branched to 2 orders, rachillae clothed with dense, felt-like indumentum or glabrous;",true,wild_species_treatment,Codex source-backed line-by-line evidence audit,2026-08-12T16:10:00Z,accepted: exact species-page identity; quote directly supports the trait and reviewed state; provenance complete; no named cultivar transfer
palmpedia-c96f70c354ba431c3edd73af,Sabal antillensis,floral_form,tubular,https://web.archive.org/web/20200121200417id_/http://www.palmpedia.net:80/wiki/Sabal_antillensis,"Flowers sessile, minute, 3.5–5 mm long, calyx green, glabrous, tubular to cupulate, 2.3–3 mm long, 2–2.5 mm wide, petals glabrous, white, obovate, 1.2–1.4 mm long, anthers 1–1.2 mm long, cream white to pale yellow, style 1.4–1.6 mm long, 0.5 mm wide.",false,wild_species_treatment,Codex source-backed line-by-line evidence audit,2026-08-12T16:10:00Z,"tubular statement describes the calyx, not the corolla or whole flower"
palmpedia-04e0d6402152143840715556,Sabal antillensis,flower_size_class,very_small,https://web.archive.org/web/20200121200417id_/http://www.palmpedia.net:80/wiki/Sabal_antillensis,"Flowers sessile, minute, 3.5–5 mm long, calyx green, glabrous, tubular to cupulate, 2.3–3 mm long, 2–2.5 mm wide, petals glabrous, white, obovate, 1.2–1.4 mm long, anthers 1–1.2 mm long, cream white to pale yellow, style 1.4–1.6 mm long, 0.5 mm wide.",true,wild_species_treatment,Codex source-backed line-by-line evidence audit,2026-08-12T16:10:00Z,accepted: exact species-page identity; quote directly supports the trait and reviewed state; provenance complete; no named cultivar transfer
palmpedia-9c85e25854a16205e68acda8,Borassus madagascariensis,flower_size_class,small,https://web.archive.org/web/20200130232533id_/http://www.palmpedia.net:80/wiki/Borassus_madagascariensis,Staminate flowers 0.4 – 0.7 cm.,true,wild_species_treatment,Codex source-backed line-by-line evidence audit,2026-08-12T16:10:00Z,accepted: exact species-page identity; quote directly supports the trait and reviewed state; provenance complete; no named cultivar transfer
palmpedia-403ecf4e31e270a2cbd7a562,Dypsis perrieri,flower_primary_color,white,https://web.archive.org/web/20200105121232id_/http://www.palmpedia.net:80/wiki/Dypsis_perrieri,"FLOWERS cream, with sepals 1.5-3 x 1.6-3.2 mm, the outermost smallest, proximally gibbous, keeled, ovate, rounded, ciliolate;",true,wild_species_treatment,Codex source-backed line-by-line evidence audit,2026-08-12T16:10:00Z,accepted: exact species-page identity; quote directly supports the trait and reviewed state; provenance complete; no named cultivar transfer
palmpedia-31271183a30fbb5bb7b54c18,Dypsis spicata,flower_size_class,very_small,https://web.archive.org/web/20200105121317id_/http://www.palmpedia.net:80/wiki/Dypsis_spicata,FLOWERS about 0.7 mm high;,true,wild_species_treatment,Codex source-backed line-by-line evidence audit,2026-08-12T16:10:00Z,accepted: exact species-page identity; quote directly supports the trait and reviewed state; provenance complete; no named cultivar transfer
palmpedia-2a413d65bff2fec5135826eb,Dypsis spicata,inflorescence_display,raceme_spike_panicle,https://web.archive.org/web/20200105121317id_/http://www.palmpedia.net:80/wiki/Dypsis_spicata,"However, the inflorescence bears a single branch at the base of the spike.",true,wild_species_treatment,Codex source-backed line-by-line evidence audit,2026-08-12T16:10:00Z,accepted: exact species-page identity; quote directly supports the trait and reviewed state; provenance complete; no named cultivar transfer
palmpedia-4f0c0ded52bd099b994317f8,Dypsis thiryana,flower_primary_color,white,https://web.archive.org/web/20200105120631id_/http://www.palmpedia.net:80/wiki/Dypsis_thiryana,"rachillae (2.5-) 6-15 cm long, about 1 mm in diam., glabrous, with distant superficial triads and white flowers.",true,wild_species_treatment,Codex source-backed line-by-line evidence audit,2026-08-12T16:10:00Z,accepted: exact species-page identity; quote directly supports the trait and reviewed state; provenance complete; no named cultivar transfer
palmpedia-9ba9b7a87501e4576e622303,Cyphophoenix alba,flower_size_class,small|very_small,https://web.archive.org/web/20200124142742id_/http://www.palmpedia.net:80/wiki/Cyphophoenix_alba,"Flowers sessile, in horizontal triads of two staminate and a pistillate in the lower half of the rachilla or more, paired or solitary staminate distally, each cluster subtended by a prominent, spreading, rounded bract, bracteoles 3, brown the outer low, rounded, the two inner prominent, sepal-like, to about 3 mm high: staminate flowers smaller than the pistillate, about 3.5 mm long, sepals 3, glabrous broadly imbricate, slightly keeled dorsally, about 2.5 mm high;",true,wild_species_treatment,Codex source-backed line-by-line evidence audit,2026-08-12T16:10:00Z,accepted: exact species-page identity; quote directly supports the trait and reviewed state; provenance complete; no named cultivar transfer
palmpedia-bbc024e8d3e63d84f966f1a1,Cyphophoenix alba,flower_size_class,small|very_small,https://web.archive.org/web/20200124142742id_/http://www.palmpedia.net:80/wiki/Cyphophoenix_alba,"pistillode longer than the stamens in bud, fluted-columnar, expanded into a rounded apex: pistillate flowers in bud 5-6 mm high;",true,wild_species_treatment,Codex source-backed line-by-line evidence audit,2026-08-12T16:10:00Z,accepted: exact species-page identity; quote directly supports the trait and reviewed state; provenance complete; no named cultivar transfer
palmpedia-24348272d4376f7f6a962241,Dypsis utilis,flower_primary_color,blue_purple|red_pink,https://web.archive.org/web/20200123051336id_/http://www.palmpedia.net:80/wiki/Dypsis_utilis,"FLOWERS purplish or reddish at anthesis, with sepals 2-2.2 x 3.5-5 mm, unequal, the outermost smallest, fleshy, hooded;",true,wild_species_treatment,Codex source-backed line-by-line evidence audit,2026-08-12T16:10:00Z,accepted: exact species-page identity; quote directly supports the trait and reviewed state; provenance complete; no named cultivar transfer
palmpedia-2c947a3e517a37bb4c19c300,Dypsis rivularis,flower_primary_color,yellow_orange,https://web.archive.org/web/20200105121252id_/http://www.palmpedia.net:80/wiki/Dypsis_rivularis,"FLOWERS yellow, without discernible scent, with sepals 0.8-1.1 x 1.4-1.8 mm, broadly elliptic, rounded, minutely ciliate;",true,wild_species_treatment,Codex source-backed line-by-line evidence audit,2026-08-12T16:10:00Z,accepted: exact species-page identity; quote directly supports the trait and reviewed state; provenance complete; no named cultivar transfer
palmpedia-abe21278058c49ffe9fddef0,Dypsis oreophila,flower_primary_color,red_pink|white,https://web.archive.org/web/20200105121016id_/http://www.palmpedia.net:80/wiki/Dypsis_oreophila,"flowers cream or reddish, without scent.",true,wild_species_treatment,Codex source-backed line-by-line evidence audit,2026-08-12T16:10:00Z,accepted: exact species-page identity; quote directly supports the trait and reviewed state; provenance complete; no named cultivar transfer
palmpedia-eb4ceb88dc6f29a0f73c27a7,Dypsis crinita,flower_primary_color,blue_purple,https://web.archive.org/web/20200130232142id_/http://www.palmpedia.net:80/wiki/Dypsis_crinita,"petals purplish at anthesis, equal, ovate, acute, about 2.5 x 1.8 mm;",true,wild_species_treatment,Codex source-backed line-by-line evidence audit,2026-08-12T16:10:00Z,accepted: exact species-page identity; quote directly supports the trait and reviewed state; provenance complete; no named cultivar transfer
palmpedia-2df41781113ae25cff7380f1,Copernicia hospita,flower_primary_color,green_brown_inconspicuous,https://web.archive.org/web/20200124130905id_/http://www.palmpedia.net:80/wiki/Copernicia_hospita,"Dainty brown flowers extend, past the leaves on uniquely hairy branches.",true,wild_species_treatment,Codex source-backed line-by-line evidence audit,2026-08-12T16:10:00Z,accepted: exact species-page identity; quote directly supports the trait and reviewed state; provenance complete; no named cultivar transfer
palmpedia-55bb38da2e20d9df9da5c251,Dypsis coriacea,flower_primary_color,white,https://web.archive.org/web/20200105120319id_/http://www.palmpedia.net:80/wiki/Dypsis_coriacea,"petals white, 1.8-2.4 x 1-1.7 mm, striate;",true,wild_species_treatment,Codex source-backed line-by-line evidence audit,2026-08-12T16:10:00Z,accepted: exact species-page identity; quote directly supports the trait and reviewed state; provenance complete; no named cultivar transfer
palmpedia-a04f36da8d69f1780b4fde23,Lemurophoenix halleuxii,flower_size_class,small|very_small,https://web.archive.org/web/20200121193842id_/http://www.palmpedia.net:80/wiki/Lemurophoenix_halleuxii,"Staminate flower-bud pale greenish brown, about 8 x 5 mm, at anthesis the flower with a spread of about 14 mm;",true,wild_species_treatment,Codex source-backed line-by-line evidence audit,2026-08-12T16:10:00Z,accepted: exact species-page identity; quote directly supports the trait and reviewed state; provenance complete; no named cultivar transfer
palmpedia-45b31a20e38f1531a62fd578,Lemurophoenix halleuxii,flower_size_class,small|very_small,https://web.archive.org/web/20200121193842id_/http://www.palmpedia.net:80/wiki/Lemurophoenix_halleuxii,"Pistillate flower in immature bud, about 4-5 mm in diam.;",true,wild_species_treatment,Codex source-backed line-by-line evidence audit,2026-08-12T16:10:00Z,accepted: exact species-page identity; quote directly supports the trait and reviewed state; provenance complete; no named cultivar transfer
palmpedia-bd5e32c3f3b55d676716a0fc,Dypsis thermarum,flower_size_class,very_small,https://web.archive.org/web/20200105120430id_/http://www.palmpedia.net:80/wiki/Dypsis_thermarum,"FLOWERS rounded, about 1.5 mm in diam.;",true,wild_species_treatment,Codex source-backed line-by-line evidence audit,2026-08-12T16:10:00Z,accepted: exact species-page identity; quote directly supports the trait and reviewed state; provenance complete; no named cultivar transfer
palmpedia-71edd21290370134168a65f4,Dypsis thermarum,flower_size_class,very_small,https://web.archive.org/web/20200105120430id_/http://www.palmpedia.net:80/wiki/Dypsis_thermarum,"FLOWERS globular, about 1.3 mm in diam.;",true,wild_species_treatment,Codex source-backed line-by-line evidence audit,2026-08-12T16:10:00Z,accepted: exact species-page identity; quote directly supports the trait and reviewed state; provenance complete; no named cultivar transfer
palmpedia-fda8b2c36a04021ff168a852,Masoala kona,flower_primary_color,yellow_orange,https://web.archive.org/web/20200111115552id_/http://www.palmpedia.net:80/wiki/Masoala_kona,"FLOWERS yellow, the sepals 4.5-5.5 x 2.8-3.8 mm, keeled, acute, with ragged edges;",true,wild_species_treatment,Codex source-backed line-by-line evidence audit,2026-08-12T16:10:00Z,accepted: exact species-page identity; quote directly supports the trait and reviewed state; provenance complete; no named cultivar transfer
palmpedia-424bea1ef03ced7223c9cade,Masoala madagascariensis,flower_primary_color,green_brown_inconspicuous,https://web.archive.org/web/20200111115157id_/http://www.palmpedia.net:80/wiki/Masoala_madagascariensis,"when dried, glabrous or nearly so, with triads in pits, the young flowers green.",true,wild_species_treatment,Codex source-backed line-by-line evidence audit,2026-08-12T16:10:00Z,accepted: exact species-page identity; quote directly supports the trait and reviewed state; provenance complete; no named cultivar transfer
palmpedia-0a48eed39e4a404aba84870c,Saribus jeanneneyi,inflorescence_display,few_flowered|solitary,https://web.archive.org/web/20200121193741id_/http://www.palmpedia.net:80/wiki/Saribus_jeanneneyi,"rachillae short, ± clustered at the ends of second-order branches, bearing rather distant cincinni of 3 flowers basally and solitary flowers distally.",true,wild_species_treatment,Codex source-backed line-by-line evidence audit,2026-08-12T16:10:00Z,accepted: exact species-page identity; quote directly supports the trait and reviewed state; provenance complete; no named cultivar transfer
palmpedia-8cd127ad553ebc9078f365d5,Dypsis minuta,flower_primary_color,white,https://web.archive.org/web/20200105121457id_/http://www.palmpedia.net:80/wiki/Dypsis_minuta,FLOWERS white;,true,wild_species_treatment,Codex source-backed line-by-line evidence audit,2026-08-12T16:10:00Z,accepted: exact species-page identity; quote directly supports the trait and reviewed state; provenance complete; no named cultivar transfer
palmpedia-f8d7c2f0865c2f2834f13a9a,Dypsis pachyramea,flower_size_class,very_small,https://web.archive.org/web/20200105120827id_/http://www.palmpedia.net:80/wiki/Dypsis_pachyramea,"FLOWERS at anthesis about 1.1 mm, spherical;",true,wild_species_treatment,Codex source-backed line-by-line evidence audit,2026-08-12T16:10:00Z,accepted: exact species-page identity; quote directly supports the trait and reviewed state; provenance complete; no named cultivar transfer
palmpedia-79545eec1b80c9db7d702a52,Dypsis pachyramea,flower_size_class,very_small,https://web.archive.org/web/20200105120827id_/http://www.palmpedia.net:80/wiki/Dypsis_pachyramea,"FLOWERS at anthesis 2 x 1.5 mm, briefly stalked;",true,wild_species_treatment,Codex source-backed line-by-line evidence audit,2026-08-12T16:10:00Z,accepted: exact species-page identity; quote directly supports the trait and reviewed state; provenance complete; no named cultivar transfer
palmpedia-190ccccaa09428837db4adb5,Dypsis coursii,flower_primary_color,yellow_orange,https://web.archive.org/web/20200105121212id_/http://www.palmpedia.net:80/wiki/Dypsis_coursii,FLOWERS yellowish;,true,wild_species_treatment,Codex source-backed line-by-line evidence audit,2026-08-12T16:10:00Z,accepted: exact species-page identity; quote directly supports the trait and reviewed state; provenance complete; no named cultivar transfer
palmpedia-febebc66f4dbe46363e0b9c1,Dypsis turkii,flower_size_class,very_small,https://web.archive.org/web/20200105121322id_/http://www.palmpedia.net:80/wiki/Dypsis_turkii,"Staminate flowers globose, about 1.5 mm in diam.;",true,wild_species_treatment,Codex source-backed line-by-line evidence audit,2026-08-12T16:10:00Z,accepted: exact species-page identity; quote directly supports the trait and reviewed state; provenance complete; no named cultivar transfer
palmpedia-fd338fd49fa2d20dc22c58bf,Dypsis turkii,flower_size_class,very_small,https://web.archive.org/web/20200105121322id_/http://www.palmpedia.net:80/wiki/Dypsis_turkii,Pistillate flowers globose 2.5 x 2.5 mm;,true,wild_species_treatment,Codex source-backed line-by-line evidence audit,2026-08-12T16:10:00Z,accepted: exact species-page identity; quote directly supports the trait and reviewed state; provenance complete; no named cultivar transfer
palmpedia-cfb7ec0f006ed283f8a5c36c,Areca rheophytica,flower_size_class,small,https://web.archive.org/web/20200217205519id_/http://www.palmpedia.net:80/wiki/Areca_rheophytica,Pistillate flower (female) at anthesis about 11 x 3 mm tipped with 3 short stigmas.,true,wild_species_treatment,Codex source-backed line-by-line evidence audit,2026-08-12T16:10:00Z,accepted: exact species-page identity; quote directly supports the trait and reviewed state; provenance complete; no named cultivar transfer
palmpedia-fb5992c50e4e17b38f4fef44,Dypsis viridis,flower_size_class,very_small,https://web.archive.org/web/20200105121527id_/http://www.palmpedia.net:80/wiki/Dypsis_viridis,FLOWERS about 1.1 x 1 mm;,true,wild_species_treatment,Codex source-backed line-by-line evidence audit,2026-08-12T16:10:00Z,accepted: exact species-page identity; quote directly supports the trait and reviewed state; provenance complete; no named cultivar transfer
palmpedia-b0f90b336b1b49f7ef392d83,Dypsis viridis,flower_size_class,very_small,https://web.archive.org/web/20200105121527id_/http://www.palmpedia.net:80/wiki/Dypsis_viridis,"FLOWERS known only in immature bud, about 0.8 mm in diam.;",true,wild_species_treatment,Codex source-backed line-by-line evidence audit,2026-08-12T16:10:00Z,accepted: exact species-page identity; quote directly supports the trait and reviewed state; provenance complete; no named cultivar transfer
palmpedia-6b21f3a6047f5e46b32473e3,Dypsis bonsai,flower_primary_color,yellow_orange,https://web.archive.org/web/20200105120526id_/http://www.palmpedia.net:80/wiki/Dypsis_bonsai,"petals orange, 2-2.6 x 1.3-1.5 mm (on an up to 0.6 mm high receptacle);",true,wild_species_treatment,Codex source-backed line-by-line evidence audit,2026-08-12T16:10:00Z,accepted: exact species-page identity; quote directly supports the trait and reviewed state; provenance complete; no named cultivar transfer
palmpedia-a71c18d6b8e3678ca2824bbb,Dypsis brevicaulis,flower_size_class,very_small,https://web.archive.org/web/20200105120946id_/http://www.palmpedia.net:80/wiki/Dypsis_brevicaulis,The individual flowers are up to 3 mm (0.12 in) in diameter.,true,wild_species_treatment,Codex source-backed line-by-line evidence audit,2026-08-12T16:10:00Z,accepted: exact species-page identity; quote directly supports the trait and reviewed state; provenance complete; no named cultivar transfer
palmpedia-cc0683a55bbad2a9d9127513,Dypsis saintelucei,flower_primary_color,yellow_orange,https://web.archive.org/web/20200129185750id_/http://www.palmpedia.net:80/wiki/Dypsis_saintelucei,"petals yellow, connate for 1-1.6 mm.",true,wild_species_treatment,Codex source-backed line-by-line evidence audit,2026-08-12T16:10:00Z,accepted: exact species-page identity; quote directly supports the trait and reviewed state; provenance complete; no named cultivar transfer
palmpedia-51dc1f61a524dc29d4b6ea52,Pritchardia kahukuensis,inflorescence_display,raceme_spike_panicle,https://web.archive.org/web/20200124085823id_/http://www.palmpedia.net:80/wiki/Pritchardia_kahukuensis,"inflorescences composed of one panicle, erect and slightly shorter than leaf blades in flower, arching and about equaling or slightly exceeding leaf blades in fruit, panicle branched to 2(3) orders, rachillae permanently clothed with short, dense reddish brown hairs;",true,wild_species_treatment,Codex source-backed line-by-line evidence audit,2026-08-12T16:10:00Z,accepted: exact species-page identity; quote directly supports the trait and reviewed state; provenance complete; no named cultivar transfer
palmpedia-83b070bad4202d276f5d8079,Pritchardia napaliensis,inflorescence_display,raceme_spike_panicle,https://web.archive.org/web/20200124131642id_/http://www.palmpedia.net:80/wiki/Pritchardia_napaliensis,"inflorescences composed of 1-3 panicles, shorter than to equaling petioles in flower and fruit, panicles branched to 2 (or 3?) orders, rachillae glabrous;",true,wild_species_treatment,Codex source-backed line-by-line evidence audit,2026-08-12T16:10:00Z,accepted: exact species-page identity; quote directly supports the trait and reviewed state; provenance complete; no named cultivar transfer
palmpedia-027518511993ac12b02f8944,Dypsis simianensis,flower_primary_color,white,https://web.archive.org/web/20200105121031id_/http://www.palmpedia.net:80/wiki/Dypsis_simianensis,FLOWERS white;,true,wild_species_treatment,Codex source-backed line-by-line evidence audit,2026-08-12T16:10:00Z,accepted: exact species-page identity; quote directly supports the trait and reviewed state; provenance complete; no named cultivar transfer
palmpedia-d80326f1bee28f684108eef6,Arenga retroflorescens,flower_size_class,small,https://web.archive.org/web/20200124191315id_/http://www.palmpedia.net:80/wiki/Arenga_retroflorescens,staminate flowers 9 mm.,true,wild_species_treatment,Codex source-backed line-by-line evidence audit,2026-08-12T16:10:00Z,accepted: exact species-page identity; quote directly supports the trait and reviewed state; provenance complete; no named cultivar transfer
palmpedia-cdb44554796ac1303518872b,Arenga retroflorescens,inflorescence_display,raceme_spike_panicle,https://web.archive.org/web/20200124191315id_/http://www.palmpedia.net:80/wiki/Arenga_retroflorescens,"wide, stamens about 36, the filaments very short, anthers linear, acute or even apiculate to emarginate at apex: pistillate spike shorter than the staminate but with bracts extended much beyond it, the whole inflorescence including bracts about 35 cm.",true,wild_species_treatment,Codex source-backed line-by-line evidence audit,2026-08-12T16:10:00Z,accepted: exact species-page identity; quote directly supports the trait and reviewed state; provenance complete; no named cultivar transfer
palmpedia-77fc6e18de6d05c188e42b48,Arenga retroflorescens,flower_size_class,small,https://web.archive.org/web/20200124191315id_/http://www.palmpedia.net:80/wiki/Arenga_retroflorescens,"long, nearly or quite enclosed by the black bract fibers: pistillate flowers 10 mm.",true,wild_species_treatment,Codex source-backed line-by-line evidence audit,2026-08-12T16:10:00Z,accepted: exact species-page identity; quote directly supports the trait and reviewed state; provenance complete; no named cultivar transfer
palmpedia-0543289b0e17d4c00269df52,Arenga retroflorescens,flower_size_class,small,https://web.archive.org/web/20200124191315id_/http://www.palmpedia.net:80/wiki/Arenga_retroflorescens,"wide, corolla 10 mm.",true,wild_species_treatment,Codex source-backed line-by-line evidence audit,2026-08-12T16:10:00Z,accepted: exact species-page identity; quote directly supports the trait and reviewed state; provenance complete; no named cultivar transfer
palmpedia-2258b452bf87bba793846e34,Dypsis elegans,flower_primary_color,yellow_orange,https://web.archive.org/web/20200105115954id_/http://www.palmpedia.net:80/wiki/Dypsis_elegans,"FLOWERS yellow in bud, orange at anthesis;",true,wild_species_treatment,Codex source-backed line-by-line evidence audit,2026-08-12T16:10:00Z,accepted: exact species-page identity; quote directly supports the trait and reviewed state; provenance complete; no named cultivar transfer
palmpedia-48ea26587b7d3f78b4761c42,Dypsis lutea,flower_primary_color,yellow_orange,https://web.archive.org/web/20200105121007id_/http://www.palmpedia.net:80/wiki/Dypsis_lutea,"rachillae 4-17 cm, with dense triads and dark yellow flowers.",true,wild_species_treatment,Codex source-backed line-by-line evidence audit,2026-08-12T16:10:00Z,accepted: exact species-page identity; quote directly supports the trait and reviewed state; provenance complete; no named cultivar transfer
palmpedia-17e76be3bae6fb7dffe0cdc7,Dypsis dransfieldii,flower_primary_color,white,https://web.archive.org/web/20200105120329id_/http://www.palmpedia.net:80/wiki/Dypsis_dransfieldii,flowers cream-coloured.,true,wild_species_treatment,Codex source-backed line-by-line evidence audit,2026-08-12T16:10:00Z,accepted: exact species-page identity; quote directly supports the trait and reviewed state; provenance complete; no named cultivar transfer
palmpedia-8581995f6ac0625d4f025cf5,Pritchardia arecina,inflorescence_display,raceme_spike_panicle,https://web.archive.org/web/20200124090143id_/http://www.palmpedia.net:80/wiki/Pritchardia_arecina,"inflorescences composed of 1 or 2 panicles, equaling to exceeding petioles in flower, exceeding petioles or equaling leaf blades in fruit, panicles branched to 2 orders, rachillae permanently clothed with dense, felt-like to nearly woolly indumentum;",true,wild_species_treatment,Codex source-backed line-by-line evidence audit,2026-08-12T16:10:00Z,accepted: exact species-page identity; quote directly supports the trait and reviewed state; provenance complete; no named cultivar transfer
palmpedia-e055238e66702c9a22cc0e21,Sabal domingensis,flower_primary_color,white,https://web.archive.org/web/20200129185405id_/http://www.palmpedia.net:80/wiki/Sabal_domingensis,"Each stalk divides into numerous branches that hold the small, 0.25 in (8 cm) creamy white flowers.",true,wild_species_treatment,Codex source-backed line-by-line evidence audit,2026-08-12T16:10:00Z,accepted: exact species-page identity; quote directly supports the trait and reviewed state; provenance complete; no named cultivar transfer
palmpedia-2bbc18acf60d72fe0d73b211,Dypsis eriostachys,flower_size_class,very_small,https://web.archive.org/web/20200105121442id_/http://www.palmpedia.net:80/wiki/Dypsis_eriostachys,"STAMINATE FLOWER buds pyramidal, 1.6 x 1.1 mm;",true,wild_species_treatment,Codex source-backed line-by-line evidence audit,2026-08-12T16:10:00Z,accepted: exact species-page identity; quote directly supports the trait and reviewed state; provenance complete; no named cultivar transfer
palmpedia-f4a6a2777b4d23e301ad85ab,Dypsis eriostachys,flower_size_class,very_small,https://web.archive.org/web/20200105121442id_/http://www.palmpedia.net:80/wiki/Dypsis_eriostachys,"Immature PISTILLATE FLOWER rounded, about 0.8 mm in diam.",true,wild_species_treatment,Codex source-backed line-by-line evidence audit,2026-08-12T16:10:00Z,accepted: exact species-page identity; quote directly supports the trait and reviewed state; provenance complete; no named cultivar transfer
palmpedia-b83fe075372fcf86478900f2,Pritchardia perlmanii,inflorescence_display,raceme_spike_panicle,https://web.archive.org/web/20200124130945id_/http://www.palmpedia.net:80/wiki/Pritchardia_perlmanii,"inflorescences composed of 1 panicle, shorter than or equaling petioles in flower, equaling petioles to equaling leaf blades in fruit, panicle branched to 2 orders, rachillae glabrous;",true,wild_species_treatment,Codex source-backed line-by-line evidence audit,2026-08-12T16:10:00Z,accepted: exact species-page identity; quote directly supports the trait and reviewed state; provenance complete; no named cultivar transfer
palmpedia-a391b13995db38c411de85f7,Dypsis delicatula,flower_size_class,very_small,https://web.archive.org/web/20200105121217id_/http://www.palmpedia.net:80/wiki/Dypsis_delicatula,Staminate flowers globose about 0.7 mm in diam.;,true,wild_species_treatment,Codex source-backed line-by-line evidence audit,2026-08-12T16:10:00Z,accepted: exact species-page identity; quote directly supports the trait and reviewed state; provenance complete; no named cultivar transfer
palmpedia-de9d62f4c582255044952b3f,Dypsis delicatula,flower_size_class,very_small,https://web.archive.org/web/20200105121217id_/http://www.palmpedia.net:80/wiki/Dypsis_delicatula,"Pistillate flower globose, about 0.7 x 0.7 mm;",true,wild_species_treatment,Codex source-backed line-by-line evidence audit,2026-08-12T16:10:00Z,accepted: exact species-page identity; quote directly supports the trait and reviewed state; provenance complete; no named cultivar transfer
palmpedia-016b3a5cd30ea6b58fa8c680,Dypsis faneva,flower_primary_color,yellow_orange,https://web.archive.org/web/20200105115018id_/http://www.palmpedia.net:80/wiki/Dypsis_faneva,FLOWERS orange in bud;,true,wild_species_treatment,Codex source-backed line-by-line evidence audit,2026-08-12T16:10:00Z,accepted: exact species-page identity; quote directly supports the trait and reviewed state; provenance complete; no named cultivar transfer
palmpedia-f38ba3a7a611df6ffd6b1fac,Copernicia gigas,flower_primary_color,white,https://web.archive.org/web/20200119124053id_/http://www.palmpedia.net:80/wiki/Copernicia_gigas,"Solitary trunk, up to 20 meters, with a diameter up to 50 centimeters, trunk covered by petiole bases on the younger part, smooth and grayish color on the older part, petiole armed with thorns, huge fan leaves green o top, and covered by waxy gray patina underneath, marginally costapalmate, the inflorescence arrises from the crown between the leaves, up to 3 meters long, arched and ramified, stretching out beyond the top and carrying whitish bisexual flowers.",true,wild_species_treatment,Codex source-backed line-by-line evidence audit,2026-08-12T16:10:00Z,accepted: exact species-page identity; quote directly supports the trait and reviewed state; provenance complete; no named cultivar transfer
palmpedia-0561c71235e7ec316d0ca0e7,Dypsis cookei,flower_size_class,very_small,https://web.archive.org/web/20200105120731id_/http://www.palmpedia.net:80/wiki/Dypsis_cookei,STAMINATE FLOWER bud about 0.7 mm in diam.;,true,wild_species_treatment,Codex source-backed line-by-line evidence audit,2026-08-12T16:10:00Z,accepted: exact species-page identity; quote directly supports the trait and reviewed state; provenance complete; no named cultivar transfer
palmpedia-e561062e7bb2d61468257543,Pritchardia kaalae,inflorescence_display,raceme_spike_panicle,https://web.archive.org/web/20200124131301id_/http://www.palmpedia.net:80/wiki/Pritchardia_kaalae,"inflorescences composed of 1-3 panicles, equaling to exceeding leaf blades in flower, exceeding leaf blades in fruit, panicles branched to 2 orders, rachiIlae glabrous;",true,wild_species_treatment,Codex source-backed line-by-line evidence audit,2026-08-12T16:10:00Z,accepted: exact species-page identity; quote directly supports the trait and reviewed state; provenance complete; no named cultivar transfer
palmpedia-2345287cd98ad7d22a031513,Roystonea altissima,flower_primary_color,blue_purple,https://web.archive.org/web/20200224105106id_/http://www.palmpedia.net:80/wiki/Roystonea_altissima,"Staminate flowers violet, darkest at the bases of petals and filaments;",true,wild_species_treatment,Codex source-backed line-by-line evidence audit,2026-08-12T16:10:00Z,accepted: exact species-page identity; quote directly supports the trait and reviewed state; provenance complete; no named cultivar transfer
palmpedia-70c1df4b68f3f38f814af2bf,Roystonea altissima,flower_primary_color,blue_purple,https://web.archive.org/web/20200224105106id_/http://www.palmpedia.net:80/wiki/Roystonea_altissima,"Pistillate flowers violet, 2.5-4 per cm;",true,wild_species_treatment,Codex source-backed line-by-line evidence audit,2026-08-12T16:10:00Z,accepted: exact species-page identity; quote directly supports the trait and reviewed state; provenance complete; no named cultivar transfer
palmpedia-5d846bece104babcbb6cf2a1,Roystonea altissima,flower_primary_color,blue_purple,https://web.archive.org/web/20200224105106id_/http://www.palmpedia.net:80/wiki/Roystonea_altissima,Its dark trunk and violet flowers allies this species with R.,true,wild_species_treatment,Codex source-backed line-by-line evidence audit,2026-08-12T16:10:00Z,accepted: exact species-page identity; quote directly supports the trait and reviewed state; provenance complete; no named cultivar transfer
palmpedia-c1e9ab3ae96abf51dc3ebed0,Borassus heineanus,flower_size_class,medium,https://web.archive.org/web/20240222110846id_/https://palmpedia.net/wiki/Borassus_heineanus,Pistillate flowers 2.5 × 2 cm;,true,wild_species_treatment,Codex source-backed line-by-line evidence audit,2026-08-12T16:10:00Z,accepted: exact species-page identity; quote directly supports the trait and reviewed state; provenance complete; no named cultivar transfer
palmpedia-ce4ce8571563deb1928cfe8f,Dypsis remotiflora,flower_size_class,very_small,https://web.archive.org/web/20200105120410id_/http://www.palmpedia.net:80/wiki/Dypsis_remotiflora,STAMINATE FLOWER about 1.0 x 0.8 mm;,true,wild_species_treatment,Codex source-backed line-by-line evidence audit,2026-08-12T16:10:00Z,accepted: exact species-page identity; quote directly supports the trait and reviewed state; provenance complete; no named cultivar transfer
palmpedia-feac6069a8c34a52587fe382,Dypsis trapezoidea,flower_size_class,very_small,https://web.archive.org/web/20200105121522id_/http://www.palmpedia.net:80/wiki/Dypsis_trapezoidea,"STAMINATE FLOWER buds (still immature) rounded, about 1.2 mm in diam.;",true,wild_species_treatment,Codex source-backed line-by-line evidence audit,2026-08-12T16:10:00Z,accepted: exact species-page identity; quote directly supports the trait and reviewed state; provenance complete; no named cultivar transfer
palmpedia-8ff6de19593bef68bce29183,Roystonea princeps,flower_primary_color,blue_purple,https://web.archive.org/web/20200130232328id_/http://www.palmpedia.net:80/wiki/Roystonea_princeps,the anthers of the male flowers are purplish.,false,wild_species_treatment,Codex source-backed line-by-line evidence audit,2026-08-12T16:10:00Z,anther colour alone is not primary flower colour
palmpedia-2dde6f643e6e195c1f388b5e,Roystonea princeps,flower_primary_color,white,https://web.archive.org/web/20200130232328id_/http://www.palmpedia.net:80/wiki/Roystonea_princeps,Staminate flowers white;,true,wild_species_treatment,Codex source-backed line-by-line evidence audit,2026-08-12T16:10:00Z,accepted: exact species-page identity; quote directly supports the trait and reviewed state; provenance complete; no named cultivar transfer
palmpedia-14c9071ba280984e74593543,Roystonea princeps,flower_primary_color,white,https://web.archive.org/web/20200130232328id_/http://www.palmpedia.net:80/wiki/Roystonea_princeps,"Pistillate flowers white, 2-3.5 per cm;",true,wild_species_treatment,Codex source-backed line-by-line evidence audit,2026-08-12T16:10:00Z,accepted: exact species-page identity; quote directly supports the trait and reviewed state; provenance complete; no named cultivar transfer
palmpedia-f44389d3471cf9607a79a3a9,Zombia antillarum,flower_primary_color,white,https://web.archive.org/web/20200131210606id_/http://www.palmpedia.net:80/wiki/Zombia_antillarum,"In summer, a short clustered stem of tiny white flowers will appear from the crownshaft of each trunk among the fronds.",true,wild_species_treatment,Codex source-backed line-by-line evidence audit,2026-08-12T16:10:00Z,accepted: exact species-page identity; quote directly supports the trait and reviewed state; provenance complete; no named cultivar transfer
palmpedia-3c689c01e2fd75090e239e08,Coccothrinax crinita,flower_primary_color,yellow_orange,https://web.archive.org/web/20200123051536id_/http://www.palmpedia.net:80/wiki/Coccothrinax_crinita,"Flower: dioecious, (male and female flowers on separate plants), yellow flowers.",true,wild_species_treatment,Codex source-backed line-by-line evidence audit,2026-08-12T16:10:00Z,accepted: exact species-page identity; quote directly supports the trait and reviewed state; provenance complete; no named cultivar transfer
palmpedia-663961f48a0104e033d2e91b,Dypsis henrici,flower_size_class,very_small,https://web.archive.org/web/20200105121001id_/http://www.palmpedia.net:80/wiki/Dypsis_henrici,"STAMINATE FLOWER buds pointed, 1.5 x 1 mm;",true,wild_species_treatment,Codex source-backed line-by-line evidence audit,2026-08-12T16:10:00Z,accepted: exact species-page identity; quote directly supports the trait and reviewed state; provenance complete; no named cultivar transfer
palmpedia-07991e14c928ad5f025c3674,Dypsis sanctaemariae,flower_size_class,very_small,https://web.archive.org/web/20200105121021id_/http://www.palmpedia.net:80/wiki/Dypsis_sanctaemariae,"STAMINATE FLOWER buds bluntly pointed, about 2.5 x 1.5 mm;",true,wild_species_treatment,Codex source-backed line-by-line evidence audit,2026-08-12T16:10:00Z,accepted: exact species-page identity; quote directly supports the trait and reviewed state; provenance complete; no named cultivar transfer
palmpedia-6a887c9fd359571de63fbdf8,Dypsis sanctaemariae,flower_size_class,very_small,https://web.archive.org/web/20200105121021id_/http://www.palmpedia.net:80/wiki/Dypsis_sanctaemariae,PISTILLATE FLOWER 4 x 2.5 mm;,true,wild_species_treatment,Codex source-backed line-by-line evidence audit,2026-08-12T16:10:00Z,accepted: exact species-page identity; quote directly supports the trait and reviewed state; provenance complete; no named cultivar transfer
palmpedia-a3a66059fd0a8e82ab08a5e0,Ravenea beentjei,flower_primary_color,yellow_orange,https://web.archive.org/web/20200120200708id_/http://www.palmpedia.net:80/wiki/Ravenea_beentjei,"Staminate flowers yellow, calyx connate for about 0.4 mm, lobes 1.6 -2 ?x 0.8- 1 mm;",true,wild_species_treatment,Codex source-backed line-by-line evidence audit,2026-08-12T16:10:00Z,accepted: exact species-page identity; quote directly supports the trait and reviewed state; provenance complete; no named cultivar transfer
palmpedia-6639596e565d4f5a75613310,Ravenea beentjei,flower_primary_color,yellow_orange,https://web.archive.org/web/20200120200708id_/http://www.palmpedia.net:80/wiki/Ravenea_beentjei,"Pistillate flowers yellow, sepals connate for about 1.6 mm, lobes about 0.8 ?",true,wild_species_treatment,Codex source-backed line-by-line evidence audit,2026-08-12T16:10:00Z,accepted: exact species-page identity; quote directly supports the trait and reviewed state; provenance complete; no named cultivar transfer
palmpedia-0a7cd299f75532b62d032090,Dypsis pustulata,flower_size_class,very_small,https://web.archive.org/web/20200105120831id_/http://www.palmpedia.net:80/wiki/Dypsis_pustulata,"Staminate flowers somewhat globular at anthesis, ± bullet-shaped in bud, about 5 mm long, 5 mm wide;",true,wild_species_treatment,Codex source-backed line-by-line evidence audit,2026-08-12T16:10:00Z,accepted: exact species-page identity; quote directly supports the trait and reviewed state; provenance complete; no named cultivar transfer
palmpedia-d9c89c89ce43768110ae805c,Dypsis pustulata,flower_size_class,very_small,https://web.archive.org/web/20200105120831id_/http://www.palmpedia.net:80/wiki/Dypsis_pustulata,"Immature pistillate flower obovoid, about 3.5 × 2 mm;",true,wild_species_treatment,Codex source-backed line-by-line evidence audit,2026-08-12T16:10:00Z,accepted: exact species-page identity; quote directly supports the trait and reviewed state; provenance complete; no named cultivar transfer
palmpedia-22448a44e9ef1f553b2b2dab,Dypsis pustulata,flower_primary_color,white,https://web.archive.org/web/20200105120831id_/http://www.palmpedia.net:80/wiki/Dypsis_pustulata,"Single-stemmed or clustering palm, distinctive in the presence of irregular pustules on the leaf sheaths, the sigmoid leaflets few in number and grouped, the inflorescence branched to 2 orders with staminate flowers at anthesis globose, with whitish petals and sagittate anthers.",true,wild_species_treatment,Codex source-backed line-by-line evidence audit,2026-08-12T16:10:00Z,accepted: exact species-page identity; quote directly supports the trait and reviewed state; provenance complete; no named cultivar transfer
palmpedia-58a0f2434b2e92f719ec52f0,Pritchardia forbesiana,inflorescence_display,raceme_spike_panicle,https://web.archive.org/web/20200124090514id_/http://www.palmpedia.net:80/wiki/Pritchardia_forbesiana,"inflorescences composed of 1-4 panicles, shorter than to equaling petioles in flower and fruit, panicles branched to 2 orders, rachillae glabrous to clothed with scurfy indumentum in flower, glabrous in fruit;",true,wild_species_treatment,Codex source-backed line-by-line evidence audit,2026-08-12T16:10:00Z,accepted: exact species-page identity; quote directly supports the trait and reviewed state; provenance complete; no named cultivar transfer
palmpedia-fc5c586d3daa901e45a7bb01,Pritchardia waialealeana,inflorescence_display,raceme_spike_panicle,https://web.archive.org/web/20200124124910id_/http://www.palmpedia.net:80/wiki/Pritchardia_waialealeana,"inflorescences composed of 1-3 panicles, shorter than or equaling petioles in flower and fruit, panicles branched to 3 orders, rachillae glabrous;",true,wild_species_treatment,Codex source-backed line-by-line evidence audit,2026-08-12T16:10:00Z,accepted: exact species-page identity; quote directly supports the trait and reviewed state; provenance complete; no named cultivar transfer
palmpedia-36f7569977c191ed7964ed7d,Pritchardia waialealeana,inflorescence_display,raceme_spike_panicle,https://web.archive.org/web/20200124124910id_/http://www.palmpedia.net:80/wiki/Pritchardia_waialealeana,"All three share the undulate leaf blades, incompletely covered abaxially with lepidia, and with drooping segment tips, inflorescences shorter than or equaling the petioles with panicles branched to three orders, glabrous rachillae, and small fruits.",true,wild_species_treatment,Codex source-backed line-by-line evidence audit,2026-08-12T16:10:00Z,accepted: exact species-page identity; quote directly supports the trait and reviewed state; provenance complete; no named cultivar transfer
palmpedia-6dbe2749c682b25dae817c2e,Roystonea violacea,flower_primary_color,blue_purple,https://web.archive.org/web/20200124191414id_/http://www.palmpedia.net:80/wiki/Roystonea_violacea,"Staminate flowers violet, darker toward the base of the petals and filaments;",true,wild_species_treatment,Codex source-backed line-by-line evidence audit,2026-08-12T16:10:00Z,accepted: exact species-page identity; quote directly supports the trait and reviewed state; provenance complete; no named cultivar transfer
palmpedia-f62fa71327520ec99d777d5f,Roystonea violacea,flower_primary_color,blue_purple,https://web.archive.org/web/20200124191414id_/http://www.palmpedia.net:80/wiki/Roystonea_violacea,"Pistillate flowers violet, 2-2.5 per cm.;",true,wild_species_treatment,Codex source-backed line-by-line evidence audit,2026-08-12T16:10:00Z,accepted: exact species-page identity; quote directly supports the trait and reviewed state; provenance complete; no named cultivar transfer
palmpedia-e309c8e6c06ef7cf4bbc2a2d,Dypsis acaulis,flower_size_class,very_small,https://web.archive.org/web/20200126115355id_/http://www.palmpedia.net:80/wiki/Dypsis_acaulis,FLOWERS 0.7 mm high;,true,wild_species_treatment,Codex source-backed line-by-line evidence audit,2026-08-12T16:10:00Z,accepted: exact species-page identity; quote directly supports the trait and reviewed state; provenance complete; no named cultivar transfer
palmpedia-38f8857547f9ab0e0dc98b2d,Dypsis bosseri,flower_size_class,very_small,https://web.archive.org/web/20200105120726id_/http://www.palmpedia.net:80/wiki/Dypsis_bosseri,FLOWERS about 1.5 mm in diam.;,true,wild_species_treatment,Codex source-backed line-by-line evidence audit,2026-08-12T16:10:00Z,accepted: exact species-page identity; quote directly supports the trait and reviewed state; provenance complete; no named cultivar transfer
palmpedia-1467eeb17c2151c983de9c83,Dypsis pulchella,flower_size_class,very_small,https://web.archive.org/web/20200105120400id_/http://www.palmpedia.net:80/wiki/Dypsis_pulchella,STAMINATE FLOWER about 2.5 x 1.5 mm;,true,wild_species_treatment,Codex source-backed line-by-line evidence audit,2026-08-12T16:10:00Z,accepted: exact species-page identity; quote directly supports the trait and reviewed state; provenance complete; no named cultivar transfer
palmpedia-84c0e52a925258d4f533f51c,Dypsis pulchella,flower_size_class,very_small,https://web.archive.org/web/20200105120400id_/http://www.palmpedia.net:80/wiki/Dypsis_pulchella,"PISTILLATE FLOWER bud immature, about 1 mm in diam.",true,wild_species_treatment,Codex source-backed line-by-line evidence audit,2026-08-12T16:10:00Z,accepted: exact species-page identity; quote directly supports the trait and reviewed state; provenance complete; no named cultivar transfer
palmpedia-dc71eaa78e2237e103de4075,Dypsis basilonga,flower_size_class,very_small,https://web.archive.org/web/20200105115012id_/http://www.palmpedia.net:80/wiki/Dypsis_basilonga,Staminate flowers in bud 4 mm long.,true,wild_species_treatment,Codex source-backed line-by-line evidence audit,2026-08-12T16:10:00Z,accepted: exact species-page identity; quote directly supports the trait and reviewed state; provenance complete; no named cultivar transfer
