candidate_id,accepted_species,trait_name,normalized_value,source_url,page_title,exact_supporting_quote,content_fingerprint,accepted_correct,cultivar_status,reviewer,reviewed_at_utc,audit_reason,supporting_quote,source_lineage
gobotany-completion:759d2eb4993d9330fd0c8467,Hibiscus trionum,cleistogamy,absent,https://gobotany.nativeplanttrust.org/species/hibiscus/trionum/,Hibiscus trionum (Venice rose-mallow): Go Botany,Cleistogamous flowers: there are no cleistogamous flowers on the plan,f5c47e8530e21d75b2e5abf8b213271b1fc7c65cd53776fe243aff06234b3a34,True,wild_or_unspecified_species_record,Codex evidence audit,2026-08-11T02:29:33.8112372Z,"Exact sitemap species page; h1 and family match the 106,295-species master; the quoted named characteristic maps directly to the same trait; no snippet, cultivar-only statement, cross-trait proxy or inference.",,
gobotany-completion:174ec4de64492b1062f6a385,Epilobium leptophyllum,cleistogamy,absent,https://gobotany.nativeplanttrust.org/species/epilobium/leptophyllum/,Epilobium leptophyllum (bog willow-herb): Go Botany,Cleistogamous flowers: there are no cleistogamous flowers on the plan,968cff3d391902d08b71917ded6b8bccf3c02f8c0a31c079e6b7c74a9b591118,True,wild_or_unspecified_species_record,Codex evidence audit,2026-08-11T02:29:33.8112372Z,"Exact sitemap species page; h1 and family match the 106,295-species master; the quoted named characteristic maps directly to the same trait; no snippet, cultivar-only statement, cross-trait proxy or inference.",,
gobotany-completion:a1f70ff7a11f539763793e2b,Veronica persica,cleistogamy,absent,https://gobotany.nativeplanttrust.org/species/veronica/persica/,Veronica persica (bird's-eye speedwell): Go Botany,Cleistogamous flowers: there are no cleistogamous flowers on the plan,e8e991a3bd3e5ad68cde8cb4770196a605ca298698fcf8bc7dbbf1fff6bc5118,True,wild_or_unspecified_species_record,Codex evidence audit,2026-08-11T02:29:33.8112372Z,"Exact sitemap species page; h1 and family match the 106,295-species master; the quoted named characteristic maps directly to the same trait; no snippet, cultivar-only statement, cross-trait proxy or inference.",,
gobotany-completion:79b22b5fb722ea7bf395f432,Vicia hirsuta,cleistogamy,absent,https://gobotany.nativeplanttrust.org/species/vicia/hirsuta/,Vicia hirsuta (tiny vetch): Go Botany,Cleistogamous flowers: there are no cleistogamous flowers on the plan,c9dcbe327f1f7c5c8af953d5b41f38e0a9c7faf3deaec0d9592454862e93b410,True,wild_or_unspecified_species_record,Codex evidence audit,2026-08-11T02:29:33.8112372Z,"Exact sitemap species page; h1 and family match the 106,295-species master; the quoted named characteristic maps directly to the same trait; no snippet, cultivar-only statement, cross-trait proxy or inference.",,
gobotany-completion:fbeb7d4f248ee68f320782c0,Campanula persicifolia,cleistogamy,absent,https://gobotany.nativeplanttrust.org/species/campanula/persicifolia/,Campanula persicifolia (peach-leaved bellflower): Go Botany,Cleistogamous flowers: there are no cleistogamous flowers on the plan,55aa09fbe6a1fbe3a0324e0bcfff317d058a42d2aa22ca5b7bafe2bd3be80317,True,wild_or_unspecified_species_record,Codex evidence audit,2026-08-11T02:29:33.8112372Z,"Exact sitemap species page; h1 and family match the 106,295-species master; the quoted named characteristic maps directly to the same trait; no snippet, cultivar-only statement, cross-trait proxy or inference.",,
gobotany-completion:e2513be517f4adc7731d5430,Viola nephrophylla,cleistogamy,absent|facultative,https://gobotany.nativeplanttrust.org/species/viola/nephrophylla/,Viola nephrophylla (northern bog violet): Go Botany,Cleistogamous flowers: the plant has some cleistogamous flower; there are no cleistogamous flowers on the plan,4e9bd6112162a79623651b67f1dc0cf982ff9304c697771e2a2c8b3dc895915e,True,wild_or_unspecified_species_record,Codex evidence audit,2026-08-11T02:29:33.8112372Z,"Exact sitemap species page; h1 and family match the 106,295-species master; the quoted named characteristic maps directly to the same trait; no snippet, cultivar-only statement, cross-trait proxy or inference.",,
gobotany-completion:8428eaa8b4611a3941c32cd6,Veronica officinalis,cleistogamy,absent,https://gobotany.nativeplanttrust.org/species/veronica/officinalis/,Veronica officinalis (common speedwell): Go Botany,Cleistogamous flowers: there are no cleistogamous flowers on the plan,54277bf84a1c35861a58b19f1b4716e697e1df253d7f84fbf7c121cfdcb43ffe,True,wild_or_unspecified_species_record,Codex evidence audit,2026-08-11T02:29:33.8112372Z,"Exact sitemap species page; h1 and family match the 106,295-species master; the quoted named characteristic maps directly to the same trait; no snippet, cultivar-only statement, cross-trait proxy or inference.",,
gobotany-completion:f7c2fb45e0f25f0b4016c60a,Campanula rapunculoides,cleistogamy,absent,https://gobotany.nativeplanttrust.org/species/campanula/rapunculoides/,Campanula rapunculoides (creeping bellflower): Go Botany,Cleistogamous flowers: there are no cleistogamous flowers on the plan,b3f1210d56aa463ff82b32f415ecc5c4e6f334e7911921cf31f368ed61810158,True,wild_or_unspecified_species_record,Codex evidence audit,2026-08-11T02:29:33.8112372Z,"Exact sitemap species page; h1 and family match the 106,295-species master; the quoted named characteristic maps directly to the same trait; no snippet, cultivar-only statement, cross-trait proxy or inference.",,
gobotany-completion:bd70d7b929078be56af726ea,Viola striata,cleistogamy,absent|facultative,https://gobotany.nativeplanttrust.org/species/viola/striata/,Viola striata (striped cream violet): Go Botany,Cleistogamous flowers: the plant has some cleistogamous flower; there are no cleistogamous flowers on the plan,90dcc6f6017947e830bba8e126a1a8588b9904c2bd5f943cca8b1714d1e0425c,True,wild_or_unspecified_species_record,Codex evidence audit,2026-08-11T02:29:33.8112372Z,"Exact sitemap species page; h1 and family match the 106,295-species master; the quoted named characteristic maps directly to the same trait; no snippet, cultivar-only statement, cross-trait proxy or inference.",,
gobotany-completion:9e92fc54a0d791463f09b419,Campanula patula,cleistogamy,absent,https://gobotany.nativeplanttrust.org/species/campanula/patula/,Campanula patula (spreading bellflower): Go Botany,Cleistogamous flowers: there are no cleistogamous flowers on the plan,e2ef3fd53956da6d84b8eaa9624b78374a3f526e862965fcd3a7b691519b6d3c,True,wild_or_unspecified_species_record,Codex evidence audit,2026-08-11T02:29:33.8112372Z,"Exact sitemap species page; h1 and family match the 106,295-species master; the quoted named characteristic maps directly to the same trait; no snippet, cultivar-only statement, cross-trait proxy or inference.",,
gobotany-completion:448e7c50873c4d85d15f0473,Pinguicula vulgaris,cleistogamy,absent,https://gobotany.nativeplanttrust.org/species/pinguicula/vulgaris/,Pinguicula vulgaris (violet butterwort): Go Botany,Cleistogamous flowers: there are no cleistogamous flowers on the plan,f9a5d0585465821178885d407bdb8c88ac0d82d48e7b8ceb9a33c212ca15aae5,True,wild_or_unspecified_species_record,Codex evidence audit,2026-08-11T02:29:33.8112372Z,"Exact sitemap species page; h1 and family match the 106,295-species master; the quoted named characteristic maps directly to the same trait; no snippet, cultivar-only statement, cross-trait proxy or inference.",,
gobotany-completion:9d63f0ca56bdc212f6ce3df2,Amphicarpaea bracteata,cleistogamy,absent|facultative,https://gobotany.nativeplanttrust.org/species/amphicarpaea/bracteata/,Amphicarpaea bracteata (American hog-peanut): Go Botany,Cleistogamous flowers: the plant has some cleistogamous flower; there are no cleistogamous flowers on the plan,a31ee2abfd8e3272657b10bbc4df4d55a41b0c7fcb3e4eb7c939ba061da2187f,True,wild_or_unspecified_species_record,Codex evidence audit,2026-08-11T02:29:33.8112372Z,"Exact sitemap species page; h1 and family match the 106,295-species master; the quoted named characteristic maps directly to the same trait; no snippet, cultivar-only statement, cross-trait proxy or inference.",,
gobotany-completion:e997a32713d35b57c3b4cca1,Ipomoea lacunosa,cleistogamy,absent,https://gobotany.nativeplanttrust.org/species/ipomoea/lacunosa/,Ipomoea lacunosa (white morning-glory): Go Botany,Cleistogamous flowers: there are no cleistogamous flowers on the plan,9239477f7e442a8e7da1f642065f5d1392f46f53d831a4b01a3c5fff9b3145c1,True,wild_or_unspecified_species_record,Codex evidence audit,2026-08-11T02:29:33.8112372Z,"Exact sitemap species page; h1 and family match the 106,295-species master; the quoted named characteristic maps directly to the same trait; no snippet, cultivar-only statement, cross-trait proxy or inference.",,
gobotany-completion:a72183be07c74b295b8fbdce,Oenothera curtiflora,cleistogamy,absent,https://gobotany.nativeplanttrust.org/species/oenothera/curtiflora/,Oenothera curtiflora (small-flowered bee-blossom): Go Botany,Cleistogamous flowers: there are no cleistogamous flowers on the plan,79651cad71684022ecb4c4f5f331a0b61561d9b2f5c2a45b9bc5ad22e741309e,True,wild_or_unspecified_species_record,Codex evidence audit,2026-08-11T02:29:33.8112372Z,"Exact sitemap species page; h1 and family match the 106,295-species master; the quoted named characteristic maps directly to the same trait; no snippet, cultivar-only statement, cross-trait proxy or inference.",,
gobotany-completion:252044b4610601b9ab20d60e,Ipomoea hederacea,cleistogamy,absent,https://gobotany.nativeplanttrust.org/species/ipomoea/hederacea/,Ipomoea hederacea (ivy-leaved morning-glory): Go Botany,Cleistogamous flowers: there are no cleistogamous flowers on the plan,55828147703d338444ba082a85afcbd066bee0f9dccdbe819830b7362ede8b45,True,wild_or_unspecified_species_record,Codex evidence audit,2026-08-11T02:29:33.8112372Z,"Exact sitemap species page; h1 and family match the 106,295-species master; the quoted named characteristic maps directly to the same trait; no snippet, cultivar-only statement, cross-trait proxy or inference.",,
gobotany-completion:0bea8b80099b2467d690d70d,Oenothera filiformis,cleistogamy,absent,https://gobotany.nativeplanttrust.org/species/oenothera/filiformis/,Oenothera filiformis (bee-blossom): Go Botany,Cleistogamous flowers: there are no cleistogamous flowers on the plan,f1320d2262f5d719a39802229be4ee7f0ebc7806d60d996a571109881656222d,True,wild_or_unspecified_species_record,Codex evidence audit,2026-08-11T02:29:33.8112372Z,"Exact sitemap species page; h1 and family match the 106,295-species master; the quoted named characteristic maps directly to the same trait; no snippet, cultivar-only statement, cross-trait proxy or inference.",,
gobotany-completion:d5217577d217571e9699b00f,Leonurus cardiaca,cleistogamy,absent,https://gobotany.nativeplanttrust.org/species/leonurus/cardiaca/,Leonurus cardiaca (motherwort): Go Botany,Cleistogamous flowers: there are no cleistogamous flowers on the plan,2be6f6fd0a0ab7023e5a319e03246eec4e76a2311379637b070f0db6172b844b,True,wild_or_unspecified_species_record,Codex evidence audit,2026-08-11T02:29:33.8112372Z,"Exact sitemap species page; h1 and family match the 106,295-species master; the quoted named characteristic maps directly to the same trait; no snippet, cultivar-only statement, cross-trait proxy or inference.",,
gobotany-completion:a4d08d2a8a34418bcdfabe8b,Brassica rapa,cleistogamy,absent,https://gobotany.nativeplanttrust.org/species/brassica/rapa/,Brassica rapa (rape): Go Botany,Cleistogamous flowers: there are no cleistogamous flowers on the plan,bb7f60fe1974c0cd1eb917a6938a460c678f03cfd8a66a178e44d27cd5114d6c,True,wild_or_unspecified_species_record,Codex evidence audit,2026-08-11T02:29:33.8112372Z,"Exact sitemap species page; h1 and family match the 106,295-species master; the quoted named characteristic maps directly to the same trait; no snippet, cultivar-only statement, cross-trait proxy or inference.",,
gobotany-completion:7e60cc15284946c8498012a4,Abelmoschus esculentus,cleistogamy,absent,https://gobotany.nativeplanttrust.org/species/abelmoschus/esculentus/,Abelmoschus esculentus (okra): Go Botany,Cleistogamous flowers: there are no cleistogamous flowers on the plan,2e62a718aff0856560db53ee87d3ef75466b5697cfc01eea1d47f0e571a49c07,True,wild_or_unspecified_species_record,Codex evidence audit,2026-08-11T02:29:33.8112372Z,"Exact sitemap species page; h1 and family match the 106,295-species master; the quoted named characteristic maps directly to the same trait; no snippet, cultivar-only statement, cross-trait proxy or inference.",,
gobotany-completion:386e3eba464a3b24a599719b,Digitalis lutea,cleistogamy,absent,https://gobotany.nativeplanttrust.org/species/digitalis/lutea/,Digitalis lutea (straw foxglove): Go Botany,Cleistogamous flowers: there are no cleistogamous flowers on the plan,341b0949fb97b859eb4b1f89502a8c40d78acc3a6cce5a35b7a8d8b07970b26a,True,wild_or_unspecified_species_record,Codex evidence audit,2026-08-11T02:29:33.8112372Z,"Exact sitemap species page; h1 and family match the 106,295-species master; the quoted named characteristic maps directly to the same trait; no snippet, cultivar-only statement, cross-trait proxy or inference.",,
gobotany-completion:eff4a3f129738a1de65513f0,Malva verticillata,cleistogamy,absent,https://gobotany.nativeplanttrust.org/species/malva/verticillata/,Malva verticillata (whorled mallow): Go Botany,Cleistogamous flowers: there are no cleistogamous flowers on the plan,02e1daa9fc7b3ccbf51c1c3a47e430994b418f72666d56d0b7eecdebfa932306,True,wild_or_unspecified_species_record,Codex evidence audit,2026-08-11T02:29:33.8112372Z,"Exact sitemap species page; h1 and family match the 106,295-species master; the quoted named characteristic maps directly to the same trait; no snippet, cultivar-only statement, cross-trait proxy or inference.",,
gobotany-completion:66cf6ccc4e9f8e6d5b56af2c,Parietaria judaica,cleistogamy,absent,https://gobotany.nativeplanttrust.org/species/parietaria/judaica/,Parietaria judaica (spreading pellitory): Go Botany,Cleistogamous flowers: there are no cleistogamous flowers on the plan,f14f78beba7d3ba096da15d529bc5354fb46f40ab7956cfdf24a5e48c860de07,True,wild_or_unspecified_species_record,Codex evidence audit,2026-08-11T02:29:33.8112372Z,"Exact sitemap species page; h1 and family match the 106,295-species master; the quoted named characteristic maps directly to the same trait; no snippet, cultivar-only statement, cross-trait proxy or inference.",,
gobotany-completion:63dfa9094b0c390ed1ccb6f5,Oenothera gaura,cleistogamy,absent,https://gobotany.nativeplanttrust.org/species/oenothera/gaura/,Oenothera gaura (biennial bee-blossom): Go Botany,Cleistogamous flowers: there are no cleistogamous flowers on the plan,1f4a29369e83bf32fa08155e65f001db770d2acbab6f23dc1f3e36611162a15f,True,wild_or_unspecified_species_record,Codex evidence audit,2026-08-11T02:29:33.8112372Z,"Exact sitemap species page; h1 and family match the 106,295-species master; the quoted named characteristic maps directly to the same trait; no snippet, cultivar-only statement, cross-trait proxy or inference.",,
gobotany-completion:958bf2dfba762c481b53d951,Amaranthus spinosus,cleistogamy,absent,https://gobotany.nativeplanttrust.org/species/amaranthus/spinosus/,Amaranthus spinosus (spiny amaranth): Go Botany,Cleistogamous flowers: there are no cleistogamous flowers on the plan,0c82fa202f7742ee0f07124426c2ff1508d37b209e8ce333692df80891aad424,True,wild_or_unspecified_species_record,Codex evidence audit,2026-08-11T02:29:33.8112372Z,"Exact sitemap species page; h1 and family match the 106,295-species master; the quoted named characteristic maps directly to the same trait; no snippet, cultivar-only statement, cross-trait proxy or inference.",,
gobotany-completion:69c9ee3f2bd8f1ea344cb2e9,Geum urbanum,cleistogamy,absent,https://gobotany.nativeplanttrust.org/species/geum/urbanum/,Geum urbanum (town avens): Go Botany,Cleistogamous flowers: there are no cleistogamous flowers on the plan,1ee56487f0fe23f8d43f221e147998b1c297dad7a187a8309a1c8d37259bfee7,True,wild_or_unspecified_species_record,Codex evidence audit,2026-08-11T02:29:33.8112372Z,"Exact sitemap species page; h1 and family match the 106,295-species master; the quoted named characteristic maps directly to the same trait; no snippet, cultivar-only statement, cross-trait proxy or inference.",,
gobotany-completion:5e5ad5b45e3f5fe97b2ae7d9,Sabatia angularis,cleistogamy,absent,https://gobotany.nativeplanttrust.org/species/sabatia/angularis/,Sabatia angularis (common rose-gentian): Go Botany,Cleistogamous flowers: there are no cleistogamous flowers on the plan,a8b846d64f81cb76ba5a3e999314072617a9e04058d6536c01285b88fa120a29,True,wild_or_unspecified_species_record,Codex evidence audit,2026-08-11T02:29:33.8112372Z,"Exact sitemap species page; h1 and family match the 106,295-species master; the quoted named characteristic maps directly to the same trait; no snippet, cultivar-only statement, cross-trait proxy or inference.",,
gobotany-completion:1ac0cf43be858a98adc8ab29,Lycopus europaeus,cleistogamy,absent,https://gobotany.nativeplanttrust.org/species/lycopus/europaeus/,Lycopus europaeus (European water-horehound): Go Botany,Cleistogamous flowers: there are no cleistogamous flowers on the plan,c3b29bd28f062775ed06e5ec2be09cf0ed01d75df5f1e7e031c892697eeca25b,True,wild_or_unspecified_species_record,Codex evidence audit,2026-08-11T02:29:33.8112372Z,"Exact sitemap species page; h1 and family match the 106,295-species master; the quoted named characteristic maps directly to the same trait; no snippet, cultivar-only statement, cross-trait proxy or inference.",,
gobotany-completion:77d6d081b809badc7b5f4df7,Ranunculus acris,cleistogamy,absent,https://gobotany.nativeplanttrust.org/species/ranunculus/acris/,"Ranunculus acris (tall buttercup, tall crowfoot): Go Botany",Cleistogamous flowers: there are no cleistogamous flowers on the plan,cdf8d62d9e58eaef7628b9fb881311017443e3b8925aed7ea62a3c8ab52129d3,True,wild_or_unspecified_species_record,Codex evidence audit,2026-08-11T02:29:33.8112372Z,"Exact sitemap species page; h1 and family match the 106,295-species master; the quoted named characteristic maps directly to the same trait; no snippet, cultivar-only statement, cross-trait proxy or inference.",,
gobotany-completion:310830cfdbc3af4a722a7e3c,Euphorbia esula,cleistogamy,absent,https://gobotany.nativeplanttrust.org/species/euphorbia/esula/,Euphorbia esula (leafy spurge): Go Botany,Cleistogamous flowers: there are no cleistogamous flowers on the plan,e0efb19d5d05794834ad5cc3cfd27bff65e7f16fc59c22f60da8a8f2d2cab3df,True,wild_or_unspecified_species_record,Codex evidence audit,2026-08-11T02:29:33.8112372Z,"Exact sitemap species page; h1 and family match the 106,295-species master; the quoted named characteristic maps directly to the same trait; no snippet, cultivar-only statement, cross-trait proxy or inference.",,
gobotany-completion:20c4ef2c55d36704d10392c3,Lythrum salicaria,cleistogamy,absent,https://gobotany.nativeplanttrust.org/species/lythrum/salicaria/,Lythrum salicaria (purple loosestrife): Go Botany,Cleistogamous flowers: there are no cleistogamous flowers on the plan,b697cde2ac507f733bba2f2a9cceaa5dc5ad980cdac4dba76066214de3c38ed0,True,wild_or_unspecified_species_record,Codex evidence audit,2026-08-11T02:29:33.8112372Z,"Exact sitemap species page; h1 and family match the 106,295-species master; the quoted named characteristic maps directly to the same trait; no snippet, cultivar-only statement, cross-trait proxy or inference.",,
gobotany-completion:5927d3e2f34905af2544f88f,Cicer arietinum,cleistogamy,absent,https://gobotany.nativeplanttrust.org/species/cicer/arietinum/,Cicer arietinum (chick-pea): Go Botany,Cleistogamous flowers: there are no cleistogamous flowers on the plan,1508b6ae0d2ebe93f92be2d78f8cc59e7771c92d0bb2ca9abc92ab906c5302ad,True,wild_or_unspecified_species_record,Codex evidence audit,2026-08-11T02:29:33.8112372Z,"Exact sitemap species page; h1 and family match the 106,295-species master; the quoted named characteristic maps directly to the same trait; no snippet, cultivar-only statement, cross-trait proxy or inference.",,
gobotany-completion:58af7f1505b3019771456494,Astragalus canadensis,cleistogamy,absent,https://gobotany.nativeplanttrust.org/species/astragalus/canadensis/,Astragalus canadensis (Canada milk-vetch): Go Botany,Cleistogamous flowers: there are no cleistogamous flowers on the plan,bd15a4bb96f7c258e4ffb1e640249c9f547c3d4a9aafb29b7448e06138d7cbd3,True,wild_or_unspecified_species_record,Codex evidence audit,2026-08-11T02:29:33.8112372Z,"Exact sitemap species page; h1 and family match the 106,295-species master; the quoted named characteristic maps directly to the same trait; no snippet, cultivar-only statement, cross-trait proxy or inference.",,
gobotany-completion:01c657cedb125cfc1f1eff4a,Epilobium hornemannii,cleistogamy,absent,https://gobotany.nativeplanttrust.org/species/epilobium/hornemannii/,Epilobium hornemannii (Hornemann's willow-herb): Go Botany,Cleistogamous flowers: there are no cleistogamous flowers on the plan,afd871f62317555a7c1942d18883ce35ed45af903df4827f538ad16210a3a513,True,wild_or_unspecified_species_record,Codex evidence audit,2026-08-11T02:29:33.8112372Z,"Exact sitemap species page; h1 and family match the 106,295-species master; the quoted named characteristic maps directly to the same trait; no snippet, cultivar-only statement, cross-trait proxy or inference.",,
gobotany-completion:30008946f4165d53841bc7ce,Phytolacca americana,cleistogamy,absent,https://gobotany.nativeplanttrust.org/species/phytolacca/americana/,Phytolacca americana (American pokeweed): Go Botany,Cleistogamous flowers: there are no cleistogamous flowers on the plan,9d651f6b211e658eb3d73782848436941febd6b0f03feb1fd6d350c1deeec1f1,True,wild_or_unspecified_species_record,Codex evidence audit,2026-08-11T02:29:33.8112372Z,"Exact sitemap species page; h1 and family match the 106,295-species master; the quoted named characteristic maps directly to the same trait; no snippet, cultivar-only statement, cross-trait proxy or inference.",,
gobotany-completion:0930f44e3401357d1ab99cf0,Nicotiana quadrivalvis,cleistogamy,absent,https://gobotany.nativeplanttrust.org/species/nicotiana/quadrivalvis/,Nicotiana quadrivalvis (Indian tobacco): Go Botany,Cleistogamous flowers: there are no cleistogamous flowers on the plan,d5839e08650211049445dec6449dd0670e777f5b982f17a9cb246218c3a6e331,True,wild_or_unspecified_species_record,Codex evidence audit,2026-08-11T02:29:33.8112372Z,"Exact sitemap species page; h1 and family match the 106,295-species master; the quoted named characteristic maps directly to the same trait; no snippet, cultivar-only statement, cross-trait proxy or inference.",,
gobotany-completion:5a946ccb1b089298a4f72c55,Silene vulgaris,cleistogamy,absent,https://gobotany.nativeplanttrust.org/species/silene/vulgaris/,Silene vulgaris (bladder campion): Go Botany,Cleistogamous flowers: there are no cleistogamous flowers on the plan,d8607f59a55bed282eed30cf523ee36f4bc6cf4912ff6acf663bc209061607b1,True,wild_or_unspecified_species_record,Codex evidence audit,2026-08-11T02:29:33.8112372Z,"Exact sitemap species page; h1 and family match the 106,295-species master; the quoted named characteristic maps directly to the same trait; no snippet, cultivar-only statement, cross-trait proxy or inference.",,
gobotany-completion:2b6f0bdc63c9694230ca1433,Eschscholzia californica,cleistogamy,absent,https://gobotany.nativeplanttrust.org/species/eschscholzia/californica/,Eschscholzia californica (California-poppy): Go Botany,Cleistogamous flowers: there are no cleistogamous flowers on the plan,c24c2f31dfcdecb5dabed2ed4170cb8ffbd81d6d395a6ffc3ed674d231b5f75f,True,wild_or_unspecified_species_record,Codex evidence audit,2026-08-11T02:29:33.8112372Z,"Exact sitemap species page; h1 and family match the 106,295-species master; the quoted named characteristic maps directly to the same trait; no snippet, cultivar-only statement, cross-trait proxy or inference.",,
gobotany-completion:d96ad22b7739cc9e4c7540e4,Epilobium lactiflorum,cleistogamy,absent,https://gobotany.nativeplanttrust.org/species/epilobium/lactiflorum/,Epilobium lactiflorum (white-flowered willow-herb): Go Botany,Cleistogamous flowers: there are no cleistogamous flowers on the plan,e12512f19488e70af55d845ae8cb3c406f4bfb9ab86eaf3b10355f48e4af5605,True,wild_or_unspecified_species_record,Codex evidence audit,2026-08-11T02:29:33.8112372Z,"Exact sitemap species page; h1 and family match the 106,295-species master; the quoted named characteristic maps directly to the same trait; no snippet, cultivar-only statement, cross-trait proxy or inference.",,
gobotany-completion:45913b29d9d7578ca898c8ea,Ipomoea coccinea,cleistogamy,absent,https://gobotany.nativeplanttrust.org/species/ipomoea/coccinea/,Ipomoea coccinea (red morning-glory): Go Botany,Cleistogamous flowers: there are no cleistogamous flowers on the plan,aaca6043ceceac9805a1e55175f2dc3dcedbfde966da80dd79eda6c732545805,True,wild_or_unspecified_species_record,Codex evidence audit,2026-08-11T02:29:33.8112372Z,"Exact sitemap species page; h1 and family match the 106,295-species master; the quoted named characteristic maps directly to the same trait; no snippet, cultivar-only statement, cross-trait proxy or inference.",,
gobotany-completion:928a937b65c4a7af99c399d7,Mitchella repens,cleistogamy,absent,https://gobotany.nativeplanttrust.org/species/mitchella/repens/,Mitchella repens (partridge-berry): Go Botany,Cleistogamous flowers: there are no cleistogamous flowers on the plan,c1768e271e01b27ebe47bff2232b3295ba9f723e8f2fe28f87e050012868b2ed,True,wild_or_unspecified_species_record,Codex evidence audit,2026-08-11T02:29:33.8112372Z,"Exact sitemap species page; h1 and family match the 106,295-species master; the quoted named characteristic maps directly to the same trait; no snippet, cultivar-only statement, cross-trait proxy or inference.",,
gobotany-completion:c9591839ae726b916ea73962,Mimulus ringens,cleistogamy,absent,https://gobotany.nativeplanttrust.org/species/mimulus/ringens/,Mimulus ringens (Allegheny monkey-flower): Go Botany,Cleistogamous flowers: there are no cleistogamous flowers on the plan,6ef74f2c370396ff8383db254183ba5328b3cec93a4dd260153e820707f12b17,True,wild_or_unspecified_species_record,Codex evidence audit,2026-08-11T02:29:33.8112372Z,"Exact sitemap species page; h1 and family match the 106,295-species master; the quoted named characteristic maps directly to the same trait; no snippet, cultivar-only statement, cross-trait proxy or inference.",,
gobotany-completion:832a38bfcf9f9e5991fb7b01,Silene dioica,cleistogamy,absent,https://gobotany.nativeplanttrust.org/species/silene/dioica/,Silene dioica (red campion): Go Botany,Cleistogamous flowers: there are no cleistogamous flowers on the plan,2692c1502807699e73ab1b2952d16e3a293194362131be42b98c9855f16c9a94,True,wild_or_unspecified_species_record,Codex evidence audit,2026-08-11T02:29:33.8112372Z,"Exact sitemap species page; h1 and family match the 106,295-species master; the quoted named characteristic maps directly to the same trait; no snippet, cultivar-only statement, cross-trait proxy or inference.",,
gobotany-completion:19b0536aa7b3db117a47ca2c,Silene stellata,cleistogamy,absent,https://gobotany.nativeplanttrust.org/species/silene/stellata/,Silene stellata (starry campion): Go Botany,Cleistogamous flowers: there are no cleistogamous flowers on the plan,0e857e696b5f60fae305f59cb9fdf301501687980808b7096f04a8edd362778c,True,wild_or_unspecified_species_record,Codex evidence audit,2026-08-11T02:29:33.8112372Z,"Exact sitemap species page; h1 and family match the 106,295-species master; the quoted named characteristic maps directly to the same trait; no snippet, cultivar-only statement, cross-trait proxy or inference.",,
gobotany-completion:f2b9501b7d39a82bb7b4ea18,Solanum carolinense,cleistogamy,absent,https://gobotany.nativeplanttrust.org/species/solanum/carolinense/,Solanum carolinense (Carolina nightshade): Go Botany,Cleistogamous flowers: there are no cleistogamous flowers on the plan,e01a56e4492abdb3d62b9165cdffc4070c71646c695d94f223aa8e9683ece3ec,True,wild_or_unspecified_species_record,Codex evidence audit,2026-08-11T02:29:33.8112372Z,"Exact sitemap species page; h1 and family match the 106,295-species master; the quoted named characteristic maps directly to the same trait; no snippet, cultivar-only statement, cross-trait proxy or inference.",,
gobotany-completion:cd8439228df76b48ea00f488,Ipomoea pandurata,cleistogamy,absent,https://gobotany.nativeplanttrust.org/species/ipomoea/pandurata/,Ipomoea pandurata (wild sweet potato morning-glory): Go Botany,Cleistogamous flowers: there are no cleistogamous flowers on the plan,d485a1735d0c00466a0e511833a8118d926e2ab36412c44258927a2dc9088202,True,wild_or_unspecified_species_record,Codex evidence audit,2026-08-11T02:29:33.8112372Z,"Exact sitemap species page; h1 and family match the 106,295-species master; the quoted named characteristic maps directly to the same trait; no snippet, cultivar-only statement, cross-trait proxy or inference.",,
gobotany-completion:16fea9ea2f2fe50f07db3f9e,Antirrhinum majus,cleistogamy,absent,https://gobotany.nativeplanttrust.org/species/antirrhinum/majus/,Antirrhinum majus (garden snapdragon): Go Botany,Cleistogamous flowers: there are no cleistogamous flowers on the plan,01d5fa11f2200f4115c8231b10406cfaedd5ff256885dbacd104bf482fc3510d,True,wild_or_unspecified_species_record,Codex evidence audit,2026-08-11T02:29:33.8112372Z,"Exact sitemap species page; h1 and family match the 106,295-species master; the quoted named characteristic maps directly to the same trait; no snippet, cultivar-only statement, cross-trait proxy or inference.",,
gobotany-completion:23d8836dee9b1bcdb93239f5,Crocanthemum propinquum,cleistogamy,facultative,https://gobotany.nativeplanttrust.org/species/crocanthemum/propinquum/,Crocanthemum propinquum (low frostweed): Go Botany,Cleistogamous flowers: the plant has some cleistogamous flower,fe34b922406ba9386a979624006015d21dc5fdfed05b20c1a9a8912bec124dff,True,wild_or_unspecified_species_record,Codex evidence audit,2026-08-11T02:29:33.8112372Z,"Exact sitemap species page; h1 and family match the 106,295-species master; the quoted named characteristic maps directly to the same trait; no snippet, cultivar-only statement, cross-trait proxy or inference.",,
gobotany-completion:3976c70accdf13eaea29aae3,Monotropa uniflora,cleistogamy,absent,https://gobotany.nativeplanttrust.org/species/monotropa/uniflora/,Monotropa uniflora (one-flowered Indian-pipe): Go Botany,Cleistogamous flowers: there are no cleistogamous flowers on the plan,1e9e54a32cbd2a14de90865c20b31523c49ff63c6013fdd55f288b865b356b8e,True,wild_or_unspecified_species_record,Codex evidence audit,2026-08-11T02:29:33.8112372Z,"Exact sitemap species page; h1 and family match the 106,295-species master; the quoted named characteristic maps directly to the same trait; no snippet, cultivar-only statement, cross-trait proxy or inference.",,
gobotany-completion:6507fc9e678f4196eb70fe01,Solanum melongena,cleistogamy,absent,https://gobotany.nativeplanttrust.org/species/solanum/melongena/,Solanum melongena (eggplant): Go Botany,Cleistogamous flowers: there are no cleistogamous flowers on the plan,fe96a26393576b2bb9125167d114e90c7ca69a34aaf100faed963774e3ef8712,True,wild_or_unspecified_species_record,Codex evidence audit,2026-08-11T02:29:33.8112372Z,"Exact sitemap species page; h1 and family match the 106,295-species master; the quoted named characteristic maps directly to the same trait; no snippet, cultivar-only statement, cross-trait proxy or inference.",,
gobotany-completion:f8b437f5f87d41de850439cf,Nicotiana tabacum,cleistogamy,absent,https://gobotany.nativeplanttrust.org/species/nicotiana/tabacum/,Nicotiana tabacum (cultivated tobacco): Go Botany,Cleistogamous flowers: there are no cleistogamous flowers on the plan,aa82d117dd68f5fe1a2d061be6e50006965b0b6c3da0ba5236c112fff7ca84b4,True,wild_or_unspecified_species_record,Codex evidence audit,2026-08-11T02:29:33.8112372Z,"Exact sitemap species page; h1 and family match the 106,295-species master; the quoted named characteristic maps directly to the same trait; no snippet, cultivar-only statement, cross-trait proxy or inference.",,
gobotany-completion:ede9512882b911add94f97ed,Viola renifolia,cleistogamy,absent|facultative,https://gobotany.nativeplanttrust.org/species/viola/renifolia/,Viola renifolia (kidney-leaved violet): Go Botany,Cleistogamous flowers: the plant has some cleistogamous flower; there are no cleistogamous flowers on the plan,753abd36ab7485d4b6d44a5ac694bce78e560c8f7ad8900039fa16e26c6f0866,True,wild_or_unspecified_species_record,Codex evidence audit,2026-08-11T02:29:33.8112372Z,"Exact sitemap species page; h1 and family match the 106,295-species master; the quoted named characteristic maps directly to the same trait; no snippet, cultivar-only statement, cross-trait proxy or inference.",,
gobotany-completion:c26f94bd6cbc47eda83ad2d3,Physalis grisea,cleistogamy,absent,https://gobotany.nativeplanttrust.org/species/physalis/grisea/,Physalis grisea (downy ground-cherry): Go Botany,Cleistogamous flowers: there are no cleistogamous flowers on the plan,789e4e4980a3169479cf9c7db852a882580e5622a79a9307511916e400a3dfd1,True,wild_or_unspecified_species_record,Codex evidence audit,2026-08-11T02:29:33.8112372Z,"Exact sitemap species page; h1 and family match the 106,295-species master; the quoted named characteristic maps directly to the same trait; no snippet, cultivar-only statement, cross-trait proxy or inference.",,
gobotany-completion:7acafa9dac071483629fdc61,Suaeda maritima,cleistogamy,absent,https://gobotany.nativeplanttrust.org/species/suaeda/maritima/,Suaeda maritima (herbaceous sea-blite): Go Botany,Cleistogamous flowers: there are no cleistogamous flowers on the plan,086de857b8d70745753117b2d43915b2f0e5b64785edd2a6ae5bc66545d625fa,True,wild_or_unspecified_species_record,Codex evidence audit,2026-08-11T02:29:33.8112372Z,"Exact sitemap species page; h1 and family match the 106,295-species master; the quoted named characteristic maps directly to the same trait; no snippet, cultivar-only statement, cross-trait proxy or inference.",,
gobotany-completion:917d02f26eae32c9cddcbf9a,Salvia tiliifolia,cleistogamy,absent,https://gobotany.nativeplanttrust.org/species/salvia/tiliifolia/,Salvia tiliifolia (linden-leaved sage): Go Botany,Cleistogamous flowers: there are no cleistogamous flowers on the plan,9dfaeb754bd3befe85dd9f5472b0dcd9116033d83922799700c407b1c1b40137,True,wild_or_unspecified_species_record,Codex evidence audit,2026-08-11T02:29:33.8112372Z,"Exact sitemap species page; h1 and family match the 106,295-species master; the quoted named characteristic maps directly to the same trait; no snippet, cultivar-only statement, cross-trait proxy or inference.",,
gobotany-completion:626eff90edaf2aa949d1451a,Amaranthus cruentus,cleistogamy,absent,https://gobotany.nativeplanttrust.org/species/amaranthus/cruentus/,Amaranthus cruentus (blood amaranth): Go Botany,Cleistogamous flowers: there are no cleistogamous flowers on the plan,ca8c42a9f6170f44d9065313bcf23e0561e2da99ce023f6e45af66c34a519f08,True,wild_or_unspecified_species_record,Codex evidence audit,2026-08-11T02:29:33.8112372Z,"Exact sitemap species page; h1 and family match the 106,295-species master; the quoted named characteristic maps directly to the same trait; no snippet, cultivar-only statement, cross-trait proxy or inference.",,
gobotany-completion:026d9173898b32ad2d0f51cf,Malva sylvestris,cleistogamy,absent,https://gobotany.nativeplanttrust.org/species/malva/sylvestris/,Malva sylvestris (high mallow): Go Botany,Cleistogamous flowers: there are no cleistogamous flowers on the plan,561aed19a3b17bef83c50914bd3979535f791b635713f4a99f65a592faea6fb8,True,wild_or_unspecified_species_record,Codex evidence audit,2026-08-11T02:29:33.8112372Z,"Exact sitemap species page; h1 and family match the 106,295-species master; the quoted named characteristic maps directly to the same trait; no snippet, cultivar-only statement, cross-trait proxy or inference.",,
gobotany-completion:48ca90a0d2b8a58bb8272801,Verbascum thapsus,cleistogamy,absent,https://gobotany.nativeplanttrust.org/species/verbascum/thapsus/,Verbascum thapsus (common mullein): Go Botany,Cleistogamous flowers: there are no cleistogamous flowers on the plan,05792253ebb47aef865fda1780c636e17a02825a2c576869bcc9a4e6dce7e668,True,wild_or_unspecified_species_record,Codex evidence audit,2026-08-11T02:29:33.8112372Z,"Exact sitemap species page; h1 and family match the 106,295-species master; the quoted named characteristic maps directly to the same trait; no snippet, cultivar-only statement, cross-trait proxy or inference.",,
gobotany-completion:77870228dc5e8fadf92a0a08,Apios americana,cleistogamy,absent,https://gobotany.nativeplanttrust.org/species/apios/americana/,Apios americana (common ground-nut): Go Botany,Cleistogamous flowers: there are no cleistogamous flowers on the plan,2f5c5b69125dac3564cff30a8e04bb18e6e453bdfde2cb5f21b089baafe42931,True,wild_or_unspecified_species_record,Codex evidence audit,2026-08-11T02:29:33.8112372Z,"Exact sitemap species page; h1 and family match the 106,295-species master; the quoted named characteristic maps directly to the same trait; no snippet, cultivar-only statement, cross-trait proxy or inference.",,
gobotany-completion:bc4481a47176b42329de1ce8,Datura stramonium,cleistogamy,absent,https://gobotany.nativeplanttrust.org/species/datura/stramonium/,"Datura stramonium (jimsonweed, thorn-apple): Go Botany",Cleistogamous flowers: there are no cleistogamous flowers on the plan,f0ea627af4b525d14670e4d3eab0ee6e9bc5b4229c25aec1a314a6b382d3eec4,True,wild_or_unspecified_species_record,Codex evidence audit,2026-08-11T02:29:33.8112372Z,"Exact sitemap species page; h1 and family match the 106,295-species master; the quoted named characteristic maps directly to the same trait; no snippet, cultivar-only statement, cross-trait proxy or inference.",,
gobotany-completion:c77baa2456298030687657b5,Veronica serpyllifolia,cleistogamy,absent,https://gobotany.nativeplanttrust.org/species/veronica/serpyllifolia/,Veronica serpyllifolia (thyme-leaved speedwell): Go Botany,Cleistogamous flowers: there are no cleistogamous flowers on the plan,776f868cd45a4c669f1273a5930df02e193c8a4757cc8b8835f15ff285b0e728,True,wild_or_unspecified_species_record,Codex evidence audit,2026-08-11T02:29:33.8112372Z,"Exact sitemap species page; h1 and family match the 106,295-species master; the quoted named characteristic maps directly to the same trait; no snippet, cultivar-only statement, cross-trait proxy or inference.",,
gobotany-completion:5c2679486043beca2b25f31f,Saponaria officinalis,cleistogamy,absent,https://gobotany.nativeplanttrust.org/species/saponaria/officinalis/,Saponaria officinalis (common soapwort): Go Botany,Cleistogamous flowers: there are no cleistogamous flowers on the plan,3d21276e60d784c00532fdba8a65aec393c17cd309267314bb56d43a808a7520,True,wild_or_unspecified_species_record,Codex evidence audit,2026-08-11T02:29:33.8112372Z,"Exact sitemap species page; h1 and family match the 106,295-species master; the quoted named characteristic maps directly to the same trait; no snippet, cultivar-only statement, cross-trait proxy or inference.",,
gobotany-completion:2c582a8c6c480f92d9923bcb,Valerianella radiata,cleistogamy,absent,https://gobotany.nativeplanttrust.org/species/valerianella/radiata/,Valerianella radiata (beaked corn-salad): Go Botany,Cleistogamous flowers: there are no cleistogamous flowers on the plan,42db28aacd9509df781b8fea565ff7dc424a46684564b319be2582299cd64e32,True,wild_or_unspecified_species_record,Codex evidence audit,2026-08-11T02:29:33.8112372Z,"Exact sitemap species page; h1 and family match the 106,295-species master; the quoted named characteristic maps directly to the same trait; no snippet, cultivar-only statement, cross-trait proxy or inference.",,
gobotany-completion:cd47b748acf3d115f7fa4ee3,Desmodium canadense,cleistogamy,absent,https://gobotany.nativeplanttrust.org/species/desmodium/canadense/,Desmodium canadense (showy tick-trefoil): Go Botany,Cleistogamous flowers: there are no cleistogamous flowers on the plan,db5095791a607170f4a637e64340aa709bd0534e7fc096bb5627224eb9f86522,True,wild_or_unspecified_species_record,Codex evidence audit,2026-08-11T02:29:33.8112372Z,"Exact sitemap species page; h1 and family match the 106,295-species master; the quoted named characteristic maps directly to the same trait; no snippet, cultivar-only statement, cross-trait proxy or inference.",,
gobotany-completion:cd71c53790b8f4e5a7cd7494,Echium vulgare,cleistogamy,absent,https://gobotany.nativeplanttrust.org/species/echium/vulgare/,Echium vulgare (common viper's-bugloss): Go Botany,Cleistogamous flowers: there are no cleistogamous flowers on the plan,3f22e502decbb5d298ab4a673865a93245a02ca7391263062944d7b23ef0b60a,True,wild_or_unspecified_species_record,Codex evidence audit,2026-08-11T02:29:33.8112372Z,"Exact sitemap species page; h1 and family match the 106,295-species master; the quoted named characteristic maps directly to the same trait; no snippet, cultivar-only statement, cross-trait proxy or inference.",,
gobotany-completion:9ad23e090a5cc187a1c12b3c,Valeriana officinalis,cleistogamy,absent,https://gobotany.nativeplanttrust.org/species/valeriana/officinalis/,Valeriana officinalis (common valerian): Go Botany,Cleistogamous flowers: there are no cleistogamous flowers on the plan,1dca6f33c6f7c92e65bfa6d4bd8ac0811468ccd153540e0af1ebc5ea08ef991f,True,wild_or_unspecified_species_record,Codex evidence audit,2026-08-11T02:29:33.8112372Z,"Exact sitemap species page; h1 and family match the 106,295-species master; the quoted named characteristic maps directly to the same trait; no snippet, cultivar-only statement, cross-trait proxy or inference.",,
gobotany-completion:49ac75ae936de36ed3e122a6,Epilobium hirsutum,cleistogamy,absent,https://gobotany.nativeplanttrust.org/species/epilobium/hirsutum/,Epilobium hirsutum (hairy willow-herb): Go Botany,Cleistogamous flowers: there are no cleistogamous flowers on the plan,502c49402ad2caf59c486fb090ecbfa41154197ab4a3f4bd707673db0eb65f33,True,wild_or_unspecified_species_record,Codex evidence audit,2026-08-11T02:29:33.8112372Z,"Exact sitemap species page; h1 and family match the 106,295-species master; the quoted named characteristic maps directly to the same trait; no snippet, cultivar-only statement, cross-trait proxy or inference.",,
gobotany-completion:5f77c26e418e330079e51c6f,Thymus vulgaris,cleistogamy,absent,https://gobotany.nativeplanttrust.org/species/thymus/vulgaris/,Thymus vulgaris (garden thyme): Go Botany,Cleistogamous flowers: there are no cleistogamous flowers on the plan,fdc086ff380f895d1d408551fc537e53d5a900844bea9142bc12919e91bcd030,True,wild_or_unspecified_species_record,Codex evidence audit,2026-08-11T02:29:33.8112372Z,"Exact sitemap species page; h1 and family match the 106,295-species master; the quoted named characteristic maps directly to the same trait; no snippet, cultivar-only statement, cross-trait proxy or inference.",,
gobotany-completion:aa4dfdbf88b598fa670e25e6,Viola cucullata,cleistogamy,absent|facultative,https://gobotany.nativeplanttrust.org/species/viola/cucullata/,Viola cucullata (blue marsh violet): Go Botany,Cleistogamous flowers: the plant has some cleistogamous flower; there are no cleistogamous flowers on the plan,5e65d52571e09b1ca3b5748d42c8b5e8241edede56cbd5e94404429d2d7aadbf,True,wild_or_unspecified_species_record,Codex evidence audit,2026-08-11T02:29:33.8112372Z,"Exact sitemap species page; h1 and family match the 106,295-species master; the quoted named characteristic maps directly to the same trait; no snippet, cultivar-only statement, cross-trait proxy or inference.",,
gobotany-completion:aacee856fb4e81a9c3abf3b5,Borago officinalis,cleistogamy,absent,https://gobotany.nativeplanttrust.org/species/borago/officinalis/,Borago officinalis (borage): Go Botany,Cleistogamous flowers: there are no cleistogamous flowers on the plan,f5f3a652a345968424d0ae5ad7d58da2ca01cb373e2ba4d68fe7dc9fc8624002,True,wild_or_unspecified_species_record,Codex evidence audit,2026-08-11T02:29:33.8112372Z,"Exact sitemap species page; h1 and family match the 106,295-species master; the quoted named characteristic maps directly to the same trait; no snippet, cultivar-only statement, cross-trait proxy or inference.",,
gobotany-completion:c616cb745592dde434463c5b,Medicago lupulina,cleistogamy,absent,https://gobotany.nativeplanttrust.org/species/medicago/lupulina/,Medicago lupulina (black medick): Go Botany,Cleistogamous flowers: there are no cleistogamous flowers on the plan,5bd3fb409768522253c83a00041187d392d6bdce2016b47f406d496ae82af2eb,True,wild_or_unspecified_species_record,Codex evidence audit,2026-08-11T02:29:33.8112372Z,"Exact sitemap species page; h1 and family match the 106,295-species master; the quoted named characteristic maps directly to the same trait; no snippet, cultivar-only statement, cross-trait proxy or inference.",,
gobotany-completion:ec7016aa9caf9e344e89bf86,Malva moschata,cleistogamy,absent,https://gobotany.nativeplanttrust.org/species/malva/moschata/,Malva moschata (musk mallow): Go Botany,Cleistogamous flowers: there are no cleistogamous flowers on the plan,c0d984bc3b82e5ea6c97b42df56c972a2e904023c98f300af6db0fec7d40e767,True,wild_or_unspecified_species_record,Codex evidence audit,2026-08-11T02:29:33.8112372Z,"Exact sitemap species page; h1 and family match the 106,295-species master; the quoted named characteristic maps directly to the same trait; no snippet, cultivar-only statement, cross-trait proxy or inference.",,
gobotany-completion:46cc69b4d13b5ee6571fb39f,Vicia villosa,cleistogamy,absent,https://gobotany.nativeplanttrust.org/species/vicia/villosa/,Vicia villosa (hairy vetch): Go Botany,Cleistogamous flowers: there are no cleistogamous flowers on the plan,b2a2bec2da6713dbca467c7f8055c2f34017e5d9935e905e4ba4472420f9ea4c,True,wild_or_unspecified_species_record,Codex evidence audit,2026-08-11T02:29:33.8112372Z,"Exact sitemap species page; h1 and family match the 106,295-species master; the quoted named characteristic maps directly to the same trait; no snippet, cultivar-only statement, cross-trait proxy or inference.",,
gobotany-completion:34ebd22cf56e57af9d138713,Monarda fistulosa,cleistogamy,absent,https://gobotany.nativeplanttrust.org/species/monarda/fistulosa/,"Monarda fistulosa (wild bee-balm, wild bergamot): Go Botany",Cleistogamous flowers: there are no cleistogamous flowers on the plan,f73f3ff21f3406d7dbefd9b36b907908f9045dca0c727a14ab17f3f606199c1f,True,wild_or_unspecified_species_record,Codex evidence audit,2026-08-11T02:29:33.8112372Z,"Exact sitemap species page; h1 and family match the 106,295-species master; the quoted named characteristic maps directly to the same trait; no snippet, cultivar-only statement, cross-trait proxy or inference.",,
gobotany-completion:35571993e0601a4821135ced,Malva alcea,cleistogamy,absent,https://gobotany.nativeplanttrust.org/species/malva/alcea/,Malva alcea (vervain mallow): Go Botany,Cleistogamous flowers: there are no cleistogamous flowers on the plan,1eac6bb91cd2c610b80cba7ab7846e296a025793ab31c1fb5a573d5cf669d45d,True,wild_or_unspecified_species_record,Codex evidence audit,2026-08-11T02:29:33.8112372Z,"Exact sitemap species page; h1 and family match the 106,295-species master; the quoted named characteristic maps directly to the same trait; no snippet, cultivar-only statement, cross-trait proxy or inference.",,
gobotany-completion:84f0c15bf5864c2a815f909c,Malvastrum coromandelianum,cleistogamy,absent,https://gobotany.nativeplanttrust.org/species/malvastrum/coromandelianum/,Malvastrum coromandelianum (three-lobed false mallow): Go Botany,Cleistogamous flowers: there are no cleistogamous flowers on the plan,56eb3944e335ee30b538c2be54b49799eb059f663767c0eb7177c4a3540f3e78,True,wild_or_unspecified_species_record,Codex evidence audit,2026-08-11T02:29:33.8112372Z,"Exact sitemap species page; h1 and family match the 106,295-species master; the quoted named characteristic maps directly to the same trait; no snippet, cultivar-only statement, cross-trait proxy or inference.",,
gobotany-completion:5eee65962fa9545838a6702f,Silene csereii,cleistogamy,absent,https://gobotany.nativeplanttrust.org/species/silene/csereii/,Silene csereii (Balkan campion): Go Botany,Cleistogamous flowers: there are no cleistogamous flowers on the plan,3af08f30a7da7925bf0f678a827f7c02a3c9e069bc4f9cda73902d799f98b2b4,True,wild_or_unspecified_species_record,Codex evidence audit,2026-08-11T02:29:33.8112372Z,"Exact sitemap species page; h1 and family match the 106,295-species master; the quoted named characteristic maps directly to the same trait; no snippet, cultivar-only statement, cross-trait proxy or inference.",,
gobotany-completion:6208f3c63a0f9beb1ca87205,Salvia azurea,cleistogamy,absent,https://gobotany.nativeplanttrust.org/species/salvia/azurea/,Salvia azurea (azure-blue sage): Go Botany,Cleistogamous flowers: there are no cleistogamous flowers on the plan,48508a4d148481e14b2fe8f83d9c202cdb9fb62b488971538cd1d3624488a1d2,True,wild_or_unspecified_species_record,Codex evidence audit,2026-08-11T02:29:33.8112372Z,"Exact sitemap species page; h1 and family match the 106,295-species master; the quoted named characteristic maps directly to the same trait; no snippet, cultivar-only statement, cross-trait proxy or inference.",,
gobotany-completion:24c9df89a8c7b252a16d2c92,Datura wrightii,cleistogamy,absent,https://gobotany.nativeplanttrust.org/species/datura/wrightii/,Datura wrightii (sacred thorn-apple): Go Botany,Cleistogamous flowers: there are no cleistogamous flowers on the plan,8de8abc8f8b4ad31ab104224fb6d277393924a1b37b2070f17388ba7696a7402,True,wild_or_unspecified_species_record,Codex evidence audit,2026-08-11T02:29:33.8112372Z,"Exact sitemap species page; h1 and family match the 106,295-species master; the quoted named characteristic maps directly to the same trait; no snippet, cultivar-only statement, cross-trait proxy or inference.",,
gobotany-completion:5b4822aa92d84df488b6c025,Lobelia cardinalis,cleistogamy,absent,https://gobotany.nativeplanttrust.org/species/lobelia/cardinalis/,"Lobelia cardinalis (cardinal-flower, red lobelia): Go Botany",Cleistogamous flowers: there are no cleistogamous flowers on the plan,6f1c2560435a7089b7277fe87f49d8a58df69a977b4a7d71a0cf2b01a48bcd0a,True,wild_or_unspecified_species_record,Codex evidence audit,2026-08-11T02:29:33.8112372Z,"Exact sitemap species page; h1 and family match the 106,295-species master; the quoted named characteristic maps directly to the same trait; no snippet, cultivar-only statement, cross-trait proxy or inference.",,
gobotany-completion:2520798b43da4df766c4c618,Nicandra physalodes,cleistogamy,absent,https://gobotany.nativeplanttrust.org/species/nicandra/physalodes/,Nicandra physalodes (apple-of-Peru): Go Botany,Cleistogamous flowers: there are no cleistogamous flowers on the plan,ee048294e015e9f9d0bb0f4b64e4a30d74b6cf61a78f32c414859937732f20e9,True,wild_or_unspecified_species_record,Codex evidence audit,2026-08-11T02:29:33.8112372Z,"Exact sitemap species page; h1 and family match the 106,295-species master; the quoted named characteristic maps directly to the same trait; no snippet, cultivar-only statement, cross-trait proxy or inference.",,
gobotany-completion:8bae2fc96d6b9a4aab777957,Malva parviflora,cleistogamy,absent,https://gobotany.nativeplanttrust.org/species/malva/parviflora/,Malva parviflora (little mallow): Go Botany,Cleistogamous flowers: there are no cleistogamous flowers on the plan,d2e120b1ed89f3a28466e344b87922539b711010c42366ad2ec3d9fd5133da58,True,wild_or_unspecified_species_record,Codex evidence audit,2026-08-11T02:29:33.8112372Z,"Exact sitemap species page; h1 and family match the 106,295-species master; the quoted named characteristic maps directly to the same trait; no snippet, cultivar-only statement, cross-trait proxy or inference.",,
gobotany-completion:8cf22247fc8ad66ebf1c8eef,Sisymbrium irio,cleistogamy,absent,https://gobotany.nativeplanttrust.org/species/sisymbrium/irio/,Sisymbrium irio (London hedge-mustard): Go Botany,Cleistogamous flowers: there are no cleistogamous flowers on the plan,b374b6c45aabe18640ad000ca8e012a875b9aeb2a6c665e0c26a3c6a41e84685,True,wild_or_unspecified_species_record,Codex evidence audit,2026-08-11T02:29:33.8112372Z,"Exact sitemap species page; h1 and family match the 106,295-species master; the quoted named characteristic maps directly to the same trait; no snippet, cultivar-only statement, cross-trait proxy or inference.",,
gobotany-completion:955a3a63ac22aebebf48d74b,Silene dichotoma,cleistogamy,absent,https://gobotany.nativeplanttrust.org/species/silene/dichotoma/,Silene dichotoma (forked campion): Go Botany,Cleistogamous flowers: there are no cleistogamous flowers on the plan,cdcd6b849c2b410bac879ea8ee4c86a983b21f8b490bee65bbfc8104f9f406fa,True,wild_or_unspecified_species_record,Codex evidence audit,2026-08-11T02:29:33.8112372Z,"Exact sitemap species page; h1 and family match the 106,295-species master; the quoted named characteristic maps directly to the same trait; no snippet, cultivar-only statement, cross-trait proxy or inference.",,
gobotany-completion:9d087915e9a6cd5c74a26197,Campanula rotundifolia,cleistogamy,absent,https://gobotany.nativeplanttrust.org/species/campanula/rotundifolia/,Campanula rotundifolia (Scotch bellflower): Go Botany,Cleistogamous flowers: there are no cleistogamous flowers on the plan,50421feb032fe023a898c9dc8ea5e1bed0c386df140505d645eb4b0ce2e6a418,True,wild_or_unspecified_species_record,Codex evidence audit,2026-08-11T02:29:33.8112372Z,"Exact sitemap species page; h1 and family match the 106,295-species master; the quoted named characteristic maps directly to the same trait; no snippet, cultivar-only statement, cross-trait proxy or inference.",,
gobotany-completion:d8e9a84abfb22449574b22af,Epilobium palustre,cleistogamy,absent,https://gobotany.nativeplanttrust.org/species/epilobium/palustre/,Epilobium palustre (marsh willow-herb): Go Botany,Cleistogamous flowers: there are no cleistogamous flowers on the plan,522b0b7c174c91db6c4b612ac4ff77562a42593a6474015ab5fb4f3b3c4a247e,True,wild_or_unspecified_species_record,Codex evidence audit,2026-08-11T02:29:33.8112372Z,"Exact sitemap species page; h1 and family match the 106,295-species master; the quoted named characteristic maps directly to the same trait; no snippet, cultivar-only statement, cross-trait proxy or inference.",,
gobotany-completion:322577a19d1310312eb93f83,Ipomoea tricolor,cleistogamy,absent,https://gobotany.nativeplanttrust.org/species/ipomoea/tricolor/,Ipomoea tricolor (granny morning-glory): Go Botany,Cleistogamous flowers: there are no cleistogamous flowers on the plan,97accc97943351ca292716dbb7408b56a49749e4387f1436477545948bd6cec6,True,wild_or_unspecified_species_record,Codex evidence audit,2026-08-11T02:29:33.8112372Z,"Exact sitemap species page; h1 and family match the 106,295-species master; the quoted named characteristic maps directly to the same trait; no snippet, cultivar-only statement, cross-trait proxy or inference.",,
gobotany-completion:076c373d724d2451d3e06f24,Campanula punctata,cleistogamy,absent,https://gobotany.nativeplanttrust.org/species/campanula/punctata/,Campanula punctata (spotted bellflower): Go Botany,Cleistogamous flowers: there are no cleistogamous flowers on the plan,f9f5d3370c5d3d1f79c857c127949509dc3dcb4b39b2eeb5d3990fbdcd3ba567,True,wild_or_unspecified_species_record,Codex evidence audit,2026-08-11T02:29:33.8112372Z,"Exact sitemap species page; h1 and family match the 106,295-species master; the quoted named characteristic maps directly to the same trait; no snippet, cultivar-only statement, cross-trait proxy or inference.",,
gobotany-completion:6ea050d9c1b01d17a70e488e,Salvia verticillata,cleistogamy,absent,https://gobotany.nativeplanttrust.org/species/salvia/verticillata/,Salvia verticillata (whorled sage): Go Botany,Cleistogamous flowers: there are no cleistogamous flowers on the plan,57221dd6a18c64e77dba2060f07d84211436db5cce406acefffd903ddce02935,True,wild_or_unspecified_species_record,Codex evidence audit,2026-08-11T02:29:33.8112372Z,"Exact sitemap species page; h1 and family match the 106,295-species master; the quoted named characteristic maps directly to the same trait; no snippet, cultivar-only statement, cross-trait proxy or inference.",,
gobotany-completion:242d854a6c2203e654d31ed2,Silene caroliniana,cleistogamy,absent,https://gobotany.nativeplanttrust.org/species/silene/caroliniana/,Silene caroliniana (wild campion): Go Botany,Cleistogamous flowers: there are no cleistogamous flowers on the plan,ae0c3c6a1f5958de12ad5af361b1f8fa3f813737530f0e71e91c6fe2d73aede1,True,wild_or_unspecified_species_record,Codex evidence audit,2026-08-11T02:29:33.8112372Z,"Exact sitemap species page; h1 and family match the 106,295-species master; the quoted named characteristic maps directly to the same trait; no snippet, cultivar-only statement, cross-trait proxy or inference.",,
gobotany-completion:9785193ef5c8af210394ce36,Senna hebecarpa,cleistogamy,absent,https://gobotany.nativeplanttrust.org/species/senna/hebecarpa/,Senna hebecarpa (northern wild senna): Go Botany,Cleistogamous flowers: there are no cleistogamous flowers on the plan,20c06eac6b78e66c7b6bbd60c83a3d2c944c6f9124d9a089f80d1a1cf4057ab7,True,wild_or_unspecified_species_record,Codex evidence audit,2026-08-11T02:29:33.8112372Z,"Exact sitemap species page; h1 and family match the 106,295-species master; the quoted named characteristic maps directly to the same trait; no snippet, cultivar-only statement, cross-trait proxy or inference.",,
gobotany-completion:3258923d58b8f601c375a5b3,Beta vulgaris,cleistogamy,absent,https://gobotany.nativeplanttrust.org/species/beta/vulgaris/,Beta vulgaris (beet): Go Botany,Cleistogamous flowers: there are no cleistogamous flowers on the plan,d68b14488593e3076c440cc542800a27f714481b91fe2b82faf4759568db00b8,True,wild_or_unspecified_species_record,Codex evidence audit,2026-08-11T02:29:33.8112372Z,"Exact sitemap species page; h1 and family match the 106,295-species master; the quoted named characteristic maps directly to the same trait; no snippet, cultivar-only statement, cross-trait proxy or inference.",,
gobotany-completion:f2479be1434eafa0b3544fa2,Amaranthus retroflexus,cleistogamy,absent,https://gobotany.nativeplanttrust.org/species/amaranthus/retroflexus/,Amaranthus retroflexus (red-rooted amaranth): Go Botany,Cleistogamous flowers: there are no cleistogamous flowers on the plan,49339b8114fa7016f75f075cbcf7fc4253c898db50affbf3fa0250e02e544450,True,wild_or_unspecified_species_record,Codex evidence audit,2026-08-11T02:29:33.8112372Z,"Exact sitemap species page; h1 and family match the 106,295-species master; the quoted named characteristic maps directly to the same trait; no snippet, cultivar-only statement, cross-trait proxy or inference.",,
gobotany-completion:9770b0f00f15521b5ed69e1b,Nicotiana longiflora,cleistogamy,absent,https://gobotany.nativeplanttrust.org/species/nicotiana/longiflora/,Nicotiana longiflora (long-flowered tobacco): Go Botany,Cleistogamous flowers: there are no cleistogamous flowers on the plan,37c83cfd4e51459a8c8ee1e12b532466a7c80d67746cd48d1d6e3f3a429d2794,True,wild_or_unspecified_species_record,Codex evidence audit,2026-08-11T02:29:33.8112372Z,"Exact sitemap species page; h1 and family match the 106,295-species master; the quoted named characteristic maps directly to the same trait; no snippet, cultivar-only statement, cross-trait proxy or inference.",,
gobotany-completion:394c31603c5231b51282bfca,Phlox drummondii,cleistogamy,absent,https://gobotany.nativeplanttrust.org/species/phlox/drummondii/,Phlox drummondii (annual phlox): Go Botany,Cleistogamous flowers: there are no cleistogamous flowers on the plan,58b7f13ce998db5fa1fabc0c8d0bc454f56326cc1b8a33f4bd8f0f15d61c7be3,True,wild_or_unspecified_species_record,Codex evidence audit,2026-08-11T02:29:33.8112372Z,"Exact sitemap species page; h1 and family match the 106,295-species master; the quoted named characteristic maps directly to the same trait; no snippet, cultivar-only statement, cross-trait proxy or inference.",,
gobotany-completion:e7089916eb243bdc6e04ae4d,Mimulus moschatus,cleistogamy,absent,https://gobotany.nativeplanttrust.org/species/mimulus/moschatus/,Mimulus moschatus (common muskflower): Go Botany,Cleistogamous flowers: there are no cleistogamous flowers on the plan,abc1103c97df72a593d2a203ebae02a404199e1f1958640ad0fefd3197de0846,True,wild_or_unspecified_species_record,Codex evidence audit,2026-08-11T02:29:33.8112372Z,"Exact sitemap species page; h1 and family match the 106,295-species master; the quoted named characteristic maps directly to the same trait; no snippet, cultivar-only statement, cross-trait proxy or inference.",,
gobotany-completion:326b21d50e90bb299766451b,Physalis pubescens,cleistogamy,absent,https://gobotany.nativeplanttrust.org/species/physalis/pubescens/,Physalis pubescens (hairy ground-cherry): Go Botany,Cleistogamous flowers: there are no cleistogamous flowers on the plan,a652c6fb167190134b483593c3819b093fc1c150117c2c8759601a34de378bcf,True,wild_or_unspecified_species_record,Codex evidence audit,2026-08-11T02:29:33.8112372Z,"Exact sitemap species page; h1 and family match the 106,295-species master; the quoted named characteristic maps directly to the same trait; no snippet, cultivar-only statement, cross-trait proxy or inference.",,
gobotany-completion:a39b270e7e458c9066fb45bb,Viola adunca,cleistogamy,absent|facultative,https://gobotany.nativeplanttrust.org/species/viola/adunca/,Viola adunca (hook-spurred violet): Go Botany,Cleistogamous flowers: the plant has some cleistogamous flower; there are no cleistogamous flowers on the plan,dc603cf7bc53c64c81423ca9eaee1203dc517d9d8ecb3ee0616cbf913e9c23f8,True,wild_or_unspecified_species_record,Codex evidence audit,2026-08-11T02:29:33.8112372Z,"Exact sitemap species page; h1 and family match the 106,295-species master; the quoted named characteristic maps directly to the same trait; no snippet, cultivar-only statement, cross-trait proxy or inference.",,
gobotany-completion:3e12d239fdb6ad4027ed7f1c,Lathyrus odoratus,cleistogamy,absent,https://gobotany.nativeplanttrust.org/species/lathyrus/odoratus/,Lathyrus odoratus (sweet vetchling): Go Botany,Cleistogamous flowers: there are no cleistogamous flowers on the plan,ed6ab20cb11fd62aad5a5337a8a2b99acd7f709c6ec0356c05b94e21b1f89194,True,wild_or_unspecified_species_record,Codex evidence audit,2026-08-11T02:29:33.8112372Z,"Exact sitemap species page; h1 and family match the 106,295-species master; the quoted named characteristic maps directly to the same trait; no snippet, cultivar-only statement, cross-trait proxy or inference.",,
gobotany-completion:c46891077566166ada934c28,Campanula carpatica,cleistogamy,absent,https://gobotany.nativeplanttrust.org/species/campanula/carpatica/,Campanula carpatica (tussock bellflower): Go Botany,Cleistogamous flowers: there are no cleistogamous flowers on the plan,25153f1b4117af77e68dc8f2e14c14b934ec4ee9614660a39d18b648d725aa12,True,wild_or_unspecified_species_record,Codex evidence audit,2026-08-11T02:29:33.8112372Z,"Exact sitemap species page; h1 and family match the 106,295-species master; the quoted named characteristic maps directly to the same trait; no snippet, cultivar-only statement, cross-trait proxy or inference.",,
gobotany-completion:b3dd888328972bc1ed039a37,Momordica charantia,cleistogamy,absent,https://gobotany.nativeplanttrust.org/species/momordica/charantia/,Momordica charantia (bitter-melon): Go Botany,Cleistogamous flowers: there are no cleistogamous flowers on the plan,af2e779116c9199a94bee94c191d5539b441d3a865da053cacf999940d1738bf,True,wild_or_unspecified_species_record,Codex evidence audit,2026-08-11T02:29:33.8112372Z,"Exact sitemap species page; h1 and family match the 106,295-species master; the quoted named characteristic maps directly to the same trait; no snippet, cultivar-only statement, cross-trait proxy or inference.",,
gobotany-completion:7e9005509cbd00038f5a1133,Silene acaulis,cleistogamy,absent,https://gobotany.nativeplanttrust.org/species/silene/acaulis/,Silene acaulis (moss campion): Go Botany,Cleistogamous flowers: there are no cleistogamous flowers on the plan,bd2794c013b5c88fc1909a380a8e902c465b1547484966df2d3023f3fe39a028,True,wild_or_unspecified_species_record,Codex evidence audit,2026-08-11T02:29:33.8112372Z,"Exact sitemap species page; h1 and family match the 106,295-species master; the quoted named characteristic maps directly to the same trait; no snippet, cultivar-only statement, cross-trait proxy or inference.",,
gobotany-completion:009361926d0bcd729389c529,Decodon verticillatus,cleistogamy,absent,https://gobotany.nativeplanttrust.org/species/decodon/verticillatus/,Decodon verticillatus (swamp-loosestrife): Go Botany,Cleistogamous flowers: there are no cleistogamous flowers on the plan,190a896e68ba7addded3a373e7bab39f51055d253988cce52d24dc25a9d21db2,True,wild_or_unspecified_species_record,Codex evidence audit,2026-08-11T02:29:33.8112372Z,"Exact sitemap species page; h1 and family match the 106,295-species master; the quoted named characteristic maps directly to the same trait; no snippet, cultivar-only statement, cross-trait proxy or inference.",,
gobotany-completion:7975845a9fc5df2390d61766,Crocanthemum dumosum,cleistogamy,facultative,https://gobotany.nativeplanttrust.org/species/crocanthemum/dumosum/,Crocanthemum dumosum (bushy frostweed): Go Botany,Cleistogamous flowers: the plant has some cleistogamous flower,cf520e9065123d3ea1d9b06496b832fcc8abd63a6a3cb51e98e93c0da6f8ac0b,True,wild_or_unspecified_species_record,Codex evidence audit,2026-08-11T02:29:33.8112372Z,"Exact sitemap species page; h1 and family match the 106,295-species master; the quoted named characteristic maps directly to the same trait; no snippet, cultivar-only statement, cross-trait proxy or inference.",,
gobotany-completion:28af8a83394f10fca1d99a12,Paeonia officinalis,cleistogamy,absent,https://gobotany.nativeplanttrust.org/species/paeonia/officinalis/,Paeonia officinalis (common peony): Go Botany,Cleistogamous flowers: there are no cleistogamous flowers on the plan,b69c44720bc0d04ea2870f855e5dea5fa4d8420a0bab8e2256e051d8bca44994,True,wild_or_unspecified_species_record,Codex evidence audit,2026-08-11T02:29:33.8112372Z,"Exact sitemap species page; h1 and family match the 106,295-species master; the quoted named characteristic maps directly to the same trait; no snippet, cultivar-only statement, cross-trait proxy or inference.",,
gobotany-completion:7c5ba150cd87b470fbb6256e,Petunia integrifolia,cleistogamy,absent,https://gobotany.nativeplanttrust.org/species/petunia/integrifolia/,Petunia integrifolia (violet-flowered petunia): Go Botany,Cleistogamous flowers: there are no cleistogamous flowers on the plan,0a72c63ef2d845d42e11316dbb3f3710acef304f733d136294708155c8aec41a,True,wild_or_unspecified_species_record,Codex evidence audit,2026-08-11T02:29:33.8112372Z,"Exact sitemap species page; h1 and family match the 106,295-species master; the quoted named characteristic maps directly to the same trait; no snippet, cultivar-only statement, cross-trait proxy or inference.",,
gobotany-completion:557fa98264bfc4c24a1010ae,Vicia pannonica,cleistogamy,absent,https://gobotany.nativeplanttrust.org/species/vicia/pannonica/,Vicia pannonica (Hungarian vetch): Go Botany,Cleistogamous flowers: there are no cleistogamous flowers on the plan,e60f8981c3c8f8731402c8d823817b4796b6cce382a433cc4e4e3d1e92d5bd26,True,wild_or_unspecified_species_record,Codex evidence audit,2026-08-11T02:29:33.8112372Z,"Exact sitemap species page; h1 and family match the 106,295-species master; the quoted named characteristic maps directly to the same trait; no snippet, cultivar-only statement, cross-trait proxy or inference.",,
gobotany-completion:3e3e11d67862e63a1d151e40,Persicaria arifolia,cleistogamy,facultative,https://gobotany.nativeplanttrust.org/species/persicaria/arifolia/,Persicaria arifolia (halberd-leaved smartweed): Go Botany,Cleistogamous flowers: the plant has some cleistogamous flower,28fa4aa8a2535ff8bd8aec3ec9026e51e97849e56d07f9f0a53093b9f55e3841,True,wild_or_unspecified_species_record,Codex evidence audit,2026-08-11T02:29:33.8112372Z,"Exact sitemap species page; h1 and family match the 106,295-species master; the quoted named characteristic maps directly to the same trait; no snippet, cultivar-only statement, cross-trait proxy or inference.",,
gobotany-completion:0a018f6ba339422a507445ae,Pyrola minor,cleistogamy,absent,https://gobotany.nativeplanttrust.org/species/pyrola/minor/,Pyrola minor (little shinleaf): Go Botany,Cleistogamous flowers: there are no cleistogamous flowers on the plan,b5ed504b382666e8be996c3f40a7ecf8798352c71cada286c09d1254f6647137,True,wild_or_unspecified_species_record,Codex evidence audit,2026-08-11T02:29:33.8112372Z,"Exact sitemap species page; h1 and family match the 106,295-species master; the quoted named characteristic maps directly to the same trait; no snippet, cultivar-only statement, cross-trait proxy or inference.",,
gobotany-completion:9caff12feef6a5c8c82e3f24,Ajuga reptans,cleistogamy,absent,https://gobotany.nativeplanttrust.org/species/ajuga/reptans/,Ajuga reptans (carpet bugle): Go Botany,Cleistogamous flowers: there are no cleistogamous flowers on the plan,0739c6db8c91c4ac10302a52d4cca7182610f8a614dd0595f9f5705c499ee28f,True,wild_or_unspecified_species_record,Codex evidence audit,2026-08-11T02:29:33.8112372Z,"Exact sitemap species page; h1 and family match the 106,295-species master; the quoted named characteristic maps directly to the same trait; no snippet, cultivar-only statement, cross-trait proxy or inference.",,
gobotany-completion:bcb08cfa419c136f2dd0e08d,Vicia grandiflora,cleistogamy,absent,https://gobotany.nativeplanttrust.org/species/vicia/grandiflora/,Vicia grandiflora (large yellow vetch): Go Botany,Cleistogamous flowers: there are no cleistogamous flowers on the plan,a6b90ae62d255118dd10a2bc60a8e637e5b6a1e7c92959308d325260e646a1e0,True,wild_or_unspecified_species_record,Codex evidence audit,2026-08-11T02:29:33.8112372Z,"Exact sitemap species page; h1 and family match the 106,295-species master; the quoted named characteristic maps directly to the same trait; no snippet, cultivar-only statement, cross-trait proxy or inference.",,
gobotany-completion:d85a4459bcbbacac61e0a97e,Solanum nigrum,cleistogamy,absent,https://gobotany.nativeplanttrust.org/species/solanum/nigrum/,Solanum nigrum (European black nightshade): Go Botany,Cleistogamous flowers: there are no cleistogamous flowers on the plan,35e5cdfb666a0b933c23173fb5499842c3b47d684c261bf191b4b3656d8c9e98,True,wild_or_unspecified_species_record,Codex evidence audit,2026-08-11T02:29:33.8112372Z,"Exact sitemap species page; h1 and family match the 106,295-species master; the quoted named characteristic maps directly to the same trait; no snippet, cultivar-only statement, cross-trait proxy or inference.",,
gobotany-completion:4f1d8cebb9ec9a193da6864e,Solanum sisymbriifolium,cleistogamy,absent,https://gobotany.nativeplanttrust.org/species/solanum/sisymbriifolium/,Solanum sisymbriifolium (sticky nightshade): Go Botany,Cleistogamous flowers: there are no cleistogamous flowers on the plan,a701fd61fa2ccb2870baf2cdca2ec7321c68c8a379f059eebcdde720a5abd46f,True,wild_or_unspecified_species_record,Codex evidence audit,2026-08-11T02:29:33.8112372Z,"Exact sitemap species page; h1 and family match the 106,295-species master; the quoted named characteristic maps directly to the same trait; no snippet, cultivar-only statement, cross-trait proxy or inference.",,
gobotany-completion:d3ad49a7da349f73df830747,Arabidopsis thaliana,cleistogamy,absent,https://gobotany.nativeplanttrust.org/species/arabidopsis/thaliana/,Arabidopsis thaliana (mouse-ear thale-cress): Go Botany,Cleistogamous flowers: there are no cleistogamous flowers on the plan,3ab0e725c415e3de18f2ac00bee718f5892aaaaae99d13312fb7e76b82988000,True,wild_or_unspecified_species_record,Codex evidence audit,2026-08-11T02:29:33.8112372Z,"Exact sitemap species page; h1 and family match the 106,295-species master; the quoted named characteristic maps directly to the same trait; no snippet, cultivar-only statement, cross-trait proxy or inference.",,
gobotany-completion:c655bdd1273952292d68305c,Humulus lupulus,cleistogamy,absent,https://gobotany.nativeplanttrust.org/species/humulus/lupulus/,"Humulus lupulus (common hop, hops): Go Botany",Cleistogamous flowers: there are no cleistogamous flowers on the plan,ac36d0196d971544d8d0a0d6f3ed1296f434eb0466e2136525719c0397242bf5,True,wild_or_unspecified_species_record,Codex evidence audit,2026-08-11T02:29:33.8112372Z,"Exact sitemap species page; h1 and family match the 106,295-species master; the quoted named characteristic maps directly to the same trait; no snippet, cultivar-only statement, cross-trait proxy or inference.",,
gobotany-completion:f9e42e7e89f74df0c01afe27,Vicia tetrasperma,cleistogamy,absent,https://gobotany.nativeplanttrust.org/species/vicia/tetrasperma/,Vicia tetrasperma (four-seeded vetch): Go Botany,Cleistogamous flowers: there are no cleistogamous flowers on the plan,b2f0401bad3241102c734b858c12121f45ba4742c0f416add7e73c30c6a76a38,True,wild_or_unspecified_species_record,Codex evidence audit,2026-08-11T02:29:33.8112372Z,"Exact sitemap species page; h1 and family match the 106,295-species master; the quoted named characteristic maps directly to the same trait; no snippet, cultivar-only statement, cross-trait proxy or inference.",,
gobotany-completion:d37f1d789b1f648a07b93e16,Mentha spicata,cleistogamy,absent,https://gobotany.nativeplanttrust.org/species/mentha/spicata/,Mentha spicata (spearmint): Go Botany,Cleistogamous flowers: there are no cleistogamous flowers on the plan,dfc820413cd44283d1119a6cd2ea149e1a2e64e2cef5d75c2a6870f7923d51e4,True,wild_or_unspecified_species_record,Codex evidence audit,2026-08-11T02:29:33.8112372Z,"Exact sitemap species page; h1 and family match the 106,295-species master; the quoted named characteristic maps directly to the same trait; no snippet, cultivar-only statement, cross-trait proxy or inference.",,
gobotany-completion:6ddefecba7ef5130ca469f35,Silene conica,cleistogamy,absent,https://gobotany.nativeplanttrust.org/species/silene/conica/,Silene conica (striate campion): Go Botany,Cleistogamous flowers: there are no cleistogamous flowers on the plan,5830e133884ce3866d5dee77ff9c6492b623b69982eb3525bac89d777c549ae5,True,wild_or_unspecified_species_record,Codex evidence audit,2026-08-11T02:29:33.8112372Z,"Exact sitemap species page; h1 and family match the 106,295-species master; the quoted named characteristic maps directly to the same trait; no snippet, cultivar-only statement, cross-trait proxy or inference.",,
gobotany-completion:e0279f2c40f930567bcd1336,Salpiglossis sinuata,cleistogamy,absent,https://gobotany.nativeplanttrust.org/species/salpiglossis/sinuata/,Salpiglossis sinuata (paintedtongue): Go Botany,Cleistogamous flowers: there are no cleistogamous flowers on the plan,c8aae3e14eb6dcb5acfde5c819ee03f429ff739821a10de909a5ab4dafdb24a5,True,wild_or_unspecified_species_record,Codex evidence audit,2026-08-11T02:29:33.8112372Z,"Exact sitemap species page; h1 and family match the 106,295-species master; the quoted named characteristic maps directly to the same trait; no snippet, cultivar-only statement, cross-trait proxy or inference.",,
gobotany-completion:57690726e0cde7d500f34239,Cucurbita pepo,cleistogamy,absent,https://gobotany.nativeplanttrust.org/species/cucurbita/pepo/,Cucurbita pepo (pumpkin): Go Botany,Cleistogamous flowers: there are no cleistogamous flowers on the plan,0ea2e3e6e516c1777b1791c5d5de4023bf9266e9095f49957dec5e153492980f,True,wild_or_unspecified_species_record,Codex evidence audit,2026-08-11T02:29:33.8112372Z,"Exact sitemap species page; h1 and family match the 106,295-species master; the quoted named characteristic maps directly to the same trait; no snippet, cultivar-only statement, cross-trait proxy or inference.",,
gobotany-completion:e16d1aafbe72c92e56998a55,Nicotiana alata,cleistogamy,absent,https://gobotany.nativeplanttrust.org/species/nicotiana/alata/,Nicotiana alata (Jasmine tobacco): Go Botany,Cleistogamous flowers: there are no cleistogamous flowers on the plan,54a160afa7b67b2107d8398c5430cc3867976fd00795ffd870bdd4eaeaaa128c,True,wild_or_unspecified_species_record,Codex evidence audit,2026-08-11T02:29:33.8112372Z,"Exact sitemap species page; h1 and family match the 106,295-species master; the quoted named characteristic maps directly to the same trait; no snippet, cultivar-only statement, cross-trait proxy or inference.",,
gobotany-completion:bd2d792fb8c21e5ae4c7bff6,Digitalis purpurea,cleistogamy,absent,https://gobotany.nativeplanttrust.org/species/digitalis/purpurea/,Digitalis purpurea (purple foxglove): Go Botany,Cleistogamous flowers: there are no cleistogamous flowers on the plan,4288297c9998c9a0679a50ca8f767923ce6211ecb59f32aa595d498eb334bff5,True,wild_or_unspecified_species_record,Codex evidence audit,2026-08-11T02:29:33.8112372Z,"Exact sitemap species page; h1 and family match the 106,295-species master; the quoted named characteristic maps directly to the same trait; no snippet, cultivar-only statement, cross-trait proxy or inference.",,
gobotany-completion:23f512ef8a9b7109702c7313,Viola palmata,cleistogamy,absent|facultative,https://gobotany.nativeplanttrust.org/species/viola/palmata/,Viola palmata (wood violet): Go Botany,Cleistogamous flowers: the plant has some cleistogamous flower; there are no cleistogamous flowers on the plan,3164d977306057e79a70fbd7a3f417db81c451b8d6684df7499907a12caead8f,True,wild_or_unspecified_species_record,Codex evidence audit,2026-08-11T02:29:33.8112372Z,"Exact sitemap species page; h1 and family match the 106,295-species master; the quoted named characteristic maps directly to the same trait; no snippet, cultivar-only statement, cross-trait proxy or inference.",,
gobotany-completion:b406c2868191f0adf81f0b84,Anchusa officinalis,cleistogamy,absent,https://gobotany.nativeplanttrust.org/species/anchusa/officinalis/,Anchusa officinalis (common bugloss): Go Botany,Cleistogamous flowers: there are no cleistogamous flowers on the plan,58ed84c441645d982f5ed78051811ebc3a6303cb682ae4784b11624d92a40d73,True,wild_or_unspecified_species_record,Codex evidence audit,2026-08-11T02:29:33.8112372Z,"Exact sitemap species page; h1 and family match the 106,295-species master; the quoted named characteristic maps directly to the same trait; no snippet, cultivar-only statement, cross-trait proxy or inference.",,
gobotany-completion:7fbb46557124e675e585713d,Aristolochia clematitis,cleistogamy,absent,https://gobotany.nativeplanttrust.org/species/aristolochia/clematitis/,Aristolochia clematitis (creeping birthwort): Go Botany,Cleistogamous flowers: there are no cleistogamous flowers on the plan,ecef45cee4176c88a16df6cab102950df30766699c016d5c1f3adee2a9e0d644,True,wild_or_unspecified_species_record,Codex evidence audit,2026-08-11T02:29:33.8112372Z,"Exact sitemap species page; h1 and family match the 106,295-species master; the quoted named characteristic maps directly to the same trait; no snippet, cultivar-only statement, cross-trait proxy or inference.",,
gobotany-completion:3a87bd01fd110abdbfbc33da,Gilia achilleifolia,cleistogamy,absent,https://gobotany.nativeplanttrust.org/species/gilia/achilleifolia/,Gilia achilleifolia (blue gilia): Go Botany,Cleistogamous flowers: there are no cleistogamous flowers on the plan,05e60ad0dbfce240e9d0776964cd613f31c281dca8844a1bbe546f4c83f96906,True,wild_or_unspecified_species_record,Codex evidence audit,2026-08-11T02:29:33.8112372Z,"Exact sitemap species page; h1 and family match the 106,295-species master; the quoted named characteristic maps directly to the same trait; no snippet, cultivar-only statement, cross-trait proxy or inference.",,
gobotany-completion:67b0b4fa435624fe30d5431f,Anthyllis vulneraria,cleistogamy,absent,https://gobotany.nativeplanttrust.org/species/anthyllis/vulneraria/,Anthyllis vulneraria (common kidney-vetch): Go Botany,Cleistogamous flowers: there are no cleistogamous flowers on the plan,cc1c5a5642e498d8e7202c73bb13b3c789be1b1abd1aa789c227296b4e3f0366,True,wild_or_unspecified_species_record,Codex evidence audit,2026-08-11T02:29:33.8112372Z,"Exact sitemap species page; h1 and family match the 106,295-species master; the quoted named characteristic maps directly to the same trait; no snippet, cultivar-only statement, cross-trait proxy or inference.",,
gobotany-completion:0c51c761a4cb34fd09069bd4,Phlox divaricata,cleistogamy,absent,https://gobotany.nativeplanttrust.org/species/phlox/divaricata/,Phlox divaricata (wild blue phlox): Go Botany,Cleistogamous flowers: there are no cleistogamous flowers on the plan,10bd1429c4d30ecb32d189f3ff0a172d6f3eeb460a103225971d1ded18e14cdc,True,wild_or_unspecified_species_record,Codex evidence audit,2026-08-11T02:29:33.8112372Z,"Exact sitemap species page; h1 and family match the 106,295-species master; the quoted named characteristic maps directly to the same trait; no snippet, cultivar-only statement, cross-trait proxy or inference.",,
gobotany-completion:814cb571ee7e38aafd62f54f,Triodanis perfoliata,cleistogamy,facultative,https://gobotany.nativeplanttrust.org/species/triodanis/perfoliata/,Triodanis perfoliata (clasping-leaved Venus'-looking-glass): Go Botany,Cleistogamous flowers: the plant has some cleistogamous flower,f40e8a258155458221a482b2d60fcf31b18d768c61d0e86603e6c95a3caa119d,True,wild_or_unspecified_species_record,Codex evidence audit,2026-08-11T02:29:33.8112372Z,"Exact sitemap species page; h1 and family match the 106,295-species master; the quoted named characteristic maps directly to the same trait; no snippet, cultivar-only statement, cross-trait proxy or inference.",,
gobotany-completion:717d11ef34cd352af134c603,Menyanthes trifoliata,cleistogamy,absent,https://gobotany.nativeplanttrust.org/species/menyanthes/trifoliata/,"Menyanthes trifoliata (bog bean, buck-bean): Go Botany",Cleistogamous flowers: there are no cleistogamous flowers on the plan,8de0a47ea764d1cd8e6e3692d9819d3344f5bdf605154f189753af344cc5604d,True,wild_or_unspecified_species_record,Codex evidence audit,2026-08-11T02:29:33.8112372Z,"Exact sitemap species page; h1 and family match the 106,295-species master; the quoted named characteristic maps directly to the same trait; no snippet, cultivar-only statement, cross-trait proxy or inference.",,
gobotany-completion:0b28750eca2e4c48d1d17da2,Malva neglecta,cleistogamy,absent,https://gobotany.nativeplanttrust.org/species/malva/neglecta/,Malva neglecta (common mallow): Go Botany,Cleistogamous flowers: there are no cleistogamous flowers on the plan,0d3d6667d4781a242af1ff55ea5cd23077c4f6dc94303e81be8c4be393ad668f,True,wild_or_unspecified_species_record,Codex evidence audit,2026-08-11T02:29:33.8112372Z,"Exact sitemap species page; h1 and family match the 106,295-species master; the quoted named characteristic maps directly to the same trait; no snippet, cultivar-only statement, cross-trait proxy or inference.",,
gobotany-completion:8b6caf3ae46f557ed1f64997,Glycine max,cleistogamy,absent,https://gobotany.nativeplanttrust.org/species/glycine/max/,Glycine max (soybean): Go Botany,Cleistogamous flowers: there are no cleistogamous flowers on the plan,e8b3c4a09a7995b5f73aa4e7c9e639233a6d7efb705e8e5fd7c4f75122c4123c,True,wild_or_unspecified_species_record,Codex evidence audit,2026-08-11T02:29:33.8112372Z,"Exact sitemap species page; h1 and family match the 106,295-species master; the quoted named characteristic maps directly to the same trait; no snippet, cultivar-only statement, cross-trait proxy or inference.",,
gobotany-completion:c01923c2d8b4d733e399de8e,Silene noctiflora,cleistogamy,absent,https://gobotany.nativeplanttrust.org/species/silene/noctiflora/,Silene noctiflora (night-flowering campion): Go Botany,Cleistogamous flowers: there are no cleistogamous flowers on the plan,e04cdc0e4b4c528e20ee1879a612496d01c8a6b6c57d10daeeeb20163fb778b4,True,wild_or_unspecified_species_record,Codex evidence audit,2026-08-11T02:29:33.8112372Z,"Exact sitemap species page; h1 and family match the 106,295-species master; the quoted named characteristic maps directly to the same trait; no snippet, cultivar-only statement, cross-trait proxy or inference.",,
gobotany-completion:85b8fc7605f16c2ef5efadb5,Lathyrus latifolius,cleistogamy,absent,https://gobotany.nativeplanttrust.org/species/lathyrus/latifolius/,Lathyrus latifolius (everlasting vetchling): Go Botany,Cleistogamous flowers: there are no cleistogamous flowers on the plan,a5a8194e7844a1c6c6c68c44f8219fc8e88654717ec1f68b07c692ff2526f229,True,wild_or_unspecified_species_record,Codex evidence audit,2026-08-11T02:29:33.8112372Z,"Exact sitemap species page; h1 and family match the 106,295-species master; the quoted named characteristic maps directly to the same trait; no snippet, cultivar-only statement, cross-trait proxy or inference.",,
gobotany-completion:5b9a079771c616105e28dfca,Ipomoea quamoclit,cleistogamy,absent,https://gobotany.nativeplanttrust.org/species/ipomoea/quamoclit/,Ipomoea quamoclit (Cypress-vine morning-glory): Go Botany,Cleistogamous flowers: there are no cleistogamous flowers on the plan,65d001f540108ef6fb4bed724b003fca36d3df56d34e998f410a4ee38a313ae1,True,wild_or_unspecified_species_record,Codex evidence audit,2026-08-11T02:29:33.8112372Z,"Exact sitemap species page; h1 and family match the 106,295-species master; the quoted named characteristic maps directly to the same trait; no snippet, cultivar-only statement, cross-trait proxy or inference.",,
gobotany-completion:f6c2ac2043c0f03bd1f223b3,Amaranthus hypochondriacus,cleistogamy,absent,https://gobotany.nativeplanttrust.org/species/amaranthus/hypochondriacus/,Amaranthus hypochondriacus (prince's-feather amaranth): Go Botany,Cleistogamous flowers: there are no cleistogamous flowers on the plan,cd879814d43e63adebeae6b68e2daf3d5f5ea9389ac366930eed41974f9feef8,True,wild_or_unspecified_species_record,Codex evidence audit,2026-08-11T02:29:33.8112372Z,"Exact sitemap species page; h1 and family match the 106,295-species master; the quoted named characteristic maps directly to the same trait; no snippet, cultivar-only statement, cross-trait proxy or inference.",,
gobotany-completion:712ad06ffc6c1a525cfd2149,Lespedeza cuneata,cleistogamy,absent|facultative,https://gobotany.nativeplanttrust.org/species/lespedeza/cuneata/,Lespedeza cuneata (Chinese bush-clover): Go Botany,Cleistogamous flowers: the plant has some cleistogamous flower; there are no cleistogamous flowers on the plan,0c195c6e76edcd87c918d5dff8e80d93e513455e625f0d3fc71f5e7f81fc8859,True,wild_or_unspecified_species_record,Codex evidence audit,2026-08-11T02:29:33.8112372Z,"Exact sitemap species page; h1 and family match the 106,295-species master; the quoted named characteristic maps directly to the same trait; no snippet, cultivar-only statement, cross-trait proxy or inference.",,
gobotany-completion:2e8b2901de8a6dfc54800242,Clarkia pulchella,cleistogamy,absent,https://gobotany.nativeplanttrust.org/species/clarkia/pulchella/,Clarkia pulchella (elk horn clarkia): Go Botany,Cleistogamous flowers: there are no cleistogamous flowers on the plan,0352a318666618d2e90ec0f1aa39235f2ab01506ed58a0881efb61a105898320,True,wild_or_unspecified_species_record,Codex evidence audit,2026-08-11T02:29:33.8112372Z,"Exact sitemap species page; h1 and family match the 106,295-species master; the quoted named characteristic maps directly to the same trait; no snippet, cultivar-only statement, cross-trait proxy or inference.",,
gobotany-completion:ff3a38c0ad8aa095d4fe895a,Ricinus communis,cleistogamy,absent,https://gobotany.nativeplanttrust.org/species/ricinus/communis/,Ricinus communis (castor-bean): Go Botany,Cleistogamous flowers: there are no cleistogamous flowers on the plan,744a60c6962645c91c2844c560d7eb4d567ea8fd7ad010fa93ec8b81c57097f5,True,wild_or_unspecified_species_record,Codex evidence audit,2026-08-11T02:29:33.8112372Z,"Exact sitemap species page; h1 and family match the 106,295-species master; the quoted named characteristic maps directly to the same trait; no snippet, cultivar-only statement, cross-trait proxy or inference.",,
gobotany-completion:0e6292e300bd60bd31e1a360,Viola sororia,cleistogamy,absent|facultative,https://gobotany.nativeplanttrust.org/species/viola/sororia/,Viola sororia (woolly blue violet): Go Botany,Cleistogamous flowers: the plant has some cleistogamous flower; there are no cleistogamous flowers on the plan,e7fda40150d99dfd0c52815d779681a034212b6c8300ff9fefafb85413e284a8,True,wild_or_unspecified_species_record,Codex evidence audit,2026-08-11T02:29:33.8112372Z,"Exact sitemap species page; h1 and family match the 106,295-species master; the quoted named characteristic maps directly to the same trait; no snippet, cultivar-only statement, cross-trait proxy or inference.",,
gobotany-completion:f8665a28340169348c8e581d,Solanum tuberosum,cleistogamy,absent,https://gobotany.nativeplanttrust.org/species/solanum/tuberosum/,Solanum tuberosum (Irish potato): Go Botany,Cleistogamous flowers: there are no cleistogamous flowers on the plan,79c5e37613669634ad07153e5329c6443f96d4e4755a81e264995c9de5f2b8cd,True,wild_or_unspecified_species_record,Codex evidence audit,2026-08-11T02:29:33.8112372Z,"Exact sitemap species page; h1 and family match the 106,295-species master; the quoted named characteristic maps directly to the same trait; no snippet, cultivar-only statement, cross-trait proxy or inference.",,
gobotany-completion:3b5161cd256b91bf0ceca286,Galeopsis bifida,cleistogamy,absent,https://gobotany.nativeplanttrust.org/species/galeopsis/bifida/,Galeopsis bifida (split-lipped hemp-nettle): Go Botany,Cleistogamous flowers: there are no cleistogamous flowers on the plan,28c6e395238bac14816213c9e903bec8ad810a3f9b4c6a8bdff63cfde34d1beb,True,wild_or_unspecified_species_record,Codex evidence audit,2026-08-11T02:29:33.8112372Z,"Exact sitemap species page; h1 and family match the 106,295-species master; the quoted named characteristic maps directly to the same trait; no snippet, cultivar-only statement, cross-trait proxy or inference.",,
gobotany-completion:a51062bd3ba8bd52db093a01,Ipomoea purpurea,cleistogamy,absent,https://gobotany.nativeplanttrust.org/species/ipomoea/purpurea/,Ipomoea purpurea (common morning-glory): Go Botany,Cleistogamous flowers: there are no cleistogamous flowers on the plan,ce3d5158719252d82fd33215a5c7848ad9eeff07d19c614b10952453c527cd8f,True,wild_or_unspecified_species_record,Codex evidence audit,2026-08-11T02:29:33.8112372Z,"Exact sitemap species page; h1 and family match the 106,295-species master; the quoted named characteristic maps directly to the same trait; no snippet, cultivar-only statement, cross-trait proxy or inference.",,
gobotany-completion:2313ff605096951a441e14fc,Crocanthemum canadense,cleistogamy,facultative,https://gobotany.nativeplanttrust.org/species/crocanthemum/canadense/,Crocanthemum canadense (Canada frostweed): Go Botany,Cleistogamous flowers: the plant has some cleistogamous flower,1ee736cb529480b380d48588b3c1bc343d2a77503c8974efcb909cac0c826ad3,True,wild_or_unspecified_species_record,Codex evidence audit,2026-08-11T02:29:33.8112372Z,"Exact sitemap species page; h1 and family match the 106,295-species master; the quoted named characteristic maps directly to the same trait; no snippet, cultivar-only statement, cross-trait proxy or inference.",,
gobotany-completion:b5919867a469f6e226917959,Cucumis melo,cleistogamy,absent,https://gobotany.nativeplanttrust.org/species/cucumis/melo/,Cucumis melo (cantaloupe): Go Botany,Cleistogamous flowers: there are no cleistogamous flowers on the plan,7ea104423e20ddaa40ca7dc8b16b9a1a99d63168cb924ff0c630ced578629a16,True,wild_or_unspecified_species_record,Codex evidence audit,2026-08-11T02:29:33.8112372Z,"Exact sitemap species page; h1 and family match the 106,295-species master; the quoted named characteristic maps directly to the same trait; no snippet, cultivar-only statement, cross-trait proxy or inference.",,
gobotany-completion:9b0e1622e8907f52967fb114,Solanum citrullifolium,cleistogamy,absent,https://gobotany.nativeplanttrust.org/species/solanum/citrullifolium/,Solanum citrullifolium (watermelon nightshade): Go Botany,Cleistogamous flowers: there are no cleistogamous flowers on the plan,722b74b3547c7c16ef8da55d395e2c5659e9afe3ec2c552a51585293b3825d74,True,wild_or_unspecified_species_record,Codex evidence audit,2026-08-11T02:29:33.8112372Z,"Exact sitemap species page; h1 and family match the 106,295-species master; the quoted named characteristic maps directly to the same trait; no snippet, cultivar-only statement, cross-trait proxy or inference.",,
gobotany-completion:6f8153dbfd87db988ec8ff82,Viola rotundifolia,cleistogamy,absent|facultative,https://gobotany.nativeplanttrust.org/species/viola/rotundifolia/,Viola rotundifolia (round-leaved violet): Go Botany,Cleistogamous flowers: the plant has some cleistogamous flower; there are no cleistogamous flowers on the plan,a5db425b5402374ccbe9703d9946074872363ea43d47d4c40d685637b695f9c2,True,wild_or_unspecified_species_record,Codex evidence audit,2026-08-11T02:29:33.8112372Z,"Exact sitemap species page; h1 and family match the 106,295-species master; the quoted named characteristic maps directly to the same trait; no snippet, cultivar-only statement, cross-trait proxy or inference.",,
gobotany-completion:2c2458e58f9c800fb69d612d,Digitalis lanata,cleistogamy,absent,https://gobotany.nativeplanttrust.org/species/digitalis/lanata/,Digitalis lanata (Grecian foxglove): Go Botany,Cleistogamous flowers: there are no cleistogamous flowers on the plan,25b083cf5489b89e26107c83553fdb7ae22bbb186a6c526b790a5f7630165555,True,wild_or_unspecified_species_record,Codex evidence audit,2026-08-11T02:29:33.8112372Z,"Exact sitemap species page; h1 and family match the 106,295-species master; the quoted named characteristic maps directly to the same trait; no snippet, cultivar-only statement, cross-trait proxy or inference.",,
gobotany-completion:3aa2f29d6110b336ce76085d,Alcea rosea,cleistogamy,absent,https://gobotany.nativeplanttrust.org/species/alcea/rosea/,Alcea rosea (hollyhock): Go Botany,Cleistogamous flowers: there are no cleistogamous flowers on the plan,6e4276678aa3449e11e8c40fd37b8ef3200b8be9e1958db17e57e4006f141e7e,True,wild_or_unspecified_species_record,Codex evidence audit,2026-08-11T02:29:33.8112372Z,"Exact sitemap species page; h1 and family match the 106,295-species master; the quoted named characteristic maps directly to the same trait; no snippet, cultivar-only statement, cross-trait proxy or inference.",,
gobotany-completion:b34ef8d1eb1b0b3f58e2126a,Silene nutans,cleistogamy,absent,https://gobotany.nativeplanttrust.org/species/silene/nutans/,Silene nutans (Eurasian campion): Go Botany,Cleistogamous flowers: there are no cleistogamous flowers on the plan,6bd406b32ad428bb18ebb8db61e2b661a31df12a5f197d3ebb09cabd4716d082,True,wild_or_unspecified_species_record,Codex evidence audit,2026-08-11T02:29:33.8112372Z,"Exact sitemap species page; h1 and family match the 106,295-species master; the quoted named characteristic maps directly to the same trait; no snippet, cultivar-only statement, cross-trait proxy or inference.",,
gobotany-completion:8f27df266bbf7ed92448d6bd,Succisa pratensis,cleistogamy,absent,https://gobotany.nativeplanttrust.org/species/succisa/pratensis/,Succisa pratensis (devil's-bit): Go Botany,Cleistogamous flowers: there are no cleistogamous flowers on the plan,44628baf19880365ff22e024c6d91e462d48b2f998c952bfb8eacff768761fe2,True,wild_or_unspecified_species_record,Codex evidence audit,2026-08-11T02:29:33.8112372Z,"Exact sitemap species page; h1 and family match the 106,295-species master; the quoted named characteristic maps directly to the same trait; no snippet, cultivar-only statement, cross-trait proxy or inference.",,
gobotany-completion:de415503511ce9617f7fdac0,Lobelia spicata,floral_symmetry,zygomorphic,https://gobotany.nativeplanttrust.org/species/lobelia/spicata/,Lobelia spicata (pale-spiked lobelia): Go Botany,Flower symmetry: there is only one way to evenly divide the flower (the flower is bilaterally symmetrical),a7ffadb77b01e0d6644bf54f4ee302bc38f4303ea1220c15caeb3621608bf88d,True,wild_or_unspecified_species_record,Codex evidence audit,2026-08-11T02:29:33.8112372Z,"Exact sitemap species page; h1 and family match the 106,295-species master; the quoted named characteristic maps directly to the same trait; no snippet, cultivar-only statement, cross-trait proxy or inference.",,
gobotany-completion:fd5222a711385e11cd889a7e,Rhexia mariana,floral_symmetry,actinomorphic|zygomorphic,https://gobotany.nativeplanttrust.org/species/rhexia/mariana/,Rhexia mariana (Maryland meadow-beauty): Go Botany,Flower symmetry: there are two or more ways to evenly divide the flower (the flower is radially symmetrical); there is only one way to evenly divide the flower (the flower is bilaterally symmetrical),2d70a97371a0a877b2e23a2dffc5674539c9a03e17e50310e41f3f66cadbc9c1,True,wild_or_unspecified_species_record,Codex evidence audit,2026-08-11T02:29:33.8112372Z,"Exact sitemap species page; h1 and family match the 106,295-species master; the quoted named characteristic maps directly to the same trait; no snippet, cultivar-only statement, cross-trait proxy or inference.",,
gobotany-completion:9519c9293a3330e5391d1289,Lycopus uniflorus,floral_symmetry,actinomorphic|zygomorphic,https://gobotany.nativeplanttrust.org/species/lycopus/uniflorus/,Lycopus uniflorus (northern water-horehound): Go Botany,Flower symmetry: there are two or more ways to evenly divide the flower (the flower is radially symmetrical); there is only one way to evenly divide the flower (the flower is bilaterally symmetrical),37ebeecef5bc613816eef13229bc569b978cfc387581c259c1140ee4b7c89483,True,wild_or_unspecified_species_record,Codex evidence audit,2026-08-11T02:29:33.8112372Z,"Exact sitemap species page; h1 and family match the 106,295-species master; the quoted named characteristic maps directly to the same trait; no snippet, cultivar-only statement, cross-trait proxy or inference.",,
gobotany-completion:0805f843d60e3ce21034e5d9,Pyrola elliptica,floral_symmetry,actinomorphic|zygomorphic,https://gobotany.nativeplanttrust.org/species/pyrola/elliptica/,Pyrola elliptica (elliptic-leaved shinleaf): Go Botany,Flower symmetry: there are two or more ways to evenly divide the flower (the flower is radially symmetrical); there is only one way to evenly divide the flower (the flower is bilaterally symmetrical),bbb97e5b44c625476d301901a7b147f499751fd80b5cd4b943ad75e16ba86422,True,wild_or_unspecified_species_record,Codex evidence audit,2026-08-11T02:29:33.8112372Z,"Exact sitemap species page; h1 and family match the 106,295-species master; the quoted named characteristic maps directly to the same trait; no snippet, cultivar-only statement, cross-trait proxy or inference.",,
gobotany-completion:e0a6081e47529a7f25be04ad,Osmorhiza berteroi,floral_symmetry,actinomorphic|zygomorphic,https://gobotany.nativeplanttrust.org/species/osmorhiza/berteroi/,Osmorhiza berteroi (mountain sweet-cicely): Go Botany,Flower symmetry: there are two or more ways to evenly divide the flower (the flower is radially symmetrical); there is only one way to evenly divide the flower (the flower is bilaterally symmetrical),b747d487b0331d546c7484900ed8c6f4fd3a05cc015d76af32a57f740c29f23a,True,wild_or_unspecified_species_record,Codex evidence audit,2026-08-11T02:29:33.8112372Z,"Exact sitemap species page; h1 and family match the 106,295-species master; the quoted named characteristic maps directly to the same trait; no snippet, cultivar-only statement, cross-trait proxy or inference.",,
gobotany-completion:eb0a819047b6bb144c8c70a2,Phlox pilosa,floral_symmetry,actinomorphic,https://gobotany.nativeplanttrust.org/species/phlox/pilosa/,Phlox pilosa (downy phlox): Go Botany,Flower symmetry: there are two or more ways to evenly divide the flower (the flower is radially symmetrical),9ef459917b552fd8260be95fbb6b08e64a143f1b5c65fc600f42bd5a1835d0e2,True,wild_or_unspecified_species_record,Codex evidence audit,2026-08-11T02:29:33.8112372Z,"Exact sitemap species page; h1 and family match the 106,295-species master; the quoted named characteristic maps directly to the same trait; no snippet, cultivar-only statement, cross-trait proxy or inference.",,
gobotany-completion:baffdb0d153a09e5237e0747,Knautia arvensis,floral_symmetry,actinomorphic|zygomorphic,https://gobotany.nativeplanttrust.org/species/knautia/arvensis/,"Knautia arvensis (bluebuttons, field scabiosa): Go Botany",Flower symmetry: there are two or more ways to evenly divide the flower (the flower is radially symmetrical); there is only one way to evenly divide the flower (the flower is bilaterally symmetrical),94e4eae8307e99a145a0f20d8bce8221b89894a807138b06bd0d238e2313f5b3,True,wild_or_unspecified_species_record,Codex evidence audit,2026-08-11T02:29:33.8112372Z,"Exact sitemap species page; h1 and family match the 106,295-species master; the quoted named characteristic maps directly to the same trait; no snippet, cultivar-only statement, cross-trait proxy or inference.",,
gobotany-completion:5abcb4e1e107d094a921458d,Xyris difformis,floral_symmetry,actinomorphic|zygomorphic,https://gobotany.nativeplanttrust.org/species/xyris/difformis/,Xyris difformis (bog yellow-eyed-grass): Go Botany,Flower symmetry: there are two or more ways to evenly divide the flower (the flower is radially symmetrical); there is only one way to evenly divide the flower (the flower is bilaterally symmetrical),c49a0ed4645333116365d2e6379d6fc4413c048497002152d8f1e65a67f95e1e,True,wild_or_unspecified_species_record,Codex evidence audit,2026-08-11T02:29:33.8112372Z,"Exact sitemap species page; h1 and family match the 106,295-species master; the quoted named characteristic maps directly to the same trait; no snippet, cultivar-only statement, cross-trait proxy or inference.",,
gobotany-completion:183c0fd0468358d6a10322b5,Lycopus asper,floral_symmetry,actinomorphic|zygomorphic,https://gobotany.nativeplanttrust.org/species/lycopus/asper/,Lycopus asper (western water-horehound): Go Botany,Flower symmetry: there are two or more ways to evenly divide the flower (the flower is radially symmetrical); there is only one way to evenly divide the flower (the flower is bilaterally symmetrical),bfb15db1ea5ffef51221b2194959e7324964ba658fa44894091c1435e7bbdc05,True,wild_or_unspecified_species_record,Codex evidence audit,2026-08-11T02:29:33.8112372Z,"Exact sitemap species page; h1 and family match the 106,295-species master; the quoted named characteristic maps directly to the same trait; no snippet, cultivar-only statement, cross-trait proxy or inference.",,
gobotany-completion:58380b2e5bfcbdbb21a6b0e3,Xyris torta,floral_symmetry,actinomorphic|zygomorphic,https://gobotany.nativeplanttrust.org/species/xyris/torta/,Xyris torta (slender yellow-eyed-grass): Go Botany,Flower symmetry: there are two or more ways to evenly divide the flower (the flower is radially symmetrical); there is only one way to evenly divide the flower (the flower is bilaterally symmetrical),43a64a4a549f0118fcfa9dcc930c44a13f748f284703415cfb3ce639753adc6c,True,wild_or_unspecified_species_record,Codex evidence audit,2026-08-11T02:29:33.8112372Z,"Exact sitemap species page; h1 and family match the 106,295-species master; the quoted named characteristic maps directly to the same trait; no snippet, cultivar-only statement, cross-trait proxy or inference.",,
gobotany-completion:1f44291e1c11e823b14a826b,Lonicera canadensis,floral_symmetry,actinomorphic|zygomorphic,https://gobotany.nativeplanttrust.org/species/lonicera/canadensis/,Lonicera canadensis (American honeysuckle): Go Botany,Flower symmetry: there are two or more ways to evenly divide the flower (the flower is radially symmetrical); there is only one way to evenly divide the flower (the flower is bilaterally symmetrical),6300a0df37448c7a27c24da8429daa34d5ff8d721f9fc8f5cd0b091b4649c2aa,True,wild_or_unspecified_species_record,Codex evidence audit,2026-08-11T02:29:33.8112372Z,"Exact sitemap species page; h1 and family match the 106,295-species master; the quoted named characteristic maps directly to the same trait; no snippet, cultivar-only statement, cross-trait proxy or inference.",,
gobotany-completion:64ef23eed12d352fc453df6b,Rhododendron vaseyi,floral_symmetry,zygomorphic,https://gobotany.nativeplanttrust.org/species/rhododendron/vaseyi/,Rhododendron vaseyi (pink-shell azalea): Go Botany,Flower symmetry: there is only one way to evenly divide the flower (the flower is bilaterally symmetrical),a1549f6068959af8e9ab60d0fc2ad38a01a37364e6af793030eeeb54c90318cb,True,wild_or_unspecified_species_record,Codex evidence audit,2026-08-11T02:29:33.8112372Z,"Exact sitemap species page; h1 and family match the 106,295-species master; the quoted named characteristic maps directly to the same trait; no snippet, cultivar-only statement, cross-trait proxy or inference.",,
gobotany-completion:669914d5606020526a735591,Rhododendron lapponicum,floral_symmetry,actinomorphic|zygomorphic,https://gobotany.nativeplanttrust.org/species/rhododendron/lapponicum/,Rhododendron lapponicum (Lapland rosebay): Go Botany,Flower symmetry: there are two or more ways to evenly divide the flower (the flower is radially symmetrical); there is only one way to evenly divide the flower (the flower is bilaterally symmetrical),d57d4a63744cf31c96c90950bb62f338b70080035d03f4e5ed0f83a55324570d,True,wild_or_unspecified_species_record,Codex evidence audit,2026-08-11T02:29:33.8112372Z,"Exact sitemap species page; h1 and family match the 106,295-species master; the quoted named characteristic maps directly to the same trait; no snippet, cultivar-only statement, cross-trait proxy or inference.",,
gobotany-completion:be290fa0ac1b9f5dd4843953,Berteroa mutabilis,floral_symmetry,actinomorphic|zygomorphic,https://gobotany.nativeplanttrust.org/species/berteroa/mutabilis/,Berteroa mutabilis (roadside false alyssum): Go Botany,Flower symmetry: there are two or more ways to evenly divide the flower (the flower is radially symmetrical); there is only one way to evenly divide the flower (the flower is bilaterally symmetrical),f799d42050e95b8cf52804c746d4713f81187bac08eaf6fc8bbc3ba1aa6ef3b5,True,wild_or_unspecified_species_record,Codex evidence audit,2026-08-11T02:29:33.8112372Z,"Exact sitemap species page; h1 and family match the 106,295-species master; the quoted named characteristic maps directly to the same trait; no snippet, cultivar-only statement, cross-trait proxy or inference.",,
gobotany-completion:d8f233ccc97ba021c1058b14,Weigela floribunda,floral_symmetry,actinomorphic|zygomorphic,https://gobotany.nativeplanttrust.org/species/weigela/floribunda/,Weigela floribunda (crimson weigela): Go Botany,Flower symmetry: there are two or more ways to evenly divide the flower (the flower is radially symmetrical); there is only one way to evenly divide the flower (the flower is bilaterally symmetrical),795fa5ba75602182a28619724f4c46a653a29977d4545a997fc8f9af475e016e,True,wild_or_unspecified_species_record,Codex evidence audit,2026-08-11T02:29:33.8112372Z,"Exact sitemap species page; h1 and family match the 106,295-species master; the quoted named characteristic maps directly to the same trait; no snippet, cultivar-only statement, cross-trait proxy or inference.",,
gobotany-completion:8af910d4fe5dcaa4a18cb759,Vaccinium myrtilloides,floral_symmetry,actinomorphic,https://gobotany.nativeplanttrust.org/species/vaccinium/myrtilloides/,Vaccinium myrtilloides (velvet-leaved blueberry): Go Botany,Flower symmetry: there are two or more ways to evenly divide the flower (the flower is radially symmetrical),00f4662c2fc389d8ca5990f8bb9409d07c4317a2e5bb2cf062189917357144e2,True,wild_or_unspecified_species_record,Codex evidence audit,2026-08-11T02:29:33.8112372Z,"Exact sitemap species page; h1 and family match the 106,295-species master; the quoted named characteristic maps directly to the same trait; no snippet, cultivar-only statement, cross-trait proxy or inference.",,
gobotany-completion:9e0a10bea5bb7e477b1cf89f,Lycopus virginicus,floral_symmetry,actinomorphic|zygomorphic,https://gobotany.nativeplanttrust.org/species/lycopus/virginicus/,Lycopus virginicus (Virginia water-horehound): Go Botany,Flower symmetry: there are two or more ways to evenly divide the flower (the flower is radially symmetrical); there is only one way to evenly divide the flower (the flower is bilaterally symmetrical),d124abf8441fb6d79e8e9b4504b3e9ac44362b9eb7e7b3bcddee2029579228f4,True,wild_or_unspecified_species_record,Codex evidence audit,2026-08-11T02:29:33.8112372Z,"Exact sitemap species page; h1 and family match the 106,295-species master; the quoted named characteristic maps directly to the same trait; no snippet, cultivar-only statement, cross-trait proxy or inference.",,
gobotany-completion:498c822be5fcae2c1e34c278,Viola primulifolia,floral_symmetry,zygomorphic,https://gobotany.nativeplanttrust.org/species/viola/primulifolia/,Viola primulifolia (primrose-leaved violet): Go Botany,Flower symmetry: there is only one way to evenly divide the flower (the flower is bilaterally symmetrical),bc905daee13571e2eac7cf20c482d4ae26b2c981f54bd410a8bcf03545ccf301,True,wild_or_unspecified_species_record,Codex evidence audit,2026-08-11T02:29:33.8112372Z,"Exact sitemap species page; h1 and family match the 106,295-species master; the quoted named characteristic maps directly to the same trait; no snippet, cultivar-only statement, cross-trait proxy or inference.",,
gobotany-completion:f5e842da6ffd519e31244c89,Penstemon hirsutus,floral_symmetry,zygomorphic,https://gobotany.nativeplanttrust.org/species/penstemon/hirsutus/,Penstemon hirsutus (northeastern beardtongue): Go Botany,Flower symmetry: there is only one way to evenly divide the flower (the flower is bilaterally symmetrical),98f0b6c06e6f06a116a9fc8d4eaab18b7bc738b818dcd8d899092d7eab3cd2a7,True,wild_or_unspecified_species_record,Codex evidence audit,2026-08-11T02:29:33.8112372Z,"Exact sitemap species page; h1 and family match the 106,295-species master; the quoted named characteristic maps directly to the same trait; no snippet, cultivar-only statement, cross-trait proxy or inference.",,
gobotany-completion:747550392fccc8ee1d7b29d5,Lonicera sempervirens,floral_symmetry,actinomorphic|zygomorphic,https://gobotany.nativeplanttrust.org/species/lonicera/sempervirens/,Lonicera sempervirens (trumpet honeysuckle): Go Botany,Flower symmetry: there are two or more ways to evenly divide the flower (the flower is radially symmetrical); there is only one way to evenly divide the flower (the flower is bilaterally symmetrical),513aa52336db37bf375dc0e6b374aa6075cfff6d87a5b848e895b6f4ac8edce1,True,wild_or_unspecified_species_record,Codex evidence audit,2026-08-11T02:29:33.8112372Z,"Exact sitemap species page; h1 and family match the 106,295-species master; the quoted named characteristic maps directly to the same trait; no snippet, cultivar-only statement, cross-trait proxy or inference.",,
gobotany-completion:58aaa26481442c9af7738c77,Vaccinium stamineum,floral_symmetry,actinomorphic,https://gobotany.nativeplanttrust.org/species/vaccinium/stamineum/,Vaccinium stamineum (deerberry): Go Botany,Flower symmetry: there are two or more ways to evenly divide the flower (the flower is radially symmetrical),db4274904b97dd1b3248d9e0b1c0fafac8128fd44194f8d8f801cf6c7c726957,True,wild_or_unspecified_species_record,Codex evidence audit,2026-08-11T02:29:33.8112372Z,"Exact sitemap species page; h1 and family match the 106,295-species master; the quoted named characteristic maps directly to the same trait; no snippet, cultivar-only statement, cross-trait proxy or inference.",,
gobotany-completion:8768c11ee09ddb5c457f46b9,Osmorhiza depauperata,floral_symmetry,actinomorphic|zygomorphic,https://gobotany.nativeplanttrust.org/species/osmorhiza/depauperata/,Osmorhiza depauperata (blunt-fruited sweet-cicely): Go Botany,Flower symmetry: there are two or more ways to evenly divide the flower (the flower is radially symmetrical); there is only one way to evenly divide the flower (the flower is bilaterally symmetrical),03bfa30af44c8b485181d4dfc2bcab2acc5d6b0b9180c4fdff35bf92a3a8d545,True,wild_or_unspecified_species_record,Codex evidence audit,2026-08-11T02:29:33.8112372Z,"Exact sitemap species page; h1 and family match the 106,295-species master; the quoted named characteristic maps directly to the same trait; no snippet, cultivar-only statement, cross-trait proxy or inference.",,
gobotany-completion:166bc5bf964646a65ac6f202,Oenothera villosa,floral_symmetry,actinomorphic,https://gobotany.nativeplanttrust.org/species/oenothera/villosa/,Oenothera villosa (hairy evening-primrose): Go Botany,Flower symmetry: there are two or more ways to evenly divide the flower (the flower is radially symmetrical),387410caaafef97f1aef81d748ccdd1a25f0fa9d5d4d80000c0c18503081b7ad,True,wild_or_unspecified_species_record,Codex evidence audit,2026-08-11T02:29:33.8112372Z,"Exact sitemap species page; h1 and family match the 106,295-species master; the quoted named characteristic maps directly to the same trait; no snippet, cultivar-only statement, cross-trait proxy or inference.",,
gobotany-completion:ec5075a2ac96fd787b2a0049,Epilobium ciliatum,floral_symmetry,actinomorphic,https://gobotany.nativeplanttrust.org/species/epilobium/ciliatum/,Epilobium ciliatum (fringed willow-herb): Go Botany,Flower symmetry: there are two or more ways to evenly divide the flower (the flower is radially symmetrical),44fba8a6cb310e1c8073202221455213df8601a96e7b9f24ecb6d3a56b4df331,True,wild_or_unspecified_species_record,Codex evidence audit,2026-08-11T02:29:33.8112372Z,"Exact sitemap species page; h1 and family match the 106,295-species master; the quoted named characteristic maps directly to the same trait; no snippet, cultivar-only statement, cross-trait proxy or inference.",,
gobotany-completion:7d7b4f77aadc3f1f0f2a32ca,Laportea canadensis,floral_symmetry,actinomorphic|zygomorphic,https://gobotany.nativeplanttrust.org/species/laportea/canadensis/,Laportea canadensis (Canada wood-nettle): Go Botany,Flower symmetry: there are two or more ways to evenly divide the flower (the flower is radially symmetrical); there is only one way to evenly divide the flower (the flower is bilaterally symmetrical),765962c1724947d5e73838d1c627e926ee8fbb980fd76abd716ac54b3112850a,True,wild_or_unspecified_species_record,Codex evidence audit,2026-08-11T02:29:33.8112372Z,"Exact sitemap species page; h1 and family match the 106,295-species master; the quoted named characteristic maps directly to the same trait; no snippet, cultivar-only statement, cross-trait proxy or inference.",,
gobotany-completion:b3a2b20cda81a2894fa69904,Cuminum cyminum,floral_symmetry,actinomorphic|zygomorphic,https://gobotany.nativeplanttrust.org/species/cuminum/cyminum/,Cuminum cyminum (cumin): Go Botany,Flower symmetry: there are two or more ways to evenly divide the flower (the flower is radially symmetrical); there is only one way to evenly divide the flower (the flower is bilaterally symmetrical),8bef093514373bda038526e60720dc5af558d72092c9af798330773a15c927d2,True,wild_or_unspecified_species_record,Codex evidence audit,2026-08-11T02:29:33.8112372Z,"Exact sitemap species page; h1 and family match the 106,295-species master; the quoted named characteristic maps directly to the same trait; no snippet, cultivar-only statement, cross-trait proxy or inference.",,
gobotany-completion:fba52123aa4d3586caf25024,Lobelia inflata,floral_symmetry,zygomorphic,https://gobotany.nativeplanttrust.org/species/lobelia/inflata/,"Lobelia inflata (bladder-pod lobelia, indian-tobacco): Go Botany",Flower symmetry: there is only one way to evenly divide the flower (the flower is bilaterally symmetrical),9e617517026b483ae74b668c8b385599f7e4412a87bc7a4134f9afe38854b5a6,True,wild_or_unspecified_species_record,Codex evidence audit,2026-08-11T02:29:33.8112372Z,"Exact sitemap species page; h1 and family match the 106,295-species master; the quoted named characteristic maps directly to the same trait; no snippet, cultivar-only statement, cross-trait proxy or inference.",,
gobotany-completion:902167ff19825e43b202e430,Impatiens pallida,floral_symmetry,zygomorphic,https://gobotany.nativeplanttrust.org/species/impatiens/pallida/,"Impatiens pallida (pale jewelweed, pale touch-me-not): Go Botany",Flower symmetry: there is only one way to evenly divide the flower (the flower is bilaterally symmetrical),bc5eb2d1aaa587e1d50a1f3a40d30d4d13b2f0df6a8319fd78180d93cc5935cd,True,wild_or_unspecified_species_record,Codex evidence audit,2026-08-11T02:29:33.8112372Z,"Exact sitemap species page; h1 and family match the 106,295-species master; the quoted named characteristic maps directly to the same trait; no snippet, cultivar-only statement, cross-trait proxy or inference.",,
gobotany-completion:447e200bfc13255260db7e60,Pyrola asarifolia,floral_symmetry,actinomorphic|zygomorphic,https://gobotany.nativeplanttrust.org/species/pyrola/asarifolia/,Pyrola asarifolia (pink shinleaf): Go Botany,Flower symmetry: there are two or more ways to evenly divide the flower (the flower is radially symmetrical); there is only one way to evenly divide the flower (the flower is bilaterally symmetrical),16eba927e73ed1288c1ac0a70c7e4f9c4890b5a9eec81edf146f0864665edd01,True,wild_or_unspecified_species_record,Codex evidence audit,2026-08-11T02:29:33.8112372Z,"Exact sitemap species page; h1 and family match the 106,295-species master; the quoted named characteristic maps directly to the same trait; no snippet, cultivar-only statement, cross-trait proxy or inference.",,
gobotany-completion:afe908e3357c1893b6bf0024,Lycopus americanus,floral_symmetry,actinomorphic|zygomorphic,https://gobotany.nativeplanttrust.org/species/lycopus/americanus/,Lycopus americanus (American water-horehound): Go Botany,Flower symmetry: there are two or more ways to evenly divide the flower (the flower is radially symmetrical); there is only one way to evenly divide the flower (the flower is bilaterally symmetrical),4dcc75af060b76f5a236361069ffad030d1d2b5500f8d845e7fd741dfb91252e,True,wild_or_unspecified_species_record,Codex evidence audit,2026-08-11T02:29:33.8112372Z,"Exact sitemap species page; h1 and family match the 106,295-species master; the quoted named characteristic maps directly to the same trait; no snippet, cultivar-only statement, cross-trait proxy or inference.",,
gobotany-completion:96a6bdc77385fa9f0480d8d8,Xyris smalliana,floral_symmetry,actinomorphic|zygomorphic,https://gobotany.nativeplanttrust.org/species/xyris/smalliana/,Xyris smalliana (Small's yellow-eyed-grass): Go Botany,Flower symmetry: there are two or more ways to evenly divide the flower (the flower is radially symmetrical); there is only one way to evenly divide the flower (the flower is bilaterally symmetrical),4b04d0a0f0c8c942e8d96087f39411930bf1eed9816c423802bff519c1f430d1,True,wild_or_unspecified_species_record,Codex evidence audit,2026-08-11T02:29:33.8112372Z,"Exact sitemap species page; h1 and family match the 106,295-species master; the quoted named characteristic maps directly to the same trait; no snippet, cultivar-only statement, cross-trait proxy or inference.",,
gobotany-completion:b602a3824e8241ebe2e45374,Vaccinium angustifolium,floral_symmetry,actinomorphic,https://gobotany.nativeplanttrust.org/species/vaccinium/angustifolium/,Vaccinium angustifolium (common lowbush blueberry): Go Botany,Flower symmetry: there are two or more ways to evenly divide the flower (the flower is radially symmetrical),b8d4f82f34ce23800ab2ce1b256d3fa6c16363d6dbb68aa09b28c662b4f4910b,True,wild_or_unspecified_species_record,Codex evidence audit,2026-08-11T02:29:33.8112372Z,"Exact sitemap species page; h1 and family match the 106,295-species master; the quoted named characteristic maps directly to the same trait; no snippet, cultivar-only statement, cross-trait proxy or inference.",,
gobotany-completion:d0ac61d159abf651e46952f2,Lycopus amplectens,floral_symmetry,actinomorphic|zygomorphic,https://gobotany.nativeplanttrust.org/species/lycopus/amplectens/,Lycopus amplectens (clasping water-horehound): Go Botany,Flower symmetry: there are two or more ways to evenly divide the flower (the flower is radially symmetrical); there is only one way to evenly divide the flower (the flower is bilaterally symmetrical),c270a9907fe07d9dc51fe426458ba5abb4d916d6dba1a568ed313067dd6f17d0,True,wild_or_unspecified_species_record,Codex evidence audit,2026-08-11T02:29:33.8112372Z,"Exact sitemap species page; h1 and family match the 106,295-species master; the quoted named characteristic maps directly to the same trait; no snippet, cultivar-only statement, cross-trait proxy or inference.",,
gobotany-completion:71921e1c8e8090546a2fca83,Epilobium coloratum,floral_symmetry,actinomorphic,https://gobotany.nativeplanttrust.org/species/epilobium/coloratum/,Epilobium coloratum (eastern willow-herb): Go Botany,Flower symmetry: there are two or more ways to evenly divide the flower (the flower is radially symmetrical),d879b368e2ad753794f3ee8774e596eb153145d5e951dfc4348c33daa31dcfe1,True,wild_or_unspecified_species_record,Codex evidence audit,2026-08-11T02:29:33.8112372Z,"Exact sitemap species page; h1 and family match the 106,295-species master; the quoted named characteristic maps directly to the same trait; no snippet, cultivar-only statement, cross-trait proxy or inference.",,
gobotany-completion:8d904ed95e87cf6069d444f0,Xyris montana,floral_symmetry,actinomorphic|zygomorphic,https://gobotany.nativeplanttrust.org/species/xyris/montana/,Xyris montana (northern yellow-eyed-grass): Go Botany,Flower symmetry: there are two or more ways to evenly divide the flower (the flower is radially symmetrical); there is only one way to evenly divide the flower (the flower is bilaterally symmetrical),204505de52c7612243d5c2e2a976b19efcdd350f8479e460489f98a0fad207fe,True,wild_or_unspecified_species_record,Codex evidence audit,2026-08-11T02:29:33.8112372Z,"Exact sitemap species page; h1 and family match the 106,295-species master; the quoted named characteristic maps directly to the same trait; no snippet, cultivar-only statement, cross-trait proxy or inference.",,
gobotany-completion:2e7484688ac7034543d97c46,Rhododendron viscosum,floral_symmetry,zygomorphic,https://gobotany.nativeplanttrust.org/species/rhododendron/viscosum/,Rhododendron viscosum (clammy azalea): Go Botany,Flower symmetry: there is only one way to evenly divide the flower (the flower is bilaterally symmetrical),7dc1e1c53bd76b05e7bfec8ad07cbf035d0bd0bf4057adea58c4d4e8dcd64d3b,True,wild_or_unspecified_species_record,Codex evidence audit,2026-08-11T02:29:33.8112372Z,"Exact sitemap species page; h1 and family match the 106,295-species master; the quoted named characteristic maps directly to the same trait; no snippet, cultivar-only statement, cross-trait proxy or inference.",,
gobotany-completion:ab66458e5c50ba3846a39cc6,Physalis longifolia,floral_symmetry,actinomorphic,https://gobotany.nativeplanttrust.org/species/physalis/longifolia/,Physalis longifolia (long-leaved ground-cherry): Go Botany,Flower symmetry: there are two or more ways to evenly divide the flower (the flower is radially symmetrical),a37b5b26f8dc33d0acd9bb7e68a04fa87b53a19adadff175d0a7295c7264b8ea,True,wild_or_unspecified_species_record,Codex evidence audit,2026-08-11T02:29:33.8112372Z,"Exact sitemap species page; h1 and family match the 106,295-species master; the quoted named characteristic maps directly to the same trait; no snippet, cultivar-only statement, cross-trait proxy or inference.",,
gobotany-completion:71175a9e6fc2d01917876b0b,Rhododendron calendulaceum,floral_symmetry,zygomorphic,https://gobotany.nativeplanttrust.org/species/rhododendron/calendulaceum/,Rhododendron calendulaceum (flame azalea): Go Botany,Flower symmetry: there is only one way to evenly divide the flower (the flower is bilaterally symmetrical),51dfd7175c147eb258f5deb227833a06b5df5b91dfc0b5bf0547a3c66c26e110,True,wild_or_unspecified_species_record,Codex evidence audit,2026-08-11T02:29:33.8112372Z,"Exact sitemap species page; h1 and family match the 106,295-species master; the quoted named characteristic maps directly to the same trait; no snippet, cultivar-only statement, cross-trait proxy or inference.",,
gobotany-completion:54009c3d813256fc64cd4648,Heracleum maximum,floral_symmetry,actinomorphic|zygomorphic,https://gobotany.nativeplanttrust.org/species/heracleum/maximum/,Heracleum maximum (American cow-parsnip): Go Botany,Flower symmetry: there are two or more ways to evenly divide the flower (the flower is radially symmetrical); there is only one way to evenly divide the flower (the flower is bilaterally symmetrical),9132269b47be7474d0f294ddcbaf5b174963ca3b500c5129f016254de8aaec36,True,wild_or_unspecified_species_record,Codex evidence audit,2026-08-11T02:29:33.8112372Z,"Exact sitemap species page; h1 and family match the 106,295-species master; the quoted named characteristic maps directly to the same trait; no snippet, cultivar-only statement, cross-trait proxy or inference.",,
gobotany-completion:569e7ad33c14a6a2aec22da7,Rhododendron maximum,floral_symmetry,zygomorphic,https://gobotany.nativeplanttrust.org/species/rhododendron/maximum/,"Rhododendron maximum (great rosebay, rhododendron): Go Botany",Flower symmetry: there is only one way to evenly divide the flower (the flower is bilaterally symmetrical),c707c1c965f53fc1cb49dc6c6dca66a456bf5e8f7b6c72aa5267dc34820cf466,True,wild_or_unspecified_species_record,Codex evidence audit,2026-08-11T02:29:33.8112372Z,"Exact sitemap species page; h1 and family match the 106,295-species master; the quoted named characteristic maps directly to the same trait; no snippet, cultivar-only statement, cross-trait proxy or inference.",,
gobotany-completion:81a679aac13eda549bc42540,Verbena urticifolia,floral_symmetry,actinomorphic|zygomorphic,https://gobotany.nativeplanttrust.org/species/verbena/urticifolia/,Verbena urticifolia (white vervain): Go Botany,Flower symmetry: there are two or more ways to evenly divide the flower (the flower is radially symmetrical); there is only one way to evenly divide the flower (the flower is bilaterally symmetrical),ac999135cf8ad1fc5981ac7ca59038ae4d611a75db02fbd93aa4ff824a44ca45,True,wild_or_unspecified_species_record,Codex evidence audit,2026-08-11T02:29:33.8112372Z,"Exact sitemap species page; h1 and family match the 106,295-species master; the quoted named characteristic maps directly to the same trait; no snippet, cultivar-only statement, cross-trait proxy or inference.",,
gobotany-completion:decaa71c56f242eb1cf45e7e,Angelica atropurpurea,floral_symmetry,actinomorphic|zygomorphic,https://gobotany.nativeplanttrust.org/species/angelica/atropurpurea/,Angelica atropurpurea (purple-stemmed Angelica): Go Botany,Flower symmetry: there are two or more ways to evenly divide the flower (the flower is radially symmetrical); there is only one way to evenly divide the flower (the flower is bilaterally symmetrical),a3e9d2e5ea95c4c742c41fc0e41e3b9a1bfb37db7bf4ff7ee1c8258f3c8f3de3,True,wild_or_unspecified_species_record,Codex evidence audit,2026-08-11T02:29:33.8112372Z,"Exact sitemap species page; h1 and family match the 106,295-species master; the quoted named characteristic maps directly to the same trait; no snippet, cultivar-only statement, cross-trait proxy or inference.",,
gobotany-completion:cd5de69cba82c370b413e444,Phyllodoce caerulea,floral_symmetry,actinomorphic,https://gobotany.nativeplanttrust.org/species/phyllodoce/caerulea/,Phyllodoce caerulea (purple mountain-heath): Go Botany,Flower symmetry: there are two or more ways to evenly divide the flower (the flower is radially symmetrical),12be676514caa9d5eda030d43e79dacc60f8f1f96d97ea2d7892cac762156cd5,True,wild_or_unspecified_species_record,Codex evidence audit,2026-08-11T02:29:33.8112372Z,"Exact sitemap species page; h1 and family match the 106,295-species master; the quoted named characteristic maps directly to the same trait; no snippet, cultivar-only statement, cross-trait proxy or inference.",,
gobotany-completion:4e20a6a9a52cd48ece174291,Oenothera fruticosa,floral_symmetry,actinomorphic,https://gobotany.nativeplanttrust.org/species/oenothera/fruticosa/,Oenothera fruticosa (narrow-leaved evening-primrose): Go Botany,Flower symmetry: there are two or more ways to evenly divide the flower (the flower is radially symmetrical),748835e0b4edfcd0386553059ed9c1855dcdff1d2921e9549e4a4c98897ec0ad,True,wild_or_unspecified_species_record,Codex evidence audit,2026-08-11T02:29:33.8112372Z,"Exact sitemap species page; h1 and family match the 106,295-species master; the quoted named characteristic maps directly to the same trait; no snippet, cultivar-only statement, cross-trait proxy or inference.",,
gobotany-completion:cbbe3f612f933e6f9537c658,Vaccinium pallidum,floral_symmetry,actinomorphic,https://gobotany.nativeplanttrust.org/species/vaccinium/pallidum/,Vaccinium pallidum (hillside blueberry): Go Botany,Flower symmetry: there are two or more ways to evenly divide the flower (the flower is radially symmetrical),059845eb484c1ee0227b3ba81abe5e2b94fa5a505605df644c582b2f7a50d509,True,wild_or_unspecified_species_record,Codex evidence audit,2026-08-11T02:29:33.8112372Z,"Exact sitemap species page; h1 and family match the 106,295-species master; the quoted named characteristic maps directly to the same trait; no snippet, cultivar-only statement, cross-trait proxy or inference.",,
gobotany-completion:924b419e54eed7df4fdfbd9e,Vaccinium cespitosum,floral_symmetry,actinomorphic,https://gobotany.nativeplanttrust.org/species/vaccinium/cespitosum/,Vaccinium cespitosum (dwarf blueberry): Go Botany,Flower symmetry: there are two or more ways to evenly divide the flower (the flower is radially symmetrical),73f73db9d5cd155014ab2b44e60d420adf7d09017729bc936a3e3dde94342dbe,True,wild_or_unspecified_species_record,Codex evidence audit,2026-08-11T02:29:33.8112372Z,"Exact sitemap species page; h1 and family match the 106,295-species master; the quoted named characteristic maps directly to the same trait; no snippet, cultivar-only statement, cross-trait proxy or inference.",,
gobotany-completion:191db53057a04b9e67d83b39,Kalmia latifolia,floral_symmetry,actinomorphic,https://gobotany.nativeplanttrust.org/species/kalmia/latifolia/,"Kalmia latifolia (mountain American-laurel, mountain laurel): Go Botany",Flower symmetry: there are two or more ways to evenly divide the flower (the flower is radially symmetrical),013b1480b674a79505c6ae405e0c131292c1b23045a02b84088299bcc8692059,True,wild_or_unspecified_species_record,Codex evidence audit,2026-08-11T02:29:33.8112372Z,"Exact sitemap species page; h1 and family match the 106,295-species master; the quoted named characteristic maps directly to the same trait; no snippet, cultivar-only statement, cross-trait proxy or inference.",,
gobotany-completion:0ba8322aa17430f1b2be29a7,Rhododendron catawbiense,floral_symmetry,zygomorphic,https://gobotany.nativeplanttrust.org/species/rhododendron/catawbiense/,Rhododendron catawbiense (Catawba rosebay): Go Botany,Flower symmetry: there is only one way to evenly divide the flower (the flower is bilaterally symmetrical),bd3545e70e1aad4a70c9527c86ce31c5005a0f55166ba7614320faa2e9fd1755,True,wild_or_unspecified_species_record,Codex evidence audit,2026-08-11T02:29:33.8112372Z,"Exact sitemap species page; h1 and family match the 106,295-species master; the quoted named characteristic maps directly to the same trait; no snippet, cultivar-only statement, cross-trait proxy or inference.",,
gobotany-completion:bd9d4c25a5350d891e511585,Verbena simplex,floral_symmetry,actinomorphic|zygomorphic,https://gobotany.nativeplanttrust.org/species/verbena/simplex/,Verbena simplex (narrow-leaved vervain): Go Botany,Flower symmetry: there are two or more ways to evenly divide the flower (the flower is radially symmetrical); there is only one way to evenly divide the flower (the flower is bilaterally symmetrical),2c076539b5d8d7c1a3e666fcc5cf42bd20b0c2eb6573190340708f947ddae9d5,True,wild_or_unspecified_species_record,Codex evidence audit,2026-08-11T02:29:33.8112372Z,"Exact sitemap species page; h1 and family match the 106,295-species master; the quoted named characteristic maps directly to the same trait; no snippet, cultivar-only statement, cross-trait proxy or inference.",,
gobotany-completion:483c4050ccd906f2d6e65fa8,Silene antirrhina,floral_symmetry,actinomorphic,https://gobotany.nativeplanttrust.org/species/silene/antirrhina/,Silene antirrhina (sleepy campion): Go Botany,Flower symmetry: there are two or more ways to evenly divide the flower (the flower is radially symmetrical),5f992d7d9252b758f06b8b8698723c17028899d760a60546ba73f3843619a718,True,wild_or_unspecified_species_record,Codex evidence audit,2026-08-11T02:29:33.8112372Z,"Exact sitemap species page; h1 and family match the 106,295-species master; the quoted named characteristic maps directly to the same trait; no snippet, cultivar-only statement, cross-trait proxy or inference.",,
floraweb:5013:autonomous_selfing_capacity:dad576425c97,Rubus polonicus,autonomous_selfing_capacity,autonomous,https://www.floraweb.de/php/biologie.php?suchnr=5013&,,Source name Rubus nessensis; Bestäubung (Pollenvektoren): selten Selbstbestäubung,,True,wild_or_unspecified_species_record,Codex two-backbone structured-source audit,2026-08-11T04:00:00Z,"Raw structured source row retained; WFO and GBIF independently agree on exact species synonym, accepted target and family; trait mapping rechecked; not cultivar-limited.",,
floraweb:4114:autonomous_selfing_capacity:9bbaa5721c9b,Roemeria hispida,autonomous_selfing_capacity,autonomous,https://www.floraweb.de/php/biologie.php?suchnr=4114&,,Source name Papaver hybridum; Bestäubung (Pollenvektoren): in der Regel Selbstbestäubung,,True,wild_or_unspecified_species_record,Codex two-backbone structured-source audit,2026-08-11T04:00:00Z,"Raw structured source row retained; WFO and GBIF independently agree on exact species synonym, accepted target and family; trait mapping rechecked; not cultivar-limited.",,
baseflor:645:autonomous_selfing_capacity:c2e44fd3034a,Chiliadenus glutinosus,autonomous_selfing_capacity,autonomous,https://web.archive.org/web/20231002005253id_/https://philippe.julve.pagesperso-orange.fr/baseflor.xlsx,,"Source name Jasonia glutinosa; pollinisation: entomogame, autogame",,True,wild_or_unspecified_species_record,Codex two-backbone structured-source audit,2026-08-11T04:00:00Z,"Raw structured source row retained; WFO and GBIF independently agree on exact species synonym, accepted target and family; trait mapping rechecked; not cultivar-limited.",,
floraweb:23921:autonomous_selfing_capacity:a752391a8442,Katapsuxis silaifolia,autonomous_selfing_capacity,absent,https://www.floraweb.de/php/biologie.php?suchnr=23921&,,Source name Selinum silaifolium; Bestäubung (Pollenvektoren): nie Selbstbestäubung,,True,wild_or_unspecified_species_record,Codex two-backbone structured-source audit,2026-08-11T04:00:00Z,"Raw structured source row retained; WFO and GBIF independently agree on exact species synonym, accepted target and family; trait mapping rechecked; not cultivar-limited.",,
floraweb:400:autonomous_selfing_capacity:ab0e38617a9f,Lycopsis arvensis,autonomous_selfing_capacity,delayed,https://www.floraweb.de/php/biologie.php?suchnr=400&,,Source name Anchusa arvensis; Bestäubung (Pollenvektoren): bei ausbleib. Fremdbest. Selbstbestäubung,,True,wild_or_unspecified_species_record,Codex two-backbone structured-source audit,2026-08-11T04:00:00Z,"Raw structured source row retained; WFO and GBIF independently agree on exact species synonym, accepted target and family; trait mapping rechecked; not cultivar-limited.",,
baseflor:7196:autonomous_selfing_capacity:f64a6ddc877a,Festuca bromoides,autonomous_selfing_capacity,autonomous,https://web.archive.org/web/20231002005253id_/https://philippe.julve.pagesperso-orange.fr/baseflor.xlsx,,Source name Vulpia bromoides; pollinisation: autogame,,True,wild_or_unspecified_species_record,Codex two-backbone structured-source audit,2026-08-11T04:00:00Z,"Raw structured source row retained; WFO and GBIF independently agree on exact species synonym, accepted target and family; trait mapping rechecked; not cultivar-limited.",,
baseflor:468:autonomous_selfing_capacity:c2e44fd3034a,Symphyotrichum pilosum,autonomous_selfing_capacity,autonomous,https://web.archive.org/web/20231002005253id_/https://philippe.julve.pagesperso-orange.fr/baseflor.xlsx,,"Source name Aster pilosus; pollinisation: entomogame, autogame",,True,wild_or_unspecified_species_record,Codex two-backbone structured-source audit,2026-08-11T04:00:00Z,"Raw structured source row retained; WFO and GBIF independently agree on exact species synonym, accepted target and family; trait mapping rechecked; not cultivar-limited.",,
floraweb:5926:autonomous_selfing_capacity:9bbaa5721c9b,Mummenhoffia alliacea,autonomous_selfing_capacity,autonomous,https://www.floraweb.de/php/biologie.php?suchnr=5926&,,Source name Thlaspi alliaceum; Bestäubung (Pollenvektoren): in der Regel Selbstbestäubung,,True,wild_or_unspecified_species_record,Codex two-backbone structured-source audit,2026-08-11T04:00:00Z,"Raw structured source row retained; WFO and GBIF independently agree on exact species synonym, accepted target and family; trait mapping rechecked; not cultivar-limited.",,
baseflor:7201:autonomous_selfing_capacity:f64a6ddc877a,Festuca ligustica,autonomous_selfing_capacity,autonomous,https://web.archive.org/web/20231002005253id_/https://philippe.julve.pagesperso-orange.fr/baseflor.xlsx,,Source name Vulpia ligustica; pollinisation: autogame,,True,wild_or_unspecified_species_record,Codex two-backbone structured-source audit,2026-08-11T04:00:00Z,"Raw structured source row retained; WFO and GBIF independently agree on exact species synonym, accepted target and family; trait mapping rechecked; not cultivar-limited.",,
baseflor:471:autonomous_selfing_capacity:c2e44fd3034a,Symphyotrichum novae-angliae,autonomous_selfing_capacity,autonomous,https://web.archive.org/web/20231002005253id_/https://philippe.julve.pagesperso-orange.fr/baseflor.xlsx,,"Source name Aster novae-angliae; pollinisation: entomogame, autogame",,True,wild_or_unspecified_species_record,Codex two-backbone structured-source audit,2026-08-11T04:00:00Z,"Raw structured source row retained; WFO and GBIF independently agree on exact species synonym, accepted target and family; trait mapping rechecked; not cultivar-limited.",,
floraweb:5726:cleistogamy:c8970197d547,Sporobolus anglicus,cleistogamy,facultative,https://www.floraweb.de/php/biologie.php?suchnr=5726&,,Source name Spartina anglica; Bestäubung (Pollenvektoren): selten Kleistogamie,,True,wild_or_unspecified_species_record,Codex two-backbone structured-source audit,2026-08-11T04:00:00Z,"Raw structured source row retained; WFO and GBIF independently agree on exact species synonym, accepted target and family; trait mapping rechecked; not cultivar-limited.",,
floraweb:5363:cleistogamy:40f80615ce4c,Schoenoplectiella supina,cleistogamy,absent,https://www.floraweb.de/php/biologie.php?suchnr=5363&,,Source name Schoenoplectus supinus; Bestäubung (Pollenvektoren): nie Kleistogamie,,True,wild_or_unspecified_species_record,Codex two-backbone structured-source audit,2026-08-11T04:00:00Z,"Raw structured source row retained; WFO and GBIF independently agree on exact species synonym, accepted target and family; trait mapping rechecked; not cultivar-limited.",,
floraweb:4114:cleistogamy:3c1077ba238c,Roemeria hispida,cleistogamy,facultative,https://www.floraweb.de/php/biologie.php?suchnr=4114&,,Source name Papaver hybridum; Bestäubung (Pollenvektoren): in der Regel Kleistogamie,,True,wild_or_unspecified_species_record,Codex two-backbone structured-source audit,2026-08-11T04:00:00Z,"Raw structured source row retained; WFO and GBIF independently agree on exact species synonym, accepted target and family; trait mapping rechecked; not cultivar-limited.",,
floraweb:2117:floral_form:6ca8999656f7,Chamaenerion fleischeri,floral_form,open_radial,https://www.floraweb.de/php/biologie.php?suchnr=2117&,,"Source name Epilobium fleischeri; Blumentyp (nach Kugler 1970): Scheibenblumen, Nektar ± verborgen im Zentrum der Blüte",,True,wild_or_unspecified_species_record,Codex two-backbone structured-source audit,2026-08-11T04:00:00Z,"Raw structured source row retained; WFO and GBIF independently agree on exact species synonym, accepted target and family; trait mapping rechecked; not cultivar-limited.",,
floraweb:49:floral_form:8d1ae556ad9b,Clinopodium acinos,floral_form,bilabiate,https://www.floraweb.de/php/biologie.php?suchnr=49&,,Source name Acinos arvensis; Blumentyp (nach Kugler 1970): Eigentliche Lippenblumen,,True,wild_or_unspecified_species_record,Codex two-backbone structured-source audit,2026-08-11T04:00:00Z,"Raw structured source row retained; WFO and GBIF independently agree on exact species synonym, accepted target and family; trait mapping rechecked; not cultivar-limited.",,
floraweb:1999:floral_form:52e20bba4976,Lotus herbaceus,floral_form,papilionaceous,https://www.floraweb.de/php/biologie.php?suchnr=1999&,,"Source name Dorycnium herbaceum; Blumentyp (nach Kugler 1970): Schmetterlingsblumen, Fabaceentyp, Pumpeinrichtung",,True,wild_or_unspecified_species_record,Codex two-backbone structured-source audit,2026-08-11T04:00:00Z,"Raw structured source row retained; WFO and GBIF independently agree on exact species synonym, accepted target and family; trait mapping rechecked; not cultivar-limited.",,
floraweb:5013:floral_form:6ca8999656f7,Rubus polonicus,floral_form,open_radial,https://www.floraweb.de/php/biologie.php?suchnr=5013&,,"Source name Rubus nessensis; Blumentyp (nach Kugler 1970): Scheibenblumen, Nektar ± verborgen im Zentrum der Blüte",,True,wild_or_unspecified_species_record,Codex two-backbone structured-source audit,2026-08-11T04:00:00Z,"Raw structured source row retained; WFO and GBIF independently agree on exact species synonym, accepted target and family; trait mapping rechecked; not cultivar-limited.",,
floraweb:3967:floral_form:b741eb758fbe,Anacamptis coriophora,floral_form,bilabiate,https://www.floraweb.de/php/biologie.php?suchnr=3967&,,"Source name Orchis coriophora; Blumentyp (nach Kugler 1970): Lippenblumen, Orchistyp",,True,wild_or_unspecified_species_record,Codex two-backbone structured-source audit,2026-08-11T04:00:00Z,"Raw structured source row retained; WFO and GBIF independently agree on exact species synonym, accepted target and family; trait mapping rechecked; not cultivar-limited.",,
floraweb:29582:floral_form:54719c6be721,Knautia dipsacifolia,floral_form,composite_head,https://www.floraweb.de/php/biologie.php?suchnr=29582&,,"Source name Knautia maxima; Blumentyp (nach Kugler 1970): Köpfchenblumen, Nicht-Asteraceae",,True,wild_or_unspecified_species_record,Codex two-backbone structured-source audit,2026-08-11T04:00:00Z,"Raw structured source row retained; WFO and GBIF independently agree on exact species synonym, accepted target and family; trait mapping rechecked; not cultivar-limited.",,
floraweb:22667:floral_form:1b3c033cade4,Noccaea perfoliata,floral_form,open_radial,https://www.floraweb.de/php/biologie.php?suchnr=22667&,,"Source name Microthlaspi perfoliatum; Blumentyp (nach Kugler 1970): Scheibenblumen, Nektar ± verborgen, Nektarien an der Basis der Staubblätter",,True,wild_or_unspecified_species_record,Codex two-backbone structured-source audit,2026-08-11T04:00:00Z,"Raw structured source row retained; WFO and GBIF independently agree on exact species synonym, accepted target and family; trait mapping rechecked; not cultivar-limited.",,
floraweb:3552:floral_form:a9cb80fb6b54,Silene flos-cuculi,floral_form,salverform,https://www.floraweb.de/php/biologie.php?suchnr=3552&,,"Source name Lychnis flos-cuculi; Blumentyp (nach Kugler 1970): Stieltellerblumen, Staubblätter und Narbe außerhalb der Kronröhre",,True,wild_or_unspecified_species_record,Codex two-backbone structured-source audit,2026-08-11T04:00:00Z,"Raw structured source row retained; WFO and GBIF independently agree on exact species synonym, accepted target and family; trait mapping rechecked; not cultivar-limited.",,
floraweb:1607:floral_form:b741eb758fbe,Dactylorhiza viridis,floral_form,bilabiate,https://www.floraweb.de/php/biologie.php?suchnr=1607&,,"Source name Coeloglossum viride; Blumentyp (nach Kugler 1970): Lippenblumen, Orchistyp",,True,wild_or_unspecified_species_record,Codex two-backbone structured-source audit,2026-08-11T04:00:00Z,"Raw structured source row retained; WFO and GBIF independently agree on exact species synonym, accepted target and family; trait mapping rechecked; not cultivar-limited.",,
floraweb:2919:floral_form:9786ea4f41e4,Pilosella peleteriana,floral_form,composite_head,https://www.floraweb.de/php/biologie.php?suchnr=2919&,,"Source name Hieracium peleterianum; Blumentyp (nach Kugler 1970): Köpfchenblumen, Asteraceae, ausschließlich Zugenblüten",,True,wild_or_unspecified_species_record,Codex two-backbone structured-source audit,2026-08-11T04:00:00Z,"Raw structured source row retained; WFO and GBIF independently agree on exact species synonym, accepted target and family; trait mapping rechecked; not cultivar-limited.",,
baseflor:7199:flower_primary_color:6a103aecbd23,Festuca fasciculata,flower_primary_color,green_brown_inconspicuous,https://web.archive.org/web/20231002005253id_/https://philippe.julve.pagesperso-orange.fr/baseflor.xlsx,,Source name Vulpia fasciculata; couleur_fleur: vert,,True,wild_or_unspecified_species_record,Codex two-backbone structured-source audit,2026-08-11T04:00:00Z,"Raw structured source row retained; WFO and GBIF independently agree on exact species synonym, accepted target and family; trait mapping rechecked; not cultivar-limited.",,
baseflor:6600:flower_primary_color:50ab0299c6f8,Alpagrostis schleicheri,flower_primary_color,blue_purple,https://web.archive.org/web/20231002005253id_/https://philippe.julve.pagesperso-orange.fr/baseflor.xlsx,,Source name Agrostis schleicheri; couleur_fleur: bleu,,True,wild_or_unspecified_species_record,Codex two-backbone structured-source audit,2026-08-11T04:00:00Z,"Raw structured source row retained; WFO and GBIF independently agree on exact species synonym, accepted target and family; trait mapping rechecked; not cultivar-limited.",,
baseflor:7105:flower_primary_color:6a103aecbd23,Festuca incurva,flower_primary_color,green_brown_inconspicuous,https://web.archive.org/web/20231002005253id_/https://philippe.julve.pagesperso-orange.fr/baseflor.xlsx,,Source name Psilurus incurvus; couleur_fleur: vert,,True,wild_or_unspecified_species_record,Codex two-backbone structured-source audit,2026-08-11T04:00:00Z,"Raw structured source row retained; WFO and GBIF independently agree on exact species synonym, accepted target and family; trait mapping rechecked; not cultivar-limited.",,
baseflor:7149:flower_primary_color:a1f6c67be9c6,Sporobolus versicolor,flower_primary_color,green_brown_inconspicuous|red_pink,https://web.archive.org/web/20231002005253id_/https://philippe.julve.pagesperso-orange.fr/baseflor.xlsx,,"Source name Spartina versicolor; couleur_fleur: vert, rose",,True,wild_or_unspecified_species_record,Codex two-backbone structured-source audit,2026-08-11T04:00:00Z,"Raw structured source row retained; WFO and GBIF independently agree on exact species synonym, accepted target and family; trait mapping rechecked; not cultivar-limited.",,
baseflor:1541:flower_primary_color:d0a127e3c213,Biscutella ambigua,flower_primary_color,yellow_orange,https://web.archive.org/web/20231002005253id_/https://philippe.julve.pagesperso-orange.fr/baseflor.xlsx,,Source name Biscutella nicaeensis; couleur_fleur: jaune,,True,wild_or_unspecified_species_record,Codex two-backbone structured-source audit,2026-08-11T04:00:00Z,"Raw structured source row retained; WFO and GBIF independently agree on exact species synonym, accepted target and family; trait mapping rechecked; not cultivar-limited.",,
baseflor:7071:flower_primary_color:6a103aecbd23,Achnatherum paradoxum,flower_primary_color,green_brown_inconspicuous,https://web.archive.org/web/20231002005253id_/https://philippe.julve.pagesperso-orange.fr/baseflor.xlsx,,Source name Piptatherum paradoxum; couleur_fleur: vert,,True,wild_or_unspecified_species_record,Codex two-backbone structured-source audit,2026-08-11T04:00:00Z,"Raw structured source row retained; WFO and GBIF independently agree on exact species synonym, accepted target and family; trait mapping rechecked; not cultivar-limited.",,
baseflor:14755:flower_primary_color:d0a127e3c213,Taraxacum perincisum,flower_primary_color,yellow_orange,https://web.archive.org/web/20231002005253id_/https://philippe.julve.pagesperso-orange.fr/baseflor.xlsx,,Source name Taraxacum oxoniense; couleur_fleur: jaune,,True,wild_or_unspecified_species_record,Codex two-backbone structured-source audit,2026-08-11T04:00:00Z,"Raw structured source row retained; WFO and GBIF independently agree on exact species synonym, accepted target and family; trait mapping rechecked; not cultivar-limited.",,
baseflor:3512:flower_primary_color:618d663af0f1,Clinopodium corsicum,flower_primary_color,red_pink,https://web.archive.org/web/20231002005253id_/https://philippe.julve.pagesperso-orange.fr/baseflor.xlsx,,Source name Acinos corsicus; couleur_fleur: rose,,True,wild_or_unspecified_species_record,Codex two-backbone structured-source audit,2026-08-11T04:00:00Z,"Raw structured source row retained; WFO and GBIF independently agree on exact species synonym, accepted target and family; trait mapping rechecked; not cultivar-limited.",,
baseflor:8530:flower_primary_color:618d663af0f1,Clinopodium alpinum,flower_primary_color,red_pink,https://web.archive.org/web/20231002005253id_/https://philippe.julve.pagesperso-orange.fr/baseflor.xlsx,,Source name Acinos alpinus; couleur_fleur: rose,,True,wild_or_unspecified_species_record,Codex two-backbone structured-source audit,2026-08-11T04:00:00Z,"Raw structured source row retained; WFO and GBIF independently agree on exact species synonym, accepted target and family; trait mapping rechecked; not cultivar-limited.",,
baseflor:7011:flower_primary_color:6a103aecbd23,Festuca salzmannii,flower_primary_color,green_brown_inconspicuous,https://web.archive.org/web/20231002005253id_/https://philippe.julve.pagesperso-orange.fr/baseflor.xlsx,,Source name Narduroides salzmannii; couleur_fleur: vert,,True,wild_or_unspecified_species_record,Codex two-backbone structured-source audit,2026-08-11T04:00:00Z,"Raw structured source row retained; WFO and GBIF independently agree on exact species synonym, accepted target and family; trait mapping rechecked; not cultivar-limited.",,
baseflor:30372:inflorescence_display:6bf650979486,Silene muscipula,inflorescence_display,umbel_corymb,https://web.archive.org/web/20231002005253id_/https://philippe.julve.pagesperso-orange.fr/baseflor.xlsx,,Source name Silene corymbifera; inflorescence: cyme bipare,,True,wild_or_unspecified_species_record,Codex two-backbone structured-source audit,2026-08-11T04:00:00Z,"Raw structured source row retained; WFO and GBIF independently agree on exact species synonym, accepted target and family; trait mapping rechecked; not cultivar-limited.",,
baseflor:2126:inflorescence_display:6bf650979486,Sabulina stricta,inflorescence_display,umbel_corymb,https://web.archive.org/web/20231002005253id_/https://philippe.julve.pagesperso-orange.fr/baseflor.xlsx,,Source name Minuartia stricta; inflorescence: cyme bipare,,True,wild_or_unspecified_species_record,Codex two-backbone structured-source audit,2026-08-11T04:00:00Z,"Raw structured source row retained; WFO and GBIF independently agree on exact species synonym, accepted target and family; trait mapping rechecked; not cultivar-limited.",,
baseflor:1480:inflorescence_display:5602f13b2cf4,Odontarrhena robertiana,inflorescence_display,raceme_spike_panicle,https://web.archive.org/web/20231002005253id_/https://philippe.julve.pagesperso-orange.fr/baseflor.xlsx,,Source name Alyssum robertianum; inflorescence: racème simple,,True,wild_or_unspecified_species_record,Codex two-backbone structured-source audit,2026-08-11T04:00:00Z,"Raw structured source row retained; WFO and GBIF independently agree on exact species synonym, accepted target and family; trait mapping rechecked; not cultivar-limited.",,
baseflor:6543:inflorescence_display:70cfe0afa190,Anacamptis papilionacea,inflorescence_display,raceme_spike_panicle,https://web.archive.org/web/20231002005253id_/https://philippe.julve.pagesperso-orange.fr/baseflor.xlsx,,Source name Orchis papilionacea; inflorescence: épi simple,,True,wild_or_unspecified_species_record,Codex two-backbone structured-source audit,2026-08-11T04:00:00Z,"Raw structured source row retained; WFO and GBIF independently agree on exact species synonym, accepted target and family; trait mapping rechecked; not cultivar-limited.",,
baseflor:3779:inflorescence_display:30ad8ebbe384,Solenopsis laurentia,inflorescence_display,umbel_corymb,https://web.archive.org/web/20231002005253id_/https://philippe.julve.pagesperso-orange.fr/baseflor.xlsx,,Source name Laurentia gasparrinii; inflorescence: cyme unipare hélicoïde,,True,wild_or_unspecified_species_record,Codex two-backbone structured-source audit,2026-08-11T04:00:00Z,"Raw structured source row retained; WFO and GBIF independently agree on exact species synonym, accepted target and family; trait mapping rechecked; not cultivar-limited.",,
baseflor:2782:inflorescence_display:6ceeb6ab4e2a,Tripodion tetraphyllum,inflorescence_display,composite_display|raceme_spike_panicle,https://web.archive.org/web/20231002005253id_/https://philippe.julve.pagesperso-orange.fr/baseflor.xlsx,,Source name Anthyllis tetraphylla; inflorescence: racème capituliforme,,True,wild_or_unspecified_species_record,Codex two-backbone structured-source audit,2026-08-11T04:00:00Z,"Raw structured source row retained; WFO and GBIF independently agree on exact species synonym, accepted target and family; trait mapping rechecked; not cultivar-limited.",,
baseflor:2105:inflorescence_display:6bf650979486,Silene flos-jovis,inflorescence_display,umbel_corymb,https://web.archive.org/web/20231002005253id_/https://philippe.julve.pagesperso-orange.fr/baseflor.xlsx,,Source name Lychnis flos-jovis; inflorescence: cyme bipare,,True,wild_or_unspecified_species_record,Codex two-backbone structured-source audit,2026-08-11T04:00:00Z,"Raw structured source row retained; WFO and GBIF independently agree on exact species synonym, accepted target and family; trait mapping rechecked; not cultivar-limited.",,
baseflor:6055:inflorescence_display:9aa2fb1b5be8,Isolepis pseudosetacea,inflorescence_display,raceme_spike_panicle|umbel_corymb,https://web.archive.org/web/20231002005253id_/https://philippe.julve.pagesperso-orange.fr/baseflor.xlsx,,Source name Scirpus pseudosetaceus; inflorescence: cyme d'épis,,True,wild_or_unspecified_species_record,Codex two-backbone structured-source audit,2026-08-11T04:00:00Z,"Raw structured source row retained; WFO and GBIF independently agree on exact species synonym, accepted target and family; trait mapping rechecked; not cultivar-limited.",,
baseflor:131:inflorescence_display:7989838e9c0f,Krubera peregrina,inflorescence_display,umbel_corymb,https://web.archive.org/web/20231002005253id_/https://philippe.julve.pagesperso-orange.fr/baseflor.xlsx,,Source name Capnophyllum peregrinum; inflorescence: ombelle d'ombellules,,True,wild_or_unspecified_species_record,Codex two-backbone structured-source audit,2026-08-11T04:00:00Z,"Raw structured source row retained; WFO and GBIF independently agree on exact species synonym, accepted target and family; trait mapping rechecked; not cultivar-limited.",,
baseflor:7147:inflorescence_display:30804c128d68,Sporobolus alterniflorus,inflorescence_display,raceme_spike_panicle,https://web.archive.org/web/20231002005253id_/https://philippe.julve.pagesperso-orange.fr/baseflor.xlsx,,Source name Spartina alterniflora; inflorescence: épi d'épillets,,True,wild_or_unspecified_species_record,Codex two-backbone structured-source audit,2026-08-11T04:00:00Z,"Raw structured source row retained; WFO and GBIF independently agree on exact species synonym, accepted target and family; trait mapping rechecked; not cultivar-limited.",,
floraweb:4198:mating_system:1ced70a956a7,Oreoselinum nigrum,mating_system,predominantly_outcrossing,https://www.floraweb.de/php/biologie.php?suchnr=4198&,,Source name Peucedanum oreoselinum; Befruchtungstyp: fakultativ xenogam,,True,wild_or_unspecified_species_record,Codex two-backbone structured-source audit,2026-08-11T04:00:00Z,"Raw structured source row retained; WFO and GBIF independently agree on exact species synonym, accepted target and family; trait mapping rechecked; not cultivar-limited.",,
floraweb:5363:mating_system:3e412a5d144a,Schoenoplectiella supina,mating_system,mixed_mating,https://www.floraweb.de/php/biologie.php?suchnr=5363&,,Source name Schoenoplectus supinus; Befruchtungstyp: gemischte Befruchtung,,True,wild_or_unspecified_species_record,Codex two-backbone structured-source audit,2026-08-11T04:00:00Z,"Raw structured source row retained; WFO and GBIF independently agree on exact species synonym, accepted target and family; trait mapping rechecked; not cultivar-limited.",,
floraweb:3474:mating_system:3e412a5d144a,Neottia ovata,mating_system,mixed_mating,https://www.floraweb.de/php/biologie.php?suchnr=3474&,,Source name Listera ovata; Befruchtungstyp: gemischte Befruchtung,,True,wild_or_unspecified_species_record,Codex two-backbone structured-source audit,2026-08-11T04:00:00Z,"Raw structured source row retained; WFO and GBIF independently agree on exact species synonym, accepted target and family; trait mapping rechecked; not cultivar-limited.",,
floraweb:5013:mating_system:1ced70a956a7,Rubus polonicus,mating_system,predominantly_outcrossing,https://www.floraweb.de/php/biologie.php?suchnr=5013&,,Source name Rubus nessensis; Befruchtungstyp: fakultativ xenogam,,True,wild_or_unspecified_species_record,Codex two-backbone structured-source audit,2026-08-11T04:00:00Z,"Raw structured source row retained; WFO and GBIF independently agree on exact species synonym, accepted target and family; trait mapping rechecked; not cultivar-limited.",,
floraweb:48:mating_system:3e412a5d144a,Clinopodium alpinum,mating_system,mixed_mating,https://www.floraweb.de/php/biologie.php?suchnr=48&,,Source name Acinos alpinus; Befruchtungstyp: gemischte Befruchtung,,True,wild_or_unspecified_species_record,Codex two-backbone structured-source audit,2026-08-11T04:00:00Z,"Raw structured source row retained; WFO and GBIF independently agree on exact species synonym, accepted target and family; trait mapping rechecked; not cultivar-limited.",,
floraweb:396:mating_system:5939b7713e9d,Lysimachia foemina,mating_system,predominantly_selfing,https://www.floraweb.de/php/biologie.php?suchnr=396&,,Source name Anagallis foemina; Befruchtungstyp: fakultativ autogam,,True,wild_or_unspecified_species_record,Codex two-backbone structured-source audit,2026-08-11T04:00:00Z,"Raw structured source row retained; WFO and GBIF independently agree on exact species synonym, accepted target and family; trait mapping rechecked; not cultivar-limited.",,
floraweb:5704:mating_system:1ced70a956a7,Cormus domestica,mating_system,predominantly_outcrossing,https://www.floraweb.de/php/biologie.php?suchnr=5704&,,Source name Sorbus domestica; Befruchtungstyp: fakultativ xenogam,,True,wild_or_unspecified_species_record,Codex two-backbone structured-source audit,2026-08-11T04:00:00Z,"Raw structured source row retained; WFO and GBIF independently agree on exact species synonym, accepted target and family; trait mapping rechecked; not cultivar-limited.",,
floraweb:2398:mating_system:063e3db1145c,Festuca beckeri,mating_system,predominantly_outcrossing,https://www.floraweb.de/php/biologie.php?suchnr=2398&,,Source name Festuca polesica; Befruchtungstyp: xenogam,,True,wild_or_unspecified_species_record,Codex two-backbone structured-source audit,2026-08-11T04:00:00Z,"Raw structured source row retained; WFO and GBIF independently agree on exact species synonym, accepted target and family; trait mapping rechecked; not cultivar-limited.",,
floraweb:21382:mating_system:063e3db1145c,Coronilla varia,mating_system,predominantly_outcrossing,https://www.floraweb.de/php/biologie.php?suchnr=21382&,,Source name Securigera varia; Befruchtungstyp: xenogam,,True,wild_or_unspecified_species_record,Codex two-backbone structured-source audit,2026-08-11T04:00:00Z,"Raw structured source row retained; WFO and GBIF independently agree on exact species synonym, accepted target and family; trait mapping rechecked; not cultivar-limited.",,
floraweb:1448:mating_system:5939b7713e9d,Dichodon viscidum,mating_system,predominantly_selfing,https://www.floraweb.de/php/biologie.php?suchnr=1448&,,Source name Cerastium dubium; Befruchtungstyp: fakultativ autogam,,True,wild_or_unspecified_species_record,Codex two-backbone structured-source audit,2026-08-11T04:00:00Z,"Raw structured source row retained; WFO and GBIF independently agree on exact species synonym, accepted target and family; trait mapping rechecked; not cultivar-limited.",,
floraweb:1627:self_incompatibility:c0290fadb00d,Delphinium consolida,self_incompatibility,SI,https://www.floraweb.de/php/biologie.php?suchnr=1627&,,Source name Consolida regalis; SI-Reaktion: selbstinkompatibel,,True,wild_or_unspecified_species_record,Codex two-backbone structured-source audit,2026-08-11T04:00:00Z,"Raw structured source row retained; WFO and GBIF independently agree on exact species synonym, accepted target and family; trait mapping rechecked; not cultivar-limited.",,
floraweb:1443:self_incompatibility:4b4e8d24d2a6,Dichodon cerastoides,self_incompatibility,SC,https://www.floraweb.de/php/biologie.php?suchnr=1443&,,Source name Cerastium cerastoides; SI-Reaktion: selbstkompatibel,,True,wild_or_unspecified_species_record,Codex two-backbone structured-source audit,2026-08-11T04:00:00Z,"Raw structured source row retained; WFO and GBIF independently agree on exact species synonym, accepted target and family; trait mapping rechecked; not cultivar-limited.",,
floraweb:1627:self_incompatibility:4b4e8d24d2a6,Delphinium consolida,self_incompatibility,SC,https://www.floraweb.de/php/biologie.php?suchnr=1627&,,Source name Consolida regalis; SI-Reaktion: selbstkompatibel,,True,wild_or_unspecified_species_record,Codex two-backbone structured-source audit,2026-08-11T04:00:00Z,"Raw structured source row retained; WFO and GBIF independently agree on exact species synonym, accepted target and family; trait mapping rechecked; not cultivar-limited.",,
floraweb:5363:self_incompatibility:4b4e8d24d2a6,Schoenoplectiella supina,self_incompatibility,SC,https://www.floraweb.de/php/biologie.php?suchnr=5363&,,Source name Schoenoplectus supinus; SI-Reaktion: selbstkompatibel,,True,wild_or_unspecified_species_record,Codex two-backbone structured-source audit,2026-08-11T04:00:00Z,"Raw structured source row retained; WFO and GBIF independently agree on exact species synonym, accepted target and family; trait mapping rechecked; not cultivar-limited.",,
floraweb:29582:self_incompatibility:4b4e8d24d2a6,Knautia dipsacifolia,self_incompatibility,SC,https://www.floraweb.de/php/biologie.php?suchnr=29582&,,Source name Knautia maxima; SI-Reaktion: selbstkompatibel,,True,wild_or_unspecified_species_record,Codex two-backbone structured-source audit,2026-08-11T04:00:00Z,"Raw structured source row retained; WFO and GBIF independently agree on exact species synonym, accepted target and family; trait mapping rechecked; not cultivar-limited.",,
floraweb:4195:self_incompatibility:4b4e8d24d2a6,Cervaria rivini,self_incompatibility,SC,https://www.floraweb.de/php/biologie.php?suchnr=4195&,,Source name Peucedanum cervaria; SI-Reaktion: selbstkompatibel,,True,wild_or_unspecified_species_record,Codex two-backbone structured-source audit,2026-08-11T04:00:00Z,"Raw structured source row retained; WFO and GBIF independently agree on exact species synonym, accepted target and family; trait mapping rechecked; not cultivar-limited.",,
floraweb:49:self_incompatibility:4b4e8d24d2a6,Clinopodium acinos,self_incompatibility,SC,https://www.floraweb.de/php/biologie.php?suchnr=49&,,Source name Acinos arvensis; SI-Reaktion: selbstkompatibel,,True,wild_or_unspecified_species_record,Codex two-backbone structured-source audit,2026-08-11T04:00:00Z,"Raw structured source row retained; WFO and GBIF independently agree on exact species synonym, accepted target and family; trait mapping rechecked; not cultivar-limited.",,
floraweb:2398:self_incompatibility:c0290fadb00d,Festuca beckeri,self_incompatibility,SI,https://www.floraweb.de/php/biologie.php?suchnr=2398&,,Source name Festuca polesica; SI-Reaktion: selbstinkompatibel,,True,wild_or_unspecified_species_record,Codex two-backbone structured-source audit,2026-08-11T04:00:00Z,"Raw structured source row retained; WFO and GBIF independently agree on exact species synonym, accepted target and family; trait mapping rechecked; not cultivar-limited.",,
floraweb:48:self_incompatibility:4b4e8d24d2a6,Clinopodium alpinum,self_incompatibility,SC,https://www.floraweb.de/php/biologie.php?suchnr=48&,,Source name Acinos alpinus; SI-Reaktion: selbstkompatibel,,True,wild_or_unspecified_species_record,Codex two-backbone structured-source audit,2026-08-11T04:00:00Z,"Raw structured source row retained; WFO and GBIF independently agree on exact species synonym, accepted target and family; trait mapping rechecked; not cultivar-limited.",,
floraweb:4227:self_incompatibility:4b4e8d24d2a6,Phlomoides tuberosa,self_incompatibility,SC,https://www.floraweb.de/php/biologie.php?suchnr=4227&,,Source name Phlomis tuberosa; SI-Reaktion: selbstkompatibel,,True,wild_or_unspecified_species_record,Codex two-backbone structured-source audit,2026-08-11T04:00:00Z,"Raw structured source row retained; WFO and GBIF independently agree on exact species synonym, accepted target and family; trait mapping rechecked; not cultivar-limited.",,
baseflor:6290:inflorescence_display:50db59ae7ce4,Colchicum bulbocodium,inflorescence_display,solitary,https://web.archive.org/web/20231002005253id_/https://philippe.julve.pagesperso-orange.fr/baseflor.xlsx,,Source name Bulbocodium vernum; inflorescence: fleur solitaire terminale,,True,wild_or_unspecified_species_record,Codex two-backbone structured-source audit,2026-08-11T04:00:00Z,"Raw structured source row retained; WFO and GBIF independently agree on exact species synonym, accepted target and family; trait mapping rechecked; not cultivar-limited.",,
baseflor:657:inflorescence_display:dddea860b173,Lactuca plumieri,inflorescence_display,composite_display|umbel_corymb,https://web.archive.org/web/20231002005253id_/https://philippe.julve.pagesperso-orange.fr/baseflor.xlsx,,Source name Cicerbita plumieri; inflorescence: corymbe de capitules,,True,wild_or_unspecified_species_record,Codex two-backbone structured-source audit,2026-08-11T04:00:00Z,"Raw structured source row retained; WFO and GBIF independently agree on exact species synonym, accepted target and family; trait mapping rechecked; not cultivar-limited.",,
baseflor:3814:inflorescence_display:7ec711535b17,Malva multiflora,inflorescence_display,raceme_spike_panicle|umbel_corymb,https://web.archive.org/web/20231002005253id_/https://philippe.julve.pagesperso-orange.fr/baseflor.xlsx,,Source name Lavatera cretica; inflorescence: racème de cymes unipares scorpioïdes,,True,wild_or_unspecified_species_record,Codex two-backbone structured-source audit,2026-08-11T04:00:00Z,"Raw structured source row retained; WFO and GBIF independently agree on exact species synonym, accepted target and family; trait mapping rechecked; not cultivar-limited.",,
baseflor:242:inflorescence_display:7989838e9c0f,Sison segetum,inflorescence_display,umbel_corymb,https://web.archive.org/web/20231002005253id_/https://philippe.julve.pagesperso-orange.fr/baseflor.xlsx,,Source name Petroselinum segetum; inflorescence: ombelle d'ombellules,,True,wild_or_unspecified_species_record,Codex two-backbone structured-source audit,2026-08-11T04:00:00Z,"Raw structured source row retained; WFO and GBIF independently agree on exact species synonym, accepted target and family; trait mapping rechecked; not cultivar-limited.",,
baseflor:7196:inflorescence_display:30804c128d68,Festuca bromoides,inflorescence_display,raceme_spike_panicle,https://web.archive.org/web/20231002005253id_/https://philippe.julve.pagesperso-orange.fr/baseflor.xlsx,,Source name Vulpia bromoides; inflorescence: épi d'épillets,,True,wild_or_unspecified_species_record,Codex two-backbone structured-source audit,2026-08-11T04:00:00Z,"Raw structured source row retained; WFO and GBIF independently agree on exact species synonym, accepted target and family; trait mapping rechecked; not cultivar-limited.",,
baseflor:2124:inflorescence_display:6bf650979486,Cherleria sedoides,inflorescence_display,umbel_corymb,https://web.archive.org/web/20231002005253id_/https://philippe.julve.pagesperso-orange.fr/baseflor.xlsx,,Source name Minuartia sedoides; inflorescence: cyme bipare,,True,wild_or_unspecified_species_record,Codex two-backbone structured-source audit,2026-08-11T04:00:00Z,"Raw structured source row retained; WFO and GBIF independently agree on exact species synonym, accepted target and family; trait mapping rechecked; not cultivar-limited.",,
baseflor:1194:flower_primary_color:d0a127e3c213,Jacobaea paludosa,flower_primary_color,yellow_orange,https://web.archive.org/web/20231002005253id_/https://philippe.julve.pagesperso-orange.fr/baseflor.xlsx,,Source name Senecio paludosus; couleur_fleur: jaune,,True,wild_or_unspecified_species_record,Codex two-backbone structured-source audit,2026-08-11T04:00:00Z,"Raw structured source row retained; WFO and GBIF independently agree on exact species synonym, accepted target and family; trait mapping rechecked; not cultivar-limited.",,
baseflor:7185:flower_primary_color:2985d9fa958f,Trisetaria panicea,flower_primary_color,white,https://web.archive.org/web/20231002005253id_/https://philippe.julve.pagesperso-orange.fr/baseflor.xlsx,,Source name Trisetum paniceum; couleur_fleur: blanc,,True,wild_or_unspecified_species_record,Codex two-backbone structured-source audit,2026-08-11T04:00:00Z,"Raw structured source row retained; WFO and GBIF independently agree on exact species synonym, accepted target and family; trait mapping rechecked; not cultivar-limited.",,
baseflor:6666:inflorescence_display:806b9e817286,Bellardiochloa variegata,inflorescence_display,raceme_spike_panicle,https://web.archive.org/web/20231002005253id_/https://philippe.julve.pagesperso-orange.fr/baseflor.xlsx,,Source name Bellardiochloa violacea; inflorescence: panicule d'épillets,,True,wild_or_unspecified_species_record,Codex two-backbone structured-source audit,2026-08-11T04:00:00Z,"Raw structured source row retained; WFO and GBIF independently agree on exact species synonym, accepted target and family; trait mapping rechecked; not cultivar-limited.",,
baseflor:6809:flower_primary_color:6a103aecbd23,Thinopyrum flaccidifolium,flower_primary_color,green_brown_inconspicuous,https://web.archive.org/web/20231002005253id_/https://philippe.julve.pagesperso-orange.fr/baseflor.xlsx,,Source name Elymus flaccidifolius; couleur_fleur: vert,,True,wild_or_unspecified_species_record,Codex two-backbone structured-source audit,2026-08-11T04:00:00Z,"Raw structured source row retained; WFO and GBIF independently agree on exact species synonym, accepted target and family; trait mapping rechecked; not cultivar-limited.",,
baseflor:30038:inflorescence_display:50db59ae7ce4,Achillea falcata,inflorescence_display,solitary,https://web.archive.org/web/20231002005253id_/https://philippe.julve.pagesperso-orange.fr/baseflor.xlsx,,Source name Ceratocephalus falcatus; inflorescence: fleur solitaire terminale,,True,wild_or_unspecified_species_record,Codex two-backbone structured-source audit,2026-08-11T04:00:00Z,"Raw structured source row retained; WFO and GBIF independently agree on exact species synonym, accepted target and family; trait mapping rechecked; not cultivar-limited.",,
floraweb:2899:autonomous_selfing_capacity:dad576425c97,Pilosella lactucella,autonomous_selfing_capacity,autonomous,https://www.floraweb.de/php/biologie.php?suchnr=2899&,,Source name Hieracium lactucella; Bestäubung (Pollenvektoren): selten Selbstbestäubung,,True,wild_or_unspecified_species_record,Codex two-backbone structured-source audit,2026-08-11T04:00:00Z,"Raw structured source row retained; WFO and GBIF independently agree on exact species synonym, accepted target and family; trait mapping rechecked; not cultivar-limited.",,
baseflor:4806:inflorescence_display:30ad8ebbe384,Potentilla verna,inflorescence_display,umbel_corymb,https://web.archive.org/web/20231002005253id_/https://philippe.julve.pagesperso-orange.fr/baseflor.xlsx,,Source name Potentilla tabernaemontani; inflorescence: cyme unipare hélicoïde,,True,wild_or_unspecified_species_record,Codex two-backbone structured-source audit,2026-08-11T04:00:00Z,"Raw structured source row retained; WFO and GBIF independently agree on exact species synonym, accepted target and family; trait mapping rechecked; not cultivar-limited.",,
baseflor:2982:flower_primary_color:2985d9fa958f,Vicia loiseleurii,flower_primary_color,white,https://web.archive.org/web/20231002005253id_/https://philippe.julve.pagesperso-orange.fr/baseflor.xlsx,,Source name Vicia meyeri; couleur_fleur: blanc,,True,wild_or_unspecified_species_record,Codex two-backbone structured-source audit,2026-08-11T04:00:00Z,"Raw structured source row retained; WFO and GBIF independently agree on exact species synonym, accepted target and family; trait mapping rechecked; not cultivar-limited.",,
baseflor:6055:flower_primary_color:6a103aecbd23,Isolepis pseudosetacea,flower_primary_color,green_brown_inconspicuous,https://web.archive.org/web/20231002005253id_/https://philippe.julve.pagesperso-orange.fr/baseflor.xlsx,,Source name Scirpus pseudosetaceus; couleur_fleur: vert,,True,wild_or_unspecified_species_record,Codex two-backbone structured-source audit,2026-08-11T04:00:00Z,"Raw structured source row retained; WFO and GBIF independently agree on exact species synonym, accepted target and family; trait mapping rechecked; not cultivar-limited.",,
baseflor:2834:inflorescence_display:6ceeb6ab4e2a,Bituminaria bituminosa,inflorescence_display,composite_display|raceme_spike_panicle,https://web.archive.org/web/20231002005253id_/https://philippe.julve.pagesperso-orange.fr/baseflor.xlsx,,Source name Psoralea bituminosa; inflorescence: racème capituliforme,,True,wild_or_unspecified_species_record,Codex two-backbone structured-source audit,2026-08-11T04:00:00Z,"Raw structured source row retained; WFO and GBIF independently agree on exact species synonym, accepted target and family; trait mapping rechecked; not cultivar-limited.",,
baseflor:14774:autonomous_selfing_capacity:c2e44fd3034a,Tephroseris helenitis,autonomous_selfing_capacity,autonomous,https://web.archive.org/web/20231002005253id_/https://philippe.julve.pagesperso-orange.fr/baseflor.xlsx,,"Source name Senecio helenitis; pollinisation: entomogame, autogame",,True,wild_or_unspecified_species_record,Codex two-backbone structured-source audit,2026-08-11T04:00:00Z,"Raw structured source row retained; WFO and GBIF independently agree on exact species synonym, accepted target and family; trait mapping rechecked; not cultivar-limited.",,
baseflor:12717:inflorescence_display:7989838e9c0f,Mutellina corsica,inflorescence_display,umbel_corymb,https://web.archive.org/web/20231002005253id_/https://philippe.julve.pagesperso-orange.fr/baseflor.xlsx,,Source name Ligusticum corsicum; inflorescence: ombelle d'ombellules,,True,wild_or_unspecified_species_record,Codex two-backbone structured-source audit,2026-08-11T04:00:00Z,"Raw structured source row retained; WFO and GBIF independently agree on exact species synonym, accepted target and family; trait mapping rechecked; not cultivar-limited.",,
baseflor:1691:flower_primary_color:d0a127e3c213,Descurainia tanacetifolia,flower_primary_color,yellow_orange,https://web.archive.org/web/20231002005253id_/https://philippe.julve.pagesperso-orange.fr/baseflor.xlsx,,Source name Hugueninia tanacetifolia; couleur_fleur: jaune,,True,wild_or_unspecified_species_record,Codex two-backbone structured-source audit,2026-08-11T04:00:00Z,"Raw structured source row retained; WFO and GBIF independently agree on exact species synonym, accepted target and family; trait mapping rechecked; not cultivar-limited.",,
baseflor:2144:flower_primary_color:2985d9fa958f,Chaetonychia cymosa,flower_primary_color,white,https://web.archive.org/web/20231002005253id_/https://philippe.julve.pagesperso-orange.fr/baseflor.xlsx,,Source name Paronychia cymosa; couleur_fleur: blanc,,True,wild_or_unspecified_species_record,Codex two-backbone structured-source audit,2026-08-11T04:00:00Z,"Raw structured source row retained; WFO and GBIF independently agree on exact species synonym, accepted target and family; trait mapping rechecked; not cultivar-limited.",,
baseflor:6092:flower_primary_color:50ab0299c6f8,Moraea sisyrinchium,flower_primary_color,blue_purple,https://web.archive.org/web/20231002005253id_/https://philippe.julve.pagesperso-orange.fr/baseflor.xlsx,,Source name Gynandriris sisyrinchium; couleur_fleur: bleu,,True,wild_or_unspecified_species_record,Codex two-backbone structured-source audit,2026-08-11T04:00:00Z,"Raw structured source row retained; WFO and GBIF independently agree on exact species synonym, accepted target and family; trait mapping rechecked; not cultivar-limited.",,
baseflor:30377:inflorescence_display:6bf650979486,Viscaria vulgaris,inflorescence_display,umbel_corymb,https://web.archive.org/web/20231002005253id_/https://philippe.julve.pagesperso-orange.fr/baseflor.xlsx,,Source name Lychnis viscaria; inflorescence: cyme bipare,,True,wild_or_unspecified_species_record,Codex two-backbone structured-source audit,2026-08-11T04:00:00Z,"Raw structured source row retained; WFO and GBIF independently agree on exact species synonym, accepted target and family; trait mapping rechecked; not cultivar-limited.",,
baseflor:30256:inflorescence_display:9bc5f52510f2,Iberodes littoralis,inflorescence_display,raceme_spike_panicle|umbel_corymb,https://web.archive.org/web/20231002005253id_/https://philippe.julve.pagesperso-orange.fr/baseflor.xlsx,,Source name Omphalodes littoralis; inflorescence: racème de cymes unipares hélicoïdes,,True,wild_or_unspecified_species_record,Codex two-backbone structured-source audit,2026-08-11T04:00:00Z,"Raw structured source row retained; WFO and GBIF independently agree on exact species synonym, accepted target and family; trait mapping rechecked; not cultivar-limited.",,
baseflor:2927:inflorescence_display:5602f13b2cf4,Sulla glomerata,inflorescence_display,raceme_spike_panicle,https://web.archive.org/web/20231002005253id_/https://philippe.julve.pagesperso-orange.fr/baseflor.xlsx,,Source name Hedysarum glomeratum; inflorescence: racème simple,,True,wild_or_unspecified_species_record,Codex two-backbone structured-source audit,2026-08-11T04:00:00Z,"Raw structured source row retained; WFO and GBIF independently agree on exact species synonym, accepted target and family; trait mapping rechecked; not cultivar-limited.",,
baseflor:6092:inflorescence_display:30ad8ebbe384,Moraea sisyrinchium,inflorescence_display,umbel_corymb,https://web.archive.org/web/20231002005253id_/https://philippe.julve.pagesperso-orange.fr/baseflor.xlsx,,Source name Gynandriris sisyrinchium; inflorescence: cyme unipare hélicoïde,,True,wild_or_unspecified_species_record,Codex two-backbone structured-source audit,2026-08-11T04:00:00Z,"Raw structured source row retained; WFO and GBIF independently agree on exact species synonym, accepted target and family; trait mapping rechecked; not cultivar-limited.",,
baseflor:11823:flower_primary_color:d0a127e3c213,Pilosella tardans,flower_primary_color,yellow_orange,https://web.archive.org/web/20231002005253id_/https://philippe.julve.pagesperso-orange.fr/baseflor.xlsx,,Source name Hieracium tardans; couleur_fleur: jaune,,True,wild_or_unspecified_species_record,Codex two-backbone structured-source audit,2026-08-11T04:00:00Z,"Raw structured source row retained; WFO and GBIF independently agree on exact species synonym, accepted target and family; trait mapping rechecked; not cultivar-limited.",,
baseflor:1168:autonomous_selfing_capacity:c2e44fd3034a,Senecio sarracenicus,autonomous_selfing_capacity,autonomous,https://web.archive.org/web/20231002005253id_/https://philippe.julve.pagesperso-orange.fr/baseflor.xlsx,,"Source name Senecio fluviatilis; pollinisation: entomogame, autogame",,True,wild_or_unspecified_species_record,Codex two-backbone structured-source audit,2026-08-11T04:00:00Z,"Raw structured source row retained; WFO and GBIF independently agree on exact species synonym, accepted target and family; trait mapping rechecked; not cultivar-limited.",,
baseflor:89:inflorescence_display:7989838e9c0f,Helosciadium nodiflorum,inflorescence_display,umbel_corymb,https://web.archive.org/web/20231002005253id_/https://philippe.julve.pagesperso-orange.fr/baseflor.xlsx,,Source name Apium nodiflorum; inflorescence: ombelle d'ombellules,,True,wild_or_unspecified_species_record,Codex two-backbone structured-source audit,2026-08-11T04:00:00Z,"Raw structured source row retained; WFO and GBIF independently agree on exact species synonym, accepted target and family; trait mapping rechecked; not cultivar-limited.",,
baseflor:2015:inflorescence_display:6bf650979486,Dichodon cerastoides,inflorescence_display,umbel_corymb,https://web.archive.org/web/20231002005253id_/https://philippe.julve.pagesperso-orange.fr/baseflor.xlsx,,Source name Cerastium cerastoides; inflorescence: cyme bipare,,True,wild_or_unspecified_species_record,Codex two-backbone structured-source audit,2026-08-11T04:00:00Z,"Raw structured source row retained; WFO and GBIF independently agree on exact species synonym, accepted target and family; trait mapping rechecked; not cultivar-limited.",,
baseflor:4440:flower_primary_color:50ab0299c6f8,Delphinium pubescens,flower_primary_color,blue_purple,https://web.archive.org/web/20231002005253id_/https://philippe.julve.pagesperso-orange.fr/baseflor.xlsx,,Source name Consolida pubescens; couleur_fleur: bleu,,True,wild_or_unspecified_species_record,Codex two-backbone structured-source audit,2026-08-11T04:00:00Z,"Raw structured source row retained; WFO and GBIF independently agree on exact species synonym, accepted target and family; trait mapping rechecked; not cultivar-limited.",,
baseflor:6796:inflorescence_display:30804c128d68,Thinopyrum acutum,inflorescence_display,raceme_spike_panicle,https://web.archive.org/web/20231002005253id_/https://philippe.julve.pagesperso-orange.fr/baseflor.xlsx,,Source name Elymus pycnanthus; inflorescence: épi d'épillets,,True,wild_or_unspecified_species_record,Codex two-backbone structured-source audit,2026-08-11T04:00:00Z,"Raw structured source row retained; WFO and GBIF independently agree on exact species synonym, accepted target and family; trait mapping rechecked; not cultivar-limited.",,
baseflor:271:inflorescence_display:7989838e9c0f,Daucus rouyi,inflorescence_display,umbel_corymb,https://web.archive.org/web/20231002005253id_/https://philippe.julve.pagesperso-orange.fr/baseflor.xlsx,,Source name Rouya polygama; inflorescence: ombelle d'ombellules,,True,wild_or_unspecified_species_record,Codex two-backbone structured-source audit,2026-08-11T04:00:00Z,"Raw structured source row retained; WFO and GBIF independently agree on exact species synonym, accepted target and family; trait mapping rechecked; not cultivar-limited.",,
baseflor:6284:inflorescence_display:5602f13b2cf4,Asphodelus cerasifer,inflorescence_display,raceme_spike_panicle,https://web.archive.org/web/20231002005253id_/https://philippe.julve.pagesperso-orange.fr/baseflor.xlsx,,Source name Asphodelus chambeironii; inflorescence: racème simple,,True,wild_or_unspecified_species_record,Codex two-backbone structured-source audit,2026-08-11T04:00:00Z,"Raw structured source row retained; WFO and GBIF independently agree on exact species synonym, accepted target and family; trait mapping rechecked; not cultivar-limited.",,
baseflor:5440:inflorescence_display:70cfe0afa190,Rhinanthus glacialis,inflorescence_display,raceme_spike_panicle,https://web.archive.org/web/20231002005253id_/https://philippe.julve.pagesperso-orange.fr/baseflor.xlsx,,Source name Rhinanthus aristatus; inflorescence: épi simple,,True,wild_or_unspecified_species_record,Codex two-backbone structured-source audit,2026-08-11T04:00:00Z,"Raw structured source row retained; WFO and GBIF independently agree on exact species synonym, accepted target and family; trait mapping rechecked; not cultivar-limited.",,
floraweb:1625:autonomous_selfing_capacity:8bcdd80e70d4,Delphinium ajacis,autonomous_selfing_capacity,autonomous,https://www.floraweb.de/php/biologie.php?suchnr=1625&,,Source name Consolida ajacis; Bestäubung (Pollenvektoren): häufig Selbstbestäubung,,True,wild_or_unspecified_species_record,Codex two-backbone structured-source audit,2026-08-11T04:00:00Z,"Raw structured source row retained; WFO and GBIF independently agree on exact species synonym, accepted target and family; trait mapping rechecked; not cultivar-limited.",,
baseflor:3129:flower_primary_color:d0a127e3c213,Coronilla securidaca,flower_primary_color,yellow_orange,https://web.archive.org/web/20231002005253id_/https://philippe.julve.pagesperso-orange.fr/baseflor.xlsx,,Source name Securigera securidaca; couleur_fleur: jaune,,True,wild_or_unspecified_species_record,Codex two-backbone structured-source audit,2026-08-11T04:00:00Z,"Raw structured source row retained; WFO and GBIF independently agree on exact species synonym, accepted target and family; trait mapping rechecked; not cultivar-limited.",,
floraweb:4198:floral_form:8450804dc47b,Oreoselinum nigrum,floral_form,open_radial,https://www.floraweb.de/php/biologie.php?suchnr=4198&,,"Source name Peucedanum oreoselinum; Blumentyp (nach Kugler 1970): Scheibenblumen, Nektar offen",,True,wild_or_unspecified_species_record,Codex two-backbone structured-source audit,2026-08-11T04:00:00Z,"Raw structured source row retained; WFO and GBIF independently agree on exact species synonym, accepted target and family; trait mapping rechecked; not cultivar-limited.",,
floraweb:2877:floral_form:9786ea4f41e4,Pilosella echioides,floral_form,composite_head,https://www.floraweb.de/php/biologie.php?suchnr=2877&,,"Source name Hieracium echioides; Blumentyp (nach Kugler 1970): Köpfchenblumen, Asteraceae, ausschließlich Zugenblüten",,True,wild_or_unspecified_species_record,Codex two-backbone structured-source audit,2026-08-11T04:00:00Z,"Raw structured source row retained; WFO and GBIF independently agree on exact species synonym, accepted target and family; trait mapping rechecked; not cultivar-limited.",,
baseflor:3345:inflorescence_display:6bf650979486,Schenkia spicata,inflorescence_display,umbel_corymb,https://web.archive.org/web/20231002005253id_/https://philippe.julve.pagesperso-orange.fr/baseflor.xlsx,,Source name Centaurium spicatum; inflorescence: cyme bipare,,True,wild_or_unspecified_species_record,Codex two-backbone structured-source audit,2026-08-11T04:00:00Z,"Raw structured source row retained; WFO and GBIF independently agree on exact species synonym, accepted target and family; trait mapping rechecked; not cultivar-limited.",,
floraweb:1998:floral_form:52e20bba4976,Lotus germanicus,floral_form,papilionaceous,https://www.floraweb.de/php/biologie.php?suchnr=1998&,,"Source name Dorycnium germanicum; Blumentyp (nach Kugler 1970): Schmetterlingsblumen, Fabaceentyp, Pumpeinrichtung",,True,wild_or_unspecified_species_record,Codex two-backbone structured-source audit,2026-08-11T04:00:00Z,"Raw structured source row retained; WFO and GBIF independently agree on exact species synonym, accepted target and family; trait mapping rechecked; not cultivar-limited.",,
floraweb:4303:autonomous_selfing_capacity:9bbaa5721c9b,Lathyrus oleraceus,autonomous_selfing_capacity,autonomous,https://www.floraweb.de/php/biologie.php?suchnr=4303&,,Source name Pisum sativum; Bestäubung (Pollenvektoren): in der Regel Selbstbestäubung,,True,wild_or_unspecified_species_record,Codex two-backbone structured-source audit,2026-08-11T04:00:00Z,"Raw structured source row retained; WFO and GBIF independently agree on exact species synonym, accepted target and family; trait mapping rechecked; not cultivar-limited.",,
floraweb:1549:floral_form:9786ea4f41e4,Lactuca plumieri,floral_form,composite_head,https://www.floraweb.de/php/biologie.php?suchnr=1549&,,"Source name Cicerbita plumieri; Blumentyp (nach Kugler 1970): Köpfchenblumen, Asteraceae, ausschließlich Zugenblüten",,True,wild_or_unspecified_species_record,Codex two-backbone structured-source audit,2026-08-11T04:00:00Z,"Raw structured source row retained; WFO and GBIF independently agree on exact species synonym, accepted target and family; trait mapping rechecked; not cultivar-limited.",,
floraweb:22667:autonomous_selfing_capacity:9bbaa5721c9b,Noccaea perfoliata,autonomous_selfing_capacity,autonomous,https://www.floraweb.de/php/biologie.php?suchnr=22667&,,Source name Microthlaspi perfoliatum; Bestäubung (Pollenvektoren): in der Regel Selbstbestäubung,,True,wild_or_unspecified_species_record,Codex two-backbone structured-source audit,2026-08-11T04:00:00Z,"Raw structured source row retained; WFO and GBIF independently agree on exact species synonym, accepted target and family; trait mapping rechecked; not cultivar-limited.",,
baseflor:7149:inflorescence_display:30804c128d68,Sporobolus versicolor,inflorescence_display,raceme_spike_panicle,https://web.archive.org/web/20231002005253id_/https://philippe.julve.pagesperso-orange.fr/baseflor.xlsx,,Source name Spartina versicolor; inflorescence: épi d'épillets,,True,wild_or_unspecified_species_record,Codex two-backbone structured-source audit,2026-08-11T04:00:00Z,"Raw structured source row retained; WFO and GBIF independently agree on exact species synonym, accepted target and family; trait mapping rechecked; not cultivar-limited.",,
baseflor:29968:inflorescence_display:a075be61a808,Thliphthisa purpurea,inflorescence_display,umbel_corymb,https://web.archive.org/web/20231002005253id_/https://philippe.julve.pagesperso-orange.fr/baseflor.xlsx,,Source name Asperula purpurea; inflorescence: cyme d'ombelles,,True,wild_or_unspecified_species_record,Codex two-backbone structured-source audit,2026-08-11T04:00:00Z,"Raw structured source row retained; WFO and GBIF independently agree on exact species synonym, accepted target and family; trait mapping rechecked; not cultivar-limited.",,
floraweb:2709:mating_system:5939b7713e9d,Lysimachia maritima,mating_system,predominantly_selfing,https://www.floraweb.de/php/biologie.php?suchnr=2709&,,Source name Glaux maritima; Befruchtungstyp: fakultativ autogam,,True,wild_or_unspecified_species_record,Codex two-backbone structured-source audit,2026-08-11T04:00:00Z,"Raw structured source row retained; WFO and GBIF independently agree on exact species synonym, accepted target and family; trait mapping rechecked; not cultivar-limited.",,
floraweb:6158:autonomous_selfing_capacity:9bbaa5721c9b,Gypsophila vaccaria,autonomous_selfing_capacity,autonomous,https://www.floraweb.de/php/biologie.php?suchnr=6158&,,Source name Vaccaria hispanica; Bestäubung (Pollenvektoren): in der Regel Selbstbestäubung,,True,wild_or_unspecified_species_record,Codex two-backbone structured-source audit,2026-08-11T04:00:00Z,"Raw structured source row retained; WFO and GBIF independently agree on exact species synonym, accepted target and family; trait mapping rechecked; not cultivar-limited.",,
floraweb:36373:floral_form:9786ea4f41e4,Pilosella chomatophila,floral_form,composite_head,https://www.floraweb.de/php/biologie.php?suchnr=36373&,,"Source name Hieracium chomatophilum; Blumentyp (nach Kugler 1970): Köpfchenblumen, Asteraceae, ausschließlich Zugenblüten",,True,wild_or_unspecified_species_record,Codex two-backbone structured-source audit,2026-08-11T04:00:00Z,"Raw structured source row retained; WFO and GBIF independently agree on exact species synonym, accepted target and family; trait mapping rechecked; not cultivar-limited.",,
baseflor:2152:inflorescence_display:6bf650979486,Petrorhagia dubia,inflorescence_display,umbel_corymb,https://web.archive.org/web/20231002005253id_/https://philippe.julve.pagesperso-orange.fr/baseflor.xlsx,,Source name Petrorhagia velutina; inflorescence: cyme bipare,,True,wild_or_unspecified_species_record,Codex two-backbone structured-source audit,2026-08-11T04:00:00Z,"Raw structured source row retained; WFO and GBIF independently agree on exact species synonym, accepted target and family; trait mapping rechecked; not cultivar-limited.",,
baseflor:6656:inflorescence_display:806b9e817286,Helictochloa marginata,inflorescence_display,raceme_spike_panicle,https://web.archive.org/web/20231002005253id_/https://philippe.julve.pagesperso-orange.fr/baseflor.xlsx,,Source name Avenula marginata; inflorescence: panicule d'épillets,,True,wild_or_unspecified_species_record,Codex two-backbone structured-source audit,2026-08-11T04:00:00Z,"Raw structured source row retained; WFO and GBIF independently agree on exact species synonym, accepted target and family; trait mapping rechecked; not cultivar-limited.",,
baseflor:2985:inflorescence_display:7e7cf74ee382,Lotus biflorus,inflorescence_display,umbel_corymb,https://web.archive.org/web/20231002005253id_/https://philippe.julve.pagesperso-orange.fr/baseflor.xlsx,,Source name Tetragonolobus biflorus; inflorescence: ombelle simple,,True,wild_or_unspecified_species_record,Codex two-backbone structured-source audit,2026-08-11T04:00:00Z,"Raw structured source row retained; WFO and GBIF independently agree on exact species synonym, accepted target and family; trait mapping rechecked; not cultivar-limited.",,
baseflor:403:flower_primary_color:da1556e11890,Anthemis rigida,flower_primary_color,white|yellow_orange,https://web.archive.org/web/20231002005253id_/https://philippe.julve.pagesperso-orange.fr/baseflor.xlsx,,"Source name Anthemis asperula; couleur_fleur: blanc, jaune",,True,wild_or_unspecified_species_record,Codex two-backbone structured-source audit,2026-08-11T04:00:00Z,"Raw structured source row retained; WFO and GBIF independently agree on exact species synonym, accepted target and family; trait mapping rechecked; not cultivar-limited.",,
floraweb:27784:mating_system:063e3db1145c,Thinopyrum obtusiflorum,mating_system,predominantly_outcrossing,https://www.floraweb.de/php/biologie.php?suchnr=27784&,,Source name Elymus obtusiflorus; Befruchtungstyp: xenogam,,True,wild_or_unspecified_species_record,Codex two-backbone structured-source audit,2026-08-11T04:00:00Z,"Raw structured source row retained; WFO and GBIF independently agree on exact species synonym, accepted target and family; trait mapping rechecked; not cultivar-limited.",,
baseflor:1678:flower_primary_color:2985d9fa958f,Fourraea alpina,flower_primary_color,white,https://web.archive.org/web/20231002005253id_/https://philippe.julve.pagesperso-orange.fr/baseflor.xlsx,,Source name Arabis pauciflora; couleur_fleur: blanc,,True,wild_or_unspecified_species_record,Codex two-backbone structured-source audit,2026-08-11T04:00:00Z,"Raw structured source row retained; WFO and GBIF independently agree on exact species synonym, accepted target and family; trait mapping rechecked; not cultivar-limited.",,
floraweb:4199:mating_system:1ced70a956a7,Imperatoria ostruthium,mating_system,predominantly_outcrossing,https://www.floraweb.de/php/biologie.php?suchnr=4199&,,Source name Peucedanum ostruthium; Befruchtungstyp: fakultativ xenogam,,True,wild_or_unspecified_species_record,Codex two-backbone structured-source audit,2026-08-11T04:00:00Z,"Raw structured source row retained; WFO and GBIF independently agree on exact species synonym, accepted target and family; trait mapping rechecked; not cultivar-limited.",,
floraweb:4227:floral_form:8d1ae556ad9b,Phlomoides tuberosa,floral_form,bilabiate,https://www.floraweb.de/php/biologie.php?suchnr=4227&,,Source name Phlomis tuberosa; Blumentyp (nach Kugler 1970): Eigentliche Lippenblumen,,True,wild_or_unspecified_species_record,Codex two-backbone structured-source audit,2026-08-11T04:00:00Z,"Raw structured source row retained; WFO and GBIF independently agree on exact species synonym, accepted target and family; trait mapping rechecked; not cultivar-limited.",,
baseflor:2126:flower_primary_color:2985d9fa958f,Sabulina stricta,flower_primary_color,white,https://web.archive.org/web/20231002005253id_/https://philippe.julve.pagesperso-orange.fr/baseflor.xlsx,,Source name Minuartia stricta; couleur_fleur: blanc,,True,wild_or_unspecified_species_record,Codex two-backbone structured-source audit,2026-08-11T04:00:00Z,"Raw structured source row retained; WFO and GBIF independently agree on exact species synonym, accepted target and family; trait mapping rechecked; not cultivar-limited.",,
baseflor:1818:flower_primary_color:2985d9fa958f,Mummenhoffia alliacea,flower_primary_color,white,https://web.archive.org/web/20231002005253id_/https://philippe.julve.pagesperso-orange.fr/baseflor.xlsx,,Source name Thlaspi alliaceum; couleur_fleur: blanc,,True,wild_or_unspecified_species_record,Codex two-backbone structured-source audit,2026-08-11T04:00:00Z,"Raw structured source row retained; WFO and GBIF independently agree on exact species synonym, accepted target and family; trait mapping rechecked; not cultivar-limited.",,
baseflor:791:flower_primary_color:d0a127e3c213,Filago tyrrhenica,flower_primary_color,yellow_orange,https://web.archive.org/web/20231002005253id_/https://philippe.julve.pagesperso-orange.fr/baseflor.xlsx,,Source name Evax rotundata; couleur_fleur: jaune,,True,wild_or_unspecified_species_record,Codex two-backbone structured-source audit,2026-08-11T04:00:00Z,"Raw structured source row retained; WFO and GBIF independently agree on exact species synonym, accepted target and family; trait mapping rechecked; not cultivar-limited.",,
baseflor:6666:flower_primary_color:43f3bc93bc2f,Bellardiochloa variegata,flower_primary_color,blue_purple|green_brown_inconspicuous,https://web.archive.org/web/20231002005253id_/https://philippe.julve.pagesperso-orange.fr/baseflor.xlsx,,"Source name Bellardiochloa violacea; couleur_fleur: vert, bleu",,True,wild_or_unspecified_species_record,Codex two-backbone structured-source audit,2026-08-11T04:00:00Z,"Raw structured source row retained; WFO and GBIF independently agree on exact species synonym, accepted target and family; trait mapping rechecked; not cultivar-limited.",,
baseflor:963:inflorescence_display:88c22305aaa3,Vicia lenticula,inflorescence_display,composite_display|raceme_spike_panicle,https://web.archive.org/web/20231002005253id_/https://philippe.julve.pagesperso-orange.fr/baseflor.xlsx,,Source name Lens ervoides; inflorescence: racème de capitules,,True,wild_or_unspecified_species_record,Codex two-backbone structured-source audit,2026-08-11T04:00:00Z,"Raw structured source row retained; WFO and GBIF independently agree on exact species synonym, accepted target and family; trait mapping rechecked; not cultivar-limited.",,
floraweb:3552:autonomous_selfing_capacity:a752391a8442,Silene flos-cuculi,autonomous_selfing_capacity,absent,https://www.floraweb.de/php/biologie.php?suchnr=3552&,,Source name Lychnis flos-cuculi; Bestäubung (Pollenvektoren): nie Selbstbestäubung,,True,wild_or_unspecified_species_record,Codex two-backbone structured-source audit,2026-08-11T04:00:00Z,"Raw structured source row retained; WFO and GBIF independently agree on exact species synonym, accepted target and family; trait mapping rechecked; not cultivar-limited.",,
baseflor:641:autonomous_selfing_capacity:c2e44fd3034a,Cladanthus mixtus,autonomous_selfing_capacity,autonomous,https://web.archive.org/web/20231002005253id_/https://philippe.julve.pagesperso-orange.fr/baseflor.xlsx,,"Source name Chamaemelum mixtum; pollinisation: entomogame, autogame",,True,wild_or_unspecified_species_record,Codex two-backbone structured-source audit,2026-08-11T04:00:00Z,"Raw structured source row retained; WFO and GBIF independently agree on exact species synonym, accepted target and family; trait mapping rechecked; not cultivar-limited.",,
baseflor:5928:inflorescence_display:b6348e85c985,Carex colchica,inflorescence_display,raceme_spike_panicle,https://web.archive.org/web/20231002005253id_/https://philippe.julve.pagesperso-orange.fr/baseflor.xlsx,,Source name Carex ligerica; inflorescence: racème d'épis,,True,wild_or_unspecified_species_record,Codex two-backbone structured-source audit,2026-08-11T04:00:00Z,"Raw structured source row retained; WFO and GBIF independently agree on exact species synonym, accepted target and family; trait mapping rechecked; not cultivar-limited.",,
baseflor:6338:flower_primary_color:618d663af0f1,Colchicum filifolium,flower_primary_color,red_pink,https://web.archive.org/web/20231002005253id_/https://philippe.julve.pagesperso-orange.fr/baseflor.xlsx,,Source name Merendera filifolia; couleur_fleur: rose,,True,wild_or_unspecified_species_record,Codex two-backbone structured-source audit,2026-08-11T04:00:00Z,"Raw structured source row retained; WFO and GBIF independently agree on exact species synonym, accepted target and family; trait mapping rechecked; not cultivar-limited.",,
baseflor:1397:inflorescence_display:7ec711535b17,Aegonychon purpurocaeruleum,inflorescence_display,raceme_spike_panicle|umbel_corymb,https://web.archive.org/web/20231002005253id_/https://philippe.julve.pagesperso-orange.fr/baseflor.xlsx,,Source name Buglossoides purpurocaerulea; inflorescence: racème de cymes unipares scorpioïdes,,True,wild_or_unspecified_species_record,Codex two-backbone structured-source audit,2026-08-11T04:00:00Z,"Raw structured source row retained; WFO and GBIF independently agree on exact species synonym, accepted target and family; trait mapping rechecked; not cultivar-limited.",,
baseflor:4049:inflorescence_display:30ad8ebbe384,Roemeria hispida,inflorescence_display,umbel_corymb,https://web.archive.org/web/20231002005253id_/https://philippe.julve.pagesperso-orange.fr/baseflor.xlsx,,Source name Papaver hybridum; inflorescence: cyme unipare hélicoïde,,True,wild_or_unspecified_species_record,Codex two-backbone structured-source audit,2026-08-11T04:00:00Z,"Raw structured source row retained; WFO and GBIF independently agree on exact species synonym, accepted target and family; trait mapping rechecked; not cultivar-limited.",,
floraweb:3737:floral_form:1b3c033cade4,Sabulina verna,floral_form,open_radial,https://www.floraweb.de/php/biologie.php?suchnr=3737&,,"Source name Minuartia verna; Blumentyp (nach Kugler 1970): Scheibenblumen, Nektar ± verborgen, Nektarien an der Basis der Staubblätter",,True,wild_or_unspecified_species_record,Codex two-backbone structured-source audit,2026-08-11T04:00:00Z,"Raw structured source row retained; WFO and GBIF independently agree on exact species synonym, accepted target and family; trait mapping rechecked; not cultivar-limited.",,
baseflor:1824:flower_primary_color:2985d9fa958f,Noccaea brevistyla,flower_primary_color,white,https://web.archive.org/web/20231002005253id_/https://philippe.julve.pagesperso-orange.fr/baseflor.xlsx,,Source name Thlaspi brevistylum; couleur_fleur: blanc,,True,wild_or_unspecified_species_record,Codex two-backbone structured-source audit,2026-08-11T04:00:00Z,"Raw structured source row retained; WFO and GBIF independently agree on exact species synonym, accepted target and family; trait mapping rechecked; not cultivar-limited.",,
baseflor:8701:inflorescence_display:88c22305aaa3,Symphyotrichum novi-belgii,inflorescence_display,composite_display|raceme_spike_panicle,https://web.archive.org/web/20231002005253id_/https://philippe.julve.pagesperso-orange.fr/baseflor.xlsx,,Source name Aster novi-belgii; inflorescence: racème de capitules,,True,wild_or_unspecified_species_record,Codex two-backbone structured-source audit,2026-08-11T04:00:00Z,"Raw structured source row retained; WFO and GBIF independently agree on exact species synonym, accepted target and family; trait mapping rechecked; not cultivar-limited.",,
baseflor:4154:flower_primary_color:618d663af0f1,Myriolimon diffusum,flower_primary_color,red_pink,https://web.archive.org/web/20231002005253id_/https://philippe.julve.pagesperso-orange.fr/baseflor.xlsx,,Source name Limonium diffusum; couleur_fleur: rose,,True,wild_or_unspecified_species_record,Codex two-backbone structured-source audit,2026-08-11T04:00:00Z,"Raw structured source row retained; WFO and GBIF independently agree on exact species synonym, accepted target and family; trait mapping rechecked; not cultivar-limited.",,
floraweb:5926:mating_system:55f293fd6ccf,Mummenhoffia alliacea,mating_system,obligate_selfing,https://www.floraweb.de/php/biologie.php?suchnr=5926&,,Source name Thlaspi alliaceum; Befruchtungstyp: obligat Autogam,,True,wild_or_unspecified_species_record,Codex two-backbone structured-source audit,2026-08-11T04:00:00Z,"Raw structured source row retained; WFO and GBIF independently agree on exact species synonym, accepted target and family; trait mapping rechecked; not cultivar-limited.",,
baseflor:4439:inflorescence_display:7c56f241c4e9,Delphinium ajacis,inflorescence_display,raceme_spike_panicle,https://web.archive.org/web/20231002005253id_/https://philippe.julve.pagesperso-orange.fr/baseflor.xlsx,,Source name Consolida orientalis; inflorescence: racème de racèmes,,True,wild_or_unspecified_species_record,Codex two-backbone structured-source audit,2026-08-11T04:00:00Z,"Raw structured source row retained; WFO and GBIF independently agree on exact species synonym, accepted target and family; trait mapping rechecked; not cultivar-limited.",,
baseflor:5384:autonomous_selfing_capacity:c2e44fd3034a,Melampyrum arvense,autonomous_selfing_capacity,autonomous,https://web.archive.org/web/20231002005253id_/https://philippe.julve.pagesperso-orange.fr/baseflor.xlsx,,"Source name Melampyrum semleri; pollinisation: entomogame, autogame",,True,wild_or_unspecified_species_record,Codex two-backbone structured-source audit,2026-08-11T04:00:00Z,"Raw structured source row retained; WFO and GBIF independently agree on exact species synonym, accepted target and family; trait mapping rechecked; not cultivar-limited.",,
baseflor:7201:inflorescence_display:30804c128d68,Festuca ligustica,inflorescence_display,raceme_spike_panicle,https://web.archive.org/web/20231002005253id_/https://philippe.julve.pagesperso-orange.fr/baseflor.xlsx,,Source name Vulpia ligustica; inflorescence: épi d'épillets,,True,wild_or_unspecified_species_record,Codex two-backbone structured-source audit,2026-08-11T04:00:00Z,"Raw structured source row retained; WFO and GBIF independently agree on exact species synonym, accepted target and family; trait mapping rechecked; not cultivar-limited.",,
floraweb:3473:mating_system:3e412a5d144a,Neottia cordata,mating_system,mixed_mating,https://www.floraweb.de/php/biologie.php?suchnr=3473&,,Source name Listera cordata; Befruchtungstyp: gemischte Befruchtung,,True,wild_or_unspecified_species_record,Codex two-backbone structured-source audit,2026-08-11T04:00:00Z,"Raw structured source row retained; WFO and GBIF independently agree on exact species synonym, accepted target and family; trait mapping rechecked; not cultivar-limited.",,
floraweb:1627:mating_system:063e3db1145c,Delphinium consolida,mating_system,predominantly_outcrossing,https://www.floraweb.de/php/biologie.php?suchnr=1627&,,Source name Consolida regalis; Befruchtungstyp: xenogam,,True,wild_or_unspecified_species_record,Codex two-backbone structured-source audit,2026-08-11T04:00:00Z,"Raw structured source row retained; WFO and GBIF independently agree on exact species synonym, accepted target and family; trait mapping rechecked; not cultivar-limited.",,
floraweb:3737:autonomous_selfing_capacity:ab0e38617a9f,Sabulina verna,autonomous_selfing_capacity,delayed,https://www.floraweb.de/php/biologie.php?suchnr=3737&,,Source name Minuartia verna; Bestäubung (Pollenvektoren): bei ausbleib. Fremdbest. Selbstbestäubung,,True,wild_or_unspecified_species_record,Codex two-backbone structured-source audit,2026-08-11T04:00:00Z,"Raw structured source row retained; WFO and GBIF independently agree on exact species synonym, accepted target and family; trait mapping rechecked; not cultivar-limited.",,
baseflor:7151:inflorescence_display:30804c128d68,Sporobolus anglicus,inflorescence_display,raceme_spike_panicle,https://web.archive.org/web/20231002005253id_/https://philippe.julve.pagesperso-orange.fr/baseflor.xlsx,,Source name Spartina anglica; inflorescence: épi d'épillets,,True,wild_or_unspecified_species_record,Codex two-backbone structured-source audit,2026-08-11T04:00:00Z,"Raw structured source row retained; WFO and GBIF independently agree on exact species synonym, accepted target and family; trait mapping rechecked; not cultivar-limited.",,
floraweb:2709:autonomous_selfing_capacity:9bbaa5721c9b,Lysimachia maritima,autonomous_selfing_capacity,autonomous,https://www.floraweb.de/php/biologie.php?suchnr=2709&,,Source name Glaux maritima; Bestäubung (Pollenvektoren): in der Regel Selbstbestäubung,,True,wild_or_unspecified_species_record,Codex two-backbone structured-source audit,2026-08-11T04:00:00Z,"Raw structured source row retained; WFO and GBIF independently agree on exact species synonym, accepted target and family; trait mapping rechecked; not cultivar-limited.",,
baseflor:30216:inflorescence_display:00b86be422df,Lomelosia graminifolia,inflorescence_display,composite_display|umbel_corymb,https://web.archive.org/web/20231002005253id_/https://philippe.julve.pagesperso-orange.fr/baseflor.xlsx,,Source name Scabiosa graminifolia; inflorescence: cyme capituliforme,,True,wild_or_unspecified_species_record,Codex two-backbone structured-source audit,2026-08-11T04:00:00Z,"Raw structured source row retained; WFO and GBIF independently agree on exact species synonym, accepted target and family; trait mapping rechecked; not cultivar-limited.",,
baseflor:7178:flower_primary_color:50ab0299c6f8,Trisetum gracile,flower_primary_color,blue_purple,https://web.archive.org/web/20231002005253id_/https://philippe.julve.pagesperso-orange.fr/baseflor.xlsx,,Source name Trisetum conradiae; couleur_fleur: bleu,,True,wild_or_unspecified_species_record,Codex two-backbone structured-source audit,2026-08-11T04:00:00Z,"Raw structured source row retained; WFO and GBIF independently agree on exact species synonym, accepted target and family; trait mapping rechecked; not cultivar-limited.",,
baseflor:3207:flower_primary_color:2985d9fa958f,Trifolium sylvaticum,flower_primary_color,white,https://web.archive.org/web/20231002005253id_/https://philippe.julve.pagesperso-orange.fr/baseflor.xlsx,,Source name Trifolium smyrnaeum; couleur_fleur: blanc,,True,wild_or_unspecified_species_record,Codex two-backbone structured-source audit,2026-08-11T04:00:00Z,"Raw structured source row retained; WFO and GBIF independently agree on exact species synonym, accepted target and family; trait mapping rechecked; not cultivar-limited.",,
baseflor:7205:autonomous_selfing_capacity:f64a6ddc877a,Festuca sicula,autonomous_selfing_capacity,autonomous,https://web.archive.org/web/20231002005253id_/https://philippe.julve.pagesperso-orange.fr/baseflor.xlsx,,Source name Vulpia sicula; pollinisation: autogame,,True,wild_or_unspecified_species_record,Codex two-backbone structured-source audit,2026-08-11T04:00:00Z,"Raw structured source row retained; WFO and GBIF independently agree on exact species synonym, accepted target and family; trait mapping rechecked; not cultivar-limited.",,
baseflor:4162:flower_primary_color:618d663af0f1,Myriolimon ferulaceum,flower_primary_color,red_pink,https://web.archive.org/web/20231002005253id_/https://philippe.julve.pagesperso-orange.fr/baseflor.xlsx,,Source name Limonium ferulaceum; couleur_fleur: rose,,True,wild_or_unspecified_species_record,Codex two-backbone structured-source audit,2026-08-11T04:00:00Z,"Raw structured source row retained; WFO and GBIF independently agree on exact species synonym, accepted target and family; trait mapping rechecked; not cultivar-limited.",,
floraweb:396:self_incompatibility:4b4e8d24d2a6,Lysimachia foemina,self_incompatibility,SC,https://www.floraweb.de/php/biologie.php?suchnr=396&,,Source name Anagallis foemina; SI-Reaktion: selbstkompatibel,,True,wild_or_unspecified_species_record,Codex two-backbone structured-source audit,2026-08-11T04:00:00Z,"Raw structured source row retained; WFO and GBIF independently agree on exact species synonym, accepted target and family; trait mapping rechecked; not cultivar-limited.",,
baseflor:6655:inflorescence_display:806b9e817286,Helictochloa bromoides,inflorescence_display,raceme_spike_panicle,https://web.archive.org/web/20231002005253id_/https://philippe.julve.pagesperso-orange.fr/baseflor.xlsx,,Source name Avenula bromoides; inflorescence: panicule d'épillets,,True,wild_or_unspecified_species_record,Codex two-backbone structured-source audit,2026-08-11T04:00:00Z,"Raw structured source row retained; WFO and GBIF independently agree on exact species synonym, accepted target and family; trait mapping rechecked; not cultivar-limited.",,
baseflor:7206:flower_primary_color:6a103aecbd23,Festuca maritima,flower_primary_color,green_brown_inconspicuous,https://web.archive.org/web/20231002005253id_/https://philippe.julve.pagesperso-orange.fr/baseflor.xlsx,,Source name Vulpia unilateralis; couleur_fleur: vert,,True,wild_or_unspecified_species_record,Codex two-backbone structured-source audit,2026-08-11T04:00:00Z,"Raw structured source row retained; WFO and GBIF independently agree on exact species synonym, accepted target and family; trait mapping rechecked; not cultivar-limited.",,
baseflor:2882:inflorescence_display:6ceeb6ab4e2a,Lotus rectus,inflorescence_display,composite_display|raceme_spike_panicle,https://web.archive.org/web/20231002005253id_/https://philippe.julve.pagesperso-orange.fr/baseflor.xlsx,,Source name Dorycnium rectum; inflorescence: racème capituliforme,,True,wild_or_unspecified_species_record,Codex two-backbone structured-source audit,2026-08-11T04:00:00Z,"Raw structured source row retained; WFO and GBIF independently agree on exact species synonym, accepted target and family; trait mapping rechecked; not cultivar-limited.",,
floraweb:27784:self_incompatibility:d4a52409b827,Thinopyrum obtusiflorum,self_incompatibility,mixed_or_variable,https://www.floraweb.de/php/biologie.php?suchnr=27784&,,Source name Elymus obtusiflorus; SI-Reaktion: ± selbstinkompatibel,,True,wild_or_unspecified_species_record,Codex two-backbone structured-source audit,2026-08-11T04:00:00Z,"Raw structured source row retained; WFO and GBIF independently agree on exact species synonym, accepted target and family; trait mapping rechecked; not cultivar-limited.",,
baseflor:1541:inflorescence_display:5602f13b2cf4,Biscutella ambigua,inflorescence_display,raceme_spike_panicle,https://web.archive.org/web/20231002005253id_/https://philippe.julve.pagesperso-orange.fr/baseflor.xlsx,,Source name Biscutella nicaeensis; inflorescence: racème simple,,True,wild_or_unspecified_species_record,Codex two-backbone structured-source audit,2026-08-11T04:00:00Z,"Raw structured source row retained; WFO and GBIF independently agree on exact species synonym, accepted target and family; trait mapping rechecked; not cultivar-limited.",,
baseflor:5804:inflorescence_display:7e7cf74ee382,Acis rosea,inflorescence_display,umbel_corymb,https://web.archive.org/web/20231002005253id_/https://philippe.julve.pagesperso-orange.fr/baseflor.xlsx,,Source name Leucojum roseum; inflorescence: ombelle simple,,True,wild_or_unspecified_species_record,Codex two-backbone structured-source audit,2026-08-11T04:00:00Z,"Raw structured source row retained; WFO and GBIF independently agree on exact species synonym, accepted target and family; trait mapping rechecked; not cultivar-limited.",,
baseflor:1480:flower_primary_color:d0a127e3c213,Odontarrhena robertiana,flower_primary_color,yellow_orange,https://web.archive.org/web/20231002005253id_/https://philippe.julve.pagesperso-orange.fr/baseflor.xlsx,,Source name Alyssum robertianum; couleur_fleur: jaune,,True,wild_or_unspecified_species_record,Codex two-backbone structured-source audit,2026-08-11T04:00:00Z,"Raw structured source row retained; WFO and GBIF independently agree on exact species synonym, accepted target and family; trait mapping rechecked; not cultivar-limited.",,
floraweb:14795:self_incompatibility:c0290fadb00d,Quercus streimii,self_incompatibility,SI,https://www.floraweb.de/php/biologie.php?suchnr=14795&,,Source name Quercus calvescens; SI-Reaktion: selbstinkompatibel,,True,wild_or_unspecified_species_record,Codex two-backbone structured-source audit,2026-08-11T04:00:00Z,"Raw structured source row retained; WFO and GBIF independently agree on exact species synonym, accepted target and family; trait mapping rechecked; not cultivar-limited.",,
baseflor:2129:flower_primary_color:2985d9fa958f,Sabulina viscosa,flower_primary_color,white,https://web.archive.org/web/20231002005253id_/https://philippe.julve.pagesperso-orange.fr/baseflor.xlsx,,Source name Minuartia viscosa; couleur_fleur: blanc,,True,wild_or_unspecified_species_record,Codex two-backbone structured-source audit,2026-08-11T04:00:00Z,"Raw structured source row retained; WFO and GBIF independently agree on exact species synonym, accepted target and family; trait mapping rechecked; not cultivar-limited.",,
floraweb:4396:self_incompatibility:4b4e8d24d2a6,Polygaloides chamaebuxus,self_incompatibility,SC,https://www.floraweb.de/php/biologie.php?suchnr=4396&,,Source name Polygala chamaebuxus; SI-Reaktion: selbstkompatibel,,True,wild_or_unspecified_species_record,Codex two-backbone structured-source audit,2026-08-11T04:00:00Z,"Raw structured source row retained; WFO and GBIF independently agree on exact species synonym, accepted target and family; trait mapping rechecked; not cultivar-limited.",,
floraweb:3045:floral_form:9786ea4f41e4,Trommsdorffia maculata,floral_form,composite_head,https://www.floraweb.de/php/biologie.php?suchnr=3045&,,"Source name Hypochaeris maculata; Blumentyp (nach Kugler 1970): Köpfchenblumen, Asteraceae, ausschließlich Zugenblüten",,True,wild_or_unspecified_species_record,Codex two-backbone structured-source audit,2026-08-11T04:00:00Z,"Raw structured source row retained; WFO and GBIF independently agree on exact species synonym, accepted target and family; trait mapping rechecked; not cultivar-limited.",,
floraweb:21356:floral_form:3c6938d54f22,Delphinium hispanicum,floral_form,bilabiate,https://www.floraweb.de/php/biologie.php?suchnr=21356&,,"Source name Consolida hispanica; Blumentyp (nach Kugler 1970): Lippenblumen, Rachenblumen",,True,wild_or_unspecified_species_record,Codex two-backbone structured-source audit,2026-08-11T04:00:00Z,"Raw structured source row retained; WFO and GBIF independently agree on exact species synonym, accepted target and family; trait mapping rechecked; not cultivar-limited.",,
baseflor:30173:inflorescence_display:30ad8ebbe384,Hypecoum procumbens,inflorescence_display,umbel_corymb,https://web.archive.org/web/20231002005253id_/https://philippe.julve.pagesperso-orange.fr/baseflor.xlsx,,Source name Hypecoum ponticum; inflorescence: cyme unipare hélicoïde,,True,wild_or_unspecified_species_record,Codex two-backbone structured-source audit,2026-08-11T04:00:00Z,"Raw structured source row retained; WFO and GBIF independently agree on exact species synonym, accepted target and family; trait mapping rechecked; not cultivar-limited.",,
baseflor:6418:flower_primary_color:618d663af0f1,Himantoglossum robertianum,flower_primary_color,red_pink,https://web.archive.org/web/20231002005253id_/https://philippe.julve.pagesperso-orange.fr/baseflor.xlsx,,Source name Barlia robertiana; couleur_fleur: rose,,True,wild_or_unspecified_species_record,Codex two-backbone structured-source audit,2026-08-11T04:00:00Z,"Raw structured source row retained; WFO and GBIF independently agree on exact species synonym, accepted target and family; trait mapping rechecked; not cultivar-limited.",,
baseflor:34034:inflorescence_display:88c22305aaa3,Pseudopodospermum undulatum,inflorescence_display,composite_display|raceme_spike_panicle,https://web.archive.org/web/20231002005253id_/https://philippe.julve.pagesperso-orange.fr/baseflor.xlsx,,Source name Scorzonera undulata; inflorescence: racème de capitules,,True,wild_or_unspecified_species_record,Codex two-backbone structured-source audit,2026-08-11T04:00:00Z,"Raw structured source row retained; WFO and GBIF independently agree on exact species synonym, accepted target and family; trait mapping rechecked; not cultivar-limited.",,
floraweb:48:floral_form:8d1ae556ad9b,Clinopodium alpinum,floral_form,bilabiate,https://www.floraweb.de/php/biologie.php?suchnr=48&,,Source name Acinos alpinus; Blumentyp (nach Kugler 1970): Eigentliche Lippenblumen,,True,wild_or_unspecified_species_record,Codex two-backbone structured-source audit,2026-08-11T04:00:00Z,"Raw structured source row retained; WFO and GBIF independently agree on exact species synonym, accepted target and family; trait mapping rechecked; not cultivar-limited.",,
baseflor:1060:inflorescence_display:88c22305aaa3,Matricaria discoidea,inflorescence_display,composite_display|raceme_spike_panicle,https://web.archive.org/web/20231002005253id_/https://philippe.julve.pagesperso-orange.fr/baseflor.xlsx,,Source name Chamomilla suaveolens; inflorescence: racème de capitules,,True,wild_or_unspecified_species_record,Codex two-backbone structured-source audit,2026-08-11T04:00:00Z,"Raw structured source row retained; WFO and GBIF independently agree on exact species synonym, accepted target and family; trait mapping rechecked; not cultivar-limited.",,
floraweb:119:self_incompatibility:c0290fadb00d,Alpagrostis schleicheri,self_incompatibility,SI,https://www.floraweb.de/php/biologie.php?suchnr=119&,,Source name Agrostis schleicheri; SI-Reaktion: selbstinkompatibel,,True,wild_or_unspecified_species_record,Codex two-backbone structured-source audit,2026-08-11T04:00:00Z,"Raw structured source row retained; WFO and GBIF independently agree on exact species synonym, accepted target and family; trait mapping rechecked; not cultivar-limited.",,
baseflor:7202:flower_primary_color:6a103aecbd23,Festuca membranacea,flower_primary_color,green_brown_inconspicuous,https://web.archive.org/web/20231002005253id_/https://philippe.julve.pagesperso-orange.fr/baseflor.xlsx,,Source name Vulpia membranacea; couleur_fleur: vert,,True,wild_or_unspecified_species_record,Codex two-backbone structured-source audit,2026-08-11T04:00:00Z,"Raw structured source row retained; WFO and GBIF independently agree on exact species synonym, accepted target and family; trait mapping rechecked; not cultivar-limited.",,
baseflor:6577:inflorescence_display:30804c128d68,Aegilops biuncialis,inflorescence_display,raceme_spike_panicle,https://web.archive.org/web/20231002005253id_/https://philippe.julve.pagesperso-orange.fr/baseflor.xlsx,,Source name Aegilops lorentii; inflorescence: épi d'épillets,,True,wild_or_unspecified_species_record,Codex two-backbone structured-source audit,2026-08-11T04:00:00Z,"Raw structured source row retained; WFO and GBIF independently agree on exact species synonym, accepted target and family; trait mapping rechecked; not cultivar-limited.",,
floraweb:6158:self_incompatibility:4b4e8d24d2a6,Gypsophila vaccaria,self_incompatibility,SC,https://www.floraweb.de/php/biologie.php?suchnr=6158&,,Source name Vaccaria hispanica; SI-Reaktion: selbstkompatibel,,True,wild_or_unspecified_species_record,Codex two-backbone structured-source audit,2026-08-11T04:00:00Z,"Raw structured source row retained; WFO and GBIF independently agree on exact species synonym, accepted target and family; trait mapping rechecked; not cultivar-limited.",,
baseflor:6418:inflorescence_display:70cfe0afa190,Himantoglossum robertianum,inflorescence_display,raceme_spike_panicle,https://web.archive.org/web/20231002005253id_/https://philippe.julve.pagesperso-orange.fr/baseflor.xlsx,,Source name Barlia robertiana; inflorescence: épi simple,,True,wild_or_unspecified_species_record,Codex two-backbone structured-source audit,2026-08-11T04:00:00Z,"Raw structured source row retained; WFO and GBIF independently agree on exact species synonym, accepted target and family; trait mapping rechecked; not cultivar-limited.",,
baseflor:3918:autonomous_selfing_capacity:c2e44fd3034a,Oenothera glazioviana,autonomous_selfing_capacity,autonomous,https://web.archive.org/web/20231002005253id_/https://philippe.julve.pagesperso-orange.fr/baseflor.xlsx,,"Source name Oenothera erythrosepala; pollinisation: entomogame, autogame",,True,wild_or_unspecified_species_record,Codex two-backbone structured-source audit,2026-08-11T04:00:00Z,"Raw structured source row retained; WFO and GBIF independently agree on exact species synonym, accepted target and family; trait mapping rechecked; not cultivar-limited.",,
baseflor:1943:autonomous_selfing_capacity:c2e44fd3034a,Hesperocodon hederaceus,autonomous_selfing_capacity,autonomous,https://web.archive.org/web/20231002005253id_/https://philippe.julve.pagesperso-orange.fr/baseflor.xlsx,,"Source name Wahlenbergia hederacea; pollinisation: entomogame, autogame",,True,wild_or_unspecified_species_record,Codex two-backbone structured-source audit,2026-08-11T04:00:00Z,"Raw structured source row retained; WFO and GBIF independently agree on exact species synonym, accepted target and family; trait mapping rechecked; not cultivar-limited.",,
floraweb:393:mating_system:5939b7713e9d,Lysimachia arvensis,mating_system,predominantly_selfing,https://www.floraweb.de/php/biologie.php?suchnr=393&,,Source name Anagallis arvensis; Befruchtungstyp: fakultativ autogam,,True,wild_or_unspecified_species_record,Codex two-backbone structured-source audit,2026-08-11T04:00:00Z,"Raw structured source row retained; WFO and GBIF independently agree on exact species synonym, accepted target and family; trait mapping rechecked; not cultivar-limited.",,
baseflor:12717:flower_primary_color:2985d9fa958f,Mutellina corsica,flower_primary_color,white,https://web.archive.org/web/20231002005253id_/https://philippe.julve.pagesperso-orange.fr/baseflor.xlsx,,Source name Ligusticum corsicum; couleur_fleur: blanc,,True,wild_or_unspecified_species_record,Codex two-backbone structured-source audit,2026-08-11T04:00:00Z,"Raw structured source row retained; WFO and GBIF independently agree on exact species synonym, accepted target and family; trait mapping rechecked; not cultivar-limited.",,
baseflor:4664:flower_primary_color:6a103aecbd23,Alchemilla hybrida,flower_primary_color,green_brown_inconspicuous,https://web.archive.org/web/20231002005253id_/https://philippe.julve.pagesperso-orange.fr/baseflor.xlsx,,Source name Alchemilla lapeyrousii; couleur_fleur: vert,,True,wild_or_unspecified_species_record,Codex two-backbone structured-source audit,2026-08-11T04:00:00Z,"Raw structured source row retained; WFO and GBIF independently agree on exact species synonym, accepted target and family; trait mapping rechecked; not cultivar-limited.",,
baseflor:131:flower_primary_color:2985d9fa958f,Krubera peregrina,flower_primary_color,white,https://web.archive.org/web/20231002005253id_/https://philippe.julve.pagesperso-orange.fr/baseflor.xlsx,,Source name Capnophyllum peregrinum; couleur_fleur: blanc,,True,wild_or_unspecified_species_record,Codex two-backbone structured-source audit,2026-08-11T04:00:00Z,"Raw structured source row retained; WFO and GBIF independently agree on exact species synonym, accepted target and family; trait mapping rechecked; not cultivar-limited.",,
baseflor:2084:inflorescence_display:6bf650979486,Psammophiliella muralis,inflorescence_display,umbel_corymb,https://web.archive.org/web/20231002005253id_/https://philippe.julve.pagesperso-orange.fr/baseflor.xlsx,,Source name Gypsophila muralis; inflorescence: cyme bipare,,True,wild_or_unspecified_species_record,Codex two-backbone structured-source audit,2026-08-11T04:00:00Z,"Raw structured source row retained; WFO and GBIF independently agree on exact species synonym, accepted target and family; trait mapping rechecked; not cultivar-limited.",,
baseflor:6032:flower_primary_color:fb9563a52a47,Carex myosuroides,flower_primary_color,green_brown_inconspicuous,https://web.archive.org/web/20231002005253id_/https://philippe.julve.pagesperso-orange.fr/baseflor.xlsx,,Source name Kobresia myosuroides; couleur_fleur: marron,,True,wild_or_unspecified_species_record,Codex two-backbone structured-source audit,2026-08-11T04:00:00Z,"Raw structured source row retained; WFO and GBIF independently agree on exact species synonym, accepted target and family; trait mapping rechecked; not cultivar-limited.",,
floraweb:1757:autonomous_selfing_capacity:ab0e38617a9f,Crocus vernus,autonomous_selfing_capacity,delayed,https://www.floraweb.de/php/biologie.php?suchnr=1757&,,Source name Crocus albiflorus; Bestäubung (Pollenvektoren): bei ausbleib. Fremdbest. Selbstbestäubung,,True,wild_or_unspecified_species_record,Codex two-backbone structured-source audit,2026-08-11T04:00:00Z,"Raw structured source row retained; WFO and GBIF independently agree on exact species synonym, accepted target and family; trait mapping rechecked; not cultivar-limited.",,
floraweb:3474:floral_form:b741eb758fbe,Neottia ovata,floral_form,bilabiate,https://www.floraweb.de/php/biologie.php?suchnr=3474&,,"Source name Listera ovata; Blumentyp (nach Kugler 1970): Lippenblumen, Orchistyp",,True,wild_or_unspecified_species_record,Codex two-backbone structured-source audit,2026-08-11T04:00:00Z,"Raw structured source row retained; WFO and GBIF independently agree on exact species synonym, accepted target and family; trait mapping rechecked; not cultivar-limited.",,
baseflor:34037:flower_primary_color:6a103aecbd23,Secale strictum,flower_primary_color,green_brown_inconspicuous,https://web.archive.org/web/20231002005253id_/https://philippe.julve.pagesperso-orange.fr/baseflor.xlsx,,Source name Secale montanum; couleur_fleur: vert,,True,wild_or_unspecified_species_record,Codex two-backbone structured-source audit,2026-08-11T04:00:00Z,"Raw structured source row retained; WFO and GBIF independently agree on exact species synonym, accepted target and family; trait mapping rechecked; not cultivar-limited.",,
baseflor:3229:flower_primary_color:d0a127e3c213,Vicia laeta,flower_primary_color,yellow_orange,https://web.archive.org/web/20231002005253id_/https://philippe.julve.pagesperso-orange.fr/baseflor.xlsx,,Source name Vicia barbazitae; couleur_fleur: jaune,,True,wild_or_unspecified_species_record,Codex two-backbone structured-source audit,2026-08-11T04:00:00Z,"Raw structured source row retained; WFO and GBIF independently agree on exact species synonym, accepted target and family; trait mapping rechecked; not cultivar-limited.",,
baseflor:2924:inflorescence_display:5602f13b2cf4,Sulla coronaria,inflorescence_display,raceme_spike_panicle,https://web.archive.org/web/20231002005253id_/https://philippe.julve.pagesperso-orange.fr/baseflor.xlsx,,Source name Hedysarum coronarium; inflorescence: racème simple,,True,wild_or_unspecified_species_record,Codex two-backbone structured-source audit,2026-08-11T04:00:00Z,"Raw structured source row retained; WFO and GBIF independently agree on exact species synonym, accepted target and family; trait mapping rechecked; not cultivar-limited.",,
baseflor:6667:flower_primary_color:6a103aecbd23,Moorochloa eruciformis,flower_primary_color,green_brown_inconspicuous,https://web.archive.org/web/20231002005253id_/https://philippe.julve.pagesperso-orange.fr/baseflor.xlsx,,Source name Brachiaria eruciformis; couleur_fleur: vert,,True,wild_or_unspecified_species_record,Codex two-backbone structured-source audit,2026-08-11T04:00:00Z,"Raw structured source row retained; WFO and GBIF independently agree on exact species synonym, accepted target and family; trait mapping rechecked; not cultivar-limited.",,
baseflor:6746:flower_primary_color:6a103aecbd23,Sporobolus aculeatus,flower_primary_color,green_brown_inconspicuous,https://web.archive.org/web/20231002005253id_/https://philippe.julve.pagesperso-orange.fr/baseflor.xlsx,,Source name Crypsis aculeata; couleur_fleur: vert,,True,wild_or_unspecified_species_record,Codex two-backbone structured-source audit,2026-08-11T04:00:00Z,"Raw structured source row retained; WFO and GBIF independently agree on exact species synonym, accepted target and family; trait mapping rechecked; not cultivar-limited.",,
floraweb:4108:mating_system:3e412a5d144a,Roemeria argemone,mating_system,mixed_mating,https://www.floraweb.de/php/biologie.php?suchnr=4108&,,Source name Papaver argemone; Befruchtungstyp: gemischte Befruchtung,,True,wild_or_unspecified_species_record,Codex two-backbone structured-source audit,2026-08-11T04:00:00Z,"Raw structured source row retained; WFO and GBIF independently agree on exact species synonym, accepted target and family; trait mapping rechecked; not cultivar-limited.",,
floraweb:3551:autonomous_selfing_capacity:9bbaa5721c9b,Silene coronaria,autonomous_selfing_capacity,autonomous,https://www.floraweb.de/php/biologie.php?suchnr=3551&,,Source name Lychnis coronaria; Bestäubung (Pollenvektoren): in der Regel Selbstbestäubung,,True,wild_or_unspecified_species_record,Codex two-backbone structured-source audit,2026-08-11T04:00:00Z,"Raw structured source row retained; WFO and GBIF independently agree on exact species synonym, accepted target and family; trait mapping rechecked; not cultivar-limited.",,
baseflor:8702:autonomous_selfing_capacity:c2e44fd3034a,Galatella sedifolia,autonomous_selfing_capacity,autonomous,https://web.archive.org/web/20231002005253id_/https://philippe.julve.pagesperso-orange.fr/baseflor.xlsx,,"Source name Aster sedifolius; pollinisation: entomogame, autogame",,True,wild_or_unspecified_species_record,Codex two-backbone structured-source audit,2026-08-11T04:00:00Z,"Raw structured source row retained; WFO and GBIF independently agree on exact species synonym, accepted target and family; trait mapping rechecked; not cultivar-limited.",,
baseflor:86:inflorescence_display:7989838e9c0f,Helosciadium crassipes,inflorescence_display,umbel_corymb,https://web.archive.org/web/20231002005253id_/https://philippe.julve.pagesperso-orange.fr/baseflor.xlsx,,Source name Apium crassipes; inflorescence: ombelle d'ombellules,,True,wild_or_unspecified_species_record,Codex two-backbone structured-source audit,2026-08-11T04:00:00Z,"Raw structured source row retained; WFO and GBIF independently agree on exact species synonym, accepted target and family; trait mapping rechecked; not cultivar-limited.",,
baseflor:7200:inflorescence_display:30804c128d68,Festuca geniculata,inflorescence_display,raceme_spike_panicle,https://web.archive.org/web/20231002005253id_/https://philippe.julve.pagesperso-orange.fr/baseflor.xlsx,,Source name Vulpia geniculata; inflorescence: épi d'épillets,,True,wild_or_unspecified_species_record,Codex two-backbone structured-source audit,2026-08-11T04:00:00Z,"Raw structured source row retained; WFO and GBIF independently agree on exact species synonym, accepted target and family; trait mapping rechecked; not cultivar-limited.",,
floraweb:6937:floral_form:6ca8999656f7,Karpatiosorbus hybrida,floral_form,open_radial,https://www.floraweb.de/php/biologie.php?suchnr=6937&,,"Source name Sorbus decipiens; Blumentyp (nach Kugler 1970): Scheibenblumen, Nektar ± verborgen im Zentrum der Blüte",,True,wild_or_unspecified_species_record,Codex two-backbone structured-source audit,2026-08-11T04:00:00Z,"Raw structured source row retained; WFO and GBIF independently agree on exact species synonym, accepted target and family; trait mapping rechecked; not cultivar-limited.",,
floraweb:2709:floral_form:f3766488dab3,Lysimachia maritima,floral_form,funnel_trumpet,https://www.floraweb.de/php/biologie.php?suchnr=2709&,,"Source name Glaux maritima; Blumentyp (nach Kugler 1970): Trichterblumen, kleinblütig",,True,wild_or_unspecified_species_record,Codex two-backbone structured-source audit,2026-08-11T04:00:00Z,"Raw structured source row retained; WFO and GBIF independently agree on exact species synonym, accepted target and family; trait mapping rechecked; not cultivar-limited.",,
baseflor:2484:inflorescence_display:00b86be422df,Sempervivum globiferum,inflorescence_display,composite_display|umbel_corymb,https://web.archive.org/web/20231002005253id_/https://philippe.julve.pagesperso-orange.fr/baseflor.xlsx,,Source name Jovibarba sobolifera; inflorescence: cyme capituliforme,,True,wild_or_unspecified_species_record,Codex two-backbone structured-source audit,2026-08-11T04:00:00Z,"Raw structured source row retained; WFO and GBIF independently agree on exact species synonym, accepted target and family; trait mapping rechecked; not cultivar-limited.",,
baseflor:4312:inflorescence_display:5602f13b2cf4,Lysimachia tenella,inflorescence_display,raceme_spike_panicle,https://web.archive.org/web/20231002005253id_/https://philippe.julve.pagesperso-orange.fr/baseflor.xlsx,,Source name Anagallis tenella; inflorescence: racème simple,,True,wild_or_unspecified_species_record,Codex two-backbone structured-source audit,2026-08-11T04:00:00Z,"Raw structured source row retained; WFO and GBIF independently agree on exact species synonym, accepted target and family; trait mapping rechecked; not cultivar-limited.",,
baseflor:7205:flower_primary_color:6a103aecbd23,Festuca sicula,flower_primary_color,green_brown_inconspicuous,https://web.archive.org/web/20231002005253id_/https://philippe.julve.pagesperso-orange.fr/baseflor.xlsx,,Source name Vulpia sicula; couleur_fleur: vert,,True,wild_or_unspecified_species_record,Codex two-backbone structured-source audit,2026-08-11T04:00:00Z,"Raw structured source row retained; WFO and GBIF independently agree on exact species synonym, accepted target and family; trait mapping rechecked; not cultivar-limited.",,
baseflor:3345:autonomous_selfing_capacity:c2e44fd3034a,Schenkia spicata,autonomous_selfing_capacity,autonomous,https://web.archive.org/web/20231002005253id_/https://philippe.julve.pagesperso-orange.fr/baseflor.xlsx,,"Source name Centaurium spicatum; pollinisation: entomogame, autogame",,True,wild_or_unspecified_species_record,Codex two-backbone structured-source audit,2026-08-11T04:00:00Z,"Raw structured source row retained; WFO and GBIF independently agree on exact species synonym, accepted target and family; trait mapping rechecked; not cultivar-limited.",,
baseflor:2015:autonomous_selfing_capacity:c2e44fd3034a,Dichodon cerastoides,autonomous_selfing_capacity,autonomous,https://web.archive.org/web/20231002005253id_/https://philippe.julve.pagesperso-orange.fr/baseflor.xlsx,,"Source name Cerastium cerastoides; pollinisation: entomogame, autogame",,True,wild_or_unspecified_species_record,Codex two-backbone structured-source audit,2026-08-11T04:00:00Z,"Raw structured source row retained; WFO and GBIF independently agree on exact species synonym, accepted target and family; trait mapping rechecked; not cultivar-limited.",,
floraweb:1448:self_incompatibility:4b4e8d24d2a6,Dichodon viscidum,self_incompatibility,SC,https://www.floraweb.de/php/biologie.php?suchnr=1448&,,Source name Cerastium dubium; SI-Reaktion: selbstkompatibel,,True,wild_or_unspecified_species_record,Codex two-backbone structured-source audit,2026-08-11T04:00:00Z,"Raw structured source row retained; WFO and GBIF independently agree on exact species synonym, accepted target and family; trait mapping rechecked; not cultivar-limited.",,
floraweb:1625:mating_system:1ced70a956a7,Delphinium ajacis,mating_system,predominantly_outcrossing,https://www.floraweb.de/php/biologie.php?suchnr=1625&,,Source name Consolida ajacis; Befruchtungstyp: fakultativ xenogam,,True,wild_or_unspecified_species_record,Codex two-backbone structured-source audit,2026-08-11T04:00:00Z,"Raw structured source row retained; WFO and GBIF independently agree on exact species synonym, accepted target and family; trait mapping rechecked; not cultivar-limited.",,
proteus-0c41e700f870df823d76fd80,,autonomous_selfing_capacity,mixed_or_variable,https://doi.org/10.48579/PRO/HU3QYM,,,,True,wild_or_unspecified,OpenAI Codex structured-record audit,2026-08-11T00:00:00Z,Exact accepted scientific name and family; explicit PROTEUS character-state mapping inspected; original reference retained; no cultivar or cross-trait proxy.,PROTEUS NDat=317499; Taxon=Larrea tridentata; Character=82. Autonomous selfing (D1); CharacterState=82. Autonomous selfing (D1): (1) variable; Original reference key=Duran 2005 (AmJBot),citation:77611919d8487e3af1bc
proteus-125ed20d6543aad390581bf2,,autonomous_selfing_capacity,autonomous,https://doi.org/10.48579/PRO/HU3QYM,,,,True,wild_or_unspecified,OpenAI Codex structured-record audit,2026-08-11T00:00:00Z,Exact accepted scientific name and family; explicit PROTEUS character-state mapping inspected; original reference retained; no cultivar or cross-trait proxy.,PROTEUS NDat=396056; Taxon=Costus woodsonii; Character=82. Autonomous selfing (D1); CharacterState=82. Autonomous selfing (D1): (0) yes; Original reference key=Aswathi et al 2015 (IntJPlantReprodBiol),citation:34a33ec3bdf120433e89
proteus-2333e1f9c6c4b068f2ecea41,,autonomous_selfing_capacity,absent,https://doi.org/10.48579/PRO/HU3QYM,,,,True,wild_or_unspecified,OpenAI Codex structured-record audit,2026-08-11T00:00:00Z,Exact accepted scientific name and family; explicit PROTEUS character-state mapping inspected; original reference retained; no cultivar or cross-trait proxy.,PROTEUS NDat=315678; Taxon=Limnanthes douglasii; Character=82. Autonomous selfing (D1); CharacterState=82. Autonomous selfing (D1): (2) no; Original reference key=Kesseli and Jain 1985 (TAG),citation:8fa4122295b31d1b8172
proteus-26ff5dfa78ed639a29d4ca02,,autonomous_selfing_capacity,absent,https://doi.org/10.48579/PRO/HU3QYM,,,,True,wild_or_unspecified,OpenAI Codex structured-record audit,2026-08-11T00:00:00Z,Exact accepted scientific name and family; explicit PROTEUS character-state mapping inspected; original reference retained; no cultivar or cross-trait proxy.,PROTEUS NDat=281157; Taxon=Lobelia angulata; Character=82. Autonomous selfing (D1); CharacterState=82. Autonomous selfing (D1): (2) no; Original reference key=Bertin and Newman 1993 (BotRev),citation:2f1ea8fdaf34ea6880d9
proteus-284368855994dd5f3e646049,,autonomous_selfing_capacity,absent,https://doi.org/10.48579/PRO/HU3QYM,,,,True,wild_or_unspecified,OpenAI Codex structured-record audit,2026-08-11T00:00:00Z,Exact accepted scientific name and family; explicit PROTEUS character-state mapping inspected; original reference retained; no cultivar or cross-trait proxy.,PROTEUS NDat=450493; Taxon=Rhexia virginica; Character=82. Autonomous selfing (D1); CharacterState=82. Autonomous selfing (D1): (2) no; Original reference key=Larson and Barrett 1999 (AmJBot),citation:c78b97adce602a0fdb61
proteus-289000d5439d658e8f39b414,,autonomous_selfing_capacity,absent,https://doi.org/10.48579/PRO/HU3QYM,,,,True,wild_or_unspecified,OpenAI Codex structured-record audit,2026-08-11T00:00:00Z,Exact accepted scientific name and family; explicit PROTEUS character-state mapping inspected; original reference retained; no cultivar or cross-trait proxy.,PROTEUS NDat=321719; Taxon=Lapageria rosea; Character=82. Autonomous selfing (D1); CharacterState=82. Autonomous selfing (D1): (2) no; Original reference key=Humaña & Riveros 1994 (GayanaBot),citation:b04116fa647573e978f3
proteus-34b69ab6ade5b5108281757d,,autonomous_selfing_capacity,autonomous,https://doi.org/10.48579/PRO/HU3QYM,,,,True,wild_or_unspecified,OpenAI Codex structured-record audit,2026-08-11T00:00:00Z,Exact accepted scientific name and family; explicit PROTEUS character-state mapping inspected; original reference retained; no cultivar or cross-trait proxy.,PROTEUS NDat=281165; Taxon=Ravenala madagascariensis; Character=82. Autonomous selfing (D1); CharacterState=82. Autonomous selfing (D1): (0) yes; Original reference key=Bertin and Newman 1993 (BotRev),citation:2f1ea8fdaf34ea6880d9
proteus-350cfa7f0484c5e227969a78,,autonomous_selfing_capacity,absent,https://doi.org/10.48579/PRO/HU3QYM,,,,True,wild_or_unspecified,OpenAI Codex structured-record audit,2026-08-11T00:00:00Z,Exact accepted scientific name and family; explicit PROTEUS character-state mapping inspected; original reference retained; no cultivar or cross-trait proxy.,PROTEUS NDat=281147; Taxon=Grewia occidentalis; Character=82. Autonomous selfing (D1); CharacterState=82. Autonomous selfing (D1): (2) no; Original reference key=Bertin and Newman 1993 (BotRev),citation:2f1ea8fdaf34ea6880d9
proteus-38fbedca4027f990798664a4,,autonomous_selfing_capacity,absent,https://doi.org/10.48579/PRO/HU3QYM,,,,True,wild_or_unspecified,OpenAI Codex structured-record audit,2026-08-11T00:00:00Z,Exact accepted scientific name and family; explicit PROTEUS character-state mapping inspected; original reference retained; no cultivar or cross-trait proxy.,PROTEUS NDat=281177; Taxon=Staphylea trifolia; Character=82. Autonomous selfing (D1); CharacterState=82. Autonomous selfing (D1): (2) no; Original reference key=Bertin and Newman 1993 (BotRev),citation:2f1ea8fdaf34ea6880d9
proteus-3dc1825ef56248779ae5c870,,autonomous_selfing_capacity,absent,https://doi.org/10.48579/PRO/HU3QYM,,,,True,wild_or_unspecified,OpenAI Codex structured-record audit,2026-08-11T00:00:00Z,Exact accepted scientific name and family; explicit PROTEUS character-state mapping inspected; original reference retained; no cultivar or cross-trait proxy.,PROTEUS NDat=281142; Taxon=Cyclanthus bipartitus; Character=82. Autonomous selfing (D1); CharacterState=82. Autonomous selfing (D1): (2) no; Original reference key=Bertin and Newman 1993 (BotRev),citation:2f1ea8fdaf34ea6880d9
proteus-4970fc3c121d1d13160dbb0f,,autonomous_selfing_capacity,autonomous,https://doi.org/10.48579/PRO/HU3QYM,,,,True,wild_or_unspecified,OpenAI Codex structured-record audit,2026-08-11T00:00:00Z,Exact accepted scientific name and family; explicit PROTEUS character-state mapping inspected; original reference retained; no cultivar or cross-trait proxy.,PROTEUS NDat=281158; Taxon=Mollugo verticillata; Character=82. Autonomous selfing (D1); CharacterState=82. Autonomous selfing (D1): (0) yes; Original reference key=Bertin and Newman 1993 (BotRev),citation:2f1ea8fdaf34ea6880d9
proteus-4c8f666459c49d7805fa6621,,autonomous_selfing_capacity,absent,https://doi.org/10.48579/PRO/HU3QYM,,,,True,wild_or_unspecified,OpenAI Codex structured-record audit,2026-08-11T00:00:00Z,Exact accepted scientific name and family; explicit PROTEUS character-state mapping inspected; original reference retained; no cultivar or cross-trait proxy.,PROTEUS NDat=281152; Taxon=Hordeum bulbosum; Character=82. Autonomous selfing (D1); CharacterState=82. Autonomous selfing (D1): (2) no; Original reference key=Bertin and Newman 1993 (BotRev),citation:2f1ea8fdaf34ea6880d9
proteus-511c2377193d56c732d6d37f,,autonomous_selfing_capacity,autonomous,https://doi.org/10.48579/PRO/HU3QYM,,,,True,wild_or_unspecified,OpenAI Codex structured-record audit,2026-08-11T00:00:00Z,Exact accepted scientific name and family; explicit PROTEUS character-state mapping inspected; original reference retained; no cultivar or cross-trait proxy.,PROTEUS NDat=321888; Taxon=Chorispora tenella; Character=82. Autonomous selfing (D1); CharacterState=82. Autonomous selfing (D1): (0) yes; Original reference key=Wiens 1984 (Oecologia),citation:8fc6ccef7e02c6ed24d5
proteus-552775720cbe7d542996052e,,autonomous_selfing_capacity,absent,https://doi.org/10.48579/PRO/HU3QYM,,,,True,wild_or_unspecified,OpenAI Codex structured-record audit,2026-08-11T00:00:00Z,Exact accepted scientific name and family; explicit PROTEUS character-state mapping inspected; original reference retained; no cultivar or cross-trait proxy.,PROTEUS NDat=281163; Taxon=Plantago lanceolata; Character=82. Autonomous selfing (D1); CharacterState=82. Autonomous selfing (D1): (2) no; Original reference key=Bertin and Newman 1993 (BotRev),citation:2f1ea8fdaf34ea6880d9
proteus-5fc27123abfbfd780294c4a1,,autonomous_selfing_capacity,absent,https://doi.org/10.48579/PRO/HU3QYM,,,,True,wild_or_unspecified,OpenAI Codex structured-record audit,2026-08-11T00:00:00Z,Exact accepted scientific name and family; explicit PROTEUS character-state mapping inspected; original reference retained; no cultivar or cross-trait proxy.,PROTEUS NDat=281183; Taxon=Trachelium caeruleum; Character=82. Autonomous selfing (D1); CharacterState=82. Autonomous selfing (D1): (2) no; Original reference key=Bertin and Newman 1993 (BotRev),citation:2f1ea8fdaf34ea6880d9
proteus-60cb2a8315977cd29ac1e5b5,,autonomous_selfing_capacity,autonomous,https://doi.org/10.48579/PRO/HU3QYM,,,,True,wild_or_unspecified,OpenAI Codex structured-record audit,2026-08-11T00:00:00Z,Exact accepted scientific name and family; explicit PROTEUS character-state mapping inspected; original reference retained; no cultivar or cross-trait proxy.,PROTEUS NDat=366594; Taxon=Fumana ericoides; Character=82. Autonomous selfing (D1); CharacterState=82. Autonomous selfing (D1): (0) yes; Original reference key=Guemes 2001 (NordJBot),citation:18e3a3d9b0502a711baa
proteus-69617f4542e3d5edfc9cb72f,,autonomous_selfing_capacity,absent,https://doi.org/10.48579/PRO/HU3QYM,,,,True,wild_or_unspecified,OpenAI Codex structured-record audit,2026-08-11T00:00:00Z,Exact accepted scientific name and family; explicit PROTEUS character-state mapping inspected; original reference retained; no cultivar or cross-trait proxy.,PROTEUS NDat=281156; Taxon=Liriodendron chinense; Character=82. Autonomous selfing (D1); CharacterState=82. Autonomous selfing (D1): (2) no; Original reference key=Bertin and Newman 1993 (BotRev),citation:2f1ea8fdaf34ea6880d9
proteus-7387183bc98b884499d8a75a,,autonomous_selfing_capacity,absent,https://doi.org/10.48579/PRO/HU3QYM,,,,True,wild_or_unspecified,OpenAI Codex structured-record audit,2026-08-11T00:00:00Z,Exact accepted scientific name and family; explicit PROTEUS character-state mapping inspected; original reference retained; no cultivar or cross-trait proxy.,PROTEUS NDat=396154; Taxon=Pinguicula alpina; Character=82. Autonomous selfing (D1); CharacterState=82. Autonomous selfing (D1): (2) no; Original reference key=Molau 1993 (NordJBot),citation:1b225c5311beb9ddd196
proteus-865ea7a9809bb9ff2e76450e,,autonomous_selfing_capacity,absent,https://doi.org/10.48579/PRO/HU3QYM,,,,True,wild_or_unspecified,OpenAI Codex structured-record audit,2026-08-11T00:00:00Z,Exact accepted scientific name and family; explicit PROTEUS character-state mapping inspected; original reference retained; no cultivar or cross-trait proxy.,PROTEUS NDat=281133; Taxon=Brasenia schreberi; Character=82. Autonomous selfing (D1); CharacterState=82. Autonomous selfing (D1): (2) no; Original reference key=Bertin and Newman 1993 (BotRev),citation:2f1ea8fdaf34ea6880d9
proteus-89e84b8e47b0ef35122702cb,,autonomous_selfing_capacity,absent,https://doi.org/10.48579/PRO/HU3QYM,,,,True,wild_or_unspecified,OpenAI Codex structured-record audit,2026-08-11T00:00:00Z,Exact accepted scientific name and family; explicit PROTEUS character-state mapping inspected; original reference retained; no cultivar or cross-trait proxy.,PROTEUS NDat=281134; Taxon=Cabomba caroliniana; Character=82. Autonomous selfing (D1); CharacterState=82. Autonomous selfing (D1): (2) no; Original reference key=Bertin and Newman 1993 (BotRev),citation:2f1ea8fdaf34ea6880d9
proteus-8b002fc0a5303a9ca394368d,,autonomous_selfing_capacity,absent,https://doi.org/10.48579/PRO/HU3QYM,,,,True,wild_or_unspecified,OpenAI Codex structured-record audit,2026-08-11T00:00:00Z,Exact accepted scientific name and family; explicit PROTEUS character-state mapping inspected; original reference retained; no cultivar or cross-trait proxy.,PROTEUS NDat=450269; Taxon=Souroubea guianensis; Character=82. Autonomous selfing (D1); CharacterState=82. Autonomous selfing (D1): (2) no; Original reference key=Machado and Lopes 2000 (AnnBot),citation:956eb7c003c27242caab
proteus-8d452dfd1b85fbbb61a3d451,,autonomous_selfing_capacity,absent,https://doi.org/10.48579/PRO/HU3QYM,,,,True,wild_or_unspecified,OpenAI Codex structured-record audit,2026-08-11T00:00:00Z,Exact accepted scientific name and family; explicit PROTEUS character-state mapping inspected; original reference retained; no cultivar or cross-trait proxy.,PROTEUS NDat=280809; Taxon=Acorus calamus; Character=82. Autonomous selfing (D1); CharacterState=82. Autonomous selfing (D1): (2) no; Original reference key=Bertin and Newman 1993 (BotRev),citation:2f1ea8fdaf34ea6880d9
proteus-9149d64dc271779573c83962,,autonomous_selfing_capacity,absent,https://doi.org/10.48579/PRO/HU3QYM,,,,True,wild_or_unspecified,OpenAI Codex structured-record audit,2026-08-11T00:00:00Z,Exact accepted scientific name and family; explicit PROTEUS character-state mapping inspected; original reference retained; no cultivar or cross-trait proxy.,PROTEUS NDat=281181; Taxon=Tectona grandis; Character=82. Autonomous selfing (D1); CharacterState=82. Autonomous selfing (D1): (2) no; Original reference key=Bertin and Newman 1993 (BotRev),citation:2f1ea8fdaf34ea6880d9
proteus-93d6da5e5b9c4718f4b6a9ea,,autonomous_selfing_capacity,autonomous,https://doi.org/10.48579/PRO/HU3QYM,,,,True,wild_or_unspecified,OpenAI Codex structured-record audit,2026-08-11T00:00:00Z,Exact accepted scientific name and family; explicit PROTEUS character-state mapping inspected; original reference retained; no cultivar or cross-trait proxy.,PROTEUS NDat=281169; Taxon=Ruta graveolens; Character=82. Autonomous selfing (D1); CharacterState=82. Autonomous selfing (D1): (0) yes; Original reference key=Bertin and Newman 1993 (BotRev),citation:2f1ea8fdaf34ea6880d9
proteus-9d54edb9ab6b02eedcd2f889,,autonomous_selfing_capacity,mixed_or_variable,https://doi.org/10.48579/PRO/HU3QYM,,,,True,wild_or_unspecified,OpenAI Codex structured-record audit,2026-08-11T00:00:00Z,Exact accepted scientific name and family; explicit PROTEUS character-state mapping inspected; original reference retained; no cultivar or cross-trait proxy.,PROTEUS NDat=320889; Taxon=Ruta graveolens; Character=82. Autonomous selfing (D1); CharacterState=82. Autonomous selfing (D1): (1) variable; Notes=Delayed selfing; Original reference key=Ren and Tang 2012 (AnnBot),citation:35f3d12fd8e66f005e36
proteus-9e0bc6df402a84044f02c7a9,,autonomous_selfing_capacity,absent,https://doi.org/10.48579/PRO/HU3QYM,,,,True,wild_or_unspecified,OpenAI Codex structured-record audit,2026-08-11T00:00:00Z,Exact accepted scientific name and family; explicit PROTEUS character-state mapping inspected; original reference retained; no cultivar or cross-trait proxy.,PROTEUS NDat=400244; Taxon=Chloranthus spicatus; Character=82. Autonomous selfing (D1); CharacterState=82. Autonomous selfing (D1): (2) no; Original reference key=von Balthazar and Endress 1999 (PlantSystEvol),citation:1733316689e437e71f3a
proteus-aacaf5ec05b59d246c9f9796,,autonomous_selfing_capacity,absent,https://doi.org/10.48579/PRO/HU3QYM,,,,True,wild_or_unspecified,OpenAI Codex structured-record audit,2026-08-11T00:00:00Z,Exact accepted scientific name and family; explicit PROTEUS character-state mapping inspected; original reference retained; no cultivar or cross-trait proxy.,PROTEUS NDat=281171; Taxon=Sarracenia purpurea; Character=82. Autonomous selfing (D1); CharacterState=82. Autonomous selfing (D1): (2) no; Original reference key=Bertin and Newman 1993 (BotRev),citation:2f1ea8fdaf34ea6880d9
proteus-d0e956a70c833eabe7ddf01d,,autonomous_selfing_capacity,autonomous,https://doi.org/10.48579/PRO/HU3QYM,,,,True,wild_or_unspecified,OpenAI Codex structured-record audit,2026-08-11T00:00:00Z,Exact accepted scientific name and family; explicit PROTEUS character-state mapping inspected; original reference retained; no cultivar or cross-trait proxy.,PROTEUS NDat=322962; Taxon=Cupaniopsis anacardioides; Character=82. Autonomous selfing (D1); CharacterState=82. Autonomous selfing (D1): (0) yes; Original reference key=Adam and William 2001 (article),citation:d7ec8627c1832a98c345
proteus-d8a12b94f2129c0e690e97b2,,autonomous_selfing_capacity,autonomous,https://doi.org/10.48579/PRO/HU3QYM,,,,True,wild_or_unspecified,OpenAI Codex structured-record audit,2026-08-11T00:00:00Z,Exact accepted scientific name and family; explicit PROTEUS character-state mapping inspected; original reference retained; no cultivar or cross-trait proxy.,PROTEUS NDat=321542; Taxon=Talinum paniculatum; Character=82. Autonomous selfing (D1); CharacterState=82. Autonomous selfing (D1): (0) yes; Original reference key=Valerio & Ramírez 2003 (ActaBotVenez),citation:df7477eb5e7081ee16c0
proteus-e4c3e3f7c98b596b220213e8,,autonomous_selfing_capacity,absent,https://doi.org/10.48579/PRO/HU3QYM,,,,True,wild_or_unspecified,OpenAI Codex structured-record audit,2026-08-11T00:00:00Z,Exact accepted scientific name and family; explicit PROTEUS character-state mapping inspected; original reference retained; no cultivar or cross-trait proxy.,PROTEUS NDat=323012; Taxon=Malpighia emarginata; Character=82. Autonomous selfing (D1); CharacterState=82. Autonomous selfing (D1): (2) no; Original reference key=Freitas et al 1999 (JAgrSci),citation:54194d4901cba56c391a
proteus-e545e51558c9bd75cb2aa4bf,,autonomous_selfing_capacity,mixed_or_variable,https://doi.org/10.48579/PRO/HU3QYM,,,,True,wild_or_unspecified,OpenAI Codex structured-record audit,2026-08-11T00:00:00Z,Exact accepted scientific name and family; explicit PROTEUS character-state mapping inspected; original reference retained; no cultivar or cross-trait proxy.,PROTEUS NDat=281139; Taxon=Cobaea scandens; Character=82. Autonomous selfing (D1); CharacterState=82. Autonomous selfing (D1): (1) variable; Original reference key=Bertin and Newman 1993 (BotRev),citation:2f1ea8fdaf34ea6880d9
proteus-ea9b871689fb9bfe8da908f5,,autonomous_selfing_capacity,mixed_or_variable,https://doi.org/10.48579/PRO/HU3QYM,,,,True,wild_or_unspecified,OpenAI Codex structured-record audit,2026-08-11T00:00:00Z,Exact accepted scientific name and family; explicit PROTEUS character-state mapping inspected; original reference retained; no cultivar or cross-trait proxy.,PROTEUS NDat=395964; Taxon=Buxus balearica; Character=82. Autonomous selfing (D1); CharacterState=82. Autonomous selfing (D1): (1) variable; Original reference key=Lázaro A & Traveset A 2005 (Ecography),citation:f2a79015f1d7536fe97f
proteus-ebcc64d7c88ea6543c809dd7,,autonomous_selfing_capacity,autonomous,https://doi.org/10.48579/PRO/HU3QYM,,,,True,wild_or_unspecified,OpenAI Codex structured-record audit,2026-08-11T00:00:00Z,Exact accepted scientific name and family; explicit PROTEUS character-state mapping inspected; original reference retained; no cultivar or cross-trait proxy.,PROTEUS NDat=317477; Taxon=Mazus pumilus; Character=82. Autonomous selfing (D1); CharacterState=82. Autonomous selfing (D1): (0) yes; Original reference key=Jin et al 2015 (JSystEvol),citation:f04021a989e8f9913164
proteus-ec862342e4d474671aa0c53e,,autonomous_selfing_capacity,autonomous,https://doi.org/10.48579/PRO/HU3QYM,,,,True,wild_or_unspecified,OpenAI Codex structured-record audit,2026-08-11T00:00:00Z,Exact accepted scientific name and family; explicit PROTEUS character-state mapping inspected; original reference retained; no cultivar or cross-trait proxy.,PROTEUS NDat=317539; Taxon=Phryma leptostachya; Character=82. Autonomous selfing (D1); CharacterState=82. Autonomous selfing (D1): (0) yes; Original reference key=Bertin and Newman 1993 (BotRev),citation:2f1ea8fdaf34ea6880d9
proteus-ee10ed5d87c2ffa75c1bc757,,autonomous_selfing_capacity,absent,https://doi.org/10.48579/PRO/HU3QYM,,,,True,wild_or_unspecified,OpenAI Codex structured-record audit,2026-08-11T00:00:00Z,Exact accepted scientific name and family; explicit PROTEUS character-state mapping inspected; original reference retained; no cultivar or cross-trait proxy.,PROTEUS NDat=322313; Taxon=Gentiana saponaria; Character=82. Autonomous selfing (D1); CharacterState=82. Autonomous selfing (D1): (2) no; Original reference key=Windus & Snow 1993 (AmMidNat),citation:0134c72dc3ae134656e5
proteus-f0ef99e11eaccbf00a3f9a3e,,autonomous_selfing_capacity,absent,https://doi.org/10.48579/PRO/HU3QYM,,,,True,wild_or_unspecified,OpenAI Codex structured-record audit,2026-08-11T00:00:00Z,Exact accepted scientific name and family; explicit PROTEUS character-state mapping inspected; original reference retained; no cultivar or cross-trait proxy.,PROTEUS NDat=281186; Taxon=Valeriana officinalis; Character=82. Autonomous selfing (D1); CharacterState=82. Autonomous selfing (D1): (2) no; Original reference key=Bertin and Newman 1993 (BotRev),citation:2f1ea8fdaf34ea6880d9
proteus-f7d36d5eda21fef8f89ddc36,,autonomous_selfing_capacity,absent,https://doi.org/10.48579/PRO/HU3QYM,,,,True,wild_or_unspecified,OpenAI Codex structured-record audit,2026-08-11T00:00:00Z,Exact accepted scientific name and family; explicit PROTEUS character-state mapping inspected; original reference retained; no cultivar or cross-trait proxy.,PROTEUS NDat=376690; Taxon=Heliconia irrasa; Character=82. Autonomous selfing (D1); CharacterState=82. Autonomous selfing (D1): (2) no; Original reference key=Kress 1983 (Evolution),citation:f241ba8929365ca1f346
proteus-f859f5fb9a86e71e42a1507d,,autonomous_selfing_capacity,absent,https://doi.org/10.48579/PRO/HU3QYM,,,,True,wild_or_unspecified,OpenAI Codex structured-record audit,2026-08-11T00:00:00Z,Exact accepted scientific name and family; explicit PROTEUS character-state mapping inspected; original reference retained; no cultivar or cross-trait proxy.,PROTEUS NDat=281188; Taxon=Xanthosoma sagittifolium; Character=82. Autonomous selfing (D1); CharacterState=82. Autonomous selfing (D1): (2) no; Original reference key=Bertin and Newman 1993 (BotRev),citation:2f1ea8fdaf34ea6880d9
proteus-f9e321f638f220528d8d3236,,autonomous_selfing_capacity,absent,https://doi.org/10.48579/PRO/HU3QYM,,,,True,wild_or_unspecified,OpenAI Codex structured-record audit,2026-08-11T00:00:00Z,Exact accepted scientific name and family; explicit PROTEUS character-state mapping inspected; original reference retained; no cultivar or cross-trait proxy.,PROTEUS NDat=324003; Taxon=Nymphaea odorata; Character=82. Autonomous selfing (D1); CharacterState=82. Autonomous selfing (D1): (2) no; Original reference key=Schneider & Chaney 1981 (SouthwesternNat),citation:1573a1bb366a338c003c
proteus-fe0c2b044bb0be213451bda5,,autonomous_selfing_capacity,autonomous,https://doi.org/10.48579/PRO/HU3QYM,,,,True,wild_or_unspecified,OpenAI Codex structured-record audit,2026-08-11T00:00:00Z,Exact accepted scientific name and family; explicit PROTEUS character-state mapping inspected; original reference retained; no cultivar or cross-trait proxy.,PROTEUS NDat=281175; Taxon=Silene vulgaris; Character=82. Autonomous selfing (D1); CharacterState=82. Autonomous selfing (D1): (0) yes; Original reference key=Bertin and Newman 1993 (BotRev),citation:2f1ea8fdaf34ea6880d9
proteus-1fd87287d9ca6b70c34349ec,,floral_symmetry,zygomorphic,https://efloras.org/flora_page.aspx?flora_id=5,,,,True,wild_or_unspecified,OpenAI Codex structured-record audit,2026-08-11T00:00:00Z,Exact accepted scientific name and family; explicit PROTEUS character-state mapping inspected; original reference retained; no cultivar or cross-trait proxy.,PROTEUS NDat=450298; Taxon=Vitex negundo; Character=207. Symmetry of perianth (D1); CharacterState=207. Symmetry of perianth (D1): (2) zygomorphic; Original reference key=Flora of Pakistan 2023 (website),citation:28071d176642ea8c66a1
proteus-237ca2065946012c9785f21e,,floral_symmetry,actinomorphic,https://www.floraiberica.es,,,,True,wild_or_unspecified,OpenAI Codex structured-record audit,2026-08-11T00:00:00Z,Exact accepted scientific name and family; explicit PROTEUS character-state mapping inspected; original reference retained; no cultivar or cross-trait proxy.,PROTEUS NDat=251716; Taxon=Coriaria myrtifolia; Character=207. Symmetry of perianth (D1); CharacterState=207. Symmetry of perianth (D1): (5) actinomorphic (general); Original reference key=Flora Iberica 2018 (website),citation:df2cfcf7bd473a42d01a
proteus-27dc56ba01cea57749485ca7,,floral_symmetry,zygomorphic,http://www.jstor.org/stable/full/10.1086/374829,,,,True,wild_or_unspecified,OpenAI Codex structured-record audit,2026-08-11T00:00:00Z,Exact accepted scientific name and family; explicit PROTEUS character-state mapping inspected; original reference retained; no cultivar or cross-trait proxy.,PROTEUS NDat=125642; Taxon=Lobelia angulata; Character=207. Symmetry of perianth (D1); CharacterState=207. Symmetry of perianth (D1): (2) zygomorphic; Original reference key=Lundberg & Bremer 2003 (IJPS),citation:c4232c16a3bb09faefb0
proteus-2a82e5892dd8bc5bd7e98d22,,floral_symmetry,actinomorphic,http://www.jstor.org/stable/full/10.1086/374829,,,,True,wild_or_unspecified,OpenAI Codex structured-record audit,2026-08-11T00:00:00Z,Exact accepted scientific name and family; explicit PROTEUS character-state mapping inspected; original reference retained; no cultivar or cross-trait proxy.,PROTEUS NDat=125576; Taxon=Corokia cotoneaster; Character=207. Symmetry of perianth (D1); CharacterState=207. Symmetry of perianth (D1): (5) actinomorphic (general); Original reference key=Lundberg & Bremer 2003 (IJPS),citation:c4232c16a3bb09faefb0
proteus-2b7ca30e7ad0240af166aff2,,floral_symmetry,actinomorphic,https://doi.org/10.48579/PRO/HU3QYM,,,,True,wild_or_unspecified,OpenAI Codex structured-record audit,2026-08-11T00:00:00Z,Exact accepted scientific name and family; explicit PROTEUS character-state mapping inspected; original reference retained; no cultivar or cross-trait proxy.,"PROTEUS NDat=448588; Taxon=Allanblackia floribunda; Character=207. Symmetry of perianth (D1); CharacterState=207. Symmetry of perianth (D1): (0) actinomorphic (strictly polysymmetric); Notes=described as ""regular"" in the paper; Original reference key=Crockett 2015 (article)",citation:738a2c8a0f63f50cdaa6
proteus-2bee5892ea6d90a5e1c88c43,,floral_symmetry,actinomorphic,https://doi.org/10.48579/PRO/HU3QYM,,,,True,wild_or_unspecified,OpenAI Codex structured-record audit,2026-08-11T00:00:00Z,Exact accepted scientific name and family; explicit PROTEUS character-state mapping inspected; original reference retained; no cultivar or cross-trait proxy.,PROTEUS NDat=448631; Taxon=Clutia pulchella; Character=207. Symmetry of perianth (D1); CharacterState=207. Symmetry of perianth (D1): (0) actinomorphic (strictly polysymmetric); Original reference key=Curtis 1818 (CurtisBotMag),citation:4d42676ed7bcd366860f
proteus-2e7b0a0850dee29567c0a890,,floral_symmetry,zygomorphic,https://doi.org/10.48579/PRO/HU3QYM,,,,True,wild_or_unspecified,OpenAI Codex structured-record audit,2026-08-11T00:00:00Z,Exact accepted scientific name and family; explicit PROTEUS character-state mapping inspected; original reference retained; no cultivar or cross-trait proxy.,PROTEUS NDat=85119; Taxon=Tropaeolum tricolor; Character=207. Symmetry of perianth (D1); CharacterState=207. Symmetry of perianth (D1): (2) zygomorphic; Original reference key=Ronse de Craene & Smets 2001 (AnnBot),citation:44cc9d384ea52ca4ab67
proteus-376fdf11b3e120a94a769edb,,floral_symmetry,actinomorphic,https://www.plantes-botanique.org/,,,,True,wild_or_unspecified,OpenAI Codex structured-record audit,2026-08-11T00:00:00Z,Exact accepted scientific name and family; explicit PROTEUS character-state mapping inspected; original reference retained; no cultivar or cross-trait proxy.,PROTEUS NDat=350098; Taxon=Trochocarpa laurina; Character=207. Symmetry of perianth (D1); CharacterState=207. Symmetry of perianth (D1): (5) actinomorphic (general); Notes=https://www.plantes-botanique.org/espece_trochocarpa_laurina; Original reference key=Plantes & Botanique 2021 (website),citation:e69543ff3ec67dc38c14
proteus-38ff434d9e8827c0be656673,,floral_symmetry,actinomorphic,http://delta-intkey.com/angio/,,,,True,wild_or_unspecified,OpenAI Codex structured-record audit,2026-08-11T00:00:00Z,Exact accepted scientific name and family; explicit PROTEUS character-state mapping inspected; original reference retained; no cultivar or cross-trait proxy.,PROTEUS NDat=168614; Taxon=Simmondsia chinensis; Character=207. Symmetry of perianth (D1); CharacterState=207. Symmetry of perianth (D1): (0) actinomorphic (strictly polysymmetric); Original reference key=Watson & Dallwitz 2014 (website),citation:0beaac22d5cb88cfadf2
proteus-3e79ad718986b54190239591,,floral_symmetry,zygomorphic,http://www.efloras.org/flora_page.aspx?flora_id=2,,,,True,wild_or_unspecified,OpenAI Codex structured-record audit,2026-08-11T00:00:00Z,Exact accepted scientific name and family; explicit PROTEUS character-state mapping inspected; original reference retained; no cultivar or cross-trait proxy.,PROTEUS NDat=142817; Taxon=Moringa oleifera; Character=207. Symmetry of perianth (D1); CharacterState=207. Symmetry of perianth (D1): (2) zygomorphic; Original reference key=Flora of China 2014 (website),citation:4ca2b32c90c8c96a42c0
proteus-40842b1e6748e2f93cf299bc,,floral_symmetry,zygomorphic,https://DOI 10.1007/978-3-642-18617-2_20,,,,True,wild_or_unspecified,OpenAI Codex structured-record audit,2026-08-11T00:00:00Z,Exact accepted scientific name and family; explicit PROTEUS character-state mapping inspected; original reference retained; no cultivar or cross-trait proxy.,PROTEUS NDat=119769; Taxon=Plocosperma buxifolium; Character=207. Symmetry of perianth (D1); CharacterState=207. Symmetry of perianth (D1): (2) zygomorphic; Original reference key=Struwe & Jensen 2004 (Kubitzki),citation:d575b877f52a8c66ecf5
proteus-48637948ac2dbe04a7f4eaba,,floral_symmetry,actinomorphic,https://doi.org/10.48579/PRO/HU3QYM,,,,True,wild_or_unspecified,OpenAI Codex structured-record audit,2026-08-11T00:00:00Z,Exact accepted scientific name and family; explicit PROTEUS character-state mapping inspected; original reference retained; no cultivar or cross-trait proxy.,PROTEUS NDat=2632; Taxon=Chimonanthus praecox; Character=207. Symmetry of perianth (D1); CharacterState=207. Symmetry of perianth (D1): (1) actinomorphic spiral; Original reference key=Staedler et al 2007 (IJPS),citation:ed4872d3531b1693b7aa
proteus-54685e7d224be8db2d46dd57,,floral_symmetry,actinomorphic,https://doi.org/10.48579/PRO/HU3QYM,,,,True,wild_or_unspecified,OpenAI Codex structured-record audit,2026-08-11T00:00:00Z,Exact accepted scientific name and family; explicit PROTEUS character-state mapping inspected; original reference retained; no cultivar or cross-trait proxy.,PROTEUS NDat=129391; Taxon=Aralidium pinnatifidum; Character=207. Symmetry of perianth (D1); CharacterState=207. Symmetry of perianth (D1): (0) actinomorphic (strictly polysymmetric); Original reference key=Philipson & Stone 1980 (Taxon),citation:369d517082150f40f1dc
proteus-5b21fb35f4cc712eda97305d,,floral_symmetry,actinomorphic,https://doi.org/10.48579/PRO/HU3QYM,,,,True,wild_or_unspecified,OpenAI Codex structured-record audit,2026-08-11T00:00:00Z,Exact accepted scientific name and family; explicit PROTEUS character-state mapping inspected; original reference retained; no cultivar or cross-trait proxy.,PROTEUS NDat=84815; Taxon=Swietenia macrophylla; Character=207. Symmetry of perianth (D1); CharacterState=207. Symmetry of perianth (D1): (0) actinomorphic (strictly polysymmetric); Original reference key=Gouvea et al 2008 (BJLS),citation:d1e7d7508869c47e10d7
proteus-5dc0047f3f35bf54fa45e6c0,,floral_symmetry,actinomorphic,https://doi.org/10.48579/PRO/HU3QYM,,,,True,wild_or_unspecified,OpenAI Codex structured-record audit,2026-08-11T00:00:00Z,Exact accepted scientific name and family; explicit PROTEUS character-state mapping inspected; original reference retained; no cultivar or cross-trait proxy.,PROTEUS NDat=159019; Taxon=Sinojackia xylocarpa; Character=207. Symmetry of perianth (D1); CharacterState=207. Symmetry of perianth (D1): (0) actinomorphic (strictly polysymmetric); Original reference key=Dickison 1993 (BJLS),citation:d71119c4c6964104d696
proteus-630a7ec05a3480cd2f80cf42,,floral_symmetry,actinomorphic,http://www.efloras.org/flora_page.aspx?flora_id=2,,,,True,wild_or_unspecified,OpenAI Codex structured-record audit,2026-08-11T00:00:00Z,Exact accepted scientific name and family; explicit PROTEUS character-state mapping inspected; original reference retained; no cultivar or cross-trait proxy.,PROTEUS NDat=172586; Taxon=Ludwigia adscendens; Character=207. Symmetry of perianth (D1); CharacterState=207. Symmetry of perianth (D1): (0) actinomorphic (strictly polysymmetric); Original reference key=Flora of China 2014 (website),citation:4ca2b32c90c8c96a42c0
proteus-63da638bc5b6f516404a810a,,floral_symmetry,actinomorphic,http://pza.sanbi.org/,,,,True,wild_or_unspecified,OpenAI Codex structured-record audit,2026-08-11T00:00:00Z,Exact accepted scientific name and family; explicit PROTEUS character-state mapping inspected; original reference retained; no cultivar or cross-trait proxy.,PROTEUS NDat=450975; Taxon=Nemesia strumosa; Character=207. Symmetry of perianth (D1); CharacterState=207. Symmetry of perianth (D1): (0) actinomorphic (strictly polysymmetric); Original reference key=PlantZAfrica 2023 (website),citation:30e2dc4e011c0eada39f
proteus-768e12d17f6c70ec4243f375,,floral_symmetry,actinomorphic,https://doi.org/10.48579/PRO/HU3QYM,,,,True,wild_or_unspecified,OpenAI Codex structured-record audit,2026-08-11T00:00:00Z,Exact accepted scientific name and family; explicit PROTEUS character-state mapping inspected; original reference retained; no cultivar or cross-trait proxy.,PROTEUS NDat=128925; Taxon=Coriaria ruscifolia; Character=207. Symmetry of perianth (D1); CharacterState=207. Symmetry of perianth (D1): (0) actinomorphic (strictly polysymmetric); Original reference key=Calderón de Rzedowski 1992 (FloraBajío),citation:707ba87f13d8e3217c0c
proteus-8031b1265aae2c33b01bfa9f,,floral_symmetry,actinomorphic,http://link.springer.com/article/10.1007%2Fs00606-004-0236-x,,,,True,wild_or_unspecified,OpenAI Codex structured-record audit,2026-08-11T00:00:00Z,Exact accepted scientific name and family; explicit PROTEUS character-state mapping inspected; original reference retained; no cultivar or cross-trait proxy.,PROTEUS NDat=119272; Taxon=Thymelaea hirsuta; Character=207. Symmetry of perianth (D1); CharacterState=207. Symmetry of perianth (D1): (0) actinomorphic (strictly polysymmetric); Original reference key=Cornara et al 2005 (PlantSystEvol),citation:c84dbef4c146f8f925b3
proteus-850150d0bcdddeb38bcc475f,,floral_symmetry,actinomorphic,https://doi.org/10.48579/PRO/HU3QYM,,,,True,wild_or_unspecified,OpenAI Codex structured-record audit,2026-08-11T00:00:00Z,Exact accepted scientific name and family; explicit PROTEUS character-state mapping inspected; original reference retained; no cultivar or cross-trait proxy.,PROTEUS NDat=450331; Taxon=Ainsliaea cordifolia; Character=207. Symmetry of perianth (D1); CharacterState=207. Symmetry of perianth (D1): (0) actinomorphic (strictly polysymmetric); Original reference key=Freire 2007 (AMBG),citation:011c824e46252461198d
proteus-8f446ce8725b15f22c1d6192,,floral_symmetry,actinomorphic,https://doi.org/10.48579/PRO/HU3QYM,,,,True,wild_or_unspecified,OpenAI Codex structured-record audit,2026-08-11T00:00:00Z,Exact accepted scientific name and family; explicit PROTEUS character-state mapping inspected; original reference retained; no cultivar or cross-trait proxy.,PROTEUS NDat=450967; Taxon=Santalum spicatum; Character=207. Symmetry of perianth (D1); CharacterState=207. Symmetry of perianth (D1): (0) actinomorphic (strictly polysymmetric); Original reference key=Lepschi & Barlow 2012 (Flora of South Australia),citation:fa01a101e2ac810b4b97
proteus-91312728abc4c6f678203417,,floral_symmetry,zygomorphic,https://doi.org/10.48579/PRO/HU3QYM,,,,True,wild_or_unspecified,OpenAI Codex structured-record audit,2026-08-11T00:00:00Z,Exact accepted scientific name and family; explicit PROTEUS character-state mapping inspected; original reference retained; no cultivar or cross-trait proxy.,PROTEUS NDat=155271; Taxon=Bertholletia excelsa; Character=207. Symmetry of perianth (D1); CharacterState=207. Symmetry of perianth (D1): (2) zygomorphic; Original reference key=Tsou & Mori 2007 (AmJBot),citation:fa1cb4fcdf20d89b3c6a
proteus-943f52d849e4927b5010f98e,,floral_symmetry,actinomorphic,https://doi.org/10.48579/PRO/HU3QYM,,,,True,wild_or_unspecified,OpenAI Codex structured-record audit,2026-08-11T00:00:00Z,Exact accepted scientific name and family; explicit PROTEUS character-state mapping inspected; original reference retained; no cultivar or cross-trait proxy.,PROTEUS NDat=448704; Taxon=Melocactus curvispinus; Character=207. Symmetry of perianth (D1); CharacterState=207. Symmetry of perianth (D1): (5) actinomorphic (general); Notes=Clearly seen in Fig. 22 right and low.; Original reference key=Taylor 1991 (Bradleya),citation:1b0e2d1a5514ef733f2d
proteus-97953da5ea6a210f107010db,,floral_symmetry,zygomorphic,https://www.jstor.org/stable/10.1086/666664,,,,True,wild_or_unspecified,OpenAI Codex structured-record audit,2026-08-11T00:00:00Z,Exact accepted scientific name and family; explicit PROTEUS character-state mapping inspected; original reference retained; no cultivar or cross-trait proxy.,PROTEUS NDat=413835; Taxon=Abolboda pulchella; Character=207. Symmetry of perianth (D1); CharacterState=207. Symmetry of perianth (D1): (2) zygomorphic; Original reference key=Oriani & Scatena 2012 (IJPS),citation:1fe5a4fce7455b52559c
proteus-9955a1b50e97710d69e976c1,,floral_symmetry,actinomorphic,http://eol.org/,,,,True,wild_or_unspecified,OpenAI Codex structured-record audit,2026-08-11T00:00:00Z,Exact accepted scientific name and family; explicit PROTEUS character-state mapping inspected; original reference retained; no cultivar or cross-trait proxy.,PROTEUS NDat=84193; Taxon=Liriodendron chinense; Character=207. Symmetry of perianth (D1); CharacterState=207. Symmetry of perianth (D1): (0) actinomorphic (strictly polysymmetric); Original reference key=Encyclopedia of Life 2013 (website),citation:38039595b69a57783fca
proteus-a2abd6215d9b7c3e37f97602,,floral_symmetry,actinomorphic,https://doi.org/10.48579/PRO/HU3QYM,,,,True,wild_or_unspecified,OpenAI Codex structured-record audit,2026-08-11T00:00:00Z,Exact accepted scientific name and family; explicit PROTEUS character-state mapping inspected; original reference retained; no cultivar or cross-trait proxy.,PROTEUS NDat=85138; Taxon=Cyrilla racemiflora; Character=207. Symmetry of perianth (D1); CharacterState=207. Symmetry of perianth (D1): (0) actinomorphic (strictly polysymmetric); Original reference key=Dute et al 2004 (SoutheasternNat),citation:364b24ae2520bcc0b045
proteus-a440d656325f2b08a0b2eaf4,,floral_symmetry,actinomorphic,https://doi.org/10.48579/PRO/HU3QYM,,,,True,wild_or_unspecified,OpenAI Codex structured-record audit,2026-08-11T00:00:00Z,Exact accepted scientific name and family; explicit PROTEUS character-state mapping inspected; original reference retained; no cultivar or cross-trait proxy.,PROTEUS NDat=279230; Taxon=Griselinia racemosa; Character=207. Symmetry of perianth (D1); CharacterState=207. Symmetry of perianth (D1): (0) actinomorphic (strictly polysymmetric); Notes=staminate flores actinomorphic; Original reference key=Dillon & Munoz-Schick 1993 (Brittonia),citation:b17b3203970a069e7c1b
proteus-a4e268374896a1c1b1237a5d,,floral_symmetry,actinomorphic,http://apps.kew.org/efloras/search.do,,,,True,wild_or_unspecified,OpenAI Codex structured-record audit,2026-08-11T00:00:00Z,Exact accepted scientific name and family; explicit PROTEUS character-state mapping inspected; original reference retained; no cultivar or cross-trait proxy.,PROTEUS NDat=84677; Taxon=Trichilia emetica; Character=207. Symmetry of perianth (D1); CharacterState=207. Symmetry of perianth (D1): (0) actinomorphic (strictly polysymmetric); Original reference key=Flora Zambesiaca 2013 (website),citation:52c8e42d908b97ff7bdb
proteus-b36f12d9b5a4d4c83a383443,,floral_symmetry,actinomorphic,https://www.worldagroforestry.org/,,,,True,wild_or_unspecified,OpenAI Codex structured-record audit,2026-08-11T00:00:00Z,Exact accepted scientific name and family; explicit PROTEUS character-state mapping inspected; original reference retained; no cultivar or cross-trait proxy.,PROTEUS NDat=350819; Taxon=Bursera simaruba; Character=207. Symmetry of perianth (D1); CharacterState=207. Symmetry of perianth (D1): (0) actinomorphic (strictly polysymmetric); Notes=http://apps.worldagroforestry.org/treedb/AFTPDFS/Bursera_simaruba.PDF; Original reference key=World agroforestry 2021 (website),citation:efd0e1a7efd8b3c676ad
proteus-b5878568ba2cd3bbc99b5535,,floral_symmetry,actinomorphic,https://doi.org/10.48579/PRO/HU3QYM,,,,True,wild_or_unspecified,OpenAI Codex structured-record audit,2026-08-11T00:00:00Z,Exact accepted scientific name and family; explicit PROTEUS character-state mapping inspected; original reference retained; no cultivar or cross-trait proxy.,PROTEUS NDat=86166; Taxon=Durio zibethinus; Character=207. Symmetry of perianth (D1); CharacterState=207. Symmetry of perianth (D1): (0) actinomorphic (strictly polysymmetric); Notes=at least petals; Original reference key=Kostermans 1958 (Reinwardtia),citation:e96ce011dca07d43b1a0
proteus-b9086701eeeda2d2f74ed98a,,floral_symmetry,actinomorphic,http://www.biodiversitylibrary.org/item/136608,,,,True,wild_or_unspecified,OpenAI Codex structured-record audit,2026-08-11T00:00:00Z,Exact accepted scientific name and family; explicit PROTEUS character-state mapping inspected; original reference retained; no cultivar or cross-trait proxy.,PROTEUS NDat=83377; Taxon=Nyssa ogeche; Character=207. Symmetry of perianth (D1); CharacterState=207. Symmetry of perianth (D1): (0) actinomorphic (strictly polysymmetric); Original reference key=Marshall 1785 (book),citation:497c54fbcc920a46cb9e
proteus-bb81454785c6ba10ba0dcaae,,floral_symmetry,actinomorphic,http://www.efloras.org/flora_page.aspx?flora_id=1,,,,True,wild_or_unspecified,OpenAI Codex structured-record audit,2026-08-11T00:00:00Z,Exact accepted scientific name and family; explicit PROTEUS character-state mapping inspected; original reference retained; no cultivar or cross-trait proxy.,PROTEUS NDat=85967; Taxon=Manilkara zapota; Character=207. Symmetry of perianth (D1); CharacterState=207. Symmetry of perianth (D1): (0) actinomorphic (strictly polysymmetric); Original reference key=Flora of North America 2013 (website),citation:97f49d775d8603a57556
proteus-bb952ddb0f802d316ab76f96,,floral_symmetry,zygomorphic,https://doi.org/10.48579/PRO/HU3QYM,,,,True,wild_or_unspecified,OpenAI Codex structured-record audit,2026-08-11T00:00:00Z,Exact accepted scientific name and family; explicit PROTEUS character-state mapping inspected; original reference retained; no cultivar or cross-trait proxy.,PROTEUS NDat=448630; Taxon=Costus woodsonii; Character=207. Symmetry of perianth (D1); CharacterState=207. Symmetry of perianth (D1): (2) zygomorphic; Original reference key=Aswathi et al 2015 (IntJPlantReprodBiol),citation:34a33ec3bdf120433e89
proteus-be91b6e2071c30ca2beef065,,floral_symmetry,actinomorphic,http://onlinelibrary.wiley.com/doi/10.1111/boj.12048/abstract,,,,True,wild_or_unspecified,OpenAI Codex structured-record audit,2026-08-11T00:00:00Z,Exact accepted scientific name and family; explicit PROTEUS character-state mapping inspected; original reference retained; no cultivar or cross-trait proxy.,PROTEUS NDat=313161; Taxon=Putranjiva roxburghii; Character=207. Symmetry of perianth (D1); CharacterState=207. Symmetry of perianth (D1): (0) actinomorphic (strictly polysymmetric); Original reference key=Matthews & Endress 2013 (BJLS),citation:50714c86e3e270b070fe
proteus-c8871811e56715c859b1fa27,,floral_symmetry,actinomorphic,https://doi.org/10.48579/PRO/HU3QYM,,,,True,wild_or_unspecified,OpenAI Codex structured-record audit,2026-08-11T00:00:00Z,Exact accepted scientific name and family; explicit PROTEUS character-state mapping inspected; original reference retained; no cultivar or cross-trait proxy.,PROTEUS NDat=270562; Taxon=Quinchamalium chilense; Character=207. Symmetry of perianth (D1); CharacterState=207. Symmetry of perianth (D1): (5) actinomorphic (general); Original reference key=Riveros et al 1987 (AmJBot),citation:eeef0816fe1847d1f050
proteus-d08d5eec4c691b22574f8c5b,,floral_symmetry,actinomorphic,http://www.efloras.org/flora_page.aspx?flora_id=2,,,,True,wild_or_unspecified,OpenAI Codex structured-record audit,2026-08-11T00:00:00Z,Exact accepted scientific name and family; explicit PROTEUS character-state mapping inspected; original reference retained; no cultivar or cross-trait proxy.,PROTEUS NDat=137796; Taxon=Petrosavia sakuraii; Character=207. Symmetry of perianth (D1); CharacterState=207. Symmetry of perianth (D1): (0) actinomorphic (strictly polysymmetric); Original reference key=Flora of China 2013 (website),citation:ca9387938e80f0f33270
proteus-d38b5607b9588bbc561c775d,,floral_symmetry,actinomorphic,https://www.jstor.org/stable/4033868?seq=1,,,,True,wild_or_unspecified,OpenAI Codex structured-record audit,2026-08-11T00:00:00Z,Exact accepted scientific name and family; explicit PROTEUS character-state mapping inspected; original reference retained; no cultivar or cross-trait proxy.,PROTEUS NDat=243670; Taxon=Kalmia latifolia; Character=207. Symmetry of perianth (D1); CharacterState=207. Symmetry of perianth (D1): (5) actinomorphic (general); Original reference key=Luteyn et al 1996 (Castanea),citation:3b1ae33c243fcaf938c0
proteus-d8ed9fc6b8ec3c79c1f8c096,,floral_symmetry,actinomorphic,https://doi.org/10.48579/PRO/HU3QYM,,,,True,wild_or_unspecified,OpenAI Codex structured-record audit,2026-08-11T00:00:00Z,Exact accepted scientific name and family; explicit PROTEUS character-state mapping inspected; original reference retained; no cultivar or cross-trait proxy.,PROTEUS NDat=129411; Taxon=Pennantia corymbosa; Character=207. Symmetry of perianth (D1); CharacterState=207. Symmetry of perianth (D1): (0) actinomorphic (strictly polysymmetric); Original reference key=Kårehed 2003 (BJLS),citation:b3a3f68bd31abfc9baef
proteus-d989d067960bb934ddcc6e8b,,floral_symmetry,actinomorphic,http://biogeodb.stri.si.edu/bioinformatics/croat/,,,,True,wild_or_unspecified,OpenAI Codex structured-record audit,2026-08-11T00:00:00Z,Exact accepted scientific name and family; explicit PROTEUS character-state mapping inspected; original reference retained; no cultivar or cross-trait proxy.,PROTEUS NDat=86733; Taxon=Sterculia apetala; Character=207. Symmetry of perianth (D1); CharacterState=207. Symmetry of perianth (D1): (0) actinomorphic (strictly polysymmetric); Original reference key=Flora of Barro Colorado Island online 2013 (website),citation:43c2a8d137f9d22fd1c5
proteus-d9bf357ea7f6b6a667248b6b,,floral_symmetry,actinomorphic,http://www.efloras.org/flora_page.aspx?flora_id=2,,,,True,wild_or_unspecified,OpenAI Codex structured-record audit,2026-08-11T00:00:00Z,Exact accepted scientific name and family; explicit PROTEUS character-state mapping inspected; original reference retained; no cultivar or cross-trait proxy.,PROTEUS NDat=81895; Taxon=Schisandra chinensis; Character=207. Symmetry of perianth (D1); CharacterState=207. Symmetry of perianth (D1): (1) actinomorphic spiral; Original reference key=Flora of China 2013 (website),citation:ca9387938e80f0f33270
proteus-da450bc3a1b0c4cfe9e8aebe,,floral_symmetry,actinomorphic,https://doi.org/10.48579/PRO/HU3QYM,,,,True,wild_or_unspecified,OpenAI Codex structured-record audit,2026-08-11T00:00:00Z,Exact accepted scientific name and family; explicit PROTEUS character-state mapping inspected; original reference retained; no cultivar or cross-trait proxy.,PROTEUS NDat=308048; Taxon=Phelline comosa; Character=207. Symmetry of perianth (D1); CharacterState=207. Symmetry of perianth (D1): (0) actinomorphic (strictly polysymmetric); Original reference key=Barriera et al 2006 (Kubitzki),citation:2b76e21a7bf12bd4ca98
proteus-dec18e48b96d03b38527b966,,floral_symmetry,actinomorphic,https://tennessee-kentucky.plantatals.usf.edu,,,,True,wild_or_unspecified,OpenAI Codex structured-record audit,2026-08-11T00:00:00Z,Exact accepted scientific name and family; explicit PROTEUS character-state mapping inspected; original reference retained; no cultivar or cross-trait proxy.,PROTEUS NDat=450404; Taxon=Alnus alnobetula; Character=207. Symmetry of perianth (D1); CharacterState=207. Symmetry of perianth (D1): (0) actinomorphic (strictly polysymmetric); Original reference key=Tennessee Kentucky Plant Atlas 2023 (website),citation:8343a67fbb4550dd74f2
proteus-e44518cde406b214fe509a25,,floral_symmetry,actinomorphic,http://plantillustrations.org/,,,,True,wild_or_unspecified,OpenAI Codex structured-record audit,2026-08-11T00:00:00Z,Exact accepted scientific name and family; explicit PROTEUS character-state mapping inspected; original reference retained; no cultivar or cross-trait proxy.,PROTEUS NDat=280631; Taxon=Rafflesia keithii; Character=207. Symmetry of perianth (D1); CharacterState=207. Symmetry of perianth (D1): (5) actinomorphic (general); Original reference key=Plantillustrations 2020 (website),citation:2c21ea68893ed58cc306
proteus-e66221a4e7c47888c3f99cff,,floral_symmetry,actinomorphic,https://doi.org/10.48579/PRO/HU3QYM,,,,True,wild_or_unspecified,OpenAI Codex structured-record audit,2026-08-11T00:00:00Z,Exact accepted scientific name and family; explicit PROTEUS character-state mapping inspected; original reference retained; no cultivar or cross-trait proxy.,PROTEUS NDat=277743; Taxon=Dalzellia ceylanica; Character=207. Symmetry of perianth (D1); CharacterState=207. Symmetry of perianth (D1): (0) actinomorphic (strictly polysymmetric); Original reference key=Wight 1852 (book),citation:0abe9a7116eafda2dc4f
proteus-ed58faca98e6df980e236acf,,floral_symmetry,zygomorphic,https://doi.org/10.48579/PRO/HU3QYM,,,,True,wild_or_unspecified,OpenAI Codex structured-record audit,2026-08-11T00:00:00Z,Exact accepted scientific name and family; explicit PROTEUS character-state mapping inspected; original reference retained; no cultivar or cross-trait proxy.,PROTEUS NDat=448595; Taxon=Aloe thraskii; Character=207. Symmetry of perianth (D1); CharacterState=207. Symmetry of perianth (D1): (2) zygomorphic; Notes=Figures show that the perianth is weakly zygomorphic; Original reference key=Patrick et al 2018 (PlBiol),citation:7fcf6a1a5a11fd8d7787
proteus-0e5c7da984295be736c2930a,,flower_primary_color,white,https://www.cabi.org/isc.,,,,True,wild_or_unspecified,OpenAI Codex structured-record audit,2026-08-11T00:00:00Z,Exact accepted scientific name and family; explicit PROTEUS character-state mapping inspected; original reference retained; no cultivar or cross-trait proxy.,PROTEUS NDat=291515; Taxon=Xanthosoma sagittifolium; Character=239. Main color of perianth at anthesis (D1); CharacterState=239. Main color of perianth at anthesis (D1): (2) cream; Original reference key=CABI 2020 (website),citation:4fefa4222894cc207066
proteus-13f4517a4491e9d07ccc2f53,,flower_primary_color,white,https://doi.org/10.48579/PRO/HU3QYM,,,,True,wild_or_unspecified,OpenAI Codex structured-record audit,2026-08-11T00:00:00Z,Exact accepted scientific name and family; explicit PROTEUS character-state mapping inspected; original reference retained; no cultivar or cross-trait proxy.,PROTEUS NDat=352278; Taxon=Begonia heracleifolia; Character=239. Main color of perianth at anthesis (D1); CharacterState=239. Main color of perianth at anthesis (D1): (3) white; Notes=https://ia600209.us.archive.org/33/items/floraofguatemala2471stan/floraofguatemala2471stan.pdf; Original reference key=Standley & Williams 1961 (book),citation:b3c8f5f21c52dc64c0b7
proteus-1591c2edab1f5e3f7ba80934,,flower_primary_color,white,https://doi.org/10.48579/PRO/HU3QYM,,,,True,wild_or_unspecified,OpenAI Codex structured-record audit,2026-08-11T00:00:00Z,Exact accepted scientific name and family; explicit PROTEUS character-state mapping inspected; original reference retained; no cultivar or cross-trait proxy.,PROTEUS NDat=450814; Taxon=Piper arboreum; Character=239. Main color of perianth at anthesis (D1); CharacterState=239. Main color of perianth at anthesis (D1): (2) cream; Original reference key=De Figueiredo & Sazima 2000 (AnnBot),citation:eab4abaab87bff0a5fe2
proteus-1db393ca7a953e4c61e6940f,,flower_primary_color,green_brown_inconspicuous,https://doi.org/10.48579/PRO/HU3QYM,,,,True,wild_or_unspecified,OpenAI Codex structured-record audit,2026-08-11T00:00:00Z,Exact accepted scientific name and family; explicit PROTEUS character-state mapping inspected; original reference retained; no cultivar or cross-trait proxy.,"PROTEUS NDat=122010; Taxon=Physena madagascariensis; Character=239. Main color of perianth at anthesis (D1); CharacterState=239. Main color of perianth at anthesis (D1): (1) green; Notes=The perianth is really smaller than the stamens. If the color plays a role in the attraction of pollinators, the main color of the flower comes from stamens.; Original reference key=Ramananjanahary et al 2010 (book)",citation:844d2ec2780c53a788e2
proteus-230d4bf75dbf93949d4cd86d,,flower_primary_color,yellow_orange,https://doi.org/10.48579/PRO/HU3QYM,,,,True,wild_or_unspecified,OpenAI Codex structured-record audit,2026-08-11T00:00:00Z,Exact accepted scientific name and family; explicit PROTEUS character-state mapping inspected; original reference retained; no cultivar or cross-trait proxy.,PROTEUS NDat=396045; Taxon=Costus woodsonii; Character=239. Main color of perianth at anthesis (D1); CharacterState=239. Main color of perianth at anthesis (D1): (A) orange; Original reference key=Aswathi et al 2015 (IntJPlantReprodBiol),citation:34a33ec3bdf120433e89
proteus-24ad8308909ad5209802e72f,,flower_primary_color,yellow_orange,https://doi.org/10.48579/PRO/HU3QYM,,,,True,wild_or_unspecified,OpenAI Codex structured-record audit,2026-08-11T00:00:00Z,Exact accepted scientific name and family; explicit PROTEUS character-state mapping inspected; original reference retained; no cultivar or cross-trait proxy.,PROTEUS NDat=450798; Taxon=Piper arboreum; Character=239. Main color of perianth at anthesis (D1); CharacterState=239. Main color of perianth at anthesis (D1): (0) yellow; Original reference key=De Figueiredo & Sazima 2000 (AnnBot),citation:eab4abaab87bff0a5fe2
proteus-2aed5252fb2b01d3259aa262,,flower_primary_color,red_pink,http://FloraSeries.LandcareResearch.co.nz,,,,True,wild_or_unspecified,OpenAI Codex structured-record audit,2026-08-11T00:00:00Z,Exact accepted scientific name and family; explicit PROTEUS character-state mapping inspected; original reference retained; no cultivar or cross-trait proxy.,PROTEUS NDat=124360; Taxon=Alseuosmia macrophylla; Character=239. Main color of perianth at anthesis (D1); CharacterState=239. Main color of perianth at anthesis (D1): (7) red; Original reference key=Flora of New Zealand online 2013 (website),citation:dbbc4a7fc57de3a8576f
proteus-2cbce42df8d5be1b22eac29e,,flower_primary_color,white,https://doi.org/10.48579/PRO/HU3QYM,,,,True,wild_or_unspecified,OpenAI Codex structured-record audit,2026-08-11T00:00:00Z,Exact accepted scientific name and family; explicit PROTEUS character-state mapping inspected; original reference retained; no cultivar or cross-trait proxy.,PROTEUS NDat=450333; Taxon=Ainsliaea cordifolia; Character=239. Main color of perianth at anthesis (D1); CharacterState=239. Main color of perianth at anthesis (D1): (3) white; Original reference key=Freire 2007 (AMBG),citation:011c824e46252461198d
proteus-3a946e42d0d531c838ce6fb3,,flower_primary_color,yellow_orange,https://doi.org/10.48579/PRO/HU3QYM,,,,True,wild_or_unspecified,OpenAI Codex structured-record audit,2026-08-11T00:00:00Z,Exact accepted scientific name and family; explicit PROTEUS character-state mapping inspected; original reference retained; no cultivar or cross-trait proxy.,PROTEUS NDat=450263; Taxon=Souroubea guianensis; Character=239. Main color of perianth at anthesis (D1); CharacterState=239. Main color of perianth at anthesis (D1): (0) yellow; Original reference key=Machado and Lopes 2000 (AnnBot),citation:956eb7c003c27242caab
proteus-46e8fa48a79db15c4f4222ea,,flower_primary_color,white,https://doi.org/10.48579/PRO/HU3QYM,,,,True,wild_or_unspecified,OpenAI Codex structured-record audit,2026-08-11T00:00:00Z,Exact accepted scientific name and family; explicit PROTEUS character-state mapping inspected; original reference retained; no cultivar or cross-trait proxy.,"PROTEUS NDat=448648; Taxon=Dipterocarpus tempehes; Character=239. Main color of perianth at anthesis (D1); CharacterState=239. Main color of perianth at anthesis (D1): (2) cream; Notes=""cream with a prominent pink stripe down the centre""; Original reference key=Ashton 1982 (book)",citation:e6d70b5db9ac62196f91
proteus-48a7a7989abd3d3f684e32d9,,flower_primary_color,white,https://doi.org/10.48579/PRO/HU3QYM,,,,True,wild_or_unspecified,OpenAI Codex structured-record audit,2026-08-11T00:00:00Z,Exact accepted scientific name and family; explicit PROTEUS character-state mapping inspected; original reference retained; no cultivar or cross-trait proxy.,PROTEUS NDat=348667; Taxon=Piper amalago; Character=239. Main color of perianth at anthesis (D1); CharacterState=239. Main color of perianth at anthesis (D1): (2) cream; Notes=doi:10.1006/anbo.1999.1087; Original reference key=De Figueiredo & Sazima 2000 (AnnBot),citation:eab4abaab87bff0a5fe2
proteus-5f58e7676eee7b354703a95d,,flower_primary_color,yellow_orange,https://books.google.se/books?id=BP0RpfbIk-QC&dq=Aextoxicon%09punctatum++pollination&hl=fr&lr=,,,,True,wild_or_unspecified,OpenAI Codex structured-record audit,2026-08-11T00:00:00Z,Exact accepted scientific name and family; explicit PROTEUS character-state mapping inspected; original reference retained; no cultivar or cross-trait proxy.,PROTEUS NDat=388207; Taxon=Aextoxicon punctatum; Character=239. Main color of perianth at anthesis (D1); CharacterState=239. Main color of perianth at anthesis (D1): (0) yellow; Original reference key=Newton 2007 (book),citation:0733e14a56544f903aa5
proteus-6dbc5464275f241f7b7c8142,,flower_primary_color,yellow_orange,https://doi.org/10.48579/PRO/HU3QYM,,,,True,wild_or_unspecified,OpenAI Codex structured-record audit,2026-08-11T00:00:00Z,Exact accepted scientific name and family; explicit PROTEUS character-state mapping inspected; original reference retained; no cultivar or cross-trait proxy.,PROTEUS NDat=449970; Taxon=Tetroncium magellanicum; Character=239. Main color of perianth at anthesis (D1); CharacterState=239. Main color of perianth at anthesis (D1): (0) yellow; Original reference key=Von Mering 2013 (article),citation:2cf5591d144248c56446
proteus-74ae5f6ccbc007a566acbea8,,flower_primary_color,red_pink,https://doi.org/10.48579/PRO/HU3QYM,,,,True,wild_or_unspecified,OpenAI Codex structured-record audit,2026-08-11T00:00:00Z,Exact accepted scientific name and family; explicit PROTEUS character-state mapping inspected; original reference retained; no cultivar or cross-trait proxy.,PROTEUS NDat=396043; Taxon=Costus woodsonii; Character=239. Main color of perianth at anthesis (D1); CharacterState=239. Main color of perianth at anthesis (D1): (7) red; Original reference key=Aswathi et al 2015 (IntJPlantReprodBiol),citation:34a33ec3bdf120433e89
proteus-8f14fdf02e023fe18047f6d6,,flower_primary_color,red_pink,https://doi.org/10.48579/PRO/HU3QYM,,,,True,wild_or_unspecified,OpenAI Codex structured-record audit,2026-08-11T00:00:00Z,Exact accepted scientific name and family; explicit PROTEUS character-state mapping inspected; original reference retained; no cultivar or cross-trait proxy.,PROTEUS NDat=379114; Taxon=Rafflesia keithii; Character=239. Main color of perianth at anthesis (D1); CharacterState=239. Main color of perianth at anthesis (D1): (7) red; Original reference key=Meijer 1997 (book),citation:afa7c159b8c2ff423393
proteus-91e101ab514f91302cb325ad,,flower_primary_color,white,https://doi.org/10.48579/PRO/HU3QYM,,,,True,wild_or_unspecified,OpenAI Codex structured-record audit,2026-08-11T00:00:00Z,Exact accepted scientific name and family; explicit PROTEUS character-state mapping inspected; original reference retained; no cultivar or cross-trait proxy.,PROTEUS NDat=279860; Taxon=Sextonia rubra; Character=239. Main color of perianth at anthesis (D1); CharacterState=239. Main color of perianth at anthesis (D1): (3) white; Original reference key=Cloutier 2007 (Biotropica),citation:e0cc1c23ac109b407652
proteus-9a2f8c7c6f7d42df17eee1d3,,flower_primary_color,green_brown_inconspicuous,https://doi.org/10.48579/PRO/HU3QYM,,,,True,wild_or_unspecified,OpenAI Codex structured-record audit,2026-08-11T00:00:00Z,Exact accepted scientific name and family; explicit PROTEUS character-state mapping inspected; original reference retained; no cultivar or cross-trait proxy.,PROTEUS NDat=379113; Taxon=Rafflesia keithii; Character=239. Main color of perianth at anthesis (D1); CharacterState=239. Main color of perianth at anthesis (D1): (5) brown; Notes=Dark red brown margin with white blots.; Original reference key=Meijer 1997 (book),citation:afa7c159b8c2ff423393
proteus-9a914c3696a21f34560356ed,,flower_primary_color,white,https://doi.org/10.48579/PRO/HU3QYM,,,,True,wild_or_unspecified,OpenAI Codex structured-record audit,2026-08-11T00:00:00Z,Exact accepted scientific name and family; explicit PROTEUS character-state mapping inspected; original reference retained; no cultivar or cross-trait proxy.,PROTEUS NDat=396231; Taxon=Quintinia hyehenensis; Character=239. Main color of perianth at anthesis (D1); CharacterState=239. Main color of perianth at anthesis (D1): (3) white; Original reference key=Pillon & Hequet 2019 (Phytotaxa),citation:8bea9bc4fb312c43c55b
proteus-9b5a5df50555a6da533d99b7,,flower_primary_color,white,https://doi.org/10.48579/PRO/HU3QYM,,,,True,wild_or_unspecified,OpenAI Codex structured-record audit,2026-08-11T00:00:00Z,Exact accepted scientific name and family; explicit PROTEUS character-state mapping inspected; original reference retained; no cultivar or cross-trait proxy.,PROTEUS NDat=379115; Taxon=Rafflesia keithii; Character=239. Main color of perianth at anthesis (D1); CharacterState=239. Main color of perianth at anthesis (D1): (3) white; Original reference key=Meijer 1997 (book),citation:afa7c159b8c2ff423393
proteus-9cdb53ce6a6de0140e878eeb,,flower_primary_color,blue_purple,https://doi.org/10.48579/PRO/HU3QYM,,,,True,wild_or_unspecified,OpenAI Codex structured-record audit,2026-08-11T00:00:00Z,Exact accepted scientific name and family; explicit PROTEUS character-state mapping inspected; original reference retained; no cultivar or cross-trait proxy.,PROTEUS NDat=395924; Taxon=Abolboda pulchella; Character=239. Main color of perianth at anthesis (D1); CharacterState=239. Main color of perianth at anthesis (D1): (6) purple; Original reference key=Oriani & Scatena 2011 (AnnBot),citation:9ec39fe16f82d316b231
proteus-a2f34465e5910820304e3ebc,,flower_primary_color,green_brown_inconspicuous,https://doi.org/10.48579/PRO/HU3QYM,,,,True,wild_or_unspecified,OpenAI Codex structured-record audit,2026-08-11T00:00:00Z,Exact accepted scientific name and family; explicit PROTEUS character-state mapping inspected; original reference retained; no cultivar or cross-trait proxy.,"PROTEUS NDat=451154; Taxon=Misodendrum linearifolium; Character=239. Main color of perianth at anthesis (D1); CharacterState=239. Main color of perianth at anthesis (D1): (1) green; Notes=""Flowers are very small and dull in color.""; Original reference key=Vidal-Russel & Nickrent 2007 (SystBot)",doi:10.1600/036364407782250643
proteus-a6c23215fa41245c5ef0d500,,flower_primary_color,white,https://www.worldagroforestry.org/sites/treedbs/treedatabases.asp,,,,True,wild_or_unspecified,OpenAI Codex structured-record audit,2026-08-11T00:00:00Z,Exact accepted scientific name and family; explicit PROTEUS character-state mapping inspected; original reference retained; no cultivar or cross-trait proxy.,PROTEUS NDat=324612; Taxon=Durio zibethinus; Character=239. Main color of perianth at anthesis (D1); CharacterState=239. Main color of perianth at anthesis (D1): (3) white; Notes=White or cream.; Original reference key=Orwa et al 2009 (database),citation:34eac661ea56fb225bd9
proteus-a75a317b7b96e74e1a272350,,flower_primary_color,white,https://doi.org/10.48579/PRO/HU3QYM,,,,True,wild_or_unspecified,OpenAI Codex structured-record audit,2026-08-11T00:00:00Z,Exact accepted scientific name and family; explicit PROTEUS character-state mapping inspected; original reference retained; no cultivar or cross-trait proxy.,PROTEUS NDat=355424; Taxon=Aralidium pinnatifidum; Character=239. Main color of perianth at anthesis (D1); CharacterState=239. Main color of perianth at anthesis (D1): (2) cream; Notes=cream-white; Original reference key=Plunkett et al 2018 (book),citation:d8c7ddd95b8eb613eb0d
proteus-b60a99a421d7493b7b28be3a,,flower_primary_color,blue_purple,https://doi:10.1007/s00606-004-0193-4,,,,True,wild_or_unspecified,OpenAI Codex structured-record audit,2026-08-11T00:00:00Z,Exact accepted scientific name and family; explicit PROTEUS character-state mapping inspected; original reference retained; no cultivar or cross-trait proxy.,PROTEUS NDat=350826; Taxon=Melocactus curvispinus; Character=239. Main color of perianth at anthesis (D1); CharacterState=239. Main color of perianth at anthesis (D1): (6) purple; Notes=doi:10.1007/s00606-004-0193-4 {magenta}; Original reference key=Nassar and Ramirez 2004 (PlantSystEvol),citation:83f06237fbb03fba41fd
proteus-c30ce18a8fa30c1183454e30,,flower_primary_color,white,https://doi.org/10.48579/PRO/HU3QYM,,,,True,wild_or_unspecified,OpenAI Codex structured-record audit,2026-08-11T00:00:00Z,Exact accepted scientific name and family; explicit PROTEUS character-state mapping inspected; original reference retained; no cultivar or cross-trait proxy.,PROTEUS NDat=396156; Taxon=Erythroxylum laurifolium; Character=239. Main color of perianth at anthesis (D1); CharacterState=239. Main color of perianth at anthesis (D1): (3) white; Original reference key=Pailler et al 1998 (PlantSystEvol),citation:c5bad794dfa7f6f0426a
proteus-c3b3d6c340c5702e928217dd,,flower_primary_color,white,https://books.google.se/books?id=BP0RpfbIk-QC&dq=Aextoxicon%09punctatum++pollination&hl=fr&lr=,,,,True,wild_or_unspecified,OpenAI Codex structured-record audit,2026-08-11T00:00:00Z,Exact accepted scientific name and family; explicit PROTEUS character-state mapping inspected; original reference retained; no cultivar or cross-trait proxy.,PROTEUS NDat=388208; Taxon=Aextoxicon punctatum; Character=239. Main color of perianth at anthesis (D1); CharacterState=239. Main color of perianth at anthesis (D1): (3) white; Original reference key=Newton 2007 (book),citation:0733e14a56544f903aa5
proteus-c6763c1d160976a51797f802,,flower_primary_color,white,https://doi.org/10.48579/PRO/HU3QYM,,,,True,wild_or_unspecified,OpenAI Codex structured-record audit,2026-08-11T00:00:00Z,Exact accepted scientific name and family; explicit PROTEUS character-state mapping inspected; original reference retained; no cultivar or cross-trait proxy.,PROTEUS NDat=326665; Taxon=Dalzellia ceylanica; Character=239. Main color of perianth at anthesis (D1); CharacterState=239. Main color of perianth at anthesis (D1): (3) white; Original reference key=Sehgal et al 2010 (Sexual plant reproduction),citation:5a0ddc67da26e0bc2916
proteus-c9e1aec18cf682887b6734d9,,flower_primary_color,white,https://doi.org/10.48579/PRO/HU3QYM,,,,True,wild_or_unspecified,OpenAI Codex structured-record audit,2026-08-11T00:00:00Z,Exact accepted scientific name and family; explicit PROTEUS character-state mapping inspected; original reference retained; no cultivar or cross-trait proxy.,PROTEUS NDat=450961; Taxon=Phelline comosa; Character=239. Main color of perianth at anthesis (D1); CharacterState=239. Main color of perianth at anthesis (D1): (3) white; Original reference key=Barriera et al 2007 (Flowering Plants),citation:c05d76983697cb503029
proteus-cfbaa086d663c7580dcbbd03,,flower_primary_color,red_pink,https://doi.org/10.48579/PRO/HU3QYM,,,,True,wild_or_unspecified,OpenAI Codex structured-record audit,2026-08-11T00:00:00Z,Exact accepted scientific name and family; explicit PROTEUS character-state mapping inspected; original reference retained; no cultivar or cross-trait proxy.,PROTEUS NDat=352279; Taxon=Begonia heracleifolia; Character=239. Main color of perianth at anthesis (D1); CharacterState=239. Main color of perianth at anthesis (D1): (4) pink; Notes=https://ia600209.us.archive.org/33/items/floraofguatemala2471stan/floraofguatemala2471stan.pdf {rose}; Original reference key=Standley & Williams 1961 (book),citation:b3c8f5f21c52dc64c0b7
proteus-d0bd915d81be8af8be4dfe71,,flower_primary_color,white,https://doi.org/10.48579/PRO/HU3QYM,,,,True,wild_or_unspecified,OpenAI Codex structured-record audit,2026-08-11T00:00:00Z,Exact accepted scientific name and family; explicit PROTEUS character-state mapping inspected; original reference retained; no cultivar or cross-trait proxy.,PROTEUS NDat=449927; Taxon=Petrosavia sakuraii; Character=239. Main color of perianth at anthesis (D1); CharacterState=239. Main color of perianth at anthesis (D1): (3) white; Notes=Indicated as colorless; Original reference key=Cameron et al 2003 (Brittonia),citation:ddb680de1280fc6cd9e6
proteus-d28770422e597d5d2453aaa9,,flower_primary_color,yellow_orange,https://doi.org/10.48579/PRO/HU3QYM,,,,True,wild_or_unspecified,OpenAI Codex structured-record audit,2026-08-11T00:00:00Z,Exact accepted scientific name and family; explicit PROTEUS character-state mapping inspected; original reference retained; no cultivar or cross-trait proxy.,PROTEUS NDat=320424; Taxon=Davilla kunthii; Character=239. Main color of perianth at anthesis (D1); CharacterState=239. Main color of perianth at anthesis (D1): (0) yellow; Original reference key=Rech et al 2011 (ActaBotBras),citation:f4ef838f4b86caa2b3d3
proteus-d48cc9d190462c8e7e7a10f8,,flower_primary_color,red_pink,https://doi.org/10.48579/PRO/HU3QYM,,,,True,wild_or_unspecified,OpenAI Codex structured-record audit,2026-08-11T00:00:00Z,Exact accepted scientific name and family; explicit PROTEUS character-state mapping inspected; original reference retained; no cultivar or cross-trait proxy.,PROTEUS NDat=450617; Taxon=Gesneria cuneifolia; Character=239. Main color of perianth at anthesis (D1); CharacterState=239. Main color of perianth at anthesis (D1): (7) red; Original reference key=Marten-Rodriguez and Fenster 2008 (AnnBot),citation:b9a181c6c255f5116396
proteus-dfcc77ec8cd7de10babaf959,,flower_primary_color,red_pink,http://www.nzpcn.org.nz/,,,,True,wild_or_unspecified,OpenAI Codex structured-record audit,2026-08-11T00:00:00Z,Exact accepted scientific name and family; explicit PROTEUS character-state mapping inspected; original reference retained; no cultivar or cross-trait proxy.,PROTEUS NDat=124340; Taxon=Alseuosmia macrophylla; Character=239. Main color of perianth at anthesis (D1); CharacterState=239. Main color of perianth at anthesis (D1): (7) red; Notes=Corolla; Original reference key=New Zealand Plant Conservation Network 2013 (website),citation:778e1fe9533678615052
proteus-fd7ec3ea9db48dbc4cf10ea7,,flower_primary_color,white,https://doi.org/10.48579/PRO/HU3QYM,,,,True,wild_or_unspecified,OpenAI Codex structured-record audit,2026-08-11T00:00:00Z,Exact accepted scientific name and family; explicit PROTEUS character-state mapping inspected; original reference retained; no cultivar or cross-trait proxy.,PROTEUS NDat=450665; Taxon=Jumellea fragrans; Character=239. Main color of perianth at anthesis (D1); CharacterState=239. Main color of perianth at anthesis (D1): (3) white; Original reference key=Blambert et al 2016 (AnnBot),citation:faca05128a99d37c1e4e
proteus-fe53d488ffb0fab0d9326a34,,flower_primary_color,yellow_orange,https://doi.org/10.48579/PRO/HU3QYM,,,,True,wild_or_unspecified,OpenAI Codex structured-record audit,2026-08-11T00:00:00Z,Exact accepted scientific name and family; explicit PROTEUS character-state mapping inspected; original reference retained; no cultivar or cross-trait proxy.,PROTEUS NDat=324634; Taxon=Heliconia irrasa; Character=239. Main color of perianth at anthesis (D1); CharacterState=239. Main color of perianth at anthesis (D1): (0) yellow; Original reference key=Daniels & Stiles 1979 (Brenesia),citation:119e3eeeee9a2dbafb94
proteus-08af3b2c14daca3b84c04a30,,mating_system,predominantly_outcrossing,https://doi.org/10.48579/PRO/HU3QYM,,,,True,wild_or_unspecified,OpenAI Codex structured-record audit,2026-08-11T00:00:00Z,Exact accepted scientific name and family; explicit PROTEUS character-state mapping inspected; original reference retained; no cultivar or cross-trait proxy.,PROTEUS NDat=322966; Taxon=Cyclanthus bipartitus; Character=80. Phenotypic mating system (D1); CharacterState=80. Phenotypic mating system (D1): (1) (predominantly) outcrossing; Original reference key=Ramirez and Seres 1994 (PlantSystEvol),citation:649003dac006c8aa5671
proteus-0f8bd92a161d1aca1b9e3cb4,,mating_system,predominantly_selfing,https://doi.org/10.48579/PRO/HU3QYM,,,,True,wild_or_unspecified,OpenAI Codex structured-record audit,2026-08-11T00:00:00Z,Exact accepted scientific name and family; explicit PROTEUS character-state mapping inspected; original reference retained; no cultivar or cross-trait proxy.,PROTEUS NDat=367387; Taxon=Ipomoea alba; Character=80. Phenotypic mating system (D1); CharacterState=80. Phenotypic mating system (D1): (0) (predominantly) selfing; Original reference key=Rambunda and Johnson 2004 (DivDistri),citation:0b6878bf119ca3a46602
proteus-114631a51c21d8648d01030e,,mating_system,predominantly_outcrossing,https://doi.org/10.48579/PRO/HU3QYM,,,,True,wild_or_unspecified,OpenAI Codex structured-record audit,2026-08-11T00:00:00Z,Exact accepted scientific name and family; explicit PROTEUS character-state mapping inspected; original reference retained; no cultivar or cross-trait proxy.,PROTEUS NDat=319267; Taxon=Manilkara zapota; Character=80. Phenotypic mating system (D1); CharacterState=80. Phenotypic mating system (D1): (1) (predominantly) outcrossing; Original reference key=Thompson et al 2015 (TreeGenetGenome),citation:7b6d20a8dbae35a8a6e1
proteus-189e08f5a902799cb8877b8f,,mating_system,predominantly_selfing,https://doi.org/10.48579/PRO/HU3QYM,,,,True,wild_or_unspecified,OpenAI Codex structured-record audit,2026-08-11T00:00:00Z,Exact accepted scientific name and family; explicit PROTEUS character-state mapping inspected; original reference retained; no cultivar or cross-trait proxy.,PROTEUS NDat=365427; Taxon=Canna indica; Character=80. Phenotypic mating system (D1); CharacterState=80. Phenotypic mating system (D1): (0) (predominantly) selfing; Original reference key=Rambunda and Johnson 2004 (DivDistri),citation:0b6878bf119ca3a46602
proteus-216688c59fa3bcb0f2c514eb,,mating_system,predominantly_selfing,https://doi.org/10.48579/PRO/HU3QYM,,,,True,wild_or_unspecified,OpenAI Codex structured-record audit,2026-08-11T00:00:00Z,Exact accepted scientific name and family; explicit PROTEUS character-state mapping inspected; original reference retained; no cultivar or cross-trait proxy.,PROTEUS NDat=365599; Taxon=Dalzellia ceylanica; Character=80. Phenotypic mating system (D1); CharacterState=80. Phenotypic mating system (D1): (0) (predominantly) selfing; Original reference key=Sehgal et al 2010 (Sexual plant reproduction),citation:5a0ddc67da26e0bc2916
proteus-27dadcf6a4513606111c112d,,mating_system,predominantly_outcrossing,https://doi.org/10.48579/PRO/HU3QYM,,,,True,wild_or_unspecified,OpenAI Codex structured-record audit,2026-08-11T00:00:00Z,Exact accepted scientific name and family; explicit PROTEUS character-state mapping inspected; original reference retained; no cultivar or cross-trait proxy.,"PROTEUS NDat=347984; Taxon=Diospyros australis; Character=80. Phenotypic mating system (D1); CharacterState=80. Phenotypic mating system (D1): (1) (predominantly) outcrossing; Notes=Dioecy, self-compatibility and vegetative reproduction in Australian subtropical rainforest trees and shrubs P Adam, G Williams - Cunninghamia, 2001; Original reference key=Adam and William 2001 (article)",citation:d7ec8627c1832a98c345
proteus-335ad492d136d1a30592ae22,,mating_system,predominantly_outcrossing,https://doi.org/10.48579/PRO/HU3QYM,,,,True,wild_or_unspecified,OpenAI Codex structured-record audit,2026-08-11T00:00:00Z,Exact accepted scientific name and family; explicit PROTEUS character-state mapping inspected; original reference retained; no cultivar or cross-trait proxy.,PROTEUS NDat=450843; Taxon=Pitcairnia albiflos; Character=80. Phenotypic mating system (D1); CharacterState=80. Phenotypic mating system (D1): (1) (predominantly) outcrossing; Original reference key=Wendt et al 2001 (AmJBot),citation:494f75d21075eba4b363
proteus-33d82c6fd41693337e450c5b,,mating_system,mixed_mating,https://doi.org/10.48579/PRO/HU3QYM,,,,True,wild_or_unspecified,OpenAI Codex structured-record audit,2026-08-11T00:00:00Z,Exact accepted scientific name and family; explicit PROTEUS character-state mapping inspected; original reference retained; no cultivar or cross-trait proxy.,PROTEUS NDat=314768; Taxon=Caulophyllum thalictroides; Character=80. Phenotypic mating system (D1); CharacterState=80. Phenotypic mating system (D1): (2) mixed; Original reference key=Hannan & Prucher 1996 (AmMidNat),doi:10.2307/2426731
proteus-3488162b0f7c4fea830d0e04,,mating_system,mixed_mating,https://doi.org/10.48579/PRO/HU3QYM,,,,True,wild_or_unspecified,OpenAI Codex structured-record audit,2026-08-11T00:00:00Z,Exact accepted scientific name and family; explicit PROTEUS character-state mapping inspected; original reference retained; no cultivar or cross-trait proxy.,PROTEUS NDat=448587; Taxon=Alepis flavida; Character=80. Phenotypic mating system (D1); CharacterState=80. Phenotypic mating system (D1): (2) mixed; Original reference key=Ladley 1997 (article),citation:167f7d204d88d8cc8fae
proteus-3bc803ff0285b357fb96fad3,,mating_system,predominantly_outcrossing,https://doi.org/10.48579/PRO/HU3QYM,,,,True,wild_or_unspecified,OpenAI Codex structured-record audit,2026-08-11T00:00:00Z,Exact accepted scientific name and family; explicit PROTEUS character-state mapping inspected; original reference retained; no cultivar or cross-trait proxy.,PROTEUS NDat=284153; Taxon=Albizia julibrissin; Character=80. Phenotypic mating system (D1); CharacterState=80. Phenotypic mating system (D1): (1) (predominantly) outcrossing; Notes=Self-incompatible.; Original reference key=Godt & Hamrick 1997 (Forest Genet),citation:8d3a0de62a94fab60dcd
proteus-489294c4222d0913afcedfcf,,mating_system,mixed_mating,https://DOI: 10.2307/2388639,,,,True,wild_or_unspecified,OpenAI Codex structured-record audit,2026-08-11T00:00:00Z,Exact accepted scientific name and family; explicit PROTEUS character-state mapping inspected; original reference retained; no cultivar or cross-trait proxy.,PROTEUS NDat=287399; Taxon=Bruguiera gymnorhiza; Character=80. Phenotypic mating system (D1); CharacterState=80. Phenotypic mating system (D1): (2) mixed; Original reference key=Kondo et al 1987 (Biotropica),citation:66db04c7300cbfd9cf09
proteus-5dab403303c19ef76846937e,,mating_system,predominantly_outcrossing,https://doi.org/10.48579/PRO/HU3QYM,,,,True,wild_or_unspecified,OpenAI Codex structured-record audit,2026-08-11T00:00:00Z,Exact accepted scientific name and family; explicit PROTEUS character-state mapping inspected; original reference retained; no cultivar or cross-trait proxy.,PROTEUS NDat=450613; Taxon=Cobaea scandens; Character=80. Phenotypic mating system (D1); CharacterState=80. Phenotypic mating system (D1): (1) (predominantly) outcrossing; Original reference key=Barrett et al 1996 (PhilTrRSoc),citation:cf74189d7632745846eb
proteus-5fd01855c8b78d099bb1e5dc,,mating_system,predominantly_outcrossing,https://doi.org/10.48579/PRO/HU3QYM,,,,True,wild_or_unspecified,OpenAI Codex structured-record audit,2026-08-11T00:00:00Z,Exact accepted scientific name and family; explicit PROTEUS character-state mapping inspected; original reference retained; no cultivar or cross-trait proxy.,"PROTEUS NDat=315609; Taxon=Eupomatia bennettii; Character=80. Phenotypic mating system (D1); CharacterState=80. Phenotypic mating system (D1): (1) (predominantly) outcrossing; Notes=""Due to these elaborate mechanisms the degree of inbreeding becomes limited in spite of self-compatibility.""; Original reference key=Endress 1984 (BotJahrb)",citation:1643c8e9e42f4146c03d
proteus-61d94ae9854df86d93fbb4b8,,mating_system,mixed_mating,https://doi.org/10.48579/PRO/HU3QYM,,,,True,wild_or_unspecified,OpenAI Codex structured-record audit,2026-08-11T00:00:00Z,Exact accepted scientific name and family; explicit PROTEUS character-state mapping inspected; original reference retained; no cultivar or cross-trait proxy.,"PROTEUS NDat=450321; Taxon=Titanotrichum oldhamii; Character=80. Phenotypic mating system (D1); CharacterState=80. Phenotypic mating system (D1): (2) mixed; Notes=""In our case, the moderate inbreeding depression in the outcrosser T. oldhamii could allow selfing in clonal populations. Thus, it is tempting to speculate that selfing helps to retain the restricted sexual reproduction of T. oldhamii, in addition to the; Original reference key=Wang et al. 2004 (SexPlantReprod)",citation:0d9a26b72b467dcf5d18
proteus-6635d1733581caba04887cd0,,mating_system,predominantly_selfing,https://doi.org/10.48579/PRO/HU3QYM,,,,True,wild_or_unspecified,OpenAI Codex structured-record audit,2026-08-11T00:00:00Z,Exact accepted scientific name and family; explicit PROTEUS character-state mapping inspected; original reference retained; no cultivar or cross-trait proxy.,"PROTEUS NDat=373043; Taxon=Mayaca fluviatilis; Character=80. Phenotypic mating system (D1); CharacterState=80. Phenotypic mating system (D1): (0) (predominantly) selfing; Notes=Clesitogamous flowers, selfing rate probably quite high but could be mixed MS; Original reference key=Oriani and Scatena 2019 (PlantSystEvol)",citation:9c494af24fcb19a16323
proteus-6770305b06314dd70e2db581,,mating_system,predominantly_outcrossing,https://doi.org/10.48579/PRO/HU3QYM,,,,True,wild_or_unspecified,OpenAI Codex structured-record audit,2026-08-11T00:00:00Z,Exact accepted scientific name and family; explicit PROTEUS character-state mapping inspected; original reference retained; no cultivar or cross-trait proxy.,PROTEUS NDat=283070; Taxon=Akebia quinata; Character=80. Phenotypic mating system (D1); CharacterState=80. Phenotypic mating system (D1): (1) (predominantly) outcrossing; Notes=Self-incompatible.; Original reference key=Li et al. 2010 (HortScience),doi:10.21273/hortsci.45.1.4
proteus-6a10dded8b552a1fd4d8b66d,,mating_system,predominantly_outcrossing,https://doi.org/10.48579/PRO/HU3QYM,,,,True,wild_or_unspecified,OpenAI Codex structured-record audit,2026-08-11T00:00:00Z,Exact accepted scientific name and family; explicit PROTEUS character-state mapping inspected; original reference retained; no cultivar or cross-trait proxy.,"PROTEUS NDat=315591; Taxon=Eupomatia laurina; Character=80. Phenotypic mating system (D1); CharacterState=80. Phenotypic mating system (D1): (1) (predominantly) outcrossing; Notes=""Due to these elaborate mechanisms the degree of inbreeding becomes limited in spite of self-compatibility.""; Original reference key=Endress 1984 (BotJahrb)",citation:1643c8e9e42f4146c03d
proteus-6fd33b9720ed1f0b854034bf,,mating_system,mixed_mating,https://doi.org/10.48579/PRO/HU3QYM,,,,True,wild_or_unspecified,OpenAI Codex structured-record audit,2026-08-11T00:00:00Z,Exact accepted scientific name and family; explicit PROTEUS character-state mapping inspected; original reference retained; no cultivar or cross-trait proxy.,PROTEUS NDat=450631; Taxon=Gesneria cuneifolia; Character=80. Phenotypic mating system (D1); CharacterState=80. Phenotypic mating system (D1): (2) mixed; Original reference key=Marten-Rodriguez and Fenster 2008 (AnnBot),citation:b9a181c6c255f5116396
proteus-70fcf7230e92df100e3ed1da,,mating_system,predominantly_selfing,https://doi.org/10.48579/PRO/HU3QYM,,,,True,wild_or_unspecified,OpenAI Codex structured-record audit,2026-08-11T00:00:00Z,Exact accepted scientific name and family; explicit PROTEUS character-state mapping inspected; original reference retained; no cultivar or cross-trait proxy.,PROTEUS NDat=366591; Taxon=Floerkea proserpinacoides; Character=80. Phenotypic mating system (D1); CharacterState=80. Phenotypic mating system (D1): (0) (predominantly) selfing; Original reference key=Smith 1983 (Jecol),citation:591491aac2b81816c861
proteus-768fbca2a80979a1818e52e7,,mating_system,mixed_mating,https://doi.org/10.48579/PRO/HU3QYM,,,,True,wild_or_unspecified,OpenAI Codex structured-record audit,2026-08-11T00:00:00Z,Exact accepted scientific name and family; explicit PROTEUS character-state mapping inspected; original reference retained; no cultivar or cross-trait proxy.,PROTEUS NDat=320943; Taxon=Tetracentron sinense; Character=80. Phenotypic mating system (D1); CharacterState=80. Phenotypic mating system (D1): (2) mixed; Original reference key=Gan et al 2013 (BotStud),citation:1ce3b9a20c58afcc228b
proteus-7f7c52c1a6321f3d4534be48,,mating_system,predominantly_outcrossing,https://doi.org/10.48579/PRO/HU3QYM,,,,True,wild_or_unspecified,OpenAI Codex structured-record audit,2026-08-11T00:00:00Z,Exact accepted scientific name and family; explicit PROTEUS character-state mapping inspected; original reference retained; no cultivar or cross-trait proxy.,PROTEUS NDat=281968; Taxon=Hamamelis virginiana; Character=80. Phenotypic mating system (D1); CharacterState=80. Phenotypic mating system (D1): (1) (predominantly) outcrossing; Original reference key=Anderson & Hill 2002 (AmJBot),doi:10.3732/ajb.89.1.67
proteus-823a9b9292c8c0849c6ceb41,,mating_system,mixed_mating,https://doi.org/10.48579/PRO/HU3QYM,,,,True,wild_or_unspecified,OpenAI Codex structured-record audit,2026-08-11T00:00:00Z,Exact accepted scientific name and family; explicit PROTEUS character-state mapping inspected; original reference retained; no cultivar or cross-trait proxy.,PROTEUS NDat=286758; Taxon=Bixa orellana; Character=80. Phenotypic mating system (D1); CharacterState=80. Phenotypic mating system (D1): (2) mixed; Original reference key=Rivera-Madrid et al. 2006 (SciHort),doi:10.1016/j.scienta.2006.03.011
proteus-88062f5f3eb6d178b07e8482,,mating_system,predominantly_selfing,https://doi.org/10.48579/PRO/HU3QYM,,,,True,wild_or_unspecified,OpenAI Codex structured-record audit,2026-08-11T00:00:00Z,Exact accepted scientific name and family; explicit PROTEUS character-state mapping inspected; original reference retained; no cultivar or cross-trait proxy.,PROTEUS NDat=317465; Taxon=Chorispora tenella; Character=80. Phenotypic mating system (D1); CharacterState=80. Phenotypic mating system (D1): (0) (predominantly) selfing; Original reference key=Wiens 1984 (Oecologia),citation:8fc6ccef7e02c6ed24d5
proteus-8904a0ebf4ac323aeaba457c,,mating_system,predominantly_selfing,https://doi.org/10.48579/PRO/HU3QYM,,,,True,wild_or_unspecified,OpenAI Codex structured-record audit,2026-08-11T00:00:00Z,Exact accepted scientific name and family; explicit PROTEUS character-state mapping inspected; original reference retained; no cultivar or cross-trait proxy.,PROTEUS NDat=366593; Taxon=Fumana ericoides; Character=80. Phenotypic mating system (D1); CharacterState=80. Phenotypic mating system (D1): (0) (predominantly) selfing; Original reference key=Guemes 2001 (NordJBot),citation:18e3a3d9b0502a711baa
proteus-93e11a0a391f18f2d5c03e6e,,mating_system,predominantly_outcrossing,https://doi.org/10.48579/PRO/HU3QYM,,,,True,wild_or_unspecified,OpenAI Codex structured-record audit,2026-08-11T00:00:00Z,Exact accepted scientific name and family; explicit PROTEUS character-state mapping inspected; original reference retained; no cultivar or cross-trait proxy.,PROTEUS NDat=318583; Taxon=Catalpa speciosa; Character=80. Phenotypic mating system (D1); CharacterState=80. Phenotypic mating system (D1): (1) (predominantly) outcrossing; Original reference key=Stephenson and Thomas 1977 (SystBot),citation:2ce62f192f061150250f
proteus-966350e1f9b00d202a5bc82d,,mating_system,predominantly_outcrossing,https://doi.org/10.48579/PRO/HU3QYM,,,,True,wild_or_unspecified,OpenAI Codex structured-record audit,2026-08-11T00:00:00Z,Exact accepted scientific name and family; explicit PROTEUS character-state mapping inspected; original reference retained; no cultivar or cross-trait proxy.,PROTEUS NDat=401726; Taxon=Scaevola montana; Character=80. Phenotypic mating system (D1); CharacterState=80. Phenotypic mating system (D1): (1) (predominantly) outcrossing; Notes=Interpreted by the author; Original reference key=Wulff 2012 (PhDThesis),citation:b29b6e4eb2872f020877
proteus-a36b1135e276f2da6d6130e3,,mating_system,mixed_mating,https://doi.org/10.48579/PRO/HU3QYM,,,,True,wild_or_unspecified,OpenAI Codex structured-record audit,2026-08-11T00:00:00Z,Exact accepted scientific name and family; explicit PROTEUS character-state mapping inspected; original reference retained; no cultivar or cross-trait proxy.,PROTEUS NDat=450470; Taxon=Ruellia ciliatiflora; Character=80. Phenotypic mating system (D1); CharacterState=80. Phenotypic mating system (D1): (2) mixed; Notes=Cleistogamous and chasmogamous flowers; Original reference key=Munguia-Rosas et al 2012 (AnnBot),citation:9856293a79e959cbdd74
proteus-a5fab6f3129ca9ceec0a0d34,,mating_system,predominantly_outcrossing,https://www.jstor.org/stable/3599209,,,,True,wild_or_unspecified,OpenAI Codex structured-record audit,2026-08-11T00:00:00Z,Exact accepted scientific name and family; explicit PROTEUS character-state mapping inspected; original reference retained; no cultivar or cross-trait proxy.,PROTEUS NDat=284565; Taxon=Alstroemeria aurea; Character=80. Phenotypic mating system (D1); CharacterState=80. Phenotypic mating system (D1): (1) (predominantly) outcrossing; Original reference key=Harder & Aizen 2004 (Funct Ecol),citation:237bb387b979c6211800
proteus-b423130243f86dd675a89c85,,mating_system,mixed_mating,https://www.scielo.br/pdf/asas/v36n1/v36n1a13.pdf,,,,True,wild_or_unspecified,OpenAI Codex structured-record audit,2026-08-11T00:00:00Z,Exact accepted scientific name and family; explicit PROTEUS character-state mapping inspected; original reference retained; no cultivar or cross-trait proxy.,PROTEUS NDat=449446; Taxon=Sesamum indicum; Character=80. Phenotypic mating system (D1); CharacterState=80. Phenotypic mating system (D1): (2) mixed; Original reference key=Andrade et al 2014 (ActaSci),citation:550a28d26fa4641c2427
proteus-b77190c999ae72562f2eda1d,,mating_system,predominantly_outcrossing,https://doi.org/10.48579/PRO/HU3QYM,,,,True,wild_or_unspecified,OpenAI Codex structured-record audit,2026-08-11T00:00:00Z,Exact accepted scientific name and family; explicit PROTEUS character-state mapping inspected; original reference retained; no cultivar or cross-trait proxy.,PROTEUS NDat=355475; Taxon=Nepenthes macfarlanei; Character=80. Phenotypic mating system (D1); CharacterState=80. Phenotypic mating system (D1): (1) (predominantly) outcrossing; Notes=doi:10.2307/43582397 {this species is xenogamous}; Original reference key=Chua 2000 (article),citation:6251f77aa1eb86e695b1
proteus-bf8ba11d9acea9ca3e9e7ab1,,mating_system,predominantly_selfing,https://doi.org/10.48579/PRO/HU3QYM,,,,True,wild_or_unspecified,OpenAI Codex structured-record audit,2026-08-11T00:00:00Z,Exact accepted scientific name and family; explicit PROTEUS character-state mapping inspected; original reference retained; no cultivar or cross-trait proxy.,PROTEUS NDat=367383; Taxon=Hedychium gardnerianum; Character=80. Phenotypic mating system (D1); CharacterState=80. Phenotypic mating system (D1): (0) (predominantly) selfing; Original reference key=Rambunda and Johnson 2004 (DivDistri),citation:0b6878bf119ca3a46602
proteus-d16c607609c667be22cc07e1,,mating_system,predominantly_outcrossing,https://doi.org/10.48579/PRO/HU3QYM,,,,True,wild_or_unspecified,OpenAI Codex structured-record audit,2026-08-11T00:00:00Z,Exact accepted scientific name and family; explicit PROTEUS character-state mapping inspected; original reference retained; no cultivar or cross-trait proxy.,PROTEUS NDat=286761; Taxon=Bixa orellana; Character=80. Phenotypic mating system (D1); CharacterState=80. Phenotypic mating system (D1): (1) (predominantly) outcrossing; Original reference key=Lombello & Pinto-Maglio 2014 (Cytologia),doi:10.1508/cytologia.79.379
proteus-d2d3aa6eeea68f99c5eae190,,mating_system,predominantly_outcrossing,https://doi.org/10.48579/PRO/HU3QYM,,,,True,wild_or_unspecified,OpenAI Codex structured-record audit,2026-08-11T00:00:00Z,Exact accepted scientific name and family; explicit PROTEUS character-state mapping inspected; original reference retained; no cultivar or cross-trait proxy.,PROTEUS NDat=286935; Taxon=Bretschneidera sinensis; Character=80. Phenotypic mating system (D1); CharacterState=80. Phenotypic mating system (D1): (1) (predominantly) outcrossing; Original reference key=Qiao et al. 2012 (PakJBot),citation:a47c6cb1655bb3fd0723
proteus-d52b80fcbecadbba63f7e973,,mating_system,predominantly_outcrossing,https://doi.org/10.48579/PRO/HU3QYM,,,,True,wild_or_unspecified,OpenAI Codex structured-record audit,2026-08-11T00:00:00Z,Exact accepted scientific name and family; explicit PROTEUS character-state mapping inspected; original reference retained; no cultivar or cross-trait proxy.,PROTEUS NDat=315631; Taxon=Durio zibethinus; Character=80. Phenotypic mating system (D1); CharacterState=80. Phenotypic mating system (D1): (1) (predominantly) outcrossing; Original reference key=Bumrungsri et al 2008 (JTropEcol),citation:8bc3aa0e2c411d6be106
proteus-d829329d566398f98ba22ff1,,mating_system,predominantly_outcrossing,https://doi.org/10.48579/PRO/HU3QYM,,,,True,wild_or_unspecified,OpenAI Codex structured-record audit,2026-08-11T00:00:00Z,Exact accepted scientific name and family; explicit PROTEUS character-state mapping inspected; original reference retained; no cultivar or cross-trait proxy.,PROTEUS NDat=320797; Taxon=Primula sieboldii; Character=80. Phenotypic mating system (D1); CharacterState=80. Phenotypic mating system (D1): (1) (predominantly) outcrossing; Original reference key=Yoshida et al. 2021 (PlantSpBiol),doi:10.1111/1442-1984.12302
proteus-da461d27ced893c7fa2e7e7d,,mating_system,mixed_mating,https://doi.org/10.48579/PRO/HU3QYM,,,,True,wild_or_unspecified,OpenAI Codex structured-record audit,2026-08-11T00:00:00Z,Exact accepted scientific name and family; explicit PROTEUS character-state mapping inspected; original reference retained; no cultivar or cross-trait proxy.,PROTEUS NDat=451017; Taxon=Ravenala madagascariensis; Character=80. Phenotypic mating system (D1); CharacterState=80. Phenotypic mating system (D1): (2) mixed; Notes=Facultative selfer; Original reference key=Calley et al 1993 (Biotropica),citation:ec28512f08c7f82a58fa
proteus-e79db0a91ead8f841fc9603b,,mating_system,mixed_mating,https://doi.org/10.48579/PRO/HU3QYM,,,,True,wild_or_unspecified,OpenAI Codex structured-record audit,2026-08-11T00:00:00Z,Exact accepted scientific name and family; explicit PROTEUS character-state mapping inspected; original reference retained; no cultivar or cross-trait proxy.,PROTEUS NDat=396201; Taxon=Nothapodytes nimmoniana; Character=80. Phenotypic mating system (D1); CharacterState=80. Phenotypic mating system (D1): (2) mixed; Original reference key=Shivaprakash 2014 (PLoSOne),citation:83b352d7cf8475f0969c
proteus-f43b71e0042f1e3af182f842,,mating_system,predominantly_outcrossing,https://doi.org/10.48579/PRO/HU3QYM,,,,True,wild_or_unspecified,OpenAI Codex structured-record audit,2026-08-11T00:00:00Z,Exact accepted scientific name and family; explicit PROTEUS character-state mapping inspected; original reference retained; no cultivar or cross-trait proxy.,PROTEUS NDat=365144; Taxon=Cabomba caroliniana; Character=80. Phenotypic mating system (D1); CharacterState=80. Phenotypic mating system (D1): (1) (predominantly) outcrossing; Original reference key=Wilson et al 2007 (CanJBot),citation:4fd53b9b30193d440bd0
proteus-f956bb6856de3fc5666cf48c,,mating_system,predominantly_selfing,https://doi.org/10.48579/PRO/HU3QYM,,,,True,wild_or_unspecified,OpenAI Codex structured-record audit,2026-08-11T00:00:00Z,Exact accepted scientific name and family; explicit PROTEUS character-state mapping inspected; original reference retained; no cultivar or cross-trait proxy.,PROTEUS NDat=317466; Taxon=Alyssum simplex; Character=80. Phenotypic mating system (D1); CharacterState=80. Phenotypic mating system (D1): (0) (predominantly) selfing; Original reference key=Wiens 1984 (Oecologia),citation:8fc6ccef7e02c6ed24d5
proteus-fd2c7803d36ba7651133bb09,,mating_system,predominantly_selfing,https://doi.org/10.48579/PRO/HU3QYM,,,,True,wild_or_unspecified,OpenAI Codex structured-record audit,2026-08-11T00:00:00Z,Exact accepted scientific name and family; explicit PROTEUS character-state mapping inspected; original reference retained; no cultivar or cross-trait proxy.,PROTEUS NDat=367400; Taxon=Kalanchoe daigremontiana; Character=80. Phenotypic mating system (D1); CharacterState=80. Phenotypic mating system (D1): (0) (predominantly) selfing; Original reference key=Herrera and Nassar 2009 (JAridEnv),citation:52109289ebc8335bdc42
proteus-116798544f22c818f92cc744,,self_incompatibility,SC,https://doi.org/10.48579/PRO/HU3QYM,,,,True,wild_or_unspecified,OpenAI Codex structured-record audit,2026-08-11T00:00:00Z,Exact accepted scientific name and family; explicit PROTEUS character-state mapping inspected; original reference retained; no cultivar or cross-trait proxy.,PROTEUS NDat=281084; Taxon=Floerkea proserpinacoides; Character=83. Self-incompatibility system (genetic) (D1); CharacterState=83. Self-incompatibility system (genetic) (D1): (0) self-compatible; Original reference key=Bertin and Newman 1993 (BotRev),citation:2f1ea8fdaf34ea6880d9
proteus-129252e3d484434030f7b193,,self_incompatibility,SC,https://doi.org/10.48579/PRO/HU3QYM,,,,True,wild_or_unspecified,OpenAI Codex structured-record audit,2026-08-11T00:00:00Z,Exact accepted scientific name and family; explicit PROTEUS character-state mapping inspected; original reference retained; no cultivar or cross-trait proxy.,PROTEUS NDat=396033; Taxon=Costus woodsonii; Character=83. Self-incompatibility system (genetic) (D1); CharacterState=83. Self-incompatibility system (genetic) (D1): (0) self-compatible; Original reference key=Aswathi et al 2015 (IntJPlantReprodBiol),citation:34a33ec3bdf120433e89
proteus-13ec2e5eb7fb8442282d07a8,,self_incompatibility,SI,https://doi.org/10.48579/PRO/HU3QYM,,,,True,wild_or_unspecified,OpenAI Codex structured-record audit,2026-08-11T00:00:00Z,Exact accepted scientific name and family; explicit PROTEUS character-state mapping inspected; original reference retained; no cultivar or cross-trait proxy.,PROTEUS NDat=280177; Taxon=Lythrum salicaria; Character=83. Self-incompatibility system (genetic) (D1); CharacterState=83. Self-incompatibility system (genetic) (D1): (3) undetermined self-incompatible; Original reference key=Razanajatovo et al 2016 (NatureCom),citation:dd113f1b3e889ab2935a
proteus-18ee202774df4045faa02070,,self_incompatibility,SI,https://doi.org/10.48579/PRO/HU3QYM,,,,True,wild_or_unspecified,OpenAI Codex structured-record audit,2026-08-11T00:00:00Z,Exact accepted scientific name and family; explicit PROTEUS character-state mapping inspected; original reference retained; no cultivar or cross-trait proxy.,PROTEUS NDat=359586; Taxon=Trochocarpa laurina; Character=83. Self-incompatibility system (genetic) (D1); CharacterState=83. Self-incompatibility system (genetic) (D1): (3) undetermined self-incompatible; Original reference key=Adam and William 2001 (article),citation:d7ec8627c1832a98c345
proteus-1e6ad3675bd34c9e8a4c7031,,self_incompatibility,SI,https://doi.org/10.48579/PRO/HU3QYM,,,,True,wild_or_unspecified,OpenAI Codex structured-record audit,2026-08-11T00:00:00Z,Exact accepted scientific name and family; explicit PROTEUS character-state mapping inspected; original reference retained; no cultivar or cross-trait proxy.,PROTEUS NDat=315657; Taxon=Durio zibethinus; Character=83. Self-incompatibility system (genetic) (D1); CharacterState=83. Self-incompatibility system (genetic) (D1): (3) undetermined self-incompatible; Notes=Late acting self-incompatibility; Original reference key=Honsho et al 2004 (SciHort),citation:64713f24bd4b3743930f
proteus-2406708165e319f98cef5ae0,,self_incompatibility,SI,https://doi.org/10.48579/PRO/HU3QYM,,,,True,wild_or_unspecified,OpenAI Codex structured-record audit,2026-08-11T00:00:00Z,Exact accepted scientific name and family; explicit PROTEUS character-state mapping inspected; original reference retained; no cultivar or cross-trait proxy.,PROTEUS NDat=279811; Taxon=Prunus persica; Character=83. Self-incompatibility system (genetic) (D1); CharacterState=83. Self-incompatibility system (genetic) (D1): (1) gametophytic self-incompatible; Original reference key=Akagi et al 2016 (DNARes),citation:f6daf598f4a6aeff8dd1
proteus-28286cfbb85fc3ad2fe20831,,self_incompatibility,SC,https://doi.org/10.48579/PRO/HU3QYM,,,,True,wild_or_unspecified,OpenAI Codex structured-record audit,2026-08-11T00:00:00Z,Exact accepted scientific name and family; explicit PROTEUS character-state mapping inspected; original reference retained; no cultivar or cross-trait proxy.,PROTEUS NDat=450660; Taxon=Jumellea fragrans; Character=83. Self-incompatibility system (genetic) (D1); CharacterState=83. Self-incompatibility system (genetic) (D1): (0) self-compatible; Original reference key=Blambert et al 2016 (AnnBot),citation:faca05128a99d37c1e4e
proteus-29fced25283d1376a9051b0c,,self_incompatibility,SC,https://doi.org/10.48579/PRO/HU3QYM,,,,True,wild_or_unspecified,OpenAI Codex structured-record audit,2026-08-11T00:00:00Z,Exact accepted scientific name and family; explicit PROTEUS character-state mapping inspected; original reference retained; no cultivar or cross-trait proxy.,PROTEUS NDat=315689; Taxon=Medicago sativa; Character=83. Self-incompatibility system (genetic) (D1); CharacterState=83. Self-incompatibility system (genetic) (D1): (0) self-compatible; Original reference key=Riday et al 2015 (CropSci),citation:22531323ab0a6480f818
proteus-32ff940222e457d9cce177be,,self_incompatibility,SC,https://doi.org/10.48579/PRO/HU3QYM,,,,True,wild_or_unspecified,OpenAI Codex structured-record audit,2026-08-11T00:00:00Z,Exact accepted scientific name and family; explicit PROTEUS character-state mapping inspected; original reference retained; no cultivar or cross-trait proxy.,PROTEUS NDat=280165; Taxon=Durio zibethinus; Character=83. Self-incompatibility system (genetic) (D1); CharacterState=83. Self-incompatibility system (genetic) (D1): (0) self-compatible; Original reference key=Razanajatovo et al 2016 (NatureCom),citation:dd113f1b3e889ab2935a
proteus-347c8cf80aac30e8c3a00c1f,,self_incompatibility,SI,https://doi.org/10.48579/PRO/HU3QYM,,,,True,wild_or_unspecified,OpenAI Codex structured-record audit,2026-08-11T00:00:00Z,Exact accepted scientific name and family; explicit PROTEUS character-state mapping inspected; original reference retained; no cultivar or cross-trait proxy.,PROTEUS NDat=281097; Taxon=Lythrum salicaria; Character=83. Self-incompatibility system (genetic) (D1); CharacterState=83. Self-incompatibility system (genetic) (D1): (3) undetermined self-incompatible; Original reference key=Bertin and Newman 1993 (BotRev),citation:2f1ea8fdaf34ea6880d9
proteus-353be387f10d0e87a4b01741,,self_incompatibility,SC,https://doi.org/10.48579/PRO/HU3QYM,,,,True,wild_or_unspecified,OpenAI Codex structured-record audit,2026-08-11T00:00:00Z,Exact accepted scientific name and family; explicit PROTEUS character-state mapping inspected; original reference retained; no cultivar or cross-trait proxy.,PROTEUS NDat=365111; Taxon=Annona crassiflora; Character=83. Self-incompatibility system (genetic) (D1); CharacterState=83. Self-incompatibility system (genetic) (D1): (0) self-compatible; Original reference key=de Almeida et al 2018 (PlantSystEvol),citation:639ab3abcafd2ddc2b3f
proteus-4b7c5231504655f74e1a3dd8,,self_incompatibility,SC,https://doi.org/10.48579/PRO/HU3QYM,,,,True,wild_or_unspecified,OpenAI Codex structured-record audit,2026-08-11T00:00:00Z,Exact accepted scientific name and family; explicit PROTEUS character-state mapping inspected; original reference retained; no cultivar or cross-trait proxy.,PROTEUS NDat=322961; Taxon=Catharanthus roseus; Character=83. Self-incompatibility system (genetic) (D1); CharacterState=83. Self-incompatibility system (genetic) (D1): (0) self-compatible; Notes=The paper is on another species but cite a book chapter with SI test for several related species including C. roseus; Original reference key=Lipow and Wyatt 1999 (article),citation:de318fe7fa372d18ae04
proteus-4f82ce96e6c55df20864454c,,self_incompatibility,SI,https://doi.org/10.48579/PRO/HU3QYM,,,,True,wild_or_unspecified,OpenAI Codex structured-record audit,2026-08-11T00:00:00Z,Exact accepted scientific name and family; explicit PROTEUS character-state mapping inspected; original reference retained; no cultivar or cross-trait proxy.,PROTEUS NDat=373053; Taxon=Miconia affinis; Character=83. Self-incompatibility system (genetic) (D1); CharacterState=83. Self-incompatibility system (genetic) (D1): (3) undetermined self-incompatible; Original reference key=Jha and Dick 2010 (PNAS),citation:9bfac7bc7033b892d5ee
proteus-533c37eca3ac7b9876aac22e,,self_incompatibility,SC,https://doi.org/10.48579/PRO/HU3QYM,,,,True,wild_or_unspecified,OpenAI Codex structured-record audit,2026-08-11T00:00:00Z,Exact accepted scientific name and family; explicit PROTEUS character-state mapping inspected; original reference retained; no cultivar or cross-trait proxy.,PROTEUS NDat=317551; Taxon=Ludwigia adscendens; Character=83. Self-incompatibility system (genetic) (D1); CharacterState=83. Self-incompatibility system (genetic) (D1): (0) self-compatible; Original reference key=Oziegbe and Faluyi 2012 (article),citation:7970cee69ca79df2527f
proteus-57ff3b31e402bc398538580d,,self_incompatibility,SI,https://doi.org/10.48579/PRO/HU3QYM,,,,True,wild_or_unspecified,OpenAI Codex structured-record audit,2026-08-11T00:00:00Z,Exact accepted scientific name and family; explicit PROTEUS character-state mapping inspected; original reference retained; no cultivar or cross-trait proxy.,PROTEUS NDat=396163; Taxon=Erythroxylum laurifolium; Character=83. Self-incompatibility system (genetic) (D1); CharacterState=83. Self-incompatibility system (genetic) (D1): (3) undetermined self-incompatible; Original reference key=Pailler et al 1998 (PlantSystEvol),citation:c5bad794dfa7f6f0426a
proteus-58edd80ded62dfaa587e39cc,,self_incompatibility,SC,https://doi.org/10.48579/PRO/HU3QYM,,,,True,wild_or_unspecified,OpenAI Codex structured-record audit,2026-08-11T00:00:00Z,Exact accepted scientific name and family; explicit PROTEUS character-state mapping inspected; original reference retained; no cultivar or cross-trait proxy.,PROTEUS NDat=401698; Taxon=Vitis labrusca; Character=83. Self-incompatibility system (genetic) (D1); CharacterState=83. Self-incompatibility system (genetic) (D1): (0) self-compatible; Notes=Cultivar (Isabel); Original reference key=Nunes et al 2016 (BrasJBiol),citation:d8856dda2e903cb2c088
proteus-63ab6793b977abb5031c69c1,,self_incompatibility,SC,https://doi.org/10.48579/PRO/HU3QYM,,,,True,wild_or_unspecified,OpenAI Codex structured-record audit,2026-08-11T00:00:00Z,Exact accepted scientific name and family; explicit PROTEUS character-state mapping inspected; original reference retained; no cultivar or cross-trait proxy.,PROTEUS NDat=321711; Taxon=Lapageria rosea; Character=83. Self-incompatibility system (genetic) (D1); CharacterState=83. Self-incompatibility system (genetic) (D1): (0) self-compatible; Original reference key=Humaña & Riveros 1994 (GayanaBot),citation:b04116fa647573e978f3
proteus-672ddff20b597b9e6f4133af,,self_incompatibility,SI,https://doi:10.1071/BT18209,,,,True,wild_or_unspecified,OpenAI Codex structured-record audit,2026-08-11T00:00:00Z,Exact accepted scientific name and family; explicit PROTEUS character-state mapping inspected; original reference retained; no cultivar or cross-trait proxy.,PROTEUS NDat=352801; Taxon=Anigozanthos humilis; Character=83. Self-incompatibility system (genetic) (D1); CharacterState=83. Self-incompatibility system (genetic) (D1): (3) undetermined self-incompatible; Notes=doi:10.1071/BT18209; Original reference key=Van der Kroft et al 2019 (AustJBot),citation:188016b0ff21c7c60b42
proteus-727c9a196cf14d3096322cd4,,self_incompatibility,SI,https://doi.org/10.48579/PRO/HU3QYM,,,,True,wild_or_unspecified,OpenAI Codex structured-record audit,2026-08-11T00:00:00Z,Exact accepted scientific name and family; explicit PROTEUS character-state mapping inspected; original reference retained; no cultivar or cross-trait proxy.,PROTEUS NDat=281119; Taxon=Stylidium graminifolium; Character=83. Self-incompatibility system (genetic) (D1); CharacterState=83. Self-incompatibility system (genetic) (D1): (3) undetermined self-incompatible; Original reference key=Bertin and Newman 1993 (BotRev),citation:2f1ea8fdaf34ea6880d9
proteus-7bd9e9cbc6136477857312bb,,self_incompatibility,SI,https://onlinelibrary.wiley.com/doi/pdf/10.1002/ece3.4256,,,,True,wild_or_unspecified,OpenAI Codex structured-record audit,2026-08-11T00:00:00Z,Exact accepted scientific name and family; explicit PROTEUS character-state mapping inspected; original reference retained; no cultivar or cross-trait proxy.,PROTEUS NDat=321106; Taxon=Medicago sativa; Character=83. Self-incompatibility system (genetic) (D1); CharacterState=83. Self-incompatibility system (genetic) (D1): (3) undetermined self-incompatible; Notes=SCI = 0.1.; Original reference key=Chen et al. 2018 (EcolEvol),doi:10.1002/ece3.4256
proteus-7e3cdf45587da8796accc8ad,,self_incompatibility,SC,https://doi.org/10.48579/PRO/HU3QYM,,,,True,wild_or_unspecified,OpenAI Codex structured-record audit,2026-08-11T00:00:00Z,Exact accepted scientific name and family; explicit PROTEUS character-state mapping inspected; original reference retained; no cultivar or cross-trait proxy.,PROTEUS NDat=280235; Taxon=Vaccinium uliginosum; Character=83. Self-incompatibility system (genetic) (D1); CharacterState=83. Self-incompatibility system (genetic) (D1): (0) self-compatible; Original reference key=Razanajatovo et al 2016 (NatureCom),citation:dd113f1b3e889ab2935a
proteus-828555a9fbf59d9460ea190b,,self_incompatibility,SI,https://doi.org/10.48579/PRO/HU3QYM,,,,True,wild_or_unspecified,OpenAI Codex structured-record audit,2026-08-11T00:00:00Z,Exact accepted scientific name and family; explicit PROTEUS character-state mapping inspected; original reference retained; no cultivar or cross-trait proxy.,PROTEUS NDat=359571; Taxon=Denhamia celastroides; Character=83. Self-incompatibility system (genetic) (D1); CharacterState=83. Self-incompatibility system (genetic) (D1): (3) undetermined self-incompatible; Original reference key=Adam and William 2001 (article),citation:d7ec8627c1832a98c345
proteus-8a691aa432d716a592be6019,,self_incompatibility,SI,https://doi.org/10.48579/PRO/HU3QYM,,,,True,wild_or_unspecified,OpenAI Codex structured-record audit,2026-08-11T00:00:00Z,Exact accepted scientific name and family; explicit PROTEUS character-state mapping inspected; original reference retained; no cultivar or cross-trait proxy.,PROTEUS NDat=320422; Taxon=Davilla kunthii; Character=83. Self-incompatibility system (genetic) (D1); CharacterState=83. Self-incompatibility system (genetic) (D1): (3) undetermined self-incompatible; Notes=Indicated as compatible but data indicates incompatible!; Original reference key=Rech et al 2011 (ActaBotBras),citation:f4ef838f4b86caa2b3d3
proteus-8bc8759870c549cf31d968d0,,self_incompatibility,SC,https://doi.org/10.48579/PRO/HU3QYM,,,,True,wild_or_unspecified,OpenAI Codex structured-record audit,2026-08-11T00:00:00Z,Exact accepted scientific name and family; explicit PROTEUS character-state mapping inspected; original reference retained; no cultivar or cross-trait proxy.,PROTEUS NDat=373050; Taxon=Cleomella arborea; Character=83. Self-incompatibility system (genetic) (D1); CharacterState=83. Self-incompatibility system (genetic) (D1): (0) self-compatible; Original reference key=Krupnick and Weis 1999 (Ecology),citation:468a68dedd618c693456
proteus-a1b14f86f9be0741a576d087,,self_incompatibility,SC,https://doi.org/10.48579/PRO/HU3QYM,,,,True,wild_or_unspecified,OpenAI Codex structured-record audit,2026-08-11T00:00:00Z,Exact accepted scientific name and family; explicit PROTEUS character-state mapping inspected; original reference retained; no cultivar or cross-trait proxy.,PROTEUS NDat=315592; Taxon=Eupomatia laurina; Character=83. Self-incompatibility system (genetic) (D1); CharacterState=83. Self-incompatibility system (genetic) (D1): (0) self-compatible; Original reference key=Endress 1984 (BotJahrb),citation:1643c8e9e42f4146c03d
proteus-ac0747a460cb7a71b9fccbde,,self_incompatibility,SC,https://doi.org/10.48579/PRO/HU3QYM,,,,True,wild_or_unspecified,OpenAI Codex structured-record audit,2026-08-11T00:00:00Z,Exact accepted scientific name and family; explicit PROTEUS character-state mapping inspected; original reference retained; no cultivar or cross-trait proxy.,PROTEUS NDat=279918; Taxon=Theobroma cacao; Character=83. Self-incompatibility system (genetic) (D1); CharacterState=83. Self-incompatibility system (genetic) (D1): (0) self-compatible; Notes=Predominantly SI mbut SC also occurs; Original reference key=Efombagn et al 2009 (Heredity),citation:1c235240fc08249084a8
proteus-b19ec947ff4c4da30ab1c3a0,,self_incompatibility,SI,https://doi.org/10.48579/PRO/HU3QYM,,,,True,wild_or_unspecified,OpenAI Codex structured-record audit,2026-08-11T00:00:00Z,Exact accepted scientific name and family; explicit PROTEUS character-state mapping inspected; original reference retained; no cultivar or cross-trait proxy.,PROTEUS NDat=280236; Taxon=Vaccinium uliginosum; Character=83. Self-incompatibility system (genetic) (D1); CharacterState=83. Self-incompatibility system (genetic) (D1): (3) undetermined self-incompatible; Original reference key=Razanajatovo et al 2016 (NatureCom),citation:dd113f1b3e889ab2935a
proteus-b871462d0a40e57061bd749b,,self_incompatibility,SC,https://doi.org/10.48579/PRO/HU3QYM,,,,True,wild_or_unspecified,OpenAI Codex structured-record audit,2026-08-11T00:00:00Z,Exact accepted scientific name and family; explicit PROTEUS character-state mapping inspected; original reference retained; no cultivar or cross-trait proxy.,PROTEUS NDat=396244; Taxon=Rourea induta; Character=83. Self-incompatibility system (genetic) (D1); CharacterState=83. Self-incompatibility system (genetic) (D1): (0) self-compatible; Notes=Brevistyle morph SI Longistyle morph partial SI; Original reference key=Pillon & Hequet 2019 (Phytotaxa),citation:8bea9bc4fb312c43c55b
proteus-c161b31d9aac1506dea193fa,,self_incompatibility,SI,https://doi.org/10.48579/PRO/HU3QYM,,,,True,wild_or_unspecified,OpenAI Codex structured-record audit,2026-08-11T00:00:00Z,Exact accepted scientific name and family; explicit PROTEUS character-state mapping inspected; original reference retained; no cultivar or cross-trait proxy.,PROTEUS NDat=400242; Taxon=Chloranthus spicatus; Character=83. Self-incompatibility system (genetic) (D1); CharacterState=83. Self-incompatibility system (genetic) (D1): (3) undetermined self-incompatible; Original reference key=von Balthazar and Endress 1999 (PlantSystEvol),citation:1733316689e437e71f3a
proteus-c630a6fa1c35e849c83d3a72,,self_incompatibility,SC,https://doi.org/10.48579/PRO/HU3QYM,,,,True,wild_or_unspecified,OpenAI Codex structured-record audit,2026-08-11T00:00:00Z,Exact accepted scientific name and family; explicit PROTEUS character-state mapping inspected; original reference retained; no cultivar or cross-trait proxy.,PROTEUS NDat=281091; Taxon=Herniaria glabra; Character=83. Self-incompatibility system (genetic) (D1); CharacterState=83. Self-incompatibility system (genetic) (D1): (0) self-compatible; Original reference key=Bertin and Newman 1993 (BotRev),citation:2f1ea8fdaf34ea6880d9
proteus-c9c179c45768757c390fed87,,self_incompatibility,SI,https://doi.org/10.48579/PRO/HU3QYM,,,,True,wild_or_unspecified,OpenAI Codex structured-record audit,2026-08-11T00:00:00Z,Exact accepted scientific name and family; explicit PROTEUS character-state mapping inspected; original reference retained; no cultivar or cross-trait proxy.,PROTEUS NDat=317530; Taxon=Ficaria verna; Character=83. Self-incompatibility system (genetic) (D1); CharacterState=83. Self-incompatibility system (genetic) (D1): (3) undetermined self-incompatible; Original reference key=Bertin and Newman 1993 (BotRev),citation:2f1ea8fdaf34ea6880d9
proteus-d99432baaef8075d0e14b97c,,self_incompatibility,SC,https://doi.org/10.48579/PRO/HU3QYM,,,,True,wild_or_unspecified,OpenAI Codex structured-record audit,2026-08-11T00:00:00Z,Exact accepted scientific name and family; explicit PROTEUS character-state mapping inspected; original reference retained; no cultivar or cross-trait proxy.,PROTEUS NDat=317476; Taxon=Mazus pumilus; Character=83. Self-incompatibility system (genetic) (D1); CharacterState=83. Self-incompatibility system (genetic) (D1): (0) self-compatible; Original reference key=Jin et al 2015 (JSystEvol),citation:f04021a989e8f9913164
proteus-d9a61751695a7bed7fb8b940,,self_incompatibility,SC,https://doi.org/10.48579/PRO/HU3QYM,,,,True,wild_or_unspecified,OpenAI Codex structured-record audit,2026-08-11T00:00:00Z,Exact accepted scientific name and family; explicit PROTEUS character-state mapping inspected; original reference retained; no cultivar or cross-trait proxy.,PROTEUS NDat=366590; Taxon=Eriogonum arborescens; Character=83. Self-incompatibility system (genetic) (D1); CharacterState=83. Self-incompatibility system (genetic) (D1): (0) self-compatible; Original reference key=Riley et al 2016 (BJLS),citation:08f9487bbda4b0c4b6f2
proteus-dfe4bc89e21fc065e0b1048f,,self_incompatibility,SC,https://doi.org/10.48579/PRO/HU3QYM,,,,True,wild_or_unspecified,OpenAI Codex structured-record audit,2026-08-11T00:00:00Z,Exact accepted scientific name and family; explicit PROTEUS character-state mapping inspected; original reference retained; no cultivar or cross-trait proxy.,PROTEUS NDat=281068; Taxon=Claytonia virginica; Character=83. Self-incompatibility system (genetic) (D1); CharacterState=83. Self-incompatibility system (genetic) (D1): (0) self-compatible; Original reference key=Bertin and Newman 1993 (BotRev),citation:2f1ea8fdaf34ea6880d9
proteus-e017e2b68679112e7790039f,,self_incompatibility,SC,https://doi.org/10.48579/PRO/HU3QYM,,,,True,wild_or_unspecified,OpenAI Codex structured-record audit,2026-08-11T00:00:00Z,Exact accepted scientific name and family; explicit PROTEUS character-state mapping inspected; original reference retained; no cultivar or cross-trait proxy.,PROTEUS NDat=280080; Taxon=Lemna minor; Character=83. Self-incompatibility system (genetic) (D1); CharacterState=83. Self-incompatibility system (genetic) (D1): (0) self-compatible; Original reference key=Honnay and Jacquemyn 2008 (EvoEco),citation:b0e509b9498889ebc44a
proteus-e25716711f5d7741c94aaf52,,self_incompatibility,SI,https://doi.org/10.48579/PRO/HU3QYM,,,,True,wild_or_unspecified,OpenAI Codex structured-record audit,2026-08-11T00:00:00Z,Exact accepted scientific name and family; explicit PROTEUS character-state mapping inspected; original reference retained; no cultivar or cross-trait proxy.,PROTEUS NDat=315658; Taxon=Durio zibethinus; Character=83. Self-incompatibility system (genetic) (D1); CharacterState=83. Self-incompatibility system (genetic) (D1): (1) gametophytic self-incompatible; Original reference key=Lim and Luders 1998 (AnnAppBiol),citation:83b200f894c1d3eedbb5
proteus-e84525441a936448d65cbf5c,,self_incompatibility,SC,https://doi.org/10.48579/PRO/HU3QYM,,,,True,wild_or_unspecified,OpenAI Codex structured-record audit,2026-08-11T00:00:00Z,Exact accepted scientific name and family; explicit PROTEUS character-state mapping inspected; original reference retained; no cultivar or cross-trait proxy.,PROTEUS NDat=366595; Taxon=Fumana ericoides; Character=83. Self-incompatibility system (genetic) (D1); CharacterState=83. Self-incompatibility system (genetic) (D1): (0) self-compatible; Original reference key=Guemes 2001 (NordJBot),citation:18e3a3d9b0502a711baa
proteus-e88db6f98b79525a1cbb94fa,,self_incompatibility,SC,https://doi.org/10.48579/PRO/HU3QYM,,,,True,wild_or_unspecified,OpenAI Codex structured-record audit,2026-08-11T00:00:00Z,Exact accepted scientific name and family; explicit PROTEUS character-state mapping inspected; original reference retained; no cultivar or cross-trait proxy.,PROTEUS NDat=317523; Taxon=Dalzellia ceylanica; Character=83. Self-incompatibility system (genetic) (D1); CharacterState=83. Self-incompatibility system (genetic) (D1): (0) self-compatible; Original reference key=Bertin and Newman 1993 (BotRev),citation:2f1ea8fdaf34ea6880d9
proteus-f3a68f498e6611f5203c6a37,,self_incompatibility,SC,https://doi.org/10.48579/PRO/HU3QYM,,,,True,wild_or_unspecified,OpenAI Codex structured-record audit,2026-08-11T00:00:00Z,Exact accepted scientific name and family; explicit PROTEUS character-state mapping inspected; original reference retained; no cultivar or cross-trait proxy.,PROTEUS NDat=450232; Taxon=Gesneria cuneifolia; Character=83. Self-incompatibility system (genetic) (D1); CharacterState=83. Self-incompatibility system (genetic) (D1): (0) self-compatible; Original reference key=Marten-Rodriguez and Fenster 2008 (AnnBot),citation:b9a181c6c255f5116396
proteus-f97e331c86eb72234b5e76b2,,self_incompatibility,SI,https://doi.org/10.48579/PRO/HU3QYM,,,,True,wild_or_unspecified,OpenAI Codex structured-record audit,2026-08-11T00:00:00Z,Exact accepted scientific name and family; explicit PROTEUS character-state mapping inspected; original reference retained; no cultivar or cross-trait proxy.,PROTEUS NDat=279917; Taxon=Theobroma cacao; Character=83. Self-incompatibility system (genetic) (D1); CharacterState=83. Self-incompatibility system (genetic) (D1): (3) undetermined self-incompatible; Original reference key=Efombagn et al 2009 (Heredity),citation:1c235240fc08249084a8
