accepted_species,axis,trait_name,normalized_value,quality,source_group,provider,source_url,candidate_id,source_citation,exact_supporting_quote,evidence_scope,name_match_method,source_lineage,lineage_method,source_run_id,source_artifact,source_file,acceptance_contract,accepted_correct,cultivar_status,reviewer,reviewed_at_utc,audit_reason
Alcea rugosa,floral_structural_complexity,flower_size_class,large,high,latest_public_web,flora_north_america,https://list.worldfloraonline.org/wfo-0000525187,WFOM-8a904d120d44bfeb7758,Alcea rugosa species treatment (flora north america),"corolla not doubled, 8–10 cm diam., petals pale yellow, usually drying greenish, notched, narrowed to base, 5 cm;",species_direct,wfo_id_species_rank_accepted_name_exact,provider_treatment:flora_north_america:wfo-0000525187,provider_treatment_wfo_id,wfo-official-bulk-morphology-recovery-20260808,wfo_bulk_morphology_recovery_20260808,wfo_morphology_recovered_evidence.csv.gz,wfo_morphology_subject_gate_plus_quote_audit_v1,True,wild_or_flora_treatment,codex_gpt5_wfo_morphology_full_census_quote_audit_20260808,2026-08-08T10:37:56.763775Z,accepted_after_full_census_exact_quote_review
Bergerocactus emoryi,floral_structural_complexity,flower_size_class,large,high,latest_public_web,flora_north_america,https://list.worldfloraonline.org/wfo-0000564302,WFOM-aed7140c28de09953787,Bergerocactus emoryi species treatment (flora north america),Flowers 2.5–4.5 cm diam.;,species_direct,wfo_id_species_rank_accepted_name_exact,provider_treatment:flora_north_america:wfo-0000564302,provider_treatment_wfo_id,wfo-official-bulk-morphology-recovery-20260808,wfo_bulk_morphology_recovery_20260808,wfo_morphology_recovered_evidence.csv.gz,wfo_morphology_subject_gate_plus_quote_audit_v1,True,wild_or_flora_treatment,codex_gpt5_wfo_morphology_full_census_quote_audit_20260808,2026-08-08T10:37:56.763775Z,accepted_after_full_census_exact_quote_review
Callisia cordifolia,floral_structural_complexity,flower_size_class,small,high,latest_public_web,flora_north_america,https://list.worldfloraonline.org/wfo-0000343256,WFOM-47102363dc0107d6b2f1,Callisia cordifolia species treatment (flora north america),"Flowers odorless, 4–5 mm wide, pedicillate;",species_direct,wfo_id_species_rank_accepted_name_exact,provider_treatment:flora_north_america:wfo-0000343256,provider_treatment_wfo_id,wfo-official-bulk-morphology-recovery-20260808,wfo_bulk_morphology_recovery_20260808,wfo_morphology_recovered_evidence.csv.gz,wfo_morphology_subject_gate_plus_quote_audit_v1,True,wild_or_flora_treatment,codex_gpt5_wfo_morphology_full_census_quote_audit_20260808,2026-08-08T10:37:56.763775Z,accepted_after_full_census_exact_quote_review
Carnegiea gigantea,floral_structural_complexity,flower_size_class,large,high,latest_public_web,flora_north_america,https://list.worldfloraonline.org/wfo-0000588147,WFOM-dd844a228094a163a800,Carnegiea gigantea species treatment (flora north america),"Flowers usually terminal, 6.5–8.5 cm diam.;",species_direct,wfo_id_species_rank_accepted_name_exact,provider_treatment:flora_north_america:wfo-0000588147,provider_treatment_wfo_id,wfo-official-bulk-morphology-recovery-20260808,wfo_bulk_morphology_recovery_20260808,wfo_morphology_recovered_evidence.csv.gz,wfo_morphology_subject_gate_plus_quote_audit_v1,True,wild_or_flora_treatment,codex_gpt5_wfo_morphology_full_census_quote_audit_20260808,2026-08-08T10:37:56.763775Z,accepted_after_full_census_exact_quote_review
Carpobrotus chilensis,floral_structural_complexity,flower_size_class,large,high,latest_public_web,flora_north_america,https://list.worldfloraonline.org/wfo-0000588256,WFOM-7b553f958ce664bd3980,Carpobrotus chilensis species treatment (flora north america),Flowers 3–5 cm diam.;,species_direct,wfo_id_species_rank_accepted_name_exact,provider_treatment:flora_north_america:wfo-0000588256,provider_treatment_wfo_id,wfo-official-bulk-morphology-recovery-20260808,wfo_bulk_morphology_recovery_20260808,wfo_morphology_recovered_evidence.csv.gz,wfo_morphology_subject_gate_plus_quote_audit_v1,True,wild_or_flora_treatment,codex_gpt5_wfo_morphology_full_census_quote_audit_20260808,2026-08-08T10:37:56.763775Z,accepted_after_full_census_exact_quote_review
Cotoneaster conspicuus,floral_structural_complexity,flower_size_class,medium,high,latest_public_web,flora_north_america,https://list.worldfloraonline.org/wfo-0001016558,WFOM-83f4c67fc6347c0a7f57,Cotoneaster conspicuus species treatment (flora north america),Flowers 9–13 mm diam.;,species_direct,wfo_id_species_rank_synonym_name_exact,provider_treatment:flora_north_america:wfo-0001016558,provider_treatment_wfo_id,wfo-official-bulk-morphology-recovery-20260808,wfo_bulk_morphology_recovery_20260808,wfo_morphology_recovered_evidence.csv.gz,wfo_morphology_subject_gate_plus_quote_audit_v1,True,wild_or_flora_treatment,codex_gpt5_wfo_morphology_full_census_quote_audit_20260808,2026-08-08T10:37:56.763775Z,accepted_after_full_census_exact_quote_review
Cotoneaster dammeri,floral_structural_complexity,flower_size_class,medium,high,latest_public_web,flora_north_america,https://list.worldfloraonline.org/wfo-0001011673,WFOM-7f2d1245e6bf50c9a053,Cotoneaster dammeri species treatment (flora north america),"Flowers slightly pendent, 10–12 mm diam.;",species_direct,wfo_id_species_rank_accepted_name_exact,provider_treatment:flora_north_america:wfo-0001011673,provider_treatment_wfo_id,wfo-official-bulk-morphology-recovery-20260808,wfo_bulk_morphology_recovery_20260808,wfo_morphology_recovered_evidence.csv.gz,wfo_morphology_subject_gate_plus_quote_audit_v1,True,wild_or_flora_treatment,codex_gpt5_wfo_morphology_full_census_quote_audit_20260808,2026-08-08T10:37:56.763775Z,accepted_after_full_census_exact_quote_review
Cotoneaster pannosus,floral_structural_complexity,flower_size_class,small,high,latest_public_web,flora_north_america,https://list.worldfloraonline.org/wfo-0001004048,WFOM-883d63bfa21d2d23f7b3,Cotoneaster pannosus species treatment (flora north america),Flowers [7–]8.5–10 mm diam.;,species_direct,wfo_id_species_rank_accepted_name_exact,provider_treatment:flora_north_america:wfo-0001004048,provider_treatment_wfo_id,wfo-official-bulk-morphology-recovery-20260808,wfo_bulk_morphology_recovery_20260808,wfo_morphology_recovered_evidence.csv.gz,wfo_morphology_subject_gate_plus_quote_audit_v1,True,wild_or_flora_treatment,codex_gpt5_wfo_morphology_full_census_quote_audit_20260808,2026-08-08T10:37:56.763775Z,accepted_after_full_census_exact_quote_review
Cotoneaster salicifolius,floral_structural_complexity,flower_size_class,small,high,latest_public_web,flora_north_america,https://list.worldfloraonline.org/wfo-0001006234,WFOM-ffa3b62970268d9a8c97,Cotoneaster salicifolius species treatment (flora north america),Flowers (5–)6–9 mm diam.;,species_direct,wfo_id_species_rank_accepted_name_exact,provider_treatment:flora_north_america:wfo-0001006234,provider_treatment_wfo_id,wfo-official-bulk-morphology-recovery-20260808,wfo_bulk_morphology_recovery_20260808,wfo_morphology_recovered_evidence.csv.gz,wfo_morphology_subject_gate_plus_quote_audit_v1,True,wild_or_flora_treatment,codex_gpt5_wfo_morphology_full_census_quote_audit_20260808,2026-08-08T10:37:56.763775Z,accepted_after_full_census_exact_quote_review
Crataegus aprica,floral_structural_complexity,flower_size_class,medium,high,latest_public_web,flora_north_america,https://list.worldfloraonline.org/wfo-0001011402,WFOM-ed9d7ddd57a94a39c957,Crataegus aprica species treatment (flora north america),Flowers 13–15 mm diam.;,species_direct,wfo_id_species_rank_accepted_name_exact,provider_treatment:flora_north_america:wfo-0001011402,provider_treatment_wfo_id,wfo-official-bulk-morphology-recovery-20260808,wfo_bulk_morphology_recovery_20260808,wfo_morphology_recovered_evidence.csv.gz,wfo_morphology_subject_gate_plus_quote_audit_v1,True,wild_or_flora_treatment,codex_gpt5_wfo_morphology_full_census_quote_audit_20260808,2026-08-08T10:37:56.763775Z,accepted_after_full_census_exact_quote_review
Crataegus castlegarensis,floral_structural_complexity,flower_size_class,medium,high,latest_public_web,flora_north_america,https://list.worldfloraonline.org/wfo-0001005520,WFOM-59c6d17b54d162de1ad0,Crataegus castlegarensis species treatment (flora north america),Flowers 12 mm diam.;,species_direct,wfo_id_species_rank_accepted_name_exact,provider_treatment:flora_north_america:wfo-0001005520,provider_treatment_wfo_id,wfo-official-bulk-morphology-recovery-20260808,wfo_bulk_morphology_recovery_20260808,wfo_morphology_recovered_evidence.csv.gz,wfo_morphology_subject_gate_plus_quote_audit_v1,True,wild_or_flora_treatment,codex_gpt5_wfo_morphology_full_census_quote_audit_20260808,2026-08-08T10:37:56.763775Z,accepted_after_full_census_exact_quote_review
Crataegus chrysocarpa,floral_structural_complexity,flower_size_class,medium,high,latest_public_web,flora_north_america,https://list.worldfloraonline.org/wfo-0001010118,WFOM-36daf4b13f131e7521d7,Crataegus chrysocarpa species treatment (flora north america),Flowers 15–20 mm diam.;,species_direct,wfo_id_species_rank_accepted_name_exact,provider_treatment:flora_north_america:wfo-0001010118,provider_treatment_wfo_id,wfo-official-bulk-morphology-recovery-20260808,wfo_bulk_morphology_recovery_20260808,wfo_morphology_recovered_evidence.csv.gz,wfo_morphology_subject_gate_plus_quote_audit_v1,True,wild_or_flora_treatment,codex_gpt5_wfo_morphology_full_census_quote_audit_20260808,2026-08-08T10:37:56.763775Z,accepted_after_full_census_exact_quote_review
Crataegus coccinioides,floral_structural_complexity,flower_size_class,medium,high,latest_public_web,flora_north_america,https://list.worldfloraonline.org/wfo-0001016403,WFOM-1e3cd4442b1d7b873768,Crataegus coccinioides species treatment (flora north america),Flowers 20–25 mm diam.;,species_direct,wfo_id_species_rank_accepted_name_exact,provider_treatment:flora_north_america:wfo-0001016403,provider_treatment_wfo_id,wfo-official-bulk-morphology-recovery-20260808,wfo_bulk_morphology_recovery_20260808,wfo_morphology_recovered_evidence.csv.gz,wfo_morphology_subject_gate_plus_quote_audit_v1,True,wild_or_flora_treatment,codex_gpt5_wfo_morphology_full_census_quote_audit_20260808,2026-08-08T10:37:56.763775Z,accepted_after_full_census_exact_quote_review
Crataegus dodgei,floral_structural_complexity,flower_size_class,medium,high,latest_public_web,flora_north_america,https://list.worldfloraonline.org/wfo-0001010246,WFOM-4c25db57a6d0cc7d08ff,Crataegus dodgei species treatment (flora north america),Flowers 13–18 mm diam.;,species_direct,wfo_id_species_rank_accepted_name_exact,provider_treatment:flora_north_america:wfo-0001010246,provider_treatment_wfo_id,wfo-official-bulk-morphology-recovery-20260808,wfo_bulk_morphology_recovery_20260808,wfo_morphology_recovered_evidence.csv.gz,wfo_morphology_subject_gate_plus_quote_audit_v1,True,wild_or_flora_treatment,codex_gpt5_wfo_morphology_full_census_quote_audit_20260808,2026-08-08T10:37:56.763775Z,accepted_after_full_census_exact_quote_review
Crataegus flabellata,floral_structural_complexity,flower_size_class,medium,high,latest_public_web,flora_north_america,https://list.worldfloraonline.org/wfo-0001009990,WFOM-6615e1640e7c33c0120b,Crataegus flabellata species treatment (flora north america),Flowers 13–17 mm diam.;,species_direct,wfo_id_species_rank_accepted_name_exact,provider_treatment:flora_north_america:wfo-0001009990,provider_treatment_wfo_id,wfo-official-bulk-morphology-recovery-20260808,wfo_bulk_morphology_recovery_20260808,wfo_morphology_recovered_evidence.csv.gz,wfo_morphology_subject_gate_plus_quote_audit_v1,True,wild_or_flora_treatment,codex_gpt5_wfo_morphology_full_census_quote_audit_20260808,2026-08-08T10:37:56.763775Z,accepted_after_full_census_exact_quote_review
Crataegus gaylussacia,floral_structural_complexity,flower_size_class,medium,high,latest_public_web,flora_north_america,https://list.worldfloraonline.org/wfo-0000986827,WFOM-adcfe12f64ffd81d09c3,Crataegus gaylussacia species treatment (flora north america),Flowers 15–17 mm diam.;,species_direct,wfo_id_species_rank_accepted_name_exact,provider_treatment:flora_north_america:wfo-0000986827,provider_treatment_wfo_id,wfo-official-bulk-morphology-recovery-20260808,wfo_bulk_morphology_recovery_20260808,wfo_morphology_recovered_evidence.csv.gz,wfo_morphology_subject_gate_plus_quote_audit_v1,True,wild_or_flora_treatment,codex_gpt5_wfo_morphology_full_census_quote_audit_20260808,2026-08-08T10:37:56.763775Z,accepted_after_full_census_exact_quote_review
Crataegus iracunda,floral_structural_complexity,flower_size_class,medium,high,latest_public_web,flora_north_america,https://list.worldfloraonline.org/wfo-0001010393,WFOM-32be4d961aa5e81ce6e7,Crataegus iracunda species treatment (flora north america),Flowers 12–15 mm diam.;,species_direct,wfo_id_species_rank_accepted_name_exact,provider_treatment:flora_north_america:wfo-0001010393,provider_treatment_wfo_id,wfo-official-bulk-morphology-recovery-20260808,wfo_bulk_morphology_recovery_20260808,wfo_morphology_recovered_evidence.csv.gz,wfo_morphology_subject_gate_plus_quote_audit_v1,True,wild_or_flora_treatment,codex_gpt5_wfo_morphology_full_census_quote_audit_20260808,2026-08-08T10:37:56.763775Z,accepted_after_full_census_exact_quote_review
Crataegus irrasa,floral_structural_complexity,flower_size_class,medium,high,latest_public_web,flora_north_america,https://list.worldfloraonline.org/wfo-0001010403,WFOM-09a7a1a5661973516881,Crataegus irrasa species treatment (flora north america),Flowers 13–15 mm diam.;,species_direct,wfo_id_species_rank_accepted_name_exact,provider_treatment:flora_north_america:wfo-0001010403,provider_treatment_wfo_id,wfo-official-bulk-morphology-recovery-20260808,wfo_bulk_morphology_recovery_20260808,wfo_morphology_recovered_evidence.csv.gz,wfo_morphology_subject_gate_plus_quote_audit_v1,True,wild_or_flora_treatment,codex_gpt5_wfo_morphology_full_census_quote_audit_20260808,2026-08-08T10:37:56.763775Z,accepted_after_full_census_exact_quote_review
Crataegus jonesiae,floral_structural_complexity,flower_size_class,medium,high,latest_public_web,flora_north_america,https://list.worldfloraonline.org/wfo-0001010420,WFOM-2c5ae324aac02e61d555,Crataegus jonesiae species treatment (flora north america),Flowers 18–23 mm diam.;,species_direct,wfo_id_species_rank_accepted_name_exact,provider_treatment:flora_north_america:wfo-0001010420,provider_treatment_wfo_id,wfo-official-bulk-morphology-recovery-20260808,wfo_bulk_morphology_recovery_20260808,wfo_morphology_recovered_evidence.csv.gz,wfo_morphology_subject_gate_plus_quote_audit_v1,True,wild_or_flora_treatment,codex_gpt5_wfo_morphology_full_census_quote_audit_20260808,2026-08-08T10:37:56.763775Z,accepted_after_full_census_exact_quote_review
Crataegus lacrimata,floral_structural_complexity,flower_size_class,medium,high,latest_public_web,flora_north_america,https://list.worldfloraonline.org/wfo-0001004028,WFOM-a3f0ee0e8620e43ec539,Crataegus lacrimata species treatment (flora north america),Flowers 15 mm diam.;,species_direct,wfo_id_species_rank_accepted_name_exact,provider_treatment:flora_north_america:wfo-0001004028,provider_treatment_wfo_id,wfo-official-bulk-morphology-recovery-20260808,wfo_bulk_morphology_recovery_20260808,wfo_morphology_recovered_evidence.csv.gz,wfo_morphology_subject_gate_plus_quote_audit_v1,True,wild_or_flora_treatment,codex_gpt5_wfo_morphology_full_census_quote_audit_20260808,2026-08-08T10:37:56.763775Z,accepted_after_full_census_exact_quote_review
Crataegus mollis,floral_structural_complexity,flower_size_class,medium,high,latest_public_web,flora_north_america,https://list.worldfloraonline.org/wfo-0001010503,WFOM-c887041f67eeb969b164,Crataegus mollis species treatment (flora north america),Flowers 20–25 mm diam.;,species_direct,wfo_id_species_rank_accepted_name_exact,provider_treatment:flora_north_america:wfo-0001010503,provider_treatment_wfo_id,wfo-official-bulk-morphology-recovery-20260808,wfo_bulk_morphology_recovery_20260808,wfo_morphology_recovered_evidence.csv.gz,wfo_morphology_subject_gate_plus_quote_audit_v1,True,wild_or_flora_treatment,codex_gpt5_wfo_morphology_full_census_quote_audit_20260808,2026-08-08T10:37:56.763775Z,accepted_after_full_census_exact_quote_review
Crataegus nitida,floral_structural_complexity,flower_size_class,medium,high,latest_public_web,flora_north_america,https://list.worldfloraonline.org/wfo-0001010515,WFOM-d653b151a1f4e8a90753,Crataegus nitida species treatment (flora north america),Flowers 15–18 mm diam.;,species_direct,wfo_id_species_rank_accepted_name_exact,provider_treatment:flora_north_america:wfo-0001010515,provider_treatment_wfo_id,wfo-official-bulk-morphology-recovery-20260808,wfo_bulk_morphology_recovery_20260808,wfo_morphology_recovered_evidence.csv.gz,wfo_morphology_subject_gate_plus_quote_audit_v1,True,wild_or_flora_treatment,codex_gpt5_wfo_morphology_full_census_quote_audit_20260808,2026-08-08T10:37:56.763775Z,accepted_after_full_census_exact_quote_review
Crataegus okanaganensis,floral_structural_complexity,flower_size_class,medium,high,latest_public_web,flora_north_america,https://list.worldfloraonline.org/wfo-0000987033,WFOM-fc98112e0c1a50744157,Crataegus okanaganensis species treatment (flora north america),"Flowers notably cup-shaped young, 12–15 mm diam.;",species_direct,wfo_id_species_rank_accepted_name_exact,provider_treatment:flora_north_america:wfo-0000987033,provider_treatment_wfo_id,wfo-official-bulk-morphology-recovery-20260808,wfo_bulk_morphology_recovery_20260808,wfo_morphology_recovered_evidence.csv.gz,wfo_morphology_subject_gate_plus_quote_audit_v1,True,wild_or_flora_treatment,codex_gpt5_wfo_morphology_full_census_quote_audit_20260808,2026-08-08T10:37:56.763775Z,accepted_after_full_census_exact_quote_review
Crataegus padifolia,floral_structural_complexity,flower_size_class,medium,high,latest_public_web,flora_north_america,https://list.worldfloraonline.org/wfo-0001011675,WFOM-82f3f7eafbfe4a09672c,Crataegus padifolia species treatment (flora north america),Flowers 15–18 mm diam.;,species_direct,wfo_id_species_rank_accepted_name_exact,provider_treatment:flora_north_america:wfo-0001011675,provider_treatment_wfo_id,wfo-official-bulk-morphology-recovery-20260808,wfo_bulk_morphology_recovery_20260808,wfo_morphology_recovered_evidence.csv.gz,wfo_morphology_subject_gate_plus_quote_audit_v1,True,wild_or_flora_treatment,codex_gpt5_wfo_morphology_full_census_quote_audit_20260808,2026-08-08T10:37:56.763775Z,accepted_after_full_census_exact_quote_review
Crataegus persimilis,floral_structural_complexity,flower_size_class,medium,high,latest_public_web,flora_north_america,https://list.worldfloraonline.org/wfo-0000984309,WFOM-9cc05db24d994dc6d365,Crataegus persimilis species treatment (flora north america),Flowers 12–17 mm diam.;,species_direct,wfo_id_species_rank_accepted_name_exact,provider_treatment:flora_north_america:wfo-0000984309,provider_treatment_wfo_id,wfo-official-bulk-morphology-recovery-20260808,wfo_bulk_morphology_recovery_20260808,wfo_morphology_recovered_evidence.csv.gz,wfo_morphology_subject_gate_plus_quote_audit_v1,True,wild_or_flora_treatment,codex_gpt5_wfo_morphology_full_census_quote_audit_20260808,2026-08-08T10:37:56.763775Z,accepted_after_full_census_exact_quote_review
Crataegus phaenopyrum,floral_structural_complexity,flower_size_class,medium,high,latest_public_web,flora_north_america,https://list.worldfloraonline.org/wfo-0001010531,WFOM-0060c5bb05a5f9bb4067,Crataegus phaenopyrum species treatment (flora north america),Flowers 10–12 mm diam.;,species_direct,wfo_id_species_rank_accepted_name_exact,provider_treatment:flora_north_america:wfo-0001010531,provider_treatment_wfo_id,wfo-official-bulk-morphology-recovery-20260808,wfo_bulk_morphology_recovery_20260808,wfo_morphology_recovered_evidence.csv.gz,wfo_morphology_subject_gate_plus_quote_audit_v1,True,wild_or_flora_treatment,codex_gpt5_wfo_morphology_full_census_quote_audit_20260808,2026-08-08T10:37:56.763775Z,accepted_after_full_census_exact_quote_review
Crataegus pruinosa,floral_structural_complexity,flower_size_class,medium,high,latest_public_web,flora_north_america,https://list.worldfloraonline.org/wfo-0000985859,WFOM-43bb645bacc31a596893,Crataegus pruinosa species treatment (flora north america),Flowers 15–25 mm diam.;,species_direct,wfo_id_species_rank_accepted_name_exact,provider_treatment:flora_north_america:wfo-0000985859,provider_treatment_wfo_id,wfo-official-bulk-morphology-recovery-20260808,wfo_bulk_morphology_recovery_20260808,wfo_morphology_recovered_evidence.csv.gz,wfo_morphology_subject_gate_plus_quote_audit_v1,True,wild_or_flora_treatment,codex_gpt5_wfo_morphology_full_census_quote_audit_20260808,2026-08-08T10:37:56.763775Z,accepted_after_full_census_exact_quote_review
Crataegus rivularis,floral_structural_complexity,flower_size_class,medium,high,latest_public_web,flora_north_america,https://list.worldfloraonline.org/wfo-0001010562,WFOM-345862b2c2b44d4a50b9,Crataegus rivularis species treatment (flora north america),Flowers 14–17 mm diam.;,species_direct,wfo_id_species_rank_accepted_name_exact,provider_treatment:flora_north_america:wfo-0001010562,provider_treatment_wfo_id,wfo-official-bulk-morphology-recovery-20260808,wfo_bulk_morphology_recovery_20260808,wfo_morphology_recovered_evidence.csv.gz,wfo_morphology_subject_gate_plus_quote_audit_v1,True,wild_or_flora_treatment,codex_gpt5_wfo_morphology_full_census_quote_audit_20260808,2026-08-08T10:37:56.763775Z,accepted_after_full_census_exact_quote_review
Crataegus scabrida,floral_structural_complexity,flower_size_class,medium,high,latest_public_web,flora_north_america,https://list.worldfloraonline.org/wfo-0001010578,WFOM-746cb3ccba03620c4c56,Crataegus scabrida species treatment (flora north america),Flowers 15–18 mm diam.;,species_direct,wfo_id_species_rank_accepted_name_exact,provider_treatment:flora_north_america:wfo-0001010578,provider_treatment_wfo_id,wfo-official-bulk-morphology-recovery-20260808,wfo_bulk_morphology_recovery_20260808,wfo_morphology_recovered_evidence.csv.gz,wfo_morphology_subject_gate_plus_quote_audit_v1,True,wild_or_flora_treatment,codex_gpt5_wfo_morphology_full_census_quote_audit_20260808,2026-08-08T10:37:56.763775Z,accepted_after_full_census_exact_quote_review
Crataegus schizophylla,floral_structural_complexity,flower_size_class,medium,high,latest_public_web,flora_north_america,https://list.worldfloraonline.org/wfo-0001011179,WFOM-5803f2c98605986a35b4,Crataegus schizophylla species treatment (flora north america),Flowers 12–15 mm diam.;,species_direct,wfo_id_species_rank_accepted_name_exact,provider_treatment:flora_north_america:wfo-0001011179,provider_treatment_wfo_id,wfo-official-bulk-morphology-recovery-20260808,wfo_bulk_morphology_recovery_20260808,wfo_morphology_recovered_evidence.csv.gz,wfo_morphology_subject_gate_plus_quote_audit_v1,True,wild_or_flora_treatment,codex_gpt5_wfo_morphology_full_census_quote_audit_20260808,2026-08-08T10:37:56.763775Z,accepted_after_full_census_exact_quote_review
Crataegus shuswapensis,floral_structural_complexity,flower_size_class,medium,high,latest_public_web,flora_north_america,https://list.worldfloraonline.org/wfo-0001005521,WFOM-6160b72c42e2a8ce1ee5,Crataegus shuswapensis species treatment (flora north america),Flowers 15 mm diam.;,species_direct,wfo_id_species_rank_accepted_name_exact,provider_treatment:flora_north_america:wfo-0001005521,provider_treatment_wfo_id,wfo-official-bulk-morphology-recovery-20260808,wfo_bulk_morphology_recovery_20260808,wfo_morphology_recovered_evidence.csv.gz,wfo_morphology_subject_gate_plus_quote_audit_v1,True,wild_or_flora_treatment,codex_gpt5_wfo_morphology_full_census_quote_audit_20260808,2026-08-08T10:37:56.763775Z,accepted_after_full_census_exact_quote_review
Crataegus spathulata,floral_structural_complexity,flower_size_class,small,high,latest_public_web,flora_north_america,https://list.worldfloraonline.org/wfo-0001010581,WFOM-2979fd2988ebcd5f5d42,Crataegus spathulata species treatment (flora north america),"Flowers strong-smelling, 10 mm diam.;",species_direct,wfo_id_species_rank_accepted_name_exact,provider_treatment:flora_north_america:wfo-0001010581,provider_treatment_wfo_id,wfo-official-bulk-morphology-recovery-20260808,wfo_bulk_morphology_recovery_20260808,wfo_morphology_recovered_evidence.csv.gz,wfo_morphology_subject_gate_plus_quote_audit_v1,True,wild_or_flora_treatment,codex_gpt5_wfo_morphology_full_census_quote_audit_20260808,2026-08-08T10:37:56.763775Z,accepted_after_full_census_exact_quote_review
Crataegus succulenta,floral_structural_complexity,flower_size_class,medium,high,latest_public_web,flora_north_america,https://list.worldfloraonline.org/wfo-0001017755,WFOM-7fa713f203f1ff25c3f3,Crataegus succulenta species treatment (flora north america),Flowers 12–17 mm diam.;,species_direct,wfo_id_species_rank_accepted_name_exact,provider_treatment:flora_north_america:wfo-0001017755,provider_treatment_wfo_id,wfo-official-bulk-morphology-recovery-20260808,wfo_bulk_morphology_recovery_20260808,wfo_morphology_recovered_evidence.csv.gz,wfo_morphology_subject_gate_plus_quote_audit_v1,True,wild_or_flora_treatment,codex_gpt5_wfo_morphology_full_census_quote_audit_20260808,2026-08-08T10:37:56.763775Z,accepted_after_full_census_exact_quote_review
Crataegus uniflora,floral_structural_complexity,flower_size_class,medium,high,latest_public_web,flora_north_america,https://list.worldfloraonline.org/wfo-0001010634,WFOM-5d606ad0af01773f1692,Crataegus uniflora species treatment (flora north america),Flowers 10–15 mm diam.;,species_direct,wfo_id_species_rank_accepted_name_exact,provider_treatment:flora_north_america:wfo-0001010634,provider_treatment_wfo_id,wfo-official-bulk-morphology-recovery-20260808,wfo_bulk_morphology_recovery_20260808,wfo_morphology_recovered_evidence.csv.gz,wfo_morphology_subject_gate_plus_quote_audit_v1,True,wild_or_flora_treatment,codex_gpt5_wfo_morphology_full_census_quote_audit_20260808,2026-08-08T10:37:56.763775Z,accepted_after_full_census_exact_quote_review
Crataegus williamsii,floral_structural_complexity,flower_size_class,medium,high,latest_public_web,flora_north_america,https://list.worldfloraonline.org/wfo-0001011380,WFOM-0c55af3ac2aabf8b860d,Crataegus williamsii species treatment (flora north america),Flowers 16 mm diam.;,species_direct,wfo_id_species_rank_synonym_name_exact,provider_treatment:flora_north_america:wfo-0001011380,provider_treatment_wfo_id,wfo-official-bulk-morphology-recovery-20260808,wfo_bulk_morphology_recovery_20260808,wfo_morphology_recovered_evidence.csv.gz,wfo_morphology_subject_gate_plus_quote_audit_v1,True,wild_or_flora_treatment,codex_gpt5_wfo_morphology_full_census_quote_audit_20260808,2026-08-08T10:37:56.763775Z,accepted_after_full_census_exact_quote_review
Delosperma litorale,floral_structural_complexity,flower_size_class,medium,high,latest_public_web,flora_north_america,https://list.worldfloraonline.org/wfo-0000639539,WFOM-95b0b2387bbec7f1af88,Delosperma litorale species treatment (flora north america),"Flowers 3–7(–16), 15–22 mm diam.;",species_direct,wfo_id_species_rank_accepted_name_exact,provider_treatment:flora_north_america:wfo-0000639539,provider_treatment_wfo_id,wfo-official-bulk-morphology-recovery-20260808,wfo_bulk_morphology_recovery_20260808,wfo_morphology_recovered_evidence.csv.gz,wfo_morphology_subject_gate_plus_quote_audit_v1,True,wild_or_flora_treatment,codex_gpt5_wfo_morphology_full_census_quote_audit_20260808,2026-08-08T10:37:56.763775Z,accepted_after_full_census_exact_quote_review
Drosera intermedia,floral_structural_complexity,flower_size_class,small,high,latest_public_web,flora_north_america,https://list.worldfloraonline.org/wfo-0000945976,WFOM-30571cf3171d4aeef0fd,Drosera intermedia species treatment (flora north america),Flowers 7–12 mm diam.;,species_direct,wfo_id_species_rank_accepted_name_exact,provider_treatment:flora_north_america:wfo-0000945976,provider_treatment_wfo_id,wfo-official-bulk-morphology-recovery-20260808,wfo_bulk_morphology_recovery_20260808,wfo_morphology_recovered_evidence.csv.gz,wfo_morphology_subject_gate_plus_quote_audit_v1,True,wild_or_flora_treatment,codex_gpt5_wfo_morphology_full_census_quote_audit_20260808,2026-08-08T10:37:56.763775Z,accepted_after_full_census_exact_quote_review
Drosera linearis,floral_structural_complexity,flower_size_class,small,high,latest_public_web,flora_north_america,https://list.worldfloraonline.org/wfo-0000945999,WFOM-bddf0b8541fd9823321b,Drosera linearis species treatment (flora north america),Flowers 6–8 mm diam.;,species_direct,wfo_id_species_rank_accepted_name_exact,provider_treatment:flora_north_america:wfo-0000945999,provider_treatment_wfo_id,wfo-official-bulk-morphology-recovery-20260808,wfo_bulk_morphology_recovery_20260808,wfo_morphology_recovered_evidence.csv.gz,wfo_morphology_subject_gate_plus_quote_audit_v1,True,wild_or_flora_treatment,codex_gpt5_wfo_morphology_full_census_quote_audit_20260808,2026-08-08T10:37:56.763775Z,accepted_after_full_census_exact_quote_review
Dudleya edulis,floral_structural_complexity,flower_size_class,medium,high,latest_public_web,flora_north_america,https://list.worldfloraonline.org/wfo-0000657691,WFOM-66c6ef858a7b73769a5f,Dudleya edulis species treatment (flora north america),corolla 15–20 mm diam.;,species_direct,wfo_id_species_rank_accepted_name_exact,provider_treatment:flora_north_america:wfo-0000657691,provider_treatment_wfo_id,wfo-official-bulk-morphology-recovery-20260808,wfo_bulk_morphology_recovery_20260808,wfo_morphology_recovered_evidence.csv.gz,wfo_morphology_subject_gate_plus_quote_audit_v1,True,wild_or_flora_treatment,codex_gpt5_wfo_morphology_full_census_quote_audit_20260808,2026-08-08T10:37:56.763775Z,accepted_after_full_census_exact_quote_review
Dudleya farinosa,floral_structural_complexity,flower_size_class,medium,high,latest_public_web,flora_north_america,https://list.worldfloraonline.org/wfo-0000657694,WFOM-75885e4b747eacd114b5,Dudleya farinosa species treatment (flora north america),"flowers on topside), simple or bifurcate, (1–4 cm wide);",species_direct,wfo_id_species_rank_accepted_name_exact,provider_treatment:flora_north_america:wfo-0000657694,provider_treatment_wfo_id,wfo-official-bulk-morphology-recovery-20260808,wfo_bulk_morphology_recovery_20260808,wfo_morphology_recovered_evidence.csv.gz,wfo_morphology_subject_gate_plus_quote_audit_v1,False,wild_or_flora_treatment,codex_gpt5_wfo_morphology_full_census_quote_audit_20260808,2026-08-08T10:37:56.763775Z,truncated_inflorescence_branch_measurement
Dudleya virens,floral_structural_complexity,flower_size_class,medium,high,latest_public_web,flora_north_america,https://list.worldfloraonline.org/wfo-0000657762,WFOM-a20394238f18675873b8,Dudleya virens species treatment (flora north america),corolla 14–23 mm diam.;,species_direct,wfo_id_species_rank_accepted_name_exact,provider_treatment:flora_north_america:wfo-0000657762,provider_treatment_wfo_id,wfo-official-bulk-morphology-recovery-20260808,wfo_bulk_morphology_recovery_20260808,wfo_morphology_recovered_evidence.csv.gz,wfo_morphology_subject_gate_plus_quote_audit_v1,True,wild_or_flora_treatment,codex_gpt5_wfo_morphology_full_census_quote_audit_20260808,2026-08-08T10:37:56.763775Z,accepted_after_full_census_exact_quote_review
Echinodorus berteroi,floral_structural_complexity,flower_size_class,small,high,latest_public_web,flora_north_america,https://list.worldfloraonline.org/wfo-0000766369,WFOM-49b636d4443063f14074,Echinodorus berteroi species treatment (flora north america),Flowers 6–11 mm wide;,species_direct,wfo_id_species_rank_accepted_name_exact,provider_treatment:flora_north_america:wfo-0000766369,provider_treatment_wfo_id,wfo-official-bulk-morphology-recovery-20260808,wfo_bulk_morphology_recovery_20260808,wfo_morphology_recovered_evidence.csv.gz,wfo_morphology_subject_gate_plus_quote_audit_v1,True,wild_or_flora_treatment,codex_gpt5_wfo_morphology_full_census_quote_audit_20260808,2026-08-08T10:37:56.763775Z,accepted_after_full_census_exact_quote_review
Eranthis hyemalis,floral_structural_complexity,flower_size_class,large,high,latest_public_web,flora_north_america,https://list.worldfloraonline.org/wfo-0000670674,WFOM-f2f0e882669c1f5403b9,Eranthis hyemalis species treatment (flora north america),"Flowers cup-shaped, 20–45 mm diam.;",species_direct,wfo_id_species_rank_accepted_name_exact,provider_treatment:flora_north_america:wfo-0000670674,provider_treatment_wfo_id,wfo-official-bulk-morphology-recovery-20260808,wfo_bulk_morphology_recovery_20260808,wfo_morphology_recovered_evidence.csv.gz,wfo_morphology_subject_gate_plus_quote_audit_v1,True,wild_or_flora_treatment,codex_gpt5_wfo_morphology_full_census_quote_audit_20260808,2026-08-08T10:37:56.763775Z,accepted_after_full_census_exact_quote_review
Eulophia alta,floral_structural_complexity,flower_size_class,medium,high,latest_public_web,flora_north_america,https://list.worldfloraonline.org/wfo-0000959647,WFOM-cd701d0cff9613ac5831,Eulophia alta species treatment (flora north america),"Flowers many, 1.5–2.5 cm wide;",species_direct,wfo_id_species_rank_accepted_name_exact,provider_treatment:flora_north_america:wfo-0000959647,provider_treatment_wfo_id,wfo-official-bulk-morphology-recovery-20260808,wfo_bulk_morphology_recovery_20260808,wfo_morphology_recovered_evidence.csv.gz,wfo_morphology_subject_gate_plus_quote_audit_v1,True,wild_or_flora_treatment,codex_gpt5_wfo_morphology_full_census_quote_audit_20260808,2026-08-08T10:37:56.763775Z,accepted_after_full_census_exact_quote_review
Fagonia laevis,floral_structural_complexity,flower_size_class,small,high,latest_public_web,flora_north_america,https://list.worldfloraonline.org/wfo-0000685359,WFOM-569def40b10b4810f074,Fagonia laevis species treatment (flora north america),Flowers 1 cm diam.;,species_direct,wfo_id_species_rank_synonym_name_exact,provider_treatment:flora_north_america:wfo-0000685359,provider_treatment_wfo_id,wfo-official-bulk-morphology-recovery-20260808,wfo_bulk_morphology_recovery_20260808,wfo_morphology_recovered_evidence.csv.gz,wfo_morphology_subject_gate_plus_quote_audit_v1,True,wild_or_flora_treatment,codex_gpt5_wfo_morphology_full_census_quote_audit_20260808,2026-08-08T10:37:56.763775Z,accepted_after_full_census_exact_quote_review
Fremontodendron mexicanum,floral_structural_complexity,flower_size_class,large,high,latest_public_web,flora_north_america,https://list.worldfloraonline.org/wfo-0000692269,WFOM-ab45301cbe7a2db08a6c,Fremontodendron mexicanum species treatment (flora north america),Flowers 45–85 mm diam.,species_direct,wfo_id_species_rank_accepted_name_exact,provider_treatment:flora_north_america:wfo-0000692269,provider_treatment_wfo_id,wfo-official-bulk-morphology-recovery-20260808,wfo_bulk_morphology_recovery_20260808,wfo_morphology_recovered_evidence.csv.gz,wfo_morphology_subject_gate_plus_quote_audit_v1,True,wild_or_flora_treatment,codex_gpt5_wfo_morphology_full_census_quote_audit_20260808,2026-08-08T10:37:56.763775Z,accepted_after_full_census_exact_quote_review
Geum fragarioides,floral_structural_complexity,flower_size_class,medium,high,latest_public_web,flora_north_america,https://list.worldfloraonline.org/wfo-0001015679,WFOM-f61527ba90696f13637c,Geum fragarioides species treatment (flora north america),Flowers 14–20 mm diam.;,species_direct,wfo_accepted_usage_from_exact_synonym,provider_treatment:flora_north_america:wfo-0001015679,provider_treatment_wfo_id,wfo-official-bulk-morphology-recovery-20260808,wfo_bulk_morphology_recovery_20260808,wfo_morphology_recovered_evidence.csv.gz,wfo_morphology_subject_gate_plus_quote_audit_v1,True,wild_or_flora_treatment,codex_gpt5_wfo_morphology_full_census_quote_audit_20260808,2026-08-08T10:37:56.763775Z,accepted_after_full_census_exact_quote_review
Holodiscus discolor,floral_structural_complexity,flower_size_class,small,high,latest_public_web,flora_north_america,https://list.worldfloraonline.org/wfo-0001013826,WFOM-d5d11009082717892d0b,Holodiscus discolor species treatment (flora north america),Flowers 2–6 mm diam.;,species_direct,wfo_id_species_rank_accepted_name_exact,provider_treatment:flora_north_america:wfo-0001013826,provider_treatment_wfo_id,wfo-official-bulk-morphology-recovery-20260808,wfo_bulk_morphology_recovery_20260808,wfo_morphology_recovered_evidence.csv.gz,wfo_morphology_subject_gate_plus_quote_audit_v1,True,wild_or_flora_treatment,codex_gpt5_wfo_morphology_full_census_quote_audit_20260808,2026-08-08T10:37:56.763775Z,accepted_after_full_census_exact_quote_review
Hovenia dulcis,floral_structural_complexity,flower_size_class,small,high,latest_public_web,flora_north_america,https://list.worldfloraonline.org/wfo-0000725083,WFOM-f4dbcbf80fa2f3499faf,Hovenia dulcis species treatment (flora north america),Flowers 6–8 mm diam.;,species_direct,wfo_id_species_rank_accepted_name_exact,provider_treatment:flora_north_america:wfo-0000725083,provider_treatment_wfo_id,wfo-official-bulk-morphology-recovery-20260808,wfo_bulk_morphology_recovery_20260808,wfo_morphology_recovered_evidence.csv.gz,wfo_morphology_subject_gate_plus_quote_audit_v1,True,wild_or_flora_treatment,codex_gpt5_wfo_morphology_full_census_quote_audit_20260808,2026-08-08T10:37:56.763775Z,accepted_after_full_census_exact_quote_review
Hypericum adpressum,floral_structural_complexity,flower_size_class,medium,high,latest_public_web,flora_north_america,https://list.worldfloraonline.org/wfo-0000727309,WFOM-be86b2fafe50e04a5666,Hypericum adpressum species treatment (flora north america),Flowers 10–15 mm diam.;,species_direct,wfo_id_species_rank_accepted_name_exact,provider_treatment:flora_north_america:wfo-0000727309,provider_treatment_wfo_id,wfo-official-bulk-morphology-recovery-20260808,wfo_bulk_morphology_recovery_20260808,wfo_morphology_recovered_evidence.csv.gz,wfo_morphology_subject_gate_plus_quote_audit_v1,True,wild_or_flora_treatment,codex_gpt5_wfo_morphology_full_census_quote_audit_20260808,2026-08-08T10:37:56.763775Z,accepted_after_full_census_exact_quote_review
Hypericum brachyphyllum,floral_structural_complexity,flower_size_class,medium,high,latest_public_web,flora_north_america,https://list.worldfloraonline.org/wfo-0001295897,WFOM-2dd80815c6fb9e4bd7fd,Hypericum brachyphyllum species treatment (flora north america),Flowers 10–13 mm diam.;,species_direct,wfo_id_species_rank_accepted_name_exact,provider_treatment:flora_north_america:wfo-0001295897,provider_treatment_wfo_id,wfo-official-bulk-morphology-recovery-20260808,wfo_bulk_morphology_recovery_20260808,wfo_morphology_recovered_evidence.csv.gz,wfo_morphology_subject_gate_plus_quote_audit_v1,True,wild_or_flora_treatment,codex_gpt5_wfo_morphology_full_census_quote_audit_20260808,2026-08-08T10:37:56.763775Z,accepted_after_full_census_exact_quote_review
Hypericum crux-andreae,floral_structural_complexity,flower_size_class,medium,high,latest_public_web,flora_north_america,https://list.worldfloraonline.org/wfo-0000727524,WFOM-16a769dd68345f4e4d24,Hypericum crux-andreae species treatment (flora north america),Flowers 20–30 mm diam.;,species_direct,wfo_id_species_rank_accepted_name_exact,provider_treatment:flora_north_america:wfo-0000727524,provider_treatment_wfo_id,wfo-official-bulk-morphology-recovery-20260808,wfo_bulk_morphology_recovery_20260808,wfo_morphology_recovered_evidence.csv.gz,wfo_morphology_subject_gate_plus_quote_audit_v1,True,wild_or_flora_treatment,codex_gpt5_wfo_morphology_full_census_quote_audit_20260808,2026-08-08T10:37:56.763775Z,accepted_after_full_census_exact_quote_review
Hypericum ellipticum,floral_structural_complexity,flower_size_class,medium,high,latest_public_web,flora_north_america,https://list.worldfloraonline.org/wfo-0001295683,WFOM-092baeb2c65e5d3e02b8,Hypericum ellipticum species treatment (flora north america),Flowers 12–15 mm diam.;,species_direct,wfo_id_species_rank_accepted_name_exact,provider_treatment:flora_north_america:wfo-0001295683,provider_treatment_wfo_id,wfo-official-bulk-morphology-recovery-20260808,wfo_bulk_morphology_recovery_20260808,wfo_morphology_recovered_evidence.csv.gz,wfo_morphology_subject_gate_plus_quote_audit_v1,True,wild_or_flora_treatment,codex_gpt5_wfo_morphology_full_census_quote_audit_20260808,2026-08-08T10:37:56.763775Z,accepted_after_full_census_exact_quote_review
Hypericum frondosum,floral_structural_complexity,flower_size_class,large,high,latest_public_web,flora_north_america,https://list.worldfloraonline.org/wfo-0001295998,WFOM-4caf2db9e17e36781d32,Hypericum frondosum species treatment (flora north america),Flowers 24–45 mm diam.;,species_direct,wfo_id_species_rank_accepted_name_exact,provider_treatment:flora_north_america:wfo-0001295998,provider_treatment_wfo_id,wfo-official-bulk-morphology-recovery-20260808,wfo_bulk_morphology_recovery_20260808,wfo_morphology_recovered_evidence.csv.gz,wfo_morphology_subject_gate_plus_quote_audit_v1,True,wild_or_flora_treatment,codex_gpt5_wfo_morphology_full_census_quote_audit_20260808,2026-08-08T10:37:56.763775Z,accepted_after_full_census_exact_quote_review
Hypericum hypericoides,floral_structural_complexity,flower_size_class,medium,high,latest_public_web,flora_north_america,https://list.worldfloraonline.org/wfo-0000727755,WFOM-ed451c80d65fbb8df90d,Hypericum hypericoides species treatment (flora north america),Flowers 10–20 mm diam.;,species_direct,wfo_id_species_rank_accepted_name_exact,provider_treatment:flora_north_america:wfo-0000727755,provider_treatment_wfo_id,wfo-official-bulk-morphology-recovery-20260808,wfo_bulk_morphology_recovery_20260808,wfo_morphology_recovered_evidence.csv.gz,wfo_morphology_subject_gate_plus_quote_audit_v1,True,wild_or_flora_treatment,codex_gpt5_wfo_morphology_full_census_quote_audit_20260808,2026-08-08T10:37:56.763775Z,accepted_after_full_census_exact_quote_review
Hypericum microsepalum,floral_structural_complexity,flower_size_class,medium,high,latest_public_web,flora_north_america,https://list.worldfloraonline.org/wfo-0001296056,WFOM-c735cf70aee34efc9c00,Hypericum microsepalum species treatment (flora north america),Flowers 15–25 mm diam.;,species_direct,wfo_id_species_rank_accepted_name_exact,provider_treatment:flora_north_america:wfo-0001296056,provider_treatment_wfo_id,wfo-official-bulk-morphology-recovery-20260808,wfo_bulk_morphology_recovery_20260808,wfo_morphology_recovered_evidence.csv.gz,wfo_morphology_subject_gate_plus_quote_audit_v1,True,wild_or_flora_treatment,codex_gpt5_wfo_morphology_full_census_quote_audit_20260808,2026-08-08T10:37:56.763775Z,accepted_after_full_census_exact_quote_review
Kallstroemia californica,floral_structural_complexity,flower_size_class,small,high,latest_public_web,flora_north_america,https://list.worldfloraonline.org/wfo-0001146320,WFOM-5fad7ed560eead304975,Kallstroemia californica species treatment (flora north america),Flowers 8–10 mm diam.;,species_direct,wfo_id_species_rank_accepted_name_exact,provider_treatment:flora_north_america:wfo-0001146320,provider_treatment_wfo_id,wfo-official-bulk-morphology-recovery-20260808,wfo_bulk_morphology_recovery_20260808,wfo_morphology_recovered_evidence.csv.gz,wfo_morphology_subject_gate_plus_quote_audit_v1,True,wild_or_flora_treatment,codex_gpt5_wfo_morphology_full_census_quote_audit_20260808,2026-08-08T10:37:56.763775Z,accepted_after_full_census_exact_quote_review
Kallstroemia grandiflora,floral_structural_complexity,flower_size_class,large,high,latest_public_web,flora_north_america,https://list.worldfloraonline.org/wfo-0001146321,WFOM-0692c7c582ec915c0ac1,Kallstroemia grandiflora species treatment (flora north america),Flowers 20–60 mm diam.;,species_direct,wfo_id_species_rank_accepted_name_exact,provider_treatment:flora_north_america:wfo-0001146321,provider_treatment_wfo_id,wfo-official-bulk-morphology-recovery-20260808,wfo_bulk_morphology_recovery_20260808,wfo_morphology_recovered_evidence.csv.gz,wfo_morphology_subject_gate_plus_quote_audit_v1,True,wild_or_flora_treatment,codex_gpt5_wfo_morphology_full_census_quote_audit_20260808,2026-08-08T10:37:56.763775Z,accepted_after_full_census_exact_quote_review
Kallstroemia maxima,floral_structural_complexity,flower_size_class,medium,high,latest_public_web,flora_north_america,https://list.worldfloraonline.org/wfo-0000507501,WFOM-df1d20b6c6ab2851c106,Kallstroemia maxima species treatment (flora north america),Flowers 7–25 mm diam.;,species_direct,wfo_id_species_rank_accepted_name_exact,provider_treatment:flora_north_america:wfo-0000507501,provider_treatment_wfo_id,wfo-official-bulk-morphology-recovery-20260808,wfo_bulk_morphology_recovery_20260808,wfo_morphology_recovered_evidence.csv.gz,wfo_morphology_subject_gate_plus_quote_audit_v1,True,wild_or_flora_treatment,codex_gpt5_wfo_morphology_full_census_quote_audit_20260808,2026-08-08T10:37:56.763775Z,accepted_after_full_census_exact_quote_review
Kallstroemia parviflora,floral_structural_complexity,flower_size_class,medium,high,latest_public_web,flora_north_america,https://list.worldfloraonline.org/wfo-0001146323,WFOM-31d963cdbb9b76d83b4d,Kallstroemia parviflora species treatment (flora north america),Flowers 10–25 mm diam.;,species_direct,wfo_id_species_rank_accepted_name_exact,provider_treatment:flora_north_america:wfo-0001146323,provider_treatment_wfo_id,wfo-official-bulk-morphology-recovery-20260808,wfo_bulk_morphology_recovery_20260808,wfo_morphology_recovered_evidence.csv.gz,wfo_morphology_subject_gate_plus_quote_audit_v1,True,wild_or_flora_treatment,codex_gpt5_wfo_morphology_full_census_quote_audit_20260808,2026-08-08T10:37:56.763775Z,accepted_after_full_census_exact_quote_review
Lagunaria patersonia,floral_structural_complexity,flower_size_class,large,high,latest_public_web,flora_north_america,https://list.worldfloraonline.org/wfo-0001214976,WFOM-bd84cf77ebddb622b531,Lagunaria patersonia species treatment (flora north america),Flowers 3.5–8 cm diam.;,species_direct,wfo_id_species_rank_accepted_name_exact,provider_treatment:flora_north_america:wfo-0001214976,provider_treatment_wfo_id,wfo-official-bulk-morphology-recovery-20260808,wfo_bulk_morphology_recovery_20260808,wfo_morphology_recovered_evidence.csv.gz,wfo_morphology_subject_gate_plus_quote_audit_v1,True,wild_or_flora_treatment,codex_gpt5_wfo_morphology_full_census_quote_audit_20260808,2026-08-08T10:37:56.763775Z,accepted_after_full_census_exact_quote_review
Malvastrum aurantiacum,floral_structural_complexity,flower_size_class,medium,high,latest_public_web,flora_north_america,https://list.worldfloraonline.org/wfo-0001076662,WFOM-52f1b266408d2151d021,Malvastrum aurantiacum species treatment (flora north america),"corolla wide-spreading, golden yellow to pale orange-yellow, 30 mm diam., petals obovate, conspicuously asymmetrically l",species_direct,wfo_id_species_rank_accepted_name_exact,provider_treatment:flora_north_america:wfo-0001076662,provider_treatment_wfo_id,wfo-official-bulk-morphology-recovery-20260808,wfo_bulk_morphology_recovery_20260808,wfo_morphology_recovered_evidence.csv.gz,wfo_morphology_subject_gate_plus_quote_audit_v1,True,wild_or_flora_treatment,codex_gpt5_wfo_morphology_full_census_quote_audit_20260808,2026-08-08T10:37:56.763775Z,accepted_after_full_census_exact_quote_review
Malvastrum corchorifolium,floral_structural_complexity,flower_size_class,medium,high,latest_public_web,flora_north_america,https://list.worldfloraonline.org/wfo-0000449489,WFOM-e8c1b92aa70d1fdefbbd,Malvastrum corchorifolium species treatment (flora north america),"corolla campanulate to wide-spreading, yellow to pale yellow-orange, 12–17 mm diam., petals obovate, asymmetrically lobe",species_direct,wfo_id_species_rank_accepted_name_exact,provider_treatment:flora_north_america:wfo-0000449489,provider_treatment_wfo_id,wfo-official-bulk-morphology-recovery-20260808,wfo_bulk_morphology_recovery_20260808,wfo_morphology_recovered_evidence.csv.gz,wfo_morphology_subject_gate_plus_quote_audit_v1,True,wild_or_flora_treatment,codex_gpt5_wfo_morphology_full_census_quote_audit_20260808,2026-08-08T10:37:56.763775Z,accepted_after_full_census_exact_quote_review
Mayaca fluviatilis,floral_structural_complexity,flower_size_class,small,high,latest_public_web,flora_north_america,https://list.worldfloraonline.org/wfo-0000470803,WFOM-9e9632fa1a3ac92cb245,Mayaca fluviatilis species treatment (flora north america),Flowers to 1 cm wide;,species_direct,wfo_id_species_rank_accepted_name_exact,provider_treatment:flora_north_america:wfo-0000470803,provider_treatment_wfo_id,wfo-official-bulk-morphology-recovery-20260808,wfo_bulk_morphology_recovery_20260808,wfo_morphology_recovered_evidence.csv.gz,wfo_morphology_subject_gate_plus_quote_audit_v1,True,wild_or_flora_treatment,codex_gpt5_wfo_morphology_full_census_quote_audit_20260808,2026-08-08T10:37:56.763775Z,accepted_after_full_census_exact_quote_review
Murdannia keisak,floral_structural_complexity,flower_size_class,small,high,latest_public_web,flora_north_america,https://list.worldfloraonline.org/wfo-0000473562,WFOM-327b70721df84d28039c,Murdannia keisak species treatment (flora north america),"Flowers bisexual, radially symmetric, 1 cm wide;",species_direct,wfo_id_species_rank_accepted_name_exact,provider_treatment:flora_north_america:wfo-0000473562,provider_treatment_wfo_id,wfo-official-bulk-morphology-recovery-20260808,wfo_bulk_morphology_recovery_20260808,wfo_morphology_recovered_evidence.csv.gz,wfo_morphology_subject_gate_plus_quote_audit_v1,True,wild_or_flora_treatment,codex_gpt5_wfo_morphology_full_census_quote_audit_20260808,2026-08-08T10:37:56.763775Z,accepted_after_full_census_exact_quote_review
Nuphar microphylla,floral_structural_complexity,flower_size_class,medium,high,latest_public_web,flora_north_america,https://list.worldfloraonline.org/wfo-0001086843,WFOM-cf0a297e48b5e1b88ad5,Nuphar microphylla species treatment (flora north america),Flowers 1-2 cm diam.;,species_direct,wfo_id_species_rank_accepted_name_exact,provider_treatment:flora_north_america:wfo-0001086843,provider_treatment_wfo_id,wfo-official-bulk-morphology-recovery-20260808,wfo_bulk_morphology_recovery_20260808,wfo_morphology_recovered_evidence.csv.gz,wfo_morphology_subject_gate_plus_quote_audit_v1,True,wild_or_flora_treatment,codex_gpt5_wfo_morphology_full_census_quote_audit_20260808,2026-08-08T10:37:56.763775Z,accepted_after_full_census_exact_quote_review
Nuphar polysepala,floral_structural_complexity,flower_size_class,large,high,latest_public_web,flora_north_america,https://list.worldfloraonline.org/wfo-0001086864,WFOM-2cd3745ec717ce5c7cbb,Nuphar polysepala species treatment (flora north america),Flowers 5-10 cm diam.;,species_direct,wfo_id_species_rank_accepted_name_exact,provider_treatment:flora_north_america:wfo-0001086864,provider_treatment_wfo_id,wfo-official-bulk-morphology-recovery-20260808,wfo_bulk_morphology_recovery_20260808,wfo_morphology_recovered_evidence.csv.gz,wfo_morphology_subject_gate_plus_quote_audit_v1,True,wild_or_flora_treatment,codex_gpt5_wfo_morphology_full_census_quote_audit_20260808,2026-08-08T10:37:56.763775Z,accepted_after_full_census_exact_quote_review
Nuphar variegata,floral_structural_complexity,flower_size_class,large,high,latest_public_web,flora_north_america,https://list.worldfloraonline.org/wfo-0001086877,WFOM-0fff3848eb1c848ac568,Nuphar variegata species treatment (flora north america),Flowers 2.5-5 cm diam.;,species_direct,wfo_id_species_rank_accepted_name_exact,provider_treatment:flora_north_america:wfo-0001086877,provider_treatment_wfo_id,wfo-official-bulk-morphology-recovery-20260808,wfo_bulk_morphology_recovery_20260808,wfo_morphology_recovered_evidence.csv.gz,wfo_morphology_subject_gate_plus_quote_audit_v1,True,wild_or_flora_treatment,codex_gpt5_wfo_morphology_full_census_quote_audit_20260808,2026-08-08T10:37:56.763775Z,accepted_after_full_census_exact_quote_review
Papaver alboroseum,floral_structural_complexity,flower_size_class,medium,high,latest_public_web,flora_north_america,https://list.worldfloraonline.org/wfo-0000480450,WFOM-45c3fce7712cd29c1966,Papaver alboroseum species treatment (flora north america),Flowers to 2.5 cm diam.;,species_direct,wfo_id_species_rank_synonym_name_exact,provider_treatment:flora_north_america:wfo-0000480450,provider_treatment_wfo_id,wfo-official-bulk-morphology-recovery-20260808,wfo_bulk_morphology_recovery_20260808,wfo_morphology_recovered_evidence.csv.gz,wfo_morphology_subject_gate_plus_quote_audit_v1,True,wild_or_flora_treatment,codex_gpt5_wfo_morphology_full_census_quote_audit_20260808,2026-08-08T10:37:56.763775Z,accepted_after_full_census_exact_quote_review
Papaver gorodkovii,floral_structural_complexity,flower_size_class,large,high,latest_public_web,flora_north_america,https://list.worldfloraonline.org/wfo-0001090282,WFOM-184863c330020b40e4f9,Papaver gorodkovii species treatment (flora north america),Flowers to 3.5 cm diam.;,species_direct,wfo_id_species_rank_synonym_name_exact,provider_treatment:flora_north_america:wfo-0001090282,provider_treatment_wfo_id,wfo-official-bulk-morphology-recovery-20260808,wfo_bulk_morphology_recovery_20260808,wfo_morphology_recovered_evidence.csv.gz,wfo_morphology_subject_gate_plus_quote_audit_v1,True,wild_or_flora_treatment,codex_gpt5_wfo_morphology_full_census_quote_audit_20260808,2026-08-08T10:37:56.763775Z,accepted_after_full_census_exact_quote_review
Papaver lapponicum,floral_structural_complexity,flower_size_class,large,high,latest_public_web,flora_north_america,https://list.worldfloraonline.org/wfo-0000480387,WFOM-cc62d3521b8f1790d294,Papaver lapponicum species treatment (flora north america),Flowers to 3.5 cm diam.;,species_direct,wfo_id_species_rank_synonym_name_exact,provider_treatment:flora_north_america:wfo-0000480387,provider_treatment_wfo_id,wfo-official-bulk-morphology-recovery-20260808,wfo_bulk_morphology_recovery_20260808,wfo_morphology_recovered_evidence.csv.gz,wfo_morphology_subject_gate_plus_quote_audit_v1,True,wild_or_flora_treatment,codex_gpt5_wfo_morphology_full_census_quote_audit_20260808,2026-08-08T10:37:56.763775Z,accepted_after_full_census_exact_quote_review
Papaver mcconnellii,floral_structural_complexity,flower_size_class,large,high,latest_public_web,flora_north_america,https://list.worldfloraonline.org/wfo-0001090320,WFOM-8ac2424bd065e3df2288,Papaver mcconnellii species treatment (flora north america),Flowers to 6 cm diam.;,species_direct,wfo_id_species_rank_synonym_name_exact,provider_treatment:flora_north_america:wfo-0001090320,provider_treatment_wfo_id,wfo-official-bulk-morphology-recovery-20260808,wfo_bulk_morphology_recovery_20260808,wfo_morphology_recovered_evidence.csv.gz,wfo_morphology_subject_gate_plus_quote_audit_v1,True,wild_or_flora_treatment,codex_gpt5_wfo_morphology_full_census_quote_audit_20260808,2026-08-08T10:37:56.763775Z,accepted_after_full_census_exact_quote_review
Papaver radicatum,floral_structural_complexity,flower_size_class,large,high,latest_public_web,flora_north_america,https://list.worldfloraonline.org/wfo-0000481007,WFOM-a71da805f4a5a13cc03f,Papaver radicatum species treatment (flora north america),Flowers to 6.5 cm diam.;,species_direct,wfo_id_species_rank_synonym_name_exact,provider_treatment:flora_north_america:wfo-0000481007,provider_treatment_wfo_id,wfo-official-bulk-morphology-recovery-20260808,wfo_bulk_morphology_recovery_20260808,wfo_morphology_recovered_evidence.csv.gz,wfo_morphology_subject_gate_plus_quote_audit_v1,True,wild_or_flora_treatment,codex_gpt5_wfo_morphology_full_census_quote_audit_20260808,2026-08-08T10:37:56.763775Z,accepted_after_full_census_exact_quote_review
Papaver walpolei,floral_structural_complexity,flower_size_class,medium,high,latest_public_web,flora_north_america,https://list.worldfloraonline.org/wfo-0001090274,WFOM-1e1cecc34ef0a0c0f4ac,Papaver walpolei species treatment (flora north america),Flowers to 3 cm diam.;,species_direct,wfo_id_species_rank_synonym_name_exact,provider_treatment:flora_north_america:wfo-0001090274,provider_treatment_wfo_id,wfo-official-bulk-morphology-recovery-20260808,wfo_bulk_morphology_recovery_20260808,wfo_morphology_recovered_evidence.csv.gz,wfo_morphology_subject_gate_plus_quote_audit_v1,True,wild_or_flora_treatment,codex_gpt5_wfo_morphology_full_census_quote_audit_20260808,2026-08-08T10:37:56.763775Z,accepted_after_full_census_exact_quote_review
Physocarpus capitatus,floral_structural_complexity,flower_size_class,small,high,latest_public_web,flora_north_america,https://list.worldfloraonline.org/wfo-0001013796,WFOM-42ffd69fd795b88ea968,Physocarpus capitatus species treatment (flora north america),Flowers 5–8 mm diam.;,species_direct,wfo_id_species_rank_accepted_name_exact,provider_treatment:flora_north_america:wfo-0001013796,provider_treatment_wfo_id,wfo-official-bulk-morphology-recovery-20260808,wfo_bulk_morphology_recovery_20260808,wfo_morphology_recovered_evidence.csv.gz,wfo_morphology_subject_gate_plus_quote_audit_v1,True,wild_or_flora_treatment,codex_gpt5_wfo_morphology_full_census_quote_audit_20260808,2026-08-08T10:37:56.763775Z,accepted_after_full_census_exact_quote_review
Physocarpus opulifolius,floral_structural_complexity,flower_size_class,small,high,latest_public_web,flora_north_america,https://list.worldfloraonline.org/wfo-0001017550,WFOM-dd1009e2eacc40a01443,Physocarpus opulifolius species treatment (flora north america),Flowers 7–10 mm diam.;,species_direct,wfo_id_species_rank_accepted_name_exact,provider_treatment:flora_north_america:wfo-0001017550,provider_treatment_wfo_id,wfo-official-bulk-morphology-recovery-20260808,wfo_bulk_morphology_recovery_20260808,wfo_morphology_recovered_evidence.csv.gz,wfo_morphology_subject_gate_plus_quote_audit_v1,True,wild_or_flora_treatment,codex_gpt5_wfo_morphology_full_census_quote_audit_20260808,2026-08-08T10:37:56.763775Z,accepted_after_full_census_exact_quote_review
Portulaca amilis,floral_structural_complexity,flower_size_class,medium,high,latest_public_web,flora_north_america,https://list.worldfloraonline.org/wfo-0001105154,WFOM-32de53916a9fc4c74654,Portulaca amilis species treatment (flora north america),Flowers 5–20 mm diam.;,species_direct,wfo_id_species_rank_accepted_name_exact,provider_treatment:flora_north_america:wfo-0001105154,provider_treatment_wfo_id,wfo-official-bulk-morphology-recovery-20260808,wfo_bulk_morphology_recovery_20260808,wfo_morphology_recovered_evidence.csv.gz,wfo_morphology_subject_gate_plus_quote_audit_v1,True,wild_or_flora_treatment,codex_gpt5_wfo_morphology_full_census_quote_audit_20260808,2026-08-08T10:37:56.763775Z,accepted_after_full_census_exact_quote_review
Portulaca biloba,floral_structural_complexity,flower_size_class,medium,high,latest_public_web,flora_north_america,https://list.worldfloraonline.org/wfo-0001105165,WFOM-a85ba715485e0331cbdd,Portulaca biloba species treatment (flora north america),Flowers 20–25 mm diam.;,species_direct,wfo_id_species_rank_accepted_name_exact,provider_treatment:flora_north_america:wfo-0001105165,provider_treatment_wfo_id,wfo-official-bulk-morphology-recovery-20260808,wfo_bulk_morphology_recovery_20260808,wfo_morphology_recovered_evidence.csv.gz,wfo_morphology_subject_gate_plus_quote_audit_v1,True,wild_or_flora_treatment,codex_gpt5_wfo_morphology_full_census_quote_audit_20260808,2026-08-08T10:37:56.763775Z,accepted_after_full_census_exact_quote_review
Portulaca grandiflora,floral_structural_complexity,flower_size_class,large,high,latest_public_web,flora_north_america,https://list.worldfloraonline.org/wfo-0000489276,WFOM-6403dd62ad99e0f635c4,Portulaca grandiflora species treatment (flora north america),Flowers 25–55 mm diam.;,species_direct,wfo_id_species_rank_accepted_name_exact,provider_treatment:flora_north_america:wfo-0000489276,provider_treatment_wfo_id,wfo-official-bulk-morphology-recovery-20260808,wfo_bulk_morphology_recovery_20260808,wfo_morphology_recovered_evidence.csv.gz,wfo_morphology_subject_gate_plus_quote_audit_v1,True,wild_or_flora_treatment,codex_gpt5_wfo_morphology_full_census_quote_audit_20260808,2026-08-08T10:37:56.763775Z,accepted_after_full_census_exact_quote_review
Pyracantha angustifolia,floral_structural_complexity,flower_size_class,small,high,latest_public_web,flora_north_america,https://list.worldfloraonline.org/wfo-0001014297,WFOM-c98477011f67d913f2cd,Pyracantha angustifolia species treatment (flora north america),Flowers 3–8 mm diam.;,species_direct,wfo_id_species_rank_accepted_name_exact,provider_treatment:flora_north_america:wfo-0001014297,provider_treatment_wfo_id,wfo-official-bulk-morphology-recovery-20260808,wfo_bulk_morphology_recovery_20260808,wfo_morphology_recovered_evidence.csv.gz,wfo_morphology_subject_gate_plus_quote_audit_v1,True,wild_or_flora_treatment,codex_gpt5_wfo_morphology_full_census_quote_audit_20260808,2026-08-08T10:37:56.763775Z,accepted_after_full_census_exact_quote_review
Pyracantha atalantioides,floral_structural_complexity,flower_size_class,small,high,latest_public_web,flora_north_america,https://list.worldfloraonline.org/wfo-0001016140,WFOM-6da795727a4c4af80582,Pyracantha atalantioides species treatment (flora north america),Flowers 8–10 mm diam.;,species_direct,wfo_id_species_rank_synonym_name_exact,provider_treatment:flora_north_america:wfo-0001016140,provider_treatment_wfo_id,wfo-official-bulk-morphology-recovery-20260808,wfo_bulk_morphology_recovery_20260808,wfo_morphology_recovered_evidence.csv.gz,wfo_morphology_subject_gate_plus_quote_audit_v1,True,wild_or_flora_treatment,codex_gpt5_wfo_morphology_full_census_quote_audit_20260808,2026-08-08T10:37:56.763775Z,accepted_after_full_census_exact_quote_review
Pyracantha coccinea,floral_structural_complexity,flower_size_class,small,high,latest_public_web,flora_north_america,https://list.worldfloraonline.org/wfo-0001008214,WFOM-671615b2fd0c9952e505,Pyracantha coccinea species treatment (flora north america),Flowers 6–8 mm diam.;,species_direct,wfo_id_species_rank_accepted_name_exact,provider_treatment:flora_north_america:wfo-0001008214,provider_treatment_wfo_id,wfo-official-bulk-morphology-recovery-20260808,wfo_bulk_morphology_recovery_20260808,wfo_morphology_recovered_evidence.csv.gz,wfo_morphology_subject_gate_plus_quote_audit_v1,True,wild_or_flora_treatment,codex_gpt5_wfo_morphology_full_census_quote_audit_20260808,2026-08-08T10:37:56.763775Z,accepted_after_full_census_exact_quote_review
Pyracantha fortuneana,floral_structural_complexity,flower_size_class,small,high,latest_public_web,flora_north_america,https://list.worldfloraonline.org/wfo-0001014299,WFOM-4d372300ab92241334af,Pyracantha fortuneana species treatment (flora north america),Flowers 4–12 mm diam.;,species_direct,wfo_id_species_rank_synonym_name_exact,provider_treatment:flora_north_america:wfo-0001014299,provider_treatment_wfo_id,wfo-official-bulk-morphology-recovery-20260808,wfo_bulk_morphology_recovery_20260808,wfo_morphology_recovered_evidence.csv.gz,wfo_morphology_subject_gate_plus_quote_audit_v1,True,wild_or_flora_treatment,codex_gpt5_wfo_morphology_full_census_quote_audit_20260808,2026-08-08T10:37:56.763775Z,accepted_after_full_census_exact_quote_review
Pyracantha koidzumii,floral_structural_complexity,flower_size_class,small,high,latest_public_web,flora_north_america,https://list.worldfloraonline.org/wfo-0001014300,WFOM-3beff1c4b069be65636a,Pyracantha koidzumii species treatment (flora north america),Flowers 8–10 mm diam.;,species_direct,wfo_id_species_rank_accepted_name_exact,provider_treatment:flora_north_america:wfo-0001014300,provider_treatment_wfo_id,wfo-official-bulk-morphology-recovery-20260808,wfo_bulk_morphology_recovery_20260808,wfo_morphology_recovered_evidence.csv.gz,wfo_morphology_subject_gate_plus_quote_audit_v1,True,wild_or_flora_treatment,codex_gpt5_wfo_morphology_full_census_quote_audit_20260808,2026-08-08T10:37:56.763775Z,accepted_after_full_census_exact_quote_review
Rosa lucieae,floral_structural_complexity,flower_size_class,medium,high,latest_public_web,flora_north_america,https://list.worldfloraonline.org/wfo-0001131999,WFOM-2d847d4ec02dc0930271,Rosa lucieae species treatment (flora north america),"Flowers scent of apple or clover, 2–2.5 cm diam.;",species_direct,wfo_id_species_rank_accepted_name_exact,provider_treatment:flora_north_america:wfo-0001131999,provider_treatment_wfo_id,wfo-official-bulk-morphology-recovery-20260808,wfo_bulk_morphology_recovery_20260808,wfo_morphology_recovered_evidence.csv.gz,wfo_morphology_subject_gate_plus_quote_audit_v1,True,wild_or_flora_treatment,codex_gpt5_wfo_morphology_full_census_quote_audit_20260808,2026-08-08T10:37:56.763775Z,accepted_after_full_census_exact_quote_review
Rosa multiflora,floral_structural_complexity,flower_size_class,medium,high,latest_public_web,flora_north_america,https://list.worldfloraonline.org/wfo-0001001254,WFOM-4a9c7b50f9e27ddf0e30,Rosa multiflora species treatment (flora north america),"Flowers sweet-scented, 1.5–2.5 cm diam.;",species_direct,wfo_id_species_rank_accepted_name_exact,provider_treatment:flora_north_america:wfo-0001001254,provider_treatment_wfo_id,wfo-official-bulk-morphology-recovery-20260808,wfo_bulk_morphology_recovery_20260808,wfo_morphology_recovered_evidence.csv.gz,wfo_morphology_subject_gate_plus_quote_audit_v1,True,wild_or_flora_treatment,codex_gpt5_wfo_morphology_full_census_quote_audit_20260808,2026-08-08T10:37:56.763775Z,accepted_after_full_census_exact_quote_review
Rosa setigera,floral_structural_complexity,flower_size_class,large,high,latest_public_web,flora_north_america,https://list.worldfloraonline.org/wfo-0001017675,WFOM-5615b655302c7e5173c3,Rosa setigera species treatment (flora north america),"Flowers functionally unisexual or monoecious, plants dioecious, 3–5 cm diam.;",species_direct,wfo_id_species_rank_accepted_name_exact,provider_treatment:flora_north_america:wfo-0001017675,provider_treatment_wfo_id,wfo-official-bulk-morphology-recovery-20260808,wfo_bulk_morphology_recovery_20260808,wfo_morphology_recovered_evidence.csv.gz,wfo_morphology_subject_gate_plus_quote_audit_v1,True,wild_or_flora_treatment,codex_gpt5_wfo_morphology_full_census_quote_audit_20260808,2026-08-08T10:37:56.763775Z,accepted_after_full_census_exact_quote_review
Sagittaria brevirostra,floral_structural_complexity,flower_size_class,large,high,latest_public_web,flora_north_america,https://list.worldfloraonline.org/wfo-0000736734,WFOM-604a5b0174d511b8a4a8,Sagittaria brevirostra species treatment (flora north america),Flowers to 3.5 cm diam.;,species_direct,wfo_id_species_rank_accepted_name_exact,provider_treatment:flora_north_america:wfo-0000736734,provider_treatment_wfo_id,wfo-official-bulk-morphology-recovery-20260808,wfo_bulk_morphology_recovery_20260808,wfo_morphology_recovered_evidence.csv.gz,wfo_morphology_subject_gate_plus_quote_audit_v1,True,wild_or_flora_treatment,codex_gpt5_wfo_morphology_full_census_quote_audit_20260808,2026-08-08T10:37:56.763775Z,accepted_after_full_census_exact_quote_review
Sagittaria cuneata,floral_structural_complexity,flower_size_class,medium,high,latest_public_web,flora_north_america,https://list.worldfloraonline.org/wfo-0000736504,WFOM-216f5bf18a0fcbc8b365,Sagittaria cuneata species treatment (flora north america),Flowers to 25 mm diam.;,species_direct,wfo_id_species_rank_accepted_name_exact,provider_treatment:flora_north_america:wfo-0000736504,provider_treatment_wfo_id,wfo-official-bulk-morphology-recovery-20260808,wfo_bulk_morphology_recovery_20260808,wfo_morphology_recovered_evidence.csv.gz,wfo_morphology_subject_gate_plus_quote_audit_v1,True,wild_or_flora_treatment,codex_gpt5_wfo_morphology_full_census_quote_audit_20260808,2026-08-08T10:37:56.763775Z,accepted_after_full_census_exact_quote_review
Sagittaria graminea,floral_structural_complexity,flower_size_class,medium,high,latest_public_web,flora_north_america,https://list.worldfloraonline.org/wfo-0000736963,WFOM-cdd55a2b4e3d792b66bd,Sagittaria graminea species treatment (flora north america),Flowers to 2.3 cm diam.;,species_direct,wfo_id_species_rank_accepted_name_exact,provider_treatment:flora_north_america:wfo-0000736963,provider_treatment_wfo_id,wfo-official-bulk-morphology-recovery-20260808,wfo_bulk_morphology_recovery_20260808,wfo_morphology_recovered_evidence.csv.gz,wfo_morphology_subject_gate_plus_quote_audit_v1,True,wild_or_flora_treatment,codex_gpt5_wfo_morphology_full_census_quote_audit_20260808,2026-08-08T10:37:56.763775Z,accepted_after_full_census_exact_quote_review
Sagittaria isoetiformis,floral_structural_complexity,flower_size_class,medium,high,latest_public_web,flora_north_america,https://list.worldfloraonline.org/wfo-0000736783,WFOM-77d51e6062834226abea,Sagittaria isoetiformis species treatment (flora north america),Flowers to 1.3 cm diam.;,species_direct,wfo_id_species_rank_accepted_name_exact,provider_treatment:flora_north_america:wfo-0000736783,provider_treatment_wfo_id,wfo-official-bulk-morphology-recovery-20260808,wfo_bulk_morphology_recovery_20260808,wfo_morphology_recovered_evidence.csv.gz,wfo_morphology_subject_gate_plus_quote_audit_v1,True,wild_or_flora_treatment,codex_gpt5_wfo_morphology_full_census_quote_audit_20260808,2026-08-08T10:37:56.763775Z,accepted_after_full_census_exact_quote_review
Sagittaria longiloba,floral_structural_complexity,flower_size_class,medium,high,latest_public_web,flora_north_america,https://list.worldfloraonline.org/wfo-0000736850,WFOM-52f770b2b8cede672992,Sagittaria longiloba species treatment (flora north america),Flowers to 3 cm diam.;,species_direct,wfo_id_species_rank_accepted_name_exact,provider_treatment:flora_north_america:wfo-0000736850,provider_treatment_wfo_id,wfo-official-bulk-morphology-recovery-20260808,wfo_bulk_morphology_recovery_20260808,wfo_morphology_recovered_evidence.csv.gz,wfo_morphology_subject_gate_plus_quote_audit_v1,True,wild_or_flora_treatment,codex_gpt5_wfo_morphology_full_census_quote_audit_20260808,2026-08-08T10:37:56.763775Z,accepted_after_full_census_exact_quote_review
Sagittaria montevidensis,floral_structural_complexity,flower_size_class,large,high,latest_public_web,flora_north_america,https://list.worldfloraonline.org/wfo-0000738022,WFOM-dd98c6fe0228d2279179,Sagittaria montevidensis species treatment (flora north america),Flowers 2–5 cm diam.;,species_direct,wfo_id_species_rank_accepted_name_exact,provider_treatment:flora_north_america:wfo-0000738022,provider_treatment_wfo_id,wfo-official-bulk-morphology-recovery-20260808,wfo_bulk_morphology_recovery_20260808,wfo_morphology_recovered_evidence.csv.gz,wfo_morphology_subject_gate_plus_quote_audit_v1,True,wild_or_flora_treatment,codex_gpt5_wfo_morphology_full_census_quote_audit_20260808,2026-08-08T10:37:56.763775Z,accepted_after_full_census_exact_quote_review
Sagittaria platyphylla,floral_structural_complexity,flower_size_class,medium,high,latest_public_web,flora_north_america,https://list.worldfloraonline.org/wfo-0000737956,WFOM-013efc7d5faade232d92,Sagittaria platyphylla species treatment (flora north america),Flowers to 1.8 cm diam.;,species_direct,wfo_id_species_rank_accepted_name_exact,provider_treatment:flora_north_america:wfo-0000737956,provider_treatment_wfo_id,wfo-official-bulk-morphology-recovery-20260808,wfo_bulk_morphology_recovery_20260808,wfo_morphology_recovered_evidence.csv.gz,wfo_morphology_subject_gate_plus_quote_audit_v1,True,wild_or_flora_treatment,codex_gpt5_wfo_morphology_full_census_quote_audit_20260808,2026-08-08T10:37:56.763775Z,accepted_after_full_census_exact_quote_review
Sagittaria rigida,floral_structural_complexity,flower_size_class,medium,high,latest_public_web,flora_north_america,https://list.worldfloraonline.org/wfo-0000738138,WFOM-55c585fec586ff007841,Sagittaria rigida species treatment (flora north america),Flowers to 3 cm diam.;,species_direct,wfo_id_species_rank_accepted_name_exact,provider_treatment:flora_north_america:wfo-0000738138,provider_treatment_wfo_id,wfo-official-bulk-morphology-recovery-20260808,wfo_bulk_morphology_recovery_20260808,wfo_morphology_recovered_evidence.csv.gz,wfo_morphology_subject_gate_plus_quote_audit_v1,True,wild_or_flora_treatment,codex_gpt5_wfo_morphology_full_census_quote_audit_20260808,2026-08-08T10:37:56.763775Z,accepted_after_full_census_exact_quote_review
Sagittaria subulata,floral_structural_complexity,flower_size_class,small,high,latest_public_web,flora_north_america,https://list.worldfloraonline.org/wfo-0000738119,WFOM-2a13ac19ed30ccf8ef93,Sagittaria subulata species treatment (flora north america),Flowers 0.4–1.2 cm diam.;,species_direct,wfo_id_species_rank_accepted_name_exact,provider_treatment:flora_north_america:wfo-0000738119,provider_treatment_wfo_id,wfo-official-bulk-morphology-recovery-20260808,wfo_bulk_morphology_recovery_20260808,wfo_morphology_recovered_evidence.csv.gz,wfo_morphology_subject_gate_plus_quote_audit_v1,True,wild_or_flora_treatment,codex_gpt5_wfo_morphology_full_census_quote_audit_20260808,2026-08-08T10:37:56.763775Z,accepted_after_full_census_exact_quote_review
Sagittaria teres,floral_structural_complexity,flower_size_class,medium,high,latest_public_web,flora_north_america,https://list.worldfloraonline.org/wfo-0000738050,WFOM-e146c2bdd58b566445cc,Sagittaria teres species treatment (flora north america),Flowers to 1.5 cm diam.;,species_direct,wfo_id_species_rank_accepted_name_exact,provider_treatment:flora_north_america:wfo-0000738050,provider_treatment_wfo_id,wfo-official-bulk-morphology-recovery-20260808,wfo_bulk_morphology_recovery_20260808,wfo_morphology_recovered_evidence.csv.gz,wfo_morphology_subject_gate_plus_quote_audit_v1,True,wild_or_flora_treatment,codex_gpt5_wfo_morphology_full_census_quote_audit_20260808,2026-08-08T10:37:56.763775Z,accepted_after_full_census_exact_quote_review
Silene chalcedonica,floral_structural_complexity,flower_size_class,medium,high,latest_public_web,flora_north_america,https://list.worldfloraonline.org/wfo-0000438581,WFOM-ccd3a3c47886fc5e5d09,Silene chalcedonica species treatment (flora north america),"Flowers sessile to subsessile, 10–16 mm diam.;",species_direct,wfo_id_species_rank_accepted_name_exact,provider_treatment:flora_north_america:wfo-0000438581,provider_treatment_wfo_id,wfo-official-bulk-morphology-recovery-20260808,wfo_bulk_morphology_recovery_20260808,wfo_morphology_recovered_evidence.csv.gz,wfo_morphology_subject_gate_plus_quote_audit_v1,True,wild_or_flora_treatment,codex_gpt5_wfo_morphology_full_census_quote_audit_20260808,2026-08-08T10:37:56.763775Z,accepted_after_full_census_exact_quote_review
Silene latifolia,floral_structural_complexity,flower_size_class,medium,high,latest_public_web,flora_north_america,https://list.worldfloraonline.org/wfo-0000440842,WFOM-d2a34ae9728499b2be0d,Silene latifolia species treatment (flora north america),"Flowers unisexual, some plants having only staminate flowers, others having only pistillate flowers, fragrant, 25–35 mm",species_direct,wfo_id_species_rank_accepted_name_exact,provider_treatment:flora_north_america:wfo-0000440842,provider_treatment_wfo_id,wfo-official-bulk-morphology-recovery-20260808,wfo_bulk_morphology_recovery_20260808,wfo_morphology_recovered_evidence.csv.gz,wfo_morphology_subject_gate_plus_quote_audit_v1,True,wild_or_flora_treatment,codex_gpt5_wfo_morphology_full_census_quote_audit_20260808,2026-08-08T10:37:56.763775Z,accepted_after_full_census_exact_quote_review
Sorbaria kirilowii,floral_structural_complexity,flower_size_class,small,high,latest_public_web,flora_north_america,https://list.worldfloraonline.org/wfo-0000984624,WFOM-8815185c3310fdacdc13,Sorbaria kirilowii species treatment (flora north america),Flowers 5–9 mm diam.,species_direct,wfo_id_species_rank_accepted_name_exact,provider_treatment:flora_north_america:wfo-0000984624,provider_treatment_wfo_id,wfo-official-bulk-morphology-recovery-20260808,wfo_bulk_morphology_recovery_20260808,wfo_morphology_recovered_evidence.csv.gz,wfo_morphology_subject_gate_plus_quote_audit_v1,True,wild_or_flora_treatment,codex_gpt5_wfo_morphology_full_census_quote_audit_20260808,2026-08-08T10:37:56.763775Z,accepted_after_full_census_exact_quote_review
Spiraea alba,floral_structural_complexity,flower_size_class,small,high,latest_public_web,flora_north_america,https://list.worldfloraonline.org/wfo-0000985576,WFOM-0bbe19c82a48eb6f25ce,Spiraea alba species treatment (flora north america),Flowers 3–8 mm diam.;,species_direct,wfo_id_species_rank_accepted_name_exact,provider_treatment:flora_north_america:wfo-0000985576,provider_treatment_wfo_id,wfo-official-bulk-morphology-recovery-20260808,wfo_bulk_morphology_recovery_20260808,wfo_morphology_recovered_evidence.csv.gz,wfo_morphology_subject_gate_plus_quote_audit_v1,True,wild_or_flora_treatment,codex_gpt5_wfo_morphology_full_census_quote_audit_20260808,2026-08-08T10:37:56.763775Z,accepted_after_full_census_exact_quote_review
Spiraea douglasii,floral_structural_complexity,flower_size_class,small,high,latest_public_web,flora_north_america,https://list.worldfloraonline.org/wfo-0000985407,WFOM-6e29ddddc56e724c4646,Spiraea douglasii species treatment (flora north america),Flowers 2–4 mm diam.;,species_direct,wfo_id_species_rank_accepted_name_exact,provider_treatment:flora_north_america:wfo-0000985407,provider_treatment_wfo_id,wfo-official-bulk-morphology-recovery-20260808,wfo_bulk_morphology_recovery_20260808,wfo_morphology_recovered_evidence.csv.gz,wfo_morphology_subject_gate_plus_quote_audit_v1,True,wild_or_flora_treatment,codex_gpt5_wfo_morphology_full_census_quote_audit_20260808,2026-08-08T10:37:56.763775Z,accepted_after_full_census_exact_quote_review
Spiraea lucida,floral_structural_complexity,flower_size_class,small,high,latest_public_web,flora_north_america,https://list.worldfloraonline.org/wfo-0001003630,WFOM-8f2894a844e966b394ed,Spiraea lucida species treatment (flora north america),Flowers 4–6 mm diam.;,species_direct,wfo_id_species_rank_accepted_name_exact,provider_treatment:flora_north_america:wfo-0001003630,provider_treatment_wfo_id,wfo-official-bulk-morphology-recovery-20260808,wfo_bulk_morphology_recovery_20260808,wfo_morphology_recovered_evidence.csv.gz,wfo_morphology_subject_gate_plus_quote_audit_v1,True,wild_or_flora_treatment,codex_gpt5_wfo_morphology_full_census_quote_audit_20260808,2026-08-08T10:37:56.763775Z,accepted_after_full_census_exact_quote_review
Spiraea prunifolia,floral_structural_complexity,flower_size_class,small,high,latest_public_web,flora_north_america,https://list.worldfloraonline.org/wfo-0001015318,WFOM-ffbaedf65812c3375b99,Spiraea prunifolia species treatment (flora north america),Flowers 5–15 mm diam.;,species_direct,wfo_id_species_rank_accepted_name_exact,provider_treatment:flora_north_america:wfo-0001015318,provider_treatment_wfo_id,wfo-official-bulk-morphology-recovery-20260808,wfo_bulk_morphology_recovery_20260808,wfo_morphology_recovered_evidence.csv.gz,wfo_morphology_subject_gate_plus_quote_audit_v1,True,wild_or_flora_treatment,codex_gpt5_wfo_morphology_full_census_quote_audit_20260808,2026-08-08T10:37:56.763775Z,accepted_after_full_census_exact_quote_review
Spiraea stevenii,floral_structural_complexity,flower_size_class,small,high,latest_public_web,flora_north_america,https://list.worldfloraonline.org/wfo-0001015370,WFOM-c25e2b29ecc26032ed7b,Spiraea stevenii species treatment (flora north america),Flowers 4–6 mm diam.;,species_direct,wfo_id_species_rank_accepted_name_exact,provider_treatment:flora_north_america:wfo-0001015370,provider_treatment_wfo_id,wfo-official-bulk-morphology-recovery-20260808,wfo_bulk_morphology_recovery_20260808,wfo_morphology_recovered_evidence.csv.gz,wfo_morphology_subject_gate_plus_quote_audit_v1,True,wild_or_flora_treatment,codex_gpt5_wfo_morphology_full_census_quote_audit_20260808,2026-08-08T10:37:56.763775Z,accepted_after_full_census_exact_quote_review
Stellaria dicranoides,floral_structural_complexity,flower_size_class,small,high,latest_public_web,flora_north_america,https://list.worldfloraonline.org/wfo-0001291577,WFOM-c57b37f8e95ee067eff8,Stellaria dicranoides species treatment (flora north america),"Flowers unisexual, 3–4 mm diam.;",species_direct,wfo_id_species_rank_accepted_name_exact,provider_treatment:flora_north_america:wfo-0001291577,provider_treatment_wfo_id,wfo-official-bulk-morphology-recovery-20260808,wfo_bulk_morphology_recovery_20260808,wfo_morphology_recovered_evidence.csv.gz,wfo_morphology_subject_gate_plus_quote_audit_v1,True,wild_or_flora_treatment,codex_gpt5_wfo_morphology_full_census_quote_audit_20260808,2026-08-08T10:37:56.763775Z,accepted_after_full_census_exact_quote_review
Trollius laxus,floral_structural_complexity,flower_size_class,large,high,latest_public_web,flora_north_america,https://list.worldfloraonline.org/wfo-0001129481,WFOM-b4e3d4d14ef8593ac717,Trollius laxus species treatment (flora north america),Flowers 2.5-5 cm diam.;,species_direct,wfo_id_species_rank_accepted_name_exact,provider_treatment:flora_north_america:wfo-0001129481,provider_treatment_wfo_id,wfo-official-bulk-morphology-recovery-20260808,wfo_bulk_morphology_recovery_20260808,wfo_morphology_recovered_evidence.csv.gz,wfo_morphology_subject_gate_plus_quote_audit_v1,True,wild_or_flora_treatment,codex_gpt5_wfo_morphology_full_census_quote_audit_20260808,2026-08-08T10:37:56.763775Z,accepted_after_full_census_exact_quote_review
Vallisneria americana,floral_structural_complexity,flower_size_class,very_small,high,latest_public_web,flora_north_america,https://list.worldfloraonline.org/wfo-0000770230,WFOM-0304576104cd21aa4e17,Vallisneria americana species treatment (flora north america),Flowers: staminate flowers 1–1.5 mm wide;,species_direct,wfo_id_species_rank_accepted_name_exact,provider_treatment:flora_north_america:wfo-0000770230,provider_treatment_wfo_id,wfo-official-bulk-morphology-recovery-20260808,wfo_bulk_morphology_recovery_20260808,wfo_morphology_recovered_evidence.csv.gz,wfo_morphology_subject_gate_plus_quote_audit_v1,True,wild_or_flora_treatment,codex_gpt5_wfo_morphology_full_census_quote_audit_20260808,2026-08-08T10:37:56.763775Z,accepted_after_full_census_exact_quote_review
Argemone glauca,floral_structural_complexity,flower_size_class,large,high,latest_public_web,nybg_brittonia,https://list.worldfloraonline.org/wfo-0000547015,WFOM-bb12b5b6745f1a05e31c,Argemone glauca species treatment (nybg brittonia),"flowers 8-12 cm in diameter, the pedicels at anthesis often 1-2 mm lona, sometimes longer;",species_direct,wfo_id_species_rank_accepted_name_exact,provider_treatment:nybg_brittonia:wfo-0000547015,provider_treatment_wfo_id,wfo-official-bulk-morphology-recovery-20260808,wfo_bulk_morphology_recovery_20260808,wfo_morphology_recovered_evidence.csv.gz,wfo_morphology_subject_gate_plus_quote_audit_v1,True,wild_or_flora_treatment,codex_gpt5_wfo_morphology_full_census_quote_audit_20260808,2026-08-08T10:37:56.763775Z,accepted_after_full_census_exact_quote_review
Chaptalia dentata,floral_structural_complexity,flower_size_class,small,high,latest_public_web,nybg_brittonia,https://list.worldfloraonline.org/wfo-0000091363,WFOM-569bea57bcdee673d19f,Chaptalia dentata species treatment (nybg brittonia),"corollas creamy- white, sometimes greenish, 5.5-7.5 mm long, weakly bilabiate, the lobes 0.5-1 mm long, erect, the anthe",species_direct,wfo_id_species_rank_accepted_name_exact,provider_treatment:nybg_brittonia:wfo-0000091363,provider_treatment_wfo_id,wfo-official-bulk-morphology-recovery-20260808,wfo_bulk_morphology_recovery_20260808,wfo_morphology_recovered_evidence.csv.gz,wfo_morphology_subject_gate_plus_quote_audit_v1,True,wild_or_flora_treatment,codex_gpt5_wfo_morphology_full_census_quote_audit_20260808,2026-08-08T10:37:56.763775Z,accepted_after_full_census_exact_quote_review
Desmotes incomparabilis,floral_structural_complexity,flower_size_class,large,high,latest_public_web,nybg_brittonia,https://list.worldfloraonline.org/wfo-0000642449,WFOM-28455e3c8a4089a39c7e,Desmotes incomparabilis species treatment (nybg brittonia),"Corolla zygomorphic, ca 6 cm long, salmon-pink (Collenette in Riley 470);",species_direct,wfo_id_species_rank_accepted_name_exact,provider_treatment:nybg_brittonia:wfo-0000642449,provider_treatment_wfo_id,wfo-official-bulk-morphology-recovery-20260808,wfo_bulk_morphology_recovery_20260808,wfo_morphology_recovered_evidence.csv.gz,wfo_morphology_subject_gate_plus_quote_audit_v1,True,wild_or_flora_treatment,codex_gpt5_wfo_morphology_full_census_quote_audit_20260808,2026-08-08T10:37:56.763775Z,accepted_after_full_census_exact_quote_review
Dichondra donelliana,floral_structural_complexity,flower_size_class,small,high,latest_public_web,nybg_brittonia,https://list.worldfloraonline.org/wfo-0001297928,WFOM-b6219e817e32c80e2eb8,Dichondra donelliana species treatment (nybg brittonia),"corolla campanulate, 2-3 mm long, glabrous, white or green- ish-white, 5-lobed more than half the length, the lobes broa",species_direct,wfo_id_species_rank_accepted_name_exact,provider_treatment:nybg_brittonia:wfo-0001297928,provider_treatment_wfo_id,wfo-official-bulk-morphology-recovery-20260808,wfo_bulk_morphology_recovery_20260808,wfo_morphology_recovered_evidence.csv.gz,wfo_morphology_subject_gate_plus_quote_audit_v1,True,wild_or_flora_treatment,codex_gpt5_wfo_morphology_full_census_quote_audit_20260808,2026-08-08T10:37:56.763775Z,accepted_after_full_census_exact_quote_review
Eriogonum austrinum,floral_structural_complexity,flower_size_class,very_small,high,latest_public_web,nybg_brittonia,https://list.worldfloraonline.org/wfo-0000674492,WFOM-c914498237c457ba61ed,Eriogonum austrinum species treatment (nybg brittonia),"perianth 2 mm long, 2.5 mm wide, yellow with brownish midribs, glabrous, calyx segments dissimilar, the outer whorls ren",species_direct,wfo_id_species_rank_accepted_name_exact,provider_treatment:nybg_brittonia:wfo-0000674492,provider_treatment_wfo_id,wfo-official-bulk-morphology-recovery-20260808,wfo_bulk_morphology_recovery_20260808,wfo_morphology_recovered_evidence.csv.gz,wfo_morphology_subject_gate_plus_quote_audit_v1,True,wild_or_flora_treatment,codex_gpt5_wfo_morphology_full_census_quote_audit_20260808,2026-08-08T10:37:56.763775Z,accepted_after_full_census_exact_quote_review
Florestina pedata,floral_structural_complexity,flower_size_class,small,high,latest_public_web,nybg_brittonia,https://list.worldfloraonline.org/wfo-0000075035,WFOM-225a990617a86ecca308,Florestina pedata species treatment (nybg brittonia),"corolla 3-4 mm long, tube 0.75-1 mm long, glabrous to sparsely glandular-pubescent;",species_direct,wfo_id_species_rank_accepted_name_exact,provider_treatment:nybg_brittonia:wfo-0000075035,provider_treatment_wfo_id,wfo-official-bulk-morphology-recovery-20260808,wfo_bulk_morphology_recovery_20260808,wfo_morphology_recovered_evidence.csv.gz,wfo_morphology_subject_gate_plus_quote_audit_v1,True,wild_or_flora_treatment,codex_gpt5_wfo_morphology_full_census_quote_audit_20260808,2026-08-08T10:37:56.763775Z,accepted_after_full_census_exact_quote_review
Florestina tripteris,floral_structural_complexity,flower_size_class,small,high,latest_public_web,nybg_brittonia,https://list.worldfloraonline.org/wfo-0000116699,WFOM-366b17244e9b8aaedd10,Florestina tripteris species treatment (nybg brittonia),"corolla 4-5 mm long, the tube glandular-pubescent, 1-1.5 mm long, the throat flaring, 2.5-3 mm long (including the lobes",species_direct,wfo_id_species_rank_accepted_name_exact,provider_treatment:nybg_brittonia:wfo-0000116699,provider_treatment_wfo_id,wfo-official-bulk-morphology-recovery-20260808,wfo_bulk_morphology_recovery_20260808,wfo_morphology_recovered_evidence.csv.gz,wfo_morphology_subject_gate_plus_quote_audit_v1,True,wild_or_flora_treatment,codex_gpt5_wfo_morphology_full_census_quote_audit_20260808,2026-08-08T10:37:56.763775Z,accepted_after_full_census_exact_quote_review
Hunga lifouana,floral_structural_complexity,flower_size_class,very_small,high,latest_public_web,nybg_brittonia,https://list.worldfloraonline.org/wfo-0000833649,WFOM-7ce007e8400bd15d691c,Hunga lifouana species treatment (nybg brittonia),Flowers ca 2 mm long;,species_direct,wfo_id_species_rank_accepted_name_exact,provider_treatment:nybg_brittonia:wfo-0000833649,provider_treatment_wfo_id,wfo-official-bulk-morphology-recovery-20260808,wfo_bulk_morphology_recovery_20260808,wfo_morphology_recovered_evidence.csv.gz,wfo_morphology_subject_gate_plus_quote_audit_v1,True,wild_or_flora_treatment,codex_gpt5_wfo_morphology_full_census_quote_audit_20260808,2026-08-08T10:37:56.763775Z,accepted_after_full_census_exact_quote_review
Hunga rhamnoides,floral_structural_complexity,flower_size_class,very_small,high,latest_public_web,nybg_brittonia,https://list.worldfloraonline.org/wfo-0000833656,WFOM-798633be0580cf00f604,Hunga rhamnoides species treatment (nybg brittonia),Flowers ca 2 mm long;,species_direct,wfo_id_species_rank_accepted_name_exact,provider_treatment:nybg_brittonia:wfo-0000833656,provider_treatment_wfo_id,wfo-official-bulk-morphology-recovery-20260808,wfo_bulk_morphology_recovery_20260808,wfo_morphology_recovered_evidence.csv.gz,wfo_morphology_subject_gate_plus_quote_audit_v1,True,wild_or_flora_treatment,codex_gpt5_wfo_morphology_full_census_quote_audit_20260808,2026-08-08T10:37:56.763775Z,accepted_after_full_census_exact_quote_review
Machaerium aristulatum,floral_structural_complexity,flower_size_class,medium,high,latest_public_web,nybg_brittonia,https://list.worldfloraonline.org/wfo-0000169275,WFOM-5e38d80a32fca5de06c7,Machaerium aristulatum species treatment (nybg brittonia),"Flowers violet, 13 mm long;",species_direct,wfo_id_species_rank_accepted_name_exact,provider_treatment:nybg_brittonia:wfo-0000169275,provider_treatment_wfo_id,wfo-official-bulk-morphology-recovery-20260808,wfo_bulk_morphology_recovery_20260808,wfo_morphology_recovered_evidence.csv.gz,wfo_morphology_subject_gate_plus_quote_audit_v1,True,wild_or_flora_treatment,codex_gpt5_wfo_morphology_full_census_quote_audit_20260808,2026-08-08T10:37:56.763775Z,accepted_after_full_census_exact_quote_review
Machaerium biovulatum,floral_structural_complexity,flower_size_class,medium,high,latest_public_web,nybg_brittonia,https://list.worldfloraonline.org/wfo-0000182159,WFOM-759a95fa422a8608cf08,Machaerium biovulatum species treatment (nybg brittonia),"Flowers violet, 13 mm long;",species_direct,wfo_id_species_rank_accepted_name_exact,provider_treatment:nybg_brittonia:wfo-0000182159,provider_treatment_wfo_id,wfo-official-bulk-morphology-recovery-20260808,wfo_bulk_morphology_recovery_20260808,wfo_morphology_recovered_evidence.csv.gz,wfo_morphology_subject_gate_plus_quote_audit_v1,True,wild_or_flora_treatment,codex_gpt5_wfo_morphology_full_census_quote_audit_20260808,2026-08-08T10:37:56.763775Z,accepted_after_full_census_exact_quote_review
Machaerium floribundum,floral_structural_complexity,flower_size_class,small,high,latest_public_web,nybg_brittonia,https://list.worldfloraonline.org/wfo-0000174387,WFOM-eacee0ce0e59a947f3b8,Machaerium floribundum species treatment (nybg brittonia),"Flowers greenish white, 9-10 mm long;",species_direct,wfo_id_species_rank_accepted_name_exact,provider_treatment:nybg_brittonia:wfo-0000174387,provider_treatment_wfo_id,wfo-official-bulk-morphology-recovery-20260808,wfo_bulk_morphology_recovery_20260808,wfo_morphology_recovered_evidence.csv.gz,wfo_morphology_subject_gate_plus_quote_audit_v1,True,wild_or_flora_treatment,codex_gpt5_wfo_morphology_full_census_quote_audit_20260808,2026-08-08T10:37:56.763775Z,accepted_after_full_census_exact_quote_review
Machaerium leiophyllum,floral_structural_complexity,flower_size_class,small,high,latest_public_web,nybg_brittonia,https://list.worldfloraonline.org/wfo-0000174395,WFOM-7018420e877228e94497,Machaerium leiophyllum species treatment (nybg brittonia),Flowers 6-9 mm long;,species_direct,wfo_id_species_rank_accepted_name_exact,provider_treatment:nybg_brittonia:wfo-0000174395,provider_treatment_wfo_id,wfo-official-bulk-morphology-recovery-20260808,wfo_bulk_morphology_recovery_20260808,wfo_morphology_recovered_evidence.csv.gz,wfo_morphology_subject_gate_plus_quote_audit_v1,True,wild_or_flora_treatment,codex_gpt5_wfo_morphology_full_census_quote_audit_20260808,2026-08-08T10:37:56.763775Z,accepted_after_full_census_exact_quote_review
Machaerium millei,floral_structural_complexity,flower_size_class,small,high,latest_public_web,nybg_brittonia,https://list.worldfloraonline.org/wfo-0000169331,WFOM-df7c4fb16ecc66c330ee,Machaerium millei species treatment (nybg brittonia),"Flowers green to pale yellow, 9-10 mm long;",species_direct,wfo_id_species_rank_accepted_name_exact,provider_treatment:nybg_brittonia:wfo-0000169331,provider_treatment_wfo_id,wfo-official-bulk-morphology-recovery-20260808,wfo_bulk_morphology_recovery_20260808,wfo_morphology_recovered_evidence.csv.gz,wfo_morphology_subject_gate_plus_quote_audit_v1,True,wild_or_flora_treatment,codex_gpt5_wfo_morphology_full_census_quote_audit_20260808,2026-08-08T10:37:56.763775Z,accepted_after_full_census_exact_quote_review
Nymphaea tetragona,floral_structural_complexity,flower_size_class,large,high,latest_public_web,nybg_brittonia,https://list.worldfloraonline.org/wfo-0000380763,WFOM-baba3f2217a9c59bda96,Nymphaea tetragona species treatment (nybg brittonia),Flowers 3- 7.5 cm diam.;,species_direct,wfo_id_species_rank_accepted_name_exact,provider_treatment:nybg_brittonia:wfo-0000380763,provider_treatment_wfo_id,wfo-official-bulk-morphology-recovery-20260808,wfo_bulk_morphology_recovery_20260808,wfo_morphology_recovered_evidence.csv.gz,wfo_morphology_subject_gate_plus_quote_audit_v1,True,wild_or_flora_treatment,codex_gpt5_wfo_morphology_full_census_quote_audit_20260808,2026-08-08T10:37:56.763775Z,accepted_after_full_census_exact_quote_review
Passiflora luetzelburgii,floral_structural_complexity,flower_size_class,large,high,latest_public_web,nybg_brittonia,https://list.worldfloraonline.org/wfo-0001090710,WFOM-ce5d66302fc5b8dab100,Passiflora luetzelburgii species treatment (nybg brittonia),"Flower solitary, 3.2-4 cm diam.;",species_direct,wfo_id_species_rank_accepted_name_exact,provider_treatment:nybg_brittonia:wfo-0001090710,provider_treatment_wfo_id,wfo-official-bulk-morphology-recovery-20260808,wfo_bulk_morphology_recovery_20260808,wfo_morphology_recovered_evidence.csv.gz,wfo_morphology_subject_gate_plus_quote_audit_v1,True,wild_or_flora_treatment,codex_gpt5_wfo_morphology_full_census_quote_audit_20260808,2026-08-08T10:37:56.763775Z,accepted_after_full_census_exact_quote_review
Phacelia linearis,floral_structural_complexity,flower_size_class,medium,high,latest_public_web,nybg_brittonia,https://list.worldfloraonline.org/wfo-0001066833,WFOM-3c62ad365abb401c1c04,Phacelia linearis species treatment (nybg brittonia),"corolla 5-20 mm long, glabrous on both inner and outer surfaces, lavender to pale lavender, open-campanulate, cleft abou",species_direct,wfo_id_species_rank_accepted_name_exact,provider_treatment:nybg_brittonia:wfo-0001066833,provider_treatment_wfo_id,wfo-official-bulk-morphology-recovery-20260808,wfo_bulk_morphology_recovery_20260808,wfo_morphology_recovered_evidence.csv.gz,wfo_morphology_subject_gate_plus_quote_audit_v1,True,wild_or_flora_treatment,codex_gpt5_wfo_morphology_full_census_quote_audit_20260808,2026-08-08T10:37:56.763775Z,accepted_after_full_census_exact_quote_review
Phacelia linearis,floral_structural_complexity,flower_size_class,large,high,latest_public_web,nybg_brittonia,https://list.worldfloraonline.org/wfo-0001066833,WFOM-60a74b89b90799452cbf,Phacelia linearis species treatment (nybg brittonia),"flowers borne in open eymes 2-15 cm long, the pedicels 2-5 mm long and ascending;",species_direct,wfo_id_species_rank_accepted_name_exact,provider_treatment:nybg_brittonia:wfo-0001066833,provider_treatment_wfo_id,wfo-official-bulk-morphology-recovery-20260808,wfo_bulk_morphology_recovery_20260808,wfo_morphology_recovered_evidence.csv.gz,wfo_morphology_subject_gate_plus_quote_audit_v1,False,wild_or_flora_treatment,codex_gpt5_wfo_morphology_full_census_quote_audit_20260808,2026-08-08T10:37:56.763775Z,cyme_length_not_individual_flower_size
Psychotria hexandra,floral_structural_complexity,flower_size_class,small,high,latest_public_web,nybg_brittonia,https://list.worldfloraonline.org/wfo-0000286045,WFOM-f18aa78c233b7570bc5c,Psychotria hexandra species treatment (nybg brittonia),"corolla salverform, 6-lobed, fleshy, 6-10 mm long, white or greenish white, lobes recurved, throat bearded within;",species_direct,wfo_id_species_rank_accepted_name_exact,provider_treatment:nybg_brittonia:wfo-0000286045,provider_treatment_wfo_id,wfo-official-bulk-morphology-recovery-20260808,wfo_bulk_morphology_recovery_20260808,wfo_morphology_recovered_evidence.csv.gz,wfo_morphology_subject_gate_plus_quote_audit_v1,True,wild_or_flora_treatment,codex_gpt5_wfo_morphology_full_census_quote_audit_20260808,2026-08-08T10:37:56.763775Z,accepted_after_full_census_exact_quote_review
Raputia ulei,floral_structural_complexity,flower_size_class,medium,high,latest_public_web,nybg_brittonia,https://list.worldfloraonline.org/wfo-0001133195,WFOM-e14526569a837b8aaeac,Raputia ulei species treatment (nybg brittonia),"Corolla 13- 15 mm long at anthesis, densely strigulose without (even at anthesis), green to white, the tube 3-5.3 mm to",species_direct,wfo_id_species_rank_accepted_name_exact,provider_treatment:nybg_brittonia:wfo-0001133195,provider_treatment_wfo_id,wfo-official-bulk-morphology-recovery-20260808,wfo_bulk_morphology_recovery_20260808,wfo_morphology_recovered_evidence.csv.gz,wfo_morphology_subject_gate_plus_quote_audit_v1,True,wild_or_flora_treatment,codex_gpt5_wfo_morphology_full_census_quote_audit_20260808,2026-08-08T10:37:56.763775Z,accepted_after_full_census_exact_quote_review
Reinhardtia paiewonskiana,floral_structural_complexity,flower_size_class,small,high,latest_public_web,nybg_brittonia,https://list.worldfloraonline.org/wfo-0000295325,WFOM-99bf61c98c2c892ffa1f,Reinhardtia paiewonskiana species treatment (nybg brittonia),"flowers 7-10 mm long, subtended by a rigid, strongly nerved, carinate, acute to attenuate bracteole and a rigid quadrica",species_direct,wfo_id_species_rank_accepted_name_exact,provider_treatment:nybg_brittonia:wfo-0000295325,provider_treatment_wfo_id,wfo-official-bulk-morphology-recovery-20260808,wfo_bulk_morphology_recovery_20260808,wfo_morphology_recovered_evidence.csv.gz,wfo_morphology_subject_gate_plus_quote_audit_v1,True,wild_or_flora_treatment,codex_gpt5_wfo_morphology_full_census_quote_audit_20260808,2026-08-08T10:37:56.763775Z,accepted_after_full_census_exact_quote_review
Sanvitalia procumbens,floral_structural_complexity,flower_size_class,small,high,latest_public_web,nybg_brittonia,https://list.worldfloraonline.org/wfo-0000095676,WFOM-8272e7d122fef4965db6,Sanvitalia procumbens species treatment (nybg brittonia),"corollas numerous, ca 3 mm long, yellow or purple on the limb, tube colorless, often with bright red-tipped trichomes at",species_direct,wfo_id_species_rank_accepted_name_exact,provider_treatment:nybg_brittonia:wfo-0000095676,provider_treatment_wfo_id,wfo-official-bulk-morphology-recovery-20260808,wfo_bulk_morphology_recovery_20260808,wfo_morphology_recovered_evidence.csv.gz,wfo_morphology_subject_gate_plus_quote_audit_v1,True,wild_or_flora_treatment,codex_gpt5_wfo_morphology_full_census_quote_audit_20260808,2026-08-08T10:37:56.763775Z,accepted_after_full_census_exact_quote_review
Sararanga philippinensis,floral_structural_complexity,flower_size_class,small,high,latest_public_web,nybg_brittonia,https://list.worldfloraonline.org/wfo-0000739944,WFOM-4c92ad509223f37cb2a9,Sararanga philippinensis species treatment (nybg brittonia),"flowers globose, 3 mm in diameter, subtended by a sparsely fimbriate cupule;",species_direct,wfo_id_species_rank_accepted_name_exact,provider_treatment:nybg_brittonia:wfo-0000739944,provider_treatment_wfo_id,wfo-official-bulk-morphology-recovery-20260808,wfo_bulk_morphology_recovery_20260808,wfo_morphology_recovered_evidence.csv.gz,wfo_morphology_subject_gate_plus_quote_audit_v1,True,wild_or_flora_treatment,codex_gpt5_wfo_morphology_full_census_quote_audit_20260808,2026-08-08T10:37:56.763775Z,accepted_after_full_census_exact_quote_review
Stylisma aquatica,floral_structural_complexity,flower_size_class,medium,high,latest_public_web,nybg_brittonia,https://list.worldfloraonline.org/wfo-0001040005,WFOM-100a749472dae91d7526,Stylisma aquatica species treatment (nybg brittonia),"Corolla pink, maroon, lavender or red (never white), 1-1.5 cm long, with distinctly lobed and notched margin.",species_direct,wfo_id_species_rank_accepted_name_exact,provider_treatment:nybg_brittonia:wfo-0001040005,provider_treatment_wfo_id,wfo-official-bulk-morphology-recovery-20260808,wfo_bulk_morphology_recovery_20260808,wfo_morphology_recovered_evidence.csv.gz,wfo_morphology_subject_gate_plus_quote_audit_v1,True,wild_or_flora_treatment,codex_gpt5_wfo_morphology_full_census_quote_audit_20260808,2026-08-08T10:37:56.763775Z,accepted_after_full_census_exact_quote_review
Stylisma villosa,floral_structural_complexity,flower_size_class,medium,high,latest_public_web,nybg_brittonia,https://list.worldfloraonline.org/wfo-0001297286,WFOM-911fe9ac4a4665cfe0aa,Stylisma villosa species treatment (nybg brittonia),"Corolla white, mostly 1.5-2.5 cm long.",species_direct,wfo_id_species_rank_accepted_name_exact,provider_treatment:nybg_brittonia:wfo-0001297286,provider_treatment_wfo_id,wfo-official-bulk-morphology-recovery-20260808,wfo_bulk_morphology_recovery_20260808,wfo_morphology_recovered_evidence.csv.gz,wfo_morphology_subject_gate_plus_quote_audit_v1,True,wild_or_flora_treatment,codex_gpt5_wfo_morphology_full_census_quote_audit_20260808,2026-08-08T10:37:56.763775Z,accepted_after_full_census_exact_quote_review
Terminalia richii,floral_structural_complexity,flower_size_class,very_small,high,latest_public_web,nybg_brittonia,https://list.worldfloraonline.org/wfo-0000408573,WFOM-f2b402df27f4f8d1a405,Terminalia richii species treatment (nybg brittonia),"flowers, 1.5-2.5 mm long at anthesis, copiously and persistently sericeous, the calyx-limb shallowly cupuliform, becomin",species_direct,wfo_id_species_rank_accepted_name_exact,provider_treatment:nybg_brittonia:wfo-0000408573,provider_treatment_wfo_id,wfo-official-bulk-morphology-recovery-20260808,wfo_bulk_morphology_recovery_20260808,wfo_morphology_recovered_evidence.csv.gz,wfo_morphology_subject_gate_plus_quote_audit_v1,True,wild_or_flora_treatment,codex_gpt5_wfo_morphology_full_census_quote_audit_20260808,2026-08-08T10:37:56.763775Z,accepted_after_full_census_exact_quote_review
Zinnia angustifolia,floral_structural_complexity,flower_size_class,small,high,latest_public_web,nybg_brittonia,https://list.worldfloraonline.org/wfo-0000070874,WFOM-932231e5c92eb973d879,Zinnia angustifolia species treatment (nybg brittonia),"corollas 4.8 mm long, orange with yellow marginal hairs inside the lobes, black or dark purple and lightly pubescent out",species_direct,wfo_id_species_rank_accepted_name_exact,provider_treatment:nybg_brittonia:wfo-0000070874,provider_treatment_wfo_id,wfo-official-bulk-morphology-recovery-20260808,wfo_bulk_morphology_recovery_20260808,wfo_morphology_recovered_evidence.csv.gz,wfo_morphology_subject_gate_plus_quote_audit_v1,True,wild_or_flora_treatment,codex_gpt5_wfo_morphology_full_census_quote_audit_20260808,2026-08-08T10:37:56.763775Z,accepted_after_full_census_exact_quote_review
Zinnia elegans,floral_structural_complexity,flower_size_class,small,high,latest_public_web,nybg_brittonia,https://list.worldfloraonline.org/wfo-0000114531,WFOM-7e441bddd0754d431043,Zinnia elegans species treatment (nybg brittonia),"flowers very numerous, 7 mm long, with lobes ea 1 mm long, inside yellow, velutinous, outside black, smooth, the tube ye",species_direct,wfo_id_species_rank_accepted_name_exact,provider_treatment:nybg_brittonia:wfo-0000114531,provider_treatment_wfo_id,wfo-official-bulk-morphology-recovery-20260808,wfo_bulk_morphology_recovery_20260808,wfo_morphology_recovered_evidence.csv.gz,wfo_morphology_subject_gate_plus_quote_audit_v1,True,wild_or_flora_treatment,codex_gpt5_wfo_morphology_full_census_quote_audit_20260808,2026-08-08T10:37:56.763775Z,accepted_after_full_census_exact_quote_review
Agave missionum,floral_structural_complexity,flower_size_class,large,high,latest_public_web,nybg_memoirs,https://list.worldfloraonline.org/wfo-0000754584,WFOM-e7622011e6e0e4bca1d8,Agave missionum species treatment (nybg memoirs),"Flowers yellow or greenish yellow, 4.5-5.5 cm long;",species_direct,wfo_id_species_rank_accepted_name_exact,provider_treatment:nybg_memoirs:wfo-0000754584,provider_treatment_wfo_id,wfo-official-bulk-morphology-recovery-20260808,wfo_bulk_morphology_recovery_20260808,wfo_morphology_recovered_evidence.csv.gz,wfo_morphology_subject_gate_plus_quote_audit_v1,True,wild_or_flora_treatment,codex_gpt5_wfo_morphology_full_census_quote_audit_20260808,2026-08-08T10:37:56.763775Z,accepted_after_full_census_exact_quote_review
Amphitecna latifolia,floral_structural_complexity,flower_size_class,large,high,latest_public_web,nybg_memoirs,https://list.worldfloraonline.org/wfo-0000780941,WFOM-d4c90aa280c3a7bc1bce,Amphitecna latifolia species treatment (nybg memoirs),"corolla pale yellow to greenish white, 3.5-6 cm long, funnel-shaped, the lobes deltoid, slightly reflexed;",species_direct,wfo_id_species_rank_accepted_name_exact,provider_treatment:nybg_memoirs:wfo-0000780941,provider_treatment_wfo_id,wfo-official-bulk-morphology-recovery-20260808,wfo_bulk_morphology_recovery_20260808,wfo_morphology_recovered_evidence.csv.gz,wfo_morphology_subject_gate_plus_quote_audit_v1,True,wild_or_flora_treatment,codex_gpt5_wfo_morphology_full_census_quote_audit_20260808,2026-08-08T10:37:56.763775Z,accepted_after_full_census_exact_quote_review
Antigonon leptopus,floral_structural_complexity,flower_size_class,small,high,latest_public_web,nybg_memoirs,https://list.worldfloraonline.org/wfo-0000538920,WFOM-889c1488b803e489933d,Antigonon leptopus species treatment (nybg memoirs),"Perianth 4-7 mm long, of 5 spreading, ovate to elliptic, bright pink (or white) tepals;",species_direct,wfo_id_species_rank_accepted_name_exact,provider_treatment:nybg_memoirs:wfo-0000538920,provider_treatment_wfo_id,wfo-official-bulk-morphology-recovery-20260808,wfo_bulk_morphology_recovery_20260808,wfo_morphology_recovered_evidence.csv.gz,wfo_morphology_subject_gate_plus_quote_audit_v1,True,wild_or_flora_treatment,codex_gpt5_wfo_morphology_full_census_quote_audit_20260808,2026-08-08T10:37:56.763775Z,accepted_after_full_census_exact_quote_review
Asystasia gangetica,floral_structural_complexity,flower_size_class,large,high,latest_public_web,nybg_memoirs,https://list.worldfloraonline.org/wfo-0000555197,WFOM-e14aa61a271562459957,Asystasia gangetica species treatment (nybg memoirs),"corolla light yellow or lilac, 2.3-5 cm long;",species_direct,wfo_id_species_rank_accepted_name_exact,provider_treatment:nybg_memoirs:wfo-0000555197,provider_treatment_wfo_id,wfo-official-bulk-morphology-recovery-20260808,wfo_bulk_morphology_recovery_20260808,wfo_morphology_recovered_evidence.csv.gz,wfo_morphology_subject_gate_plus_quote_audit_v1,True,wild_or_flora_treatment,codex_gpt5_wfo_morphology_full_census_quote_audit_20260808,2026-08-08T10:37:56.763775Z,accepted_after_full_census_exact_quote_review
Bacopa monnieri,floral_structural_complexity,flower_size_class,small,high,latest_public_web,nybg_memoirs,https://list.worldfloraonline.org/wfo-0000558282,WFOM-7149d744b13770c519dc,Bacopa monnieri species treatment (nybg memoirs),"corolla white to mauve, bellshaped, glabrous, 8-9 mm long, the tube ca.",species_direct,wfo_id_species_rank_accepted_name_exact,provider_treatment:nybg_memoirs:wfo-0000558282,provider_treatment_wfo_id,wfo-official-bulk-morphology-recovery-20260808,wfo_bulk_morphology_recovery_20260808,wfo_morphology_recovered_evidence.csv.gz,wfo_morphology_subject_gate_plus_quote_audit_v1,True,wild_or_flora_treatment,codex_gpt5_wfo_morphology_full_census_quote_audit_20260808,2026-08-08T10:37:56.763775Z,accepted_after_full_census_exact_quote_review
Barleria lupulina,floral_structural_complexity,flower_size_class,large,high,latest_public_web,nybg_memoirs,https://list.worldfloraonline.org/wfo-0000560385,WFOM-a667963ed1ba22942010,Barleria lupulina species treatment (nybg memoirs),"corolla yellow, 3-5 cm long, projecting beyond the bracts with 5 lobes, one separating from the remaining 4 lobes;",species_direct,wfo_id_species_rank_accepted_name_exact,provider_treatment:nybg_memoirs:wfo-0000560385,provider_treatment_wfo_id,wfo-official-bulk-morphology-recovery-20260808,wfo_bulk_morphology_recovery_20260808,wfo_morphology_recovered_evidence.csv.gz,wfo_morphology_subject_gate_plus_quote_audit_v1,True,wild_or_flora_treatment,codex_gpt5_wfo_morphology_full_census_quote_audit_20260808,2026-08-08T10:37:56.763775Z,accepted_after_full_census_exact_quote_review
Bontia daphnoides,floral_structural_complexity,flower_size_class,medium,high,latest_public_web,nybg_memoirs,https://list.worldfloraonline.org/wfo-0000568829,WFOM-df21e4f1d0442b0725be,Bontia daphnoides species treatment (nybg memoirs),"corolla yellow, purple-blotched, tubular, to 2 cm long, bilabiate, the lobes pubescent within, the lower lip reddish-pub",species_direct,wfo_id_species_rank_accepted_name_exact,provider_treatment:nybg_memoirs:wfo-0000568829,provider_treatment_wfo_id,wfo-official-bulk-morphology-recovery-20260808,wfo_bulk_morphology_recovery_20260808,wfo_morphology_recovered_evidence.csv.gz,wfo_morphology_subject_gate_plus_quote_audit_v1,True,wild_or_flora_treatment,codex_gpt5_wfo_morphology_full_census_quote_audit_20260808,2026-08-08T10:37:56.763775Z,accepted_after_full_census_exact_quote_review
Canna indica,floral_structural_complexity,flower_size_class,large,high,latest_public_web,nybg_memoirs,https://list.worldfloraonline.org/wfo-0000343805,WFOM-ab87e67180af1095438f,Canna indica species treatment (nybg memoirs),"corolla red, 4.5-6.5 cm long, the tube 1-1.5 cm long, the lobes linear;",species_direct,wfo_id_species_rank_accepted_name_exact,provider_treatment:nybg_memoirs:wfo-0000343805,provider_treatment_wfo_id,wfo-official-bulk-morphology-recovery-20260808,wfo_bulk_morphology_recovery_20260808,wfo_morphology_recovered_evidence.csv.gz,wfo_morphology_subject_gate_plus_quote_audit_v1,True,wild_or_flora_treatment,codex_gpt5_wfo_morphology_full_census_quote_audit_20260808,2026-08-08T10:37:56.763775Z,accepted_after_full_census_exact_quote_review
Capraria biflora,floral_structural_complexity,flower_size_class,small,high,latest_public_web,nybg_memoirs,https://list.worldfloraonline.org/wfo-0000585310,WFOM-a3cb21bf73dc4e017d52,Capraria biflora species treatment (nybg memoirs),"corolla white, glabrous, 6-9 mm long, the lobes 5, oblong, acute at apex;",species_direct,wfo_id_species_rank_accepted_name_exact,provider_treatment:nybg_memoirs:wfo-0000585310,provider_treatment_wfo_id,wfo-official-bulk-morphology-recovery-20260808,wfo_bulk_morphology_recovery_20260808,wfo_morphology_recovered_evidence.csv.gz,wfo_morphology_subject_gate_plus_quote_audit_v1,True,wild_or_flora_treatment,codex_gpt5_wfo_morphology_full_census_quote_audit_20260808,2026-08-08T10:37:56.763775Z,accepted_after_full_census_exact_quote_review
Catharanthus roseus,floral_structural_complexity,flower_size_class,medium,high,latest_public_web,nybg_memoirs,https://list.worldfloraonline.org/wfo-0000819442,WFOM-96805b2e567d808a8565,Catharanthus roseus species treatment (nybg memoirs),"corolla pink or white, 2.5-3.5 cm long, the lobes 1.5-3 cm long, rounded;",species_direct,wfo_id_species_rank_accepted_name_exact,provider_treatment:nybg_memoirs:wfo-0000819442,provider_treatment_wfo_id,wfo-official-bulk-morphology-recovery-20260808,wfo_bulk_morphology_recovery_20260808,wfo_morphology_recovered_evidence.csv.gz,wfo_morphology_subject_gate_plus_quote_audit_v1,True,wild_or_flora_treatment,codex_gpt5_wfo_morphology_full_census_quote_audit_20260808,2026-08-08T10:37:56.763775Z,accepted_after_full_census_exact_quote_review
Chromolaena corymbosa,floral_structural_complexity,flower_size_class,small,high,latest_public_web,nybg_memoirs,https://list.worldfloraonline.org/wfo-0000006799,WFOM-bf9f2fceffa6534fa381,Chromolaena corymbosa species treatment (nybg memoirs),"Corollas 3.5-4.8 mm long, cream-colored to pale lavender;",species_direct,wfo_id_species_rank_accepted_name_exact,provider_treatment:nybg_memoirs:wfo-0000006799,provider_treatment_wfo_id,wfo-official-bulk-morphology-recovery-20260808,wfo_bulk_morphology_recovery_20260808,wfo_morphology_recovered_evidence.csv.gz,wfo_morphology_subject_gate_plus_quote_audit_v1,True,wild_or_flora_treatment,codex_gpt5_wfo_morphology_full_census_quote_audit_20260808,2026-08-08T10:37:56.763775Z,accepted_after_full_census_exact_quote_review
Chromolaena sinuata,floral_structural_complexity,flower_size_class,small,high,latest_public_web,nybg_memoirs,https://list.worldfloraonline.org/wfo-0000089222,WFOM-729ea9a823df572e4342,Chromolaena sinuata species treatment (nybg memoirs),"Corollas 3.5-4 mm long, glandular, cream-colored to lavender.",species_direct,wfo_id_species_rank_accepted_name_exact,provider_treatment:nybg_memoirs:wfo-0000089222,provider_treatment_wfo_id,wfo-official-bulk-morphology-recovery-20260808,wfo_bulk_morphology_recovery_20260808,wfo_morphology_recovered_evidence.csv.gz,wfo_morphology_subject_gate_plus_quote_audit_v1,True,wild_or_flora_treatment,codex_gpt5_wfo_morphology_full_census_quote_audit_20260808,2026-08-08T10:37:56.763775Z,accepted_after_full_census_exact_quote_review
Chrysophyllum bicolor,floral_structural_complexity,flower_size_class,small,high,latest_public_web,nybg_memoirs,https://list.worldfloraonline.org/wfo-0000854388,WFOM-5b9cb6a29d3877ffa452,Chrysophyllum bicolor species treatment (nybg memoirs),"corolla cream-colored to white, bell-shaped 3.5 -4 mm long, the lobes 5 or 6, sparsely pubescent without, 1-1.5 mm long;",species_direct,wfo_id_species_rank_accepted_name_exact,provider_treatment:nybg_memoirs:wfo-0000854388,provider_treatment_wfo_id,wfo-official-bulk-morphology-recovery-20260808,wfo_bulk_morphology_recovery_20260808,wfo_morphology_recovered_evidence.csv.gz,wfo_morphology_subject_gate_plus_quote_audit_v1,True,wild_or_flora_treatment,codex_gpt5_wfo_morphology_full_census_quote_audit_20260808,2026-08-08T10:37:56.763775Z,accepted_after_full_census_exact_quote_review
Chrysophyllum pauciflorum,floral_structural_complexity,flower_size_class,small,high,latest_public_web,nybg_memoirs,https://list.worldfloraonline.org/wfo-0000856944,WFOM-fd5661ef6fb80f3b50cb,Chrysophyllum pauciflorum species treatment (nybg memoirs),"corolla cream-colored to white, bell-shaped, 3.2-4 mm long, the lobes 5 or 6, sparsely pubescent without, ca.",species_direct,wfo_id_species_rank_accepted_name_exact,provider_treatment:nybg_memoirs:wfo-0000856944,provider_treatment_wfo_id,wfo-official-bulk-morphology-recovery-20260808,wfo_bulk_morphology_recovery_20260808,wfo_morphology_recovered_evidence.csv.gz,wfo_morphology_subject_gate_plus_quote_audit_v1,True,wild_or_flora_treatment,codex_gpt5_wfo_morphology_full_census_quote_audit_20260808,2026-08-08T10:37:56.763775Z,accepted_after_full_census_exact_quote_review
Clusia rosea,floral_structural_complexity,flower_size_class,large,high,latest_public_web,nybg_memoirs,https://list.worldfloraonline.org/wfo-0000612436,WFOM-6d42969095f6f491bcd8,Clusia rosea species treatment (nybg memoirs),"Flowers 8-10 cm diam., solitary at ends of branches or in cymes;",species_direct,wfo_id_species_rank_accepted_name_exact,provider_treatment:nybg_memoirs:wfo-0000612436,provider_treatment_wfo_id,wfo-official-bulk-morphology-recovery-20260808,wfo_bulk_morphology_recovery_20260808,wfo_morphology_recovered_evidence.csv.gz,wfo_morphology_subject_gate_plus_quote_audit_v1,True,wild_or_flora_treatment,codex_gpt5_wfo_morphology_full_census_quote_audit_20260808,2026-08-08T10:37:56.763775Z,accepted_after_full_census_exact_quote_review
Coccothrinax alta,floral_structural_complexity,flower_size_class,small,high,latest_public_web,nybg_memoirs,https://list.worldfloraonline.org/wfo-0000900675,WFOM-fb657d29e989a4addd1c,Coccothrinax alta species treatment (nybg memoirs),Perianth 2.5-3 mm wide;,species_direct,wfo_id_species_rank_accepted_name_exact,provider_treatment:nybg_memoirs:wfo-0000900675,provider_treatment_wfo_id,wfo-official-bulk-morphology-recovery-20260808,wfo_bulk_morphology_recovery_20260808,wfo_morphology_recovered_evidence.csv.gz,wfo_morphology_subject_gate_plus_quote_audit_v1,True,wild_or_flora_treatment,codex_gpt5_wfo_morphology_full_census_quote_audit_20260808,2026-08-08T10:37:56.763775Z,accepted_after_full_census_exact_quote_review
Convolvulus nodiflorus,floral_structural_complexity,flower_size_class,medium,high,latest_public_web,nybg_memoirs,https://list.worldfloraonline.org/wfo-0001297511,WFOM-10837eb6368a900b1fb0,Convolvulus nodiflorus species treatment (nybg memoirs),"corolla funnel-shaped, white, 1.2-1.5 cm long, with 5 obtuse lobes;",species_direct,wfo_id_species_rank_synonym_name_exact,provider_treatment:nybg_memoirs:wfo-0001297511,provider_treatment_wfo_id,wfo-official-bulk-morphology-recovery-20260808,wfo_bulk_morphology_recovery_20260808,wfo_morphology_recovered_evidence.csv.gz,wfo_morphology_subject_gate_plus_quote_audit_v1,True,wild_or_flora_treatment,codex_gpt5_wfo_morphology_full_census_quote_audit_20260808,2026-08-08T10:37:56.763775Z,accepted_after_full_census_exact_quote_review
Cordia collococca,floral_structural_complexity,flower_size_class,small,high,latest_public_web,nybg_memoirs,https://list.worldfloraonline.org/wfo-0000620368,WFOM-ed39a9d46b2bc7b54cfb,Cordia collococca species treatment (nybg memoirs),"corolla 4-6 mm long, white, funnel-shaped, the tube 2-3 mm long, hairy at base within, the lobes oblong, reflexed, as lo",species_direct,wfo_id_species_rank_accepted_name_exact,provider_treatment:nybg_memoirs:wfo-0000620368,provider_treatment_wfo_id,wfo-official-bulk-morphology-recovery-20260808,wfo_bulk_morphology_recovery_20260808,wfo_morphology_recovered_evidence.csv.gz,wfo_morphology_subject_gate_plus_quote_audit_v1,True,wild_or_flora_treatment,codex_gpt5_wfo_morphology_full_census_quote_audit_20260808,2026-08-08T10:37:56.763775Z,accepted_after_full_census_exact_quote_review
Costus scaber,floral_structural_complexity,flower_size_class,large,high,latest_public_web,nybg_memoirs,https://list.worldfloraonline.org/wfo-0000363570,WFOM-66807421764ed910d98d,Costus scaber species treatment (nybg memoirs),"corolla orange, 35-40 mm long;",species_direct,wfo_id_species_rank_accepted_name_exact,provider_treatment:nybg_memoirs:wfo-0000363570,provider_treatment_wfo_id,wfo-official-bulk-morphology-recovery-20260808,wfo_bulk_morphology_recovery_20260808,wfo_morphology_recovered_evidence.csv.gz,wfo_morphology_subject_gate_plus_quote_audit_v1,True,wild_or_flora_treatment,codex_gpt5_wfo_morphology_full_census_quote_audit_20260808,2026-08-08T10:37:56.763775Z,accepted_after_full_census_exact_quote_review
Dioscorea pilosiuscula,floral_structural_complexity,flower_size_class,very_small,high,latest_public_web,nybg_memoirs,https://list.worldfloraonline.org/wfo-0000393691,WFOM-633944dce354d28de1b0,Dioscorea pilosiuscula species treatment (nybg memoirs),Perianth of pistillate flowers 1.5-2 mm long.,species_direct,wfo_id_species_rank_accepted_name_exact,provider_treatment:nybg_memoirs:wfo-0000393691,provider_treatment_wfo_id,wfo-official-bulk-morphology-recovery-20260808,wfo_bulk_morphology_recovery_20260808,wfo_morphology_recovered_evidence.csv.gz,wfo_morphology_subject_gate_plus_quote_audit_v1,True,wild_or_flora_treatment,codex_gpt5_wfo_morphology_full_census_quote_audit_20260808,2026-08-08T10:37:56.763775Z,accepted_after_full_census_exact_quote_review
Duranta erecta,floral_structural_complexity,flower_size_class,medium,high,latest_public_web,nybg_memoirs,https://list.worldfloraonline.org/wfo-0000946828,WFOM-974ade0eb203083e03ce,Duranta erecta species treatment (nybg memoirs),"corolla blue, violet, or white, 10-14 mm long, the limb 8-14 mm wide;",species_direct,wfo_id_species_rank_accepted_name_exact,provider_treatment:nybg_memoirs:wfo-0000946828,provider_treatment_wfo_id,wfo-official-bulk-morphology-recovery-20260808,wfo_bulk_morphology_recovery_20260808,wfo_morphology_recovered_evidence.csv.gz,wfo_morphology_subject_gate_plus_quote_audit_v1,True,wild_or_flora_treatment,codex_gpt5_wfo_morphology_full_census_quote_audit_20260808,2026-08-08T10:37:56.763775Z,accepted_after_full_census_exact_quote_review
Eupatorium dubium,floral_structural_complexity,flower_size_class,small,high,latest_public_web,nybg_memoirs,https://list.worldfloraonline.org/wfo-0000059348,WFOM-22af299ef3ac0401ac9f,Eupatorium dubium species treatment (nybg memoirs),"corollas usually dark purple, rarely pinkish or white, 4.5-7.5 mm long, 5-toothed, outer surface usually minutely atomif",species_direct,wfo_id_species_rank_synonym_name_exact,provider_treatment:nybg_memoirs:wfo-0000059348,provider_treatment_wfo_id,wfo-official-bulk-morphology-recovery-20260808,wfo_bulk_morphology_recovery_20260808,wfo_morphology_recovered_evidence.csv.gz,wfo_morphology_subject_gate_plus_quote_audit_v1,True,wild_or_flora_treatment,codex_gpt5_wfo_morphology_full_census_quote_audit_20260808,2026-08-08T10:37:56.763775Z,accepted_after_full_census_exact_quote_review
Evolvulus filipes,floral_structural_complexity,flower_size_class,medium,high,latest_public_web,nybg_memoirs,https://list.worldfloraonline.org/wfo-0001296821,WFOM-e659630f85bfcbdb9c02,Evolvulus filipes species treatment (nybg memoirs),"Flowers solitary or several, 2-2.5 cm long, pubescent peduncle;",species_direct,wfo_id_species_rank_accepted_name_exact,provider_treatment:nybg_memoirs:wfo-0001296821,provider_treatment_wfo_id,wfo-official-bulk-morphology-recovery-20260808,wfo_bulk_morphology_recovery_20260808,wfo_morphology_recovered_evidence.csv.gz,wfo_morphology_subject_gate_plus_quote_audit_v1,True,wild_or_flora_treatment,codex_gpt5_wfo_morphology_full_census_quote_audit_20260808,2026-08-08T10:37:56.763775Z,accepted_after_full_census_exact_quote_review
Evolvulus filipes,floral_structural_complexity,flower_size_class,small,high,latest_public_web,nybg_memoirs,https://list.worldfloraonline.org/wfo-0001296821,WFOM-f4d6c9244a8b5d6a8aeb,Evolvulus filipes species treatment (nybg memoirs),"corolla saucershaped, blue, 3-4.5 mm wide, stamens white;",species_direct,wfo_id_species_rank_accepted_name_exact,provider_treatment:nybg_memoirs:wfo-0001296821,provider_treatment_wfo_id,wfo-official-bulk-morphology-recovery-20260808,wfo_bulk_morphology_recovery_20260808,wfo_morphology_recovered_evidence.csv.gz,wfo_morphology_subject_gate_plus_quote_audit_v1,True,wild_or_flora_treatment,codex_gpt5_wfo_morphology_full_census_quote_audit_20260808,2026-08-08T10:37:56.763775Z,accepted_after_full_census_exact_quote_review
Gymnosiphon divaricatus,floral_structural_complexity,flower_size_class,small,high,latest_public_web,nybg_memoirs,https://list.worldfloraonline.org/wfo-0000433409,WFOM-4a4bc5360171fdc91a94,Gymnosiphon divaricatus species treatment (nybg memoirs),"Flowers white to purplish white, 5-8 mm long;",species_direct,wfo_id_species_rank_accepted_name_exact,provider_treatment:nybg_memoirs:wfo-0000433409,provider_treatment_wfo_id,wfo-official-bulk-morphology-recovery-20260808,wfo_bulk_morphology_recovery_20260808,wfo_morphology_recovered_evidence.csv.gz,wfo_morphology_subject_gate_plus_quote_audit_v1,True,wild_or_flora_treatment,codex_gpt5_wfo_morphology_full_census_quote_audit_20260808,2026-08-08T10:37:56.763775Z,accepted_after_full_census_exact_quote_review
Hamelia chrysantha,floral_structural_complexity,flower_size_class,medium,high,latest_public_web,nybg_memoirs,https://list.worldfloraonline.org/wfo-0000979077,WFOM-3685eff7a848d2b94841,Hamelia chrysantha species treatment (nybg memoirs),"Flowers not or obscurely secund, 13-18 mm long, pedicellate, the pedicel 2.5-5 mm long;",species_direct,wfo_id_species_rank_accepted_name_exact,provider_treatment:nybg_memoirs:wfo-0000979077,provider_treatment_wfo_id,wfo-official-bulk-morphology-recovery-20260808,wfo_bulk_morphology_recovery_20260808,wfo_morphology_recovered_evidence.csv.gz,wfo_morphology_subject_gate_plus_quote_audit_v1,True,wild_or_flora_treatment,codex_gpt5_wfo_morphology_full_census_quote_audit_20260808,2026-08-08T10:37:56.763775Z,accepted_after_full_census_exact_quote_review
Hamelia chrysantha,floral_structural_complexity,flower_size_class,medium,high,latest_public_web,nybg_memoirs,https://list.worldfloraonline.org/wfo-0000979077,WFOM-88fbe8bcfdc87a8ddf43,Hamelia chrysantha species treatment (nybg memoirs),"corolla tubular, 11-14.5 mm long, the tube 2-2.5 mm broad, copper-yellow to pale yellow, glabrous, raphides absent, the",species_direct,wfo_id_species_rank_accepted_name_exact,provider_treatment:nybg_memoirs:wfo-0000979077,provider_treatment_wfo_id,wfo-official-bulk-morphology-recovery-20260808,wfo_bulk_morphology_recovery_20260808,wfo_morphology_recovered_evidence.csv.gz,wfo_morphology_subject_gate_plus_quote_audit_v1,True,wild_or_flora_treatment,codex_gpt5_wfo_morphology_full_census_quote_audit_20260808,2026-08-08T10:37:56.763775Z,accepted_after_full_census_exact_quote_review
Hamelia cuprea,floral_structural_complexity,flower_size_class,large,high,latest_public_web,nybg_memoirs,https://list.worldfloraonline.org/wfo-0000979082,WFOM-bce673c6a3ac972a0a23,Hamelia cuprea species treatment (nybg memoirs),"corolla infundibular, expanding toward the apex, chrome yehow, 2.5-3.8 cm long, tube 6-10 mm broad, lobes broadly ovate",species_direct,wfo_id_species_rank_accepted_name_exact,provider_treatment:nybg_memoirs:wfo-0000979082,provider_treatment_wfo_id,wfo-official-bulk-morphology-recovery-20260808,wfo_bulk_morphology_recovery_20260808,wfo_morphology_recovered_evidence.csv.gz,wfo_morphology_subject_gate_plus_quote_audit_v1,True,wild_or_flora_treatment,codex_gpt5_wfo_morphology_full_census_quote_audit_20260808,2026-08-08T10:37:56.763775Z,accepted_after_full_census_exact_quote_review
Hamelia magnifolia,floral_structural_complexity,flower_size_class,medium,high,latest_public_web,nybg_memoirs,https://list.worldfloraonline.org/wfo-0000979101,WFOM-a71563b8c713dc0f600a,Hamelia magnifolia species treatment (nybg memoirs),"Flowers secund, 12-15 mm long, sessile;",species_direct,wfo_id_species_rank_accepted_name_exact,provider_treatment:nybg_memoirs:wfo-0000979101,provider_treatment_wfo_id,wfo-official-bulk-morphology-recovery-20260808,wfo_bulk_morphology_recovery_20260808,wfo_morphology_recovered_evidence.csv.gz,wfo_morphology_subject_gate_plus_quote_audit_v1,True,wild_or_flora_treatment,codex_gpt5_wfo_morphology_full_census_quote_audit_20260808,2026-08-08T10:37:56.763775Z,accepted_after_full_census_exact_quote_review
Hamelia papillosa,floral_structural_complexity,flower_size_class,medium,high,latest_public_web,nybg_memoirs,https://list.worldfloraonline.org/wfo-0000979109,WFOM-f5836f6684a3f824b353,Hamelia papillosa species treatment (nybg memoirs),"Flowers secund, 2.2-3.6 cm long, sessile to short-pedicellate, the pedicel to 3 mm long;",species_direct,wfo_id_species_rank_accepted_name_exact,provider_treatment:nybg_memoirs:wfo-0000979109,provider_treatment_wfo_id,wfo-official-bulk-morphology-recovery-20260808,wfo_bulk_morphology_recovery_20260808,wfo_morphology_recovered_evidence.csv.gz,wfo_morphology_subject_gate_plus_quote_audit_v1,True,wild_or_flora_treatment,codex_gpt5_wfo_morphology_full_census_quote_audit_20260808,2026-08-08T10:37:56.763775Z,accepted_after_full_census_exact_quote_review
Hamelia patens,floral_structural_complexity,flower_size_class,medium,high,latest_public_web,nybg_memoirs,https://list.worldfloraonline.org/wfo-0000979110,WFOM-29700f9a8a3957d115e7,Hamelia patens species treatment (nybg memoirs),"Flowers secund, 15-25 mm long, sessile to short pediceUate, the pedicel to 1 mm long;",species_direct,wfo_id_species_rank_accepted_name_exact,provider_treatment:nybg_memoirs:wfo-0000979110,provider_treatment_wfo_id,wfo-official-bulk-morphology-recovery-20260808,wfo_bulk_morphology_recovery_20260808,wfo_morphology_recovered_evidence.csv.gz,wfo_morphology_subject_gate_plus_quote_audit_v1,True,wild_or_flora_treatment,codex_gpt5_wfo_morphology_full_census_quote_audit_20260808,2026-08-08T10:37:56.763775Z,accepted_after_full_census_exact_quote_review
Hamelia rovirosae,floral_structural_complexity,flower_size_class,medium,high,latest_public_web,nybg_memoirs,https://list.worldfloraonline.org/wfo-0000979120,WFOM-885437141627dbe8df5f,Hamelia rovirosae species treatment (nybg memoirs),"Flowers secund, 2.1-2.6 cm long, sessile to short-pedicellate, the pedicel 1-2 mm long;",species_direct,wfo_id_species_rank_accepted_name_exact,provider_treatment:nybg_memoirs:wfo-0000979120,provider_treatment_wfo_id,wfo-official-bulk-morphology-recovery-20260808,wfo_bulk_morphology_recovery_20260808,wfo_morphology_recovered_evidence.csv.gz,wfo_morphology_subject_gate_plus_quote_audit_v1,True,wild_or_flora_treatment,codex_gpt5_wfo_morphology_full_census_quote_audit_20260808,2026-08-08T10:37:56.763775Z,accepted_after_full_census_exact_quote_review
Hamelia ventricosa,floral_structural_complexity,flower_size_class,large,high,latest_public_web,nybg_memoirs,https://list.worldfloraonline.org/wfo-0000979130,WFOM-a013e54fc0763aa1d164,Hamelia ventricosa species treatment (nybg memoirs),"corolla infundibular, usuahy constricted at base, bright yellow, (2.6-)3.5-5 cm long, dhated at apex to 1-2 cm broad, gl",species_direct,wfo_id_species_rank_accepted_name_exact,provider_treatment:nybg_memoirs:wfo-0000979130,provider_treatment_wfo_id,wfo-official-bulk-morphology-recovery-20260808,wfo_bulk_morphology_recovery_20260808,wfo_morphology_recovered_evidence.csv.gz,wfo_morphology_subject_gate_plus_quote_audit_v1,True,wild_or_flora_treatment,codex_gpt5_wfo_morphology_full_census_quote_audit_20260808,2026-08-08T10:37:56.763775Z,accepted_after_full_census_exact_quote_review
Hamelia versicolor,floral_structural_complexity,flower_size_class,medium,high,latest_public_web,nybg_memoirs,https://list.worldfloraonline.org/wfo-0000979131,WFOM-ca82a9fb77a42f1d3a81,Hamelia versicolor species treatment (nybg memoirs),"Flowers not or obscurely secund, 1.2-1.8 cm long, sessile to pedicellate, the pedicel to 8 mm long;",species_direct,wfo_id_species_rank_synonym_name_exact,provider_treatment:nybg_memoirs:wfo-0000979131,provider_treatment_wfo_id,wfo-official-bulk-morphology-recovery-20260808,wfo_bulk_morphology_recovery_20260808,wfo_morphology_recovered_evidence.csv.gz,wfo_morphology_subject_gate_plus_quote_audit_v1,True,wild_or_flora_treatment,codex_gpt5_wfo_morphology_full_census_quote_audit_20260808,2026-08-08T10:37:56.763775Z,accepted_after_full_census_exact_quote_review
Hamelia xerocarpa,floral_structural_complexity,flower_size_class,medium,high,latest_public_web,nybg_memoirs,https://list.worldfloraonline.org/wfo-0000979134,WFOM-350f2a43d5fa082831ec,Hamelia xerocarpa species treatment (nybg memoirs),"corolla salverform, gradually expanding toward apex, yellow, 2.2-3.6 cm long, the tube 4-7 mm broad, glabrous to densely",species_direct,wfo_id_species_rank_accepted_name_exact,provider_treatment:nybg_memoirs:wfo-0000979134,provider_treatment_wfo_id,wfo-official-bulk-morphology-recovery-20260808,wfo_bulk_morphology_recovery_20260808,wfo_morphology_recovered_evidence.csv.gz,wfo_morphology_subject_gate_plus_quote_audit_v1,True,wild_or_flora_treatment,codex_gpt5_wfo_morphology_full_census_quote_audit_20260808,2026-08-08T10:37:56.763775Z,accepted_after_full_census_exact_quote_review
Hamelia xerocarpa,floral_structural_complexity,flower_size_class,large,high,latest_public_web,nybg_memoirs,https://list.worldfloraonline.org/wfo-0000979134,WFOM-91f327fe3c9cc4f06f4d,Hamelia xerocarpa species treatment (nybg memoirs),"Flowers secund, 2.7-3.7 cm long, usually sessile, when pedicellate (rarely) the pedicel to 2 mm long;",species_direct,wfo_id_species_rank_accepted_name_exact,provider_treatment:nybg_memoirs:wfo-0000979134,provider_treatment_wfo_id,wfo-official-bulk-morphology-recovery-20260808,wfo_bulk_morphology_recovery_20260808,wfo_morphology_recovered_evidence.csv.gz,wfo_morphology_subject_gate_plus_quote_audit_v1,True,wild_or_flora_treatment,codex_gpt5_wfo_morphology_full_census_quote_audit_20260808,2026-08-08T10:37:56.763775Z,accepted_after_full_census_exact_quote_review
Hippobroma longiflora,floral_structural_complexity,flower_size_class,very_large,high,latest_public_web,nybg_memoirs,https://list.worldfloraonline.org/wfo-0000833400,WFOM-f7e54cd1ae0840f20eb8,Hippobroma longiflora species treatment (nybg memoirs),"corolla white, salverform, long-tubular (8-16 cm long), with 5 oblong spreading lobes;",species_direct,wfo_id_species_rank_accepted_name_exact,provider_treatment:nybg_memoirs:wfo-0000833400,provider_treatment_wfo_id,wfo-official-bulk-morphology-recovery-20260808,wfo_bulk_morphology_recovery_20260808,wfo_morphology_recovered_evidence.csv.gz,wfo_morphology_subject_gate_plus_quote_audit_v1,True,wild_or_flora_treatment,codex_gpt5_wfo_morphology_full_census_quote_audit_20260808,2026-08-08T10:37:56.763775Z,accepted_after_full_census_exact_quote_review
Hyptis capitata,floral_structural_complexity,flower_size_class,small,high,latest_public_web,nybg_memoirs,https://list.worldfloraonline.org/wfo-0000216535,WFOM-cb431b8affdcd9504fd7,Hyptis capitata species treatment (nybg memoirs),"corolla white, 3-5 mm long, pubescent at apex;",species_direct,wfo_id_species_rank_accepted_name_exact,provider_treatment:nybg_memoirs:wfo-0000216535,provider_treatment_wfo_id,wfo-official-bulk-morphology-recovery-20260808,wfo_bulk_morphology_recovery_20260808,wfo_morphology_recovered_evidence.csv.gz,wfo_morphology_subject_gate_plus_quote_audit_v1,True,wild_or_flora_treatment,codex_gpt5_wfo_morphology_full_census_quote_audit_20260808,2026-08-08T10:37:56.763775Z,accepted_after_full_census_exact_quote_review
Ipomoea nil,floral_structural_complexity,flower_size_class,large,high,latest_public_web,nybg_memoirs,https://list.worldfloraonline.org/wfo-0000747940,WFOM-98745527fae0cfeff101,Ipomoea nil species treatment (nybg memoirs),"corolla funnel-shaped, 4-4.5 cm long, light blue, lavender or fuchsia, with white tube, the lobes rounded;",species_direct,wfo_id_species_rank_accepted_name_exact,provider_treatment:nybg_memoirs:wfo-0000747940,provider_treatment_wfo_id,wfo-official-bulk-morphology-recovery-20260808,wfo_bulk_morphology_recovery_20260808,wfo_morphology_recovered_evidence.csv.gz,wfo_morphology_subject_gate_plus_quote_audit_v1,True,wild_or_flora_treatment,codex_gpt5_wfo_morphology_full_census_quote_audit_20260808,2026-08-08T10:37:56.763775Z,accepted_after_full_census_exact_quote_review
Ipomoea repanda,floral_structural_complexity,flower_size_class,large,high,latest_public_web,nybg_memoirs,https://list.worldfloraonline.org/wfo-0001297258,WFOM-8fae2fa72a841b787971,Ipomoea repanda species treatment (nybg memoirs),"corolla salverform, bright pink to scarlet, 4-5.5 cm long, the limb with 5 elongate, reflexed lobes, with obtuse apices;",species_direct,wfo_id_species_rank_accepted_name_exact,provider_treatment:nybg_memoirs:wfo-0001297258,provider_treatment_wfo_id,wfo-official-bulk-morphology-recovery-20260808,wfo_bulk_morphology_recovery_20260808,wfo_morphology_recovered_evidence.csv.gz,wfo_morphology_subject_gate_plus_quote_audit_v1,True,wild_or_flora_treatment,codex_gpt5_wfo_morphology_full_census_quote_audit_20260808,2026-08-08T10:37:56.763775Z,accepted_after_full_census_exact_quote_review
Jacquinia arborea,floral_structural_complexity,flower_size_class,small,high,latest_public_web,nybg_memoirs,https://list.worldfloraonline.org/wfo-0000355247,WFOM-f8230f6aae0077ceb988,Jacquinia arborea species treatment (nybg memoirs),"corolla white, 5-8 mm long, the lobes oblong, spreading, retuse at apex;",species_direct,wfo_id_species_rank_accepted_name_exact,provider_treatment:nybg_memoirs:wfo-0000355247,provider_treatment_wfo_id,wfo-official-bulk-morphology-recovery-20260808,wfo_bulk_morphology_recovery_20260808,wfo_morphology_recovered_evidence.csv.gz,wfo_morphology_subject_gate_plus_quote_audit_v1,True,wild_or_flora_treatment,codex_gpt5_wfo_morphology_full_census_quote_audit_20260808,2026-08-08T10:37:56.763775Z,accepted_after_full_census_exact_quote_review
Justicia carthaginensis,floral_structural_complexity,flower_size_class,large,high,latest_public_web,nybg_memoirs,https://list.worldfloraonline.org/wfo-0000354479,WFOM-eeb6d6d4335c3013744d,Justicia carthaginensis species treatment (nybg memoirs),"corolla reddish purple or violet, 3-4 cm long, with glandular hairs externally and often with whitish stripes within.",species_direct,wfo_id_species_rank_accepted_name_exact,provider_treatment:nybg_memoirs:wfo-0000354479,provider_treatment_wfo_id,wfo-official-bulk-morphology-recovery-20260808,wfo_bulk_morphology_recovery_20260808,wfo_morphology_recovered_evidence.csv.gz,wfo_morphology_subject_gate_plus_quote_audit_v1,True,wild_or_flora_treatment,codex_gpt5_wfo_morphology_full_census_quote_audit_20260808,2026-08-08T10:37:56.763775Z,accepted_after_full_census_exact_quote_review
Justicia periplocifolia,floral_structural_complexity,flower_size_class,medium,high,latest_public_web,nybg_memoirs,https://list.worldfloraonline.org/wfo-0000353562,WFOM-159a43e3a39197067c8e,Justicia periplocifolia species treatment (nybg memoirs),"corolla lavender, 2.5 cm long, funnelshaped, sparsely covered with glandular hairs externally, the lobes 1.2 cm long.",species_direct,wfo_id_species_rank_accepted_name_exact,provider_treatment:nybg_memoirs:wfo-0000353562,provider_treatment_wfo_id,wfo-official-bulk-morphology-recovery-20260808,wfo_bulk_morphology_recovery_20260808,wfo_morphology_recovered_evidence.csv.gz,wfo_morphology_subject_gate_plus_quote_audit_v1,True,wild_or_flora_treatment,codex_gpt5_wfo_morphology_full_census_quote_audit_20260808,2026-08-08T10:37:56.763775Z,accepted_after_full_census_exact_quote_review
Leonotis nepetifolia,floral_structural_complexity,flower_size_class,medium,high,latest_public_web,nybg_memoirs,https://list.worldfloraonline.org/wfo-0000224588,WFOM-9715ff0e64ad6f364a55,Leonotis nepetifolia species treatment (nybg memoirs),"corolla tubular, orange, 1.5-2 cm long, pubescent, the upper lip much longer than the lower one;",species_direct,wfo_id_species_rank_accepted_name_exact,provider_treatment:nybg_memoirs:wfo-0000224588,provider_treatment_wfo_id,wfo-official-bulk-morphology-recovery-20260808,wfo_bulk_morphology_recovery_20260808,wfo_morphology_recovered_evidence.csv.gz,wfo_morphology_subject_gate_plus_quote_audit_v1,True,wild_or_flora_treatment,codex_gpt5_wfo_morphology_full_census_quote_audit_20260808,2026-08-08T10:37:56.763775Z,accepted_after_full_census_exact_quote_review
Leonurus sibiricus,floral_structural_complexity,flower_size_class,medium,high,latest_public_web,nybg_memoirs,https://list.worldfloraonline.org/wfo-0000224723,WFOM-bc7c3a920063b0f5b127,Leonurus sibiricus species treatment (nybg memoirs),"corolla deeply bilabiate, lavender, 1.1-1.2 cm long, pubescent, the upper lip slightly longer than the lower one;",species_direct,wfo_id_species_rank_accepted_name_exact,provider_treatment:nybg_memoirs:wfo-0000224723,provider_treatment_wfo_id,wfo-official-bulk-morphology-recovery-20260808,wfo_bulk_morphology_recovery_20260808,wfo_morphology_recovered_evidence.csv.gz,wfo_morphology_subject_gate_plus_quote_audit_v1,True,wild_or_flora_treatment,codex_gpt5_wfo_morphology_full_census_quote_audit_20260808,2026-08-08T10:37:56.763775Z,accepted_after_full_census_exact_quote_review
Lepidaploa sericea,floral_structural_complexity,flower_size_class,small,high,latest_public_web,nybg_memoirs,https://list.worldfloraonline.org/wfo-0000030805,WFOM-06118bf2f86d83c24c34,Lepidaploa sericea species treatment (nybg memoirs),"corollas 4-5 mm long, white, glabrous.",species_direct,wfo_id_species_rank_accepted_name_exact,provider_treatment:nybg_memoirs:wfo-0000030805,provider_treatment_wfo_id,wfo-official-bulk-morphology-recovery-20260808,wfo_bulk_morphology_recovery_20260808,wfo_morphology_recovered_evidence.csv.gz,wfo_morphology_subject_gate_plus_quote_audit_v1,True,wild_or_flora_treatment,codex_gpt5_wfo_morphology_full_census_quote_audit_20260808,2026-08-08T10:37:56.763775Z,accepted_after_full_census_exact_quote_review
Luzula luzulina,floral_structural_complexity,flower_size_class,small,high,latest_public_web,nybg_memoirs,https://list.worldfloraonline.org/wfo-0000777898,WFOM-296eaaa4e38d8712a354,Luzula luzulina species treatment (nybg memoirs),"perianth, to 6.0 mm long, rostrate, apex with the persistent base of the style, light brown to stramineous;",species_direct,wfo_id_species_rank_accepted_name_exact,provider_treatment:nybg_memoirs:wfo-0000777898,provider_treatment_wfo_id,wfo-official-bulk-morphology-recovery-20260808,wfo_bulk_morphology_recovery_20260808,wfo_morphology_recovered_evidence.csv.gz,wfo_morphology_subject_gate_plus_quote_audit_v1,True,wild_or_flora_treatment,codex_gpt5_wfo_morphology_full_census_quote_audit_20260808,2026-08-08T10:37:56.763775Z,accepted_after_full_census_exact_quote_review
Luzula rufescens,floral_structural_complexity,flower_size_class,small,high,latest_public_web,nybg_memoirs,https://list.worldfloraonline.org/wfo-0000778103,WFOM-707f45673f2f9319398c,Luzula rufescens species treatment (nybg memoirs),"perianth, to 3.5 mm long, tip acute to subtruncate with a short mueronate tip from the persistent base of the style, str",species_direct,wfo_id_species_rank_accepted_name_exact,provider_treatment:nybg_memoirs:wfo-0000778103,provider_treatment_wfo_id,wfo-official-bulk-morphology-recovery-20260808,wfo_bulk_morphology_recovery_20260808,wfo_morphology_recovered_evidence.csv.gz,wfo_morphology_subject_gate_plus_quote_audit_v1,True,wild_or_flora_treatment,codex_gpt5_wfo_morphology_full_census_quote_audit_20260808,2026-08-08T10:37:56.763775Z,accepted_after_full_census_exact_quote_review
Mammea americana,floral_structural_complexity,flower_size_class,medium,high,latest_public_web,nybg_memoirs,https://list.worldfloraonline.org/wfo-0000375040,WFOM-9d26dc6b5fb29b5c600a,Mammea americana species treatment (nybg memoirs),"Flowers 2.5-3 cm diam., bisexual and staminate, clustered in leaf axils.",species_direct,wfo_id_species_rank_accepted_name_exact,provider_treatment:nybg_memoirs:wfo-0000375040,provider_treatment_wfo_id,wfo-official-bulk-morphology-recovery-20260808,wfo_bulk_morphology_recovery_20260808,wfo_morphology_recovered_evidence.csv.gz,wfo_morphology_subject_gate_plus_quote_audit_v1,True,wild_or_flora_treatment,codex_gpt5_wfo_morphology_full_census_quote_audit_20260808,2026-08-08T10:37:56.763775Z,accepted_after_full_census_exact_quote_review
Manilkara bidentata,floral_structural_complexity,flower_size_class,small,high,latest_public_web,nybg_memoirs,https://list.worldfloraonline.org/wfo-0000235825,WFOM-0e64e9579fcb89774b94,Manilkara bidentata species treatment (nybg memoirs),"corolla cream-colored to white, 3-6 mm long, glabrous, the tube 0.5-1.5 mm long, the lobes 6, divided to base into 3 seg",species_direct,wfo_id_species_rank_accepted_name_exact,provider_treatment:nybg_memoirs:wfo-0000235825,provider_treatment_wfo_id,wfo-official-bulk-morphology-recovery-20260808,wfo_bulk_morphology_recovery_20260808,wfo_morphology_recovered_evidence.csv.gz,wfo_morphology_subject_gate_plus_quote_audit_v1,True,wild_or_flora_treatment,codex_gpt5_wfo_morphology_full_census_quote_audit_20260808,2026-08-08T10:37:56.763775Z,accepted_after_full_census_exact_quote_review
Mimosa pudica,floral_structural_complexity,flower_size_class,small,high,latest_public_web,nybg_memoirs,https://list.worldfloraonline.org/wfo-0000165372,WFOM-927d982cf5c4b32653fc,Mimosa pudica species treatment (nybg memoirs),"corolla 2.2-2.5 mm long, pinkish;",species_direct,wfo_id_species_rank_accepted_name_exact,provider_treatment:nybg_memoirs:wfo-0000165372,provider_treatment_wfo_id,wfo-official-bulk-morphology-recovery-20260808,wfo_bulk_morphology_recovery_20260808,wfo_morphology_recovered_evidence.csv.gz,wfo_morphology_subject_gate_plus_quote_audit_v1,True,wild_or_flora_treatment,codex_gpt5_wfo_morphology_full_census_quote_audit_20260808,2026-08-08T10:37:56.763775Z,accepted_after_full_census_exact_quote_review
Ocimum campechianum,floral_structural_complexity,flower_size_class,small,high,latest_public_web,nybg_memoirs,https://list.worldfloraonline.org/wfo-0000253244,WFOM-7d9d8f7c9ca6af8b5dbd,Ocimum campechianum species treatment (nybg memoirs),"corolla pink, lavender, or blue, 4-4.5 mm long, puberulent, the upper lip as long as the lower one;",species_direct,wfo_id_species_rank_accepted_name_exact,provider_treatment:nybg_memoirs:wfo-0000253244,provider_treatment_wfo_id,wfo-official-bulk-morphology-recovery-20260808,wfo_bulk_morphology_recovery_20260808,wfo_morphology_recovered_evidence.csv.gz,wfo_morphology_subject_gate_plus_quote_audit_v1,True,wild_or_flora_treatment,codex_gpt5_wfo_morphology_full_census_quote_audit_20260808,2026-08-08T10:37:56.763775Z,accepted_after_full_census_exact_quote_review
Oplonia microphylla,floral_structural_complexity,flower_size_class,medium,high,latest_public_web,nybg_memoirs,https://list.worldfloraonline.org/wfo-0001044467,WFOM-89eeb4c3137dd4033403,Oplonia microphylla species treatment (nybg memoirs),"corolla lavender or pink, 1.8- 2.0 cm long, the tube white within.",species_direct,wfo_id_species_rank_accepted_name_exact,provider_treatment:nybg_memoirs:wfo-0001044467,provider_treatment_wfo_id,wfo-official-bulk-morphology-recovery-20260808,wfo_bulk_morphology_recovery_20260808,wfo_morphology_recovered_evidence.csv.gz,wfo_morphology_subject_gate_plus_quote_audit_v1,True,wild_or_flora_treatment,codex_gpt5_wfo_morphology_full_census_quote_audit_20260808,2026-08-08T10:37:56.763775Z,accepted_after_full_census_exact_quote_review
Pentalinon luteum,floral_structural_complexity,flower_size_class,large,high,latest_public_web,nybg_memoirs,https://list.worldfloraonline.org/wfo-0000266801,WFOM-121a77ef03d3e65aade1,Pentalinon luteum species treatment (nybg memoirs),"corolla bright yellow, 3-6 cm long, the tube with reddish stripes within, the lobes rounded, 1.5-2 cm long.",species_direct,wfo_id_species_rank_accepted_name_exact,provider_treatment:nybg_memoirs:wfo-0000266801,provider_treatment_wfo_id,wfo-official-bulk-morphology-recovery-20260808,wfo_bulk_morphology_recovery_20260808,wfo_morphology_recovered_evidence.csv.gz,wfo_morphology_subject_gate_plus_quote_audit_v1,True,wild_or_flora_treatment,codex_gpt5_wfo_morphology_full_census_quote_audit_20260808,2026-08-08T10:37:56.763775Z,accepted_after_full_census_exact_quote_review
Physalis angulata,floral_structural_complexity,flower_size_class,small,high,latest_public_web,nybg_memoirs,https://list.worldfloraonline.org/wfo-0001024566,WFOM-7e271b505ff54fe48da6,Physalis angulata species treatment (nybg memoirs),"corolla broadly funnel-shaped, 6.5-9 mm long, light yellow, with 5 brown, semiannular spots within, the limb obtusely 5-",species_direct,wfo_id_species_rank_accepted_name_exact,provider_treatment:nybg_memoirs:wfo-0001024566,provider_treatment_wfo_id,wfo-official-bulk-morphology-recovery-20260808,wfo_bulk_morphology_recovery_20260808,wfo_morphology_recovered_evidence.csv.gz,wfo_morphology_subject_gate_plus_quote_audit_v1,True,wild_or_flora_treatment,codex_gpt5_wfo_morphology_full_census_quote_audit_20260808,2026-08-08T10:37:56.763775Z,accepted_after_full_census_exact_quote_review
Physalis cordata,floral_structural_complexity,flower_size_class,small,high,latest_public_web,nybg_memoirs,https://list.worldfloraonline.org/wfo-0001024643,WFOM-322f513da6290eaae599,Physalis cordata species treatment (nybg memoirs),"corolla broadly funnel-shaped, 9-10 mm long, light yellow, with 5 reddish, semiannular spots within, the limb 5-lobed;",species_direct,wfo_id_species_rank_accepted_name_exact,provider_treatment:nybg_memoirs:wfo-0001024643,provider_treatment_wfo_id,wfo-official-bulk-morphology-recovery-20260808,wfo_bulk_morphology_recovery_20260808,wfo_morphology_recovered_evidence.csv.gz,wfo_morphology_subject_gate_plus_quote_audit_v1,True,wild_or_flora_treatment,codex_gpt5_wfo_morphology_full_census_quote_audit_20260808,2026-08-08T10:37:56.763775Z,accepted_after_full_census_exact_quote_review
Piptocoma antillana,floral_structural_complexity,flower_size_class,small,high,latest_public_web,nybg_memoirs,https://list.worldfloraonline.org/wfo-0000017859,WFOM-9d4854eded9718c77f67,Piptocoma antillana species treatment (nybg memoirs),"Corollas 5-6 mm long, lavender, the lobes and sometimes the tube glandular.",species_direct,wfo_id_species_rank_accepted_name_exact,provider_treatment:nybg_memoirs:wfo-0000017859,provider_treatment_wfo_id,wfo-official-bulk-morphology-recovery-20260808,wfo_bulk_morphology_recovery_20260808,wfo_morphology_recovered_evidence.csv.gz,wfo_morphology_subject_gate_plus_quote_audit_v1,True,wild_or_flora_treatment,codex_gpt5_wfo_morphology_full_census_quote_audit_20260808,2026-08-08T10:37:56.763775Z,accepted_after_full_census_exact_quote_review
Pouteria multiflora,floral_structural_complexity,flower_size_class,small,high,latest_public_web,nybg_memoirs,https://list.worldfloraonline.org/wfo-0000281925,WFOM-6297fcd92e89d42e8c51,Pouteria multiflora species treatment (nybg memoirs),"corolla white to pinkish, tubular, 7-13 mm long, the tube 4-8 mm long, the lobes simple, mostly 6, but also from 4 to 8,",species_direct,wfo_id_species_rank_synonym_name_exact,provider_treatment:nybg_memoirs:wfo-0000281925,provider_treatment_wfo_id,wfo-official-bulk-morphology-recovery-20260808,wfo_bulk_morphology_recovery_20260808,wfo_morphology_recovered_evidence.csv.gz,wfo_morphology_subject_gate_plus_quote_audit_v1,True,wild_or_flora_treatment,codex_gpt5_wfo_morphology_full_census_quote_audit_20260808,2026-08-08T10:37:56.763775Z,accepted_after_full_census_exact_quote_review
Priva lappulacea,floral_structural_complexity,flower_size_class,small,high,latest_public_web,nybg_memoirs,https://list.worldfloraonline.org/wfo-0000283329,WFOM-61b6ab9f34f3112f291c,Priva lappulacea species treatment (nybg memoirs),"corolla light violet, 4-5 mm long;",species_direct,wfo_id_species_rank_accepted_name_exact,provider_treatment:nybg_memoirs:wfo-0000283329,provider_treatment_wfo_id,wfo-official-bulk-morphology-recovery-20260808,wfo_bulk_morphology_recovery_20260808,wfo_morphology_recovered_evidence.csv.gz,wfo_morphology_subject_gate_plus_quote_audit_v1,True,wild_or_flora_treatment,codex_gpt5_wfo_morphology_full_census_quote_audit_20260808,2026-08-08T10:37:56.763775Z,accepted_after_full_census_exact_quote_review
Pseudelephantopus spicatus,floral_structural_complexity,flower_size_class,small,high,latest_public_web,nybg_memoirs,https://list.worldfloraonline.org/wfo-0000050095,WFOM-d7b295c670bad2ea26c3,Pseudelephantopus spicatus species treatment (nybg memoirs),"Corollas 6-7 mm long, cream-colored, glabrous.",species_direct,wfo_id_species_rank_accepted_name_exact,provider_treatment:nybg_memoirs:wfo-0000050095,provider_treatment_wfo_id,wfo-official-bulk-morphology-recovery-20260808,wfo_bulk_morphology_recovery_20260808,wfo_morphology_recovered_evidence.csv.gz,wfo_morphology_subject_gate_plus_quote_audit_v1,True,wild_or_flora_treatment,codex_gpt5_wfo_morphology_full_census_quote_audit_20260808,2026-08-08T10:37:56.763775Z,accepted_after_full_census_exact_quote_review
Renealmia guianensis,floral_structural_complexity,flower_size_class,medium,high,latest_public_web,nybg_memoirs,https://list.worldfloraonline.org/wfo-0000510658,WFOM-18ea095e78365f738ebf,Renealmia guianensis species treatment (nybg memoirs),"corolla creamy yellow, 10-12 mm long;",species_direct,wfo_id_species_rank_accepted_name_exact,provider_treatment:nybg_memoirs:wfo-0000510658,provider_treatment_wfo_id,wfo-official-bulk-morphology-recovery-20260808,wfo_bulk_morphology_recovery_20260808,wfo_morphology_recovered_evidence.csv.gz,wfo_morphology_subject_gate_plus_quote_audit_v1,True,wild_or_flora_treatment,codex_gpt5_wfo_morphology_full_census_quote_audit_20260808,2026-08-08T10:37:56.763775Z,accepted_after_full_census_exact_quote_review
Renealmia monosperma,floral_structural_complexity,flower_size_class,medium,high,latest_public_web,nybg_memoirs,https://list.worldfloraonline.org/wfo-0000510846,WFOM-4d5c3bae45794799c66f,Renealmia monosperma species treatment (nybg memoirs),"corolla pinkish white, 10-12 mm long;",species_direct,wfo_id_species_rank_accepted_name_exact,provider_treatment:nybg_memoirs:wfo-0000510846,provider_treatment_wfo_id,wfo-official-bulk-morphology-recovery-20260808,wfo_bulk_morphology_recovery_20260808,wfo_morphology_recovered_evidence.csv.gz,wfo_morphology_subject_gate_plus_quote_audit_v1,True,wild_or_flora_treatment,codex_gpt5_wfo_morphology_full_census_quote_audit_20260808,2026-08-08T10:37:56.763775Z,accepted_after_full_census_exact_quote_review
Ruellia coccinea,floral_structural_complexity,flower_size_class,medium,high,latest_public_web,nybg_memoirs,https://list.worldfloraonline.org/wfo-0000401988,WFOM-ad2c5317ac331877d9b9,Ruellia coccinea species treatment (nybg memoirs),"corolla red, pink, or crimson, 2.2-3 cm long, puberulent externally;",species_direct,wfo_id_species_rank_accepted_name_exact,provider_treatment:nybg_memoirs:wfo-0000401988,provider_treatment_wfo_id,wfo-official-bulk-morphology-recovery-20260808,wfo_bulk_morphology_recovery_20260808,wfo_morphology_recovered_evidence.csv.gz,wfo_morphology_subject_gate_plus_quote_audit_v1,True,wild_or_flora_treatment,codex_gpt5_wfo_morphology_full_census_quote_audit_20260808,2026-08-08T10:37:56.763775Z,accepted_after_full_census_exact_quote_review
Samanea saman,floral_structural_complexity,flower_size_class,medium,high,latest_public_web,nybg_memoirs,https://list.worldfloraonline.org/wfo-0000194888,WFOM-9dd0cd2339042483d460,Samanea saman species treatment (nybg memoirs),"corolla 11-13 mm long, pink;",species_direct,wfo_id_species_rank_accepted_name_exact,provider_treatment:nybg_memoirs:wfo-0000194888,provider_treatment_wfo_id,wfo-official-bulk-morphology-recovery-20260808,wfo_bulk_morphology_recovery_20260808,wfo_morphology_recovered_evidence.csv.gz,wfo_morphology_subject_gate_plus_quote_audit_v1,True,wild_or_flora_treatment,codex_gpt5_wfo_morphology_full_census_quote_audit_20260808,2026-08-08T10:37:56.763775Z,accepted_after_full_census_exact_quote_review
Schoepfia obovata,floral_structural_complexity,flower_size_class,small,high,latest_public_web,nybg_memoirs,https://list.worldfloraonline.org/wfo-0001087300,WFOM-8dfc62bf5d23217d2aa8,Schoepfia obovata species treatment (nybg memoirs),"corolla reddish or greenish yellow, bell-shaped, 4-5 mm long, with 4 ovate, spreading lobes, the tube with a tuft of hai",species_direct,wfo_id_species_rank_accepted_name_exact,provider_treatment:nybg_memoirs:wfo-0001087300,provider_treatment_wfo_id,wfo-official-bulk-morphology-recovery-20260808,wfo_bulk_morphology_recovery_20260808,wfo_morphology_recovered_evidence.csv.gz,wfo_morphology_subject_gate_plus_quote_audit_v1,True,wild_or_flora_treatment,codex_gpt5_wfo_morphology_full_census_quote_audit_20260808,2026-08-08T10:37:56.763775Z,accepted_after_full_census_exact_quote_review
Schoepfia schreberi,floral_structural_complexity,flower_size_class,small,high,latest_public_web,nybg_memoirs,https://list.worldfloraonline.org/wfo-0000505522,WFOM-c70697d40026527e8483,Schoepfia schreberi species treatment (nybg memoirs),"corolla bell-shaped, 4-4.5 mm long, the tube yellow, with a tuft of hairs at point of attachment of anthers within, the",species_direct,wfo_id_species_rank_accepted_name_exact,provider_treatment:nybg_memoirs:wfo-0000505522,provider_treatment_wfo_id,wfo-official-bulk-morphology-recovery-20260808,wfo_bulk_morphology_recovery_20260808,wfo_morphology_recovered_evidence.csv.gz,wfo_morphology_subject_gate_plus_quote_audit_v1,True,wild_or_flora_treatment,codex_gpt5_wfo_morphology_full_census_quote_audit_20260808,2026-08-08T10:37:56.763775Z,accepted_after_full_census_exact_quote_review
Scoparia dulcis,floral_structural_complexity,flower_size_class,small,high,latest_public_web,nybg_memoirs,https://list.worldfloraonline.org/wfo-0000495138,WFOM-c1882600c7dc923b6b9f,Scoparia dulcis species treatment (nybg memoirs),"corolla white, 3.5-4 mm long, the tube with long ascending hairs at base, the lobes 4, reflexed, oblong and rounded at a",species_direct,wfo_id_species_rank_accepted_name_exact,provider_treatment:nybg_memoirs:wfo-0000495138,provider_treatment_wfo_id,wfo-official-bulk-morphology-recovery-20260808,wfo_bulk_morphology_recovery_20260808,wfo_morphology_recovered_evidence.csv.gz,wfo_morphology_subject_gate_plus_quote_audit_v1,True,wild_or_flora_treatment,codex_gpt5_wfo_morphology_full_census_quote_audit_20260808,2026-08-08T10:37:56.763775Z,accepted_after_full_census_exact_quote_review
Selenicereus grandiflorus,floral_structural_complexity,flower_size_class,very_large,high,latest_public_web,nybg_memoirs,https://list.worldfloraonline.org/wfo-0000438959,WFOM-c2fc255f40d34e6cda47,Selenicereus grandiflorus species treatment (nybg memoirs),"Flowers 15-18 cm long, hanging, produced along the stem or terminal on branches.",species_direct,wfo_id_species_rank_accepted_name_exact,provider_treatment:nybg_memoirs:wfo-0000438959,provider_treatment_wfo_id,wfo-official-bulk-morphology-recovery-20260808,wfo_bulk_morphology_recovery_20260808,wfo_morphology_recovered_evidence.csv.gz,wfo_morphology_subject_gate_plus_quote_audit_v1,True,wild_or_flora_treatment,codex_gpt5_wfo_morphology_full_census_quote_audit_20260808,2026-08-08T10:37:56.763775Z,accepted_after_full_census_exact_quote_review
Sidastrum multiflorum,floral_structural_complexity,flower_size_class,small,high,latest_public_web,nybg_memoirs,https://list.worldfloraonline.org/wfo-0000505498,WFOM-3c91484dca66fa478126,Sidastrum multiflorum species treatment (nybg memoirs),"corolla 5 mm long, yellow;",species_direct,wfo_id_species_rank_accepted_name_exact,provider_treatment:nybg_memoirs:wfo-0000505498,provider_treatment_wfo_id,wfo-official-bulk-morphology-recovery-20260808,wfo_bulk_morphology_recovery_20260808,wfo_morphology_recovered_evidence.csv.gz,wfo_morphology_subject_gate_plus_quote_audit_v1,True,wild_or_flora_treatment,codex_gpt5_wfo_morphology_full_census_quote_audit_20260808,2026-08-08T10:37:56.763775Z,accepted_after_full_census_exact_quote_review
Sideroxylon foetidissimum,floral_structural_complexity,flower_size_class,small,high,latest_public_web,nybg_memoirs,https://list.worldfloraonline.org/wfo-0000310731,WFOM-13cd96f09d8fdbfb0b0f,Sideroxylon foetidissimum species treatment (nybg memoirs),"corolla yellow, glabrous, 4-4.5 mm long, the tube 0.5-1.5 mm long, the lobes 5-6, ovate to lanceolate, with vestigial la",species_direct,wfo_id_species_rank_accepted_name_exact,provider_treatment:nybg_memoirs:wfo-0000310731,provider_treatment_wfo_id,wfo-official-bulk-morphology-recovery-20260808,wfo_bulk_morphology_recovery_20260808,wfo_morphology_recovered_evidence.csv.gz,wfo_morphology_subject_gate_plus_quote_audit_v1,True,wild_or_flora_treatment,codex_gpt5_wfo_morphology_full_census_quote_audit_20260808,2026-08-08T10:37:56.763775Z,accepted_after_full_census_exact_quote_review
Sideroxylon obovatum,floral_structural_complexity,flower_size_class,small,high,latest_public_web,nybg_memoirs,https://list.worldfloraonline.org/wfo-0000310881,WFOM-d0bd87310bf786eba69f,Sideroxylon obovatum species treatment (nybg memoirs),"corolla yellow or cream-colored, glabrous, 3-4.5 mm long, the tube 1-1.5 mm long, the lobes 5, median segment ovate or e",species_direct,wfo_id_species_rank_accepted_name_exact,provider_treatment:nybg_memoirs:wfo-0000310881,provider_treatment_wfo_id,wfo-official-bulk-morphology-recovery-20260808,wfo_bulk_morphology_recovery_20260808,wfo_morphology_recovered_evidence.csv.gz,wfo_morphology_subject_gate_plus_quote_audit_v1,True,wild_or_flora_treatment,codex_gpt5_wfo_morphology_full_census_quote_audit_20260808,2026-08-08T10:37:56.763775Z,accepted_after_full_census_exact_quote_review
Soridium spruceanum,floral_structural_complexity,flower_size_class,small,high,latest_public_web,nybg_memoirs,https://list.worldfloraonline.org/wfo-0000740085,WFOM-530174ef803a2e90ea1f,Soridium spruceanum species treatment (nybg memoirs),"Flowers white, 2-5 mm diam.;",species_direct,wfo_id_species_rank_accepted_name_exact,provider_treatment:nybg_memoirs:wfo-0000740085,provider_treatment_wfo_id,wfo-official-bulk-morphology-recovery-20260808,wfo_bulk_morphology_recovery_20260808,wfo_morphology_recovered_evidence.csv.gz,wfo_morphology_subject_gate_plus_quote_audit_v1,True,wild_or_flora_treatment,codex_gpt5_wfo_morphology_full_census_quote_audit_20260808,2026-08-08T10:37:56.763775Z,accepted_after_full_census_exact_quote_review
Spachea elegans,floral_structural_complexity,flower_size_class,small,high,latest_public_web,nybg_memoirs,https://list.worldfloraonline.org/wfo-0000502247,WFOM-6554c46b5cbce073e734,Spachea elegans species treatment (nybg memoirs),"flowers, ca 3 mm long in ""perfect"" flowers;",species_direct,wfo_id_species_rank_accepted_name_exact,provider_treatment:nybg_memoirs:wfo-0000502247,provider_treatment_wfo_id,wfo-official-bulk-morphology-recovery-20260808,wfo_bulk_morphology_recovery_20260808,wfo_morphology_recovered_evidence.csv.gz,wfo_morphology_subject_gate_plus_quote_audit_v1,True,wild_or_flora_treatment,codex_gpt5_wfo_morphology_full_census_quote_audit_20260808,2026-08-08T10:37:56.763775Z,accepted_after_full_census_exact_quote_review
Spigelia anthelmia,floral_structural_complexity,flower_size_class,small,high,latest_public_web,nybg_memoirs,https://list.worldfloraonline.org/wfo-0000503119,WFOM-c99efa28d9d0fab05474,Spigelia anthelmia species treatment (nybg memoirs),"corolla greenish white or pinkish, 5-9 mm long, stamens 5, included in corolla tube;",species_direct,wfo_id_species_rank_accepted_name_exact,provider_treatment:nybg_memoirs:wfo-0000503119,provider_treatment_wfo_id,wfo-official-bulk-morphology-recovery-20260808,wfo_bulk_morphology_recovery_20260808,wfo_morphology_recovered_evidence.csv.gz,wfo_morphology_subject_gate_plus_quote_audit_v1,True,wild_or_flora_treatment,codex_gpt5_wfo_morphology_full_census_quote_audit_20260808,2026-08-08T10:37:56.763775Z,accepted_after_full_census_exact_quote_review
Stachytarpheta jamaicensis,floral_structural_complexity,flower_size_class,small,high,latest_public_web,nybg_memoirs,https://list.worldfloraonline.org/wfo-0000314894,WFOM-65d2ea66d1d46e12e731,Stachytarpheta jamaicensis species treatment (nybg memoirs),"corolla light violet to lavender, 6-9 mm long, the tube lighter, slightly curved, the lobes to 4 mm long, rounded, gland",species_direct,wfo_id_species_rank_accepted_name_exact,provider_treatment:nybg_memoirs:wfo-0000314894,provider_treatment_wfo_id,wfo-official-bulk-morphology-recovery-20260808,wfo_bulk_morphology_recovery_20260808,wfo_morphology_recovered_evidence.csv.gz,wfo_morphology_subject_gate_plus_quote_audit_v1,True,wild_or_flora_treatment,codex_gpt5_wfo_morphology_full_census_quote_audit_20260808,2026-08-08T10:37:56.763775Z,accepted_after_full_census_exact_quote_review
Stenandrium tuberosum,floral_structural_complexity,flower_size_class,medium,high,latest_public_web,nybg_memoirs,https://list.worldfloraonline.org/wfo-0001044478,WFOM-49188e975bf972b24e21,Stenandrium tuberosum species treatment (nybg memoirs),"corolla pinkish lavender, to 1.2 cm long.",species_direct,wfo_id_species_rank_accepted_name_exact,provider_treatment:nybg_memoirs:wfo-0001044478,provider_treatment_wfo_id,wfo-official-bulk-morphology-recovery-20260808,wfo_bulk_morphology_recovery_20260808,wfo_morphology_recovered_evidence.csv.gz,wfo_morphology_subject_gate_plus_quote_audit_v1,True,wild_or_flora_treatment,codex_gpt5_wfo_morphology_full_census_quote_audit_20260808,2026-08-08T10:37:56.763775Z,accepted_after_full_census_exact_quote_review
Tabebuia heterophylla,floral_structural_complexity,flower_size_class,large,high,latest_public_web,nybg_memoirs,https://list.worldfloraonline.org/wfo-0000780074,WFOM-60c08c78a3fdcc1f1ff7,Tabebuia heterophylla species treatment (nybg memoirs),"corolla pink or nearly white, funnel-shaped, 3.5-5 cm long, the tube paler than the lobes;",species_direct,wfo_id_species_rank_accepted_name_exact,provider_treatment:nybg_memoirs:wfo-0000780074,provider_treatment_wfo_id,wfo-official-bulk-morphology-recovery-20260808,wfo_bulk_morphology_recovery_20260808,wfo_morphology_recovered_evidence.csv.gz,wfo_morphology_subject_gate_plus_quote_audit_v1,True,wild_or_flora_treatment,codex_gpt5_wfo_morphology_full_census_quote_audit_20260808,2026-08-08T10:37:56.763775Z,accepted_after_full_census_exact_quote_review
Tecoma stans,floral_structural_complexity,flower_size_class,large,high,latest_public_web,nybg_memoirs,https://list.worldfloraonline.org/wfo-0000779838,WFOM-6ffba9c2d4e9c5492a40,Tecoma stans species treatment (nybg memoirs),"corolla yellow, 4-5 cm long, zygomorphic, funnel-shaped, the tube very narrow at base, gradually opening toward the thro",species_direct,wfo_id_species_rank_accepted_name_exact,provider_treatment:nybg_memoirs:wfo-0000779838,provider_treatment_wfo_id,wfo-official-bulk-morphology-recovery-20260808,wfo_bulk_morphology_recovery_20260808,wfo_morphology_recovered_evidence.csv.gz,wfo_morphology_subject_gate_plus_quote_audit_v1,True,wild_or_flora_treatment,codex_gpt5_wfo_morphology_full_census_quote_audit_20260808,2026-08-08T10:37:56.763775Z,accepted_after_full_census_exact_quote_review
Wissadula periplocifolia,floral_structural_complexity,flower_size_class,small,high,latest_public_web,nybg_memoirs,https://list.worldfloraonline.org/wfo-0000427236,WFOM-a795d54257758f5a0e91,Wissadula periplocifolia species treatment (nybg memoirs),"corolla 3-4 mm long, yellow or white, sometimes with red center;",species_direct,wfo_id_species_rank_accepted_name_exact,provider_treatment:nybg_memoirs:wfo-0000427236,provider_treatment_wfo_id,wfo-official-bulk-morphology-recovery-20260808,wfo_bulk_morphology_recovery_20260808,wfo_morphology_recovered_evidence.csv.gz,wfo_morphology_subject_gate_plus_quote_audit_v1,True,wild_or_flora_treatment,codex_gpt5_wfo_morphology_full_census_quote_audit_20260808,2026-08-08T10:37:56.763775Z,accepted_after_full_census_exact_quote_review
Yucca aloifolia,floral_structural_complexity,flower_size_class,large,high,latest_public_web,nybg_memoirs,https://list.worldfloraonline.org/wfo-0000752064,WFOM-96fd28bf3c2e9b171b6b,Yucca aloifolia species treatment (nybg memoirs),"perianth creamy-white, sometimes tinged with green or purple towards base, fleshy, 3-5.8 cm long;",species_direct,wfo_id_species_rank_accepted_name_exact,provider_treatment:nybg_memoirs:wfo-0000752064,provider_treatment_wfo_id,wfo-official-bulk-morphology-recovery-20260808,wfo_bulk_morphology_recovery_20260808,wfo_morphology_recovered_evidence.csv.gz,wfo_morphology_subject_gate_plus_quote_audit_v1,True,wild_or_flora_treatment,codex_gpt5_wfo_morphology_full_census_quote_audit_20260808,2026-08-08T10:37:56.763775Z,accepted_after_full_census_exact_quote_review
Abronia villosa,floral_structural_complexity,tube_depth_class,deep,high,latest_public_web,nybg_brittonia,https://list.worldfloraonline.org/wfo-0000511604,WFOM-a176494062804d23fd2f,Abronia villosa species treatment (nybg brittonia),"perianth tube 1.3-5 cm long, glandular-pubescent to villous, longest hairs at base of tube;",species_direct,wfo_id_species_rank_accepted_name_exact,provider_treatment:nybg_brittonia:wfo-0000511604,provider_treatment_wfo_id,wfo-official-bulk-morphology-recovery-20260808,wfo_bulk_morphology_recovery_20260808,wfo_morphology_recovered_evidence.csv.gz,wfo_morphology_subject_gate_plus_quote_audit_v1,True,wild_or_flora_treatment,codex_gpt5_wfo_morphology_full_census_quote_audit_20260808,2026-08-08T10:37:56.763775Z,accepted_after_full_census_exact_quote_review
Fischeria crispiflora,floral_structural_complexity,tube_depth_class,intermediate,high,latest_public_web,nybg_brittonia,https://list.worldfloraonline.org/wfo-0000947393,WFOM-a55f432390e8c38ab225,Fischeria crispiflora species treatment (nybg brittonia),"corolla salverform, white to creamcolored, glabrous without, tube 5-6 mm long, 1-1.5 mm diam., somewhat inflated at the",species_direct,wfo_accepted_usage_from_exact_synonym,provider_treatment:nybg_brittonia:wfo-0000947393,provider_treatment_wfo_id,wfo-official-bulk-morphology-recovery-20260808,wfo_bulk_morphology_recovery_20260808,wfo_morphology_recovered_evidence.csv.gz,wfo_morphology_subject_gate_plus_quote_audit_v1,True,wild_or_flora_treatment,codex_gpt5_wfo_morphology_full_census_quote_audit_20260808,2026-08-08T10:37:56.763775Z,accepted_after_full_census_exact_quote_review
Isertia coccinea,floral_structural_complexity,tube_depth_class,deep,high,latest_public_web,nybg_brittonia,https://list.worldfloraonline.org/wfo-0000217706,WFOM-3fadf47312431105090d,Isertia coccinea species treatment (nybg brittonia),"corolla reddish-orange proximally, grading to yellow distally or rarely entirely white, the tube 50-70 mm long, densely",species_direct,wfo_id_species_rank_accepted_name_exact,provider_treatment:nybg_brittonia:wfo-0000217706,provider_treatment_wfo_id,wfo-official-bulk-morphology-recovery-20260808,wfo_bulk_morphology_recovery_20260808,wfo_morphology_recovered_evidence.csv.gz,wfo_morphology_subject_gate_plus_quote_audit_v1,True,wild_or_flora_treatment,codex_gpt5_wfo_morphology_full_census_quote_audit_20260808,2026-08-08T10:37:56.763775Z,accepted_after_full_census_exact_quote_review
Isertia haenkeana,floral_structural_complexity,tube_depth_class,deep,high,latest_public_web,nybg_brittonia,https://list.worldfloraonline.org/wfo-0000217716,WFOM-cc93fe5d1a84edf734a5,Isertia haenkeana species treatment (nybg brittonia),"corolla bright yellow, turning brilliant orange or reddish, the tube 24-28 mm long, strigulose to hispid outside, glabro",species_direct,wfo_id_species_rank_accepted_name_exact,provider_treatment:nybg_brittonia:wfo-0000217716,provider_treatment_wfo_id,wfo-official-bulk-morphology-recovery-20260808,wfo_bulk_morphology_recovery_20260808,wfo_morphology_recovered_evidence.csv.gz,wfo_morphology_subject_gate_plus_quote_audit_v1,True,wild_or_flora_treatment,codex_gpt5_wfo_morphology_full_census_quote_audit_20260808,2026-08-08T10:37:56.763775Z,accepted_after_full_census_exact_quote_review
Isertia pittieri,floral_structural_complexity,tube_depth_class,deep,high,latest_public_web,nybg_brittonia,https://list.worldfloraonline.org/wfo-0000217732,WFOM-c969f8b490e302b27db1,Isertia pittieri species treatment (nybg brittonia),"corolla white, the tube 60-75 mm long, with copious villous pubescence inside around mouth, pubescent outside grading to",species_direct,wfo_id_species_rank_accepted_name_exact,provider_treatment:nybg_brittonia:wfo-0000217732,provider_treatment_wfo_id,wfo-official-bulk-morphology-recovery-20260808,wfo_bulk_morphology_recovery_20260808,wfo_morphology_recovered_evidence.csv.gz,wfo_morphology_subject_gate_plus_quote_audit_v1,True,wild_or_flora_treatment,codex_gpt5_wfo_morphology_full_census_quote_audit_20260808,2026-08-08T10:37:56.763775Z,accepted_after_full_census_exact_quote_review
Coffea arabica,floral_structural_complexity,tube_depth_class,intermediate,high,latest_public_web,nybg_memoirs,https://list.worldfloraonline.org/wfo-0000910097,WFOM-555cedacb052e117baa9,Coffea arabica species treatment (nybg memoirs),"corolla funnel-shaped, white, fragrant, the tube 7-12 mm long, the lobes 5-6, spreading, oblong, 7-10 mm long;",species_direct,wfo_id_species_rank_accepted_name_exact,provider_treatment:nybg_memoirs:wfo-0000910097,provider_treatment_wfo_id,wfo-official-bulk-morphology-recovery-20260808,wfo_bulk_morphology_recovery_20260808,wfo_morphology_recovered_evidence.csv.gz,wfo_morphology_subject_gate_plus_quote_audit_v1,True,wild_or_flora_treatment,codex_gpt5_wfo_morphology_full_census_quote_audit_20260808,2026-08-08T10:37:56.763775Z,accepted_after_full_census_exact_quote_review
Cordia alliodora,floral_structural_complexity,tube_depth_class,shallow,high,latest_public_web,nybg_memoirs,https://list.worldfloraonline.org/wfo-0000620227,WFOM-29748696246e6df7065b,Cordia alliodora species treatment (nybg memoirs),"corolla white, trumpetshaped, and persistent, the tube 3-7 mm long, the lobes spatulate, ascending, as long as the tube;",species_direct,wfo_id_species_rank_accepted_name_exact,provider_treatment:nybg_memoirs:wfo-0000620227,provider_treatment_wfo_id,wfo-official-bulk-morphology-recovery-20260808,wfo_bulk_morphology_recovery_20260808,wfo_morphology_recovered_evidence.csv.gz,wfo_morphology_subject_gate_plus_quote_audit_v1,True,wild_or_flora_treatment,codex_gpt5_wfo_morphology_full_census_quote_audit_20260808,2026-08-08T10:37:56.763775Z,accepted_after_full_census_exact_quote_review
Cordia rickseckeri,floral_structural_complexity,tube_depth_class,deep,high,latest_public_web,nybg_memoirs,https://list.worldfloraonline.org/wfo-0000620899,WFOM-fc86a01c9fb1aaab3b32,Cordia rickseckeri species treatment (nybg memoirs),"corolla orange or scarlet-red, trumpet-shaped, the tube 2-3 cm long, striate and pubescent without, the lobes 5-6, round",species_direct,wfo_id_species_rank_accepted_name_exact,provider_treatment:nybg_memoirs:wfo-0000620899,provider_treatment_wfo_id,wfo-official-bulk-morphology-recovery-20260808,wfo_bulk_morphology_recovery_20260808,wfo_morphology_recovered_evidence.csv.gz,wfo_morphology_subject_gate_plus_quote_audit_v1,True,wild_or_flora_treatment,codex_gpt5_wfo_morphology_full_census_quote_audit_20260808,2026-08-08T10:37:56.763775Z,accepted_after_full_census_exact_quote_review
Cordia sebestena,floral_structural_complexity,tube_depth_class,deep,high,latest_public_web,nybg_memoirs,https://list.worldfloraonline.org/wfo-0000620951,WFOM-61c16c8235101d8b4ba4,Cordia sebestena species treatment (nybg memoirs),"corolla orange or scarlet-red, trumpet-shaped, the tube 2.3-3.5 cm long, striate and pubescent without, the lobes 5-6 ro",species_direct,wfo_id_species_rank_accepted_name_exact,provider_treatment:nybg_memoirs:wfo-0000620951,provider_treatment_wfo_id,wfo-official-bulk-morphology-recovery-20260808,wfo_bulk_morphology_recovery_20260808,wfo_morphology_recovered_evidence.csv.gz,wfo_morphology_subject_gate_plus_quote_audit_v1,True,wild_or_flora_treatment,codex_gpt5_wfo_morphology_full_census_quote_audit_20260808,2026-08-08T10:37:56.763775Z,accepted_after_full_census_exact_quote_review
Erithalis fruticosa,floral_structural_complexity,tube_depth_class,shallow,high,latest_public_web,nybg_memoirs,https://list.worldfloraonline.org/wfo-0000953764,WFOM-0bc572f8795902d9040b,Erithalis fruticosa species treatment (nybg memoirs),"corolla nearly funnel-shaped, white, the tube 1-2 mm long, the lobes 5, reflexed, oblong, 3.5-4.5 mm long;",species_direct,wfo_id_species_rank_accepted_name_exact,provider_treatment:nybg_memoirs:wfo-0000953764,provider_treatment_wfo_id,wfo-official-bulk-morphology-recovery-20260808,wfo_bulk_morphology_recovery_20260808,wfo_morphology_recovered_evidence.csv.gz,wfo_morphology_subject_gate_plus_quote_audit_v1,True,wild_or_flora_treatment,codex_gpt5_wfo_morphology_full_census_quote_audit_20260808,2026-08-08T10:37:56.763775Z,accepted_after_full_census_exact_quote_review
Exostema caribaeum,floral_structural_complexity,tube_depth_class,deep,high,latest_public_web,nybg_memoirs,https://list.worldfloraonline.org/wfo-0000966139,WFOM-32dc2ef69b3c21624140,Exostema caribaeum species treatment (nybg memoirs),"corolla nearly trumpet-shaped, white but later turning cream-colored, the tube 3-4 cm long, cylindrical, the lobes 5, sp",species_direct,wfo_id_species_rank_accepted_name_exact,provider_treatment:nybg_memoirs:wfo-0000966139,provider_treatment_wfo_id,wfo-official-bulk-morphology-recovery-20260808,wfo_bulk_morphology_recovery_20260808,wfo_morphology_recovered_evidence.csv.gz,wfo_morphology_subject_gate_plus_quote_audit_v1,True,wild_or_flora_treatment,codex_gpt5_wfo_morphology_full_census_quote_audit_20260808,2026-08-08T10:37:56.763775Z,accepted_after_full_census_exact_quote_review
Faramea occidentalis,floral_structural_complexity,tube_depth_class,intermediate,high,latest_public_web,nybg_memoirs,https://list.worldfloraonline.org/wfo-0000966781,WFOM-cca11a25116e6f4f6715,Faramea occidentalis species treatment (nybg memoirs),"corolla nearly trumpetshaped, white, the tube 7-12 mm long, cylindrical, the lobes 4, reflexed, lanceolate, acuminate, 4",species_direct,wfo_id_species_rank_accepted_name_exact,provider_treatment:nybg_memoirs:wfo-0000966781,provider_treatment_wfo_id,wfo-official-bulk-morphology-recovery-20260808,wfo_bulk_morphology_recovery_20260808,wfo_morphology_recovered_evidence.csv.gz,wfo_morphology_subject_gate_plus_quote_audit_v1,True,wild_or_flora_treatment,codex_gpt5_wfo_morphology_full_census_quote_audit_20260808,2026-08-08T10:37:56.763775Z,accepted_after_full_census_exact_quote_review
Genipa americana,floral_structural_complexity,tube_depth_class,intermediate,high,latest_public_web,nybg_memoirs,https://list.worldfloraonline.org/wfo-0000971808,WFOM-4bec2096282789cc7a5a,Genipa americana species treatment (nybg memoirs),"corolla cream-colored, appressed pubescent without, the tube 10-12 mm long, cylindrical, the lobes 5, reflexed, oblong-o",species_direct,wfo_id_species_rank_accepted_name_exact,provider_treatment:nybg_memoirs:wfo-0000971808,provider_treatment_wfo_id,wfo-official-bulk-morphology-recovery-20260808,wfo_bulk_morphology_recovery_20260808,wfo_morphology_recovered_evidence.csv.gz,wfo_morphology_subject_gate_plus_quote_audit_v1,True,wild_or_flora_treatment,codex_gpt5_wfo_morphology_full_census_quote_audit_20260808,2026-08-08T10:37:56.763775Z,accepted_after_full_census_exact_quote_review
Geophila repens,floral_structural_complexity,tube_depth_class,intermediate,high,latest_public_web,nybg_memoirs,https://list.worldfloraonline.org/wfo-0000972431,WFOM-d7c1612228f1495dfbb5,Geophila repens species treatment (nybg memoirs),"corolla white, funnel-shaped, glabrous without, the throat pilose, the tube 7-9 mm long, cylindrical, the lobes 5, oblon",species_direct,wfo_id_species_rank_accepted_name_exact,provider_treatment:nybg_memoirs:wfo-0000972431,provider_treatment_wfo_id,wfo-official-bulk-morphology-recovery-20260808,wfo_bulk_morphology_recovery_20260808,wfo_morphology_recovered_evidence.csv.gz,wfo_morphology_subject_gate_plus_quote_audit_v1,True,wild_or_flora_treatment,codex_gpt5_wfo_morphology_full_census_quote_audit_20260808,2026-08-08T10:37:56.763775Z,accepted_after_full_census_exact_quote_review
Gonzalagunia hirsuta,floral_structural_complexity,tube_depth_class,intermediate,high,latest_public_web,nybg_memoirs,https://list.worldfloraonline.org/wfo-0000974521,WFOM-ec9855d0ff13403973e2,Gonzalagunia hirsuta species treatment (nybg memoirs),"corolla white, trumpet-shaped, pilose without, the throat densely pilose, the tube 6-9 mm long, narrowed at base, the lo",species_direct,wfo_id_species_rank_accepted_name_exact,provider_treatment:nybg_memoirs:wfo-0000974521,provider_treatment_wfo_id,wfo-official-bulk-morphology-recovery-20260808,wfo_bulk_morphology_recovery_20260808,wfo_morphology_recovered_evidence.csv.gz,wfo_morphology_subject_gate_plus_quote_audit_v1,True,wild_or_flora_treatment,codex_gpt5_wfo_morphology_full_census_quote_audit_20260808,2026-08-08T10:37:56.763775Z,accepted_after_full_census_exact_quote_review
Guettarda odorata,floral_structural_complexity,tube_depth_class,intermediate,high,latest_public_web,nybg_memoirs,https://list.worldfloraonline.org/wfo-0000976183,WFOM-c4ecc9122b80c1755bc7,Guettarda odorata species treatment (nybg memoirs),"corolla trumpet-shaped, appressed-pubescent without, the tube 6-11 mm long, pinkishtinged, the lobes rounded, ca.",species_direct,wfo_id_species_rank_accepted_name_exact,provider_treatment:nybg_memoirs:wfo-0000976183,provider_treatment_wfo_id,wfo-official-bulk-morphology-recovery-20260808,wfo_bulk_morphology_recovery_20260808,wfo_morphology_recovered_evidence.csv.gz,wfo_morphology_subject_gate_plus_quote_audit_v1,True,wild_or_flora_treatment,codex_gpt5_wfo_morphology_full_census_quote_audit_20260808,2026-08-08T10:37:56.763775Z,accepted_after_full_census_exact_quote_review
Heliotropium angiospermum,floral_structural_complexity,tube_depth_class,shallow,high,latest_public_web,nybg_memoirs,https://list.worldfloraonline.org/wfo-0000718386,WFOM-c5a7dcd152f79be94015,Heliotropium angiospermum species treatment (nybg memoirs),"corolla white, funnel-shaped, the tube 1.5-2 mm long, pubescent within, the lobes 0.5-1 mm long;",species_direct,wfo_id_species_rank_accepted_name_exact,provider_treatment:nybg_memoirs:wfo-0000718386,provider_treatment_wfo_id,wfo-official-bulk-morphology-recovery-20260808,wfo_bulk_morphology_recovery_20260808,wfo_morphology_recovered_evidence.csv.gz,wfo_morphology_subject_gate_plus_quote_audit_v1,True,wild_or_flora_treatment,codex_gpt5_wfo_morphology_full_census_quote_audit_20260808,2026-08-08T10:37:56.763775Z,accepted_after_full_census_exact_quote_review
Heliotropium curassavicum,floral_structural_complexity,tube_depth_class,shallow,high,latest_public_web,nybg_memoirs,https://list.worldfloraonline.org/wfo-0000718508,WFOM-ff78e684e0ed7f606034,Heliotropium curassavicum species treatment (nybg memoirs),"corolla white, urceolate, the tube 1.5-2 mm long, the lobes spreading, 0.5-1 mm long;",species_direct,wfo_id_species_rank_accepted_name_exact,provider_treatment:nybg_memoirs:wfo-0000718508,provider_treatment_wfo_id,wfo-official-bulk-morphology-recovery-20260808,wfo_bulk_morphology_recovery_20260808,wfo_morphology_recovered_evidence.csv.gz,wfo_morphology_subject_gate_plus_quote_audit_v1,True,wild_or_flora_treatment,codex_gpt5_wfo_morphology_full_census_quote_audit_20260808,2026-08-08T10:37:56.763775Z,accepted_after_full_census_exact_quote_review
Heliotropium indicum,floral_structural_complexity,tube_depth_class,shallow,high,latest_public_web,nybg_memoirs,https://list.worldfloraonline.org/wfo-0000718658,WFOM-0ca6ae958ca810eadc09,Heliotropium indicum species treatment (nybg memoirs),"corolla white, lilac, or light blue, urceolate, the tube 3-4 mm long, pubescent without, the lobes spreading, 0.5-1 mm l",species_direct,wfo_id_species_rank_accepted_name_exact,provider_treatment:nybg_memoirs:wfo-0000718658,provider_treatment_wfo_id,wfo-official-bulk-morphology-recovery-20260808,wfo_bulk_morphology_recovery_20260808,wfo_morphology_recovered_evidence.csv.gz,wfo_morphology_subject_gate_plus_quote_audit_v1,True,wild_or_flora_treatment,codex_gpt5_wfo_morphology_full_census_quote_audit_20260808,2026-08-08T10:37:56.763775Z,accepted_after_full_census_exact_quote_review
Ixora ferrea,floral_structural_complexity,tube_depth_class,shallow,high,latest_public_web,nybg_memoirs,https://list.worldfloraonline.org/wfo-0000218438,WFOM-25089a8f198e9ad09f73,Ixora ferrea species treatment (nybg memoirs),"corolla trumpetshaped, the tube 4-5 mm long, pinkish- or reddish-tinged, the lobes oblong, reflexed, ca.",species_direct,wfo_id_species_rank_accepted_name_exact,provider_treatment:nybg_memoirs:wfo-0000218438,provider_treatment_wfo_id,wfo-official-bulk-morphology-recovery-20260808,wfo_bulk_morphology_recovery_20260808,wfo_morphology_recovered_evidence.csv.gz,wfo_morphology_subject_gate_plus_quote_audit_v1,True,wild_or_flora_treatment,codex_gpt5_wfo_morphology_full_census_quote_audit_20260808,2026-08-08T10:37:56.763775Z,accepted_after_full_census_exact_quote_review
Morinda citrifolia,floral_structural_complexity,tube_depth_class,intermediate,high,latest_public_web,nybg_memoirs,https://list.worldfloraonline.org/wfo-0000245941,WFOM-b347071a048401a98511,Morinda citrifolia species treatment (nybg memoirs),"corolla trumpet-shaped, the tube 10-12 mm long, white to greenish without, pilose within, the lobes nearly lanceolate, s",species_direct,wfo_id_species_rank_accepted_name_exact,provider_treatment:nybg_memoirs:wfo-0000245941,provider_treatment_wfo_id,wfo-official-bulk-morphology-recovery-20260808,wfo_bulk_morphology_recovery_20260808,wfo_morphology_recovered_evidence.csv.gz,wfo_morphology_subject_gate_plus_quote_audit_v1,True,wild_or_flora_treatment,codex_gpt5_wfo_morphology_full_census_quote_audit_20260808,2026-08-08T10:37:56.763775Z,accepted_after_full_census_exact_quote_review
Palicourea croceoides,floral_structural_complexity,tube_depth_class,intermediate,high,latest_public_web,nybg_memoirs,https://list.worldfloraonline.org/wfo-0000262853,WFOM-830b21bf73f2c6cabb13,Palicourea croceoides species treatment (nybg memoirs),"corolla yellow, tubular, the tube constricted at the middle, 10-11.5 mm long, the lobes unequal, nearly lanceolate, 2.5-",species_direct,wfo_id_species_rank_accepted_name_exact,provider_treatment:nybg_memoirs:wfo-0000262853,provider_treatment_wfo_id,wfo-official-bulk-morphology-recovery-20260808,wfo_bulk_morphology_recovery_20260808,wfo_morphology_recovered_evidence.csv.gz,wfo_morphology_subject_gate_plus_quote_audit_v1,True,wild_or_flora_treatment,codex_gpt5_wfo_morphology_full_census_quote_audit_20260808,2026-08-08T10:37:56.763775Z,accepted_after_full_census_exact_quote_review
Randia aculeata,floral_structural_complexity,tube_depth_class,shallow,high,latest_public_web,nybg_memoirs,https://list.worldfloraonline.org/wfo-0000294284,WFOM-6f00b799adb733b0c968,Randia aculeata species treatment (nybg memoirs),"corolla white, tubular, the tube 3-4 mm long, hirsute within, the lobes 5-7 mm long, oblong, spreading;",species_direct,wfo_id_species_rank_accepted_name_exact,provider_treatment:nybg_memoirs:wfo-0000294284,provider_treatment_wfo_id,wfo-official-bulk-morphology-recovery-20260808,wfo_bulk_morphology_recovery_20260808,wfo_morphology_recovered_evidence.csv.gz,wfo_morphology_subject_gate_plus_quote_audit_v1,True,wild_or_flora_treatment,codex_gpt5_wfo_morphology_full_census_quote_audit_20260808,2026-08-08T10:37:56.763775Z,accepted_after_full_census_exact_quote_review
Rauvolfia nitida,floral_structural_complexity,tube_depth_class,shallow,high,latest_public_web,nybg_memoirs,https://list.worldfloraonline.org/wfo-0000295110,WFOM-6bd79da7083f60801ea9,Rauvolfia nitida species treatment (nybg memoirs),"corolla cream or greenish white, the tube 4-5.5 mm long, pubescent within, the lobes 2-3 mm long, rounded, spreading.",species_direct,wfo_id_species_rank_accepted_name_exact,provider_treatment:nybg_memoirs:wfo-0000295110,provider_treatment_wfo_id,wfo-official-bulk-morphology-recovery-20260808,wfo_bulk_morphology_recovery_20260808,wfo_morphology_recovered_evidence.csv.gz,wfo_morphology_subject_gate_plus_quote_audit_v1,True,wild_or_flora_treatment,codex_gpt5_wfo_morphology_full_census_quote_audit_20260808,2026-08-08T10:37:56.763775Z,accepted_after_full_census_exact_quote_review
Rochefortia acanthophora,floral_structural_complexity,tube_depth_class,shallow,high,latest_public_web,nybg_memoirs,https://list.worldfloraonline.org/wfo-0001215390,WFOM-2c3691c7ac093c2a292b,Rochefortia acanthophora species treatment (nybg memoirs),"corolla white to yellowish, funnel-shaped, the tube 1.5-2 mm long, striate, the lobes spreading or ascending, oblong, 2.",species_direct,wfo_id_species_rank_accepted_name_exact,provider_treatment:nybg_memoirs:wfo-0001215390,provider_treatment_wfo_id,wfo-official-bulk-morphology-recovery-20260808,wfo_bulk_morphology_recovery_20260808,wfo_morphology_recovered_evidence.csv.gz,wfo_morphology_subject_gate_plus_quote_audit_v1,True,wild_or_flora_treatment,codex_gpt5_wfo_morphology_full_census_quote_audit_20260808,2026-08-08T10:37:56.763775Z,accepted_after_full_census_exact_quote_review
Spermacoce confusa,floral_structural_complexity,tube_depth_class,shallow,high,latest_public_web,nybg_memoirs,https://list.worldfloraonline.org/wfo-0000312335,WFOM-6e45b4cb0af1b5c8d6b4,Spermacoce confusa species treatment (nybg memoirs),"corolla white, tubular, the tube 1-1.5 mm long, the lobes triangular ca.",species_direct,wfo_id_species_rank_accepted_name_exact,provider_treatment:nybg_memoirs:wfo-0000312335,provider_treatment_wfo_id,wfo-official-bulk-morphology-recovery-20260808,wfo_bulk_morphology_recovery_20260808,wfo_morphology_recovered_evidence.csv.gz,wfo_morphology_subject_gate_plus_quote_audit_v1,True,wild_or_flora_treatment,codex_gpt5_wfo_morphology_full_census_quote_audit_20260808,2026-08-08T10:37:56.763775Z,accepted_after_full_census_exact_quote_review
Symplocos martinicensis,floral_structural_complexity,tube_depth_class,intermediate,high,latest_public_web,nybg_memoirs,https://list.worldfloraonline.org/wfo-0000491015,WFOM-d5519a52b119cecb1dfe,Symplocos martinicensis species treatment (nybg memoirs),"corolla white, the tube 5-7 mm long, the lobes as long as the tube, oblong, reflexed;",species_direct,wfo_id_species_rank_accepted_name_exact,provider_treatment:nybg_memoirs:wfo-0000491015,provider_treatment_wfo_id,wfo-official-bulk-morphology-recovery-20260808,wfo_bulk_morphology_recovery_20260808,wfo_morphology_recovered_evidence.csv.gz,wfo_morphology_subject_gate_plus_quote_audit_v1,True,wild_or_flora_treatment,codex_gpt5_wfo_morphology_full_census_quote_audit_20260808,2026-08-08T10:37:56.763775Z,accepted_after_full_census_exact_quote_review
Tradescantia zebrina,floral_structural_complexity,tube_depth_class,intermediate,high,latest_public_web,nybg_memoirs,https://list.worldfloraonline.org/wfo-0000590331,WFOM-031c774624d31bb26247,Tradescantia zebrina species treatment (nybg memoirs),"corolla rose-violet, the tube 5-6 mm long, the lobes 4-6 mm long, ovate, spreading;",species_direct,wfo_id_species_rank_accepted_name_exact,provider_treatment:nybg_memoirs:wfo-0000590331,provider_treatment_wfo_id,wfo-official-bulk-morphology-recovery-20260808,wfo_bulk_morphology_recovery_20260808,wfo_morphology_recovered_evidence.csv.gz,wfo_morphology_subject_gate_plus_quote_audit_v1,True,wild_or_flora_treatment,codex_gpt5_wfo_morphology_full_census_quote_audit_20260808,2026-08-08T10:37:56.763775Z,accepted_after_full_census_exact_quote_review
