candidate_id,accepted_species,axis,trait_name,raw_value,normalized_value,evidence_quality,evidence_scope,source_group,source_provider,source_url,page_title,source_citation,source_excerpt,source_record_id,source_lineage,lineage_method,name_resolution_lineage,name_match_method,matched_page_name,source_tier,source_type,domain,language,wild_cultivated_cultivar_status,evidence_status,content_sha256,content_sha256_basis,retrieved_at_utc,query,search_rank,inference_rule
d4df8a74570c4420e69e2b16,Magnolia salicifolia,reproductive_assurance,autonomous_selfing_capacity,absent,absent,high,species_direct,high_leverage_direct_checkpoint,ishida_etal_2020_primary_article,https://www.davidpublisher.com/Public/uploads/Contribute/5ed76e5d17b9b.pdf,"Inbreeding and Inbreeding Depression in a Deciduous Shrub, Magnolia salicifolia, in the Understory of a Japanese Beech Forest","Ishida, Kikuchi & Hayashi (2020), Journal of Environmental Science and Engineering A 9:90-97, DOI 10.17265/2162-5298/2020.03.002","The pollination experiments revealed that M. salicifolia is self-compatible, although the flowers cannot set seeds under environments without pollinators.",doi:10.17265/2162-5298/2020.03.002:discussion:no-autonomy,doi:10.17265/2162-5298/2020.03.002,original_primary_article_doi,accepted_name_exact,accepted_name_exact,Magnolia salicifolia,A,primary_research_article,davidpublisher.com,en,wild_species_not_cultivar_limited,accepted_individual_source_backed_audit,99843970098822c65cab6d7afa78c7e984b8dfaad5c3e7516db1292bcd86f9e5,downloaded_primary_article_pdf_bytes,2026-08-11T05:07:49Z,priority_support2_exact_species_acquisition,,
8631306b61b701d165fc400c,Agave salmiana,reproductive_assurance,self_incompatibility,The plant is self-fertile,SC,medium,species_direct,high_leverage_direct_checkpoint,plants_for_a_future,https://pfaf.org/user/Plant.aspx?LatinName=Agave+salmiana,Plants For A Future species profile: Agave salmiana,"Plants For A Future species profile, compiled by Ken Fern",The plant is self-fertile,pfaf-page:3416ec498308c6c0773501db,ken-fern-useful-plants:species:agave salmiana,shared_ken_fern_species_lineage_across_provider_mirrors,accepted_name_exact,accepted_name_exact,Agave salmiana,B,specialist_species_database,pfaf.org,en,wild_species_not_cultivar_limited,accepted_individual_source_backed_audit,623ba9fbb9486753cbbbc81b91080cacacf73571a2f1ff3496af54381e31b76f,retrieved_species_page_bytes,2026-08-11T04:02:46.787151Z,priority_support2_exact_species_acquisition,,
d7b0670096aa0ca0b30407ae,Ageratina aromatica,reproductive_assurance,self_incompatibility,The plant is self-fertile,SC,medium,species_direct,high_leverage_direct_checkpoint,plants_for_a_future,https://pfaf.org/user/Plant.aspx?LatinName=Ageratina+aromatica,Plants For A Future species profile: Ageratina aromatica,"Plants For A Future species profile, compiled by Ken Fern",The plant is self-fertile,pfaf-page:e8b902dab75b8c4df6dc935a,ken-fern-useful-plants:species:ageratina aromatica,shared_ken_fern_species_lineage_across_provider_mirrors,accepted_name_exact,accepted_name_exact,Ageratina aromatica,B,specialist_species_database,pfaf.org,en,wild_species_not_cultivar_limited,accepted_individual_source_backed_audit,3801f6d4fb51346a74e4ee25a867151c123e93f5f4d895e36939adf449cc34e7,retrieved_species_page_bytes,2026-08-11T04:04:06.249093Z,priority_support2_exact_species_acquisition,,
1e90c015b1c8d3d9d443f8e5,Allium senescens,reproductive_assurance,self_incompatibility,The plant is self-fertile,SC,medium,species_direct,high_leverage_direct_checkpoint,plants_for_a_future,https://pfaf.org/user/Plant.aspx?LatinName=Allium+senescens,Plants For A Future species profile: Allium senescens,"Plants For A Future species profile, compiled by Ken Fern",The plant is self-fertile,pfaf-page:37d739423befe17343964ebc,ken-fern-useful-plants:species:allium senescens,shared_ken_fern_species_lineage_across_provider_mirrors,accepted_name_exact,accepted_name_exact,Allium senescens,B,specialist_species_database,pfaf.org,en,wild_species_not_cultivar_limited,accepted_individual_source_backed_audit,e988b937e6b8d06a1be959e15c00231cc215fabbaa15a90cfac499a9d1914167,retrieved_species_page_bytes,2026-08-11T04:03:03.182625Z,priority_support2_exact_species_acquisition,,
980ad3957f9f8c753cb827ca,Aloysia citriodora,reproductive_assurance,self_incompatibility,The plant is self-fertile,SC,medium,species_direct,high_leverage_direct_checkpoint,plants_for_a_future,https://pfaf.org/user/Plant.aspx?LatinName=Aloysia+citriodora,Plants For A Future species profile: Aloysia citriodora,"Plants For A Future species profile, compiled by Ken Fern",The plant is self-fertile,pfaf-page:1bafd24cb31962a301906891,ken-fern-useful-plants:species:aloysia citriodora,shared_ken_fern_species_lineage_across_provider_mirrors,accepted_name_exact,accepted_name_exact,Aloysia citriodora,B,specialist_species_database,pfaf.org,en,wild_species_not_cultivar_limited,accepted_individual_source_backed_audit,fbd2716e61d92061cfdf1ef5149d1980309a19bcf4bfe2cc4191a7ad775eee34,retrieved_species_page_bytes,2026-08-11T04:04:28.257721Z,priority_support2_exact_species_acquisition,,
dbae793d09112b7c3ea7d18a,Amelanchier canadensis,reproductive_assurance,self_incompatibility,The plant is self-fertile,SC,medium,species_direct,high_leverage_direct_checkpoint,plants_for_a_future,https://pfaf.org/user/plant.aspx?LatinName=Amelanchier+canadensis,Plants For A Future species profile: Amelanchier canadensis,"Plants For A Future species profile, compiled by Ken Fern",The plant is self-fertile,pfaf-page:b849a5a6b2070114ba060d44,ken-fern-useful-plants:species:amelanchier canadensis,shared_ken_fern_species_lineage_across_provider_mirrors,accepted_name_exact,accepted_name_exact,Amelanchier canadensis,B,specialist_species_database,pfaf.org,en,wild_species_not_cultivar_limited,accepted_individual_source_backed_audit,cface4994e628ccc60f8ea40c3c770a0cc6f656a9cccdc07057cd768bcc156ab,retrieved_species_page_bytes,2026-08-11T04:02:11.508751Z,priority_support2_exact_species_acquisition,,
2cfb426f27189d869ea4b159,Amelanchier interior,reproductive_assurance,self_incompatibility,The plant is self-fertile,SC,medium,species_direct,high_leverage_direct_checkpoint,plants_for_a_future,https://pfaf.org/user/Plant.aspx?LatinName=Amelanchier+interior,Plants For A Future species profile: Amelanchier interior,"Plants For A Future species profile, compiled by Ken Fern",The plant is self-fertile,pfaf-page:2dc3f7f761c8c8f41b3af598,ken-fern-useful-plants:species:amelanchier interior,shared_ken_fern_species_lineage_across_provider_mirrors,accepted_name_exact,accepted_name_exact,Amelanchier interior,B,specialist_species_database,pfaf.org,en,wild_species_not_cultivar_limited,accepted_individual_source_backed_audit,ee6c344694ce8d6c0eda30689ee568ab69b02818b560ef3c1e91971bc3bec95a,retrieved_species_page_bytes,2026-08-11T04:03:30.472853Z,priority_support2_exact_species_acquisition,,
82840fc3ab64f010c18387d2,Amelanchier intermedia,reproductive_assurance,self_incompatibility,The plant is self-fertile,SC,medium,species_direct,high_leverage_direct_checkpoint,plants_for_a_future,https://pfaf.org/user/Plant.aspx?LatinName=Amelanchier+intermedia,Plants For A Future species profile: Amelanchier intermedia,"Plants For A Future species profile, compiled by Ken Fern",The plant is self-fertile,pfaf-page:75b882577175236f99a75fd7,ken-fern-useful-plants:species:amelanchier intermedia,shared_ken_fern_species_lineage_across_provider_mirrors,accepted_name_exact,accepted_name_exact,Amelanchier intermedia,B,specialist_species_database,pfaf.org,en,wild_species_not_cultivar_limited,accepted_individual_source_backed_audit,225e8960f1c8440aefef302504ca32e0250eac1e3e3f3f3f1871559e252c3279,retrieved_species_page_bytes,2026-08-11T04:03:03.677282Z,priority_support2_exact_species_acquisition,,
37ed0513aa1964da901f466d,Amelanchier parviflora,reproductive_assurance,self_incompatibility,The plant is self-fertile,SC,medium,species_direct,high_leverage_direct_checkpoint,plants_for_a_future,https://pfaf.org/user/Plant.aspx?LatinName=Amelanchier+parviflora,Plants For A Future species profile: Amelanchier parviflora,"Plants For A Future species profile, compiled by Ken Fern",The plant is self-fertile,pfaf-page:6e77ecbd853280e1d942368d,ken-fern-useful-plants:species:amelanchier parviflora,shared_ken_fern_species_lineage_across_provider_mirrors,accepted_name_exact,accepted_name_exact,Amelanchier parviflora,B,specialist_species_database,pfaf.org,en,wild_species_not_cultivar_limited,accepted_individual_source_backed_audit,6a132bb4de99454c57dca8837ba29e89107f87413eaa22c798d7a3c30f7d988c,retrieved_species_page_bytes,2026-08-11T04:05:01.856652Z,priority_support2_exact_species_acquisition,,
36a44048474ac008503d1710,Amelanchier sanguinea,reproductive_assurance,self_incompatibility,The plant is self-fertile,SC,medium,species_direct,high_leverage_direct_checkpoint,plants_for_a_future,https://pfaf.org/user/Plant.aspx?LatinName=Amelanchier+sanguinea,Plants For A Future species profile: Amelanchier sanguinea,"Plants For A Future species profile, compiled by Ken Fern",The plant is self-fertile,pfaf-page:ca264c6480021bb7cdb1f112,ken-fern-useful-plants:species:amelanchier sanguinea,shared_ken_fern_species_lineage_across_provider_mirrors,accepted_name_exact,accepted_name_exact,Amelanchier sanguinea,B,specialist_species_database,pfaf.org,en,wild_species_not_cultivar_limited,accepted_individual_source_backed_audit,fa16e1556b86d7c91695c3509e5e2a80bfbfccf073b18cfcc9829e8b51ca96bd,retrieved_species_page_bytes,2026-08-11T04:03:15.327416Z,priority_support2_exact_species_acquisition,,
75632b13cb2a837426769c23,Amelanchier utahensis,reproductive_assurance,self_incompatibility,The plant is self-fertile,SC,medium,species_direct,high_leverage_direct_checkpoint,plants_for_a_future,https://pfaf.org/user/Plant.aspx?LatinName=Amelanchier+utahensis,Plants For A Future species profile: Amelanchier utahensis,"Plants For A Future species profile, compiled by Ken Fern",The plant is self-fertile,pfaf-page:a6886002d25ecf82ea767ee6,ken-fern-useful-plants:species:amelanchier utahensis,shared_ken_fern_species_lineage_across_provider_mirrors,accepted_name_exact,accepted_name_exact,Amelanchier utahensis,B,specialist_species_database,pfaf.org,en,wild_species_not_cultivar_limited,accepted_individual_source_backed_audit,87e846c52790939446843702f67c616314d77b661e0a567150e1ee8d0a19a1ab,retrieved_species_page_bytes,2026-08-11T04:05:01.899144Z,priority_support2_exact_species_acquisition,,
7168e4afb77fe42cb6da33b9,Apium australe,reproductive_assurance,self_incompatibility,The plant is self-fertile,SC,medium,species_direct,high_leverage_direct_checkpoint,plants_for_a_future,https://pfaf.org/user/Plant.aspx?LatinName=Apium+australe,Plants For A Future species profile: Apium australe,"Plants For A Future species profile, compiled by Ken Fern",The plant is self-fertile,pfaf-page:a779b5da10dc586d781f26b7,ken-fern-useful-plants:species:apium australe,shared_ken_fern_species_lineage_across_provider_mirrors,accepted_name_exact,accepted_name_exact,Apium australe,B,specialist_species_database,pfaf.org,en,wild_species_not_cultivar_limited,accepted_individual_source_backed_audit,8265965b5b9add2ab3a975bb986ce743a1ed2c27044f70455e7637799cc44bda,retrieved_species_page_bytes,2026-08-11T04:06:39.386219Z,priority_support2_exact_species_acquisition,,
0ed2a4a57d842a65aadcbb3a,Arbutus arizonica,reproductive_assurance,self_incompatibility,The plant is self-fertile,SC,medium,species_direct,high_leverage_direct_checkpoint,plants_for_a_future,https://pfaf.org/user/Plant.aspx?LatinName=Arbutus+arizonica,Plants For A Future species profile: Arbutus arizonica,"Plants For A Future species profile, compiled by Ken Fern",The plant is self-fertile,pfaf-page:1ce8a215ae80359b2b2239e4,ken-fern-useful-plants:species:arbutus arizonica,shared_ken_fern_species_lineage_across_provider_mirrors,accepted_name_exact,accepted_name_exact,Arbutus arizonica,B,specialist_species_database,pfaf.org,en,wild_species_not_cultivar_limited,accepted_individual_source_backed_audit,5d279449b92fb88bb5142211d97bb8c05367415368014a9a23393d19098c3be5,retrieved_species_page_bytes,2026-08-11T04:06:18.514037Z,priority_support2_exact_species_acquisition,,
e3d24a36f26f4052801e92cf,Arbutus xalapensis,reproductive_assurance,self_incompatibility,The plant is self-fertile,SC,medium,species_direct,high_leverage_direct_checkpoint,plants_for_a_future,https://pfaf.org/user/Plant.aspx?LatinName=Arbutus+xalapensis,Plants For A Future species profile: Arbutus xalapensis,"Plants For A Future species profile, compiled by Ken Fern",The plant is self-fertile,pfaf-page:d82b813823b2c87f1ad3e51a,ken-fern-useful-plants:species:arbutus xalapensis,shared_ken_fern_species_lineage_across_provider_mirrors,accepted_name_exact,accepted_name_exact,Arbutus xalapensis,B,specialist_species_database,pfaf.org,en,wild_species_not_cultivar_limited,accepted_individual_source_backed_audit,94510c98e4c99fcafba2a084a395063b4f4ad506632f72ac3d30495205aa5714,retrieved_species_page_bytes,2026-08-11T04:06:19.092376Z,priority_support2_exact_species_acquisition,,
644e00a752e5db2f412cf78a,Arctostaphylos manzanita,reproductive_assurance,self_incompatibility,The plant is self-fertile,SC,medium,species_direct,high_leverage_direct_checkpoint,plants_for_a_future,https://pfaf.org/user/Plant.aspx?LatinName=Arctostaphylos+manzanita,Plants For A Future species profile: Arctostaphylos manzanita,"Plants For A Future species profile, compiled by Ken Fern",The plant is self-fertile,pfaf-page:b67ec4620250d057f82fcdc7,ken-fern-useful-plants:species:arctostaphylos manzanita,shared_ken_fern_species_lineage_across_provider_mirrors,accepted_name_exact,accepted_name_exact,Arctostaphylos manzanita,B,specialist_species_database,pfaf.org,en,wild_species_not_cultivar_limited,accepted_individual_source_backed_audit,479dec49f9503737ac035ecabb8a596e68d672d57c286da9e9e12c049617bc39,retrieved_species_page_bytes,2026-08-11T04:06:19.189740Z,priority_support2_exact_species_acquisition,,
02d3968f3cb78da0fad0c559,Arctostaphylos tomentosa,reproductive_assurance,self_incompatibility,The plant is self-fertile,SC,medium,species_direct,high_leverage_direct_checkpoint,plants_for_a_future,https://pfaf.org/user/Plant.aspx?LatinName=Arctostaphylos+tomentosa,Plants For A Future species profile: Arctostaphylos tomentosa,"Plants For A Future species profile, compiled by Ken Fern",The plant is self-fertile,pfaf-page:f73df7ee1ead85229e170067,ken-fern-useful-plants:species:arctostaphylos tomentosa,shared_ken_fern_species_lineage_across_provider_mirrors,accepted_name_exact,accepted_name_exact,Arctostaphylos tomentosa,B,specialist_species_database,pfaf.org,en,wild_species_not_cultivar_limited,accepted_individual_source_backed_audit,40ff20ca361e99e8b1fbcbf05670d6b86c6aa4d91c01d358c2610dfbd3055bd4,retrieved_species_page_bytes,2026-08-11T04:04:07.844853Z,priority_support2_exact_species_acquisition,,
3acb5736d53b14859b226c89,Arracacia xanthorrhiza,reproductive_assurance,self_incompatibility,The plant is self-fertile,SC,medium,species_direct,high_leverage_direct_checkpoint,plants_for_a_future,https://pfaf.org/user/Plant.aspx?LatinName=Arracacia+xanthorrhiza,Plants For A Future species profile: Arracacia xanthorrhiza,"Plants For A Future species profile, compiled by Ken Fern",The plant is self-fertile,pfaf-page:48a3515e8478a8a0e3bbc116,ken-fern-useful-plants:species:arracacia xanthorrhiza,shared_ken_fern_species_lineage_across_provider_mirrors,accepted_name_exact,accepted_name_exact,Arracacia xanthorrhiza,B,specialist_species_database,pfaf.org,en,wild_species_not_cultivar_limited,accepted_individual_source_backed_audit,2c7fec02c34dec607ce70919a2d2d75d8cc83a18f7ce03f605deb3b61e2298f3,retrieved_species_page_bytes,2026-08-11T04:04:08.134563Z,priority_support2_exact_species_acquisition,,
fedead5297d8c2e1c34495c1,Berberis aggregata,reproductive_assurance,self_incompatibility,The plant is self-fertile,SC,medium,species_direct,high_leverage_direct_checkpoint,plants_for_a_future,https://pfaf.org/user/plant.aspx?LatinName=Berberis+aggregata,Plants For A Future species profile: Berberis aggregata,"Plants For A Future species profile, compiled by Ken Fern",The plant is self-fertile,pfaf-page:f63f1ff7f6e4e9a75dce6cdb,ken-fern-useful-plants:species:berberis aggregata,shared_ken_fern_species_lineage_across_provider_mirrors,accepted_name_exact,accepted_name_exact,Berberis aggregata,B,specialist_species_database,pfaf.org,en,wild_species_not_cultivar_limited,accepted_individual_source_backed_audit,c51fe5f034c1cb2c111f1955dc0a2f886a338ba274936359eb1c5524372a4b3c,retrieved_species_page_bytes,2026-08-11T04:03:04.515777Z,priority_support2_exact_species_acquisition,,
a4ba13aabdc1a2830b05de30,Berberis aristata,reproductive_assurance,self_incompatibility,The plant is self-fertile,SC,medium,species_direct,high_leverage_direct_checkpoint,plants_for_a_future,https://pfaf.org/user/plant.aspx?LatinName=Berberis+aristata,Plants For A Future species profile: Berberis aristata,"Plants For A Future species profile, compiled by Ken Fern",The plant is self-fertile,pfaf-page:81ab53bd611fcfa035f238e7,ken-fern-useful-plants:species:berberis aristata,shared_ken_fern_species_lineage_across_provider_mirrors,accepted_name_exact,accepted_name_exact,Berberis aristata,B,specialist_species_database,pfaf.org,en,wild_species_not_cultivar_limited,accepted_individual_source_backed_audit,95f3b601be51614c4c471cedcd91e1d746dda4159b8ac482611039c214ff858b,retrieved_species_page_bytes,2026-08-11T04:03:31.938767Z,priority_support2_exact_species_acquisition,,
8a18146f9e5c3a7542ef1a0b,Berberis canadensis,reproductive_assurance,self_incompatibility,The plant is self-fertile,SC,medium,species_direct,high_leverage_direct_checkpoint,plants_for_a_future,https://pfaf.org/user/Plant.aspx?LatinName=Berberis+canadensis,Plants For A Future species profile: Berberis canadensis,"Plants For A Future species profile, compiled by Ken Fern",The plant is self-fertile,pfaf-page:0789a1a83a0926d9fa7a8de6,ken-fern-useful-plants:species:berberis canadensis,shared_ken_fern_species_lineage_across_provider_mirrors,accepted_name_exact,accepted_name_exact,Berberis canadensis,B,specialist_species_database,pfaf.org,en,wild_species_not_cultivar_limited,accepted_individual_source_backed_audit,6ea4eb7a30f48d7c6f4513f7bc3bd98ef42675ec38b46b2df444f7826dd9c4b7,retrieved_species_page_bytes,2026-08-11T04:05:44.905582Z,priority_support2_exact_species_acquisition,,
ceb8bb712cf534e1097304c0,Berberis chinensis,reproductive_assurance,self_incompatibility,The plant is self-fertile,SC,medium,species_direct,high_leverage_direct_checkpoint,plants_for_a_future,https://pfaf.org/user/Plant.aspx?LatinName=Berberis+chinensis,Plants For A Future species profile: Berberis chinensis,"Plants For A Future species profile, compiled by Ken Fern",The plant is self-fertile,pfaf-page:b0573b5898eb343ae7048927,ken-fern-useful-plants:species:berberis chinensis,shared_ken_fern_species_lineage_across_provider_mirrors,accepted_name_exact,accepted_name_exact,Berberis chinensis,B,specialist_species_database,pfaf.org,en,wild_species_not_cultivar_limited,accepted_individual_source_backed_audit,3c818dc2a52806900a1a55dd643e8833141950bdae1ff90f869dcbade55c72dc,retrieved_species_page_bytes,2026-08-11T04:06:22.621882Z,priority_support2_exact_species_acquisition,,
8e50572bafb8a89dbfbdfdc7,Berberis concinna,reproductive_assurance,self_incompatibility,The plant is self-fertile,SC,medium,species_direct,high_leverage_direct_checkpoint,plants_for_a_future,https://pfaf.org/user/Plant.aspx?LatinName=Berberis+concinna,Plants For A Future species profile: Berberis concinna,"Plants For A Future species profile, compiled by Ken Fern",The plant is self-fertile,pfaf-page:9f7a8131b494b75df1780ff9,ken-fern-useful-plants:species:berberis concinna,shared_ken_fern_species_lineage_across_provider_mirrors,accepted_name_exact,accepted_name_exact,Berberis concinna,B,specialist_species_database,pfaf.org,en,wild_species_not_cultivar_limited,accepted_individual_source_backed_audit,ee9fffc6a009f5279bc9ca78c486fe560840fe104735d7677570ab81f8e3436d,retrieved_species_page_bytes,2026-08-11T04:06:22.145801Z,priority_support2_exact_species_acquisition,,
7139673a413c259ce853f820,Berberis gagnepainii,reproductive_assurance,self_incompatibility,The plant is self-fertile,SC,medium,species_direct,high_leverage_direct_checkpoint,plants_for_a_future,https://pfaf.org/user/Plant.aspx?LatinName=Berberis+gagnepainii,Plants For A Future species profile: Berberis gagnepainii,"Plants For A Future species profile, compiled by Ken Fern",The plant is self-fertile,pfaf-page:f9ded5e1f0f6db56e95bf41e,ken-fern-useful-plants:species:berberis gagnepainii,shared_ken_fern_species_lineage_across_provider_mirrors,accepted_name_exact,accepted_name_exact,Berberis gagnepainii,B,specialist_species_database,pfaf.org,en,wild_species_not_cultivar_limited,accepted_individual_source_backed_audit,ca079d70a25183e1fb6afdb2d84759896a1d40bc50e1bbb003dd99ab75b5361f,retrieved_species_page_bytes,2026-08-11T04:05:10.796159Z,priority_support2_exact_species_acquisition,,
bab9867aa6fa1bb541a9edb9,Berberis koreana,reproductive_assurance,self_incompatibility,The plant is self-fertile,SC,medium,species_direct,high_leverage_direct_checkpoint,plants_for_a_future,https://pfaf.org/user/Plant.aspx?LatinName=Berberis+koreana,Plants For A Future species profile: Berberis koreana,"Plants For A Future species profile, compiled by Ken Fern",The plant is self-fertile,pfaf-page:88c3e293cc307289d31e69ed,ken-fern-useful-plants:species:berberis koreana,shared_ken_fern_species_lineage_across_provider_mirrors,accepted_name_exact,accepted_name_exact,Berberis koreana,B,specialist_species_database,pfaf.org,en,wild_species_not_cultivar_limited,accepted_individual_source_backed_audit,ad87ca8dd520cf25fbddd6f7b0d93bd5549924c67a731c9e2863785e9272da02,retrieved_species_page_bytes,2026-08-11T04:05:45.265219Z,priority_support2_exact_species_acquisition,,
e301e3f440a8459165c65bb5,Berberis sherriffii,reproductive_assurance,self_incompatibility,The plant is self-fertile,SC,medium,species_direct,high_leverage_direct_checkpoint,plants_for_a_future,https://pfaf.org/user/Plant.aspx?LatinName=Berberis+sherriffii,Plants For A Future species profile: Berberis sherriffii,"Plants For A Future species profile, compiled by Ken Fern",The plant is self-fertile,pfaf-page:0ba12d5329f46646b77e08f3,ken-fern-useful-plants:species:berberis sherriffii,shared_ken_fern_species_lineage_across_provider_mirrors,accepted_name_exact,accepted_name_exact,Berberis sherriffii,B,specialist_species_database,pfaf.org,en,wild_species_not_cultivar_limited,accepted_individual_source_backed_audit,6d65d2cdcb4532fb6884f1f95c8d390a76a4a8119c41978a1e6c8c41c338bfd9,retrieved_species_page_bytes,2026-08-11T04:06:22.607790Z,priority_support2_exact_species_acquisition,,
6094bb85dad24a759d46db47,Berberis soulieana,reproductive_assurance,self_incompatibility,The plant is self-fertile,SC,medium,species_direct,high_leverage_direct_checkpoint,plants_for_a_future,https://pfaf.org/user/Plant.aspx?LatinName=Berberis+soulieana,Plants For A Future species profile: Berberis soulieana,"Plants For A Future species profile, compiled by Ken Fern",The plant is self-fertile,pfaf-page:782a2f306e313507ccd86399,ken-fern-useful-plants:species:berberis soulieana,shared_ken_fern_species_lineage_across_provider_mirrors,accepted_name_exact,accepted_name_exact,Berberis soulieana,B,specialist_species_database,pfaf.org,en,wild_species_not_cultivar_limited,accepted_individual_source_backed_audit,989f5f752d8243e16ee55122d9eb40d42c378a0d9505db5c4a3b0eab16c169fc,retrieved_species_page_bytes,2026-08-11T04:05:46.024315Z,priority_support2_exact_species_acquisition,,
e8ca0988be1362d4d9743cdc,Berberis verruculosa,reproductive_assurance,self_incompatibility,The plant is self-fertile,SC,medium,species_direct,high_leverage_direct_checkpoint,plants_for_a_future,https://pfaf.org/user/Plant.aspx?LatinName=Berberis+verruculosa,Plants For A Future species profile: Berberis verruculosa,"Plants For A Future species profile, compiled by Ken Fern",The plant is self-fertile,pfaf-page:775181e836e6e9176b28fcf9,ken-fern-useful-plants:species:berberis verruculosa,shared_ken_fern_species_lineage_across_provider_mirrors,accepted_name_exact,accepted_name_exact,Berberis verruculosa,B,specialist_species_database,pfaf.org,en,wild_species_not_cultivar_limited,accepted_individual_source_backed_audit,594b4fd082ecfb8e07ebd4fbb0f0c674fa490b680b74dbee85ae0774c9bdd1d2,retrieved_species_page_bytes,2026-08-11T04:05:10.840557Z,priority_support2_exact_species_acquisition,,
9f5e01c9bcb3dbf5b4dc0b50,Carya aquatica,reproductive_assurance,self_incompatibility,The plant is self-fertile,SC,medium,species_direct,high_leverage_direct_checkpoint,plants_for_a_future,https://pfaf.org/user/Plant.aspx?LatinName=Carya+aquatica,Plants For A Future species profile: Carya aquatica,"Plants For A Future species profile, compiled by Ken Fern",The plant is self-fertile,pfaf-page:d47c625ecd79d6c222e70ef5,ken-fern-useful-plants:species:carya aquatica,shared_ken_fern_species_lineage_across_provider_mirrors,accepted_name_exact,accepted_name_exact,Carya aquatica,B,specialist_species_database,pfaf.org,en,wild_species_not_cultivar_limited,accepted_individual_source_backed_audit,9bcd45c8a095f6c0f36d4ca219c9095ae9823be44b9117a4209e5c2b896c80ea,retrieved_species_page_bytes,2026-08-11T04:04:53.083697Z,priority_support2_exact_species_acquisition,,
40504bb856c292795aa2ff62,Carya cordiformis,reproductive_assurance,self_incompatibility,The plant is self-fertile,SC,medium,species_direct,high_leverage_direct_checkpoint,plants_for_a_future,https://pfaf.org/user/Plant.aspx?LatinName=Carya+cordiformis,Plants For A Future species profile: Carya cordiformis,"Plants For A Future species profile, compiled by Ken Fern",The plant is self-fertile,pfaf-page:f1fd9a7a12665ee054b9f201,ken-fern-useful-plants:species:carya cordiformis,shared_ken_fern_species_lineage_across_provider_mirrors,accepted_name_exact,accepted_name_exact,Carya cordiformis,B,specialist_species_database,pfaf.org,en,wild_species_not_cultivar_limited,accepted_individual_source_backed_audit,740451c57c545694208dc6f750c7a48e744a7f4e668d34ac69e1ef1692f5f62d,retrieved_species_page_bytes,2026-08-11T04:03:19.715592Z,priority_support2_exact_species_acquisition,,
6dda417d7384f9015a498084,Carya floridana,reproductive_assurance,self_incompatibility,The plant is self-fertile,SC,medium,species_direct,high_leverage_direct_checkpoint,plants_for_a_future,https://pfaf.org/user/Plant.aspx?LatinName=Carya+floridana,Plants For A Future species profile: Carya floridana,"Plants For A Future species profile, compiled by Ken Fern",The plant is self-fertile,pfaf-page:02a22f0781e56b324b9cb150,ken-fern-useful-plants:species:carya floridana,shared_ken_fern_species_lineage_across_provider_mirrors,accepted_name_exact,accepted_name_exact,Carya floridana,B,specialist_species_database,pfaf.org,en,wild_species_not_cultivar_limited,accepted_individual_source_backed_audit,8f57911f2d7d8b3ed7473db1a9a4e1c67d500bd53aee3969245886ffab9b3c63,retrieved_species_page_bytes,2026-08-11T04:06:25.608680Z,priority_support2_exact_species_acquisition,,
eaeb4df57b9bd5de1b8a68e2,Carya illinoinensis,reproductive_assurance,self_incompatibility,The plant is self-fertile,SC,medium,species_direct,high_leverage_direct_checkpoint,plants_for_a_future,https://pfaf.org/user/Plant.aspx?LatinName=Carya+illinoinensis,Plants For A Future species profile: Carya illinoinensis,"Plants For A Future species profile, compiled by Ken Fern",The plant is self-fertile,pfaf-page:acb21091895daeee4db0e10e,ken-fern-useful-plants:species:carya illinoinensis,shared_ken_fern_species_lineage_across_provider_mirrors,accepted_name_exact,accepted_name_exact,Carya illinoinensis,B,specialist_species_database,pfaf.org,en,wild_species_not_cultivar_limited,accepted_individual_source_backed_audit,917b85fea0734ea02b93bf78c530b4701c229b218f070515a1a5e3835785a797,retrieved_species_page_bytes,2026-08-11T04:02:16.331647Z,priority_support2_exact_species_acquisition,,
c9c93ca30937bf967675339f,Carya laciniosa,reproductive_assurance,self_incompatibility,The plant is self-fertile,SC,medium,species_direct,high_leverage_direct_checkpoint,plants_for_a_future,https://pfaf.org/user/Plant.aspx?LatinName=Carya+laciniosa,Plants For A Future species profile: Carya laciniosa,"Plants For A Future species profile, compiled by Ken Fern",The plant is self-fertile,pfaf-page:d5963070facbe33df71d6e8b,ken-fern-useful-plants:species:carya laciniosa,shared_ken_fern_species_lineage_across_provider_mirrors,accepted_name_exact,accepted_name_exact,Carya laciniosa,B,specialist_species_database,pfaf.org,en,wild_species_not_cultivar_limited,accepted_individual_source_backed_audit,eb6ceef7cec06be351e70fd2eba94810049df513c6816488689dfa51211861e0,retrieved_species_page_bytes,2026-08-11T04:05:47.883303Z,priority_support2_exact_species_acquisition,,
3739ae16ed0a052e7793f467,Carya ovalis,reproductive_assurance,self_incompatibility,The plant is self-fertile,SC,medium,species_direct,high_leverage_direct_checkpoint,plants_for_a_future,https://pfaf.org/user/Plant.aspx?LatinName=Carya+ovalis,Plants For A Future species profile: Carya ovalis,"Plants For A Future species profile, compiled by Ken Fern",The plant is self-fertile,pfaf-page:f51f4d1cce4184c2e1f66ea7,ken-fern-useful-plants:species:carya ovalis,shared_ken_fern_species_lineage_across_provider_mirrors,accepted_name_exact,accepted_name_exact,Carya ovalis,B,specialist_species_database,pfaf.org,en,wild_species_not_cultivar_limited,accepted_individual_source_backed_audit,c772cdbd265de4467e3ad8a83261bded3d2da3539e8f1b3f860fcf35c3849baf,retrieved_species_page_bytes,2026-08-11T04:06:25.822781Z,priority_support2_exact_species_acquisition,,
7220720dce65b3617c03ef3d,Carya texana,reproductive_assurance,self_incompatibility,The plant is self-fertile,SC,medium,species_direct,high_leverage_direct_checkpoint,plants_for_a_future,https://pfaf.org/user/Plant.aspx?LatinName=Carya+texana,Plants For A Future species profile: Carya texana,"Plants For A Future species profile, compiled by Ken Fern",The plant is self-fertile,pfaf-page:6ce084253150fdb04ede33bb,ken-fern-useful-plants:species:carya texana,shared_ken_fern_species_lineage_across_provider_mirrors,accepted_name_exact,accepted_name_exact,Carya texana,B,specialist_species_database,pfaf.org,en,wild_species_not_cultivar_limited,accepted_individual_source_backed_audit,2d7795f7a6037875808066d1a8c2cdf82e46acac133574fffc18eb5df8bd9aff,retrieved_species_page_bytes,2026-08-11T04:06:26.052378Z,priority_support2_exact_species_acquisition,,
96ab821bd88ea03293109361,Centaurea depressa,reproductive_assurance,self_incompatibility,The plant is self-fertile,SC,medium,species_direct,high_leverage_direct_checkpoint,plants_for_a_future,https://pfaf.org/user/Plant.aspx?LatinName=Centaurea+depressa,Plants For A Future species profile: Centaurea depressa,"Plants For A Future species profile, compiled by Ken Fern",The plant is self-fertile,pfaf-page:3b3531e00edf4af8e207116b,ken-fern-useful-plants:species:centaurea depressa,shared_ken_fern_species_lineage_across_provider_mirrors,accepted_name_exact,accepted_name_exact,Centaurea depressa,B,specialist_species_database,pfaf.org,en,wild_species_not_cultivar_limited,accepted_individual_source_backed_audit,d9ff6db3da177edaf60adca02649615fdb60f5d56c779dd054f398a70ca4cba2,retrieved_species_page_bytes,2026-08-11T04:05:49.465761Z,priority_support2_exact_species_acquisition,,
a5708cac4a9031e277479ac5,Centaurea iberica,reproductive_assurance,self_incompatibility,The plant is self-fertile,SC,medium,species_direct,high_leverage_direct_checkpoint,plants_for_a_future,https://pfaf.org/user/Plant.aspx?LatinName=Centaurea+iberica,Plants For A Future species profile: Centaurea iberica,"Plants For A Future species profile, compiled by Ken Fern",The plant is self-fertile,pfaf-page:edafcc78d7fb01b279936d59,ken-fern-useful-plants:species:centaurea iberica,shared_ken_fern_species_lineage_across_provider_mirrors,accepted_name_exact,accepted_name_exact,Centaurea iberica,B,specialist_species_database,pfaf.org,en,wild_species_not_cultivar_limited,accepted_individual_source_backed_audit,a2d6cc0853a3c3e4e05dccf9506fb796b9167ae61b5c5effaff4ae421c299966,retrieved_species_page_bytes,2026-08-11T04:04:54.009720Z,priority_support2_exact_species_acquisition,,
c30127cfcf40f7d92036b69c,Cirsium amplexifolium,reproductive_assurance,self_incompatibility,The plant is self-fertile,SC,medium,species_direct,high_leverage_direct_checkpoint,plants_for_a_future,https://pfaf.org/user/Plant.aspx?LatinName=Cirsium+amplexifolium,Plants For A Future species profile: Cirsium amplexifolium,"Plants For A Future species profile, compiled by Ken Fern",The plant is self-fertile,pfaf-page:28b23fc1638b11bea2711638,ken-fern-useful-plants:species:cirsium amplexifolium,shared_ken_fern_species_lineage_across_provider_mirrors,accepted_name_exact,accepted_name_exact,Cirsium amplexifolium,B,specialist_species_database,pfaf.org,en,wild_species_not_cultivar_limited,accepted_individual_source_backed_audit,638ef3d7fc39a452c4b3f0c1d35452ac3db0634d3720af5dbddfb06385da3950,retrieved_species_page_bytes,2026-08-11T04:06:31.798601Z,priority_support2_exact_species_acquisition,,
ab9beaf7618b1f7ed0ea83c5,Cirsium buergeri,reproductive_assurance,self_incompatibility,The plant is self-fertile,SC,medium,species_direct,high_leverage_direct_checkpoint,plants_for_a_future,https://pfaf.org/user/Plant.aspx?LatinName=Cirsium+buergeri,Plants For A Future species profile: Cirsium buergeri,"Plants For A Future species profile, compiled by Ken Fern",The plant is self-fertile,pfaf-page:115f62ec3e5953fc025b2133,ken-fern-useful-plants:species:cirsium buergeri,shared_ken_fern_species_lineage_across_provider_mirrors,accepted_name_exact,accepted_name_exact,Cirsium buergeri,B,specialist_species_database,pfaf.org,en,wild_species_not_cultivar_limited,accepted_individual_source_backed_audit,7952825d974b1b85cfafd14a548a76e8041ce9f15dbb5c0db3cd95b98adc7748,retrieved_species_page_bytes,2026-08-11T04:03:33.623074Z,priority_support2_exact_species_acquisition,,
086cad48852dae5be1c46190,Cirsium chinense,reproductive_assurance,self_incompatibility,The plant is self-fertile,SC,medium,species_direct,high_leverage_direct_checkpoint,plants_for_a_future,https://pfaf.org/user/Plant.aspx?LatinName=Cirsium+chinense,Plants For A Future species profile: Cirsium chinense,"Plants For A Future species profile, compiled by Ken Fern",The plant is self-fertile,pfaf-page:a2a3a7be1f3bc5fd03938d5c,ken-fern-useful-plants:species:cirsium chinense,shared_ken_fern_species_lineage_across_provider_mirrors,accepted_name_exact,accepted_name_exact,Cirsium chinense,B,specialist_species_database,pfaf.org,en,wild_species_not_cultivar_limited,accepted_individual_source_backed_audit,c91556a17b9e74b0f114595ad1ae9c475b33134e21052ed6fe9b148b8878f223,retrieved_species_page_bytes,2026-08-11T04:05:51.144586Z,priority_support2_exact_species_acquisition,,
fc3f610873058fc5dc6b9eda,Cirsium dipsacolepis,reproductive_assurance,self_incompatibility,The plant is self-fertile,SC,medium,species_direct,high_leverage_direct_checkpoint,plants_for_a_future,https://pfaf.org/user/Plant.aspx?LatinName=Cirsium+dipsacolepis,Plants For A Future species profile: Cirsium dipsacolepis,"Plants For A Future species profile, compiled by Ken Fern",The plant is self-fertile,pfaf-page:88b79fdfe131bfcc9242c1f3,ken-fern-useful-plants:species:cirsium dipsacolepis,shared_ken_fern_species_lineage_across_provider_mirrors,accepted_name_exact,accepted_name_exact,Cirsium dipsacolepis,B,specialist_species_database,pfaf.org,en,wild_species_not_cultivar_limited,accepted_individual_source_backed_audit,72a3711046d5c64ccc01909e3770087841c119af97959b519b4ebbb89187e448,retrieved_species_page_bytes,2026-08-11T04:04:33.611092Z,priority_support2_exact_species_acquisition,,
b2267670da82caa7eda2fb07,Cirsium edule,reproductive_assurance,self_incompatibility,The plant is self-fertile,SC,medium,species_direct,high_leverage_direct_checkpoint,plants_for_a_future,https://pfaf.org/user/Plant.aspx?LatinName=Cirsium+edule,Plants For A Future species profile: Cirsium edule,"Plants For A Future species profile, compiled by Ken Fern",The plant is self-fertile,pfaf-page:53c908a77444d9823afbab25,ken-fern-useful-plants:species:cirsium edule,shared_ken_fern_species_lineage_across_provider_mirrors,accepted_name_exact,accepted_name_exact,Cirsium edule,B,specialist_species_database,pfaf.org,en,wild_species_not_cultivar_limited,accepted_individual_source_backed_audit,3b1f35342a2c34ef95e4b0e12ab530e7ab107effe066a02aba6a7810e85b545f,retrieved_species_page_bytes,2026-08-11T04:04:33.656444Z,priority_support2_exact_species_acquisition,,
2fbe0e3f2e97826943c5edd4,Cirsium maritimum,reproductive_assurance,self_incompatibility,The plant is self-fertile,SC,medium,species_direct,high_leverage_direct_checkpoint,plants_for_a_future,https://pfaf.org/user/Plant.aspx?LatinName=Cirsium+maritimum,Plants For A Future species profile: Cirsium maritimum,"Plants For A Future species profile, compiled by Ken Fern",The plant is self-fertile,pfaf-page:ecb3d61fa821d29c5ef93c26,ken-fern-useful-plants:species:cirsium maritimum,shared_ken_fern_species_lineage_across_provider_mirrors,accepted_name_exact,accepted_name_exact,Cirsium maritimum,B,specialist_species_database,pfaf.org,en,wild_species_not_cultivar_limited,accepted_individual_source_backed_audit,d3396cf3101c26dd9c82d3ff83395bff9b7dbc9cd6b8e1198f0d420beecf58f7,retrieved_species_page_bytes,2026-08-11T04:03:20.154049Z,priority_support2_exact_species_acquisition,,
cfc5219fafe67101a19c3d14,Cirsium occidentale,reproductive_assurance,self_incompatibility,The plant is self-fertile,SC,medium,species_direct,high_leverage_direct_checkpoint,plants_for_a_future,https://pfaf.org/user/Plant.aspx?LatinName=Cirsium+occidentale,Plants For A Future species profile: Cirsium occidentale,"Plants For A Future species profile, compiled by Ken Fern",The plant is self-fertile,pfaf-page:669bc7c3186b17947ac49fdc,ken-fern-useful-plants:species:cirsium occidentale,shared_ken_fern_species_lineage_across_provider_mirrors,accepted_name_exact,accepted_name_exact,Cirsium occidentale,B,specialist_species_database,pfaf.org,en,wild_species_not_cultivar_limited,accepted_individual_source_backed_audit,3db7588d0f3053b2c1f17ef8b64e26ded2d6de0f6c0d04346d36e430ac29c9da,retrieved_species_page_bytes,2026-08-11T04:03:33.580651Z,priority_support2_exact_species_acquisition,,
014c7a64444920adf71070d8,Cirsium ochrocentrum,reproductive_assurance,self_incompatibility,The plant is self-fertile,SC,medium,species_direct,high_leverage_direct_checkpoint,plants_for_a_future,https://pfaf.org/user/Plant.aspx?LatinName=Cirsium+ochrocentrum,Plants For A Future species profile: Cirsium ochrocentrum,"Plants For A Future species profile, compiled by Ken Fern",The plant is self-fertile,pfaf-page:98db0c9ed26501251ff49ffe,ken-fern-useful-plants:species:cirsium ochrocentrum,shared_ken_fern_species_lineage_across_provider_mirrors,accepted_name_exact,accepted_name_exact,Cirsium ochrocentrum,B,specialist_species_database,pfaf.org,en,wild_species_not_cultivar_limited,accepted_individual_source_backed_audit,7f50643fe7bdce1e2e4071e5520054f5b29a00073f4bf877a1a052f733da5f10,retrieved_species_page_bytes,2026-08-11T04:06:32.156351Z,priority_support2_exact_species_acquisition,,
6bf7f6fca12b2be96e32c4e2,Cirsium pectinellum,reproductive_assurance,self_incompatibility,The plant is self-fertile,SC,medium,species_direct,high_leverage_direct_checkpoint,plants_for_a_future,https://pfaf.org/user/Plant.aspx?LatinName=Cirsium+pectinellum,Plants For A Future species profile: Cirsium pectinellum,"Plants For A Future species profile, compiled by Ken Fern",The plant is self-fertile,pfaf-page:fe7d1b8c852da78db903a54c,ken-fern-useful-plants:species:cirsium pectinellum,shared_ken_fern_species_lineage_across_provider_mirrors,accepted_name_exact,accepted_name_exact,Cirsium pectinellum,B,specialist_species_database,pfaf.org,en,wild_species_not_cultivar_limited,accepted_individual_source_backed_audit,b410c96dffc5cd689c5e0c25fa15d43491399805df33d9a44b6a2b61d89535b9,retrieved_species_page_bytes,2026-08-11T04:02:38.356450Z,priority_support2_exact_species_acquisition,,
a58a2b548148a96d302bbc0a,Cirsium undulatum,reproductive_assurance,self_incompatibility,The plant is self-fertile,SC,medium,species_direct,high_leverage_direct_checkpoint,plants_for_a_future,https://pfaf.org/user/Plant.aspx?LatinName=Cirsium+undulatum,Plants For A Future species profile: Cirsium undulatum,"Plants For A Future species profile, compiled by Ken Fern",The plant is self-fertile,pfaf-page:fd4224d48a586aad4ac32f50,ken-fern-useful-plants:species:cirsium undulatum,shared_ken_fern_species_lineage_across_provider_mirrors,accepted_name_exact,accepted_name_exact,Cirsium undulatum,B,specialist_species_database,pfaf.org,en,wild_species_not_cultivar_limited,accepted_individual_source_backed_audit,e21a7661248b6767bc0eb4b52cfff3d0685cda4b0a89dde0c99bf97f4a329937,retrieved_species_page_bytes,2026-08-11T04:06:32.039630Z,priority_support2_exact_species_acquisition,,
1a0163c17b9f386bb382d708,Cnidium monnieri,reproductive_assurance,self_incompatibility,The plant is self-fertile,SC,medium,species_direct,high_leverage_direct_checkpoint,plants_for_a_future,https://pfaf.org/user/Plant.aspx?LatinName=Cnidium+monnieri,Plants For A Future species profile: Cnidium monnieri,"Plants For A Future species profile, compiled by Ken Fern",The plant is self-fertile,pfaf-page:79f00266e9bd67d090c50416,ken-fern-useful-plants:species:cnidium monnieri,shared_ken_fern_species_lineage_across_provider_mirrors,accepted_name_exact,accepted_name_exact,Cnidium monnieri,B,specialist_species_database,pfaf.org,en,wild_species_not_cultivar_limited,accepted_individual_source_backed_audit,2bd22fa633bbe0cc937bbdf7153d706b7cf09b5b129752b7e944f21cccc4d8b9,retrieved_species_page_bytes,2026-08-11T04:03:05.864307Z,priority_support2_exact_species_acquisition,,
383d815060b09a84e266e312,Convolvulus erubescens,reproductive_assurance,self_incompatibility,The plant is self-fertile,SC,medium,species_direct,high_leverage_direct_checkpoint,plants_for_a_future,https://pfaf.org/user/Plant.aspx?LatinName=Convolvulus+erubescens,Plants For A Future species profile: Convolvulus erubescens,"Plants For A Future species profile, compiled by Ken Fern",The plant is self-fertile,pfaf-page:3c7569c3becc2662959cdbcf,ken-fern-useful-plants:species:convolvulus erubescens,shared_ken_fern_species_lineage_across_provider_mirrors,accepted_name_exact,accepted_name_exact,Convolvulus erubescens,B,specialist_species_database,pfaf.org,en,wild_species_not_cultivar_limited,accepted_individual_source_backed_audit,190129fdbbbad0649dc95f787b144e35abfc8f72b885d1d1551b7fb956c7decf,retrieved_species_page_bytes,2026-08-11T04:03:33.580360Z,priority_support2_exact_species_acquisition,,
30de2ae110c071bfd9e39145,Convolvulus scammonia,reproductive_assurance,self_incompatibility,The plant is self-fertile,SC,medium,species_direct,high_leverage_direct_checkpoint,plants_for_a_future,https://pfaf.org/user/Plant.aspx?LatinName=Convolvulus+scammonia,Plants For A Future species profile: Convolvulus scammonia,"Plants For A Future species profile, compiled by Ken Fern",The plant is self-fertile,pfaf-page:19d430f45aa30529229d8fec,ken-fern-useful-plants:species:convolvulus scammonia,shared_ken_fern_species_lineage_across_provider_mirrors,accepted_name_exact,accepted_name_exact,Convolvulus scammonia,B,specialist_species_database,pfaf.org,en,wild_species_not_cultivar_limited,accepted_individual_source_backed_audit,23d69c620f8986f30b792ba108edb59a189ab95aa425d4f333aeb95e9255fa19,retrieved_species_page_bytes,2026-08-11T04:04:33.861964Z,priority_support2_exact_species_acquisition,,
ff834e797ac4c1aff1f09a07,Cucurbita argyrosperma,reproductive_assurance,self_incompatibility,The plant is self-fertile,SC,medium,species_direct,high_leverage_direct_checkpoint,plants_for_a_future,https://pfaf.org/user/Plant.aspx?LatinName=Cucurbita+argyrosperma,Plants For A Future species profile: Cucurbita argyrosperma,"Plants For A Future species profile, compiled by Ken Fern",The plant is self-fertile,pfaf-page:7e7fe2d485b47e87a3a700f0,ken-fern-useful-plants:species:cucurbita argyrosperma,shared_ken_fern_species_lineage_across_provider_mirrors,accepted_name_exact,accepted_name_exact,Cucurbita argyrosperma,B,specialist_species_database,pfaf.org,en,wild_species_not_cultivar_limited,accepted_individual_source_backed_audit,39597c76a9b6bd7676f40283a93607d64f42a934e3ab686f111cc5fbaf749e95,retrieved_species_page_bytes,2026-08-11T04:05:20.470838Z,priority_support2_exact_species_acquisition,,
f85e8808410bce529ea19a62,Eriobotrya japonica,reproductive_assurance,self_incompatibility,The plant is self-fertile,SC,medium,species_direct,high_leverage_direct_checkpoint,plants_for_a_future,https://pfaf.org/user/Plant.aspx?LatinName=Eriobotrya+japonica,Plants For A Future species profile: Eriobotrya japonica,"Plants For A Future species profile, compiled by Ken Fern",The plant is self-fertile,pfaf-page:93c5640522ae1da3b2ad2907,ken-fern-useful-plants:species:eriobotrya japonica,shared_ken_fern_species_lineage_across_provider_mirrors,accepted_name_exact,accepted_name_exact,Eriobotrya japonica,B,specialist_species_database,pfaf.org,en,wild_species_not_cultivar_limited,accepted_individual_source_backed_audit,373b45a078a4ed80a172e0975cca2dc0442efe27a7ca3c65c295b51886bb973d,retrieved_species_page_bytes,2026-08-11T04:06:42.406197Z,priority_support2_exact_species_acquisition,,
fc07a0d1605fa7a4d4b95400,Eupatorium compositifolium,reproductive_assurance,self_incompatibility,The plant is self-fertile,SC,medium,species_direct,high_leverage_direct_checkpoint,plants_for_a_future,https://pfaf.org/user/Plant.aspx?LatinName=Eupatorium+compositifolium,Plants For A Future species profile: Eupatorium compositifolium,"Plants For A Future species profile, compiled by Ken Fern",The plant is self-fertile,pfaf-page:657ef063f7eb830bea117c24,ken-fern-useful-plants:species:eupatorium compositifolium,shared_ken_fern_species_lineage_across_provider_mirrors,accepted_name_exact,accepted_name_exact,Eupatorium compositifolium,B,specialist_species_database,pfaf.org,en,wild_species_not_cultivar_limited,accepted_individual_source_backed_audit,95b3b50569c7c88a28d68226411961a03d307a97f6d1dcb0a7e1a185ab55eb15,retrieved_species_page_bytes,2026-08-11T04:03:35.634877Z,priority_support2_exact_species_acquisition,,
e5161a97d4f058915347c6c3,Ferula assa-foetida,reproductive_assurance,self_incompatibility,The plant is self-fertile,SC,medium,species_direct,high_leverage_direct_checkpoint,plants_for_a_future,https://pfaf.org/user/Plant.aspx?LatinName=Ferula+assa-foetida,Plants For A Future species profile: Ferula assa-foetida,"Plants For A Future species profile, compiled by Ken Fern",The plant is self-fertile,pfaf-page:2640d280092ce2790b2b359b,ken-fern-useful-plants:species:ferula assa-foetida,shared_ken_fern_species_lineage_across_provider_mirrors,accepted_name_exact,accepted_name_exact,Ferula assa-foetida,B,specialist_species_database,pfaf.org,en,wild_species_not_cultivar_limited,accepted_individual_source_backed_audit,c7fe7cce999615ed9d977bf82f9eff924b8c6313e66cc3a5b526e6d68e349e1d,retrieved_species_page_bytes,2026-08-11T04:05:55.694308Z,priority_support2_exact_species_acquisition,,
4245cebc007994d69ae5027e,Ferula caspica,reproductive_assurance,self_incompatibility,The plant is self-fertile,SC,medium,species_direct,high_leverage_direct_checkpoint,plants_for_a_future,https://pfaf.org/user/Plant.aspx?LatinName=Ferula+caspica,Plants For A Future species profile: Ferula caspica,"Plants For A Future species profile, compiled by Ken Fern",The plant is self-fertile,pfaf-page:0c857217b4c48b30deff57f6,ken-fern-useful-plants:species:ferula caspica,shared_ken_fern_species_lineage_across_provider_mirrors,accepted_name_exact,accepted_name_exact,Ferula caspica,B,specialist_species_database,pfaf.org,en,wild_species_not_cultivar_limited,accepted_individual_source_backed_audit,d1d8b64b5e12633f803779036b59e79e406fd5ff990fe31bf2e037955a9851be,retrieved_species_page_bytes,2026-08-11T04:06:43.221262Z,priority_support2_exact_species_acquisition,,
62a9fcc2f84d6e55cecf8ce4,Ferula tingitana,reproductive_assurance,self_incompatibility,The plant is self-fertile,SC,medium,species_direct,high_leverage_direct_checkpoint,plants_for_a_future,https://pfaf.org/user/Plant.aspx?LatinName=Ferula+tingitana,Plants For A Future species profile: Ferula tingitana,"Plants For A Future species profile, compiled by Ken Fern",The plant is self-fertile,pfaf-page:8037cb367a436e1c9778d4ec,ken-fern-useful-plants:species:ferula tingitana,shared_ken_fern_species_lineage_across_provider_mirrors,accepted_name_exact,accepted_name_exact,Ferula tingitana,B,specialist_species_database,pfaf.org,en,wild_species_not_cultivar_limited,accepted_individual_source_backed_audit,1fe5069391e26859230309f29cf8d3c2c44baa880fd00303e599a67ada16479f,retrieved_species_page_bytes,2026-08-11T04:05:24.510463Z,priority_support2_exact_species_acquisition,,
aa2734ea2397b31b932f0f78,Filipendula multijuga,reproductive_assurance,self_incompatibility,The plant is self-fertile,SC,medium,species_direct,high_leverage_direct_checkpoint,plants_for_a_future,https://pfaf.org/user/Plant.aspx?LatinName=Filipendula+multijuga,Plants For A Future species profile: Filipendula multijuga,"Plants For A Future species profile, compiled by Ken Fern",The plant is self-fertile,pfaf-page:c4f07f2710a2553174ff1900,ken-fern-useful-plants:species:filipendula multijuga,shared_ken_fern_species_lineage_across_provider_mirrors,accepted_name_exact,accepted_name_exact,Filipendula multijuga,B,specialist_species_database,pfaf.org,en,wild_species_not_cultivar_limited,accepted_individual_source_backed_audit,8565121373370b5c96f45806b13f3ed271039d6001c8c9af71838a4ce29b5e56,retrieved_species_page_bytes,2026-08-11T04:04:42.797847Z,priority_support2_exact_species_acquisition,,
fccecb6166a185564fc9027c,Filipendula vestita,reproductive_assurance,self_incompatibility,The plant is self-fertile,SC,medium,species_direct,high_leverage_direct_checkpoint,plants_for_a_future,https://pfaf.org/user/Plant.aspx?LatinName=Filipendula+vestita,Plants For A Future species profile: Filipendula vestita,"Plants For A Future species profile, compiled by Ken Fern",The plant is self-fertile,pfaf-page:4e54f6650c80b48c2ef1c758,ken-fern-useful-plants:species:filipendula vestita,shared_ken_fern_species_lineage_across_provider_mirrors,accepted_name_exact,accepted_name_exact,Filipendula vestita,B,specialist_species_database,pfaf.org,en,wild_species_not_cultivar_limited,accepted_individual_source_backed_audit,82e35873412d9f0de8df82dcd0b108eecc758fbe0025f285da81fc38b0f076ff,retrieved_species_page_bytes,2026-08-11T04:06:43.806877Z,priority_support2_exact_species_acquisition,,
958ae39e77fa6636476717b1,Gaultheria nummularioides,reproductive_assurance,self_incompatibility,The plant is self-fertile,SC,medium,species_direct,high_leverage_direct_checkpoint,plants_for_a_future,https://pfaf.org/user/Plant.aspx?LatinName=Gaultheria+nummularioides,Plants For A Future species profile: Gaultheria nummularioides,"Plants For A Future species profile, compiled by Ken Fern",The plant is self-fertile,pfaf-page:4499ce8c24d9b45b32f9920d,ken-fern-useful-plants:species:gaultheria nummularioides,shared_ken_fern_species_lineage_across_provider_mirrors,accepted_name_exact,accepted_name_exact,Gaultheria nummularioides,B,specialist_species_database,pfaf.org,en,wild_species_not_cultivar_limited,accepted_individual_source_backed_audit,56edce221c5b878c2c2f6269de5d31e7820f16c8f18c0c79f613dc06151aae0f,retrieved_species_page_bytes,2026-08-11T04:04:43.026333Z,priority_support2_exact_species_acquisition,,
a85da35664712c87a00134b2,Hemerocallis dumortieri,reproductive_assurance,self_incompatibility,The plant is self-fertile,SC,medium,species_direct,high_leverage_direct_checkpoint,plants_for_a_future,https://pfaf.org/user/plant.aspx?LatinName=Hemerocallis+dumortieri,Plants For A Future species profile: Hemerocallis dumortieri,"Plants For A Future species profile, compiled by Ken Fern",The plant is self-fertile,pfaf-page:7409ce918b3e959b99d2209f,ken-fern-useful-plants:species:hemerocallis dumortieri,shared_ken_fern_species_lineage_across_provider_mirrors,accepted_name_exact,accepted_name_exact,Hemerocallis dumortieri,B,specialist_species_database,pfaf.org,en,wild_species_not_cultivar_limited,accepted_individual_source_backed_audit,de1975ee800e570fff8219971853c0925200ecd7b6f9aaa52086856750882b36,retrieved_species_page_bytes,2026-08-11T04:02:40.813223Z,priority_support2_exact_species_acquisition,,
f72a69ba1fe5aca4d36898b6,Hypoxis hygrometrica,reproductive_assurance,self_incompatibility,The plant is self-fertile,SC,medium,species_direct,high_leverage_direct_checkpoint,plants_for_a_future,https://pfaf.org/user/Plant.aspx?LatinName=Hypoxis+hygrometrica,Plants For A Future species profile: Hypoxis hygrometrica,"Plants For A Future species profile, compiled by Ken Fern",The plant is self-fertile,pfaf-page:0f8e924357d97ea92d1fa0cd,ken-fern-useful-plants:species:hypoxis hygrometrica,shared_ken_fern_species_lineage_across_provider_mirrors,accepted_name_exact,accepted_name_exact,Hypoxis hygrometrica,B,specialist_species_database,pfaf.org,en,wild_species_not_cultivar_limited,accepted_individual_source_backed_audit,3b9d68c2eee8ab9b4b64ca9b21569c247b6d88cb232de1f6563bc310b9096a72,retrieved_species_page_bytes,2026-08-11T04:03:54.475111Z,priority_support2_exact_species_acquisition,,
ae4444f1c02c0c57e0912d81,Juglans californica,reproductive_assurance,self_incompatibility,The plant is self-fertile,SC,medium,species_direct,high_leverage_direct_checkpoint,plants_for_a_future,https://pfaf.org/user/Plant.aspx?LatinName=Juglans+californica,Plants For A Future species profile: Juglans californica,"Plants For A Future species profile, compiled by Ken Fern",The plant is self-fertile,pfaf-page:3249c63b2c7090231685a16b,ken-fern-useful-plants:species:juglans californica,shared_ken_fern_species_lineage_across_provider_mirrors,accepted_name_exact,accepted_name_exact,Juglans californica,B,specialist_species_database,pfaf.org,en,wild_species_not_cultivar_limited,accepted_individual_source_backed_audit,b6727ea01ad00fa1a057c0f92e69375a31a14e53dfc5d24cd08a9dff9dd2351f,retrieved_species_page_bytes,2026-08-11T04:05:30.256743Z,priority_support2_exact_species_acquisition,,
4abeadf32a92f480aa33b0c7,Juglans neotropica,reproductive_assurance,self_incompatibility,The plant is self-fertile,SC,medium,species_direct,high_leverage_direct_checkpoint,plants_for_a_future,https://pfaf.org/user/Plant.aspx?LatinName=Juglans+neotropica,Plants For A Future species profile: Juglans neotropica,"Plants For A Future species profile, compiled by Ken Fern",The plant is self-fertile,pfaf-page:a356c50582fc8321dedcd704,ken-fern-useful-plants:species:juglans neotropica,shared_ken_fern_species_lineage_across_provider_mirrors,accepted_name_exact,accepted_name_exact,Juglans neotropica,B,specialist_species_database,pfaf.org,en,wild_species_not_cultivar_limited,accepted_individual_source_backed_audit,77cfbf73991f25e2b19a8022eda470a57b06fd23a9b544867b0b878fe67a550d,retrieved_species_page_bytes,2026-08-11T04:03:56.271714Z,priority_support2_exact_species_acquisition,,
33c68de373467d1c4b246e8a,Lomatium foeniculaceum,reproductive_assurance,self_incompatibility,The plant is self-fertile,SC,medium,species_direct,high_leverage_direct_checkpoint,plants_for_a_future,https://pfaf.org/user/Plant.aspx?LatinName=Lomatium+foeniculaceum,Plants For A Future species profile: Lomatium foeniculaceum,"Plants For A Future species profile, compiled by Ken Fern",The plant is self-fertile,pfaf-page:8c40ff305e29396545e5da56,ken-fern-useful-plants:species:lomatium foeniculaceum,shared_ken_fern_species_lineage_across_provider_mirrors,accepted_name_exact,accepted_name_exact,Lomatium foeniculaceum,B,specialist_species_database,pfaf.org,en,wild_species_not_cultivar_limited,accepted_individual_source_backed_audit,9aa8b254f91e427daa39a9d9157dbd7d54f44706e8dbf0c8be171f13183d8470,retrieved_species_page_bytes,2026-08-11T04:06:00.830660Z,priority_support2_exact_species_acquisition,,
f6441d65d9c0c2277515a4aa,Lomatium grayi,reproductive_assurance,self_incompatibility,The plant is self-fertile,SC,medium,species_direct,high_leverage_direct_checkpoint,plants_for_a_future,https://pfaf.org/user/Plant.aspx?LatinName=Lomatium+grayi,Plants For A Future species profile: Lomatium grayi,"Plants For A Future species profile, compiled by Ken Fern",The plant is self-fertile,pfaf-page:eb8aaa5b297c57ae1cf36949,ken-fern-useful-plants:species:lomatium grayi,shared_ken_fern_species_lineage_across_provider_mirrors,accepted_name_exact,accepted_name_exact,Lomatium grayi,B,specialist_species_database,pfaf.org,en,wild_species_not_cultivar_limited,accepted_individual_source_backed_audit,d8e237b8e10fc43708a79775660820dbcb2a70d7a35290c14c1e4c1ec5099a33,retrieved_species_page_bytes,2026-08-11T04:06:00.904956Z,priority_support2_exact_species_acquisition,,
8cbeb558740c4314ed67ff8e,Mahonia repens,reproductive_assurance,self_incompatibility,The plant is self-fertile,SC,medium,species_direct,high_leverage_direct_checkpoint,plants_for_a_future,https://pfaf.org/user/Plant.aspx?LatinName=Mahonia+repens,Plants For A Future species profile: Mahonia repens,"Plants For A Future species profile, compiled by Ken Fern",The plant is self-fertile,pfaf-page:b057d6d5ab65e2f574bd45c9,ken-fern-useful-plants:species:mahonia repens,shared_ken_fern_species_lineage_across_provider_mirrors,accepted_name_exact,accepted_name_exact,Mahonia repens,B,specialist_species_database,pfaf.org,en,wild_species_not_cultivar_limited,accepted_individual_source_backed_audit,06907e611f9e13a38ea9b38a11e80ada1fc9993dd769b9989edad6880d0f4dbf,retrieved_species_page_bytes,2026-08-11T04:04:20.848981Z,priority_support2_exact_species_acquisition,,
aebf445ed6c2a08c58ef9bb4,Monarda citriodora,reproductive_assurance,self_incompatibility,The plant is self-fertile,SC,medium,species_direct,high_leverage_direct_checkpoint,plants_for_a_future,https://pfaf.org/user/Plant.aspx?LatinName=Monarda+citriodora,Plants For A Future species profile: Monarda citriodora,"Plants For A Future species profile, compiled by Ken Fern",The plant is self-fertile,pfaf-page:bd826346130b40814f042c90,ken-fern-useful-plants:species:monarda citriodora,shared_ken_fern_species_lineage_across_provider_mirrors,accepted_name_exact,accepted_name_exact,Monarda citriodora,B,specialist_species_database,pfaf.org,en,wild_species_not_cultivar_limited,accepted_individual_source_backed_audit,f408e4a1c8577ebac110b7e4b888012b87f2a522f0957122be2055ddb790dd2b,retrieved_species_page_bytes,2026-08-11T04:02:58.590577Z,priority_support2_exact_species_acquisition,,
540c31da185c8443007b814c,Moringa stenopetala,reproductive_assurance,self_incompatibility,The plant is self-fertile,SC,medium,species_direct,high_leverage_direct_checkpoint,plants_for_a_future,https://pfaf.org/user/Plant.aspx?LatinName=Moringa+stenopetala,Plants For A Future species profile: Moringa stenopetala,"Plants For A Future species profile, compiled by Ken Fern",The plant is self-fertile,pfaf-page:380992fb196bee7669a8b8d7,ken-fern-useful-plants:species:moringa stenopetala,shared_ken_fern_species_lineage_across_provider_mirrors,accepted_name_exact,accepted_name_exact,Moringa stenopetala,B,specialist_species_database,pfaf.org,en,wild_species_not_cultivar_limited,accepted_individual_source_backed_audit,d696f3d51e8bfdae8139ccdf70ececc01256c004a2a4e1ee742c366703dcf482,retrieved_species_page_bytes,2026-08-11T04:06:57.143077Z,priority_support2_exact_species_acquisition,,
cd30b9668a4de813e164315d,Nephelium ramboutan-ake,reproductive_assurance,self_incompatibility,The plant is self-fertile,SC,medium,species_direct,high_leverage_direct_checkpoint,plants_for_a_future,https://pfaf.org/user/Plant.aspx?LatinName=Nephelium+ramboutan-ake,Plants For A Future species profile: Nephelium ramboutan-ake,"Plants For A Future species profile, compiled by Ken Fern",The plant is self-fertile,pfaf-page:404a5b48b2d808439beff95d,ken-fern-useful-plants:species:nephelium ramboutan-ake,shared_ken_fern_species_lineage_across_provider_mirrors,accepted_name_exact,accepted_name_exact,Nephelium ramboutan-ake,B,specialist_species_database,pfaf.org,en,wild_species_not_cultivar_limited,accepted_individual_source_backed_audit,c0e4ab25ba85b2c4884664cf612d2c7788e40772971905e95c0928461d22ce76,retrieved_species_page_bytes,2026-08-11T04:02:42.692928Z,priority_support2_exact_species_acquisition,,
d6b2c2ad94c746c7813c34d0,Paeonia anomala,reproductive_assurance,self_incompatibility,The plant is self-fertile,SC,medium,species_direct,high_leverage_direct_checkpoint,plants_for_a_future,https://pfaf.org/user/Plant.aspx?LatinName=Paeonia+anomala,Plants For A Future species profile: Paeonia anomala,"Plants For A Future species profile, compiled by Ken Fern",The plant is self-fertile,pfaf-page:e0ddde2cbcdce986b02d5df2,ken-fern-useful-plants:species:paeonia anomala,shared_ken_fern_species_lineage_across_provider_mirrors,accepted_name_exact,accepted_name_exact,Paeonia anomala,B,specialist_species_database,pfaf.org,en,wild_species_not_cultivar_limited,accepted_individual_source_backed_audit,29f9b87e8f2bd4410f3b1f1e8120f991192b0f72a00ab22a55e1fe1d11b94fe7,retrieved_species_page_bytes,2026-08-11T04:06:03.053692Z,priority_support2_exact_species_acquisition,,
4c7d8b1bdf06062e9214e142,Pelargonium odoratissimum,reproductive_assurance,self_incompatibility,The plant is self-fertile,SC,medium,species_direct,high_leverage_direct_checkpoint,plants_for_a_future,https://pfaf.org/user/Plant.aspx?LatinName=Pelargonium+odoratissimum,Plants For A Future species profile: Pelargonium odoratissimum,"Plants For A Future species profile, compiled by Ken Fern",The plant is self-fertile,pfaf-page:abf46925c0f811f1b52c4a54,ken-fern-useful-plants:species:pelargonium odoratissimum,shared_ken_fern_species_lineage_across_provider_mirrors,accepted_name_exact,accepted_name_exact,Pelargonium odoratissimum,B,specialist_species_database,pfaf.org,en,wild_species_not_cultivar_limited,accepted_individual_source_backed_audit,4bdb95cd624675baa17d291facdae116212c81ce8b485c433818964a7a500486,retrieved_species_page_bytes,2026-08-11T04:03:26.059992Z,priority_support2_exact_species_acquisition,,
e250db73825211673df33863,Prunus americana,reproductive_assurance,self_incompatibility,The plant is self-fertile,SC,medium,species_direct,high_leverage_direct_checkpoint,plants_for_a_future,https://pfaf.org/user/Plant.aspx?LatinName=Prunus+americana,Plants For A Future species profile: Prunus americana,"Plants For A Future species profile, compiled by Ken Fern",The plant is self-fertile,pfaf-page:f78caac96873edf5e2a9c655,ken-fern-useful-plants:species:prunus americana,shared_ken_fern_species_lineage_across_provider_mirrors,accepted_name_exact,accepted_name_exact,Prunus americana,B,specialist_species_database,pfaf.org,en,wild_species_not_cultivar_limited,accepted_individual_source_backed_audit,440a49e04e0c1fa4e0cf2a40c24f898eb583a6d36e650cc74bc7029896a6db0c,retrieved_species_page_bytes,2026-08-11T04:04:55.464711Z,priority_support2_exact_species_acquisition,,
be16602f12a5d0f157c1d124,Prunus angustifolia,reproductive_assurance,self_incompatibility,The plant is self-fertile,SC,medium,species_direct,high_leverage_direct_checkpoint,plants_for_a_future,https://pfaf.org/user/Plant.aspx?LatinName=Prunus+angustifolia,Plants For A Future species profile: Prunus angustifolia,"Plants For A Future species profile, compiled by Ken Fern",The plant is self-fertile,pfaf-page:af5d175b1294d5c9d132bed0,ken-fern-useful-plants:species:prunus angustifolia,shared_ken_fern_species_lineage_across_provider_mirrors,accepted_name_exact,accepted_name_exact,Prunus angustifolia,B,specialist_species_database,pfaf.org,en,wild_species_not_cultivar_limited,accepted_individual_source_backed_audit,4499e541ba955065062052bec7a023bc2748c82dfcce6b425b7668a8471e7009,retrieved_species_page_bytes,2026-08-11T04:06:05.943301Z,priority_support2_exact_species_acquisition,,
0e6e634654233f40b71eabf9,Rhodiola rhodantha,reproductive_assurance,self_incompatibility,The plant is self-fertile,SC,medium,species_direct,high_leverage_direct_checkpoint,plants_for_a_future,https://pfaf.org/user/Plant.aspx?LatinName=Rhodiola+rhodantha,Plants For A Future species profile: Rhodiola rhodantha,"Plants For A Future species profile, compiled by Ken Fern",The plant is self-fertile,pfaf-page:4aa2b06e17bb13fae2c39f55,ken-fern-useful-plants:species:rhodiola rhodantha,shared_ken_fern_species_lineage_across_provider_mirrors,accepted_name_exact,accepted_name_exact,Rhodiola rhodantha,B,specialist_species_database,pfaf.org,en,wild_species_not_cultivar_limited,accepted_individual_source_backed_audit,8a3fc0779f0897eafa61a73a70d77c7a8c53dd4ba5ca853771d725bd2e33bbf6,retrieved_species_page_bytes,2026-08-11T04:07:07.415817Z,priority_support2_exact_species_acquisition,,
38eac7edad8ac4c89845c9e4,Rosa centifolia,reproductive_assurance,self_incompatibility,The plant is self-fertile,SC,medium,species_direct,high_leverage_direct_checkpoint,plants_for_a_future,https://pfaf.org/user/Plant.aspx?LatinName=Rosa+centifolia,Plants For A Future species profile: Rosa centifolia,"Plants For A Future species profile, compiled by Ken Fern",The plant is self-fertile,pfaf-page:9c234e092f527653bff779fd,ken-fern-useful-plants:species:rosa centifolia,shared_ken_fern_species_lineage_across_provider_mirrors,accepted_name_exact,accepted_name_exact,Rosa centifolia,B,specialist_species_database,pfaf.org,en,wild_species_not_cultivar_limited,accepted_individual_source_backed_audit,5b9cda8e170c51313a38384625ccf879a837b209e849e3ad483e4b0e7079c902,retrieved_species_page_bytes,2026-08-11T04:04:57.218499Z,priority_support2_exact_species_acquisition,,
574ba54c5f68700ade40b6cb,Satureja spicigera,reproductive_assurance,self_incompatibility,The plant is self-fertile,SC,medium,species_direct,high_leverage_direct_checkpoint,plants_for_a_future,https://pfaf.org/user/Plant.aspx?LatinName=Satureja+spicigera,Plants For A Future species profile: Satureja spicigera,"Plants For A Future species profile, compiled by Ken Fern",The plant is self-fertile,pfaf-page:9c1ec3514ea42342cadcdac2,ken-fern-useful-plants:species:satureja spicigera,shared_ken_fern_species_lineage_across_provider_mirrors,accepted_name_exact,accepted_name_exact,Satureja spicigera,B,specialist_species_database,pfaf.org,en,wild_species_not_cultivar_limited,accepted_individual_source_backed_audit,886aa43d550ddbc0f1f0418d366df9777dfe7ac8a90f3ff72fcebfa1e7353458,retrieved_species_page_bytes,2026-08-11T04:07:10.114456Z,priority_support2_exact_species_acquisition,,
73fcf37957b061f9cb37b108,Sium sisarum,reproductive_assurance,self_incompatibility,The plant is self-fertile,SC,medium,species_direct,high_leverage_direct_checkpoint,plants_for_a_future,https://pfaf.org/user/plant.aspx?LatinName=Sium+sisarum,Plants For A Future species profile: Sium sisarum,"Plants For A Future species profile, compiled by Ken Fern",The plant is self-fertile,pfaf-page:e29ffa9c822c1e632b45a525,ken-fern-useful-plants:species:sium sisarum,shared_ken_fern_species_lineage_across_provider_mirrors,accepted_name_exact,accepted_name_exact,Sium sisarum,B,specialist_species_database,pfaf.org,en,wild_species_not_cultivar_limited,accepted_individual_source_backed_audit,6d39eaa0c0b31b02c88b4881cc449300de29c216e1d924d11a51418d368cc107,retrieved_species_page_bytes,2026-08-11T04:04:57.413456Z,priority_support2_exact_species_acquisition,,
668f8ffd28425c4ec06ee20b,Tagetes lucida,reproductive_assurance,self_incompatibility,The plant is self-fertile,SC,medium,species_direct,high_leverage_direct_checkpoint,plants_for_a_future,https://pfaf.org/user/Plant.aspx?LatinName=Tagetes+lucida,Plants For A Future species profile: Tagetes lucida,"Plants For A Future species profile, compiled by Ken Fern",The plant is self-fertile,pfaf-page:0c575c468175c0197c9f9958,ken-fern-useful-plants:species:tagetes lucida,shared_ken_fern_species_lineage_across_provider_mirrors,accepted_name_exact,accepted_name_exact,Tagetes lucida,B,specialist_species_database,pfaf.org,en,wild_species_not_cultivar_limited,accepted_individual_source_backed_audit,191a397e2b498eb8aef503d661f1c531ec77f82a8b0ec0f0d0830da3e8c4aead,retrieved_species_page_bytes,2026-08-11T04:04:57.588924Z,priority_support2_exact_species_acquisition,,
a720b532211ce6d3cbf49b83,Trachyspermum ammi,reproductive_assurance,self_incompatibility,The plant is self-fertile,SC,medium,species_direct,high_leverage_direct_checkpoint,plants_for_a_future,https://pfaf.org/user/Plant.aspx?LatinName=Trachyspermum+ammi,Plants For A Future species profile: Trachyspermum ammi,"Plants For A Future species profile, compiled by Ken Fern",The plant is self-fertile,pfaf-page:0c3b2ca4952f1affec2e8327,ken-fern-useful-plants:species:trachyspermum ammi,shared_ken_fern_species_lineage_across_provider_mirrors,accepted_name_exact,accepted_name_exact,Trachyspermum ammi,B,specialist_species_database,pfaf.org,en,wild_species_not_cultivar_limited,accepted_individual_source_backed_audit,af80fe2e5c74e97a21378357ede25889d786d128ca3cb83d749be8d60d20f914,retrieved_species_page_bytes,2026-08-11T04:04:58.773505Z,priority_support2_exact_species_acquisition,,
20b358238b3f2ac3211c5c56,Veronicastrum axillare,reproductive_assurance,self_incompatibility,The plant is self-fertile,SC,medium,species_direct,high_leverage_direct_checkpoint,plants_for_a_future,https://pfaf.org/user/Plant.aspx?LatinName=Veronicastrum+axillare,Plants For A Future species profile: Veronicastrum axillare,"Plants For A Future species profile, compiled by Ken Fern",The plant is self-fertile,pfaf-page:1c481ca6984a21bc7b86a433,ken-fern-useful-plants:species:veronicastrum axillare,shared_ken_fern_species_lineage_across_provider_mirrors,accepted_name_exact,accepted_name_exact,Veronicastrum axillare,B,specialist_species_database,pfaf.org,en,wild_species_not_cultivar_limited,accepted_individual_source_backed_audit,52042cbb69bc4993b3b387a711113557717cbead07ad0a5543ad9b6b9fcb21cb,retrieved_species_page_bytes,2026-08-11T04:03:13.563730Z,priority_support2_exact_species_acquisition,,
0b4b74b7d6bef5278ebdf393,Wolffia globosa,reproductive_assurance,self_incompatibility,The plant is self-fertile,SC,medium,species_direct,high_leverage_direct_checkpoint,plants_for_a_future,https://pfaf.org/user/Plant.aspx?LatinName=Wolffia+globosa,Plants For A Future species profile: Wolffia globosa,"Plants For A Future species profile, compiled by Ken Fern",The plant is self-fertile,pfaf-page:f1e6051aefb41d57b59d861b,ken-fern-useful-plants:species:wolffia globosa,shared_ken_fern_species_lineage_across_provider_mirrors,accepted_name_exact,accepted_name_exact,Wolffia globosa,B,specialist_species_database,pfaf.org,en,wild_species_not_cultivar_limited,accepted_individual_source_backed_audit,fc9b53bed50d51ade5dd7a2537051dd699de6fc84e34d1f2419e7aba53e3e471,retrieved_species_page_bytes,2026-08-11T04:03:28.673435Z,priority_support2_exact_species_acquisition,,
9c54b05f178c942733ae16d5,Diospyros celebica,reproductive_assurance,mating_system,self-pollination 11.1%; cross pollination 88.9%,predominantly_outcrossing,high,species_direct,high_leverage_direct_checkpoint,restu_etal_2017_biotropia,https://journal.biotrop.org/index.php/biotropia/article/download/562/377,"High outcrossing rate and pollen dispersal distance of Diospyros celebica Bakh. (Ebenaceae), an endemic tree species in Sulawesi","Restu, Gusmiaty & Larekeng (2017), BIOTROPIA 24(3), DOI 10.11598/btb.2017.24.3.562","Within the male parents assigned to the 72 progeny arrays, self-pollination occurred in 8 events (11.1%) and cross pollination occurred in 64 events (88.9%).",doi:10.11598/btb.2017.24.3.562:results:72-progeny,doi:10.11598/btb.2017.24.3.562,original_primary_article_doi,accepted_name_exact,accepted_name_exact,Diospyros celebica,A,primary_research_article,journal.biotrop.org,en,wild_species_not_cultivar_limited,accepted_individual_source_backed_audit,6bbf90b64844268c8232dfdc673bf66646cc5395731e4c52692f0068dad24872,downloaded_primary_article_pdf_bytes,2026-08-11T04:50:47Z,priority_support2_exact_species_acquisition,,
b61fc6fe972d2788d47dbc43,Grewia occidentalis,floral_structural_complexity,floral_form,Stellate / Star-shaped,open_radial,high,species_direct,high_leverage_direct_checkpoint,singapore_nparks_flora_fauna_web,https://www.nparks.gov.sg/florafaunaweb/flora/4/2/4236,NParks Flora & Fauna Web: Grewia occidentalis,"National Parks Board Singapore, Flora & Fauna Web, Grewia occidentalis species record",Individual Flower Shape | Stellate / Star-shaped,nparks:4236:individual-flower-shape,url:https://www.nparks.gov.sg/florafaunaweb/flora/4/2/4236,government_species_treatment_url,accepted_name_exact,accepted_name_exact,Grewia occidentalis,A,government_species_database,nparks.gov.sg,en,wild_species_not_cultivar_limited,accepted_individual_source_backed_audit,275d87b68ed4ed089db3692f1e06ab6f32f01c2a0bd7d96bab68173143c61140,downloaded_species_page_html_bytes,2026-08-11T05:35:14Z,priority_support2_exact_species_acquisition,,
5f8f7e97cbacac4e6ffbdfd0,Myristica elliptica,floral_structural_complexity,floral_symmetry,Radial,actinomorphic,high,species_direct,high_leverage_direct_checkpoint,singapore_nparks_flora_fauna_web,https://www.nparks.gov.sg/florafaunaweb/flora/6/2/6288,NParks Flora & Fauna Web: Myristica elliptica,"National Parks Board Singapore, Flora & Fauna Web, Myristica elliptica species record",Flower Symmetry | Radial,nparks:6288:flower-symmetry,url:https://www.nparks.gov.sg/florafaunaweb/flora/6/2/6288,government_species_treatment_url,accepted_name_exact,accepted_name_exact,Myristica elliptica,A,government_species_database,nparks.gov.sg,en,wild_species_not_cultivar_limited,accepted_individual_source_backed_audit,429a45acbb2c83b6459b4eaf792b714c062bb7b3bdff3d3f36685e718e3b1f8b,downloaded_species_page_html_bytes,2026-08-11T05:35:12Z,priority_support2_exact_species_acquisition,,
cdb8ef5a5dc2da45d72bfc7d,Myristica elliptica,flower_colour,flower_primary_color,Cream / Off-White; Yellow / Golden,white|yellow_orange,high,species_direct,high_leverage_direct_checkpoint,singapore_nparks_flora_fauna_web,https://www.nparks.gov.sg/florafaunaweb/flora/6/2/6288,NParks Flora & Fauna Web: Myristica elliptica,"National Parks Board Singapore, Flora & Fauna Web, Myristica elliptica species record","Flower Colour(s) | Cream / Off-White, Yellow / Golden",nparks:6288:flower-colour,url:https://www.nparks.gov.sg/florafaunaweb/flora/6/2/6288,government_species_treatment_url,accepted_name_exact,accepted_name_exact,Myristica elliptica,A,government_species_database,nparks.gov.sg,en,wild_species_not_cultivar_limited,accepted_individual_source_backed_audit,429a45acbb2c83b6459b4eaf792b714c062bb7b3bdff3d3f36685e718e3b1f8b,downloaded_species_page_html_bytes,2026-08-11T05:35:12Z,priority_support2_exact_species_acquisition,,
9f9cb7e4f1f3f5a2ed78efbe,Nepenthes bicalcarata,floral_structural_complexity,floral_form,Stellate / Star-shaped,open_radial,high,species_direct,high_leverage_direct_checkpoint,singapore_nparks_flora_fauna_web,https://www.nparks.gov.sg/florafaunaweb/flora/4/4/4475,NParks Flora & Fauna Web: Nepenthes bicalcarata,"National Parks Board Singapore, Flora & Fauna Web, Nepenthes bicalcarata species record",Individual Flower Shape | Stellate / Star-shaped,nparks:4475:individual-flower-shape,url:https://www.nparks.gov.sg/florafaunaweb/flora/4/4/4475,government_species_treatment_url,accepted_name_exact,accepted_name_exact,Nepenthes bicalcarata,A,government_species_database,nparks.gov.sg,en,wild_species_not_cultivar_limited,accepted_individual_source_backed_audit,e7a5b5daa2fbb21ba6a9b96764bb9eb83ffeeae040036c31e28348f5916a9957,downloaded_species_page_html_bytes,2026-08-11T05:35:13Z,priority_support2_exact_species_acquisition,,
71a2a962b855c859121a9913,Nepenthes bicalcarata,floral_structural_complexity,floral_symmetry,Radial,actinomorphic,high,species_direct,high_leverage_direct_checkpoint,singapore_nparks_flora_fauna_web,https://www.nparks.gov.sg/florafaunaweb/flora/4/4/4475,NParks Flora & Fauna Web: Nepenthes bicalcarata,"National Parks Board Singapore, Flora & Fauna Web, Nepenthes bicalcarata species record",Flower Symmetry | Radial,nparks:4475:flower-symmetry,url:https://www.nparks.gov.sg/florafaunaweb/flora/4/4/4475,government_species_treatment_url,accepted_name_exact,accepted_name_exact,Nepenthes bicalcarata,A,government_species_database,nparks.gov.sg,en,wild_species_not_cultivar_limited,accepted_individual_source_backed_audit,e7a5b5daa2fbb21ba6a9b96764bb9eb83ffeeae040036c31e28348f5916a9957,downloaded_species_page_html_bytes,2026-08-11T05:35:13Z,priority_support2_exact_species_acquisition,,
ff3b7e3d4fe2dd1ea4b70315,Nepenthes bicalcarata,flower_colour,flower_primary_color,Purple; Black,blue_purple|other_described,high,species_direct,high_leverage_direct_checkpoint,singapore_nparks_flora_fauna_web,https://www.nparks.gov.sg/florafaunaweb/flora/4/4/4475,NParks Flora & Fauna Web: Nepenthes bicalcarata,"National Parks Board Singapore, Flora & Fauna Web, Nepenthes bicalcarata species record","Flower Colour(s) | Purple, Black",nparks:4475:flower-colour,url:https://www.nparks.gov.sg/florafaunaweb/flora/4/4/4475,government_species_treatment_url,accepted_name_exact,accepted_name_exact,Nepenthes bicalcarata,A,government_species_database,nparks.gov.sg,en,wild_species_not_cultivar_limited,accepted_individual_source_backed_audit,e7a5b5daa2fbb21ba6a9b96764bb9eb83ffeeae040036c31e28348f5916a9957,downloaded_species_page_html_bytes,2026-08-11T05:35:13Z,priority_support2_exact_species_acquisition,,
9a3b90c7278da91f60f61337,Nepenthes bicalcarata,floral_structural_complexity,inflorescence_display,Panicle,raceme_spike_panicle,high,species_direct,high_leverage_direct_checkpoint,singapore_nparks_flora_fauna_web,https://www.nparks.gov.sg/florafaunaweb/flora/4/4/4475,NParks Flora & Fauna Web: Nepenthes bicalcarata,"National Parks Board Singapore, Flora & Fauna Web, Nepenthes bicalcarata species record",Inflorescence Type | Panicle,nparks:4475:inflorescence-type,url:https://www.nparks.gov.sg/florafaunaweb/flora/4/4/4475,government_species_treatment_url,accepted_name_exact,accepted_name_exact,Nepenthes bicalcarata,A,government_species_database,nparks.gov.sg,en,wild_species_not_cultivar_limited,accepted_individual_source_backed_audit,e7a5b5daa2fbb21ba6a9b96764bb9eb83ffeeae040036c31e28348f5916a9957,downloaded_species_page_html_bytes,2026-08-11T05:35:13Z,priority_support2_exact_species_acquisition,,
26b2f5bd284c49deb52ba11e,Benstonea affinis,flower_colour,flower_primary_color,"Orange, Red",red_pink|yellow_orange,high,species_direct,nparks_near_rule_morphology_checkpoint,singapore_nparks_flora_fauna_web,https://www.nparks.gov.sg/florafaunaweb/flora/6/4/6451,NParks | Benstonea affinis,"National Parks Board Singapore, Flora & Fauna Web, Benstonea affinis species record","Flower Colour(s) | Orange, Red",nparks:6451:flower_primary_color,url:https://www.nparks.gov.sg/florafaunaweb/flora/6/4/6451,government_species_treatment_url,accepted_name_exact,accepted_name_exact,Benstonea affinis,A,government_species_database,nparks.gov.sg,en,species_level_record_not_cultivar_limited,accepted_individual_source_backed_audit,64bcfdbbe6ab376de1f75463ec298abf139f9225f00c4e3bc05ce43f288a17d3,retrieved_species_page_html_bytes,2026-08-11T06:16:10Z,nparks_autocomplete_genus_inventory:Benstonea,1,
c0f2d0aeb1fdf4ecbe407d14,Canarium album,flower_colour,flower_primary_color,White,white,high,species_direct,nparks_near_rule_morphology_checkpoint,singapore_nparks_flora_fauna_web,https://www.nparks.gov.sg/florafaunaweb/flora/7/3/7364,NParks | Canarium album,"National Parks Board Singapore, Flora & Fauna Web, Canarium album species record",Flower Colour(s) | White,nparks:7364:flower_primary_color,url:https://www.nparks.gov.sg/florafaunaweb/flora/7/3/7364,government_species_treatment_url,accepted_name_exact,accepted_name_exact,Canarium album,A,government_species_database,nparks.gov.sg,en,species_level_record_not_cultivar_limited,accepted_individual_source_backed_audit,279de1d7c52bcfc0357b613a2437b93cab7f9d6f725f757d6d1513f6006affd5,retrieved_species_page_html_bytes,2026-08-11T06:16:10Z,nparks_autocomplete_genus_inventory:Canarium,1,
59689825ea303684a509a8f9,Canarium littorale,flower_colour,flower_primary_color,"Green, Yellow / Golden",green_brown_inconspicuous|yellow_orange,high,species_direct,nparks_near_rule_morphology_checkpoint,singapore_nparks_flora_fauna_web,https://www.nparks.gov.sg/florafaunaweb/flora/3/7/3775,NParks | Canarium littorale,"National Parks Board Singapore, Flora & Fauna Web, Canarium littorale species record","Flower Colour(s) | Green, Yellow / Golden",nparks:3775:flower_primary_color,url:https://www.nparks.gov.sg/florafaunaweb/flora/3/7/3775,government_species_treatment_url,accepted_name_exact,accepted_name_exact,Canarium littorale,A,government_species_database,nparks.gov.sg,en,species_level_record_not_cultivar_limited,accepted_individual_source_backed_audit,5a40775464717de9ee0f110ec52f296d5a92cab5e3f7a45961185d438a2698f6,retrieved_species_page_html_bytes,2026-08-11T06:16:10Z,nparks_autocomplete_genus_inventory:Canarium,4,
5d29d549ae2dc5c8f703fb94,Canarium odontophyllum,flower_colour,flower_primary_color,White,white,high,species_direct,nparks_near_rule_morphology_checkpoint,singapore_nparks_flora_fauna_web,https://www.nparks.gov.sg/florafaunaweb/flora/3/7/3776,NParks | Canarium odontophyllum,"National Parks Board Singapore, Flora & Fauna Web, Canarium odontophyllum species record",Flower Colour(s) | White,nparks:3776:flower_primary_color,url:https://www.nparks.gov.sg/florafaunaweb/flora/3/7/3776,government_species_treatment_url,accepted_name_exact,accepted_name_exact,Canarium odontophyllum,A,government_species_database,nparks.gov.sg,en,species_level_record_not_cultivar_limited,accepted_individual_source_backed_audit,87488adbbfe183bcc9d98635b8d7b805ce00a3362203d0d43471638da4430417,retrieved_species_page_html_bytes,2026-08-11T06:16:10Z,nparks_autocomplete_genus_inventory:Canarium,5,
cf70bfbc0ce550f34a9ad4e5,Canarium ovatum,flower_colour,flower_primary_color,"Green - Light Green, Yellow / Golden",green_brown_inconspicuous|yellow_orange,high,species_direct,nparks_near_rule_morphology_checkpoint,singapore_nparks_flora_fauna_web,https://www.nparks.gov.sg/florafaunaweb/flora/3/7/3778,NParks | Canarium ovatum,"National Parks Board Singapore, Flora & Fauna Web, Canarium ovatum species record","Flower Colour(s) | Green - Light Green, Yellow / Golden",nparks:3778:flower_primary_color,url:https://www.nparks.gov.sg/florafaunaweb/flora/3/7/3778,government_species_treatment_url,accepted_name_exact,accepted_name_exact,Canarium ovatum,A,government_species_database,nparks.gov.sg,en,species_level_record_not_cultivar_limited,accepted_individual_source_backed_audit,a97fbc1a4a766ba6a06410483527200c8333468f7cec1c16aa2d9fedb82d4ff4,retrieved_species_page_html_bytes,2026-08-11T06:16:10Z,nparks_autocomplete_genus_inventory:Canarium,6,
ea39ef94294e49a287f9e69f,Canarium vulgare,flower_colour,flower_primary_color,Cream / Off-White,white,high,species_direct,nparks_near_rule_morphology_checkpoint,singapore_nparks_flora_fauna_web,https://www.nparks.gov.sg/florafaunaweb/flora/3/6/3659,NParks | Canarium vulgare,"National Parks Board Singapore, Flora & Fauna Web, Canarium vulgare species record",Flower Colour(s) | Cream / Off-White,nparks:3659:flower_primary_color,url:https://www.nparks.gov.sg/florafaunaweb/flora/3/6/3659,government_species_treatment_url,accepted_name_exact,accepted_name_exact,Canarium vulgare,A,government_species_database,nparks.gov.sg,en,species_level_record_not_cultivar_limited,accepted_individual_source_backed_audit,79fea432c8ed95eae0e6588ca981994dab5aa1263236c3678587dae593ed26e9,retrieved_species_page_html_bytes,2026-08-11T06:16:10Z,nparks_autocomplete_genus_inventory:Canarium,8,
1b35866462ffe42b97273868,Claoxylon indicum,floral_structural_complexity,floral_symmetry,Radial,actinomorphic,high,species_direct,nparks_near_rule_morphology_checkpoint,singapore_nparks_flora_fauna_web,https://www.nparks.gov.sg/florafaunaweb/flora/2/8/2811,NParks | Claoxylon indicum,"National Parks Board Singapore, Flora & Fauna Web, Claoxylon indicum species record",Flower Symmetry | Radial,nparks:2811:floral_symmetry,url:https://www.nparks.gov.sg/florafaunaweb/flora/2/8/2811,government_species_treatment_url,accepted_name_exact,accepted_name_exact,Claoxylon indicum,A,government_species_database,nparks.gov.sg,en,species_level_record_not_cultivar_limited,accepted_individual_source_backed_audit,b6266a7bc0e6b85c75bbd86863baa0e819464d93e1a3a0fa1d5ef80b9462ffeb,retrieved_species_page_html_bytes,2026-08-11T06:16:10Z,nparks_autocomplete_genus_inventory:Claoxylon,1,
2b5dc69b5dfbf90d353ef149,Claoxylon indicum,flower_colour,flower_primary_color,White,white,high,species_direct,nparks_near_rule_morphology_checkpoint,singapore_nparks_flora_fauna_web,https://www.nparks.gov.sg/florafaunaweb/flora/2/8/2811,NParks | Claoxylon indicum,"National Parks Board Singapore, Flora & Fauna Web, Claoxylon indicum species record",Flower Colour(s) | White,nparks:2811:flower_primary_color,url:https://www.nparks.gov.sg/florafaunaweb/flora/2/8/2811,government_species_treatment_url,accepted_name_exact,accepted_name_exact,Claoxylon indicum,A,government_species_database,nparks.gov.sg,en,species_level_record_not_cultivar_limited,accepted_individual_source_backed_audit,b6266a7bc0e6b85c75bbd86863baa0e819464d93e1a3a0fa1d5ef80b9462ffeb,retrieved_species_page_html_bytes,2026-08-11T06:16:10Z,nparks_autocomplete_genus_inventory:Claoxylon,1,
c8a1323fcdb73b501ddfd3c3,Claoxylon indicum,floral_structural_complexity,inflorescence_display,Raceme,raceme_spike_panicle,high,species_direct,nparks_near_rule_morphology_checkpoint,singapore_nparks_flora_fauna_web,https://www.nparks.gov.sg/florafaunaweb/flora/2/8/2811,NParks | Claoxylon indicum,"National Parks Board Singapore, Flora & Fauna Web, Claoxylon indicum species record",Inflorescence Type | Raceme,nparks:2811:inflorescence_display,url:https://www.nparks.gov.sg/florafaunaweb/flora/2/8/2811,government_species_treatment_url,accepted_name_exact,accepted_name_exact,Claoxylon indicum,A,government_species_database,nparks.gov.sg,en,species_level_record_not_cultivar_limited,accepted_individual_source_backed_audit,b6266a7bc0e6b85c75bbd86863baa0e819464d93e1a3a0fa1d5ef80b9462ffeb,retrieved_species_page_html_bytes,2026-08-11T06:16:10Z,nparks_autocomplete_genus_inventory:Claoxylon,1,
1e30dcedfcee3b1595c1b66f,Dianella caerulea,floral_structural_complexity,floral_form,Stellate / Star-shaped,open_radial,high,species_direct,nparks_near_rule_morphology_checkpoint,singapore_nparks_flora_fauna_web,https://www.nparks.gov.sg/florafaunaweb/flora/1/9/1928,NParks | Dianella caerulea,"National Parks Board Singapore, Flora & Fauna Web, Dianella caerulea species record",Individual Flower Shape | Stellate / Star-shaped,nparks:1928:floral_form,url:https://www.nparks.gov.sg/florafaunaweb/flora/1/9/1928,government_species_treatment_url,accepted_name_exact,accepted_name_exact,Dianella caerulea,A,government_species_database,nparks.gov.sg,en,species_level_record_not_cultivar_limited,accepted_individual_source_backed_audit,b3e62c0c77971956f9305229dfd7669e36d551396e4c02efc889a543df0515da,retrieved_species_page_html_bytes,2026-08-11T06:16:10Z,nparks_autocomplete_genus_inventory:Dianella,2,
05a568a56cba9434715a1738,Dianella caerulea,floral_structural_complexity,floral_symmetry,Radial,actinomorphic,high,species_direct,nparks_near_rule_morphology_checkpoint,singapore_nparks_flora_fauna_web,https://www.nparks.gov.sg/florafaunaweb/flora/1/9/1928,NParks | Dianella caerulea,"National Parks Board Singapore, Flora & Fauna Web, Dianella caerulea species record",Flower Symmetry | Radial,nparks:1928:floral_symmetry,url:https://www.nparks.gov.sg/florafaunaweb/flora/1/9/1928,government_species_treatment_url,accepted_name_exact,accepted_name_exact,Dianella caerulea,A,government_species_database,nparks.gov.sg,en,species_level_record_not_cultivar_limited,accepted_individual_source_backed_audit,b3e62c0c77971956f9305229dfd7669e36d551396e4c02efc889a543df0515da,retrieved_species_page_html_bytes,2026-08-11T06:16:10Z,nparks_autocomplete_genus_inventory:Dianella,2,
95bd8c775defd3e100d650b1,Dianella caerulea,floral_structural_complexity,inflorescence_display,Panicle,raceme_spike_panicle,high,species_direct,nparks_near_rule_morphology_checkpoint,singapore_nparks_flora_fauna_web,https://www.nparks.gov.sg/florafaunaweb/flora/1/9/1928,NParks | Dianella caerulea,"National Parks Board Singapore, Flora & Fauna Web, Dianella caerulea species record",Inflorescence Type | Panicle,nparks:1928:inflorescence_display,url:https://www.nparks.gov.sg/florafaunaweb/flora/1/9/1928,government_species_treatment_url,accepted_name_exact,accepted_name_exact,Dianella caerulea,A,government_species_database,nparks.gov.sg,en,species_level_record_not_cultivar_limited,accepted_individual_source_backed_audit,b3e62c0c77971956f9305229dfd7669e36d551396e4c02efc889a543df0515da,retrieved_species_page_html_bytes,2026-08-11T06:16:10Z,nparks_autocomplete_genus_inventory:Dianella,2,
dad30b93249e2cdbf6d0c431,Globba atrosanguinea,flower_colour,flower_primary_color,"Orange, Red",red_pink|yellow_orange,high,species_direct,nparks_near_rule_morphology_checkpoint,singapore_nparks_flora_fauna_web,https://www.nparks.gov.sg/florafaunaweb/flora/2/0/2032,NParks | Globba atrosanguinea,"National Parks Board Singapore, Flora & Fauna Web, Globba atrosanguinea species record","Flower Colour(s) | Orange, Red",nparks:2032:flower_primary_color,url:https://www.nparks.gov.sg/florafaunaweb/flora/2/0/2032,government_species_treatment_url,accepted_name_exact,accepted_name_exact,Globba atrosanguinea,A,government_species_database,nparks.gov.sg,en,species_level_record_not_cultivar_limited,accepted_individual_source_backed_audit,664cca96e1ba2d04cb1e77159ff222233ccc0b6c0e3f0036800ada745423f1d6,retrieved_species_page_html_bytes,2026-08-11T06:16:10Z,nparks_autocomplete_genus_inventory:Globba,1,
a6078a1576241515a6292ed0,Globba leucantha,floral_structural_complexity,floral_symmetry,Asymmetrical,asymmetric,high,species_direct,nparks_near_rule_morphology_checkpoint,singapore_nparks_flora_fauna_web,https://www.nparks.gov.sg/florafaunaweb/flora/8/7/8726,NParks | Globba leucantha var peninsularis,"National Parks Board Singapore, Flora & Fauna Web, Globba leucantha species record",Flower Symmetry | Asymmetrical,nparks:8726:floral_symmetry,url:https://www.nparks.gov.sg/florafaunaweb/flora/8/7/8726,government_species_treatment_url,accepted_name_exact,accepted_name_exact,Globba leucantha,A,government_species_database,nparks.gov.sg,en,species_level_record_not_cultivar_limited,accepted_individual_source_backed_audit,c85aa3ec27ae1b437be8c07abefb463b59194612fdc97d4245585001a890ecc7,retrieved_species_page_html_bytes,2026-08-11T06:16:10Z,nparks_autocomplete_genus_inventory:Globba,3,
f085e2a2a5162ff43b540ec3,Globba leucantha,flower_colour,flower_primary_color,White,white,high,species_direct,nparks_near_rule_morphology_checkpoint,singapore_nparks_flora_fauna_web,https://www.nparks.gov.sg/florafaunaweb/flora/8/7/8726,NParks | Globba leucantha var peninsularis,"National Parks Board Singapore, Flora & Fauna Web, Globba leucantha species record",Flower Colour(s) | White,nparks:8726:flower_primary_color,url:https://www.nparks.gov.sg/florafaunaweb/flora/8/7/8726,government_species_treatment_url,accepted_name_exact,accepted_name_exact,Globba leucantha,A,government_species_database,nparks.gov.sg,en,species_level_record_not_cultivar_limited,accepted_individual_source_backed_audit,c85aa3ec27ae1b437be8c07abefb463b59194612fdc97d4245585001a890ecc7,retrieved_species_page_html_bytes,2026-08-11T06:16:10Z,nparks_autocomplete_genus_inventory:Globba,3,
0761f550cf585b3faae53ad3,Globba winitii,flower_colour,flower_primary_color,"Purple, Yellow / Golden",blue_purple|yellow_orange,high,species_direct,nparks_near_rule_morphology_checkpoint,singapore_nparks_flora_fauna_web,https://www.nparks.gov.sg/florafaunaweb/flora/2/0/2034,NParks | Globba winitii,"National Parks Board Singapore, Flora & Fauna Web, Globba winitii species record","Flower Colour(s) | Purple, Yellow / Golden",nparks:2034:flower_primary_color,url:https://www.nparks.gov.sg/florafaunaweb/flora/2/0/2034,government_species_treatment_url,accepted_name_exact,accepted_name_exact,Globba winitii,A,government_species_database,nparks.gov.sg,en,species_level_record_not_cultivar_limited,accepted_individual_source_backed_audit,54d533f678e0bb8904b585a48ea8a9387c2a61cd6039133ba279d74ddfac0b03,retrieved_species_page_html_bytes,2026-08-11T06:16:10Z,nparks_autocomplete_genus_inventory:Globba,6,
2bff18e563b1195482687ab1,Grewia laevigata,floral_structural_complexity,floral_symmetry,Radial,actinomorphic,high,species_direct,nparks_near_rule_morphology_checkpoint,singapore_nparks_flora_fauna_web,https://www.nparks.gov.sg/florafaunaweb/flora/1/4/1407,NParks | Grewia laevigata,"National Parks Board Singapore, Flora & Fauna Web, Grewia laevigata species record",Flower Symmetry | Radial,nparks:1407:floral_symmetry,url:https://www.nparks.gov.sg/florafaunaweb/flora/1/4/1407,government_species_treatment_url,accepted_name_exact,accepted_name_exact,Grewia laevigata,A,government_species_database,nparks.gov.sg,en,species_level_record_not_cultivar_limited,accepted_individual_source_backed_audit,1bdddaff12b339bd7cd3f90134e536fe6503ab8263ce291058d86846de3c4624,retrieved_species_page_html_bytes,2026-08-11T06:16:10Z,nparks_autocomplete_genus_inventory:Grewia,1,
306466ec9317fcc5c25ef200,Heliconia collinsiana,flower_colour,flower_primary_color,"Orange, Red, Yellow / Golden",red_pink|yellow_orange,high,species_direct,nparks_near_rule_morphology_checkpoint,singapore_nparks_flora_fauna_web,https://www.nparks.gov.sg/florafaunaweb/flora/5/7/5744,NParks | Heliconia collinsiana,"National Parks Board Singapore, Flora & Fauna Web, Heliconia collinsiana species record","Flower Colour(s) | Orange, Red, Yellow / Golden",nparks:5744:flower_primary_color,url:https://www.nparks.gov.sg/florafaunaweb/flora/5/7/5744,government_species_treatment_url,accepted_name_exact,accepted_name_exact,Heliconia collinsiana,A,government_species_database,nparks.gov.sg,en,species_level_record_not_cultivar_limited,accepted_individual_source_backed_audit,46cd4511ed9285dbc76d0455a7437892bbbb133ae161dbe79b49a8bd3e4f7caf,retrieved_species_page_html_bytes,2026-08-11T06:16:10Z,nparks_autocomplete_genus_inventory:Heliconia,35,
ca2e3578d6563a418fa56dfd,Heliconia episcopalis,flower_colour,flower_primary_color,"Orange, Red, Yellow / Golden",red_pink|yellow_orange,high,species_direct,nparks_near_rule_morphology_checkpoint,singapore_nparks_flora_fauna_web,https://www.nparks.gov.sg/florafaunaweb/flora/4/2/4266,NParks | Heliconia episcopalis,"National Parks Board Singapore, Flora & Fauna Web, Heliconia episcopalis species record","Flower Colour(s) | Orange, Red, Yellow / Golden",nparks:4266:flower_primary_color,url:https://www.nparks.gov.sg/florafaunaweb/flora/4/2/4266,government_species_treatment_url,accepted_name_exact,accepted_name_exact,Heliconia episcopalis,A,government_species_database,nparks.gov.sg,en,species_level_record_not_cultivar_limited,accepted_individual_source_backed_audit,b70da90148a31635aec749651984d4dc0976ad275bb8d71bb0faab5e2db6fa72,retrieved_species_page_html_bytes,2026-08-11T06:16:10Z,nparks_autocomplete_genus_inventory:Heliconia,38,
a44550c3bd0f6350e74f8661,Heliconia marginata,flower_colour,flower_primary_color,"Red, Yellow / Golden",red_pink|yellow_orange,high,species_direct,nparks_near_rule_morphology_checkpoint,singapore_nparks_flora_fauna_web,https://www.nparks.gov.sg/florafaunaweb/flora/2/0/2081,NParks | Heliconia marginata,"National Parks Board Singapore, Flora & Fauna Web, Heliconia marginata species record","Flower Colour(s) | Red, Yellow / Golden",nparks:2081:flower_primary_color,url:https://www.nparks.gov.sg/florafaunaweb/flora/2/0/2081,government_species_treatment_url,accepted_name_exact,accepted_name_exact,Heliconia marginata,A,government_species_database,nparks.gov.sg,en,species_level_record_not_cultivar_limited,accepted_individual_source_backed_audit,36c33ec1f6bd10ab08c38f051dee41a600f825e4bc925e2f2ba77e996ca3b0f8,retrieved_species_page_html_bytes,2026-08-11T06:16:10Z,nparks_autocomplete_genus_inventory:Heliconia,50,
1c8eca14e9f500721c121fbd,Heliconia mathiasiae,flower_colour,flower_primary_color,"Red, Yellow / Golden",red_pink|yellow_orange,high,species_direct,nparks_near_rule_morphology_checkpoint,singapore_nparks_flora_fauna_web,https://www.nparks.gov.sg/florafaunaweb/flora/3/3/3394,NParks | Heliconia mathiasiae,"National Parks Board Singapore, Flora & Fauna Web, Heliconia mathiasiae species record","Flower Colour(s) | Red, Yellow / Golden",nparks:3394:flower_primary_color,url:https://www.nparks.gov.sg/florafaunaweb/flora/3/3/3394,government_species_treatment_url,accepted_name_exact,accepted_name_exact,Heliconia mathiasiae,A,government_species_database,nparks.gov.sg,en,species_level_record_not_cultivar_limited,accepted_individual_source_backed_audit,c8475c044f63607a42a938b0f73c6ab18446faab1ce64265bbd81521d9eb518e,retrieved_species_page_html_bytes,2026-08-11T06:16:10Z,nparks_autocomplete_genus_inventory:Heliconia,52,
7e402326cb6cf658310e113e,Heliconia metallica,flower_colour,flower_primary_color,"Pink, Red",red_pink,high,species_direct,nparks_near_rule_morphology_checkpoint,singapore_nparks_flora_fauna_web,https://www.nparks.gov.sg/florafaunaweb/flora/5/3/5352,NParks | Heliconia metallica,"National Parks Board Singapore, Flora & Fauna Web, Heliconia metallica species record","Flower Colour(s) | Pink, Red",nparks:5352:flower_primary_color,url:https://www.nparks.gov.sg/florafaunaweb/flora/5/3/5352,government_species_treatment_url,accepted_name_exact,accepted_name_exact,Heliconia metallica,A,government_species_database,nparks.gov.sg,en,species_level_record_not_cultivar_limited,accepted_individual_source_backed_audit,cbbd02fe9fc68fe959f880a8450c9ee968af6ad3700d402990393cecd74200eb,retrieved_species_page_html_bytes,2026-08-11T06:16:10Z,nparks_autocomplete_genus_inventory:Heliconia,55,
79256207ec09b7ebee86819d,Heliconia vaginalis,flower_colour,flower_primary_color,"Red, Yellow / Golden",red_pink|yellow_orange,high,species_direct,nparks_near_rule_morphology_checkpoint,singapore_nparks_flora_fauna_web,https://www.nparks.gov.sg/florafaunaweb/flora/8/0/8005,NParks | Heliconia vaginalis,"National Parks Board Singapore, Flora & Fauna Web, Heliconia vaginalis species record","Flower Colour(s) | Red, Yellow / Golden",nparks:8005:flower_primary_color,url:https://www.nparks.gov.sg/florafaunaweb/flora/8/0/8005,government_species_treatment_url,accepted_name_exact,accepted_name_exact,Heliconia vaginalis,A,government_species_database,nparks.gov.sg,en,species_level_record_not_cultivar_limited,accepted_individual_source_backed_audit,90a0426c47a48d63dcff874466f2ec78b04ef8c633c193df722cdeed8099a823,retrieved_species_page_html_bytes,2026-08-11T06:16:10Z,nparks_autocomplete_genus_inventory:Heliconia,79,
b28ce5ffd98e7cecea614ecb,Heliconia vellerigera,floral_structural_complexity,floral_form,Tubular,tubular,high,species_direct,nparks_near_rule_morphology_checkpoint,singapore_nparks_flora_fauna_web,https://www.nparks.gov.sg/florafaunaweb/flora/2/0/2084,NParks | Heliconia vellerigera,"National Parks Board Singapore, Flora & Fauna Web, Heliconia vellerigera species record",Individual Flower Shape | Tubular,nparks:2084:floral_form,url:https://www.nparks.gov.sg/florafaunaweb/flora/2/0/2084,government_species_treatment_url,accepted_name_exact,accepted_name_exact,Heliconia vellerigera,A,government_species_database,nparks.gov.sg,en,species_level_record_not_cultivar_limited,accepted_individual_source_backed_audit,bc1a0aa5b85f91553df769b731cdfaec5649630245f06895103ec985abb76765,retrieved_species_page_html_bytes,2026-08-11T06:16:10Z,nparks_autocomplete_genus_inventory:Heliconia,80,
a30c7a154898dc6b171a77a9,Heliconia vellerigera,floral_structural_complexity,floral_symmetry,Bilateral,zygomorphic,high,species_direct,nparks_near_rule_morphology_checkpoint,singapore_nparks_flora_fauna_web,https://www.nparks.gov.sg/florafaunaweb/flora/2/0/2084,NParks | Heliconia vellerigera,"National Parks Board Singapore, Flora & Fauna Web, Heliconia vellerigera species record",Flower Symmetry | Bilateral,nparks:2084:floral_symmetry,url:https://www.nparks.gov.sg/florafaunaweb/flora/2/0/2084,government_species_treatment_url,accepted_name_exact,accepted_name_exact,Heliconia vellerigera,A,government_species_database,nparks.gov.sg,en,species_level_record_not_cultivar_limited,accepted_individual_source_backed_audit,bc1a0aa5b85f91553df769b731cdfaec5649630245f06895103ec985abb76765,retrieved_species_page_html_bytes,2026-08-11T06:16:10Z,nparks_autocomplete_genus_inventory:Heliconia,80,
be77725f84dd395674794bd6,Heliconia vellerigera,floral_structural_complexity,inflorescence_display,Panicle,raceme_spike_panicle,high,species_direct,nparks_near_rule_morphology_checkpoint,singapore_nparks_flora_fauna_web,https://www.nparks.gov.sg/florafaunaweb/flora/2/0/2084,NParks | Heliconia vellerigera,"National Parks Board Singapore, Flora & Fauna Web, Heliconia vellerigera species record",Inflorescence Type | Panicle,nparks:2084:inflorescence_display,url:https://www.nparks.gov.sg/florafaunaweb/flora/2/0/2084,government_species_treatment_url,accepted_name_exact,accepted_name_exact,Heliconia vellerigera,A,government_species_database,nparks.gov.sg,en,species_level_record_not_cultivar_limited,accepted_individual_source_backed_audit,bc1a0aa5b85f91553df769b731cdfaec5649630245f06895103ec985abb76765,retrieved_species_page_html_bytes,2026-08-11T06:16:10Z,nparks_autocomplete_genus_inventory:Heliconia,80,
fd3b5c58dc514d4f05dd451a,Heliconia wagneriana,flower_colour,flower_primary_color,"Green, Red, Yellow / Golden",green_brown_inconspicuous|red_pink|yellow_orange,high,species_direct,nparks_near_rule_morphology_checkpoint,singapore_nparks_flora_fauna_web,https://www.nparks.gov.sg/florafaunaweb/flora/4/2/4293,NParks | Heliconia wagneriana,"National Parks Board Singapore, Flora & Fauna Web, Heliconia wagneriana species record","Flower Colour(s) | Green, Red, Yellow / Golden",nparks:4293:flower_primary_color,url:https://www.nparks.gov.sg/florafaunaweb/flora/4/2/4293,government_species_treatment_url,accepted_name_exact,accepted_name_exact,Heliconia wagneriana,A,government_species_database,nparks.gov.sg,en,species_level_record_not_cultivar_limited,accepted_individual_source_backed_audit,ca9ca1b7b502c4322e154c8e0c8206220fe30def3dfdca35f213f13574b2c407,retrieved_species_page_html_bytes,2026-08-11T06:16:10Z,nparks_autocomplete_genus_inventory:Heliconia,81,
d6df3c9e573dc1a4ee607f39,Hornstedtia leonurus,floral_structural_complexity,floral_form,Tubular,tubular,high,species_direct,nparks_near_rule_morphology_checkpoint,singapore_nparks_flora_fauna_web,https://www.nparks.gov.sg/florafaunaweb/flora/2/1/2110,NParks | Hornstedtia leonurus,"National Parks Board Singapore, Flora & Fauna Web, Hornstedtia leonurus species record",Individual Flower Shape | Tubular,nparks:2110:floral_form,url:https://www.nparks.gov.sg/florafaunaweb/flora/2/1/2110,government_species_treatment_url,accepted_name_exact,accepted_name_exact,Hornstedtia leonurus,A,government_species_database,nparks.gov.sg,en,species_level_record_not_cultivar_limited,accepted_individual_source_backed_audit,66e2f1f1203860813ecb2c71a30c5b0bfad825ec760939fb7f9704b9284224f6,retrieved_species_page_html_bytes,2026-08-11T06:16:10Z,nparks_autocomplete_genus_inventory:Hornstedtia,2,
5b8b8187a33f144bf9a8f927,Hornstedtia leonurus,floral_structural_complexity,floral_symmetry,Bilateral,zygomorphic,high,species_direct,nparks_near_rule_morphology_checkpoint,singapore_nparks_flora_fauna_web,https://www.nparks.gov.sg/florafaunaweb/flora/2/1/2110,NParks | Hornstedtia leonurus,"National Parks Board Singapore, Flora & Fauna Web, Hornstedtia leonurus species record",Flower Symmetry | Bilateral,nparks:2110:floral_symmetry,url:https://www.nparks.gov.sg/florafaunaweb/flora/2/1/2110,government_species_treatment_url,accepted_name_exact,accepted_name_exact,Hornstedtia leonurus,A,government_species_database,nparks.gov.sg,en,species_level_record_not_cultivar_limited,accepted_individual_source_backed_audit,66e2f1f1203860813ecb2c71a30c5b0bfad825ec760939fb7f9704b9284224f6,retrieved_species_page_html_bytes,2026-08-11T06:16:10Z,nparks_autocomplete_genus_inventory:Hornstedtia,2,
0b23d3649b7e698dbab645f4,Hornstedtia leonurus,floral_structural_complexity,inflorescence_display,Spike,raceme_spike_panicle,high,species_direct,nparks_near_rule_morphology_checkpoint,singapore_nparks_flora_fauna_web,https://www.nparks.gov.sg/florafaunaweb/flora/2/1/2110,NParks | Hornstedtia leonurus,"National Parks Board Singapore, Flora & Fauna Web, Hornstedtia leonurus species record",Inflorescence Type | Spike,nparks:2110:inflorescence_display,url:https://www.nparks.gov.sg/florafaunaweb/flora/2/1/2110,government_species_treatment_url,accepted_name_exact,accepted_name_exact,Hornstedtia leonurus,A,government_species_database,nparks.gov.sg,en,species_level_record_not_cultivar_limited,accepted_individual_source_backed_audit,66e2f1f1203860813ecb2c71a30c5b0bfad825ec760939fb7f9704b9284224f6,retrieved_species_page_html_bytes,2026-08-11T06:16:10Z,nparks_autocomplete_genus_inventory:Hornstedtia,2,
55eefbcf0410bafeb170bf09,Hornstedtia scyphifera,floral_structural_complexity,floral_form,Tubular,tubular,high,species_direct,nparks_near_rule_morphology_checkpoint,singapore_nparks_flora_fauna_web,https://www.nparks.gov.sg/florafaunaweb/flora/2/1/2111,NParks | Hornstedtia scyphifera,"National Parks Board Singapore, Flora & Fauna Web, Hornstedtia scyphifera species record",Individual Flower Shape | Tubular,nparks:2111:floral_form,url:https://www.nparks.gov.sg/florafaunaweb/flora/2/1/2111,government_species_treatment_url,accepted_name_exact,accepted_name_exact,Hornstedtia scyphifera,A,government_species_database,nparks.gov.sg,en,species_level_record_not_cultivar_limited,accepted_individual_source_backed_audit,39c19047741e9b21993d681166482bfdbb6e8b18cb380f42506fb992593cc92c,retrieved_species_page_html_bytes,2026-08-11T06:16:10Z,nparks_autocomplete_genus_inventory:Hornstedtia,3,
d69d146c8c1d1ed9d4f61fab,Hornstedtia scyphifera,floral_structural_complexity,floral_symmetry,Bilateral,zygomorphic,high,species_direct,nparks_near_rule_morphology_checkpoint,singapore_nparks_flora_fauna_web,https://www.nparks.gov.sg/florafaunaweb/flora/2/1/2111,NParks | Hornstedtia scyphifera,"National Parks Board Singapore, Flora & Fauna Web, Hornstedtia scyphifera species record",Flower Symmetry | Bilateral,nparks:2111:floral_symmetry,url:https://www.nparks.gov.sg/florafaunaweb/flora/2/1/2111,government_species_treatment_url,accepted_name_exact,accepted_name_exact,Hornstedtia scyphifera,A,government_species_database,nparks.gov.sg,en,species_level_record_not_cultivar_limited,accepted_individual_source_backed_audit,39c19047741e9b21993d681166482bfdbb6e8b18cb380f42506fb992593cc92c,retrieved_species_page_html_bytes,2026-08-11T06:16:10Z,nparks_autocomplete_genus_inventory:Hornstedtia,3,
972e77aa84cd1c6bee4487fb,Hornstedtia scyphifera,floral_structural_complexity,inflorescence_display,Spike,raceme_spike_panicle,high,species_direct,nparks_near_rule_morphology_checkpoint,singapore_nparks_flora_fauna_web,https://www.nparks.gov.sg/florafaunaweb/flora/2/1/2111,NParks | Hornstedtia scyphifera,"National Parks Board Singapore, Flora & Fauna Web, Hornstedtia scyphifera species record",Inflorescence Type | Spike,nparks:2111:inflorescence_display,url:https://www.nparks.gov.sg/florafaunaweb/flora/2/1/2111,government_species_treatment_url,accepted_name_exact,accepted_name_exact,Hornstedtia scyphifera,A,government_species_database,nparks.gov.sg,en,species_level_record_not_cultivar_limited,accepted_individual_source_backed_audit,39c19047741e9b21993d681166482bfdbb6e8b18cb380f42506fb992593cc92c,retrieved_species_page_html_bytes,2026-08-11T06:16:10Z,nparks_autocomplete_genus_inventory:Hornstedtia,3,
623b2164d3ffc3e92e141623,Horsfieldia crassifolia,floral_structural_complexity,floral_symmetry,Radial,actinomorphic,high,species_direct,nparks_near_rule_morphology_checkpoint,singapore_nparks_flora_fauna_web,https://www.nparks.gov.sg/florafaunaweb/flora/2/9/2963,NParks | Horsfieldia crassifolia,"National Parks Board Singapore, Flora & Fauna Web, Horsfieldia crassifolia species record",Flower Symmetry | Radial,nparks:2963:floral_symmetry,url:https://www.nparks.gov.sg/florafaunaweb/flora/2/9/2963,government_species_treatment_url,accepted_name_exact,accepted_name_exact,Horsfieldia crassifolia,A,government_species_database,nparks.gov.sg,en,species_level_record_not_cultivar_limited,accepted_individual_source_backed_audit,ff4c0fec310da37dfd68200cae9196688d2f929ba7b7de31233cc9cd7cb93745,retrieved_species_page_html_bytes,2026-08-11T06:16:10Z,nparks_autocomplete_genus_inventory:Horsfieldia,1,
9fc466bb5300c506d5967345,Horsfieldia crassifolia,flower_colour,flower_primary_color,Yellow / Golden,yellow_orange,high,species_direct,nparks_near_rule_morphology_checkpoint,singapore_nparks_flora_fauna_web,https://www.nparks.gov.sg/florafaunaweb/flora/2/9/2963,NParks | Horsfieldia crassifolia,"National Parks Board Singapore, Flora & Fauna Web, Horsfieldia crassifolia species record",Flower Colour(s) | Yellow / Golden,nparks:2963:flower_primary_color,url:https://www.nparks.gov.sg/florafaunaweb/flora/2/9/2963,government_species_treatment_url,accepted_name_exact,accepted_name_exact,Horsfieldia crassifolia,A,government_species_database,nparks.gov.sg,en,species_level_record_not_cultivar_limited,accepted_individual_source_backed_audit,ff4c0fec310da37dfd68200cae9196688d2f929ba7b7de31233cc9cd7cb93745,retrieved_species_page_html_bytes,2026-08-11T06:16:10Z,nparks_autocomplete_genus_inventory:Horsfieldia,1,
2906742b463a2551c908a678,Horsfieldia irya,floral_structural_complexity,floral_symmetry,Radial,actinomorphic,high,species_direct,nparks_near_rule_morphology_checkpoint,singapore_nparks_flora_fauna_web,https://www.nparks.gov.sg/florafaunaweb/flora/2/9/2964,NParks | Horsfieldia irya,"National Parks Board Singapore, Flora & Fauna Web, Horsfieldia irya species record",Flower Symmetry | Radial,nparks:2964:floral_symmetry,url:https://www.nparks.gov.sg/florafaunaweb/flora/2/9/2964,government_species_treatment_url,accepted_name_exact,accepted_name_exact,Horsfieldia irya,A,government_species_database,nparks.gov.sg,en,species_level_record_not_cultivar_limited,accepted_individual_source_backed_audit,306042bf77012374ee09c8f713c7bed67664d640585f267c702f831e536e8eac,retrieved_species_page_html_bytes,2026-08-11T06:16:10Z,nparks_autocomplete_genus_inventory:Horsfieldia,2,
f53a90669481a87f59887f3b,Horsfieldia irya,floral_structural_complexity,inflorescence_display,Panicle,raceme_spike_panicle,high,species_direct,nparks_near_rule_morphology_checkpoint,singapore_nparks_flora_fauna_web,https://www.nparks.gov.sg/florafaunaweb/flora/2/9/2964,NParks | Horsfieldia irya,"National Parks Board Singapore, Flora & Fauna Web, Horsfieldia irya species record",Inflorescence Type | Panicle,nparks:2964:inflorescence_display,url:https://www.nparks.gov.sg/florafaunaweb/flora/2/9/2964,government_species_treatment_url,accepted_name_exact,accepted_name_exact,Horsfieldia irya,A,government_species_database,nparks.gov.sg,en,species_level_record_not_cultivar_limited,accepted_individual_source_backed_audit,306042bf77012374ee09c8f713c7bed67664d640585f267c702f831e536e8eac,retrieved_species_page_html_bytes,2026-08-11T06:16:10Z,nparks_autocomplete_genus_inventory:Horsfieldia,2,
0feb288bc7d1971e10a0757a,Horsfieldia polyspherula,flower_colour,flower_primary_color,Yellow / Golden,yellow_orange,high,species_direct,nparks_near_rule_morphology_checkpoint,singapore_nparks_flora_fauna_web,https://www.nparks.gov.sg/florafaunaweb/flora/4/3/4311,NParks | Horsfieldia polyspherula var polyspherula,"National Parks Board Singapore, Flora & Fauna Web, Horsfieldia polyspherula species record",Flower Colour(s) | Yellow / Golden,nparks:4311:flower_primary_color,url:https://www.nparks.gov.sg/florafaunaweb/flora/4/3/4311,government_species_treatment_url,accepted_name_exact,accepted_name_exact,Horsfieldia polyspherula,A,government_species_database,nparks.gov.sg,en,species_level_record_not_cultivar_limited,accepted_individual_source_backed_audit,f16faca2e8c262706161d2361a0f002fc0a97c76d8c6548b87b6de3f570b319c,retrieved_species_page_html_bytes,2026-08-11T06:16:10Z,nparks_autocomplete_genus_inventory:Horsfieldia,4,
59edf0e2069aea552e415b1c,Horsfieldia sparsa,floral_structural_complexity,floral_symmetry,Radial,actinomorphic,high,species_direct,nparks_near_rule_morphology_checkpoint,singapore_nparks_flora_fauna_web,https://www.nparks.gov.sg/florafaunaweb/flora/2/9/2965,NParks | Horsfieldia sparsa,"National Parks Board Singapore, Flora & Fauna Web, Horsfieldia sparsa species record",Flower Symmetry | Radial,nparks:2965:floral_symmetry,url:https://www.nparks.gov.sg/florafaunaweb/flora/2/9/2965,government_species_treatment_url,accepted_name_exact,accepted_name_exact,Horsfieldia sparsa,A,government_species_database,nparks.gov.sg,en,species_level_record_not_cultivar_limited,accepted_individual_source_backed_audit,1eff293cc8fb7058d022d672da405678aea42dbbb9b851870c1f7953e0e957ee,retrieved_species_page_html_bytes,2026-08-11T06:16:10Z,nparks_autocomplete_genus_inventory:Horsfieldia,5,
5689d8600136dab4632e5bc0,Horsfieldia sparsa,flower_colour,flower_primary_color,Yellow / Golden,yellow_orange,high,species_direct,nparks_near_rule_morphology_checkpoint,singapore_nparks_flora_fauna_web,https://www.nparks.gov.sg/florafaunaweb/flora/2/9/2965,NParks | Horsfieldia sparsa,"National Parks Board Singapore, Flora & Fauna Web, Horsfieldia sparsa species record",Flower Colour(s) | Yellow / Golden,nparks:2965:flower_primary_color,url:https://www.nparks.gov.sg/florafaunaweb/flora/2/9/2965,government_species_treatment_url,accepted_name_exact,accepted_name_exact,Horsfieldia sparsa,A,government_species_database,nparks.gov.sg,en,species_level_record_not_cultivar_limited,accepted_individual_source_backed_audit,1eff293cc8fb7058d022d672da405678aea42dbbb9b851870c1f7953e0e957ee,retrieved_species_page_html_bytes,2026-08-11T06:16:10Z,nparks_autocomplete_genus_inventory:Horsfieldia,5,
0f20bf3b464bfea53ba7cc4c,Horsfieldia superba,floral_structural_complexity,floral_symmetry,Radial,actinomorphic,high,species_direct,nparks_near_rule_morphology_checkpoint,singapore_nparks_flora_fauna_web,https://www.nparks.gov.sg/florafaunaweb/flora/3/2/3299,NParks | Horsfieldia superba,"National Parks Board Singapore, Flora & Fauna Web, Horsfieldia superba species record",Flower Symmetry | Radial,nparks:3299:floral_symmetry,url:https://www.nparks.gov.sg/florafaunaweb/flora/3/2/3299,government_species_treatment_url,accepted_name_exact,accepted_name_exact,Horsfieldia superba,A,government_species_database,nparks.gov.sg,en,species_level_record_not_cultivar_limited,accepted_individual_source_backed_audit,a3f146179ed2b5a4b9bc91e2fdf0a719391783f28bab1ef8b5989684710df5ac,retrieved_species_page_html_bytes,2026-08-11T06:16:10Z,nparks_autocomplete_genus_inventory:Horsfieldia,6,
c33b47891729623ebf54a589,Horsfieldia wallichii,flower_colour,flower_primary_color,Yellow / Golden,yellow_orange,high,species_direct,nparks_near_rule_morphology_checkpoint,singapore_nparks_flora_fauna_web,https://www.nparks.gov.sg/florafaunaweb/flora/6/2/6207,NParks | Horsfieldia wallichii,"National Parks Board Singapore, Flora & Fauna Web, Horsfieldia wallichii species record",Flower Colour(s) | Yellow / Golden,nparks:6207:flower_primary_color,url:https://www.nparks.gov.sg/florafaunaweb/flora/6/2/6207,government_species_treatment_url,accepted_name_exact,accepted_name_exact,Horsfieldia wallichii,A,government_species_database,nparks.gov.sg,en,species_level_record_not_cultivar_limited,accepted_individual_source_backed_audit,80883c59a052d247d07f02e5ea61491f334d58e4338c44739f56811064f9f541,retrieved_species_page_html_bytes,2026-08-11T06:16:10Z,nparks_autocomplete_genus_inventory:Horsfieldia,7,
b402d8e19243211d016a4b4a,Musa acuminata,floral_structural_complexity,inflorescence_display,Panicle,raceme_spike_panicle,high,species_direct,nparks_near_rule_morphology_checkpoint,singapore_nparks_flora_fauna_web,https://www.nparks.gov.sg/florafaunaweb/flora/2/2/2241,NParks | Musa acuminata var sumatrana,"National Parks Board Singapore, Flora & Fauna Web, Musa acuminata species record",Inflorescence Type | Panicle,nparks:2241:inflorescence_display,url:https://www.nparks.gov.sg/florafaunaweb/flora/2/2/2241,government_species_treatment_url,accepted_name_exact,accepted_name_exact,Musa acuminata,A,government_species_database,nparks.gov.sg,en,species_level_record_not_cultivar_limited,accepted_individual_source_backed_audit,1da44702ea93b3307431274b40bbaf22fc0bd414b87a37ae3c954a6cf825f71e,retrieved_species_page_html_bytes,2026-08-11T06:16:10Z,nparks_autocomplete_genus_inventory:Musa,11,
0d9c9d681fd7590c557f7391,Musa coccinea,floral_structural_complexity,inflorescence_display,Panicle,raceme_spike_panicle,high,species_direct,nparks_near_rule_morphology_checkpoint,singapore_nparks_flora_fauna_web,https://www.nparks.gov.sg/florafaunaweb/flora/2/2/2243,NParks | Musa coccinea,"National Parks Board Singapore, Flora & Fauna Web, Musa coccinea species record",Inflorescence Type | Panicle,nparks:2243:inflorescence_display,url:https://www.nparks.gov.sg/florafaunaweb/flora/2/2/2243,government_species_treatment_url,accepted_name_exact,accepted_name_exact,Musa coccinea,A,government_species_database,nparks.gov.sg,en,species_level_record_not_cultivar_limited,accepted_individual_source_backed_audit,e8365e82f43c3ad2149e09d8d422b022aaa2fe8d304251811daf5d94c80b2cc4,retrieved_species_page_html_bytes,2026-08-11T06:16:10Z,nparks_autocomplete_genus_inventory:Musa,15,
8359f670d3555b64d69d11a3,Musa gracilis,flower_colour,flower_primary_color,"Green, Purple, White",blue_purple|green_brown_inconspicuous|white,high,species_direct,nparks_near_rule_morphology_checkpoint,singapore_nparks_flora_fauna_web,https://www.nparks.gov.sg/florafaunaweb/flora/5/4/5483,NParks | Musa gracilis,"National Parks Board Singapore, Flora & Fauna Web, Musa gracilis species record","Flower Colour(s) | Green, Purple, White",nparks:5483:flower_primary_color,url:https://www.nparks.gov.sg/florafaunaweb/flora/5/4/5483,government_species_treatment_url,accepted_name_exact,accepted_name_exact,Musa gracilis,A,government_species_database,nparks.gov.sg,en,species_level_record_not_cultivar_limited,accepted_individual_source_backed_audit,3e4d096ae8309f76e6bff8359aada6b0c2593b92e4f8a4fb94ba525eb846a5d9,retrieved_species_page_html_bytes,2026-08-11T06:16:10Z,nparks_autocomplete_genus_inventory:Musa,17,
513c0e0f0ec139f83caa4ac0,Musa ornata,floral_structural_complexity,inflorescence_display,Panicle,raceme_spike_panicle,high,species_direct,nparks_near_rule_morphology_checkpoint,singapore_nparks_flora_fauna_web,https://www.nparks.gov.sg/florafaunaweb/flora/2/2/2245,NParks | Musa ornata,"National Parks Board Singapore, Flora & Fauna Web, Musa ornata species record",Inflorescence Type | Panicle,nparks:2245:inflorescence_display,url:https://www.nparks.gov.sg/florafaunaweb/flora/2/2/2245,government_species_treatment_url,accepted_name_exact,accepted_name_exact,Musa ornata,A,government_species_database,nparks.gov.sg,en,species_level_record_not_cultivar_limited,accepted_individual_source_backed_audit,59d218754ca3b69a6b19ce68b46769a73b79d12e64ea864ce0dd92084d7c0ae0,retrieved_species_page_html_bytes,2026-08-11T06:16:10Z,nparks_autocomplete_genus_inventory:Musa,19,
cf350dc0cda00e4a1df414b6,Musa velutina,floral_structural_complexity,floral_form,Tubular,tubular,high,species_direct,nparks_near_rule_morphology_checkpoint,singapore_nparks_flora_fauna_web,https://www.nparks.gov.sg/florafaunaweb/flora/2/2/2248,NParks | Musa velutina H Wendl & Drude,"National Parks Board Singapore, Flora & Fauna Web, Musa velutina species record",Individual Flower Shape | Tubular,nparks:2248:floral_form,url:https://www.nparks.gov.sg/florafaunaweb/flora/2/2/2248,government_species_treatment_url,accepted_name_exact,accepted_name_exact,Musa velutina,A,government_species_database,nparks.gov.sg,en,species_level_record_not_cultivar_limited,accepted_individual_source_backed_audit,b8cc9deaa46b865fc9b9afa32d5443f83bb880d6842d452e6ec15145072f3cd1,retrieved_species_page_html_bytes,2026-08-11T06:16:10Z,nparks_autocomplete_genus_inventory:Musa,26,
01143269cf4d42e080bc7e74,Musa velutina,floral_structural_complexity,floral_symmetry,Radial,actinomorphic,high,species_direct,nparks_near_rule_morphology_checkpoint,singapore_nparks_flora_fauna_web,https://www.nparks.gov.sg/florafaunaweb/flora/2/2/2248,NParks | Musa velutina H Wendl & Drude,"National Parks Board Singapore, Flora & Fauna Web, Musa velutina species record",Flower Symmetry | Radial,nparks:2248:floral_symmetry,url:https://www.nparks.gov.sg/florafaunaweb/flora/2/2/2248,government_species_treatment_url,accepted_name_exact,accepted_name_exact,Musa velutina,A,government_species_database,nparks.gov.sg,en,species_level_record_not_cultivar_limited,accepted_individual_source_backed_audit,b8cc9deaa46b865fc9b9afa32d5443f83bb880d6842d452e6ec15145072f3cd1,retrieved_species_page_html_bytes,2026-08-11T06:16:10Z,nparks_autocomplete_genus_inventory:Musa,26,
87ff52fa67457fe5b1504c91,Myristica cinnamomea,floral_structural_complexity,floral_symmetry,Radial,actinomorphic,high,species_direct,nparks_near_rule_morphology_checkpoint,singapore_nparks_flora_fauna_web,https://www.nparks.gov.sg/florafaunaweb/flora/6/2/6289,NParks | Myristica cinnamomea,"National Parks Board Singapore, Flora & Fauna Web, Myristica cinnamomea species record",Flower Symmetry | Radial,nparks:6289:floral_symmetry,url:https://www.nparks.gov.sg/florafaunaweb/flora/6/2/6289,government_species_treatment_url,accepted_name_exact,accepted_name_exact,Myristica cinnamomea,A,government_species_database,nparks.gov.sg,en,species_level_record_not_cultivar_limited,accepted_individual_source_backed_audit,e93999b74ce02c6045660c5ad7507464b0caf502b64582c86ca236f07eb986a8,retrieved_species_page_html_bytes,2026-08-11T06:16:10Z,nparks_autocomplete_genus_inventory:Myristica,2,
680b1a822ee53f65e14a9058,Myristica cinnamomea,flower_colour,flower_primary_color,"Yellow / Golden, Red, Green",green_brown_inconspicuous|red_pink|yellow_orange,high,species_direct,nparks_near_rule_morphology_checkpoint,singapore_nparks_flora_fauna_web,https://www.nparks.gov.sg/florafaunaweb/flora/6/2/6289,NParks | Myristica cinnamomea,"National Parks Board Singapore, Flora & Fauna Web, Myristica cinnamomea species record","Flower Colour(s) | Yellow / Golden, Red, Green",nparks:6289:flower_primary_color,url:https://www.nparks.gov.sg/florafaunaweb/flora/6/2/6289,government_species_treatment_url,accepted_name_exact,accepted_name_exact,Myristica cinnamomea,A,government_species_database,nparks.gov.sg,en,species_level_record_not_cultivar_limited,accepted_individual_source_backed_audit,e93999b74ce02c6045660c5ad7507464b0caf502b64582c86ca236f07eb986a8,retrieved_species_page_html_bytes,2026-08-11T06:16:10Z,nparks_autocomplete_genus_inventory:Myristica,2,
fe73c616627be745107d22c3,Nepenthes ampullaria,floral_structural_complexity,floral_symmetry,Radial,actinomorphic,high,species_direct,nparks_near_rule_morphology_checkpoint,singapore_nparks_flora_fauna_web,https://www.nparks.gov.sg/florafaunaweb/flora/3/4/3438,NParks | Nepenthes ampullaria,"National Parks Board Singapore, Flora & Fauna Web, Nepenthes ampullaria species record",Flower Symmetry | Radial,nparks:3438:floral_symmetry,url:https://www.nparks.gov.sg/florafaunaweb/flora/3/4/3438,government_species_treatment_url,accepted_name_exact,accepted_name_exact,Nepenthes ampullaria,A,government_species_database,nparks.gov.sg,en,species_level_record_not_cultivar_limited,accepted_individual_source_backed_audit,6cf8ee504bfd9ae6aa39b10a0985dd93518c57dabd835e67549f7b634aac6282,retrieved_species_page_html_bytes,2026-08-11T06:16:10Z,nparks_autocomplete_genus_inventory:Nepenthes,4,
28b8fc810e79e845bd2cfa3c,Nepenthes ampullaria,flower_colour,flower_primary_color,Green,green_brown_inconspicuous,high,species_direct,nparks_near_rule_morphology_checkpoint,singapore_nparks_flora_fauna_web,https://www.nparks.gov.sg/florafaunaweb/flora/3/4/3438,NParks | Nepenthes ampullaria,"National Parks Board Singapore, Flora & Fauna Web, Nepenthes ampullaria species record",Flower Colour(s) | Green,nparks:3438:flower_primary_color,url:https://www.nparks.gov.sg/florafaunaweb/flora/3/4/3438,government_species_treatment_url,accepted_name_exact,accepted_name_exact,Nepenthes ampullaria,A,government_species_database,nparks.gov.sg,en,species_level_record_not_cultivar_limited,accepted_individual_source_backed_audit,6cf8ee504bfd9ae6aa39b10a0985dd93518c57dabd835e67549f7b634aac6282,retrieved_species_page_html_bytes,2026-08-11T06:16:10Z,nparks_autocomplete_genus_inventory:Nepenthes,4,
2ea697c5ed4d44cccb67f8dc,Nepenthes gracilis,floral_structural_complexity,inflorescence_display,Raceme,raceme_spike_panicle,high,species_direct,nparks_near_rule_morphology_checkpoint,singapore_nparks_flora_fauna_web,https://www.nparks.gov.sg/florafaunaweb/flora/1/4/1458,NParks | Nepenthes gracilis,"National Parks Board Singapore, Flora & Fauna Web, Nepenthes gracilis species record",Inflorescence Type | Raceme,nparks:1458:inflorescence_display,url:https://www.nparks.gov.sg/florafaunaweb/flora/1/4/1458,government_species_treatment_url,accepted_name_exact,accepted_name_exact,Nepenthes gracilis,A,government_species_database,nparks.gov.sg,en,species_level_record_not_cultivar_limited,accepted_individual_source_backed_audit,3e59b90129dc97db602c94d8286a7d50a86d05d51f8dc73ee7261eef578861f4,retrieved_species_page_html_bytes,2026-08-11T06:16:10Z,nparks_autocomplete_genus_inventory:Nepenthes,8,
d663aac988edfc57f1cf7c98,Nepenthes rafflesiana,floral_structural_complexity,inflorescence_display,Raceme,raceme_spike_panicle,high,species_direct,nparks_near_rule_morphology_checkpoint,singapore_nparks_flora_fauna_web,https://www.nparks.gov.sg/florafaunaweb/flora/1/4/1459,NParks | Nepenthes rafflesiana,"National Parks Board Singapore, Flora & Fauna Web, Nepenthes rafflesiana species record",Inflorescence Type | Raceme,nparks:1459:inflorescence_display,url:https://www.nparks.gov.sg/florafaunaweb/flora/1/4/1459,government_species_treatment_url,accepted_name_exact,accepted_name_exact,Nepenthes rafflesiana,A,government_species_database,nparks.gov.sg,en,species_level_record_not_cultivar_limited,accepted_individual_source_backed_audit,45ee267e068eb08b43e32043ef281ec9431ed34f03787fdfb01f77d2b9f82aa5,retrieved_species_page_html_bytes,2026-08-11T06:16:10Z,nparks_autocomplete_genus_inventory:Nepenthes,10,
324622c312b2982c965a94aa,Nepenthes truncata,flower_colour,flower_primary_color,Green - Light Green,green_brown_inconspicuous,high,species_direct,nparks_near_rule_morphology_checkpoint,singapore_nparks_flora_fauna_web,https://www.nparks.gov.sg/florafaunaweb/flora/6/9/6987,NParks | Nepenthes truncata,"National Parks Board Singapore, Flora & Fauna Web, Nepenthes truncata species record",Flower Colour(s) | Green - Light Green,nparks:6987:flower_primary_color,url:https://www.nparks.gov.sg/florafaunaweb/flora/6/9/6987,government_species_treatment_url,accepted_name_exact,accepted_name_exact,Nepenthes truncata,A,government_species_database,nparks.gov.sg,en,species_level_record_not_cultivar_limited,accepted_individual_source_backed_audit,65454c62e6957f5d72586c7bd5d4bdbf1005569d20679c8e33a5b5fa772f9864,retrieved_species_page_html_bytes,2026-08-11T06:16:10Z,nparks_autocomplete_genus_inventory:Nepenthes,11,
41a4d99b534b80c31db569aa,Palaquium gutta,flower_colour,flower_primary_color,Cream / Off-White,white,high,species_direct,nparks_near_rule_morphology_checkpoint,singapore_nparks_flora_fauna_web,https://www.nparks.gov.sg/florafaunaweb/flora/3/2/3288,NParks | Palaquium gutta,"National Parks Board Singapore, Flora & Fauna Web, Palaquium gutta species record",Flower Colour(s) | Cream / Off-White,nparks:3288:flower_primary_color,url:https://www.nparks.gov.sg/florafaunaweb/flora/3/2/3288,government_species_treatment_url,accepted_name_exact,accepted_name_exact,Palaquium gutta,A,government_species_database,nparks.gov.sg,en,species_level_record_not_cultivar_limited,accepted_individual_source_backed_audit,94133d0df0749f495ba40c079a05d477b56a0dadd874681b39e8bc63f5089f0d,retrieved_species_page_html_bytes,2026-08-11T06:16:10Z,nparks_autocomplete_genus_inventory:Palaquium,4,
b87b82c41b66d4b9556a1b9f,Palaquium obovatum,flower_colour,flower_primary_color,"Brown, Cream / Off-White",green_brown_inconspicuous|white,high,species_direct,nparks_near_rule_morphology_checkpoint,singapore_nparks_flora_fauna_web,https://www.nparks.gov.sg/florafaunaweb/flora/3/0/3048,NParks | Palaquium obovatum var obovatum,"National Parks Board Singapore, Flora & Fauna Web, Palaquium obovatum species record","Flower Colour(s) | Brown, Cream / Off-White",nparks:3048:flower_primary_color,url:https://www.nparks.gov.sg/florafaunaweb/flora/3/0/3048,government_species_treatment_url,accepted_name_exact,accepted_name_exact,Palaquium obovatum,A,government_species_database,nparks.gov.sg,en,species_level_record_not_cultivar_limited,accepted_individual_source_backed_audit,a95db19373a5441df4e66c9c28b5c5c49be7f17dd57332307256b7c7f9160a28,retrieved_species_page_html_bytes,2026-08-11T06:16:10Z,nparks_autocomplete_genus_inventory:Palaquium,8,
fdc4721ba168805b030bf0eb,Palaquium oxleyanum,flower_colour,flower_primary_color,"Green, Yellow / Golden",green_brown_inconspicuous|yellow_orange,high,species_direct,nparks_near_rule_morphology_checkpoint,singapore_nparks_flora_fauna_web,https://www.nparks.gov.sg/florafaunaweb/flora/3/0/3049,NParks | Palaquium oxleyanum,"National Parks Board Singapore, Flora & Fauna Web, Palaquium oxleyanum species record","Flower Colour(s) | Green, Yellow / Golden",nparks:3049:flower_primary_color,url:https://www.nparks.gov.sg/florafaunaweb/flora/3/0/3049,government_species_treatment_url,accepted_name_exact,accepted_name_exact,Palaquium oxleyanum,A,government_species_database,nparks.gov.sg,en,species_level_record_not_cultivar_limited,accepted_individual_source_backed_audit,e56002c426b5d583c1018f6311b549b0937ab9854aa2c56421b140df9f69066e,retrieved_species_page_html_bytes,2026-08-11T06:16:10Z,nparks_autocomplete_genus_inventory:Palaquium,9,
a42d7722e51ef506a63a78da,Pinanga bicolana,floral_structural_complexity,inflorescence_display,Panicle,raceme_spike_panicle,high,species_direct,nparks_near_rule_morphology_checkpoint,singapore_nparks_flora_fauna_web,https://www.nparks.gov.sg/florafaunaweb/flora/5/3/5320,NParks | Pinanga bicolana,"National Parks Board Singapore, Flora & Fauna Web, Pinanga bicolana species record",Inflorescence Type | Panicle,nparks:5320:inflorescence_display,url:https://www.nparks.gov.sg/florafaunaweb/flora/5/3/5320,government_species_treatment_url,accepted_name_exact,accepted_name_exact,Pinanga bicolana,A,government_species_database,nparks.gov.sg,en,species_level_record_not_cultivar_limited,accepted_individual_source_backed_audit,ec2fdc81173ff7e18eef810064fd25b625496223cc248abe45f134af25316537,retrieved_species_page_html_bytes,2026-08-11T06:16:10Z,nparks_autocomplete_genus_inventory:Pinanga,1,
858ccb381a36d073667f0927,Pinanga caesia,floral_structural_complexity,floral_form,Campaulate / Bell-shaped,bell_campanulate,high,species_direct,nparks_near_rule_morphology_checkpoint,singapore_nparks_flora_fauna_web,https://www.nparks.gov.sg/florafaunaweb/flora/4/5/4558,NParks | Pinanga caesia,"National Parks Board Singapore, Flora & Fauna Web, Pinanga caesia species record",Individual Flower Shape | Campaulate / Bell-shaped,nparks:4558:floral_form,url:https://www.nparks.gov.sg/florafaunaweb/flora/4/5/4558,government_species_treatment_url,accepted_name_exact,accepted_name_exact,Pinanga caesia,A,government_species_database,nparks.gov.sg,en,species_level_record_not_cultivar_limited,accepted_individual_source_backed_audit,21db23848db92739bd086aa1bebb93df6cbb195bab9506b32fa584cc82b843eb,retrieved_species_page_html_bytes,2026-08-11T06:16:10Z,nparks_autocomplete_genus_inventory:Pinanga,2,
879166386659ae8d7daa9590,Pinanga caesia,floral_structural_complexity,floral_symmetry,Radial,actinomorphic,high,species_direct,nparks_near_rule_morphology_checkpoint,singapore_nparks_flora_fauna_web,https://www.nparks.gov.sg/florafaunaweb/flora/4/5/4558,NParks | Pinanga caesia,"National Parks Board Singapore, Flora & Fauna Web, Pinanga caesia species record",Flower Symmetry | Radial,nparks:4558:floral_symmetry,url:https://www.nparks.gov.sg/florafaunaweb/flora/4/5/4558,government_species_treatment_url,accepted_name_exact,accepted_name_exact,Pinanga caesia,A,government_species_database,nparks.gov.sg,en,species_level_record_not_cultivar_limited,accepted_individual_source_backed_audit,21db23848db92739bd086aa1bebb93df6cbb195bab9506b32fa584cc82b843eb,retrieved_species_page_html_bytes,2026-08-11T06:16:10Z,nparks_autocomplete_genus_inventory:Pinanga,2,
7514a0ba14d2fb5dc8e2eb64,Pinanga caesia,flower_colour,flower_primary_color,Pink,red_pink,high,species_direct,nparks_near_rule_morphology_checkpoint,singapore_nparks_flora_fauna_web,https://www.nparks.gov.sg/florafaunaweb/flora/4/5/4558,NParks | Pinanga caesia,"National Parks Board Singapore, Flora & Fauna Web, Pinanga caesia species record",Flower Colour(s) | Pink,nparks:4558:flower_primary_color,url:https://www.nparks.gov.sg/florafaunaweb/flora/4/5/4558,government_species_treatment_url,accepted_name_exact,accepted_name_exact,Pinanga caesia,A,government_species_database,nparks.gov.sg,en,species_level_record_not_cultivar_limited,accepted_individual_source_backed_audit,21db23848db92739bd086aa1bebb93df6cbb195bab9506b32fa584cc82b843eb,retrieved_species_page_html_bytes,2026-08-11T06:16:10Z,nparks_autocomplete_genus_inventory:Pinanga,2,
2b5876f598149c46d906346f,Pinanga coronata,floral_structural_complexity,inflorescence_display,Panicle,raceme_spike_panicle,high,species_direct,nparks_near_rule_morphology_checkpoint,singapore_nparks_flora_fauna_web,https://www.nparks.gov.sg/florafaunaweb/flora/2/6/2668,NParks | Pinanga coronata,"National Parks Board Singapore, Flora & Fauna Web, Pinanga coronata species record",Inflorescence Type | Panicle,nparks:2668:inflorescence_display,url:https://www.nparks.gov.sg/florafaunaweb/flora/2/6/2668,government_species_treatment_url,accepted_name_exact,accepted_name_exact,Pinanga coronata,A,government_species_database,nparks.gov.sg,en,species_level_record_not_cultivar_limited,accepted_individual_source_backed_audit,5426dd50f116feb5756f106611ef9e6879d79939a1e2b76b6c1162b224d902d4,retrieved_species_page_html_bytes,2026-08-11T06:16:10Z,nparks_autocomplete_genus_inventory:Pinanga,3,
ce1922c8e2080d9c1f7e7f21,Pinanga simplicifrons,flower_colour,flower_primary_color,Cream / Off-White,white,high,species_direct,nparks_near_rule_morphology_checkpoint,singapore_nparks_flora_fauna_web,https://www.nparks.gov.sg/florafaunaweb/flora/5/0/5012,NParks | Pinanga simplicifrons,"National Parks Board Singapore, Flora & Fauna Web, Pinanga simplicifrons species record",Flower Colour(s) | Cream / Off-White,nparks:5012:flower_primary_color,url:https://www.nparks.gov.sg/florafaunaweb/flora/5/0/5012,government_species_treatment_url,accepted_name_exact,accepted_name_exact,Pinanga simplicifrons,A,government_species_database,nparks.gov.sg,en,species_level_record_not_cultivar_limited,accepted_individual_source_backed_audit,ca9e29e4945aec5c6b3d81e76e2020b78e8d554f72365ef08f193d42d0a8b8fc,retrieved_species_page_html_bytes,2026-08-11T06:16:10Z,nparks_autocomplete_genus_inventory:Pinanga,8,
91fbc8d72a4fac22ed35b45e,Pipturus argenteus,flower_colour,flower_primary_color,White,white,high,species_direct,nparks_near_rule_morphology_checkpoint,singapore_nparks_flora_fauna_web,https://www.nparks.gov.sg/florafaunaweb/flora/8/2/8220,NParks | Pipturus argenteus,"National Parks Board Singapore, Flora & Fauna Web, Pipturus argenteus species record",Flower Colour(s) | White,nparks:8220:flower_primary_color,url:https://www.nparks.gov.sg/florafaunaweb/flora/8/2/8220,government_species_treatment_url,accepted_name_exact,accepted_name_exact,Pipturus argenteus,A,government_species_database,nparks.gov.sg,en,species_level_record_not_cultivar_limited,accepted_individual_source_backed_audit,7ac1d9398d7c1b61a818bb52b5036dd98369cb80a3620eb8561f3ed78b057f49,retrieved_species_page_html_bytes,2026-08-11T06:16:10Z,nparks_autocomplete_genus_inventory:Pipturus,1,
51f755e116ae2b38c838b9e4,Sterculia cordata,floral_structural_complexity,floral_form,Campaulate / Bell-shaped,bell_campanulate,high,species_direct,nparks_near_rule_morphology_checkpoint,singapore_nparks_flora_fauna_web,https://www.nparks.gov.sg/florafaunaweb/flora/3/7/3728,NParks | Sterculia cordata,"National Parks Board Singapore, Flora & Fauna Web, Sterculia cordata species record",Individual Flower Shape | Campaulate / Bell-shaped,nparks:3728:floral_form,url:https://www.nparks.gov.sg/florafaunaweb/flora/3/7/3728,government_species_treatment_url,accepted_name_exact,accepted_name_exact,Sterculia cordata,A,government_species_database,nparks.gov.sg,en,species_level_record_not_cultivar_limited,accepted_individual_source_backed_audit,38683c682320a64f0522b056c784922e8e1fab7508135158e6d53b836facb561,retrieved_species_page_html_bytes,2026-08-11T06:16:10Z,nparks_autocomplete_genus_inventory:Sterculia,7,
e83f3b3f629985cf9842aa92,Sterculia cordata,floral_structural_complexity,floral_symmetry,Radial,actinomorphic,high,species_direct,nparks_near_rule_morphology_checkpoint,singapore_nparks_flora_fauna_web,https://www.nparks.gov.sg/florafaunaweb/flora/3/7/3728,NParks | Sterculia cordata,"National Parks Board Singapore, Flora & Fauna Web, Sterculia cordata species record",Flower Symmetry | Radial,nparks:3728:floral_symmetry,url:https://www.nparks.gov.sg/florafaunaweb/flora/3/7/3728,government_species_treatment_url,accepted_name_exact,accepted_name_exact,Sterculia cordata,A,government_species_database,nparks.gov.sg,en,species_level_record_not_cultivar_limited,accepted_individual_source_backed_audit,38683c682320a64f0522b056c784922e8e1fab7508135158e6d53b836facb561,retrieved_species_page_html_bytes,2026-08-11T06:16:10Z,nparks_autocomplete_genus_inventory:Sterculia,7,
3e214e55773ffcb705aa3755,Sterculia cordata,flower_colour,flower_primary_color,"Red, Orange, Pink",red_pink|yellow_orange,high,species_direct,nparks_near_rule_morphology_checkpoint,singapore_nparks_flora_fauna_web,https://www.nparks.gov.sg/florafaunaweb/flora/3/7/3728,NParks | Sterculia cordata,"National Parks Board Singapore, Flora & Fauna Web, Sterculia cordata species record","Flower Colour(s) | Red, Orange, Pink",nparks:3728:flower_primary_color,url:https://www.nparks.gov.sg/florafaunaweb/flora/3/7/3728,government_species_treatment_url,accepted_name_exact,accepted_name_exact,Sterculia cordata,A,government_species_database,nparks.gov.sg,en,species_level_record_not_cultivar_limited,accepted_individual_source_backed_audit,38683c682320a64f0522b056c784922e8e1fab7508135158e6d53b836facb561,retrieved_species_page_html_bytes,2026-08-11T06:16:10Z,nparks_autocomplete_genus_inventory:Sterculia,7,
f65bdb453a82813268cb363f,Sterculia cordata,floral_structural_complexity,inflorescence_display,Panicle,raceme_spike_panicle,high,species_direct,nparks_near_rule_morphology_checkpoint,singapore_nparks_flora_fauna_web,https://www.nparks.gov.sg/florafaunaweb/flora/3/7/3728,NParks | Sterculia cordata,"National Parks Board Singapore, Flora & Fauna Web, Sterculia cordata species record",Inflorescence Type | Panicle,nparks:3728:inflorescence_display,url:https://www.nparks.gov.sg/florafaunaweb/flora/3/7/3728,government_species_treatment_url,accepted_name_exact,accepted_name_exact,Sterculia cordata,A,government_species_database,nparks.gov.sg,en,species_level_record_not_cultivar_limited,accepted_individual_source_backed_audit,38683c682320a64f0522b056c784922e8e1fab7508135158e6d53b836facb561,retrieved_species_page_html_bytes,2026-08-11T06:16:10Z,nparks_autocomplete_genus_inventory:Sterculia,7,
cc8b721c3eabceda3db00c70,Sterculia foetida,floral_structural_complexity,floral_symmetry,Radial,actinomorphic,high,species_direct,nparks_near_rule_morphology_checkpoint,singapore_nparks_flora_fauna_web,https://www.nparks.gov.sg/florafaunaweb/flora/3/1/3137,NParks | Sterculia foetida,"National Parks Board Singapore, Flora & Fauna Web, Sterculia foetida species record",Flower Symmetry | Radial,nparks:3137:floral_symmetry,url:https://www.nparks.gov.sg/florafaunaweb/flora/3/1/3137,government_species_treatment_url,accepted_name_exact,accepted_name_exact,Sterculia foetida,A,government_species_database,nparks.gov.sg,en,species_level_record_not_cultivar_limited,accepted_individual_source_backed_audit,280bd2b66e88a40ce36fdd08ea89c390fc06d59851cf38ddf23886d3287a12ee,retrieved_species_page_html_bytes,2026-08-11T06:16:10Z,nparks_autocomplete_genus_inventory:Sterculia,8,
a240cb52f268d6277458330f,Sterculia megistophylla,flower_colour,flower_primary_color,Pink,red_pink,high,species_direct,nparks_near_rule_morphology_checkpoint,singapore_nparks_flora_fauna_web,https://www.nparks.gov.sg/florafaunaweb/flora/5/6/5664,NParks | Sterculia megistophylla,"National Parks Board Singapore, Flora & Fauna Web, Sterculia megistophylla species record",Flower Colour(s) | Pink,nparks:5664:flower_primary_color,url:https://www.nparks.gov.sg/florafaunaweb/flora/5/6/5664,government_species_treatment_url,accepted_name_exact,accepted_name_exact,Sterculia megistophylla,A,government_species_database,nparks.gov.sg,en,species_level_record_not_cultivar_limited,accepted_individual_source_backed_audit,5f4a380bbb2422b43f6a6ea585a58e655ffa7e0032e768417a20390ba87605a5,retrieved_species_page_html_bytes,2026-08-11T06:16:10Z,nparks_autocomplete_genus_inventory:Sterculia,10,
127b2fa189d6099e1d2acd86,Sterculia megistophylla,floral_structural_complexity,inflorescence_display,"Raceme, Panicle",raceme_spike_panicle,high,species_direct,nparks_near_rule_morphology_checkpoint,singapore_nparks_flora_fauna_web,https://www.nparks.gov.sg/florafaunaweb/flora/5/6/5664,NParks | Sterculia megistophylla,"National Parks Board Singapore, Flora & Fauna Web, Sterculia megistophylla species record","Inflorescence Type | Raceme, Panicle",nparks:5664:inflorescence_display,url:https://www.nparks.gov.sg/florafaunaweb/flora/5/6/5664,government_species_treatment_url,accepted_name_exact,accepted_name_exact,Sterculia megistophylla,A,government_species_database,nparks.gov.sg,en,species_level_record_not_cultivar_limited,accepted_individual_source_backed_audit,5f4a380bbb2422b43f6a6ea585a58e655ffa7e0032e768417a20390ba87605a5,retrieved_species_page_html_bytes,2026-08-11T06:16:10Z,nparks_autocomplete_genus_inventory:Sterculia,10,
14cf32425a923f8b8d0b03e7,Sterculia monosperma,floral_structural_complexity,floral_symmetry,Radial,actinomorphic,high,species_direct,nparks_near_rule_morphology_checkpoint,singapore_nparks_flora_fauna_web,https://www.nparks.gov.sg/florafaunaweb/flora/3/1/3139,NParks | Sterculia monosperma,"National Parks Board Singapore, Flora & Fauna Web, Sterculia monosperma species record",Flower Symmetry | Radial,nparks:3139:floral_symmetry,url:https://www.nparks.gov.sg/florafaunaweb/flora/3/1/3139,government_species_treatment_url,accepted_name_exact,accepted_name_exact,Sterculia monosperma,A,government_species_database,nparks.gov.sg,en,species_level_record_not_cultivar_limited,accepted_individual_source_backed_audit,4356882ea75cb83131f9088ce92d255963e21c60e1630ad27b541f85fb34b115,retrieved_species_page_html_bytes,2026-08-11T06:16:10Z,nparks_autocomplete_genus_inventory:Sterculia,11,
24e4f2e39aba81d9713d1d48,Sterculia oblongata,floral_structural_complexity,floral_form,Urceolate / Urn-shaped,urn_urceolate,high,species_direct,nparks_near_rule_morphology_checkpoint,singapore_nparks_flora_fauna_web,https://www.nparks.gov.sg/florafaunaweb/flora/3/1/3140,NParks | Sterculia oblongata,"National Parks Board Singapore, Flora & Fauna Web, Sterculia oblongata species record",Individual Flower Shape | Urceolate / Urn-shaped,nparks:3140:floral_form,url:https://www.nparks.gov.sg/florafaunaweb/flora/3/1/3140,government_species_treatment_url,accepted_name_exact,accepted_name_exact,Sterculia oblongata,A,government_species_database,nparks.gov.sg,en,species_level_record_not_cultivar_limited,accepted_individual_source_backed_audit,787ce22d485b7957710275415f84f898aa186236919c883a034c2700d3717d81,retrieved_species_page_html_bytes,2026-08-11T06:16:10Z,nparks_autocomplete_genus_inventory:Sterculia,12,
7582b0e427f642e10a4b1d5d,Sterculia oblongata,floral_structural_complexity,floral_symmetry,Radial,actinomorphic,high,species_direct,nparks_near_rule_morphology_checkpoint,singapore_nparks_flora_fauna_web,https://www.nparks.gov.sg/florafaunaweb/flora/3/1/3140,NParks | Sterculia oblongata,"National Parks Board Singapore, Flora & Fauna Web, Sterculia oblongata species record",Flower Symmetry | Radial,nparks:3140:floral_symmetry,url:https://www.nparks.gov.sg/florafaunaweb/flora/3/1/3140,government_species_treatment_url,accepted_name_exact,accepted_name_exact,Sterculia oblongata,A,government_species_database,nparks.gov.sg,en,species_level_record_not_cultivar_limited,accepted_individual_source_backed_audit,787ce22d485b7957710275415f84f898aa186236919c883a034c2700d3717d81,retrieved_species_page_html_bytes,2026-08-11T06:16:10Z,nparks_autocomplete_genus_inventory:Sterculia,12,
97aec95972062b5b76b0d52c,Sterculia oblongata,flower_colour,flower_primary_color,"Pink, Red, Yellow / Golden",red_pink|yellow_orange,high,species_direct,nparks_near_rule_morphology_checkpoint,singapore_nparks_flora_fauna_web,https://www.nparks.gov.sg/florafaunaweb/flora/3/1/3140,NParks | Sterculia oblongata,"National Parks Board Singapore, Flora & Fauna Web, Sterculia oblongata species record","Flower Colour(s) | Pink, Red, Yellow / Golden",nparks:3140:flower_primary_color,url:https://www.nparks.gov.sg/florafaunaweb/flora/3/1/3140,government_species_treatment_url,accepted_name_exact,accepted_name_exact,Sterculia oblongata,A,government_species_database,nparks.gov.sg,en,species_level_record_not_cultivar_limited,accepted_individual_source_backed_audit,787ce22d485b7957710275415f84f898aa186236919c883a034c2700d3717d81,retrieved_species_page_html_bytes,2026-08-11T06:16:10Z,nparks_autocomplete_genus_inventory:Sterculia,12,
e2bca367e07d430a760d7ba4,Sterculia oblongata,floral_structural_complexity,inflorescence_display,Panicle,raceme_spike_panicle,high,species_direct,nparks_near_rule_morphology_checkpoint,singapore_nparks_flora_fauna_web,https://www.nparks.gov.sg/florafaunaweb/flora/3/1/3140,NParks | Sterculia oblongata,"National Parks Board Singapore, Flora & Fauna Web, Sterculia oblongata species record",Inflorescence Type | Panicle,nparks:3140:inflorescence_display,url:https://www.nparks.gov.sg/florafaunaweb/flora/3/1/3140,government_species_treatment_url,accepted_name_exact,accepted_name_exact,Sterculia oblongata,A,government_species_database,nparks.gov.sg,en,species_level_record_not_cultivar_limited,accepted_individual_source_backed_audit,787ce22d485b7957710275415f84f898aa186236919c883a034c2700d3717d81,retrieved_species_page_html_bytes,2026-08-11T06:16:10Z,nparks_autocomplete_genus_inventory:Sterculia,12,
b4a04ea3ddf07226a8c3e68d,Sterculia parviflora,flower_colour,flower_primary_color,"Pink, Yellow / Golden",red_pink|yellow_orange,high,species_direct,nparks_near_rule_morphology_checkpoint,singapore_nparks_flora_fauna_web,https://www.nparks.gov.sg/florafaunaweb/flora/3/1/3141,NParks | Sterculia parviflora,"National Parks Board Singapore, Flora & Fauna Web, Sterculia parviflora species record","Flower Colour(s) | Pink, Yellow / Golden",nparks:3141:flower_primary_color,url:https://www.nparks.gov.sg/florafaunaweb/flora/3/1/3141,government_species_treatment_url,accepted_name_exact,accepted_name_exact,Sterculia parviflora,A,government_species_database,nparks.gov.sg,en,species_level_record_not_cultivar_limited,accepted_individual_source_backed_audit,2ff0d5f109b9967067e159631f262e29f2120f9b8352edf077d2dbc57b8dda11,retrieved_species_page_html_bytes,2026-08-11T06:16:10Z,nparks_autocomplete_genus_inventory:Sterculia,13,
59ebd8051d30f48e291db588,Sterculia parviflora,floral_structural_complexity,inflorescence_display,Raceme,raceme_spike_panicle,high,species_direct,nparks_near_rule_morphology_checkpoint,singapore_nparks_flora_fauna_web,https://www.nparks.gov.sg/florafaunaweb/flora/3/1/3141,NParks | Sterculia parviflora,"National Parks Board Singapore, Flora & Fauna Web, Sterculia parviflora species record",Inflorescence Type | Raceme,nparks:3141:inflorescence_display,url:https://www.nparks.gov.sg/florafaunaweb/flora/3/1/3141,government_species_treatment_url,accepted_name_exact,accepted_name_exact,Sterculia parviflora,A,government_species_database,nparks.gov.sg,en,species_level_record_not_cultivar_limited,accepted_individual_source_backed_audit,2ff0d5f109b9967067e159631f262e29f2120f9b8352edf077d2dbc57b8dda11,retrieved_species_page_html_bytes,2026-08-11T06:16:10Z,nparks_autocomplete_genus_inventory:Sterculia,13,
112c58fa3117d5fcdda92985,Sterculia rubiginosa,floral_structural_complexity,floral_symmetry,Radial,actinomorphic,high,species_direct,nparks_near_rule_morphology_checkpoint,singapore_nparks_flora_fauna_web,https://www.nparks.gov.sg/florafaunaweb/flora/3/1/3142,NParks | Sterculia rubiginosa,"National Parks Board Singapore, Flora & Fauna Web, Sterculia rubiginosa species record",Flower Symmetry | Radial,nparks:3142:floral_symmetry,url:https://www.nparks.gov.sg/florafaunaweb/flora/3/1/3142,government_species_treatment_url,accepted_name_exact,accepted_name_exact,Sterculia rubiginosa,A,government_species_database,nparks.gov.sg,en,species_level_record_not_cultivar_limited,accepted_individual_source_backed_audit,cc7cd66bec075438c375f2cc8ced9c404816f20db840a5a250671f9ac3d778cc,retrieved_species_page_html_bytes,2026-08-11T06:16:10Z,nparks_autocomplete_genus_inventory:Sterculia,14,
7ea9d716ccdc1d3884f514c8,Sterculia rubiginosa,flower_colour,flower_primary_color,"Cream / Off-White, Pink, White",red_pink|white,high,species_direct,nparks_near_rule_morphology_checkpoint,singapore_nparks_flora_fauna_web,https://www.nparks.gov.sg/florafaunaweb/flora/3/1/3142,NParks | Sterculia rubiginosa,"National Parks Board Singapore, Flora & Fauna Web, Sterculia rubiginosa species record","Flower Colour(s) | Cream / Off-White, Pink, White",nparks:3142:flower_primary_color,url:https://www.nparks.gov.sg/florafaunaweb/flora/3/1/3142,government_species_treatment_url,accepted_name_exact,accepted_name_exact,Sterculia rubiginosa,A,government_species_database,nparks.gov.sg,en,species_level_record_not_cultivar_limited,accepted_individual_source_backed_audit,cc7cd66bec075438c375f2cc8ced9c404816f20db840a5a250671f9ac3d778cc,retrieved_species_page_html_bytes,2026-08-11T06:16:10Z,nparks_autocomplete_genus_inventory:Sterculia,14,
55f8444fab8e0e146be71748,Sterculia stipulata,flower_colour,flower_primary_color,"Pink, Red",red_pink,high,species_direct,nparks_near_rule_morphology_checkpoint,singapore_nparks_flora_fauna_web,https://www.nparks.gov.sg/florafaunaweb/flora/3/1/3143,NParks | Sterculia stipulata,"National Parks Board Singapore, Flora & Fauna Web, Sterculia stipulata species record","Flower Colour(s) | Pink, Red",nparks:3143:flower_primary_color,url:https://www.nparks.gov.sg/florafaunaweb/flora/3/1/3143,government_species_treatment_url,accepted_name_exact,accepted_name_exact,Sterculia stipulata,A,government_species_database,nparks.gov.sg,en,species_level_record_not_cultivar_limited,accepted_individual_source_backed_audit,2feaa52be07e8dfbf0b57a63b42cf4c42164b105312594b25ea8e23366af1d40,retrieved_species_page_html_bytes,2026-08-11T06:16:10Z,nparks_autocomplete_genus_inventory:Sterculia,15,
