accepted_species,axis,trait_name,normalized_value,quality,source_group,provider,source_url,candidate_id,source_citation,exact_supporting_quote,evidence_scope,name_match_method,source_lineage,lineage_method,source_run_id,source_artifact,source_file,acceptance_contract,accepted_correct,cultivar_status,reviewer,reviewed_at_utc,audit_reason
Alisma gramineum,reproductive_assurance,cleistogamy,facultative,medium,latest_public_web,ecoflora_via_uk_flora_snapshot,http://ecoflora.org.uk/search_ecochars.php?plant_no=1700040030,ecoflora-6c23766c0a4e957ad5fc,"Ecological Flora of the British Isles, Ecoflora species record; archived in seancanobrien/UK_Flora@8e524c994086955bf8f95c5a05213acad1cd1677","Ecoflora field ""Cleistogamy"": some cleistogamous flowers",species_direct,ecoflora_scientific_name_exact_to_master,ecoflora:plant_no:1700040030,original_ecoflora_plant_number,ecoflora-uk-flora-snapshot-2020-20260808,seancanobrien/UK_Flora@8e524c994086955bf8f95c5a05213acad1cd1677,data/old_data_scrape.csv,ecoflora_archived_field_value_medium_v1,True,wild_or_unspecified_species_record,codex_gpt5_ecoflora_stratified_record_audit_20260808,2026-08-08T14:15:00Z,accepted_after_exact_species_identity_database_field_value_and_ontology_review
Amphibromus neesii,reproductive_assurance,cleistogamy,facultative,medium,latest_public_web,ecoflora_via_uk_flora_snapshot,http://ecoflora.org.uk/search_ecochars.php?plant_no=920009175,ecoflora-caf710c19d0c8b78130e,"Ecological Flora of the British Isles, Ecoflora species record; archived in seancanobrien/UK_Flora@8e524c994086955bf8f95c5a05213acad1cd1677","Ecoflora field ""Cleistogamy"": some cleistogamous flowers",species_direct,ecoflora_scientific_name_exact_to_master,ecoflora:plant_no:920009175,original_ecoflora_plant_number,ecoflora-uk-flora-snapshot-2020-20260808,seancanobrien/UK_Flora@8e524c994086955bf8f95c5a05213acad1cd1677,data/old_data_scrape.csv,ecoflora_archived_field_value_medium_v1,True,wild_or_unspecified_species_record,codex_gpt5_ecoflora_stratified_record_audit_20260808,2026-08-08T14:15:00Z,accepted_after_exact_species_identity_database_field_value_and_ontology_review
Centaurea melitensis,reproductive_assurance,cleistogamy,facultative,medium,latest_public_web,ecoflora_via_uk_flora_snapshot,http://ecoflora.org.uk/search_ecochars.php?plant_no=1691381590,ecoflora-8833eb7690a94d399b6d,"Ecological Flora of the British Isles, Ecoflora species record; archived in seancanobrien/UK_Flora@8e524c994086955bf8f95c5a05213acad1cd1677","Ecoflora field ""Cleistogamy"": some cleistogamous flowers",species_direct,ecoflora_scientific_name_exact_to_master,ecoflora:plant_no:1691381590,original_ecoflora_plant_number,ecoflora-uk-flora-snapshot-2020-20260808,seancanobrien/UK_Flora@8e524c994086955bf8f95c5a05213acad1cd1677,data/old_data_scrape.csv,ecoflora_archived_field_value_medium_v1,True,wild_or_unspecified_species_record,codex_gpt5_ecoflora_stratified_record_audit_20260808,2026-08-08T14:15:00Z,accepted_after_exact_species_identity_database_field_value_and_ontology_review
Elatine hydropiper,reproductive_assurance,cleistogamy,facultative,medium,latest_public_web,ecoflora_via_uk_flora_snapshot,http://ecoflora.org.uk/search_ecochars.php?plant_no=1150020020,ecoflora-2be4e17e3e42e65162e1,"Ecological Flora of the British Isles, Ecoflora species record; archived in seancanobrien/UK_Flora@8e524c994086955bf8f95c5a05213acad1cd1677","Ecoflora field ""Cleistogamy"": some cleistogamous flowers",species_direct,ecoflora_scientific_name_exact_to_master,ecoflora:plant_no:1150020020,original_ecoflora_plant_number,ecoflora-uk-flora-snapshot-2020-20260808,seancanobrien/UK_Flora@8e524c994086955bf8f95c5a05213acad1cd1677,data/old_data_scrape.csv,ecoflora_archived_field_value_medium_v1,True,wild_or_unspecified_species_record,codex_gpt5_ecoflora_stratified_record_audit_20260808,2026-08-08T14:15:00Z,accepted_after_exact_species_identity_database_field_value_and_ontology_review
Epipactis phyllanthes,reproductive_assurance,cleistogamy,facultative,medium,latest_public_web,ecoflora_via_uk_flora_snapshot,http://ecoflora.org.uk/search_ecochars.php?plant_no=2030020070,ecoflora-5e2112fab9287eef7738,"Ecological Flora of the British Isles, Ecoflora species record; archived in seancanobrien/UK_Flora@8e524c994086955bf8f95c5a05213acad1cd1677","Ecoflora field ""Cleistogamy"": some cleistogamous flowers",species_direct,ecoflora_scientific_name_exact_to_master,ecoflora:plant_no:2030020070,original_ecoflora_plant_number,ecoflora-uk-flora-snapshot-2020-20260808,seancanobrien/UK_Flora@8e524c994086955bf8f95c5a05213acad1cd1677,data/old_data_scrape.csv,ecoflora_archived_field_value_medium_v1,True,wild_or_unspecified_species_record,codex_gpt5_ecoflora_stratified_record_audit_20260808,2026-08-08T14:15:00Z,accepted_after_exact_species_identity_database_field_value_and_ontology_review
Fumaria bastardii,reproductive_assurance,cleistogamy,facultative,medium,latest_public_web,ecoflora_via_uk_flora_snapshot,http://ecoflora.org.uk/search_ecochars.php?plant_no=660120140,ecoflora-f56126bf3abda02a18a1,"Ecological Flora of the British Isles, Ecoflora species record; archived in seancanobrien/UK_Flora@8e524c994086955bf8f95c5a05213acad1cd1677","Ecoflora field ""Cleistogamy"": usually cleistogamous",species_direct,ecoflora_scientific_name_exact_to_master,ecoflora:plant_no:660120140,original_ecoflora_plant_number,ecoflora-uk-flora-snapshot-2020-20260808,seancanobrien/UK_Flora@8e524c994086955bf8f95c5a05213acad1cd1677,data/old_data_scrape.csv,ecoflora_archived_field_value_medium_v1,True,wild_or_unspecified_species_record,codex_gpt5_ecoflora_stratified_record_audit_20260808,2026-08-08T14:15:00Z,accepted_after_exact_species_identity_database_field_value_and_ontology_review
Fumaria densiflora,reproductive_assurance,cleistogamy,facultative,medium,latest_public_web,ecoflora_via_uk_flora_snapshot,http://ecoflora.org.uk/search_ecochars.php?plant_no=660120230,ecoflora-b4a73c3197b98e660995,"Ecological Flora of the British Isles, Ecoflora species record; archived in seancanobrien/UK_Flora@8e524c994086955bf8f95c5a05213acad1cd1677","Ecoflora field ""Cleistogamy"": usually cleistogamous",species_direct,ecoflora_scientific_name_exact_to_master,ecoflora:plant_no:660120230,original_ecoflora_plant_number,ecoflora-uk-flora-snapshot-2020-20260808,seancanobrien/UK_Flora@8e524c994086955bf8f95c5a05213acad1cd1677,data/old_data_scrape.csv,ecoflora_archived_field_value_medium_v1,True,wild_or_unspecified_species_record,codex_gpt5_ecoflora_stratified_record_audit_20260808,2026-08-08T14:15:00Z,accepted_after_exact_species_identity_database_field_value_and_ontology_review
Fumaria parviflora,reproductive_assurance,cleistogamy,facultative,medium,latest_public_web,ecoflora_via_uk_flora_snapshot,http://ecoflora.org.uk/search_ecochars.php?plant_no=660120330,ecoflora-e428588de431309ebf29,"Ecological Flora of the British Isles, Ecoflora species record; archived in seancanobrien/UK_Flora@8e524c994086955bf8f95c5a05213acad1cd1677","Ecoflora field ""Cleistogamy"": usually cleistogamous",species_direct,ecoflora_scientific_name_exact_to_master,ecoflora:plant_no:660120330,original_ecoflora_plant_number,ecoflora-uk-flora-snapshot-2020-20260808,seancanobrien/UK_Flora@8e524c994086955bf8f95c5a05213acad1cd1677,data/old_data_scrape.csv,ecoflora_archived_field_value_medium_v1,True,wild_or_unspecified_species_record,codex_gpt5_ecoflora_stratified_record_audit_20260808,2026-08-08T14:15:00Z,accepted_after_exact_species_identity_database_field_value_and_ontology_review
Fumaria vaillantii,reproductive_assurance,cleistogamy,facultative,medium,latest_public_web,ecoflora_via_uk_flora_snapshot,http://ecoflora.org.uk/search_ecochars.php?plant_no=660120310,ecoflora-87fb30bc7cff73a968f1,"Ecological Flora of the British Isles, Ecoflora species record; archived in seancanobrien/UK_Flora@8e524c994086955bf8f95c5a05213acad1cd1677","Ecoflora field ""Cleistogamy"": usually cleistogamous",species_direct,ecoflora_scientific_name_exact_to_master,ecoflora:plant_no:660120310,original_ecoflora_plant_number,ecoflora-uk-flora-snapshot-2020-20260808,seancanobrien/UK_Flora@8e524c994086955bf8f95c5a05213acad1cd1677,data/old_data_scrape.csv,ecoflora_archived_field_value_medium_v1,True,wild_or_unspecified_species_record,codex_gpt5_ecoflora_stratified_record_audit_20260808,2026-08-08T14:15:00Z,accepted_after_exact_species_identity_database_field_value_and_ontology_review
Glechoma hederacea,reproductive_assurance,cleistogamy,facultative,medium,latest_public_web,ecoflora_via_uk_flora_snapshot,http://ecoflora.org.uk/search_ecochars.php?plant_no=1510190010,ecoflora-82c38b469a9115eb0ef7,"Ecological Flora of the British Isles, Ecoflora species record; archived in seancanobrien/UK_Flora@8e524c994086955bf8f95c5a05213acad1cd1677","Ecoflora field ""Cleistogamy"": some cleistogamous flowers",species_direct,ecoflora_scientific_name_exact_to_master,ecoflora:plant_no:1510190010,original_ecoflora_plant_number,ecoflora-uk-flora-snapshot-2020-20260808,seancanobrien/UK_Flora@8e524c994086955bf8f95c5a05213acad1cd1677,data/old_data_scrape.csv,ecoflora_archived_field_value_medium_v1,True,wild_or_unspecified_species_record,codex_gpt5_ecoflora_stratified_record_audit_20260808,2026-08-08T14:15:00Z,accepted_after_exact_species_identity_database_field_value_and_ontology_review
Hottonia palustris,reproductive_assurance,cleistogamy,facultative,medium,latest_public_web,ecoflora_via_uk_flora_snapshot,http://ecoflora.org.uk/search_ecochars.php?plant_no=1350060010,ecoflora-d0f6ab32396032d25c86,"Ecological Flora of the British Isles, Ecoflora species record; archived in seancanobrien/UK_Flora@8e524c994086955bf8f95c5a05213acad1cd1677","Ecoflora field ""Cleistogamy"": some cleistogamous flowers",species_direct,ecoflora_scientific_name_exact_to_master,ecoflora:plant_no:1350060010,original_ecoflora_plant_number,ecoflora-uk-flora-snapshot-2020-20260808,seancanobrien/UK_Flora@8e524c994086955bf8f95c5a05213acad1cd1677,data/old_data_scrape.csv,ecoflora_archived_field_value_medium_v1,True,wild_or_unspecified_species_record,codex_gpt5_ecoflora_stratified_record_audit_20260808,2026-08-08T14:15:00Z,accepted_after_exact_species_identity_database_field_value_and_ontology_review
Hyoscyamus niger,reproductive_assurance,cleistogamy,facultative,medium,latest_public_web,ecoflora_via_uk_flora_snapshot,http://ecoflora.org.uk/search_ecochars.php?plant_no=1520050010,ecoflora-d7b3b01bc576f14daff9,"Ecological Flora of the British Isles, Ecoflora species record; archived in seancanobrien/UK_Flora@8e524c994086955bf8f95c5a05213acad1cd1677","Ecoflora field ""Cleistogamy"": some cleistogamous flowers",species_direct,ecoflora_scientific_name_exact_to_master,ecoflora:plant_no:1520050010,original_ecoflora_plant_number,ecoflora-uk-flora-snapshot-2020-20260808,seancanobrien/UK_Flora@8e524c994086955bf8f95c5a05213acad1cd1677,data/old_data_scrape.csv,ecoflora_archived_field_value_medium_v1,True,wild_or_unspecified_species_record,codex_gpt5_ecoflora_stratified_record_audit_20260808,2026-08-08T14:15:00Z,accepted_after_exact_species_identity_database_field_value_and_ontology_review
Juncus pygmaeus,reproductive_assurance,cleistogamy,obligate,medium,latest_public_web,ecoflora_via_uk_flora_snapshot,http://ecoflora.org.uk/search_ecochars.php?plant_no=1890010350,ecoflora-6b86f398b6172add987a,"Ecological Flora of the British Isles, Ecoflora species record; archived in seancanobrien/UK_Flora@8e524c994086955bf8f95c5a05213acad1cd1677","Ecoflora field ""Cleistogamy"": entirely cleistogamous",species_direct,ecoflora_scientific_name_exact_to_master,ecoflora:plant_no:1890010350,original_ecoflora_plant_number,ecoflora-uk-flora-snapshot-2020-20260808,seancanobrien/UK_Flora@8e524c994086955bf8f95c5a05213acad1cd1677,data/old_data_scrape.csv,ecoflora_archived_field_value_medium_v1,True,wild_or_unspecified_species_record,codex_gpt5_ecoflora_stratified_record_audit_20260808,2026-08-08T14:15:00Z,accepted_after_exact_species_identity_database_field_value_and_ontology_review
Koenigia islandica,reproductive_assurance,cleistogamy,facultative,medium,latest_public_web,ecoflora_via_uk_flora_snapshot,http://ecoflora.org.uk/search_ecochars.php?plant_no=470010010,ecoflora-f97ea33a6f943c0d0d0d,"Ecological Flora of the British Isles, Ecoflora species record; archived in seancanobrien/UK_Flora@8e524c994086955bf8f95c5a05213acad1cd1677","Ecoflora field ""Cleistogamy"": some cleistogamous flowers",species_direct,ecoflora_scientific_name_exact_to_master,ecoflora:plant_no:470010010,original_ecoflora_plant_number,ecoflora-uk-flora-snapshot-2020-20260808,seancanobrien/UK_Flora@8e524c994086955bf8f95c5a05213acad1cd1677,data/old_data_scrape.csv,ecoflora_archived_field_value_medium_v1,True,wild_or_unspecified_species_record,codex_gpt5_ecoflora_stratified_record_audit_20260808,2026-08-08T14:15:00Z,accepted_after_exact_species_identity_database_field_value_and_ontology_review
Limosella aquatica,reproductive_assurance,cleistogamy,facultative,medium,latest_public_web,ecoflora_via_uk_flora_snapshot,http://ecoflora.org.uk/search_ecochars.php?plant_no=1540040010,ecoflora-7d2c6539a07f8cb192de,"Ecological Flora of the British Isles, Ecoflora species record; archived in seancanobrien/UK_Flora@8e524c994086955bf8f95c5a05213acad1cd1677","Ecoflora field ""Cleistogamy"": usually cleistogamous",species_direct,ecoflora_scientific_name_exact_to_master,ecoflora:plant_no:1540040010,original_ecoflora_plant_number,ecoflora-uk-flora-snapshot-2020-20260808,seancanobrien/UK_Flora@8e524c994086955bf8f95c5a05213acad1cd1677,data/old_data_scrape.csv,ecoflora_archived_field_value_medium_v1,True,wild_or_unspecified_species_record,codex_gpt5_ecoflora_stratified_record_audit_20260808,2026-08-08T14:15:00Z,accepted_after_exact_species_identity_database_field_value_and_ontology_review
Persicaria hydropiper,reproductive_assurance,cleistogamy,facultative,medium,latest_public_web,ecoflora_via_uk_flora_snapshot,http://ecoflora.org.uk/search_ecochars.php?plant_no=470020230,ecoflora-92657b34522e669eb99d,"Ecological Flora of the British Isles, Ecoflora species record; archived in seancanobrien/UK_Flora@8e524c994086955bf8f95c5a05213acad1cd1677","Ecoflora field ""Cleistogamy"": pseudo-cleistogamous, some cleistogamous flowers",species_direct,ecoflora_scientific_name_exact_to_master,ecoflora:plant_no:470020230,original_ecoflora_plant_number,ecoflora-uk-flora-snapshot-2020-20260808,seancanobrien/UK_Flora@8e524c994086955bf8f95c5a05213acad1cd1677,data/old_data_scrape.csv,ecoflora_archived_field_value_medium_v1,True,wild_or_unspecified_species_record,codex_gpt5_ecoflora_stratified_record_audit_20260808,2026-08-08T14:15:00Z,accepted_after_exact_species_identity_database_field_value_and_ontology_review
Silene gallica,reproductive_assurance,cleistogamy,facultative,medium,latest_public_web,ecoflora_via_uk_flora_snapshot,http://ecoflora.org.uk/search_ecochars.php?plant_no=570281530,ecoflora-8a1cb796ed52bcd0b8cc,"Ecological Flora of the British Isles, Ecoflora species record; archived in seancanobrien/UK_Flora@8e524c994086955bf8f95c5a05213acad1cd1677","Ecoflora field ""Cleistogamy"": some cleistogamous flowers",species_direct,ecoflora_scientific_name_exact_to_master,ecoflora:plant_no:570281530,original_ecoflora_plant_number,ecoflora-uk-flora-snapshot-2020-20260808,seancanobrien/UK_Flora@8e524c994086955bf8f95c5a05213acad1cd1677,data/old_data_scrape.csv,ecoflora_archived_field_value_medium_v1,True,wild_or_unspecified_species_record,codex_gpt5_ecoflora_stratified_record_audit_20260808,2026-08-08T14:15:00Z,accepted_after_exact_species_identity_database_field_value_and_ontology_review
Tragopogon pratensis,reproductive_assurance,cleistogamy,facultative,medium,latest_public_web,ecoflora_via_uk_flora_snapshot,http://ecoflora.org.uk/search_ecochars.php?plant_no=1691620110,ecoflora-c98f1e66a4de91c457ae,"Ecological Flora of the British Isles, Ecoflora species record; archived in seancanobrien/UK_Flora@8e524c994086955bf8f95c5a05213acad1cd1677","Ecoflora field ""Cleistogamy"": some cleistogamous flowers",species_direct,ecoflora_scientific_name_exact_to_master,ecoflora:plant_no:1691620110,original_ecoflora_plant_number,ecoflora-uk-flora-snapshot-2020-20260808,seancanobrien/UK_Flora@8e524c994086955bf8f95c5a05213acad1cd1677,data/old_data_scrape.csv,ecoflora_archived_field_value_medium_v1,True,wild_or_unspecified_species_record,codex_gpt5_ecoflora_stratified_record_audit_20260808,2026-08-08T14:15:00Z,accepted_after_exact_species_identity_database_field_value_and_ontology_review
Tuberaria guttata,reproductive_assurance,cleistogamy,facultative,medium,latest_public_web,ecoflora_via_uk_flora_snapshot,http://ecoflora.org.uk/search_ecochars.php?plant_no=1120030040,ecoflora-5393790fd7f706ec8949,"Ecological Flora of the British Isles, Ecoflora species record; archived in seancanobrien/UK_Flora@8e524c994086955bf8f95c5a05213acad1cd1677","Ecoflora field ""Cleistogamy"": some cleistogamous flowers",species_direct,ecoflora_scientific_name_exact_to_master,ecoflora:plant_no:1120030040,original_ecoflora_plant_number,ecoflora-uk-flora-snapshot-2020-20260808,seancanobrien/UK_Flora@8e524c994086955bf8f95c5a05213acad1cd1677,data/old_data_scrape.csv,ecoflora_archived_field_value_medium_v1,True,wild_or_unspecified_species_record,codex_gpt5_ecoflora_stratified_record_audit_20260808,2026-08-08T14:15:00Z,accepted_after_exact_species_identity_database_field_value_and_ontology_review
Viola kitaibeliana,reproductive_assurance,cleistogamy,facultative,medium,latest_public_web,ecoflora_via_uk_flora_snapshot,http://ecoflora.org.uk/search_ecochars.php?plant_no=1100010810,ecoflora-7869283483092a338488,"Ecological Flora of the British Isles, Ecoflora species record; archived in seancanobrien/UK_Flora@8e524c994086955bf8f95c5a05213acad1cd1677","Ecoflora field ""Cleistogamy"": some cleistogamous flowers",species_direct,ecoflora_scientific_name_exact_to_master,ecoflora:plant_no:1100010810,original_ecoflora_plant_number,ecoflora-uk-flora-snapshot-2020-20260808,seancanobrien/UK_Flora@8e524c994086955bf8f95c5a05213acad1cd1677,data/old_data_scrape.csv,ecoflora_archived_field_value_medium_v1,True,wild_or_unspecified_species_record,codex_gpt5_ecoflora_stratified_record_audit_20260808,2026-08-08T14:15:00Z,accepted_after_exact_species_identity_database_field_value_and_ontology_review
Agrostis castellana,flower_colour,flower_primary_color,green_brown_inconspicuous,medium,latest_public_web,ecoflora_via_uk_flora_snapshot,http://ecoflora.org.uk/search_ecochars.php?plant_no=1930870250,ecoflora-fcd7f82c59a7eee6b7a9,"Ecological Flora of the British Isles, Ecoflora species record; archived in seancanobrien/UK_Flora@8e524c994086955bf8f95c5a05213acad1cd1677","Ecoflora field ""Flower colour"": green",species_direct,ecoflora_scientific_name_exact_to_master,ecoflora:plant_no:1930870250,original_ecoflora_plant_number,ecoflora-uk-flora-snapshot-2020-20260808,seancanobrien/UK_Flora@8e524c994086955bf8f95c5a05213acad1cd1677,data/old_data_scrape.csv,ecoflora_archived_field_value_medium_v1,True,wild_or_unspecified_species_record,codex_gpt5_ecoflora_stratified_record_audit_20260808,2026-08-08T14:15:00Z,accepted_after_exact_species_identity_database_field_value_and_ontology_review
Alchemilla wichurae,flower_colour,flower_primary_color,green_brown_inconspicuous,medium,latest_public_web,ecoflora_via_uk_flora_snapshot,http://ecoflora.org.uk/search_ecochars.php?plant_no=800230770,ecoflora-3bc7ecbff57133bf01d3,"Ecological Flora of the British Isles, Ecoflora species record; archived in seancanobrien/UK_Flora@8e524c994086955bf8f95c5a05213acad1cd1677","Ecoflora field ""Flower colour"": green",species_direct,ecoflora_scientific_name_exact_to_master,ecoflora:plant_no:800230770,original_ecoflora_plant_number,ecoflora-uk-flora-snapshot-2020-20260808,seancanobrien/UK_Flora@8e524c994086955bf8f95c5a05213acad1cd1677,data/old_data_scrape.csv,ecoflora_archived_field_value_medium_v1,True,wild_or_unspecified_species_record,codex_gpt5_ecoflora_stratified_record_audit_20260808,2026-08-08T14:15:00Z,accepted_after_exact_species_identity_database_field_value_and_ontology_review
Amaranthus standleyanus,flower_colour,flower_primary_color,green_brown_inconspicuous,medium,latest_public_web,ecoflora_via_uk_flora_snapshot,http://ecoflora.org.uk/search_ecochars.php?plant_no=920004420,ecoflora-033c6856c0cd91c2da26,"Ecological Flora of the British Isles, Ecoflora species record; archived in seancanobrien/UK_Flora@8e524c994086955bf8f95c5a05213acad1cd1677","Ecoflora field ""Flower colour"": green",species_direct,ecoflora_scientific_name_exact_to_master,ecoflora:plant_no:920004420,original_ecoflora_plant_number,ecoflora-uk-flora-snapshot-2020-20260808,seancanobrien/UK_Flora@8e524c994086955bf8f95c5a05213acad1cd1677,data/old_data_scrape.csv,ecoflora_archived_field_value_medium_v1,True,wild_or_unspecified_species_record,codex_gpt5_ecoflora_stratified_record_audit_20260808,2026-08-08T14:15:00Z,accepted_after_exact_species_identity_database_field_value_and_ontology_review
Aremonia agrimonioides,flower_colour,flower_primary_color,yellow_orange,medium,latest_public_web,ecoflora_via_uk_flora_snapshot,http://ecoflora.org.uk/search_ecochars.php?plant_no=800120010,ecoflora-a6a5fef36d09656baca2,"Ecological Flora of the British Isles, Ecoflora species record; archived in seancanobrien/UK_Flora@8e524c994086955bf8f95c5a05213acad1cd1677","Ecoflora field ""Flower colour"": yellow",species_direct,ecoflora_scientific_name_exact_to_master,ecoflora:plant_no:800120010,original_ecoflora_plant_number,ecoflora-uk-flora-snapshot-2020-20260808,seancanobrien/UK_Flora@8e524c994086955bf8f95c5a05213acad1cd1677,data/old_data_scrape.csv,ecoflora_archived_field_value_medium_v1,True,wild_or_unspecified_species_record,codex_gpt5_ecoflora_stratified_record_audit_20260808,2026-08-08T14:15:00Z,accepted_after_exact_species_identity_database_field_value_and_ontology_review
Brachypodium distachyon,flower_colour,flower_primary_color,green_brown_inconspicuous,medium,latest_public_web,ecoflora_via_uk_flora_snapshot,http://ecoflora.org.uk/search_ecochars.php?plant_no=1930450050,ecoflora-b609001d25725b0f598f,"Ecological Flora of the British Isles, Ecoflora species record; archived in seancanobrien/UK_Flora@8e524c994086955bf8f95c5a05213acad1cd1677","Ecoflora field ""Flower colour"": green",species_direct,ecoflora_scientific_name_exact_to_master,ecoflora:plant_no:1930450050,original_ecoflora_plant_number,ecoflora-uk-flora-snapshot-2020-20260808,seancanobrien/UK_Flora@8e524c994086955bf8f95c5a05213acad1cd1677,data/old_data_scrape.csv,ecoflora_archived_field_value_medium_v1,True,wild_or_unspecified_species_record,codex_gpt5_ecoflora_stratified_record_audit_20260808,2026-08-08T14:15:00Z,accepted_after_exact_species_identity_database_field_value_and_ontology_review
Carex binervis,flower_colour,flower_primary_color,blue_purple|green_brown_inconspicuous,medium,latest_public_web,ecoflora_via_uk_flora_snapshot,http://ecoflora.org.uk/search_ecochars.php?plant_no=1990120870,ecoflora-89a44f7e66be38d4446f,"Ecological Flora of the British Isles, Ecoflora species record; archived in seancanobrien/UK_Flora@8e524c994086955bf8f95c5a05213acad1cd1677","Ecoflora field ""Flower colour"": dark purple brown",species_direct,ecoflora_scientific_name_exact_to_master,ecoflora:plant_no:1990120870,original_ecoflora_plant_number,ecoflora-uk-flora-snapshot-2020-20260808,seancanobrien/UK_Flora@8e524c994086955bf8f95c5a05213acad1cd1677,data/old_data_scrape.csv,ecoflora_archived_field_value_medium_v1,True,wild_or_unspecified_species_record,codex_gpt5_ecoflora_stratified_record_audit_20260808,2026-08-08T14:15:00Z,accepted_after_exact_species_identity_database_field_value_and_ontology_review
Carex filiformis,flower_colour,flower_primary_color,green_brown_inconspicuous|red_pink,medium,latest_public_web,ecoflora_via_uk_flora_snapshot,http://ecoflora.org.uk/search_ecochars.php?plant_no=1990121170,ecoflora-d36648f5758d8803f2f3,"Ecological Flora of the British Isles, Ecoflora species record; archived in seancanobrien/UK_Flora@8e524c994086955bf8f95c5a05213acad1cd1677","Ecoflora field ""Flower colour"": red-brown",species_direct,ecoflora_scientific_name_exact_to_master,ecoflora:plant_no:1990121170,original_ecoflora_plant_number,ecoflora-uk-flora-snapshot-2020-20260808,seancanobrien/UK_Flora@8e524c994086955bf8f95c5a05213acad1cd1677,data/old_data_scrape.csv,ecoflora_archived_field_value_medium_v1,True,wild_or_unspecified_species_record,codex_gpt5_ecoflora_stratified_record_audit_20260808,2026-08-08T14:15:00Z,accepted_after_exact_species_identity_database_field_value_and_ontology_review
Cotoneaster cooperi,flower_colour,flower_primary_color,white,medium,latest_public_web,ecoflora_via_uk_flora_snapshot,http://ecoflora.org.uk/search_ecochars.php?plant_no=920003370,ecoflora-60a8a00877f52d4967f5,"Ecological Flora of the British Isles, Ecoflora species record; archived in seancanobrien/UK_Flora@8e524c994086955bf8f95c5a05213acad1cd1677","Ecoflora field ""Flower colour"": white",species_direct,ecoflora_scientific_name_exact_to_master,ecoflora:plant_no:920003370,original_ecoflora_plant_number,ecoflora-uk-flora-snapshot-2020-20260808,seancanobrien/UK_Flora@8e524c994086955bf8f95c5a05213acad1cd1677,data/old_data_scrape.csv,ecoflora_archived_field_value_medium_v1,True,wild_or_unspecified_species_record,codex_gpt5_ecoflora_stratified_record_audit_20260808,2026-08-08T14:15:00Z,accepted_after_exact_species_identity_database_field_value_and_ontology_review
Cotoneaster nitidus,flower_colour,flower_primary_color,red_pink,medium,latest_public_web,ecoflora_via_uk_flora_snapshot,http://ecoflora.org.uk/search_ecochars.php?plant_no=920007246,ecoflora-5088c77eb1afe2e18068,"Ecological Flora of the British Isles, Ecoflora species record; archived in seancanobrien/UK_Flora@8e524c994086955bf8f95c5a05213acad1cd1677","Ecoflora field ""Flower colour"": pink",species_direct,ecoflora_scientific_name_exact_to_master,ecoflora:plant_no:920007246,original_ecoflora_plant_number,ecoflora-uk-flora-snapshot-2020-20260808,seancanobrien/UK_Flora@8e524c994086955bf8f95c5a05213acad1cd1677,data/old_data_scrape.csv,ecoflora_archived_field_value_medium_v1,True,wild_or_unspecified_species_record,codex_gpt5_ecoflora_stratified_record_audit_20260808,2026-08-08T14:15:00Z,accepted_after_exact_species_identity_database_field_value_and_ontology_review
Cullen americanum,flower_colour,flower_primary_color,white,medium,latest_public_web,ecoflora_via_uk_flora_snapshot,http://ecoflora.org.uk/search_ecochars.php?plant_no=810430020,ecoflora-8b6e571c3160e2310fb5,"Ecological Flora of the British Isles, Ecoflora species record; archived in seancanobrien/UK_Flora@8e524c994086955bf8f95c5a05213acad1cd1677","Ecoflora field ""Flower colour"": white",species_direct,ecoflora_scientific_name_exact_to_master,ecoflora:plant_no:810430020,original_ecoflora_plant_number,ecoflora-uk-flora-snapshot-2020-20260808,seancanobrien/UK_Flora@8e524c994086955bf8f95c5a05213acad1cd1677,data/old_data_scrape.csv,ecoflora_archived_field_value_medium_v1,True,wild_or_unspecified_species_record,codex_gpt5_ecoflora_stratified_record_audit_20260808,2026-08-08T14:15:00Z,accepted_after_exact_species_identity_database_field_value_and_ontology_review
Cynoglossum germanicum,flower_colour,flower_primary_color,blue_purple|red_pink,medium,latest_public_web,ecoflora_via_uk_flora_snapshot,http://ecoflora.org.uk/search_ecochars.php?plant_no=1480340040,ecoflora-e8556dba36ab663c39fd,"Ecological Flora of the British Isles, Ecoflora species record; archived in seancanobrien/UK_Flora@8e524c994086955bf8f95c5a05213acad1cd1677","Ecoflora field ""Flower colour"": red-purple",species_direct,ecoflora_scientific_name_exact_to_master,ecoflora:plant_no:1480340040,original_ecoflora_plant_number,ecoflora-uk-flora-snapshot-2020-20260808,seancanobrien/UK_Flora@8e524c994086955bf8f95c5a05213acad1cd1677,data/old_data_scrape.csv,ecoflora_archived_field_value_medium_v1,True,wild_or_unspecified_species_record,codex_gpt5_ecoflora_stratified_record_audit_20260808,2026-08-08T14:15:00Z,accepted_after_exact_species_identity_database_field_value_and_ontology_review
Drosera longifolia,flower_colour,flower_primary_color,white,medium,latest_public_web,ecoflora_via_uk_flora_snapshot,http://ecoflora.org.uk/search_ecochars.php?plant_no=710020020,ecoflora-f1b1644889c9cbd9c343,"Ecological Flora of the British Isles, Ecoflora species record; archived in seancanobrien/UK_Flora@8e524c994086955bf8f95c5a05213acad1cd1677","Ecoflora field ""Flower colour"": white",species_direct,ecoflora_scientific_name_exact_to_master,ecoflora:plant_no:710020020,original_ecoflora_plant_number,ecoflora-uk-flora-snapshot-2020-20260808,seancanobrien/UK_Flora@8e524c994086955bf8f95c5a05213acad1cd1677,data/old_data_scrape.csv,ecoflora_archived_field_value_medium_v1,True,wild_or_unspecified_species_record,codex_gpt5_ecoflora_stratified_record_audit_20260808,2026-08-08T14:15:00Z,accepted_after_exact_species_identity_database_field_value_and_ontology_review
Eragrostis parviflora,flower_colour,flower_primary_color,green_brown_inconspicuous,medium,latest_public_web,ecoflora_via_uk_flora_snapshot,http://ecoflora.org.uk/search_ecochars.php?plant_no=920003199,ecoflora-96539a6a3d42b10b317f,"Ecological Flora of the British Isles, Ecoflora species record; archived in seancanobrien/UK_Flora@8e524c994086955bf8f95c5a05213acad1cd1677","Ecoflora field ""Flower colour"": green",species_direct,ecoflora_scientific_name_exact_to_master,ecoflora:plant_no:920003199,original_ecoflora_plant_number,ecoflora-uk-flora-snapshot-2020-20260808,seancanobrien/UK_Flora@8e524c994086955bf8f95c5a05213acad1cd1677,data/old_data_scrape.csv,ecoflora_archived_field_value_medium_v1,True,wild_or_unspecified_species_record,codex_gpt5_ecoflora_stratified_record_audit_20260808,2026-08-08T14:15:00Z,accepted_after_exact_species_identity_database_field_value_and_ontology_review
Erica erigena,flower_colour,flower_primary_color,blue_purple|red_pink,medium,latest_public_web,ecoflora_via_uk_flora_snapshot,http://ecoflora.org.uk/search_ecochars.php?plant_no=1320010150,ecoflora-ccb7d29b43a5be37d342,"Ecological Flora of the British Isles, Ecoflora species record; archived in seancanobrien/UK_Flora@8e524c994086955bf8f95c5a05213acad1cd1677","Ecoflora field ""Flower colour"": purple-pink",species_direct,ecoflora_scientific_name_exact_to_master,ecoflora:plant_no:1320010150,original_ecoflora_plant_number,ecoflora-uk-flora-snapshot-2020-20260808,seancanobrien/UK_Flora@8e524c994086955bf8f95c5a05213acad1cd1677,data/old_data_scrape.csv,ecoflora_archived_field_value_medium_v1,True,wild_or_unspecified_species_record,codex_gpt5_ecoflora_stratified_record_audit_20260808,2026-08-08T14:15:00Z,accepted_after_exact_species_identity_database_field_value_and_ontology_review
Festuca vivipara,flower_colour,flower_primary_color,green_brown_inconspicuous,medium,latest_public_web,ecoflora_via_uk_flora_snapshot,http://ecoflora.org.uk/search_ecochars.php?plant_no=1930041500,ecoflora-96aef18874ec9b2c69d4,"Ecological Flora of the British Isles, Ecoflora species record; archived in seancanobrien/UK_Flora@8e524c994086955bf8f95c5a05213acad1cd1677","Ecoflora field ""Flower colour"": green",species_direct,ecoflora_scientific_name_exact_to_master,ecoflora:plant_no:1930041500,original_ecoflora_plant_number,ecoflora-uk-flora-snapshot-2020-20260808,seancanobrien/UK_Flora@8e524c994086955bf8f95c5a05213acad1cd1677,data/old_data_scrape.csv,ecoflora_archived_field_value_medium_v1,True,wild_or_unspecified_species_record,codex_gpt5_ecoflora_stratified_record_audit_20260808,2026-08-08T14:15:00Z,accepted_after_exact_species_identity_database_field_value_and_ontology_review
Frankenia laevis,flower_colour,flower_primary_color,red_pink,medium,latest_public_web,ecoflora_via_uk_flora_snapshot,http://ecoflora.org.uk/search_ecochars.php?plant_no=1140010050,ecoflora-7b2b3da409729209c0ff,"Ecological Flora of the British Isles, Ecoflora species record; archived in seancanobrien/UK_Flora@8e524c994086955bf8f95c5a05213acad1cd1677","Ecoflora field ""Flower colour"": pink",species_direct,ecoflora_scientific_name_exact_to_master,ecoflora:plant_no:1140010050,original_ecoflora_plant_number,ecoflora-uk-flora-snapshot-2020-20260808,seancanobrien/UK_Flora@8e524c994086955bf8f95c5a05213acad1cd1677,data/old_data_scrape.csv,ecoflora_archived_field_value_medium_v1,True,wild_or_unspecified_species_record,codex_gpt5_ecoflora_stratified_record_audit_20260808,2026-08-08T14:15:00Z,accepted_after_exact_species_identity_database_field_value_and_ontology_review
Fumaria reuteri,flower_colour,flower_primary_color,red_pink,medium,latest_public_web,ecoflora_via_uk_flora_snapshot,http://ecoflora.org.uk/search_ecochars.php?plant_no=660120150,ecoflora-58f3c50d101bcd33666c,"Ecological Flora of the British Isles, Ecoflora species record; archived in seancanobrien/UK_Flora@8e524c994086955bf8f95c5a05213acad1cd1677","Ecoflora field ""Flower colour"": pink",species_direct,ecoflora_scientific_name_exact_to_master,ecoflora:plant_no:660120150,original_ecoflora_plant_number,ecoflora-uk-flora-snapshot-2020-20260808,seancanobrien/UK_Flora@8e524c994086955bf8f95c5a05213acad1cd1677,data/old_data_scrape.csv,ecoflora_archived_field_value_medium_v1,True,wild_or_unspecified_species_record,codex_gpt5_ecoflora_stratified_record_audit_20260808,2026-08-08T14:15:00Z,accepted_after_exact_species_identity_database_field_value_and_ontology_review
Hieracium anglicum,flower_colour,flower_primary_color,yellow_orange,medium,latest_public_web,ecoflora_via_uk_flora_snapshot,http://ecoflora.org.uk/search_ecochars.php?plant_no=1691811066,ecoflora-f75b0ce7495784ec27e3,"Ecological Flora of the British Isles, Ecoflora species record; archived in seancanobrien/UK_Flora@8e524c994086955bf8f95c5a05213acad1cd1677","Ecoflora field ""Flower colour"": yellow",species_direct,ecoflora_scientific_name_exact_to_master,ecoflora:plant_no:1691811066,original_ecoflora_plant_number,ecoflora-uk-flora-snapshot-2020-20260808,seancanobrien/UK_Flora@8e524c994086955bf8f95c5a05213acad1cd1677,data/old_data_scrape.csv,ecoflora_archived_field_value_medium_v1,True,wild_or_unspecified_species_record,codex_gpt5_ecoflora_stratified_record_audit_20260808,2026-08-08T14:15:00Z,accepted_after_exact_species_identity_database_field_value_and_ontology_review
Hieracium severiceps,flower_colour,flower_primary_color,yellow_orange,medium,latest_public_web,ecoflora_via_uk_flora_snapshot,http://ecoflora.org.uk/search_ecochars.php?plant_no=920003285,ecoflora-9583ee2e2adf6d50a22b,"Ecological Flora of the British Isles, Ecoflora species record; archived in seancanobrien/UK_Flora@8e524c994086955bf8f95c5a05213acad1cd1677","Ecoflora field ""Flower colour"": yellow",species_direct,ecoflora_scientific_name_exact_to_master,ecoflora:plant_no:920003285,original_ecoflora_plant_number,ecoflora-uk-flora-snapshot-2020-20260808,seancanobrien/UK_Flora@8e524c994086955bf8f95c5a05213acad1cd1677,data/old_data_scrape.csv,ecoflora_archived_field_value_medium_v1,True,wild_or_unspecified_species_record,codex_gpt5_ecoflora_stratified_record_audit_20260808,2026-08-08T14:15:00Z,accepted_after_exact_species_identity_database_field_value_and_ontology_review
Hypericum nummularium,flower_colour,flower_primary_color,yellow_orange,medium,latest_public_web,ecoflora_via_uk_flora_snapshot,http://ecoflora.org.uk/search_ecochars.php?plant_no=1090010170,ecoflora-06bc3f8a167ba762680a,"Ecological Flora of the British Isles, Ecoflora species record; archived in seancanobrien/UK_Flora@8e524c994086955bf8f95c5a05213acad1cd1677","Ecoflora field ""Flower colour"": yellow",species_direct,ecoflora_scientific_name_exact_to_master,ecoflora:plant_no:1090010170,original_ecoflora_plant_number,ecoflora-uk-flora-snapshot-2020-20260808,seancanobrien/UK_Flora@8e524c994086955bf8f95c5a05213acad1cd1677,data/old_data_scrape.csv,ecoflora_archived_field_value_medium_v1,True,wild_or_unspecified_species_record,codex_gpt5_ecoflora_stratified_record_audit_20260808,2026-08-08T14:15:00Z,accepted_after_exact_species_identity_database_field_value_and_ontology_review
Lysichiton camtschatcensis,flower_colour,flower_primary_color,white,medium,latest_public_web,ecoflora_via_uk_flora_snapshot,http://ecoflora.org.uk/search_ecochars.php?plant_no=920007445,ecoflora-70ca07d9a4ebb58f57a4,"Ecological Flora of the British Isles, Ecoflora species record; archived in seancanobrien/UK_Flora@8e524c994086955bf8f95c5a05213acad1cd1677","Ecoflora field ""Flower colour"": white",species_direct,ecoflora_scientific_name_exact_to_master,ecoflora:plant_no:920007445,original_ecoflora_plant_number,ecoflora-uk-flora-snapshot-2020-20260808,seancanobrien/UK_Flora@8e524c994086955bf8f95c5a05213acad1cd1677,data/old_data_scrape.csv,ecoflora_archived_field_value_medium_v1,True,wild_or_unspecified_species_record,codex_gpt5_ecoflora_stratified_record_audit_20260808,2026-08-08T14:15:00Z,accepted_after_exact_species_identity_database_field_value_and_ontology_review
Monsonia brevirostrata,flower_colour,flower_primary_color,blue_purple,medium,latest_public_web,ecoflora_via_uk_flora_snapshot,http://ecoflora.org.uk/search_ecochars.php?plant_no=920008139,ecoflora-e21e649ddf369a884206,"Ecological Flora of the British Isles, Ecoflora species record; archived in seancanobrien/UK_Flora@8e524c994086955bf8f95c5a05213acad1cd1677","Ecoflora field ""Flower colour"": blue-purple",species_direct,ecoflora_scientific_name_exact_to_master,ecoflora:plant_no:920008139,original_ecoflora_plant_number,ecoflora-uk-flora-snapshot-2020-20260808,seancanobrien/UK_Flora@8e524c994086955bf8f95c5a05213acad1cd1677,data/old_data_scrape.csv,ecoflora_archived_field_value_medium_v1,True,wild_or_unspecified_species_record,codex_gpt5_ecoflora_stratified_record_audit_20260808,2026-08-08T14:15:00Z,accepted_after_exact_species_identity_database_field_value_and_ontology_review
Parapholis strigosa,flower_colour,flower_primary_color,green_brown_inconspicuous,medium,latest_public_web,ecoflora_via_uk_flora_snapshot,http://ecoflora.org.uk/search_ecochars.php?plant_no=1930970040,ecoflora-12690e56cca594654bb3,"Ecological Flora of the British Isles, Ecoflora species record; archived in seancanobrien/UK_Flora@8e524c994086955bf8f95c5a05213acad1cd1677","Ecoflora field ""Flower colour"": green",species_direct,ecoflora_scientific_name_exact_to_master,ecoflora:plant_no:1930970040,original_ecoflora_plant_number,ecoflora-uk-flora-snapshot-2020-20260808,seancanobrien/UK_Flora@8e524c994086955bf8f95c5a05213acad1cd1677,data/old_data_scrape.csv,ecoflora_archived_field_value_medium_v1,True,wild_or_unspecified_species_record,codex_gpt5_ecoflora_stratified_record_audit_20260808,2026-08-08T14:15:00Z,accepted_after_exact_species_identity_database_field_value_and_ontology_review
Phleum arenarium,flower_colour,flower_primary_color,green_brown_inconspicuous,medium,latest_public_web,ecoflora_via_uk_flora_snapshot,http://ecoflora.org.uk/search_ecochars.php?plant_no=1930930080,ecoflora-6f679af568bdd048110b,"Ecological Flora of the British Isles, Ecoflora species record; archived in seancanobrien/UK_Flora@8e524c994086955bf8f95c5a05213acad1cd1677","Ecoflora field ""Flower colour"": green",species_direct,ecoflora_scientific_name_exact_to_master,ecoflora:plant_no:1930930080,original_ecoflora_plant_number,ecoflora-uk-flora-snapshot-2020-20260808,seancanobrien/UK_Flora@8e524c994086955bf8f95c5a05213acad1cd1677,data/old_data_scrape.csv,ecoflora_archived_field_value_medium_v1,True,wild_or_unspecified_species_record,codex_gpt5_ecoflora_stratified_record_audit_20260808,2026-08-08T14:15:00Z,accepted_after_exact_species_identity_database_field_value_and_ontology_review
Pleioblastus simonii,flower_colour,flower_primary_color,green_brown_inconspicuous,medium,latest_public_web,ecoflora_via_uk_flora_snapshot,http://ecoflora.org.uk/search_ecochars.php?plant_no=4306,ecoflora-d52d6ed5b64b0bc39bf1,"Ecological Flora of the British Isles, Ecoflora species record; archived in seancanobrien/UK_Flora@8e524c994086955bf8f95c5a05213acad1cd1677","Ecoflora field ""Flower colour"": green",species_direct,ecoflora_scientific_name_exact_to_master,ecoflora:plant_no:4306,original_ecoflora_plant_number,ecoflora-uk-flora-snapshot-2020-20260808,seancanobrien/UK_Flora@8e524c994086955bf8f95c5a05213acad1cd1677,data/old_data_scrape.csv,ecoflora_archived_field_value_medium_v1,True,wild_or_unspecified_species_record,codex_gpt5_ecoflora_stratified_record_audit_20260808,2026-08-08T14:15:00Z,accepted_after_exact_species_identity_database_field_value_and_ontology_review
Poa flexuosa,flower_colour,flower_primary_color,green_brown_inconspicuous,medium,latest_public_web,ecoflora_via_uk_flora_snapshot,http://ecoflora.org.uk/search_ecochars.php?plant_no=1930160190,ecoflora-72273af0a250c848499c,"Ecological Flora of the British Isles, Ecoflora species record; archived in seancanobrien/UK_Flora@8e524c994086955bf8f95c5a05213acad1cd1677","Ecoflora field ""Flower colour"": green",species_direct,ecoflora_scientific_name_exact_to_master,ecoflora:plant_no:1930160190,original_ecoflora_plant_number,ecoflora-uk-flora-snapshot-2020-20260808,seancanobrien/UK_Flora@8e524c994086955bf8f95c5a05213acad1cd1677,data/old_data_scrape.csv,ecoflora_archived_field_value_medium_v1,True,wild_or_unspecified_species_record,codex_gpt5_ecoflora_stratified_record_audit_20260808,2026-08-08T14:15:00Z,accepted_after_exact_species_identity_database_field_value_and_ontology_review
Poa infirma,flower_colour,flower_primary_color,green_brown_inconspicuous,medium,latest_public_web,ecoflora_via_uk_flora_snapshot,http://ecoflora.org.uk/search_ecochars.php?plant_no=1930160020,ecoflora-8520fce435e10dc2412c,"Ecological Flora of the British Isles, Ecoflora species record; archived in seancanobrien/UK_Flora@8e524c994086955bf8f95c5a05213acad1cd1677","Ecoflora field ""Flower colour"": green",species_direct,ecoflora_scientific_name_exact_to_master,ecoflora:plant_no:1930160020,original_ecoflora_plant_number,ecoflora-uk-flora-snapshot-2020-20260808,seancanobrien/UK_Flora@8e524c994086955bf8f95c5a05213acad1cd1677,data/old_data_scrape.csv,ecoflora_archived_field_value_medium_v1,True,wild_or_unspecified_species_record,codex_gpt5_ecoflora_stratified_record_audit_20260808,2026-08-08T14:15:00Z,accepted_after_exact_species_identity_database_field_value_and_ontology_review
Potamogeton rutilus,flower_colour,flower_primary_color,green_brown_inconspicuous,medium,latest_public_web,ecoflora_via_uk_flora_snapshot,http://ecoflora.org.uk/search_ecochars.php?plant_no=1770010120,ecoflora-a4e7a933f8c3c31bf17d,"Ecological Flora of the British Isles, Ecoflora species record; archived in seancanobrien/UK_Flora@8e524c994086955bf8f95c5a05213acad1cd1677","Ecoflora field ""Flower colour"": green",species_direct,ecoflora_scientific_name_exact_to_master,ecoflora:plant_no:1770010120,original_ecoflora_plant_number,ecoflora-uk-flora-snapshot-2020-20260808,seancanobrien/UK_Flora@8e524c994086955bf8f95c5a05213acad1cd1677,data/old_data_scrape.csv,ecoflora_archived_field_value_medium_v1,True,wild_or_unspecified_species_record,codex_gpt5_ecoflora_stratified_record_audit_20260808,2026-08-08T14:15:00Z,accepted_after_exact_species_identity_database_field_value_and_ontology_review
Quercus ilex,flower_colour,flower_primary_color,green_brown_inconspicuous,medium,latest_public_web,ecoflora_via_uk_flora_snapshot,http://ecoflora.org.uk/search_ecochars.php?plant_no=360040040,ecoflora-cf422917ac8cf9f44a20,"Ecological Flora of the British Isles, Ecoflora species record; archived in seancanobrien/UK_Flora@8e524c994086955bf8f95c5a05213acad1cd1677","Ecoflora field ""Flower colour"": green",species_direct,ecoflora_scientific_name_exact_to_master,ecoflora:plant_no:360040040,original_ecoflora_plant_number,ecoflora-uk-flora-snapshot-2020-20260808,seancanobrien/UK_Flora@8e524c994086955bf8f95c5a05213acad1cd1677,data/old_data_scrape.csv,ecoflora_archived_field_value_medium_v1,True,wild_or_unspecified_species_record,codex_gpt5_ecoflora_stratified_record_audit_20260808,2026-08-08T14:15:00Z,accepted_after_exact_species_identity_database_field_value_and_ontology_review
Rubus elegantispinosus,flower_colour,flower_primary_color,white,medium,latest_public_web,ecoflora_via_uk_flora_snapshot,http://ecoflora.org.uk/search_ecochars.php?plant_no=920003727,ecoflora-d243b8384b34b0395d08,"Ecological Flora of the British Isles, Ecoflora species record; archived in seancanobrien/UK_Flora@8e524c994086955bf8f95c5a05213acad1cd1677","Ecoflora field ""Flower colour"": White",species_direct,ecoflora_scientific_name_exact_to_master,ecoflora:plant_no:920003727,original_ecoflora_plant_number,ecoflora-uk-flora-snapshot-2020-20260808,seancanobrien/UK_Flora@8e524c994086955bf8f95c5a05213acad1cd1677,data/old_data_scrape.csv,ecoflora_archived_field_value_medium_v1,True,wild_or_unspecified_species_record,codex_gpt5_ecoflora_stratified_record_audit_20260808,2026-08-08T14:15:00Z,accepted_after_exact_species_identity_database_field_value_and_ontology_review
Rytidosperma racemosum,flower_colour,flower_primary_color,green_brown_inconspicuous,medium,latest_public_web,ecoflora_via_uk_flora_snapshot,http://ecoflora.org.uk/search_ecochars.php?plant_no=920003147,ecoflora-714d9921ba381a3d7408,"Ecological Flora of the British Isles, Ecoflora species record; archived in seancanobrien/UK_Flora@8e524c994086955bf8f95c5a05213acad1cd1677","Ecoflora field ""Flower colour"": green",species_direct,ecoflora_scientific_name_exact_to_master,ecoflora:plant_no:920003147,original_ecoflora_plant_number,ecoflora-uk-flora-snapshot-2020-20260808,seancanobrien/UK_Flora@8e524c994086955bf8f95c5a05213acad1cd1677,data/old_data_scrape.csv,ecoflora_archived_field_value_medium_v1,True,wild_or_unspecified_species_record,codex_gpt5_ecoflora_stratified_record_audit_20260808,2026-08-08T14:15:00Z,accepted_after_exact_species_identity_database_field_value_and_ontology_review
Salix myrsinites,flower_colour,flower_primary_color,green_brown_inconspicuous,medium,latest_public_web,ecoflora_via_uk_flora_snapshot,http://ecoflora.org.uk/search_ecochars.php?plant_no=310010130,ecoflora-3a1c4f578bcb99b48036,"Ecological Flora of the British Isles, Ecoflora species record; archived in seancanobrien/UK_Flora@8e524c994086955bf8f95c5a05213acad1cd1677","Ecoflora field ""Flower colour"": green",species_direct,ecoflora_scientific_name_exact_to_master,ecoflora:plant_no:310010130,original_ecoflora_plant_number,ecoflora-uk-flora-snapshot-2020-20260808,seancanobrien/UK_Flora@8e524c994086955bf8f95c5a05213acad1cd1677,data/old_data_scrape.csv,ecoflora_archived_field_value_medium_v1,True,wild_or_unspecified_species_record,codex_gpt5_ecoflora_stratified_record_audit_20260808,2026-08-08T14:15:00Z,accepted_after_exact_species_identity_database_field_value_and_ontology_review
Scilla autumnalis,flower_colour,flower_primary_color,blue_purple,medium,latest_public_web,ecoflora_via_uk_flora_snapshot,http://ecoflora.org.uk/search_ecochars.php?plant_no=1830270150,ecoflora-1ceb4fa7028167a988eb,"Ecological Flora of the British Isles, Ecoflora species record; archived in seancanobrien/UK_Flora@8e524c994086955bf8f95c5a05213acad1cd1677","Ecoflora field ""Flower colour"": blue",species_direct,ecoflora_scientific_name_exact_to_master,ecoflora:plant_no:1830270150,original_ecoflora_plant_number,ecoflora-uk-flora-snapshot-2020-20260808,seancanobrien/UK_Flora@8e524c994086955bf8f95c5a05213acad1cd1677,data/old_data_scrape.csv,ecoflora_archived_field_value_medium_v1,True,wild_or_unspecified_species_record,codex_gpt5_ecoflora_stratified_record_audit_20260808,2026-08-08T14:15:00Z,accepted_after_exact_species_identity_database_field_value_and_ontology_review
Sparaxis grandiflora,flower_colour,flower_primary_color,red_pink,medium,latest_public_web,ecoflora_via_uk_flora_snapshot,http://ecoflora.org.uk/search_ecochars.php?plant_no=920007599,ecoflora-27b76e5136685202e2e3,"Ecological Flora of the British Isles, Ecoflora species record; archived in seancanobrien/UK_Flora@8e524c994086955bf8f95c5a05213acad1cd1677","Ecoflora field ""Flower colour"": red",species_direct,ecoflora_scientific_name_exact_to_master,ecoflora:plant_no:920007599,original_ecoflora_plant_number,ecoflora-uk-flora-snapshot-2020-20260808,seancanobrien/UK_Flora@8e524c994086955bf8f95c5a05213acad1cd1677,data/old_data_scrape.csv,ecoflora_archived_field_value_medium_v1,True,wild_or_unspecified_species_record,codex_gpt5_ecoflora_stratified_record_audit_20260808,2026-08-08T14:15:00Z,accepted_after_exact_species_identity_database_field_value_and_ontology_review
Spirodela polyrhiza,flower_colour,flower_primary_color,green_brown_inconspicuous,medium,latest_public_web,ecoflora_via_uk_flora_snapshot,http://ecoflora.org.uk/search_ecochars.php?plant_no=1960030018,ecoflora-5500185eb2e65c72bdf4,"Ecological Flora of the British Isles, Ecoflora species record; archived in seancanobrien/UK_Flora@8e524c994086955bf8f95c5a05213acad1cd1677","Ecoflora field ""Flower colour"": green",species_direct,ecoflora_scientific_name_exact_to_master,ecoflora:plant_no:1960030018,original_ecoflora_plant_number,ecoflora-uk-flora-snapshot-2020-20260808,seancanobrien/UK_Flora@8e524c994086955bf8f95c5a05213acad1cd1677,data/old_data_scrape.csv,ecoflora_archived_field_value_medium_v1,True,wild_or_unspecified_species_record,codex_gpt5_ecoflora_stratified_record_audit_20260808,2026-08-08T14:15:00Z,accepted_after_exact_species_identity_database_field_value_and_ontology_review
Taraxacum simile,flower_colour,flower_primary_color,yellow_orange,medium,latest_public_web,ecoflora_via_uk_flora_snapshot,http://ecoflora.org.uk/search_ecochars.php?plant_no=1691730250,ecoflora-62a106cb31ad5c106a83,"Ecological Flora of the British Isles, Ecoflora species record; archived in seancanobrien/UK_Flora@8e524c994086955bf8f95c5a05213acad1cd1677","Ecoflora field ""Flower colour"": yellow",species_direct,ecoflora_scientific_name_exact_to_master,ecoflora:plant_no:1691730250,original_ecoflora_plant_number,ecoflora-uk-flora-snapshot-2020-20260808,seancanobrien/UK_Flora@8e524c994086955bf8f95c5a05213acad1cd1677,data/old_data_scrape.csv,ecoflora_archived_field_value_medium_v1,True,wild_or_unspecified_species_record,codex_gpt5_ecoflora_stratified_record_audit_20260808,2026-08-08T14:15:00Z,accepted_after_exact_species_identity_database_field_value_and_ontology_review
Tragus berteronianus,flower_colour,flower_primary_color,green_brown_inconspicuous,medium,latest_public_web,ecoflora_via_uk_flora_snapshot,http://ecoflora.org.uk/search_ecochars.php?plant_no=920003247,ecoflora-23d73298d41feb304706,"Ecological Flora of the British Isles, Ecoflora species record; archived in seancanobrien/UK_Flora@8e524c994086955bf8f95c5a05213acad1cd1677","Ecoflora field ""Flower colour"": green",species_direct,ecoflora_scientific_name_exact_to_master,ecoflora:plant_no:920003247,original_ecoflora_plant_number,ecoflora-uk-flora-snapshot-2020-20260808,seancanobrien/UK_Flora@8e524c994086955bf8f95c5a05213acad1cd1677,data/old_data_scrape.csv,ecoflora_archived_field_value_medium_v1,True,wild_or_unspecified_species_record,codex_gpt5_ecoflora_stratified_record_audit_20260808,2026-08-08T14:15:00Z,accepted_after_exact_species_identity_database_field_value_and_ontology_review
Tripleurospermum maritimum,flower_colour,flower_primary_color,white|yellow_orange,medium,latest_public_web,ecoflora_via_uk_flora_snapshot,http://ecoflora.org.uk/search_ecochars.php?plant_no=1690600048,ecoflora-80a869bc6fd11b9acaea,"Ecological Flora of the British Isles, Ecoflora species record; archived in seancanobrien/UK_Flora@8e524c994086955bf8f95c5a05213acad1cd1677","Ecoflora field ""Flower colour"": white, yellow",species_direct,ecoflora_scientific_name_exact_to_master,ecoflora:plant_no:1690600048,original_ecoflora_plant_number,ecoflora-uk-flora-snapshot-2020-20260808,seancanobrien/UK_Flora@8e524c994086955bf8f95c5a05213acad1cd1677,data/old_data_scrape.csv,ecoflora_archived_field_value_medium_v1,True,wild_or_unspecified_species_record,codex_gpt5_ecoflora_stratified_record_audit_20260808,2026-08-08T14:15:00Z,accepted_after_exact_species_identity_database_field_value_and_ontology_review
Valeriana pyrenaica,flower_colour,flower_primary_color,red_pink,medium,latest_public_web,ecoflora_via_uk_flora_snapshot,http://ecoflora.org.uk/search_ecochars.php?plant_no=1660040060,ecoflora-7d8eec0af31e8f7e33f1,"Ecological Flora of the British Isles, Ecoflora species record; archived in seancanobrien/UK_Flora@8e524c994086955bf8f95c5a05213acad1cd1677","Ecoflora field ""Flower colour"": pale pink",species_direct,ecoflora_scientific_name_exact_to_master,ecoflora:plant_no:1660040060,original_ecoflora_plant_number,ecoflora-uk-flora-snapshot-2020-20260808,seancanobrien/UK_Flora@8e524c994086955bf8f95c5a05213acad1cd1677,data/old_data_scrape.csv,ecoflora_archived_field_value_medium_v1,True,wild_or_unspecified_species_record,codex_gpt5_ecoflora_stratified_record_audit_20260808,2026-08-08T14:15:00Z,accepted_after_exact_species_identity_database_field_value_and_ontology_review
Zostera marina,flower_colour,flower_primary_color,green_brown_inconspicuous,medium,latest_public_web,ecoflora_via_uk_flora_snapshot,http://ecoflora.org.uk/search_ecochars.php?plant_no=1800010010,ecoflora-83a6dfef8e32eae1107a,"Ecological Flora of the British Isles, Ecoflora species record; archived in seancanobrien/UK_Flora@8e524c994086955bf8f95c5a05213acad1cd1677","Ecoflora field ""Flower colour"": green",species_direct,ecoflora_scientific_name_exact_to_master,ecoflora:plant_no:1800010010,original_ecoflora_plant_number,ecoflora-uk-flora-snapshot-2020-20260808,seancanobrien/UK_Flora@8e524c994086955bf8f95c5a05213acad1cd1677,data/old_data_scrape.csv,ecoflora_archived_field_value_medium_v1,True,wild_or_unspecified_species_record,codex_gpt5_ecoflora_stratified_record_audit_20260808,2026-08-08T14:15:00Z,accepted_after_exact_species_identity_database_field_value_and_ontology_review
Arabis scabra,floral_structural_complexity,inflorescence_display,raceme_spike_panicle,medium,latest_public_web,ecoflora_via_uk_flora_snapshot,http://ecoflora.org.uk/search_ecochars.php?plant_no=680430270,ecoflora-a45225ece115f0772a82,"Ecological Flora of the British Isles, Ecoflora species record; archived in seancanobrien/UK_Flora@8e524c994086955bf8f95c5a05213acad1cd1677","Ecoflora field ""Inflorescence type"": raceme",species_direct,ecoflora_scientific_name_exact_to_master,ecoflora:plant_no:680430270,original_ecoflora_plant_number,ecoflora-uk-flora-snapshot-2020-20260808,seancanobrien/UK_Flora@8e524c994086955bf8f95c5a05213acad1cd1677,data/old_data_scrape.csv,ecoflora_archived_field_value_medium_v1,True,wild_or_unspecified_species_record,codex_gpt5_ecoflora_stratified_record_audit_20260808,2026-08-08T14:15:00Z,accepted_after_exact_species_identity_database_field_value_and_ontology_review
Aster linosyris,floral_structural_complexity,inflorescence_display,composite_display,medium,latest_public_web,ecoflora_via_uk_flora_snapshot,http://ecoflora.org.uk/search_ecochars.php?plant_no=1690070250,ecoflora-3be1e210ca0ccf9797b2,"Ecological Flora of the British Isles, Ecoflora species record; archived in seancanobrien/UK_Flora@8e524c994086955bf8f95c5a05213acad1cd1677","Ecoflora field ""Inflorescence type"": capitulum",species_direct,ecoflora_scientific_name_exact_to_master,ecoflora:plant_no:1690070250,original_ecoflora_plant_number,ecoflora-uk-flora-snapshot-2020-20260808,seancanobrien/UK_Flora@8e524c994086955bf8f95c5a05213acad1cd1677,data/old_data_scrape.csv,ecoflora_archived_field_value_medium_v1,True,wild_or_unspecified_species_record,codex_gpt5_ecoflora_stratified_record_audit_20260808,2026-08-08T14:15:00Z,accepted_after_exact_species_identity_database_field_value_and_ontology_review
Callitriche obtusangula,floral_structural_complexity,inflorescence_display,solitary,medium,latest_public_web,ecoflora_via_uk_flora_snapshot,http://ecoflora.org.uk/search_ecochars.php?plant_no=1500010060,ecoflora-f4d981c848f6615d3698,"Ecological Flora of the British Isles, Ecoflora species record; archived in seancanobrien/UK_Flora@8e524c994086955bf8f95c5a05213acad1cd1677","Ecoflora field ""Inflorescence type"": solitary",species_direct,ecoflora_scientific_name_exact_to_master,ecoflora:plant_no:1500010060,original_ecoflora_plant_number,ecoflora-uk-flora-snapshot-2020-20260808,seancanobrien/UK_Flora@8e524c994086955bf8f95c5a05213acad1cd1677,data/old_data_scrape.csv,ecoflora_archived_field_value_medium_v1,True,wild_or_unspecified_species_record,codex_gpt5_ecoflora_stratified_record_audit_20260808,2026-08-08T14:15:00Z,accepted_after_exact_species_identity_database_field_value_and_ontology_review
Callitriche truncata,floral_structural_complexity,inflorescence_display,solitary,medium,latest_public_web,ecoflora_via_uk_flora_snapshot,http://ecoflora.org.uk/search_ecochars.php?plant_no=1500010020,ecoflora-4779d9151e99b3431605,"Ecological Flora of the British Isles, Ecoflora species record; archived in seancanobrien/UK_Flora@8e524c994086955bf8f95c5a05213acad1cd1677","Ecoflora field ""Inflorescence type"": solitary",species_direct,ecoflora_scientific_name_exact_to_master,ecoflora:plant_no:1500010020,original_ecoflora_plant_number,ecoflora-uk-flora-snapshot-2020-20260808,seancanobrien/UK_Flora@8e524c994086955bf8f95c5a05213acad1cd1677,data/old_data_scrape.csv,ecoflora_archived_field_value_medium_v1,True,wild_or_unspecified_species_record,codex_gpt5_ecoflora_stratified_record_audit_20260808,2026-08-08T14:15:00Z,accepted_after_exact_species_identity_database_field_value_and_ontology_review
Carex atrofusca,floral_structural_complexity,inflorescence_display,raceme_spike_panicle,medium,latest_public_web,ecoflora_via_uk_flora_snapshot,http://ecoflora.org.uk/search_ecochars.php?plant_no=1990121400,ecoflora-3dc5b6079a0745b35924,"Ecological Flora of the British Isles, Ecoflora species record; archived in seancanobrien/UK_Flora@8e524c994086955bf8f95c5a05213acad1cd1677","Ecoflora field ""Inflorescence type"": spikes",species_direct,ecoflora_scientific_name_exact_to_master,ecoflora:plant_no:1990121400,original_ecoflora_plant_number,ecoflora-uk-flora-snapshot-2020-20260808,seancanobrien/UK_Flora@8e524c994086955bf8f95c5a05213acad1cd1677,data/old_data_scrape.csv,ecoflora_archived_field_value_medium_v1,True,wild_or_unspecified_species_record,codex_gpt5_ecoflora_stratified_record_audit_20260808,2026-08-08T14:15:00Z,accepted_after_exact_species_identity_database_field_value_and_ontology_review
Carex lachenalii,floral_structural_complexity,inflorescence_display,raceme_spike_panicle,medium,latest_public_web,ecoflora_via_uk_flora_snapshot,http://ecoflora.org.uk/search_ecochars.php?plant_no=1990120340,ecoflora-3802c15c3b3f4b5fe008,"Ecological Flora of the British Isles, Ecoflora species record; archived in seancanobrien/UK_Flora@8e524c994086955bf8f95c5a05213acad1cd1677","Ecoflora field ""Inflorescence type"": spikes",species_direct,ecoflora_scientific_name_exact_to_master,ecoflora:plant_no:1990120340,original_ecoflora_plant_number,ecoflora-uk-flora-snapshot-2020-20260808,seancanobrien/UK_Flora@8e524c994086955bf8f95c5a05213acad1cd1677,data/old_data_scrape.csv,ecoflora_archived_field_value_medium_v1,True,wild_or_unspecified_species_record,codex_gpt5_ecoflora_stratified_record_audit_20260808,2026-08-08T14:15:00Z,accepted_after_exact_species_identity_database_field_value_and_ontology_review
Carpobrotus acinaciformis,floral_structural_complexity,inflorescence_display,solitary,medium,latest_public_web,ecoflora_via_uk_flora_snapshot,http://ecoflora.org.uk/search_ecochars.php?plant_no=920007213,ecoflora-818d2bb14131eef8552f,"Ecological Flora of the British Isles, Ecoflora species record; archived in seancanobrien/UK_Flora@8e524c994086955bf8f95c5a05213acad1cd1677","Ecoflora field ""Inflorescence type"": solitary",species_direct,ecoflora_scientific_name_exact_to_master,ecoflora:plant_no:920007213,original_ecoflora_plant_number,ecoflora-uk-flora-snapshot-2020-20260808,seancanobrien/UK_Flora@8e524c994086955bf8f95c5a05213acad1cd1677,data/old_data_scrape.csv,ecoflora_archived_field_value_medium_v1,True,wild_or_unspecified_species_record,codex_gpt5_ecoflora_stratified_record_audit_20260808,2026-08-08T14:15:00Z,accepted_after_exact_species_identity_database_field_value_and_ontology_review
Centaurium tenuiflorum,floral_structural_complexity,inflorescence_display,umbel_corymb,medium,latest_public_web,ecoflora_via_uk_flora_snapshot,http://ecoflora.org.uk/search_ecochars.php?plant_no=1400040120,ecoflora-5bf9d719748db34c72ad,"Ecological Flora of the British Isles, Ecoflora species record; archived in seancanobrien/UK_Flora@8e524c994086955bf8f95c5a05213acad1cd1677","Ecoflora field ""Inflorescence type"": cyme",species_direct,ecoflora_scientific_name_exact_to_master,ecoflora:plant_no:1400040120,original_ecoflora_plant_number,ecoflora-uk-flora-snapshot-2020-20260808,seancanobrien/UK_Flora@8e524c994086955bf8f95c5a05213acad1cd1677,data/old_data_scrape.csv,ecoflora_archived_field_value_medium_v1,True,wild_or_unspecified_species_record,codex_gpt5_ecoflora_stratified_record_audit_20260808,2026-08-08T14:15:00Z,accepted_after_exact_species_identity_database_field_value_and_ontology_review
Cerastium brachypetalum,floral_structural_complexity,inflorescence_display,umbel_corymb,medium,latest_public_web,ecoflora_via_uk_flora_snapshot,http://ecoflora.org.uk/search_ecochars.php?plant_no=570090430,ecoflora-f21af3d7779407118229,"Ecological Flora of the British Isles, Ecoflora species record; archived in seancanobrien/UK_Flora@8e524c994086955bf8f95c5a05213acad1cd1677","Ecoflora field ""Inflorescence type"": cyme",species_direct,ecoflora_scientific_name_exact_to_master,ecoflora:plant_no:570090430,original_ecoflora_plant_number,ecoflora-uk-flora-snapshot-2020-20260808,seancanobrien/UK_Flora@8e524c994086955bf8f95c5a05213acad1cd1677,data/old_data_scrape.csv,ecoflora_archived_field_value_medium_v1,True,wild_or_unspecified_species_record,codex_gpt5_ecoflora_stratified_record_audit_20260808,2026-08-08T14:15:00Z,accepted_after_exact_species_identity_database_field_value_and_ontology_review
Cirsium acaule,floral_structural_complexity,inflorescence_display,composite_display,medium,latest_public_web,ecoflora_via_uk_flora_snapshot,http://ecoflora.org.uk/search_ecochars.php?plant_no=1691180440,ecoflora-7b7457fe172a66223659,"Ecological Flora of the British Isles, Ecoflora species record; archived in seancanobrien/UK_Flora@8e524c994086955bf8f95c5a05213acad1cd1677","Ecoflora field ""Inflorescence type"": capitulum",species_direct,ecoflora_scientific_name_exact_to_master,ecoflora:plant_no:1691180440,original_ecoflora_plant_number,ecoflora-uk-flora-snapshot-2020-20260808,seancanobrien/UK_Flora@8e524c994086955bf8f95c5a05213acad1cd1677,data/old_data_scrape.csv,ecoflora_archived_field_value_medium_v1,True,wild_or_unspecified_species_record,codex_gpt5_ecoflora_stratified_record_audit_20260808,2026-08-08T14:15:00Z,accepted_after_exact_species_identity_database_field_value_and_ontology_review
Clematis montana,floral_structural_complexity,inflorescence_display,umbel_corymb,medium,latest_public_web,ecoflora_via_uk_flora_snapshot,http://ecoflora.org.uk/search_ecochars.php?plant_no=920000527,ecoflora-41dfa9ce82d8568cea4d,"Ecological Flora of the British Isles, Ecoflora species record; archived in seancanobrien/UK_Flora@8e524c994086955bf8f95c5a05213acad1cd1677","Ecoflora field ""Inflorescence type"": cyme",species_direct,ecoflora_scientific_name_exact_to_master,ecoflora:plant_no:920000527,original_ecoflora_plant_number,ecoflora-uk-flora-snapshot-2020-20260808,seancanobrien/UK_Flora@8e524c994086955bf8f95c5a05213acad1cd1677,data/old_data_scrape.csv,ecoflora_archived_field_value_medium_v1,True,wild_or_unspecified_species_record,codex_gpt5_ecoflora_stratified_record_audit_20260808,2026-08-08T14:15:00Z,accepted_after_exact_species_identity_database_field_value_and_ontology_review
Clinopodium acinos,floral_structural_complexity,inflorescence_display,umbel_corymb,medium,latest_public_web,ecoflora_via_uk_flora_snapshot,http://ecoflora.org.uk/search_ecochars.php?plant_no=1510260040,ecoflora-9168dd48a78d43707dae,"Ecological Flora of the British Isles, Ecoflora species record; archived in seancanobrien/UK_Flora@8e524c994086955bf8f95c5a05213acad1cd1677","Ecoflora field ""Inflorescence type"": whorl",species_direct,ecoflora_scientific_name_exact_to_master,ecoflora:plant_no:1510260040,original_ecoflora_plant_number,ecoflora-uk-flora-snapshot-2020-20260808,seancanobrien/UK_Flora@8e524c994086955bf8f95c5a05213acad1cd1677,data/old_data_scrape.csv,ecoflora_archived_field_value_medium_v1,True,wild_or_unspecified_species_record,codex_gpt5_ecoflora_stratified_record_audit_20260808,2026-08-08T14:15:00Z,accepted_after_exact_species_identity_database_field_value_and_ontology_review
Crataegus heterophylla,floral_structural_complexity,inflorescence_display,umbel_corymb,medium,latest_public_web,ecoflora_via_uk_flora_snapshot,http://ecoflora.org.uk/search_ecochars.php?plant_no=920007256,ecoflora-95ef423202ad8cce058a,"Ecological Flora of the British Isles, Ecoflora species record; archived in seancanobrien/UK_Flora@8e524c994086955bf8f95c5a05213acad1cd1677","Ecoflora field ""Inflorescence type"": corymb",species_direct,ecoflora_scientific_name_exact_to_master,ecoflora:plant_no:920007256,original_ecoflora_plant_number,ecoflora-uk-flora-snapshot-2020-20260808,seancanobrien/UK_Flora@8e524c994086955bf8f95c5a05213acad1cd1677,data/old_data_scrape.csv,ecoflora_archived_field_value_medium_v1,True,wild_or_unspecified_species_record,codex_gpt5_ecoflora_stratified_record_audit_20260808,2026-08-08T14:15:00Z,accepted_after_exact_species_identity_database_field_value_and_ontology_review
Cuminum cyminum,floral_structural_complexity,inflorescence_display,umbel_corymb,medium,latest_public_web,ecoflora_via_uk_flora_snapshot,http://ecoflora.org.uk/search_ecochars.php?plant_no=1290580010,ecoflora-6e5d21411a4d30a14989,"Ecological Flora of the British Isles, Ecoflora species record; archived in seancanobrien/UK_Flora@8e524c994086955bf8f95c5a05213acad1cd1677","Ecoflora field ""Inflorescence type"": umbel",species_direct,ecoflora_scientific_name_exact_to_master,ecoflora:plant_no:1290580010,original_ecoflora_plant_number,ecoflora-uk-flora-snapshot-2020-20260808,seancanobrien/UK_Flora@8e524c994086955bf8f95c5a05213acad1cd1677,data/old_data_scrape.csv,ecoflora_archived_field_value_medium_v1,True,wild_or_unspecified_species_record,codex_gpt5_ecoflora_stratified_record_audit_20260808,2026-08-08T14:15:00Z,accepted_after_exact_species_identity_database_field_value_and_ontology_review
Delairea odorata,floral_structural_complexity,inflorescence_display,composite_display,medium,latest_public_web,ecoflora_via_uk_flora_snapshot,http://ecoflora.org.uk/search_ecochars.php?plant_no=920004362,ecoflora-dd14244f0dea9bda9c82,"Ecological Flora of the British Isles, Ecoflora species record; archived in seancanobrien/UK_Flora@8e524c994086955bf8f95c5a05213acad1cd1677","Ecoflora field ""Inflorescence type"": capitulum",species_direct,ecoflora_scientific_name_exact_to_master,ecoflora:plant_no:920004362,original_ecoflora_plant_number,ecoflora-uk-flora-snapshot-2020-20260808,seancanobrien/UK_Flora@8e524c994086955bf8f95c5a05213acad1cd1677,data/old_data_scrape.csv,ecoflora_archived_field_value_medium_v1,True,wild_or_unspecified_species_record,codex_gpt5_ecoflora_stratified_record_audit_20260808,2026-08-08T14:15:00Z,accepted_after_exact_species_identity_database_field_value_and_ontology_review
Dipsacus laciniatus,floral_structural_complexity,inflorescence_display,composite_display,medium,latest_public_web,ecoflora_via_uk_flora_snapshot,http://ecoflora.org.uk/search_ecochars.php?plant_no=1670030040,ecoflora-55818329ba10d1f0ddf2,"Ecological Flora of the British Isles, Ecoflora species record; archived in seancanobrien/UK_Flora@8e524c994086955bf8f95c5a05213acad1cd1677","Ecoflora field ""Inflorescence type"": capitulum",species_direct,ecoflora_scientific_name_exact_to_master,ecoflora:plant_no:1670030040,original_ecoflora_plant_number,ecoflora-uk-flora-snapshot-2020-20260808,seancanobrien/UK_Flora@8e524c994086955bf8f95c5a05213acad1cd1677,data/old_data_scrape.csv,ecoflora_archived_field_value_medium_v1,True,wild_or_unspecified_species_record,codex_gpt5_ecoflora_stratified_record_audit_20260808,2026-08-08T14:15:00Z,accepted_after_exact_species_identity_database_field_value_and_ontology_review
Draba aizoides,floral_structural_complexity,inflorescence_display,raceme_spike_panicle,medium,latest_public_web,ecoflora_via_uk_flora_snapshot,http://ecoflora.org.uk/search_ecochars.php?plant_no=680590010,ecoflora-72183adf4f38adac8c3a,"Ecological Flora of the British Isles, Ecoflora species record; archived in seancanobrien/UK_Flora@8e524c994086955bf8f95c5a05213acad1cd1677","Ecoflora field ""Inflorescence type"": raceme",species_direct,ecoflora_scientific_name_exact_to_master,ecoflora:plant_no:680590010,original_ecoflora_plant_number,ecoflora-uk-flora-snapshot-2020-20260808,seancanobrien/UK_Flora@8e524c994086955bf8f95c5a05213acad1cd1677,data/old_data_scrape.csv,ecoflora_archived_field_value_medium_v1,True,wild_or_unspecified_species_record,codex_gpt5_ecoflora_stratified_record_audit_20260808,2026-08-08T14:15:00Z,accepted_after_exact_species_identity_database_field_value_and_ontology_review
Epilobium brunnescens,floral_structural_complexity,inflorescence_display,solitary,medium,latest_public_web,ecoflora_via_uk_flora_snapshot,http://ecoflora.org.uk/search_ecochars.php?plant_no=1230050279,ecoflora-700f25a60992743562da,"Ecological Flora of the British Isles, Ecoflora species record; archived in seancanobrien/UK_Flora@8e524c994086955bf8f95c5a05213acad1cd1677","Ecoflora field ""Inflorescence type"": solitary",species_direct,ecoflora_scientific_name_exact_to_master,ecoflora:plant_no:1230050279,original_ecoflora_plant_number,ecoflora-uk-flora-snapshot-2020-20260808,seancanobrien/UK_Flora@8e524c994086955bf8f95c5a05213acad1cd1677,data/old_data_scrape.csv,ecoflora_archived_field_value_medium_v1,True,wild_or_unspecified_species_record,codex_gpt5_ecoflora_stratified_record_audit_20260808,2026-08-08T14:15:00Z,accepted_after_exact_species_identity_database_field_value_and_ontology_review
Euphorbia oblongata,floral_structural_complexity,inflorescence_display,umbel_corymb,medium,latest_public_web,ecoflora_via_uk_flora_snapshot,http://ecoflora.org.uk/search_ecochars.php?plant_no=870070300,ecoflora-11a0c1ed5aa3fc54f67c,"Ecological Flora of the British Isles, Ecoflora species record; archived in seancanobrien/UK_Flora@8e524c994086955bf8f95c5a05213acad1cd1677","Ecoflora field ""Inflorescence type"": cyme",species_direct,ecoflora_scientific_name_exact_to_master,ecoflora:plant_no:870070300,original_ecoflora_plant_number,ecoflora-uk-flora-snapshot-2020-20260808,seancanobrien/UK_Flora@8e524c994086955bf8f95c5a05213acad1cd1677,data/old_data_scrape.csv,ecoflora_archived_field_value_medium_v1,True,wild_or_unspecified_species_record,codex_gpt5_ecoflora_stratified_record_audit_20260808,2026-08-08T14:15:00Z,accepted_after_exact_species_identity_database_field_value_and_ontology_review
Euphrasia arctica,floral_structural_complexity,inflorescence_display,raceme_spike_panicle,medium,latest_public_web,ecoflora_via_uk_flora_snapshot,http://ecoflora.org.uk/search_ecochars.php?plant_no=1540290110,ecoflora-9db5bdd7c0396be9750e,"Ecological Flora of the British Isles, Ecoflora species record; archived in seancanobrien/UK_Flora@8e524c994086955bf8f95c5a05213acad1cd1677","Ecoflora field ""Inflorescence type"": spike",species_direct,ecoflora_scientific_name_exact_to_master,ecoflora:plant_no:1540290110,original_ecoflora_plant_number,ecoflora-uk-flora-snapshot-2020-20260808,seancanobrien/UK_Flora@8e524c994086955bf8f95c5a05213acad1cd1677,data/old_data_scrape.csv,ecoflora_archived_field_value_medium_v1,True,wild_or_unspecified_species_record,codex_gpt5_ecoflora_stratified_record_audit_20260808,2026-08-08T14:15:00Z,accepted_after_exact_species_identity_database_field_value_and_ontology_review
Frankenia laevis,floral_structural_complexity,inflorescence_display,solitary,medium,latest_public_web,ecoflora_via_uk_flora_snapshot,http://ecoflora.org.uk/search_ecochars.php?plant_no=1140010050,ecoflora-d590f49bf99d095d8477,"Ecological Flora of the British Isles, Ecoflora species record; archived in seancanobrien/UK_Flora@8e524c994086955bf8f95c5a05213acad1cd1677","Ecoflora field ""Inflorescence type"": solitary",species_direct,ecoflora_scientific_name_exact_to_master,ecoflora:plant_no:1140010050,original_ecoflora_plant_number,ecoflora-uk-flora-snapshot-2020-20260808,seancanobrien/UK_Flora@8e524c994086955bf8f95c5a05213acad1cd1677,data/old_data_scrape.csv,ecoflora_archived_field_value_medium_v1,True,wild_or_unspecified_species_record,codex_gpt5_ecoflora_stratified_record_audit_20260808,2026-08-08T14:15:00Z,accepted_after_exact_species_identity_database_field_value_and_ontology_review
Fumaria purpurea,floral_structural_complexity,inflorescence_display,raceme_spike_panicle,medium,latest_public_web,ecoflora_via_uk_flora_snapshot,http://ecoflora.org.uk/search_ecochars.php?plant_no=660120110,ecoflora-4c507f085aaec32b1c4a,"Ecological Flora of the British Isles, Ecoflora species record; archived in seancanobrien/UK_Flora@8e524c994086955bf8f95c5a05213acad1cd1677","Ecoflora field ""Inflorescence type"": raceme",species_direct,ecoflora_scientific_name_exact_to_master,ecoflora:plant_no:660120110,original_ecoflora_plant_number,ecoflora-uk-flora-snapshot-2020-20260808,seancanobrien/UK_Flora@8e524c994086955bf8f95c5a05213acad1cd1677,data/old_data_scrape.csv,ecoflora_archived_field_value_medium_v1,True,wild_or_unspecified_species_record,codex_gpt5_ecoflora_stratified_record_audit_20260808,2026-08-08T14:15:00Z,accepted_after_exact_species_identity_database_field_value_and_ontology_review
Geranium purpureum,floral_structural_complexity,inflorescence_display,umbel_corymb,medium,latest_public_web,ecoflora_via_uk_flora_snapshot,http://ecoflora.org.uk/search_ecochars.php?plant_no=830010380,ecoflora-5d089e0747759b204522,"Ecological Flora of the British Isles, Ecoflora species record; archived in seancanobrien/UK_Flora@8e524c994086955bf8f95c5a05213acad1cd1677","Ecoflora field ""Inflorescence type"": cyme",species_direct,ecoflora_scientific_name_exact_to_master,ecoflora:plant_no:830010380,original_ecoflora_plant_number,ecoflora-uk-flora-snapshot-2020-20260808,seancanobrien/UK_Flora@8e524c994086955bf8f95c5a05213acad1cd1677,data/old_data_scrape.csv,ecoflora_archived_field_value_medium_v1,True,wild_or_unspecified_species_record,codex_gpt5_ecoflora_stratified_record_audit_20260808,2026-08-08T14:15:00Z,accepted_after_exact_species_identity_database_field_value_and_ontology_review
Geum urbanum,floral_structural_complexity,inflorescence_display,umbel_corymb,medium,latest_public_web,ecoflora_via_uk_flora_snapshot,http://ecoflora.org.uk/search_ecochars.php?plant_no=800170090,ecoflora-2729ab844fbaec7f6ab9,"Ecological Flora of the British Isles, Ecoflora species record; archived in seancanobrien/UK_Flora@8e524c994086955bf8f95c5a05213acad1cd1677","Ecoflora field ""Inflorescence type"": 5, cyme",species_direct,ecoflora_scientific_name_exact_to_master,ecoflora:plant_no:800170090,original_ecoflora_plant_number,ecoflora-uk-flora-snapshot-2020-20260808,seancanobrien/UK_Flora@8e524c994086955bf8f95c5a05213acad1cd1677,data/old_data_scrape.csv,ecoflora_archived_field_value_medium_v1,True,wild_or_unspecified_species_record,codex_gpt5_ecoflora_stratified_record_audit_20260808,2026-08-08T14:15:00Z,accepted_after_exact_species_identity_database_field_value_and_ontology_review
Hieracium pulmonarioides,floral_structural_complexity,inflorescence_display,composite_display,medium,latest_public_web,ecoflora_via_uk_flora_snapshot,http://ecoflora.org.uk/search_ecochars.php?plant_no=920003168,ecoflora-b0aafa46698c423eb08b,"Ecological Flora of the British Isles, Ecoflora species record; archived in seancanobrien/UK_Flora@8e524c994086955bf8f95c5a05213acad1cd1677","Ecoflora field ""Inflorescence type"": capitulum",species_direct,ecoflora_scientific_name_exact_to_master,ecoflora:plant_no:920003168,original_ecoflora_plant_number,ecoflora-uk-flora-snapshot-2020-20260808,seancanobrien/UK_Flora@8e524c994086955bf8f95c5a05213acad1cd1677,data/old_data_scrape.csv,ecoflora_archived_field_value_medium_v1,True,wild_or_unspecified_species_record,codex_gpt5_ecoflora_stratified_record_audit_20260808,2026-08-08T14:15:00Z,accepted_after_exact_species_identity_database_field_value_and_ontology_review
Iris germanica,floral_structural_complexity,inflorescence_display,umbel_corymb,medium,latest_public_web,ecoflora_via_uk_flora_snapshot,http://ecoflora.org.uk/search_ecochars.php?plant_no=1880030200,ecoflora-a32f38a1b204e5a246b2,"Ecological Flora of the British Isles, Ecoflora species record; archived in seancanobrien/UK_Flora@8e524c994086955bf8f95c5a05213acad1cd1677","Ecoflora field ""Inflorescence type"": cyme",species_direct,ecoflora_scientific_name_exact_to_master,ecoflora:plant_no:1880030200,original_ecoflora_plant_number,ecoflora-uk-flora-snapshot-2020-20260808,seancanobrien/UK_Flora@8e524c994086955bf8f95c5a05213acad1cd1677,data/old_data_scrape.csv,ecoflora_archived_field_value_medium_v1,True,wild_or_unspecified_species_record,codex_gpt5_ecoflora_stratified_record_audit_20260808,2026-08-08T14:15:00Z,accepted_after_exact_species_identity_database_field_value_and_ontology_review
Iris spuria,floral_structural_complexity,inflorescence_display,umbel_corymb,medium,latest_public_web,ecoflora_via_uk_flora_snapshot,http://ecoflora.org.uk/search_ecochars.php?plant_no=1880030080,ecoflora-97eddc9409bcfa2cb23f,"Ecological Flora of the British Isles, Ecoflora species record; archived in seancanobrien/UK_Flora@8e524c994086955bf8f95c5a05213acad1cd1677","Ecoflora field ""Inflorescence type"": cyme",species_direct,ecoflora_scientific_name_exact_to_master,ecoflora:plant_no:1880030080,original_ecoflora_plant_number,ecoflora-uk-flora-snapshot-2020-20260808,seancanobrien/UK_Flora@8e524c994086955bf8f95c5a05213acad1cd1677,data/old_data_scrape.csv,ecoflora_archived_field_value_medium_v1,True,wild_or_unspecified_species_record,codex_gpt5_ecoflora_stratified_record_audit_20260808,2026-08-08T14:15:00Z,accepted_after_exact_species_identity_database_field_value_and_ontology_review
Juncus balticus,floral_structural_complexity,inflorescence_display,umbel_corymb,medium,latest_public_web,ecoflora_via_uk_flora_snapshot,http://ecoflora.org.uk/search_ecochars.php?plant_no=1890010090,ecoflora-5eec10ed9b19fed45cc6,"Ecological Flora of the British Isles, Ecoflora species record; archived in seancanobrien/UK_Flora@8e524c994086955bf8f95c5a05213acad1cd1677","Ecoflora field ""Inflorescence type"": cyme",species_direct,ecoflora_scientific_name_exact_to_master,ecoflora:plant_no:1890010090,original_ecoflora_plant_number,ecoflora-uk-flora-snapshot-2020-20260808,seancanobrien/UK_Flora@8e524c994086955bf8f95c5a05213acad1cd1677,data/old_data_scrape.csv,ecoflora_archived_field_value_medium_v1,True,wild_or_unspecified_species_record,codex_gpt5_ecoflora_stratified_record_audit_20260808,2026-08-08T14:15:00Z,accepted_after_exact_species_identity_database_field_value_and_ontology_review
Laurus nobilis,floral_structural_complexity,inflorescence_display,solitary,medium,latest_public_web,ecoflora_via_uk_flora_snapshot,http://ecoflora.org.uk/search_ecochars.php?plant_no=650010010,ecoflora-cf972a5b6e2d623cd8fb,"Ecological Flora of the British Isles, Ecoflora species record; archived in seancanobrien/UK_Flora@8e524c994086955bf8f95c5a05213acad1cd1677","Ecoflora field ""Inflorescence type"": solitary",species_direct,ecoflora_scientific_name_exact_to_master,ecoflora:plant_no:650010010,original_ecoflora_plant_number,ecoflora-uk-flora-snapshot-2020-20260808,seancanobrien/UK_Flora@8e524c994086955bf8f95c5a05213acad1cd1677,data/old_data_scrape.csv,ecoflora_archived_field_value_medium_v1,True,wild_or_unspecified_species_record,codex_gpt5_ecoflora_stratified_record_audit_20260808,2026-08-08T14:15:00Z,accepted_after_exact_species_identity_database_field_value_and_ontology_review
Lemna minor,floral_structural_complexity,inflorescence_display,solitary,medium,latest_public_web,ecoflora_via_uk_flora_snapshot,http://ecoflora.org.uk/search_ecochars.php?plant_no=1960020030,ecoflora-fb822f2ac4bfe2ea038e,"Ecological Flora of the British Isles, Ecoflora species record; archived in seancanobrien/UK_Flora@8e524c994086955bf8f95c5a05213acad1cd1677","Ecoflora field ""Inflorescence type"": solitary",species_direct,ecoflora_scientific_name_exact_to_master,ecoflora:plant_no:1960020030,original_ecoflora_plant_number,ecoflora-uk-flora-snapshot-2020-20260808,seancanobrien/UK_Flora@8e524c994086955bf8f95c5a05213acad1cd1677,data/old_data_scrape.csv,ecoflora_archived_field_value_medium_v1,True,wild_or_unspecified_species_record,codex_gpt5_ecoflora_stratified_record_audit_20260808,2026-08-08T14:15:00Z,accepted_after_exact_species_identity_database_field_value_and_ontology_review
Leontodon autumnalis,floral_structural_complexity,inflorescence_display,composite_display,medium,latest_public_web,ecoflora_via_uk_flora_snapshot,http://ecoflora.org.uk/search_ecochars.php?plant_no=1691590040,ecoflora-9c662e17637c8c2861b4,"Ecological Flora of the British Isles, Ecoflora species record; archived in seancanobrien/UK_Flora@8e524c994086955bf8f95c5a05213acad1cd1677","Ecoflora field ""Inflorescence type"": capitulum",species_direct,ecoflora_scientific_name_exact_to_master,ecoflora:plant_no:1691590040,original_ecoflora_plant_number,ecoflora-uk-flora-snapshot-2020-20260808,seancanobrien/UK_Flora@8e524c994086955bf8f95c5a05213acad1cd1677,data/old_data_scrape.csv,ecoflora_archived_field_value_medium_v1,True,wild_or_unspecified_species_record,codex_gpt5_ecoflora_stratified_record_audit_20260808,2026-08-08T14:15:00Z,accepted_after_exact_species_identity_database_field_value_and_ontology_review
Linaria maroccana,floral_structural_complexity,inflorescence_display,raceme_spike_panicle,medium,latest_public_web,ecoflora_via_uk_flora_snapshot,http://ecoflora.org.uk/search_ecochars.php?plant_no=920008116,ecoflora-2bde4a243d06db4140cb,"Ecological Flora of the British Isles, Ecoflora species record; archived in seancanobrien/UK_Flora@8e524c994086955bf8f95c5a05213acad1cd1677","Ecoflora field ""Inflorescence type"": raceme",species_direct,ecoflora_scientific_name_exact_to_master,ecoflora:plant_no:920008116,original_ecoflora_plant_number,ecoflora-uk-flora-snapshot-2020-20260808,seancanobrien/UK_Flora@8e524c994086955bf8f95c5a05213acad1cd1677,data/old_data_scrape.csv,ecoflora_archived_field_value_medium_v1,True,wild_or_unspecified_species_record,codex_gpt5_ecoflora_stratified_record_audit_20260808,2026-08-08T14:15:00Z,accepted_after_exact_species_identity_database_field_value_and_ontology_review
Linum perenne,floral_structural_complexity,inflorescence_display,umbel_corymb,medium,latest_public_web,ecoflora_via_uk_flora_snapshot,http://ecoflora.org.uk/search_ecochars.php?plant_no=860010180,ecoflora-bb69bcebbffe7338cb3d,"Ecological Flora of the British Isles, Ecoflora species record; archived in seancanobrien/UK_Flora@8e524c994086955bf8f95c5a05213acad1cd1677","Ecoflora field ""Inflorescence type"": 1.75, cyme",species_direct,ecoflora_scientific_name_exact_to_master,ecoflora:plant_no:860010180,original_ecoflora_plant_number,ecoflora-uk-flora-snapshot-2020-20260808,seancanobrien/UK_Flora@8e524c994086955bf8f95c5a05213acad1cd1677,data/old_data_scrape.csv,ecoflora_archived_field_value_medium_v1,True,wild_or_unspecified_species_record,codex_gpt5_ecoflora_stratified_record_audit_20260808,2026-08-08T14:15:00Z,accepted_after_exact_species_identity_database_field_value_and_ontology_review
Lupinus arboreus,floral_structural_complexity,inflorescence_display,raceme_spike_panicle,medium,latest_public_web,ecoflora_via_uk_flora_snapshot,http://ecoflora.org.uk/search_ecochars.php?plant_no=810280100,ecoflora-60c1df8ea40815e7cb6e,"Ecological Flora of the British Isles, Ecoflora species record; archived in seancanobrien/UK_Flora@8e524c994086955bf8f95c5a05213acad1cd1677","Ecoflora field ""Inflorescence type"": raceme",species_direct,ecoflora_scientific_name_exact_to_master,ecoflora:plant_no:810280100,original_ecoflora_plant_number,ecoflora-uk-flora-snapshot-2020-20260808,seancanobrien/UK_Flora@8e524c994086955bf8f95c5a05213acad1cd1677,data/old_data_scrape.csv,ecoflora_archived_field_value_medium_v1,True,wild_or_unspecified_species_record,codex_gpt5_ecoflora_stratified_record_audit_20260808,2026-08-08T14:15:00Z,accepted_after_exact_species_identity_database_field_value_and_ontology_review
Luzula arcuata,floral_structural_complexity,inflorescence_display,umbel_corymb,medium,latest_public_web,ecoflora_via_uk_flora_snapshot,http://ecoflora.org.uk/search_ecochars.php?plant_no=1890020050,ecoflora-5eb9b333b4dc032444a6,"Ecological Flora of the British Isles, Ecoflora species record; archived in seancanobrien/UK_Flora@8e524c994086955bf8f95c5a05213acad1cd1677","Ecoflora field ""Inflorescence type"": cyme",species_direct,ecoflora_scientific_name_exact_to_master,ecoflora:plant_no:1890020050,original_ecoflora_plant_number,ecoflora-uk-flora-snapshot-2020-20260808,seancanobrien/UK_Flora@8e524c994086955bf8f95c5a05213acad1cd1677,data/old_data_scrape.csv,ecoflora_archived_field_value_medium_v1,True,wild_or_unspecified_species_record,codex_gpt5_ecoflora_stratified_record_audit_20260808,2026-08-08T14:15:00Z,accepted_after_exact_species_identity_database_field_value_and_ontology_review
Luzula sylvatica,floral_structural_complexity,inflorescence_display,umbel_corymb,medium,latest_public_web,ecoflora_via_uk_flora_snapshot,http://ecoflora.org.uk/search_ecochars.php?plant_no=1890020150,ecoflora-35b217e2818e998b8c3a,"Ecological Flora of the British Isles, Ecoflora species record; archived in seancanobrien/UK_Flora@8e524c994086955bf8f95c5a05213acad1cd1677","Ecoflora field ""Inflorescence type"": cyme",species_direct,ecoflora_scientific_name_exact_to_master,ecoflora:plant_no:1890020150,original_ecoflora_plant_number,ecoflora-uk-flora-snapshot-2020-20260808,seancanobrien/UK_Flora@8e524c994086955bf8f95c5a05213acad1cd1677,data/old_data_scrape.csv,ecoflora_archived_field_value_medium_v1,True,wild_or_unspecified_species_record,codex_gpt5_ecoflora_stratified_record_audit_20260808,2026-08-08T14:15:00Z,accepted_after_exact_species_identity_database_field_value_and_ontology_review
Matthiola sinuata,floral_structural_complexity,inflorescence_display,raceme_spike_panicle,medium,latest_public_web,ecoflora_via_uk_flora_snapshot,http://ecoflora.org.uk/search_ecochars.php?plant_no=680290020,ecoflora-39810f32d2ea2d78100c,"Ecological Flora of the British Isles, Ecoflora species record; archived in seancanobrien/UK_Flora@8e524c994086955bf8f95c5a05213acad1cd1677","Ecoflora field ""Inflorescence type"": raceme",species_direct,ecoflora_scientific_name_exact_to_master,ecoflora:plant_no:680290020,original_ecoflora_plant_number,ecoflora-uk-flora-snapshot-2020-20260808,seancanobrien/UK_Flora@8e524c994086955bf8f95c5a05213acad1cd1677,data/old_data_scrape.csv,ecoflora_archived_field_value_medium_v1,True,wild_or_unspecified_species_record,codex_gpt5_ecoflora_stratified_record_audit_20260808,2026-08-08T14:15:00Z,accepted_after_exact_species_identity_database_field_value_and_ontology_review
Monsonia brevirostrata,floral_structural_complexity,inflorescence_display,umbel_corymb,medium,latest_public_web,ecoflora_via_uk_flora_snapshot,http://ecoflora.org.uk/search_ecochars.php?plant_no=920008139,ecoflora-12ee87b231eb7729c4aa,"Ecological Flora of the British Isles, Ecoflora species record; archived in seancanobrien/UK_Flora@8e524c994086955bf8f95c5a05213acad1cd1677","Ecoflora field ""Inflorescence type"": cyme",species_direct,ecoflora_scientific_name_exact_to_master,ecoflora:plant_no:920008139,original_ecoflora_plant_number,ecoflora-uk-flora-snapshot-2020-20260808,seancanobrien/UK_Flora@8e524c994086955bf8f95c5a05213acad1cd1677,data/old_data_scrape.csv,ecoflora_archived_field_value_medium_v1,True,wild_or_unspecified_species_record,codex_gpt5_ecoflora_stratified_record_audit_20260808,2026-08-08T14:15:00Z,accepted_after_exact_species_identity_database_field_value_and_ontology_review
Myosotis sylvatica,floral_structural_complexity,inflorescence_display,umbel_corymb,medium,latest_public_web,ecoflora_via_uk_flora_snapshot,http://ecoflora.org.uk/search_ecochars.php?plant_no=1480290170,ecoflora-e44fe5eb56c349986593,"Ecological Flora of the British Isles, Ecoflora species record; archived in seancanobrien/UK_Flora@8e524c994086955bf8f95c5a05213acad1cd1677","Ecoflora field ""Inflorescence type"": cyme",species_direct,ecoflora_scientific_name_exact_to_master,ecoflora:plant_no:1480290170,original_ecoflora_plant_number,ecoflora-uk-flora-snapshot-2020-20260808,seancanobrien/UK_Flora@8e524c994086955bf8f95c5a05213acad1cd1677,data/old_data_scrape.csv,ecoflora_archived_field_value_medium_v1,True,wild_or_unspecified_species_record,codex_gpt5_ecoflora_stratified_record_audit_20260808,2026-08-08T14:15:00Z,accepted_after_exact_species_identity_database_field_value_and_ontology_review
Myriophyllum aquaticum,floral_structural_complexity,inflorescence_display,raceme_spike_panicle,medium,latest_public_web,ecoflora_via_uk_flora_snapshot,http://ecoflora.org.uk/search_ecochars.php?plant_no=920004433,ecoflora-4480e5ef9bf7dc01d724,"Ecological Flora of the British Isles, Ecoflora species record; archived in seancanobrien/UK_Flora@8e524c994086955bf8f95c5a05213acad1cd1677","Ecoflora field ""Inflorescence type"": spike",species_direct,ecoflora_scientific_name_exact_to_master,ecoflora:plant_no:920004433,original_ecoflora_plant_number,ecoflora-uk-flora-snapshot-2020-20260808,seancanobrien/UK_Flora@8e524c994086955bf8f95c5a05213acad1cd1677,data/old_data_scrape.csv,ecoflora_archived_field_value_medium_v1,True,wild_or_unspecified_species_record,codex_gpt5_ecoflora_stratified_record_audit_20260808,2026-08-08T14:15:00Z,accepted_after_exact_species_identity_database_field_value_and_ontology_review
Oenanthe fluviatilis,floral_structural_complexity,inflorescence_display,umbel_corymb,medium,latest_public_web,ecoflora_via_uk_flora_snapshot,http://ecoflora.org.uk/search_ecochars.php?plant_no=1290330120,ecoflora-54ac29f4a8156573148b,"Ecological Flora of the British Isles, Ecoflora species record; archived in seancanobrien/UK_Flora@8e524c994086955bf8f95c5a05213acad1cd1677","Ecoflora field ""Inflorescence type"": umbel",species_direct,ecoflora_scientific_name_exact_to_master,ecoflora:plant_no:1290330120,original_ecoflora_plant_number,ecoflora-uk-flora-snapshot-2020-20260808,seancanobrien/UK_Flora@8e524c994086955bf8f95c5a05213acad1cd1677,data/old_data_scrape.csv,ecoflora_archived_field_value_medium_v1,True,wild_or_unspecified_species_record,codex_gpt5_ecoflora_stratified_record_audit_20260808,2026-08-08T14:15:00Z,accepted_after_exact_species_identity_database_field_value_and_ontology_review
Oxalis exilis,floral_structural_complexity,inflorescence_display,solitary,medium,latest_public_web,ecoflora_via_uk_flora_snapshot,http://ecoflora.org.uk/search_ecochars.php?plant_no=820010020,ecoflora-87a5f85d02c846ae0a30,"Ecological Flora of the British Isles, Ecoflora species record; archived in seancanobrien/UK_Flora@8e524c994086955bf8f95c5a05213acad1cd1677","Ecoflora field ""Inflorescence type"": solitary",species_direct,ecoflora_scientific_name_exact_to_master,ecoflora:plant_no:820010020,original_ecoflora_plant_number,ecoflora-uk-flora-snapshot-2020-20260808,seancanobrien/UK_Flora@8e524c994086955bf8f95c5a05213acad1cd1677,data/old_data_scrape.csv,ecoflora_archived_field_value_medium_v1,True,wild_or_unspecified_species_record,codex_gpt5_ecoflora_stratified_record_audit_20260808,2026-08-08T14:15:00Z,accepted_after_exact_species_identity_database_field_value_and_ontology_review
Oxytropis campestris,floral_structural_complexity,inflorescence_display,raceme_spike_panicle,medium,latest_public_web,ecoflora_via_uk_flora_snapshot,http://ecoflora.org.uk/search_ecochars.php?plant_no=810390110,ecoflora-d3046a05497dc76a706b,"Ecological Flora of the British Isles, Ecoflora species record; archived in seancanobrien/UK_Flora@8e524c994086955bf8f95c5a05213acad1cd1677","Ecoflora field ""Inflorescence type"": raceme",species_direct,ecoflora_scientific_name_exact_to_master,ecoflora:plant_no:810390110,original_ecoflora_plant_number,ecoflora-uk-flora-snapshot-2020-20260808,seancanobrien/UK_Flora@8e524c994086955bf8f95c5a05213acad1cd1677,data/old_data_scrape.csv,ecoflora_archived_field_value_medium_v1,True,wild_or_unspecified_species_record,codex_gpt5_ecoflora_stratified_record_audit_20260808,2026-08-08T14:15:00Z,accepted_after_exact_species_identity_database_field_value_and_ontology_review
Petrorhagia saxifraga,floral_structural_complexity,inflorescence_display,solitary,medium,latest_public_web,ecoflora_via_uk_flora_snapshot,http://ecoflora.org.uk/search_ecochars.php?plant_no=570350090,ecoflora-81033e0e0941023c9033,"Ecological Flora of the British Isles, Ecoflora species record; archived in seancanobrien/UK_Flora@8e524c994086955bf8f95c5a05213acad1cd1677","Ecoflora field ""Inflorescence type"": solitary",species_direct,ecoflora_scientific_name_exact_to_master,ecoflora:plant_no:570350090,original_ecoflora_plant_number,ecoflora-uk-flora-snapshot-2020-20260808,seancanobrien/UK_Flora@8e524c994086955bf8f95c5a05213acad1cd1677,data/old_data_scrape.csv,ecoflora_archived_field_value_medium_v1,True,wild_or_unspecified_species_record,codex_gpt5_ecoflora_stratified_record_audit_20260808,2026-08-08T14:15:00Z,accepted_after_exact_species_identity_database_field_value_and_ontology_review
Plagiobothrys scouleri,floral_structural_complexity,inflorescence_display,umbel_corymb,medium,latest_public_web,ecoflora_via_uk_flora_snapshot,http://ecoflora.org.uk/search_ecochars.php?plant_no=7493,ecoflora-a7e79020ab42918dd7ba,"Ecological Flora of the British Isles, Ecoflora species record; archived in seancanobrien/UK_Flora@8e524c994086955bf8f95c5a05213acad1cd1677","Ecoflora field ""Inflorescence type"": cyme",species_direct,ecoflora_scientific_name_exact_to_master,ecoflora:plant_no:7493,original_ecoflora_plant_number,ecoflora-uk-flora-snapshot-2020-20260808,seancanobrien/UK_Flora@8e524c994086955bf8f95c5a05213acad1cd1677,data/old_data_scrape.csv,ecoflora_archived_field_value_medium_v1,True,wild_or_unspecified_species_record,codex_gpt5_ecoflora_stratified_record_audit_20260808,2026-08-08T14:15:00Z,accepted_after_exact_species_identity_database_field_value_and_ontology_review
Potamogeton epihydrus,floral_structural_complexity,inflorescence_display,raceme_spike_panicle,medium,latest_public_web,ecoflora_via_uk_flora_snapshot,http://ecoflora.org.uk/search_ecochars.php?plant_no=1770010100,ecoflora-25843fd9d13e4bc8fba8,"Ecological Flora of the British Isles, Ecoflora species record; archived in seancanobrien/UK_Flora@8e524c994086955bf8f95c5a05213acad1cd1677","Ecoflora field ""Inflorescence type"": spike",species_direct,ecoflora_scientific_name_exact_to_master,ecoflora:plant_no:1770010100,original_ecoflora_plant_number,ecoflora-uk-flora-snapshot-2020-20260808,seancanobrien/UK_Flora@8e524c994086955bf8f95c5a05213acad1cd1677,data/old_data_scrape.csv,ecoflora_archived_field_value_medium_v1,True,wild_or_unspecified_species_record,codex_gpt5_ecoflora_stratified_record_audit_20260808,2026-08-08T14:15:00Z,accepted_after_exact_species_identity_database_field_value_and_ontology_review
Potentilla erecta,floral_structural_complexity,inflorescence_display,umbel_corymb,medium,latest_public_web,ecoflora_via_uk_flora_snapshot,http://ecoflora.org.uk/search_ecochars.php?plant_no=800190520,ecoflora-64f8ba1041b651171928,"Ecological Flora of the British Isles, Ecoflora species record; archived in seancanobrien/UK_Flora@8e524c994086955bf8f95c5a05213acad1cd1677","Ecoflora field ""Inflorescence type"": cyme",species_direct,ecoflora_scientific_name_exact_to_master,ecoflora:plant_no:800190520,original_ecoflora_plant_number,ecoflora-uk-flora-snapshot-2020-20260808,seancanobrien/UK_Flora@8e524c994086955bf8f95c5a05213acad1cd1677,data/old_data_scrape.csv,ecoflora_archived_field_value_medium_v1,True,wild_or_unspecified_species_record,codex_gpt5_ecoflora_stratified_record_audit_20260808,2026-08-08T14:15:00Z,accepted_after_exact_species_identity_database_field_value_and_ontology_review
Potentilla sterilis,floral_structural_complexity,inflorescence_display,umbel_corymb,medium,latest_public_web,ecoflora_via_uk_flora_snapshot,http://ecoflora.org.uk/search_ecochars.php?plant_no=800190720,ecoflora-b08bd52d0ea0c268e238,"Ecological Flora of the British Isles, Ecoflora species record; archived in seancanobrien/UK_Flora@8e524c994086955bf8f95c5a05213acad1cd1677","Ecoflora field ""Inflorescence type"": cyme",species_direct,ecoflora_scientific_name_exact_to_master,ecoflora:plant_no:800190720,original_ecoflora_plant_number,ecoflora-uk-flora-snapshot-2020-20260808,seancanobrien/UK_Flora@8e524c994086955bf8f95c5a05213acad1cd1677,data/old_data_scrape.csv,ecoflora_archived_field_value_medium_v1,True,wild_or_unspecified_species_record,codex_gpt5_ecoflora_stratified_record_audit_20260808,2026-08-08T14:15:00Z,accepted_after_exact_species_identity_database_field_value_and_ontology_review
Prunus incisa,floral_structural_complexity,inflorescence_display,umbel_corymb,medium,latest_public_web,ecoflora_via_uk_flora_snapshot,http://ecoflora.org.uk/search_ecochars.php?plant_no=7506,ecoflora-6a178f54c7e96683a34e,"Ecological Flora of the British Isles, Ecoflora species record; archived in seancanobrien/UK_Flora@8e524c994086955bf8f95c5a05213acad1cd1677","Ecoflora field ""Inflorescence type"": umbel",species_direct,ecoflora_scientific_name_exact_to_master,ecoflora:plant_no:7506,original_ecoflora_plant_number,ecoflora-uk-flora-snapshot-2020-20260808,seancanobrien/UK_Flora@8e524c994086955bf8f95c5a05213acad1cd1677,data/old_data_scrape.csv,ecoflora_archived_field_value_medium_v1,True,wild_or_unspecified_species_record,codex_gpt5_ecoflora_stratified_record_audit_20260808,2026-08-08T14:15:00Z,accepted_after_exact_species_identity_database_field_value_and_ontology_review
Prunus lusitanica,floral_structural_complexity,inflorescence_display,raceme_spike_panicle,medium,latest_public_web,ecoflora_via_uk_flora_snapshot,http://ecoflora.org.uk/search_ecochars.php?plant_no=800350200,ecoflora-f8eb3bebda91c2e66ca7,"Ecological Flora of the British Isles, Ecoflora species record; archived in seancanobrien/UK_Flora@8e524c994086955bf8f95c5a05213acad1cd1677","Ecoflora field ""Inflorescence type"": raceme",species_direct,ecoflora_scientific_name_exact_to_master,ecoflora:plant_no:800350200,original_ecoflora_plant_number,ecoflora-uk-flora-snapshot-2020-20260808,seancanobrien/UK_Flora@8e524c994086955bf8f95c5a05213acad1cd1677,data/old_data_scrape.csv,ecoflora_archived_field_value_medium_v1,True,wild_or_unspecified_species_record,codex_gpt5_ecoflora_stratified_record_audit_20260808,2026-08-08T14:15:00Z,accepted_after_exact_species_identity_database_field_value_and_ontology_review
Radiola linoides,floral_structural_complexity,inflorescence_display,umbel_corymb,medium,latest_public_web,ecoflora_via_uk_flora_snapshot,http://ecoflora.org.uk/search_ecochars.php?plant_no=860020010,ecoflora-1201b2a62a8271e29e5b,"Ecological Flora of the British Isles, Ecoflora species record; archived in seancanobrien/UK_Flora@8e524c994086955bf8f95c5a05213acad1cd1677","Ecoflora field ""Inflorescence type"": cyme",species_direct,ecoflora_scientific_name_exact_to_master,ecoflora:plant_no:860020010,original_ecoflora_plant_number,ecoflora-uk-flora-snapshot-2020-20260808,seancanobrien/UK_Flora@8e524c994086955bf8f95c5a05213acad1cd1677,data/old_data_scrape.csv,ecoflora_archived_field_value_medium_v1,True,wild_or_unspecified_species_record,codex_gpt5_ecoflora_stratified_record_audit_20260808,2026-08-08T14:15:00Z,accepted_after_exact_species_identity_database_field_value_and_ontology_review
Ranunculus sardous,floral_structural_complexity,inflorescence_display,raceme_spike_panicle,medium,latest_public_web,ecoflora_via_uk_flora_snapshot,http://ecoflora.org.uk/search_ecochars.php?plant_no=610190320,ecoflora-f75225fe06f31c688568,"Ecological Flora of the British Isles, Ecoflora species record; archived in seancanobrien/UK_Flora@8e524c994086955bf8f95c5a05213acad1cd1677","Ecoflora field ""Inflorescence type"": panicle",species_direct,ecoflora_scientific_name_exact_to_master,ecoflora:plant_no:610190320,original_ecoflora_plant_number,ecoflora-uk-flora-snapshot-2020-20260808,seancanobrien/UK_Flora@8e524c994086955bf8f95c5a05213acad1cd1677,data/old_data_scrape.csv,ecoflora_archived_field_value_medium_v1,True,wild_or_unspecified_species_record,codex_gpt5_ecoflora_stratified_record_audit_20260808,2026-08-08T14:15:00Z,accepted_after_exact_species_identity_database_field_value_and_ontology_review
Salicornia europaea,floral_structural_complexity,inflorescence_display,raceme_spike_panicle,medium,latest_public_web,ecoflora_via_uk_flora_snapshot,http://ecoflora.org.uk/search_ecochars.php?plant_no=480210010,ecoflora-2e60078a140cc16b2dd5,"Ecological Flora of the British Isles, Ecoflora species record; archived in seancanobrien/UK_Flora@8e524c994086955bf8f95c5a05213acad1cd1677","Ecoflora field ""Inflorescence type"": spike",species_direct,ecoflora_scientific_name_exact_to_master,ecoflora:plant_no:480210010,original_ecoflora_plant_number,ecoflora-uk-flora-snapshot-2020-20260808,seancanobrien/UK_Flora@8e524c994086955bf8f95c5a05213acad1cd1677,data/old_data_scrape.csv,ecoflora_archived_field_value_medium_v1,True,wild_or_unspecified_species_record,codex_gpt5_ecoflora_stratified_record_audit_20260808,2026-08-08T14:15:00Z,accepted_after_exact_species_identity_database_field_value_and_ontology_review
Salix phylicifolia,floral_structural_complexity,inflorescence_display,raceme_spike_panicle,medium,latest_public_web,ecoflora_via_uk_flora_snapshot,http://ecoflora.org.uk/search_ecochars.php?plant_no=310010250,ecoflora-42d8194d37aab2511743,"Ecological Flora of the British Isles, Ecoflora species record; archived in seancanobrien/UK_Flora@8e524c994086955bf8f95c5a05213acad1cd1677","Ecoflora field ""Inflorescence type"": catkin",species_direct,ecoflora_scientific_name_exact_to_master,ecoflora:plant_no:310010250,original_ecoflora_plant_number,ecoflora-uk-flora-snapshot-2020-20260808,seancanobrien/UK_Flora@8e524c994086955bf8f95c5a05213acad1cd1677,data/old_data_scrape.csv,ecoflora_archived_field_value_medium_v1,True,wild_or_unspecified_species_record,codex_gpt5_ecoflora_stratified_record_audit_20260808,2026-08-08T14:15:00Z,accepted_after_exact_species_identity_database_field_value_and_ontology_review
Sanguisorba canadensis,floral_structural_complexity,inflorescence_display,raceme_spike_panicle,medium,latest_public_web,ecoflora_via_uk_flora_snapshot,http://ecoflora.org.uk/search_ecochars.php?plant_no=920007561,ecoflora-b30c8f29548b653986d6,"Ecological Flora of the British Isles, Ecoflora species record; archived in seancanobrien/UK_Flora@8e524c994086955bf8f95c5a05213acad1cd1677","Ecoflora field ""Inflorescence type"": spike",species_direct,ecoflora_scientific_name_exact_to_master,ecoflora:plant_no:920007561,original_ecoflora_plant_number,ecoflora-uk-flora-snapshot-2020-20260808,seancanobrien/UK_Flora@8e524c994086955bf8f95c5a05213acad1cd1677,data/old_data_scrape.csv,ecoflora_archived_field_value_medium_v1,True,wild_or_unspecified_species_record,codex_gpt5_ecoflora_stratified_record_audit_20260808,2026-08-08T14:15:00Z,accepted_after_exact_species_identity_database_field_value_and_ontology_review
Saxifraga rosacea,floral_structural_complexity,inflorescence_display,umbel_corymb,medium,latest_public_web,ecoflora_via_uk_flora_snapshot,http://ecoflora.org.uk/search_ecochars.php?plant_no=730010700,ecoflora-cbaab9115650349e2d00,"Ecological Flora of the British Isles, Ecoflora species record; archived in seancanobrien/UK_Flora@8e524c994086955bf8f95c5a05213acad1cd1677","Ecoflora field ""Inflorescence type"": cyme",species_direct,ecoflora_scientific_name_exact_to_master,ecoflora:plant_no:730010700,original_ecoflora_plant_number,ecoflora-uk-flora-snapshot-2020-20260808,seancanobrien/UK_Flora@8e524c994086955bf8f95c5a05213acad1cd1677,data/old_data_scrape.csv,ecoflora_archived_field_value_medium_v1,True,wild_or_unspecified_species_record,codex_gpt5_ecoflora_stratified_record_audit_20260808,2026-08-08T14:15:00Z,accepted_after_exact_species_identity_database_field_value_and_ontology_review
Saxifraga spathularis,floral_structural_complexity,inflorescence_display,raceme_spike_panicle,medium,latest_public_web,ecoflora_via_uk_flora_snapshot,http://ecoflora.org.uk/search_ecochars.php?plant_no=730010080,ecoflora-5450e1855da0a132ff67,"Ecological Flora of the British Isles, Ecoflora species record; archived in seancanobrien/UK_Flora@8e524c994086955bf8f95c5a05213acad1cd1677","Ecoflora field ""Inflorescence type"": panicle",species_direct,ecoflora_scientific_name_exact_to_master,ecoflora:plant_no:730010080,original_ecoflora_plant_number,ecoflora-uk-flora-snapshot-2020-20260808,seancanobrien/UK_Flora@8e524c994086955bf8f95c5a05213acad1cd1677,data/old_data_scrape.csv,ecoflora_archived_field_value_medium_v1,True,wild_or_unspecified_species_record,codex_gpt5_ecoflora_stratified_record_audit_20260808,2026-08-08T14:15:00Z,accepted_after_exact_species_identity_database_field_value_and_ontology_review
Sisyrinchium striatum,floral_structural_complexity,inflorescence_display,umbel_corymb,medium,latest_public_web,ecoflora_via_uk_flora_snapshot,http://ecoflora.org.uk/search_ecochars.php?plant_no=920007587,ecoflora-5e740a12d07564c68d2f,"Ecological Flora of the British Isles, Ecoflora species record; archived in seancanobrien/UK_Flora@8e524c994086955bf8f95c5a05213acad1cd1677","Ecoflora field ""Inflorescence type"": cyme",species_direct,ecoflora_scientific_name_exact_to_master,ecoflora:plant_no:920007587,original_ecoflora_plant_number,ecoflora-uk-flora-snapshot-2020-20260808,seancanobrien/UK_Flora@8e524c994086955bf8f95c5a05213acad1cd1677,data/old_data_scrape.csv,ecoflora_archived_field_value_medium_v1,True,wild_or_unspecified_species_record,codex_gpt5_ecoflora_stratified_record_audit_20260808,2026-08-08T14:15:00Z,accepted_after_exact_species_identity_database_field_value_and_ontology_review
Smyrnium olusatrum,floral_structural_complexity,inflorescence_display,umbel_corymb,medium,latest_public_web,ecoflora_via_uk_flora_snapshot,http://ecoflora.org.uk/search_ecochars.php?plant_no=1290200010,ecoflora-ff135def85cb4441ad89,"Ecological Flora of the British Isles, Ecoflora species record; archived in seancanobrien/UK_Flora@8e524c994086955bf8f95c5a05213acad1cd1677","Ecoflora field ""Inflorescence type"": umbel",species_direct,ecoflora_scientific_name_exact_to_master,ecoflora:plant_no:1290200010,original_ecoflora_plant_number,ecoflora-uk-flora-snapshot-2020-20260808,seancanobrien/UK_Flora@8e524c994086955bf8f95c5a05213acad1cd1677,data/old_data_scrape.csv,ecoflora_archived_field_value_medium_v1,True,wild_or_unspecified_species_record,codex_gpt5_ecoflora_stratified_record_audit_20260808,2026-08-08T14:15:00Z,accepted_after_exact_species_identity_database_field_value_and_ontology_review
Spergularia rupicola,floral_structural_complexity,inflorescence_display,umbel_corymb,medium,latest_public_web,ecoflora_via_uk_flora_snapshot,http://ecoflora.org.uk/search_ecochars.php?plant_no=570230030,ecoflora-cc44660efc23c9bd53b3,"Ecological Flora of the British Isles, Ecoflora species record; archived in seancanobrien/UK_Flora@8e524c994086955bf8f95c5a05213acad1cd1677","Ecoflora field ""Inflorescence type"": cyme",species_direct,ecoflora_scientific_name_exact_to_master,ecoflora:plant_no:570230030,original_ecoflora_plant_number,ecoflora-uk-flora-snapshot-2020-20260808,seancanobrien/UK_Flora@8e524c994086955bf8f95c5a05213acad1cd1677,data/old_data_scrape.csv,ecoflora_archived_field_value_medium_v1,True,wild_or_unspecified_species_record,codex_gpt5_ecoflora_stratified_record_audit_20260808,2026-08-08T14:15:00Z,accepted_after_exact_species_identity_database_field_value_and_ontology_review
Spirodela polyrhiza,floral_structural_complexity,inflorescence_display,solitary,medium,latest_public_web,ecoflora_via_uk_flora_snapshot,http://ecoflora.org.uk/search_ecochars.php?plant_no=1960030018,ecoflora-f971e4064293c3f5e4c5,"Ecological Flora of the British Isles, Ecoflora species record; archived in seancanobrien/UK_Flora@8e524c994086955bf8f95c5a05213acad1cd1677","Ecoflora field ""Inflorescence type"": solitary",species_direct,ecoflora_scientific_name_exact_to_master,ecoflora:plant_no:1960030018,original_ecoflora_plant_number,ecoflora-uk-flora-snapshot-2020-20260808,seancanobrien/UK_Flora@8e524c994086955bf8f95c5a05213acad1cd1677,data/old_data_scrape.csv,ecoflora_archived_field_value_medium_v1,True,wild_or_unspecified_species_record,codex_gpt5_ecoflora_stratified_record_audit_20260808,2026-08-08T14:15:00Z,accepted_after_exact_species_identity_database_field_value_and_ontology_review
Subularia aquatica,floral_structural_complexity,inflorescence_display,raceme_spike_panicle,medium,latest_public_web,ecoflora_via_uk_flora_snapshot,http://ecoflora.org.uk/search_ecochars.php?plant_no=680830010,ecoflora-d511c81218cee702a337,"Ecological Flora of the British Isles, Ecoflora species record; archived in seancanobrien/UK_Flora@8e524c994086955bf8f95c5a05213acad1cd1677","Ecoflora field ""Inflorescence type"": raceme",species_direct,ecoflora_scientific_name_exact_to_master,ecoflora:plant_no:680830010,original_ecoflora_plant_number,ecoflora-uk-flora-snapshot-2020-20260808,seancanobrien/UK_Flora@8e524c994086955bf8f95c5a05213acad1cd1677,data/old_data_scrape.csv,ecoflora_archived_field_value_medium_v1,True,wild_or_unspecified_species_record,codex_gpt5_ecoflora_stratified_record_audit_20260808,2026-08-08T14:15:00Z,accepted_after_exact_species_identity_database_field_value_and_ontology_review
Tradescantia fluminensis,floral_structural_complexity,inflorescence_display,umbel_corymb,medium,latest_public_web,ecoflora_via_uk_flora_snapshot,http://ecoflora.org.uk/search_ecochars.php?plant_no=1910010020,ecoflora-8fcaab7e4c1c1dff4743,"Ecological Flora of the British Isles, Ecoflora species record; archived in seancanobrien/UK_Flora@8e524c994086955bf8f95c5a05213acad1cd1677","Ecoflora field ""Inflorescence type"": cyme",species_direct,ecoflora_scientific_name_exact_to_master,ecoflora:plant_no:1910010020,original_ecoflora_plant_number,ecoflora-uk-flora-snapshot-2020-20260808,seancanobrien/UK_Flora@8e524c994086955bf8f95c5a05213acad1cd1677,data/old_data_scrape.csv,ecoflora_archived_field_value_medium_v1,True,wild_or_unspecified_species_record,codex_gpt5_ecoflora_stratified_record_audit_20260808,2026-08-08T14:15:00Z,accepted_after_exact_species_identity_database_field_value_and_ontology_review
Tragus berteronianus,floral_structural_complexity,inflorescence_display,raceme_spike_panicle,medium,latest_public_web,ecoflora_via_uk_flora_snapshot,http://ecoflora.org.uk/search_ecochars.php?plant_no=920003247,ecoflora-059a4ba8e1e676e7e358,"Ecological Flora of the British Isles, Ecoflora species record; archived in seancanobrien/UK_Flora@8e524c994086955bf8f95c5a05213acad1cd1677","Ecoflora field ""Inflorescence type"": raceme",species_direct,ecoflora_scientific_name_exact_to_master,ecoflora:plant_no:920003247,original_ecoflora_plant_number,ecoflora-uk-flora-snapshot-2020-20260808,seancanobrien/UK_Flora@8e524c994086955bf8f95c5a05213acad1cd1677,data/old_data_scrape.csv,ecoflora_archived_field_value_medium_v1,True,wild_or_unspecified_species_record,codex_gpt5_ecoflora_stratified_record_audit_20260808,2026-08-08T14:15:00Z,accepted_after_exact_species_identity_database_field_value_and_ontology_review
Trifolium micranthum,floral_structural_complexity,inflorescence_display,raceme_spike_panicle,medium,latest_public_web,ecoflora_via_uk_flora_snapshot,http://ecoflora.org.uk/search_ecochars.php?plant_no=810570470,ecoflora-cdf49bce5a556c962411,"Ecological Flora of the British Isles, Ecoflora species record; archived in seancanobrien/UK_Flora@8e524c994086955bf8f95c5a05213acad1cd1677","Ecoflora field ""Inflorescence type"": raceme",species_direct,ecoflora_scientific_name_exact_to_master,ecoflora:plant_no:810570470,original_ecoflora_plant_number,ecoflora-uk-flora-snapshot-2020-20260808,seancanobrien/UK_Flora@8e524c994086955bf8f95c5a05213acad1cd1677,data/old_data_scrape.csv,ecoflora_archived_field_value_medium_v1,True,wild_or_unspecified_species_record,codex_gpt5_ecoflora_stratified_record_audit_20260808,2026-08-08T14:15:00Z,accepted_after_exact_species_identity_database_field_value_and_ontology_review
Trifolium scabrum,floral_structural_complexity,inflorescence_display,raceme_spike_panicle,medium,latest_public_web,ecoflora_via_uk_flora_snapshot,http://ecoflora.org.uk/search_ecochars.php?plant_no=810570580,ecoflora-3a25b4d1c2d9e4c7f817,"Ecological Flora of the British Isles, Ecoflora species record; archived in seancanobrien/UK_Flora@8e524c994086955bf8f95c5a05213acad1cd1677","Ecoflora field ""Inflorescence type"": raceme",species_direct,ecoflora_scientific_name_exact_to_master,ecoflora:plant_no:810570580,original_ecoflora_plant_number,ecoflora-uk-flora-snapshot-2020-20260808,seancanobrien/UK_Flora@8e524c994086955bf8f95c5a05213acad1cd1677,data/old_data_scrape.csv,ecoflora_archived_field_value_medium_v1,True,wild_or_unspecified_species_record,codex_gpt5_ecoflora_stratified_record_audit_20260808,2026-08-08T14:15:00Z,accepted_after_exact_species_identity_database_field_value_and_ontology_review
Tripleurospermum maritimum,floral_structural_complexity,inflorescence_display,composite_display,medium,latest_public_web,ecoflora_via_uk_flora_snapshot,http://ecoflora.org.uk/search_ecochars.php?plant_no=1690600048,ecoflora-d15a43e4e77d8695698b,"Ecological Flora of the British Isles, Ecoflora species record; archived in seancanobrien/UK_Flora@8e524c994086955bf8f95c5a05213acad1cd1677","Ecoflora field ""Inflorescence type"": capitulum",species_direct,ecoflora_scientific_name_exact_to_master,ecoflora:plant_no:1690600048,original_ecoflora_plant_number,ecoflora-uk-flora-snapshot-2020-20260808,seancanobrien/UK_Flora@8e524c994086955bf8f95c5a05213acad1cd1677,data/old_data_scrape.csv,ecoflora_archived_field_value_medium_v1,True,wild_or_unspecified_species_record,codex_gpt5_ecoflora_stratified_record_audit_20260808,2026-08-08T14:15:00Z,accepted_after_exact_species_identity_database_field_value_and_ontology_review
Valeriana officinalis,floral_structural_complexity,inflorescence_display,umbel_corymb,medium,latest_public_web,ecoflora_via_uk_flora_snapshot,http://ecoflora.org.uk/search_ecochars.php?plant_no=1660040010,ecoflora-f20accdf262d008d86d8,"Ecological Flora of the British Isles, Ecoflora species record; archived in seancanobrien/UK_Flora@8e524c994086955bf8f95c5a05213acad1cd1677","Ecoflora field ""Inflorescence type"": cyme",species_direct,ecoflora_scientific_name_exact_to_master,ecoflora:plant_no:1660040010,original_ecoflora_plant_number,ecoflora-uk-flora-snapshot-2020-20260808,seancanobrien/UK_Flora@8e524c994086955bf8f95c5a05213acad1cd1677,data/old_data_scrape.csv,ecoflora_archived_field_value_medium_v1,True,wild_or_unspecified_species_record,codex_gpt5_ecoflora_stratified_record_audit_20260808,2026-08-08T14:15:00Z,accepted_after_exact_species_identity_database_field_value_and_ontology_review
Verbascum virgatum,floral_structural_complexity,inflorescence_display,raceme_spike_panicle,medium,latest_public_web,ecoflora_via_uk_flora_snapshot,http://ecoflora.org.uk/search_ecochars.php?plant_no=1540070070,ecoflora-31d95606d7289958ed2b,"Ecological Flora of the British Isles, Ecoflora species record; archived in seancanobrien/UK_Flora@8e524c994086955bf8f95c5a05213acad1cd1677","Ecoflora field ""Inflorescence type"": raceme",species_direct,ecoflora_scientific_name_exact_to_master,ecoflora:plant_no:1540070070,original_ecoflora_plant_number,ecoflora-uk-flora-snapshot-2020-20260808,seancanobrien/UK_Flora@8e524c994086955bf8f95c5a05213acad1cd1677,data/old_data_scrape.csv,ecoflora_archived_field_value_medium_v1,True,wild_or_unspecified_species_record,codex_gpt5_ecoflora_stratified_record_audit_20260808,2026-08-08T14:15:00Z,accepted_after_exact_species_identity_database_field_value_and_ontology_review
Veronica acinifolia,floral_structural_complexity,inflorescence_display,raceme_spike_panicle,medium,latest_public_web,ecoflora_via_uk_flora_snapshot,http://ecoflora.org.uk/search_ecochars.php?plant_no=1540210410,ecoflora-8e2da0490a387326075a,"Ecological Flora of the British Isles, Ecoflora species record; archived in seancanobrien/UK_Flora@8e524c994086955bf8f95c5a05213acad1cd1677","Ecoflora field ""Inflorescence type"": raceme",species_direct,ecoflora_scientific_name_exact_to_master,ecoflora:plant_no:1540210410,original_ecoflora_plant_number,ecoflora-uk-flora-snapshot-2020-20260808,seancanobrien/UK_Flora@8e524c994086955bf8f95c5a05213acad1cd1677,data/old_data_scrape.csv,ecoflora_archived_field_value_medium_v1,True,wild_or_unspecified_species_record,codex_gpt5_ecoflora_stratified_record_audit_20260808,2026-08-08T14:15:00Z,accepted_after_exact_species_identity_database_field_value_and_ontology_review
Arum italicum,reproductive_assurance,mating_system,predominantly_outcrossing,medium,latest_public_web,ecoflora_via_uk_flora_snapshot,http://ecoflora.org.uk/search_ecochars.php?plant_no=1950060010,ecoflora-a3144af7958dda6c92a5,"Ecological Flora of the British Isles, Ecoflora species record; archived in seancanobrien/UK_Flora@8e524c994086955bf8f95c5a05213acad1cd1677","Ecoflora field ""Fertilization"": obligatory cross",species_direct,ecoflora_scientific_name_exact_to_master,ecoflora:plant_no:1950060010,original_ecoflora_plant_number,ecoflora-uk-flora-snapshot-2020-20260808,seancanobrien/UK_Flora@8e524c994086955bf8f95c5a05213acad1cd1677,data/old_data_scrape.csv,ecoflora_archived_field_value_medium_v1,True,wild_or_unspecified_species_record,codex_gpt5_ecoflora_stratified_record_audit_20260808,2026-08-08T14:15:00Z,accepted_after_exact_species_identity_database_field_value_and_ontology_review
Astragalus alpinus,reproductive_assurance,mating_system,predominantly_outcrossing,medium,latest_public_web,ecoflora_via_uk_flora_snapshot,http://ecoflora.org.uk/search_ecochars.php?plant_no=810380380,ecoflora-6d1a90ec04fd6890fa09,"Ecological Flora of the British Isles, Ecoflora species record; archived in seancanobrien/UK_Flora@8e524c994086955bf8f95c5a05213acad1cd1677","Ecoflora field ""Fertilization"": obligatory cross",species_direct,ecoflora_scientific_name_exact_to_master,ecoflora:plant_no:810380380,original_ecoflora_plant_number,ecoflora-uk-flora-snapshot-2020-20260808,seancanobrien/UK_Flora@8e524c994086955bf8f95c5a05213acad1cd1677,data/old_data_scrape.csv,ecoflora_archived_field_value_medium_v1,True,wild_or_unspecified_species_record,codex_gpt5_ecoflora_stratified_record_audit_20260808,2026-08-08T14:15:00Z,accepted_after_exact_species_identity_database_field_value_and_ontology_review
Atriplex glabriuscula,reproductive_assurance,mating_system,predominantly_selfing,medium,latest_public_web,ecoflora_via_uk_flora_snapshot,http://ecoflora.org.uk/search_ecochars.php?plant_no=480060180,ecoflora-3a165e2c2a9d3158ed9b,"Ecological Flora of the British Isles, Ecoflora species record; archived in seancanobrien/UK_Flora@8e524c994086955bf8f95c5a05213acad1cd1677","Ecoflora field ""Fertilization"": normally self",species_direct,ecoflora_scientific_name_exact_to_master,ecoflora:plant_no:480060180,original_ecoflora_plant_number,ecoflora-uk-flora-snapshot-2020-20260808,seancanobrien/UK_Flora@8e524c994086955bf8f95c5a05213acad1cd1677,data/old_data_scrape.csv,ecoflora_archived_field_value_medium_v1,True,wild_or_unspecified_species_record,codex_gpt5_ecoflora_stratified_record_audit_20260808,2026-08-08T14:15:00Z,accepted_after_exact_species_identity_database_field_value_and_ontology_review
Carex extensa,reproductive_assurance,mating_system,predominantly_outcrossing,medium,latest_public_web,ecoflora_via_uk_flora_snapshot,http://ecoflora.org.uk/search_ecochars.php?plant_no=1990120920,ecoflora-046b9c8b447020f1d9f5,"Ecological Flora of the British Isles, Ecoflora species record; archived in seancanobrien/UK_Flora@8e524c994086955bf8f95c5a05213acad1cd1677","Ecoflora field ""Fertilization"": normally cross",species_direct,ecoflora_scientific_name_exact_to_master,ecoflora:plant_no:1990120920,original_ecoflora_plant_number,ecoflora-uk-flora-snapshot-2020-20260808,seancanobrien/UK_Flora@8e524c994086955bf8f95c5a05213acad1cd1677,data/old_data_scrape.csv,ecoflora_archived_field_value_medium_v1,True,wild_or_unspecified_species_record,codex_gpt5_ecoflora_stratified_record_audit_20260808,2026-08-08T14:15:00Z,accepted_after_exact_species_identity_database_field_value_and_ontology_review
Cerastium diffusum,reproductive_assurance,mating_system,predominantly_selfing,medium,latest_public_web,ecoflora_via_uk_flora_snapshot,http://ecoflora.org.uk/search_ecochars.php?plant_no=570090490,ecoflora-51c178034ac008f8e172,"Ecological Flora of the British Isles, Ecoflora species record; archived in seancanobrien/UK_Flora@8e524c994086955bf8f95c5a05213acad1cd1677","Ecoflora field ""Fertilization"": normally self",species_direct,ecoflora_scientific_name_exact_to_master,ecoflora:plant_no:570090490,original_ecoflora_plant_number,ecoflora-uk-flora-snapshot-2020-20260808,seancanobrien/UK_Flora@8e524c994086955bf8f95c5a05213acad1cd1677,data/old_data_scrape.csv,ecoflora_archived_field_value_medium_v1,True,wild_or_unspecified_species_record,codex_gpt5_ecoflora_stratified_record_audit_20260808,2026-08-08T14:15:00Z,accepted_after_exact_species_identity_database_field_value_and_ontology_review
Cirsium acaule,reproductive_assurance,mating_system,mixed_mating,medium,latest_public_web,ecoflora_via_uk_flora_snapshot,http://ecoflora.org.uk/search_ecochars.php?plant_no=1691180440,ecoflora-1c22882165c6646110f8,"Ecological Flora of the British Isles, Ecoflora species record; archived in seancanobrien/UK_Flora@8e524c994086955bf8f95c5a05213acad1cd1677","Ecoflora field ""Fertilization"": cross or automatic self",species_direct,ecoflora_scientific_name_exact_to_master,ecoflora:plant_no:1691180440,original_ecoflora_plant_number,ecoflora-uk-flora-snapshot-2020-20260808,seancanobrien/UK_Flora@8e524c994086955bf8f95c5a05213acad1cd1677,data/old_data_scrape.csv,ecoflora_archived_field_value_medium_v1,True,wild_or_unspecified_species_record,codex_gpt5_ecoflora_stratified_record_audit_20260808,2026-08-08T14:15:00Z,accepted_after_exact_species_identity_database_field_value_and_ontology_review
Coincya wrightii,reproductive_assurance,mating_system,predominantly_outcrossing,medium,latest_public_web,ecoflora_via_uk_flora_snapshot,http://ecoflora.org.uk/search_ecochars.php?plant_no=680920040,ecoflora-d0affc687c6f307123f6,"Ecological Flora of the British Isles, Ecoflora species record; archived in seancanobrien/UK_Flora@8e524c994086955bf8f95c5a05213acad1cd1677","Ecoflora field ""Fertilization"": normally cross",species_direct,ecoflora_scientific_name_exact_to_master,ecoflora:plant_no:680920040,original_ecoflora_plant_number,ecoflora-uk-flora-snapshot-2020-20260808,seancanobrien/UK_Flora@8e524c994086955bf8f95c5a05213acad1cd1677,data/old_data_scrape.csv,ecoflora_archived_field_value_medium_v1,True,wild_or_unspecified_species_record,codex_gpt5_ecoflora_stratified_record_audit_20260808,2026-08-08T14:15:00Z,accepted_after_exact_species_identity_database_field_value_and_ontology_review
Crassula helmsii,reproductive_assurance,mating_system,predominantly_selfing,medium,latest_public_web,ecoflora_via_uk_flora_snapshot,http://ecoflora.org.uk/search_ecochars.php?plant_no=720010049,ecoflora-062ba7d6c9c2060d094a,"Ecological Flora of the British Isles, Ecoflora species record; archived in seancanobrien/UK_Flora@8e524c994086955bf8f95c5a05213acad1cd1677","Ecoflora field ""Fertilization"": normally self",species_direct,ecoflora_scientific_name_exact_to_master,ecoflora:plant_no:720010049,original_ecoflora_plant_number,ecoflora-uk-flora-snapshot-2020-20260808,seancanobrien/UK_Flora@8e524c994086955bf8f95c5a05213acad1cd1677,data/old_data_scrape.csv,ecoflora_archived_field_value_medium_v1,True,wild_or_unspecified_species_record,codex_gpt5_ecoflora_stratified_record_audit_20260808,2026-08-08T14:15:00Z,accepted_after_exact_species_identity_database_field_value_and_ontology_review
Dipsacus fullonum,reproductive_assurance,mating_system,predominantly_outcrossing,medium,latest_public_web,ecoflora_via_uk_flora_snapshot,http://ecoflora.org.uk/search_ecochars.php?plant_no=1670030030,ecoflora-00988867f599f7cf2cfb,"Ecological Flora of the British Isles, Ecoflora species record; archived in seancanobrien/UK_Flora@8e524c994086955bf8f95c5a05213acad1cd1677","Ecoflora field ""Fertilization"": normally cross",species_direct,ecoflora_scientific_name_exact_to_master,ecoflora:plant_no:1670030030,original_ecoflora_plant_number,ecoflora-uk-flora-snapshot-2020-20260808,seancanobrien/UK_Flora@8e524c994086955bf8f95c5a05213acad1cd1677,data/old_data_scrape.csv,ecoflora_archived_field_value_medium_v1,True,wild_or_unspecified_species_record,codex_gpt5_ecoflora_stratified_record_audit_20260808,2026-08-08T14:15:00Z,accepted_after_exact_species_identity_database_field_value_and_ontology_review
Epipactis phyllanthes,reproductive_assurance,mating_system,predominantly_selfing,medium,latest_public_web,ecoflora_via_uk_flora_snapshot,http://ecoflora.org.uk/search_ecochars.php?plant_no=2030020070,ecoflora-6a989b38a51f7bc3da63,"Ecological Flora of the British Isles, Ecoflora species record; archived in seancanobrien/UK_Flora@8e524c994086955bf8f95c5a05213acad1cd1677","Ecoflora field ""Fertilization"": normally self",species_direct,ecoflora_scientific_name_exact_to_master,ecoflora:plant_no:2030020070,original_ecoflora_plant_number,ecoflora-uk-flora-snapshot-2020-20260808,seancanobrien/UK_Flora@8e524c994086955bf8f95c5a05213acad1cd1677,data/old_data_scrape.csv,ecoflora_archived_field_value_medium_v1,True,wild_or_unspecified_species_record,codex_gpt5_ecoflora_stratified_record_audit_20260808,2026-08-08T14:15:00Z,accepted_after_exact_species_identity_database_field_value_and_ontology_review
Erigeron borealis,reproductive_assurance,mating_system,mixed_mating,medium,latest_public_web,ecoflora_via_uk_flora_snapshot,http://ecoflora.org.uk/search_ecochars.php?plant_no=1690080110,ecoflora-43cd934a07bb4c5f8d8c,"Ecological Flora of the British Isles, Ecoflora species record; archived in seancanobrien/UK_Flora@8e524c994086955bf8f95c5a05213acad1cd1677","Ecoflora field ""Fertilization"": cross or automatic self",species_direct,ecoflora_scientific_name_exact_to_master,ecoflora:plant_no:1690080110,original_ecoflora_plant_number,ecoflora-uk-flora-snapshot-2020-20260808,seancanobrien/UK_Flora@8e524c994086955bf8f95c5a05213acad1cd1677,data/old_data_scrape.csv,ecoflora_archived_field_value_medium_v1,True,wild_or_unspecified_species_record,codex_gpt5_ecoflora_stratified_record_audit_20260808,2026-08-08T14:15:00Z,accepted_after_exact_species_identity_database_field_value_and_ontology_review
Erinus alpinus,reproductive_assurance,mating_system,mixed_mating,medium,latest_public_web,ecoflora_via_uk_flora_snapshot,http://ecoflora.org.uk/search_ecochars.php?plant_no=1540180010,ecoflora-7cd6bb18c82f285eabc0,"Ecological Flora of the British Isles, Ecoflora species record; archived in seancanobrien/UK_Flora@8e524c994086955bf8f95c5a05213acad1cd1677","Ecoflora field ""Fertilization"": cross and self",species_direct,ecoflora_scientific_name_exact_to_master,ecoflora:plant_no:1540180010,original_ecoflora_plant_number,ecoflora-uk-flora-snapshot-2020-20260808,seancanobrien/UK_Flora@8e524c994086955bf8f95c5a05213acad1cd1677,data/old_data_scrape.csv,ecoflora_archived_field_value_medium_v1,True,wild_or_unspecified_species_record,codex_gpt5_ecoflora_stratified_record_audit_20260808,2026-08-08T14:15:00Z,accepted_after_exact_species_identity_database_field_value_and_ontology_review
Fumaria purpurea,reproductive_assurance,mating_system,predominantly_selfing,medium,latest_public_web,ecoflora_via_uk_flora_snapshot,http://ecoflora.org.uk/search_ecochars.php?plant_no=660120110,ecoflora-21ef9802ada2d458f2f8,"Ecological Flora of the British Isles, Ecoflora species record; archived in seancanobrien/UK_Flora@8e524c994086955bf8f95c5a05213acad1cd1677","Ecoflora field ""Fertilization"": normally self",species_direct,ecoflora_scientific_name_exact_to_master,ecoflora:plant_no:660120110,original_ecoflora_plant_number,ecoflora-uk-flora-snapshot-2020-20260808,seancanobrien/UK_Flora@8e524c994086955bf8f95c5a05213acad1cd1677,data/old_data_scrape.csv,ecoflora_archived_field_value_medium_v1,True,wild_or_unspecified_species_record,codex_gpt5_ecoflora_stratified_record_audit_20260808,2026-08-08T14:15:00Z,accepted_after_exact_species_identity_database_field_value_and_ontology_review
Helianthemum apenninum,reproductive_assurance,mating_system,predominantly_outcrossing,medium,latest_public_web,ecoflora_via_uk_flora_snapshot,http://ecoflora.org.uk/search_ecochars.php?plant_no=1120040110,ecoflora-521747d62f106eed5a97,"Ecological Flora of the British Isles, Ecoflora species record; archived in seancanobrien/UK_Flora@8e524c994086955bf8f95c5a05213acad1cd1677","Ecoflora field ""Fertilization"": normally cross",species_direct,ecoflora_scientific_name_exact_to_master,ecoflora:plant_no:1120040110,original_ecoflora_plant_number,ecoflora-uk-flora-snapshot-2020-20260808,seancanobrien/UK_Flora@8e524c994086955bf8f95c5a05213acad1cd1677,data/old_data_scrape.csv,ecoflora_archived_field_value_medium_v1,True,wild_or_unspecified_species_record,codex_gpt5_ecoflora_stratified_record_audit_20260808,2026-08-08T14:15:00Z,accepted_after_exact_species_identity_database_field_value_and_ontology_review
Kalmia procumbens,reproductive_assurance,mating_system,mixed_mating,medium,latest_public_web,ecoflora_via_uk_flora_snapshot,http://ecoflora.org.uk/search_ecochars.php?plant_no=1320090010,ecoflora-920a1fafbae7dcc865e6,"Ecological Flora of the British Isles, Ecoflora species record; archived in seancanobrien/UK_Flora@8e524c994086955bf8f95c5a05213acad1cd1677","Ecoflora field ""Fertilization"": cross and self",species_direct,ecoflora_scientific_name_exact_to_master,ecoflora:plant_no:1320090010,original_ecoflora_plant_number,ecoflora-uk-flora-snapshot-2020-20260808,seancanobrien/UK_Flora@8e524c994086955bf8f95c5a05213acad1cd1677,data/old_data_scrape.csv,ecoflora_archived_field_value_medium_v1,True,wild_or_unspecified_species_record,codex_gpt5_ecoflora_stratified_record_audit_20260808,2026-08-08T14:15:00Z,accepted_after_exact_species_identity_database_field_value_and_ontology_review
Limonium bellidifolium,reproductive_assurance,mating_system,predominantly_outcrossing,medium,latest_public_web,ecoflora_via_uk_flora_snapshot,http://ecoflora.org.uk/search_ecochars.php?plant_no=1360050190,ecoflora-7e3b6acc3fb147961b7f,"Ecological Flora of the British Isles, Ecoflora species record; archived in seancanobrien/UK_Flora@8e524c994086955bf8f95c5a05213acad1cd1677","Ecoflora field ""Fertilization"": obligatory cross",species_direct,ecoflora_scientific_name_exact_to_master,ecoflora:plant_no:1360050190,original_ecoflora_plant_number,ecoflora-uk-flora-snapshot-2020-20260808,seancanobrien/UK_Flora@8e524c994086955bf8f95c5a05213acad1cd1677,data/old_data_scrape.csv,ecoflora_archived_field_value_medium_v1,True,wild_or_unspecified_species_record,codex_gpt5_ecoflora_stratified_record_audit_20260808,2026-08-08T14:15:00Z,accepted_after_exact_species_identity_database_field_value_and_ontology_review
Linnaea borealis,reproductive_assurance,mating_system,predominantly_outcrossing,medium,latest_public_web,ecoflora_via_uk_flora_snapshot,http://ecoflora.org.uk/search_ecochars.php?plant_no=1640040010,ecoflora-996e0676d9807ca16342,"Ecological Flora of the British Isles, Ecoflora species record; archived in seancanobrien/UK_Flora@8e524c994086955bf8f95c5a05213acad1cd1677","Ecoflora field ""Fertilization"": normally cross",species_direct,ecoflora_scientific_name_exact_to_master,ecoflora:plant_no:1640040010,original_ecoflora_plant_number,ecoflora-uk-flora-snapshot-2020-20260808,seancanobrien/UK_Flora@8e524c994086955bf8f95c5a05213acad1cd1677,data/old_data_scrape.csv,ecoflora_archived_field_value_medium_v1,True,wild_or_unspecified_species_record,codex_gpt5_ecoflora_stratified_record_audit_20260808,2026-08-08T14:15:00Z,accepted_after_exact_species_identity_database_field_value_and_ontology_review
Muscari neglectum,reproductive_assurance,mating_system,mixed_mating,medium,latest_public_web,ecoflora_via_uk_flora_snapshot,http://ecoflora.org.uk/search_ecochars.php?plant_no=1830360110,ecoflora-9c3de1940fb15de80333,"Ecological Flora of the British Isles, Ecoflora species record; archived in seancanobrien/UK_Flora@8e524c994086955bf8f95c5a05213acad1cd1677","Ecoflora field ""Fertilization"": cross and self",species_direct,ecoflora_scientific_name_exact_to_master,ecoflora:plant_no:1830360110,original_ecoflora_plant_number,ecoflora-uk-flora-snapshot-2020-20260808,seancanobrien/UK_Flora@8e524c994086955bf8f95c5a05213acad1cd1677,data/old_data_scrape.csv,ecoflora_archived_field_value_medium_v1,True,wild_or_unspecified_species_record,codex_gpt5_ecoflora_stratified_record_audit_20260808,2026-08-08T14:15:00Z,accepted_after_exact_species_identity_database_field_value_and_ontology_review
Najas flexilis,reproductive_assurance,mating_system,predominantly_outcrossing,medium,latest_public_web,ecoflora_via_uk_flora_snapshot,http://ecoflora.org.uk/search_ecochars.php?plant_no=1820010020,ecoflora-e555050bec33cc912beb,"Ecological Flora of the British Isles, Ecoflora species record; archived in seancanobrien/UK_Flora@8e524c994086955bf8f95c5a05213acad1cd1677","Ecoflora field ""Fertilization"": normally cross",species_direct,ecoflora_scientific_name_exact_to_master,ecoflora:plant_no:1820010020,original_ecoflora_plant_number,ecoflora-uk-flora-snapshot-2020-20260808,seancanobrien/UK_Flora@8e524c994086955bf8f95c5a05213acad1cd1677,data/old_data_scrape.csv,ecoflora_archived_field_value_medium_v1,True,wild_or_unspecified_species_record,codex_gpt5_ecoflora_stratified_record_audit_20260808,2026-08-08T14:15:00Z,accepted_after_exact_species_identity_database_field_value_and_ontology_review
Ornithopus perpusillus,reproductive_assurance,mating_system,predominantly_selfing,medium,latest_public_web,ecoflora_via_uk_flora_snapshot,http://ecoflora.org.uk/search_ecochars.php?plant_no=810640030,ecoflora-388c8411f2b97792847d,"Ecological Flora of the British Isles, Ecoflora species record; archived in seancanobrien/UK_Flora@8e524c994086955bf8f95c5a05213acad1cd1677","Ecoflora field ""Fertilization"": normally self",species_direct,ecoflora_scientific_name_exact_to_master,ecoflora:plant_no:810640030,original_ecoflora_plant_number,ecoflora-uk-flora-snapshot-2020-20260808,seancanobrien/UK_Flora@8e524c994086955bf8f95c5a05213acad1cd1677,data/old_data_scrape.csv,ecoflora_archived_field_value_medium_v1,True,wild_or_unspecified_species_record,codex_gpt5_ecoflora_stratified_record_audit_20260808,2026-08-08T14:15:00Z,accepted_after_exact_species_identity_database_field_value_and_ontology_review
Pinguicula lusitanica,reproductive_assurance,mating_system,predominantly_selfing,medium,latest_public_web,ecoflora_via_uk_flora_snapshot,http://ecoflora.org.uk/search_ecochars.php?plant_no=1610010010,ecoflora-01703a668c1d5045617b,"Ecological Flora of the British Isles, Ecoflora species record; archived in seancanobrien/UK_Flora@8e524c994086955bf8f95c5a05213acad1cd1677","Ecoflora field ""Fertilization"": normally self",species_direct,ecoflora_scientific_name_exact_to_master,ecoflora:plant_no:1610010010,original_ecoflora_plant_number,ecoflora-uk-flora-snapshot-2020-20260808,seancanobrien/UK_Flora@8e524c994086955bf8f95c5a05213acad1cd1677,data/old_data_scrape.csv,ecoflora_archived_field_value_medium_v1,True,wild_or_unspecified_species_record,codex_gpt5_ecoflora_stratified_record_audit_20260808,2026-08-08T14:15:00Z,accepted_after_exact_species_identity_database_field_value_and_ontology_review
Polygonum boreale,reproductive_assurance,mating_system,predominantly_selfing,medium,latest_public_web,ecoflora_via_uk_flora_snapshot,http://ecoflora.org.uk/search_ecochars.php?plant_no=470020160,ecoflora-53301a9f4905a2d06a4c,"Ecological Flora of the British Isles, Ecoflora species record; archived in seancanobrien/UK_Flora@8e524c994086955bf8f95c5a05213acad1cd1677","Ecoflora field ""Fertilization"": normally self",species_direct,ecoflora_scientific_name_exact_to_master,ecoflora:plant_no:470020160,original_ecoflora_plant_number,ecoflora-uk-flora-snapshot-2020-20260808,seancanobrien/UK_Flora@8e524c994086955bf8f95c5a05213acad1cd1677,data/old_data_scrape.csv,ecoflora_archived_field_value_medium_v1,True,wild_or_unspecified_species_record,codex_gpt5_ecoflora_stratified_record_audit_20260808,2026-08-08T14:15:00Z,accepted_after_exact_species_identity_database_field_value_and_ontology_review
Polypogon monspeliensis,reproductive_assurance,mating_system,predominantly_selfing,medium,latest_public_web,ecoflora_via_uk_flora_snapshot,http://ecoflora.org.uk/search_ecochars.php?plant_no=1930890010,ecoflora-5c8107e881ab7cb50876,"Ecological Flora of the British Isles, Ecoflora species record; archived in seancanobrien/UK_Flora@8e524c994086955bf8f95c5a05213acad1cd1677","Ecoflora field ""Fertilization"": normally self",species_direct,ecoflora_scientific_name_exact_to_master,ecoflora:plant_no:1930890010,original_ecoflora_plant_number,ecoflora-uk-flora-snapshot-2020-20260808,seancanobrien/UK_Flora@8e524c994086955bf8f95c5a05213acad1cd1677,data/old_data_scrape.csv,ecoflora_archived_field_value_medium_v1,True,wild_or_unspecified_species_record,codex_gpt5_ecoflora_stratified_record_audit_20260808,2026-08-08T14:15:00Z,accepted_after_exact_species_identity_database_field_value_and_ontology_review
Rumex sanguineus,reproductive_assurance,mating_system,predominantly_outcrossing,medium,latest_public_web,ecoflora_via_uk_flora_snapshot,http://ecoflora.org.uk/search_ecochars.php?plant_no=470080390,ecoflora-409de4285f13f54e424f,"Ecological Flora of the British Isles, Ecoflora species record; archived in seancanobrien/UK_Flora@8e524c994086955bf8f95c5a05213acad1cd1677","Ecoflora field ""Fertilization"": normally cross",species_direct,ecoflora_scientific_name_exact_to_master,ecoflora:plant_no:470080390,original_ecoflora_plant_number,ecoflora-uk-flora-snapshot-2020-20260808,seancanobrien/UK_Flora@8e524c994086955bf8f95c5a05213acad1cd1677,data/old_data_scrape.csv,ecoflora_archived_field_value_medium_v1,True,wild_or_unspecified_species_record,codex_gpt5_ecoflora_stratified_record_audit_20260808,2026-08-08T14:15:00Z,accepted_after_exact_species_identity_database_field_value_and_ontology_review
Salicornia nitens,reproductive_assurance,mating_system,predominantly_selfing,medium,latest_public_web,ecoflora_via_uk_flora_snapshot,http://ecoflora.org.uk/search_ecochars.php?plant_no=480210050,ecoflora-0fefb50b4a647cdd09a0,"Ecological Flora of the British Isles, Ecoflora species record; archived in seancanobrien/UK_Flora@8e524c994086955bf8f95c5a05213acad1cd1677","Ecoflora field ""Fertilization"": normally self",species_direct,ecoflora_scientific_name_exact_to_master,ecoflora:plant_no:480210050,original_ecoflora_plant_number,ecoflora-uk-flora-snapshot-2020-20260808,seancanobrien/UK_Flora@8e524c994086955bf8f95c5a05213acad1cd1677,data/old_data_scrape.csv,ecoflora_archived_field_value_medium_v1,True,wild_or_unspecified_species_record,codex_gpt5_ecoflora_stratified_record_audit_20260808,2026-08-08T14:15:00Z,accepted_after_exact_species_identity_database_field_value_and_ontology_review
Salicornia obscura,reproductive_assurance,mating_system,predominantly_selfing,medium,latest_public_web,ecoflora_via_uk_flora_snapshot,http://ecoflora.org.uk/search_ecochars.php?plant_no=480210016,ecoflora-a71f966e2387972be80e,"Ecological Flora of the British Isles, Ecoflora species record; archived in seancanobrien/UK_Flora@8e524c994086955bf8f95c5a05213acad1cd1677","Ecoflora field ""Fertilization"": normally self",species_direct,ecoflora_scientific_name_exact_to_master,ecoflora:plant_no:480210016,original_ecoflora_plant_number,ecoflora-uk-flora-snapshot-2020-20260808,seancanobrien/UK_Flora@8e524c994086955bf8f95c5a05213acad1cd1677,data/old_data_scrape.csv,ecoflora_archived_field_value_medium_v1,True,wild_or_unspecified_species_record,codex_gpt5_ecoflora_stratified_record_audit_20260808,2026-08-08T14:15:00Z,accepted_after_exact_species_identity_database_field_value_and_ontology_review
Saxifraga cespitosa,reproductive_assurance,mating_system,mixed_mating,medium,latest_public_web,ecoflora_via_uk_flora_snapshot,http://ecoflora.org.uk/search_ecochars.php?plant_no=730010680,ecoflora-d0112179b664900b0f7e,"Ecological Flora of the British Isles, Ecoflora species record; archived in seancanobrien/UK_Flora@8e524c994086955bf8f95c5a05213acad1cd1677","Ecoflora field ""Fertilization"": cross or automatic self",species_direct,ecoflora_scientific_name_exact_to_master,ecoflora:plant_no:730010680,original_ecoflora_plant_number,ecoflora-uk-flora-snapshot-2020-20260808,seancanobrien/UK_Flora@8e524c994086955bf8f95c5a05213acad1cd1677,data/old_data_scrape.csv,ecoflora_archived_field_value_medium_v1,True,wild_or_unspecified_species_record,codex_gpt5_ecoflora_stratified_record_audit_20260808,2026-08-08T14:15:00Z,accepted_after_exact_species_identity_database_field_value_and_ontology_review
Saxifraga hypnoides,reproductive_assurance,mating_system,predominantly_outcrossing,medium,latest_public_web,ecoflora_via_uk_flora_snapshot,http://ecoflora.org.uk/search_ecochars.php?plant_no=730010710,ecoflora-859a430ee3f546337cc0,"Ecological Flora of the British Isles, Ecoflora species record; archived in seancanobrien/UK_Flora@8e524c994086955bf8f95c5a05213acad1cd1677","Ecoflora field ""Fertilization"": normally cross",species_direct,ecoflora_scientific_name_exact_to_master,ecoflora:plant_no:730010710,original_ecoflora_plant_number,ecoflora-uk-flora-snapshot-2020-20260808,seancanobrien/UK_Flora@8e524c994086955bf8f95c5a05213acad1cd1677,data/old_data_scrape.csv,ecoflora_archived_field_value_medium_v1,True,wild_or_unspecified_species_record,codex_gpt5_ecoflora_stratified_record_audit_20260808,2026-08-08T14:15:00Z,accepted_after_exact_species_identity_database_field_value_and_ontology_review
Tofieldia pusilla,reproductive_assurance,mating_system,mixed_mating,medium,latest_public_web,ecoflora_via_uk_flora_snapshot,http://ecoflora.org.uk/search_ecochars.php?plant_no=1830010010,ecoflora-faed57cc6cc6b44db5bb,"Ecological Flora of the British Isles, Ecoflora species record; archived in seancanobrien/UK_Flora@8e524c994086955bf8f95c5a05213acad1cd1677","Ecoflora field ""Fertilization"": cross and self, normally self",species_direct,ecoflora_scientific_name_exact_to_master,ecoflora:plant_no:1830010010,original_ecoflora_plant_number,ecoflora-uk-flora-snapshot-2020-20260808,seancanobrien/UK_Flora@8e524c994086955bf8f95c5a05213acad1cd1677,data/old_data_scrape.csv,ecoflora_archived_field_value_medium_v1,True,wild_or_unspecified_species_record,codex_gpt5_ecoflora_stratified_record_audit_20260808,2026-08-08T14:15:00Z,accepted_after_exact_species_identity_database_field_value_and_ontology_review
Trifolium occidentale,reproductive_assurance,mating_system,predominantly_selfing,medium,latest_public_web,ecoflora_via_uk_flora_snapshot,http://ecoflora.org.uk/search_ecochars.php?plant_no=810570110,ecoflora-c48ad76382e8a209e6dd,"Ecological Flora of the British Isles, Ecoflora species record; archived in seancanobrien/UK_Flora@8e524c994086955bf8f95c5a05213acad1cd1677","Ecoflora field ""Fertilization"": normally self",species_direct,ecoflora_scientific_name_exact_to_master,ecoflora:plant_no:810570110,original_ecoflora_plant_number,ecoflora-uk-flora-snapshot-2020-20260808,seancanobrien/UK_Flora@8e524c994086955bf8f95c5a05213acad1cd1677,data/old_data_scrape.csv,ecoflora_archived_field_value_medium_v1,True,wild_or_unspecified_species_record,codex_gpt5_ecoflora_stratified_record_audit_20260808,2026-08-08T14:15:00Z,accepted_after_exact_species_identity_database_field_value_and_ontology_review
Trifolium scabrum,reproductive_assurance,mating_system,predominantly_selfing,medium,latest_public_web,ecoflora_via_uk_flora_snapshot,http://ecoflora.org.uk/search_ecochars.php?plant_no=810570580,ecoflora-a30713c6eee562f694c1,"Ecological Flora of the British Isles, Ecoflora species record; archived in seancanobrien/UK_Flora@8e524c994086955bf8f95c5a05213acad1cd1677","Ecoflora field ""Fertilization"": normally self",species_direct,ecoflora_scientific_name_exact_to_master,ecoflora:plant_no:810570580,original_ecoflora_plant_number,ecoflora-uk-flora-snapshot-2020-20260808,seancanobrien/UK_Flora@8e524c994086955bf8f95c5a05213acad1cd1677,data/old_data_scrape.csv,ecoflora_archived_field_value_medium_v1,True,wild_or_unspecified_species_record,codex_gpt5_ecoflora_stratified_record_audit_20260808,2026-08-08T14:15:00Z,accepted_after_exact_species_identity_database_field_value_and_ontology_review
Valeriana officinalis,reproductive_assurance,mating_system,predominantly_outcrossing,medium,latest_public_web,ecoflora_via_uk_flora_snapshot,http://ecoflora.org.uk/search_ecochars.php?plant_no=1660040010,ecoflora-c6f8f84dbc6b26bffe03,"Ecological Flora of the British Isles, Ecoflora species record; archived in seancanobrien/UK_Flora@8e524c994086955bf8f95c5a05213acad1cd1677","Ecoflora field ""Fertilization"": normally cross",species_direct,ecoflora_scientific_name_exact_to_master,ecoflora:plant_no:1660040010,original_ecoflora_plant_number,ecoflora-uk-flora-snapshot-2020-20260808,seancanobrien/UK_Flora@8e524c994086955bf8f95c5a05213acad1cd1677,data/old_data_scrape.csv,ecoflora_archived_field_value_medium_v1,True,wild_or_unspecified_species_record,codex_gpt5_ecoflora_stratified_record_audit_20260808,2026-08-08T14:15:00Z,accepted_after_exact_species_identity_database_field_value_and_ontology_review
Valerianella locusta,reproductive_assurance,mating_system,predominantly_selfing,medium,latest_public_web,ecoflora_via_uk_flora_snapshot,http://ecoflora.org.uk/search_ecochars.php?plant_no=1660020100,ecoflora-5d0366355a544d0f3320,"Ecological Flora of the British Isles, Ecoflora species record; archived in seancanobrien/UK_Flora@8e524c994086955bf8f95c5a05213acad1cd1677","Ecoflora field ""Fertilization"": normally self",species_direct,ecoflora_scientific_name_exact_to_master,ecoflora:plant_no:1660020100,original_ecoflora_plant_number,ecoflora-uk-flora-snapshot-2020-20260808,seancanobrien/UK_Flora@8e524c994086955bf8f95c5a05213acad1cd1677,data/old_data_scrape.csv,ecoflora_archived_field_value_medium_v1,True,wild_or_unspecified_species_record,codex_gpt5_ecoflora_stratified_record_audit_20260808,2026-08-08T14:15:00Z,accepted_after_exact_species_identity_database_field_value_and_ontology_review
Viola lutea,reproductive_assurance,mating_system,predominantly_outcrossing,medium,latest_public_web,ecoflora_via_uk_flora_snapshot,http://ecoflora.org.uk/search_ecochars.php?plant_no=1100010740,ecoflora-7d2a76840d5e0076dd9e,"Ecological Flora of the British Isles, Ecoflora species record; archived in seancanobrien/UK_Flora@8e524c994086955bf8f95c5a05213acad1cd1677","Ecoflora field ""Fertilization"": normally cross",species_direct,ecoflora_scientific_name_exact_to_master,ecoflora:plant_no:1100010740,original_ecoflora_plant_number,ecoflora-uk-flora-snapshot-2020-20260808,seancanobrien/UK_Flora@8e524c994086955bf8f95c5a05213acad1cd1677,data/old_data_scrape.csv,ecoflora_archived_field_value_medium_v1,True,wild_or_unspecified_species_record,codex_gpt5_ecoflora_stratified_record_audit_20260808,2026-08-08T14:15:00Z,accepted_after_exact_species_identity_database_field_value_and_ontology_review
Vulpia fasciculata,reproductive_assurance,mating_system,predominantly_selfing,medium,latest_public_web,ecoflora_via_uk_flora_snapshot,http://ecoflora.org.uk/search_ecochars.php?plant_no=1930060050,ecoflora-f3127d1d285aa6550bc2,"Ecological Flora of the British Isles, Ecoflora species record; archived in seancanobrien/UK_Flora@8e524c994086955bf8f95c5a05213acad1cd1677","Ecoflora field ""Fertilization"": normally self, normally self",species_direct,ecoflora_scientific_name_exact_to_master,ecoflora:plant_no:1930060050,original_ecoflora_plant_number,ecoflora-uk-flora-snapshot-2020-20260808,seancanobrien/UK_Flora@8e524c994086955bf8f95c5a05213acad1cd1677,data/old_data_scrape.csv,ecoflora_archived_field_value_medium_v1,True,wild_or_unspecified_species_record,codex_gpt5_ecoflora_stratified_record_audit_20260808,2026-08-08T14:15:00Z,accepted_after_exact_species_identity_database_field_value_and_ontology_review
Anacamptis morio,reproductive_assurance,self_incompatibility,SC,medium,latest_public_web,ecoflora_via_uk_flora_snapshot,http://ecoflora.org.uk/search_ecochars.php?plant_no=2030240030,ecoflora-a833a100e314e35f554d,"Ecological Flora of the British Isles, Ecoflora species record; archived in seancanobrien/UK_Flora@8e524c994086955bf8f95c5a05213acad1cd1677","Ecoflora field ""Incompatibility systems"": none",species_direct,ecoflora_scientific_name_exact_to_master,ecoflora:plant_no:2030240030,original_ecoflora_plant_number,ecoflora-uk-flora-snapshot-2020-20260808,seancanobrien/UK_Flora@8e524c994086955bf8f95c5a05213acad1cd1677,data/old_data_scrape.csv,ecoflora_archived_field_value_medium_v1,True,wild_or_unspecified_species_record,codex_gpt5_ecoflora_stratified_record_audit_20260808,2026-08-08T14:15:00Z,accepted_after_exact_species_identity_database_field_value_and_ontology_review
Arbutus unedo,reproductive_assurance,self_incompatibility,SC,medium,latest_public_web,ecoflora_via_uk_flora_snapshot,http://ecoflora.org.uk/search_ecochars.php?plant_no=1320120010,ecoflora-ff89b26fa88b0cddd6e8,"Ecological Flora of the British Isles, Ecoflora species record; archived in seancanobrien/UK_Flora@8e524c994086955bf8f95c5a05213acad1cd1677","Ecoflora field ""Incompatibility systems"": none",species_direct,ecoflora_scientific_name_exact_to_master,ecoflora:plant_no:1320120010,original_ecoflora_plant_number,ecoflora-uk-flora-snapshot-2020-20260808,seancanobrien/UK_Flora@8e524c994086955bf8f95c5a05213acad1cd1677,data/old_data_scrape.csv,ecoflora_archived_field_value_medium_v1,True,wild_or_unspecified_species_record,codex_gpt5_ecoflora_stratified_record_audit_20260808,2026-08-08T14:15:00Z,accepted_after_exact_species_identity_database_field_value_and_ontology_review
Chaenorhinum minus,reproductive_assurance,self_incompatibility,SC,medium,latest_public_web,ecoflora_via_uk_flora_snapshot,http://ecoflora.org.uk/search_ecochars.php?plant_no=1540130100,ecoflora-a987995828e82f2e3db8,"Ecological Flora of the British Isles, Ecoflora species record; archived in seancanobrien/UK_Flora@8e524c994086955bf8f95c5a05213acad1cd1677","Ecoflora field ""Incompatibility systems"": none",species_direct,ecoflora_scientific_name_exact_to_master,ecoflora:plant_no:1540130100,original_ecoflora_plant_number,ecoflora-uk-flora-snapshot-2020-20260808,seancanobrien/UK_Flora@8e524c994086955bf8f95c5a05213acad1cd1677,data/old_data_scrape.csv,ecoflora_archived_field_value_medium_v1,True,wild_or_unspecified_species_record,codex_gpt5_ecoflora_stratified_record_audit_20260808,2026-08-08T14:15:00Z,accepted_after_exact_species_identity_database_field_value_and_ontology_review
Cirsium heterophyllum,reproductive_assurance,self_incompatibility,SC,medium,latest_public_web,ecoflora_via_uk_flora_snapshot,http://ecoflora.org.uk/search_ecochars.php?plant_no=1691180470,ecoflora-8e39e70f5d0748b73930,"Ecological Flora of the British Isles, Ecoflora species record; archived in seancanobrien/UK_Flora@8e524c994086955bf8f95c5a05213acad1cd1677","Ecoflora field ""Incompatibility systems"": none",species_direct,ecoflora_scientific_name_exact_to_master,ecoflora:plant_no:1691180470,original_ecoflora_plant_number,ecoflora-uk-flora-snapshot-2020-20260808,seancanobrien/UK_Flora@8e524c994086955bf8f95c5a05213acad1cd1677,data/old_data_scrape.csv,ecoflora_archived_field_value_medium_v1,True,wild_or_unspecified_species_record,codex_gpt5_ecoflora_stratified_record_audit_20260808,2026-08-08T14:15:00Z,accepted_after_exact_species_identity_database_field_value_and_ontology_review
Cornus suecica,reproductive_assurance,self_incompatibility,SC,medium,latest_public_web,ecoflora_via_uk_flora_snapshot,http://ecoflora.org.uk/search_ecochars.php?plant_no=1270010050,ecoflora-5ee6c8ca3090659b9502,"Ecological Flora of the British Isles, Ecoflora species record; archived in seancanobrien/UK_Flora@8e524c994086955bf8f95c5a05213acad1cd1677","Ecoflora field ""Incompatibility systems"": none",species_direct,ecoflora_scientific_name_exact_to_master,ecoflora:plant_no:1270010050,original_ecoflora_plant_number,ecoflora-uk-flora-snapshot-2020-20260808,seancanobrien/UK_Flora@8e524c994086955bf8f95c5a05213acad1cd1677,data/old_data_scrape.csv,ecoflora_archived_field_value_medium_v1,True,wild_or_unspecified_species_record,codex_gpt5_ecoflora_stratified_record_audit_20260808,2026-08-08T14:15:00Z,accepted_after_exact_species_identity_database_field_value_and_ontology_review
Crepis biennis,reproductive_assurance,self_incompatibility,SC,medium,latest_public_web,ecoflora_via_uk_flora_snapshot,http://ecoflora.org.uk/search_ecochars.php?plant_no=1691780220,ecoflora-fa591e425183d2bab13b,"Ecological Flora of the British Isles, Ecoflora species record; archived in seancanobrien/UK_Flora@8e524c994086955bf8f95c5a05213acad1cd1677","Ecoflora field ""Incompatibility systems"": none",species_direct,ecoflora_scientific_name_exact_to_master,ecoflora:plant_no:1691780220,original_ecoflora_plant_number,ecoflora-uk-flora-snapshot-2020-20260808,seancanobrien/UK_Flora@8e524c994086955bf8f95c5a05213acad1cd1677,data/old_data_scrape.csv,ecoflora_archived_field_value_medium_v1,True,wild_or_unspecified_species_record,codex_gpt5_ecoflora_stratified_record_audit_20260808,2026-08-08T14:15:00Z,accepted_after_exact_species_identity_database_field_value_and_ontology_review
Cymbalaria pallida,reproductive_assurance,self_incompatibility,SC,medium,latest_public_web,ecoflora_via_uk_flora_snapshot,http://ecoflora.org.uk/search_ecochars.php?plant_no=1540150050,ecoflora-53c68ba4686f9de697c1,"Ecological Flora of the British Isles, Ecoflora species record; archived in seancanobrien/UK_Flora@8e524c994086955bf8f95c5a05213acad1cd1677","Ecoflora field ""Incompatibility systems"": none",species_direct,ecoflora_scientific_name_exact_to_master,ecoflora:plant_no:1540150050,original_ecoflora_plant_number,ecoflora-uk-flora-snapshot-2020-20260808,seancanobrien/UK_Flora@8e524c994086955bf8f95c5a05213acad1cd1677,data/old_data_scrape.csv,ecoflora_archived_field_value_medium_v1,True,wild_or_unspecified_species_record,codex_gpt5_ecoflora_stratified_record_audit_20260808,2026-08-08T14:15:00Z,accepted_after_exact_species_identity_database_field_value_and_ontology_review
Elatine hexandra,reproductive_assurance,self_incompatibility,SC,medium,latest_public_web,ecoflora_via_uk_flora_snapshot,http://ecoflora.org.uk/search_ecochars.php?plant_no=1150020070,ecoflora-c53e265c4a5f622e6e01,"Ecological Flora of the British Isles, Ecoflora species record; archived in seancanobrien/UK_Flora@8e524c994086955bf8f95c5a05213acad1cd1677","Ecoflora field ""Incompatibility systems"": none",species_direct,ecoflora_scientific_name_exact_to_master,ecoflora:plant_no:1150020070,original_ecoflora_plant_number,ecoflora-uk-flora-snapshot-2020-20260808,seancanobrien/UK_Flora@8e524c994086955bf8f95c5a05213acad1cd1677,data/old_data_scrape.csv,ecoflora_archived_field_value_medium_v1,True,wild_or_unspecified_species_record,codex_gpt5_ecoflora_stratified_record_audit_20260808,2026-08-08T14:15:00Z,accepted_after_exact_species_identity_database_field_value_and_ontology_review
Euonymus europaeus,reproductive_assurance,self_incompatibility,SC,medium,latest_public_web,ecoflora_via_uk_flora_snapshot,http://ecoflora.org.uk/search_ecochars.php?plant_no=1000010010,ecoflora-d0a60ae73a374fdf7c46,"Ecological Flora of the British Isles, Ecoflora species record; archived in seancanobrien/UK_Flora@8e524c994086955bf8f95c5a05213acad1cd1677","Ecoflora field ""Incompatibility systems"": none",species_direct,ecoflora_scientific_name_exact_to_master,ecoflora:plant_no:1000010010,original_ecoflora_plant_number,ecoflora-uk-flora-snapshot-2020-20260808,seancanobrien/UK_Flora@8e524c994086955bf8f95c5a05213acad1cd1677,data/old_data_scrape.csv,ecoflora_archived_field_value_medium_v1,True,wild_or_unspecified_species_record,codex_gpt5_ecoflora_stratified_record_audit_20260808,2026-08-08T14:15:00Z,accepted_after_exact_species_identity_database_field_value_and_ontology_review
Fumaria vaillantii,reproductive_assurance,self_incompatibility,SC,medium,latest_public_web,ecoflora_via_uk_flora_snapshot,http://ecoflora.org.uk/search_ecochars.php?plant_no=660120310,ecoflora-27b8702526c4554282f9,"Ecological Flora of the British Isles, Ecoflora species record; archived in seancanobrien/UK_Flora@8e524c994086955bf8f95c5a05213acad1cd1677","Ecoflora field ""Incompatibility systems"": none",species_direct,ecoflora_scientific_name_exact_to_master,ecoflora:plant_no:660120310,original_ecoflora_plant_number,ecoflora-uk-flora-snapshot-2020-20260808,seancanobrien/UK_Flora@8e524c994086955bf8f95c5a05213acad1cd1677,data/old_data_scrape.csv,ecoflora_archived_field_value_medium_v1,True,wild_or_unspecified_species_record,codex_gpt5_ecoflora_stratified_record_audit_20260808,2026-08-08T14:15:00Z,accepted_after_exact_species_identity_database_field_value_and_ontology_review
Gagea lutea,reproductive_assurance,self_incompatibility,SC,medium,latest_public_web,ecoflora_via_uk_flora_snapshot,http://ecoflora.org.uk/search_ecochars.php?plant_no=1830200030,ecoflora-87510ece89aad2f7fd6a,"Ecological Flora of the British Isles, Ecoflora species record; archived in seancanobrien/UK_Flora@8e524c994086955bf8f95c5a05213acad1cd1677","Ecoflora field ""Incompatibility systems"": none",species_direct,ecoflora_scientific_name_exact_to_master,ecoflora:plant_no:1830200030,original_ecoflora_plant_number,ecoflora-uk-flora-snapshot-2020-20260808,seancanobrien/UK_Flora@8e524c994086955bf8f95c5a05213acad1cd1677,data/old_data_scrape.csv,ecoflora_archived_field_value_medium_v1,True,wild_or_unspecified_species_record,codex_gpt5_ecoflora_stratified_record_audit_20260808,2026-08-08T14:15:00Z,accepted_after_exact_species_identity_database_field_value_and_ontology_review
Galium aparine,reproductive_assurance,self_incompatibility,SC,medium,latest_public_web,ecoflora_via_uk_flora_snapshot,http://ecoflora.org.uk/search_ecochars.php?plant_no=1440051320,ecoflora-e3af3f03bfdadf2867d2,"Ecological Flora of the British Isles, Ecoflora species record; archived in seancanobrien/UK_Flora@8e524c994086955bf8f95c5a05213acad1cd1677","Ecoflora field ""Incompatibility systems"": none",species_direct,ecoflora_scientific_name_exact_to_master,ecoflora:plant_no:1440051320,original_ecoflora_plant_number,ecoflora-uk-flora-snapshot-2020-20260808,seancanobrien/UK_Flora@8e524c994086955bf8f95c5a05213acad1cd1677,data/old_data_scrape.csv,ecoflora_archived_field_value_medium_v1,True,wild_or_unspecified_species_record,codex_gpt5_ecoflora_stratified_record_audit_20260808,2026-08-08T14:15:00Z,accepted_after_exact_species_identity_database_field_value_and_ontology_review
Gentianella amarella,reproductive_assurance,self_incompatibility,SC,medium,latest_public_web,ecoflora_via_uk_flora_snapshot,http://ecoflora.org.uk/search_ecochars.php?plant_no=1400060100,ecoflora-3332d066c2331996794b,"Ecological Flora of the British Isles, Ecoflora species record; archived in seancanobrien/UK_Flora@8e524c994086955bf8f95c5a05213acad1cd1677","Ecoflora field ""Incompatibility systems"": none",species_direct,ecoflora_scientific_name_exact_to_master,ecoflora:plant_no:1400060100,original_ecoflora_plant_number,ecoflora-uk-flora-snapshot-2020-20260808,seancanobrien/UK_Flora@8e524c994086955bf8f95c5a05213acad1cd1677,data/old_data_scrape.csv,ecoflora_archived_field_value_medium_v1,True,wild_or_unspecified_species_record,codex_gpt5_ecoflora_stratified_record_audit_20260808,2026-08-08T14:15:00Z,accepted_after_exact_species_identity_database_field_value_and_ontology_review
Jasione montana,reproductive_assurance,self_incompatibility,SC,medium,latest_public_web,ecoflora_via_uk_flora_snapshot,http://ecoflora.org.uk/search_ecochars.php?plant_no=1680130010,ecoflora-e51c7cd9635d2537b802,"Ecological Flora of the British Isles, Ecoflora species record; archived in seancanobrien/UK_Flora@8e524c994086955bf8f95c5a05213acad1cd1677","Ecoflora field ""Incompatibility systems"": none",species_direct,ecoflora_scientific_name_exact_to_master,ecoflora:plant_no:1680130010,original_ecoflora_plant_number,ecoflora-uk-flora-snapshot-2020-20260808,seancanobrien/UK_Flora@8e524c994086955bf8f95c5a05213acad1cd1677,data/old_data_scrape.csv,ecoflora_archived_field_value_medium_v1,True,wild_or_unspecified_species_record,codex_gpt5_ecoflora_stratified_record_audit_20260808,2026-08-08T14:15:00Z,accepted_after_exact_species_identity_database_field_value_and_ontology_review
Juncus acutus,reproductive_assurance,self_incompatibility,SC,medium,latest_public_web,ecoflora_via_uk_flora_snapshot,http://ecoflora.org.uk/search_ecochars.php?plant_no=1890010030,ecoflora-93a2d6e1824b038101b0,"Ecological Flora of the British Isles, Ecoflora species record; archived in seancanobrien/UK_Flora@8e524c994086955bf8f95c5a05213acad1cd1677","Ecoflora field ""Incompatibility systems"": none",species_direct,ecoflora_scientific_name_exact_to_master,ecoflora:plant_no:1890010030,original_ecoflora_plant_number,ecoflora-uk-flora-snapshot-2020-20260808,seancanobrien/UK_Flora@8e524c994086955bf8f95c5a05213acad1cd1677,data/old_data_scrape.csv,ecoflora_archived_field_value_medium_v1,True,wild_or_unspecified_species_record,codex_gpt5_ecoflora_stratified_record_audit_20260808,2026-08-08T14:15:00Z,accepted_after_exact_species_identity_database_field_value_and_ontology_review
Juncus foliosus,reproductive_assurance,self_incompatibility,SC,medium,latest_public_web,ecoflora_via_uk_flora_snapshot,http://ecoflora.org.uk/search_ecochars.php?plant_no=1890010240,ecoflora-9046117a9c39d065eaaa,"Ecological Flora of the British Isles, Ecoflora species record; archived in seancanobrien/UK_Flora@8e524c994086955bf8f95c5a05213acad1cd1677","Ecoflora field ""Incompatibility systems"": none",species_direct,ecoflora_scientific_name_exact_to_master,ecoflora:plant_no:1890010240,original_ecoflora_plant_number,ecoflora-uk-flora-snapshot-2020-20260808,seancanobrien/UK_Flora@8e524c994086955bf8f95c5a05213acad1cd1677,data/old_data_scrape.csv,ecoflora_archived_field_value_medium_v1,True,wild_or_unspecified_species_record,codex_gpt5_ecoflora_stratified_record_audit_20260808,2026-08-08T14:15:00Z,accepted_after_exact_species_identity_database_field_value_and_ontology_review
Juncus ranarius,reproductive_assurance,self_incompatibility,SC,medium,latest_public_web,ecoflora_via_uk_flora_snapshot,http://ecoflora.org.uk/search_ecochars.php?plant_no=1890010288,ecoflora-16932d4a202bafb1cf4a,"Ecological Flora of the British Isles, Ecoflora species record; archived in seancanobrien/UK_Flora@8e524c994086955bf8f95c5a05213acad1cd1677","Ecoflora field ""Incompatibility systems"": none",species_direct,ecoflora_scientific_name_exact_to_master,ecoflora:plant_no:1890010288,original_ecoflora_plant_number,ecoflora-uk-flora-snapshot-2020-20260808,seancanobrien/UK_Flora@8e524c994086955bf8f95c5a05213acad1cd1677,data/old_data_scrape.csv,ecoflora_archived_field_value_medium_v1,True,wild_or_unspecified_species_record,codex_gpt5_ecoflora_stratified_record_audit_20260808,2026-08-08T14:15:00Z,accepted_after_exact_species_identity_database_field_value_and_ontology_review
Juncus squarrosus,reproductive_assurance,self_incompatibility,SC,medium,latest_public_web,ecoflora_via_uk_flora_snapshot,http://ecoflora.org.uk/search_ecochars.php?plant_no=1890010160,ecoflora-c502da93c1a26c0ab095,"Ecological Flora of the British Isles, Ecoflora species record; archived in seancanobrien/UK_Flora@8e524c994086955bf8f95c5a05213acad1cd1677","Ecoflora field ""Incompatibility systems"": none",species_direct,ecoflora_scientific_name_exact_to_master,ecoflora:plant_no:1890010160,original_ecoflora_plant_number,ecoflora-uk-flora-snapshot-2020-20260808,seancanobrien/UK_Flora@8e524c994086955bf8f95c5a05213acad1cd1677,data/old_data_scrape.csv,ecoflora_archived_field_value_medium_v1,True,wild_or_unspecified_species_record,codex_gpt5_ecoflora_stratified_record_audit_20260808,2026-08-08T14:15:00Z,accepted_after_exact_species_identity_database_field_value_and_ontology_review
Koeleria macrantha,reproductive_assurance,self_incompatibility,SI,medium,latest_public_web,ecoflora_via_uk_flora_snapshot,http://ecoflora.org.uk/search_ecochars.php?plant_no=1930680050,ecoflora-578a6c7f552aa977ad82,"Ecological Flora of the British Isles, Ecoflora species record; archived in seancanobrien/UK_Flora@8e524c994086955bf8f95c5a05213acad1cd1677","Ecoflora field ""Incompatibility systems"": present, mechanism unknown",species_direct,ecoflora_scientific_name_exact_to_master,ecoflora:plant_no:1930680050,original_ecoflora_plant_number,ecoflora-uk-flora-snapshot-2020-20260808,seancanobrien/UK_Flora@8e524c994086955bf8f95c5a05213acad1cd1677,data/old_data_scrape.csv,ecoflora_archived_field_value_medium_v1,True,wild_or_unspecified_species_record,codex_gpt5_ecoflora_stratified_record_audit_20260808,2026-08-08T14:15:00Z,accepted_after_exact_species_identity_database_field_value_and_ontology_review
Lathyrus japonicus,reproductive_assurance,self_incompatibility,SI,medium,latest_public_web,ecoflora_via_uk_flora_snapshot,http://ecoflora.org.uk/search_ecochars.php?plant_no=810510040,ecoflora-cec975bf1db1295fd198,"Ecological Flora of the British Isles, Ecoflora species record; archived in seancanobrien/UK_Flora@8e524c994086955bf8f95c5a05213acad1cd1677","Ecoflora field ""Incompatibility systems"": present, mechanism unknown",species_direct,ecoflora_scientific_name_exact_to_master,ecoflora:plant_no:810510040,original_ecoflora_plant_number,ecoflora-uk-flora-snapshot-2020-20260808,seancanobrien/UK_Flora@8e524c994086955bf8f95c5a05213acad1cd1677,data/old_data_scrape.csv,ecoflora_archived_field_value_medium_v1,True,wild_or_unspecified_species_record,codex_gpt5_ecoflora_stratified_record_audit_20260808,2026-08-08T14:15:00Z,accepted_after_exact_species_identity_database_field_value_and_ontology_review
Leontodon autumnalis,reproductive_assurance,self_incompatibility,SC,medium,latest_public_web,ecoflora_via_uk_flora_snapshot,http://ecoflora.org.uk/search_ecochars.php?plant_no=1691590040,ecoflora-6505e0b76993d46c02a6,"Ecological Flora of the British Isles, Ecoflora species record; archived in seancanobrien/UK_Flora@8e524c994086955bf8f95c5a05213acad1cd1677","Ecoflora field ""Incompatibility systems"": none",species_direct,ecoflora_scientific_name_exact_to_master,ecoflora:plant_no:1691590040,original_ecoflora_plant_number,ecoflora-uk-flora-snapshot-2020-20260808,seancanobrien/UK_Flora@8e524c994086955bf8f95c5a05213acad1cd1677,data/old_data_scrape.csv,ecoflora_archived_field_value_medium_v1,True,wild_or_unspecified_species_record,codex_gpt5_ecoflora_stratified_record_audit_20260808,2026-08-08T14:15:00Z,accepted_after_exact_species_identity_database_field_value_and_ontology_review
Lonicera caprifolium,reproductive_assurance,self_incompatibility,SC,medium,latest_public_web,ecoflora_via_uk_flora_snapshot,http://ecoflora.org.uk/search_ecochars.php?plant_no=1640060150,ecoflora-8199853fc0747e822707,"Ecological Flora of the British Isles, Ecoflora species record; archived in seancanobrien/UK_Flora@8e524c994086955bf8f95c5a05213acad1cd1677","Ecoflora field ""Incompatibility systems"": none",species_direct,ecoflora_scientific_name_exact_to_master,ecoflora:plant_no:1640060150,original_ecoflora_plant_number,ecoflora-uk-flora-snapshot-2020-20260808,seancanobrien/UK_Flora@8e524c994086955bf8f95c5a05213acad1cd1677,data/old_data_scrape.csv,ecoflora_archived_field_value_medium_v1,True,wild_or_unspecified_species_record,codex_gpt5_ecoflora_stratified_record_audit_20260808,2026-08-08T14:15:00Z,accepted_after_exact_species_identity_database_field_value_and_ontology_review
Orobanche elatior,reproductive_assurance,self_incompatibility,SC,medium,latest_public_web,ecoflora_via_uk_flora_snapshot,http://ecoflora.org.uk/search_ecochars.php?plant_no=1600020340,ecoflora-47694aa7f81c243d3c43,"Ecological Flora of the British Isles, Ecoflora species record; archived in seancanobrien/UK_Flora@8e524c994086955bf8f95c5a05213acad1cd1677","Ecoflora field ""Incompatibility systems"": none",species_direct,ecoflora_scientific_name_exact_to_master,ecoflora:plant_no:1600020340,original_ecoflora_plant_number,ecoflora-uk-flora-snapshot-2020-20260808,seancanobrien/UK_Flora@8e524c994086955bf8f95c5a05213acad1cd1677,data/old_data_scrape.csv,ecoflora_archived_field_value_medium_v1,True,wild_or_unspecified_species_record,codex_gpt5_ecoflora_stratified_record_audit_20260808,2026-08-08T14:15:00Z,accepted_after_exact_species_identity_database_field_value_and_ontology_review
Phyteuma orbiculare,reproductive_assurance,self_incompatibility,SC,medium,latest_public_web,ecoflora_via_uk_flora_snapshot,http://ecoflora.org.uk/search_ecochars.php?plant_no=1680090130,ecoflora-c98b8b6d839d109251c8,"Ecological Flora of the British Isles, Ecoflora species record; archived in seancanobrien/UK_Flora@8e524c994086955bf8f95c5a05213acad1cd1677","Ecoflora field ""Incompatibility systems"": none",species_direct,ecoflora_scientific_name_exact_to_master,ecoflora:plant_no:1680090130,original_ecoflora_plant_number,ecoflora-uk-flora-snapshot-2020-20260808,seancanobrien/UK_Flora@8e524c994086955bf8f95c5a05213acad1cd1677,data/old_data_scrape.csv,ecoflora_archived_field_value_medium_v1,True,wild_or_unspecified_species_record,codex_gpt5_ecoflora_stratified_record_audit_20260808,2026-08-08T14:15:00Z,accepted_after_exact_species_identity_database_field_value_and_ontology_review
Pinguicula lusitanica,reproductive_assurance,self_incompatibility,SC,medium,latest_public_web,ecoflora_via_uk_flora_snapshot,http://ecoflora.org.uk/search_ecochars.php?plant_no=1610010010,ecoflora-038f20388f5d3dc076ad,"Ecological Flora of the British Isles, Ecoflora species record; archived in seancanobrien/UK_Flora@8e524c994086955bf8f95c5a05213acad1cd1677","Ecoflora field ""Incompatibility systems"": none",species_direct,ecoflora_scientific_name_exact_to_master,ecoflora:plant_no:1610010010,original_ecoflora_plant_number,ecoflora-uk-flora-snapshot-2020-20260808,seancanobrien/UK_Flora@8e524c994086955bf8f95c5a05213acad1cd1677,data/old_data_scrape.csv,ecoflora_archived_field_value_medium_v1,True,wild_or_unspecified_species_record,codex_gpt5_ecoflora_stratified_record_audit_20260808,2026-08-08T14:15:00Z,accepted_after_exact_species_identity_database_field_value_and_ontology_review
Potamogeton berchtoldii,reproductive_assurance,self_incompatibility,SI,medium,latest_public_web,ecoflora_via_uk_flora_snapshot,http://ecoflora.org.uk/search_ecochars.php?plant_no=1770010150,ecoflora-cf309d0fd7e770b719d7,"Ecological Flora of the British Isles, Ecoflora species record; archived in seancanobrien/UK_Flora@8e524c994086955bf8f95c5a05213acad1cd1677","Ecoflora field ""Incompatibility systems"": present, mechanism unknown",species_direct,ecoflora_scientific_name_exact_to_master,ecoflora:plant_no:1770010150,original_ecoflora_plant_number,ecoflora-uk-flora-snapshot-2020-20260808,seancanobrien/UK_Flora@8e524c994086955bf8f95c5a05213acad1cd1677,data/old_data_scrape.csv,ecoflora_archived_field_value_medium_v1,True,wild_or_unspecified_species_record,codex_gpt5_ecoflora_stratified_record_audit_20260808,2026-08-08T14:15:00Z,accepted_after_exact_species_identity_database_field_value_and_ontology_review
Ribes spicatum,reproductive_assurance,self_incompatibility,SC,medium,latest_public_web,ecoflora_via_uk_flora_snapshot,http://ecoflora.org.uk/search_ecochars.php?plant_no=770010030,ecoflora-ac01d804337692b3a61b,"Ecological Flora of the British Isles, Ecoflora species record; archived in seancanobrien/UK_Flora@8e524c994086955bf8f95c5a05213acad1cd1677","Ecoflora field ""Incompatibility systems"": none",species_direct,ecoflora_scientific_name_exact_to_master,ecoflora:plant_no:770010030,original_ecoflora_plant_number,ecoflora-uk-flora-snapshot-2020-20260808,seancanobrien/UK_Flora@8e524c994086955bf8f95c5a05213acad1cd1677,data/old_data_scrape.csv,ecoflora_archived_field_value_medium_v1,True,wild_or_unspecified_species_record,codex_gpt5_ecoflora_stratified_record_audit_20260808,2026-08-08T14:15:00Z,accepted_after_exact_species_identity_database_field_value_and_ontology_review
Rubus caesius,reproductive_assurance,self_incompatibility,SC,medium,latest_public_web,ecoflora_via_uk_flora_snapshot,http://ecoflora.org.uk/search_ecochars.php?plant_no=800090750,ecoflora-101370f478ebe58bfaa0,"Ecological Flora of the British Isles, Ecoflora species record; archived in seancanobrien/UK_Flora@8e524c994086955bf8f95c5a05213acad1cd1677","Ecoflora field ""Incompatibility systems"": none",species_direct,ecoflora_scientific_name_exact_to_master,ecoflora:plant_no:800090750,original_ecoflora_plant_number,ecoflora-uk-flora-snapshot-2020-20260808,seancanobrien/UK_Flora@8e524c994086955bf8f95c5a05213acad1cd1677,data/old_data_scrape.csv,ecoflora_archived_field_value_medium_v1,True,wild_or_unspecified_species_record,codex_gpt5_ecoflora_stratified_record_audit_20260808,2026-08-08T14:15:00Z,accepted_after_exact_species_identity_database_field_value_and_ontology_review
Rumex maritimus,reproductive_assurance,self_incompatibility,SC,medium,latest_public_web,ecoflora_via_uk_flora_snapshot,http://ecoflora.org.uk/search_ecochars.php?plant_no=470080460,ecoflora-66f6015b34879ab5099a,"Ecological Flora of the British Isles, Ecoflora species record; archived in seancanobrien/UK_Flora@8e524c994086955bf8f95c5a05213acad1cd1677","Ecoflora field ""Incompatibility systems"": none",species_direct,ecoflora_scientific_name_exact_to_master,ecoflora:plant_no:470080460,original_ecoflora_plant_number,ecoflora-uk-flora-snapshot-2020-20260808,seancanobrien/UK_Flora@8e524c994086955bf8f95c5a05213acad1cd1677,data/old_data_scrape.csv,ecoflora_archived_field_value_medium_v1,True,wild_or_unspecified_species_record,codex_gpt5_ecoflora_stratified_record_audit_20260808,2026-08-08T14:15:00Z,accepted_after_exact_species_identity_database_field_value_and_ontology_review
Sambucus racemosa,reproductive_assurance,self_incompatibility,SC,medium,latest_public_web,ecoflora_via_uk_flora_snapshot,http://ecoflora.org.uk/search_ecochars.php?plant_no=1640010030,ecoflora-540d09fdc0346d36dd7e,"Ecological Flora of the British Isles, Ecoflora species record; archived in seancanobrien/UK_Flora@8e524c994086955bf8f95c5a05213acad1cd1677","Ecoflora field ""Incompatibility systems"": none",species_direct,ecoflora_scientific_name_exact_to_master,ecoflora:plant_no:1640010030,original_ecoflora_plant_number,ecoflora-uk-flora-snapshot-2020-20260808,seancanobrien/UK_Flora@8e524c994086955bf8f95c5a05213acad1cd1677,data/old_data_scrape.csv,ecoflora_archived_field_value_medium_v1,True,wild_or_unspecified_species_record,codex_gpt5_ecoflora_stratified_record_audit_20260808,2026-08-08T14:15:00Z,accepted_after_exact_species_identity_database_field_value_and_ontology_review
Trisetum flavescens,reproductive_assurance,self_incompatibility,SI,medium,latest_public_web,ecoflora_via_uk_flora_snapshot,http://ecoflora.org.uk/search_ecochars.php?plant_no=1930700130,ecoflora-f00ebc28d2c11950ddc7,"Ecological Flora of the British Isles, Ecoflora species record; archived in seancanobrien/UK_Flora@8e524c994086955bf8f95c5a05213acad1cd1677","Ecoflora field ""Incompatibility systems"": present, mechanism unknown",species_direct,ecoflora_scientific_name_exact_to_master,ecoflora:plant_no:1930700130,original_ecoflora_plant_number,ecoflora-uk-flora-snapshot-2020-20260808,seancanobrien/UK_Flora@8e524c994086955bf8f95c5a05213acad1cd1677,data/old_data_scrape.csv,ecoflora_archived_field_value_medium_v1,True,wild_or_unspecified_species_record,codex_gpt5_ecoflora_stratified_record_audit_20260808,2026-08-08T14:15:00Z,accepted_after_exact_species_identity_database_field_value_and_ontology_review
Verbascum lychnitis,reproductive_assurance,self_incompatibility,SC,medium,latest_public_web,ecoflora_via_uk_flora_snapshot,http://ecoflora.org.uk/search_ecochars.php?plant_no=1540070820,ecoflora-177bbe1207ceb323193a,"Ecological Flora of the British Isles, Ecoflora species record; archived in seancanobrien/UK_Flora@8e524c994086955bf8f95c5a05213acad1cd1677","Ecoflora field ""Incompatibility systems"": none",species_direct,ecoflora_scientific_name_exact_to_master,ecoflora:plant_no:1540070820,original_ecoflora_plant_number,ecoflora-uk-flora-snapshot-2020-20260808,seancanobrien/UK_Flora@8e524c994086955bf8f95c5a05213acad1cd1677,data/old_data_scrape.csv,ecoflora_archived_field_value_medium_v1,True,wild_or_unspecified_species_record,codex_gpt5_ecoflora_stratified_record_audit_20260808,2026-08-08T14:15:00Z,accepted_after_exact_species_identity_database_field_value_and_ontology_review
Veronica fruticans,reproductive_assurance,self_incompatibility,SC,medium,latest_public_web,ecoflora_via_uk_flora_snapshot,http://ecoflora.org.uk/search_ecochars.php?plant_no=1540210060,ecoflora-a29137c2a8a0bf6b2ad7,"Ecological Flora of the British Isles, Ecoflora species record; archived in seancanobrien/UK_Flora@8e524c994086955bf8f95c5a05213acad1cd1677","Ecoflora field ""Incompatibility systems"": none",species_direct,ecoflora_scientific_name_exact_to_master,ecoflora:plant_no:1540210060,original_ecoflora_plant_number,ecoflora-uk-flora-snapshot-2020-20260808,seancanobrien/UK_Flora@8e524c994086955bf8f95c5a05213acad1cd1677,data/old_data_scrape.csv,ecoflora_archived_field_value_medium_v1,True,wild_or_unspecified_species_record,codex_gpt5_ecoflora_stratified_record_audit_20260808,2026-08-08T14:15:00Z,accepted_after_exact_species_identity_database_field_value_and_ontology_review
Viburnum opulus,reproductive_assurance,self_incompatibility,SC,medium,latest_public_web,ecoflora_via_uk_flora_snapshot,http://ecoflora.org.uk/search_ecochars.php?plant_no=1640020010,ecoflora-a6cc5452ccfae6d5f03c,"Ecological Flora of the British Isles, Ecoflora species record; archived in seancanobrien/UK_Flora@8e524c994086955bf8f95c5a05213acad1cd1677","Ecoflora field ""Incompatibility systems"": none",species_direct,ecoflora_scientific_name_exact_to_master,ecoflora:plant_no:1640020010,original_ecoflora_plant_number,ecoflora-uk-flora-snapshot-2020-20260808,seancanobrien/UK_Flora@8e524c994086955bf8f95c5a05213acad1cd1677,data/old_data_scrape.csv,ecoflora_archived_field_value_medium_v1,True,wild_or_unspecified_species_record,codex_gpt5_ecoflora_stratified_record_audit_20260808,2026-08-08T14:15:00Z,accepted_after_exact_species_identity_database_field_value_and_ontology_review
Vulpia fasciculata,reproductive_assurance,self_incompatibility,SC,medium,latest_public_web,ecoflora_via_uk_flora_snapshot,http://ecoflora.org.uk/search_ecochars.php?plant_no=1930060050,ecoflora-4cd2d388c32f29ea3319,"Ecological Flora of the British Isles, Ecoflora species record; archived in seancanobrien/UK_Flora@8e524c994086955bf8f95c5a05213acad1cd1677","Ecoflora field ""Incompatibility systems"": none, none",species_direct,ecoflora_scientific_name_exact_to_master,ecoflora:plant_no:1930060050,original_ecoflora_plant_number,ecoflora-uk-flora-snapshot-2020-20260808,seancanobrien/UK_Flora@8e524c994086955bf8f95c5a05213acad1cd1677,data/old_data_scrape.csv,ecoflora_archived_field_value_medium_v1,True,wild_or_unspecified_species_record,codex_gpt5_ecoflora_stratified_record_audit_20260808,2026-08-08T14:15:00Z,accepted_after_exact_species_identity_database_field_value_and_ontology_review
